SVN,Year,Month,Day,Hour,Minute,Second,X_m,Y_m,Z_m,U_m/s,V_m/s,W_m/s,UTC,x_moon,y_moon,z_moon,x_sun,y_sun,z_sun,MJD
46,2020,3,1,0,14,41.97,-26418941.36,2147698.415,3207980.585,-556.8745,-2155.61704,-3145.59644,2020-03-01 00:14:41.970,256539930.6351161,290984750.7009797,98606275.5876227,139816049071.06473,-45163004125.3607,-19578839475.07722,58909.0102079861
46,2020,3,1,0,29,41.97,-26694925.125,194931.04299999998,357764.446,-55.54098,-2177.7295799999997,-3179.25893,2020-03-01 00:29:41.970,255845026.73673162,291454905.24980986,98871910.0131383,139825379936.81064,-45139703054.20363,-19568737772.184673,58909.02062465277
46,2020,3,1,0,44,41.97,-26518587.360000003,-1761138.786,-2498512.6610000003,446.88415999999995,-2162.94191,-3159.04109,2020-03-01 00:44:41.970,255148823.005353,291923560.02210027,99137035.26440465,139834706171.47934,-45116400511.20323,-19558635429.523037,58909.03104131943
46,2020,3,1,0,59,41.97,-25892724.867000002,-3687353.052,-5312424.2700000005,942.0085499999999,-2111.4696400000003,-3085.23483,2020-03-01 00:59:41.970,254451322.57875833,292390712.2224116,99401649.85069925,139844027774.8359,-45093096497.17387,-19548532447.448742,58909.0414579861
46,2020,3,1,1,14,41.97,-24827652.149,-5551016.373000001,-8036199.047,1421.53993,-2024.1244,-2959.00287,2020-03-01 01:14:41.970,253752528.6020303,292856359.06021315,99665752.28266515,139853344746.64627,-45069791012.929886,-19538428826.318214,58909.05187465277
46,2020,3,1,1,29,41.97,-23341053.761,-7320428.909,-10623499.507000001,1877.4138899999998,-1902.30464,-2782.36564,2020-03-01 01:29:41.970,253052444.22755584,293320497.7498958,99929341.0723171,139862657086.67627,-45046484059.28568,-19528324566.487873,58909.06229131943
46,2020,3,1,1,44,41.97,-21457722.199,-8965407.304,-13030183.576,2301.92028,-1747.9783,-2558.17625,2020-03-01 01:44:41.970,252351072.61502546,293783125.510785,100192414.73304643,139871964794.6922,-45023175637.05551,-19518219668.314144,58909.0727079861
46,2020,3,1,1,59,41.97,-19209183.218999997,-10457786.311,-15215038.243999999,2687.8267299999998,-1563.6571900000001,-2290.08343,2020-03-01 01:59:41.970,251648416.9314321,294244239.56715256,100454971.77962711,139881267870.4603,-44999865747.05374,-19508114132.15343,58909.08312465277
46,2020,3,1,2,14,41.97,-16633211.759999998,-11771893.663,-17140474.415,3028.49796,-1352.3631,-1982.48239,2020-03-01 02:14:41.970,250944480.35107133,294703837.1482311,100717010.72822091,139890566313.74753,-44976554390.094604,-19498007958.362198,58909.09354131943
46,2020,3,1,2,29,41.97,-13773243.116,-12884990.708999999,-18773172.063,3318.0089900000003,-1117.58569,-1640.45353,2020-03-01 02:29:41.970,250239266.05553994,295161915.4882249,100978530.09638335,139899860124.32053,-44953241566.99239,-19487901147.29684,58909.1039579861
46,2020,3,1,2,44,41.97,-10677685.540000001,-13777671.452,-20084664.858,3551.25059,-863.23213,-1269.6892500000001,2020-03-01 02:44:41.970,249532777.23373586,295618471.8263248,101239528.40306872,139909149301.9466,-44929927278.56133,-19477793699.31378,58909.11437465277
46,2020,3,1,2,59,41.97,-7399142.152000001,-14434212.7,-21051853.650000002,3724.0251,-593.56892,-876.40916,2020-03-01 02:59:41.970,248825017.08185694,296073503.40671927,101500004.16863611,139918433846.39325,-44906611525.615654,-19467685614.769474,58909.12479131943
46,2020,3,1,3,14,41.97,-3993551.833,-14842868.401,-21657438.632000003,3833.13029,-313.15609,-467.26423,2020-03-01 03:14:41.970,248115988.80340058,296527007.4786085,101759955.91485494,139927713757.42816,-44883294308.96949,-19457576894.020294,58909.1352079861
46,2020,3,1,3,29,41.97,-519260.63999999996,-14996101.631,-21890260.607,3876.4295,-26.77457,-49.230830000000005,2020-03-01 03:29:41.970,247405695.60916346,296978981.29621774,102019382.16491058,139936989034.8191,-44859975629.43709,-19447467537.422684,58909.14562465277
46,2020,3,1,3,44,41.97,2963962.781,-14890748.33,-21745542.735,3852.90567,260.65265999999997,370.50424,2020-03-01 03:44:41.970,246694140.7172401,297429422.1188088,102278281.44340958,139946259678.33432,-44836655487.83256,-19437357545.33308,58909.15604131943
46,2020,3,1,3,59,41.97,6395952.472,-14528107.763,-21225025.325,3762.69733,544.14445,784.66614,2020-03-01 03:59:41.970,245981327.3530228,297878327.2106951,102536652.27638616,139955525687.7424,-44813333884.97,-19427246918.107887,58909.1664579861
46,2020,3,1,4,14,41.97,9717194.024,-13913955.674999999,-20336987.79,3607.11477,818.74904,1186.02004,2020-03-01 04:14:41.970,245267258.74920064,298325693.84125257,102794493.19130716,139964787062.81183,-44790010821.66355,-19417135656.103523,58909.17687465277
46,2020,3,1,4,29,41.97,12869878.367999999,-13058477.464,-19096153.779,3388.6346,1079.63403,1567.50229,2020-03-01 04:29:41.970,244551938.14575887,298771519.2849349,103051802.71707784,139974043803.31155,-44766686298.72724,-19407023759.67641,58909.18729131943
46,2020,3,1,4,44,41.97,15798940.619,-11976120.150999999,-17523477.662,3110.87179,1322.17653,1922.35235,2020-03-01 04:44:41.970,243835368.7899786,299215800.8212851,103308579.3840481,139983295909.01086,-44743360316.97519,-19396911229.182976,58909.1977079861
46,2020,3,1,4,59,41.97,18453063.231,-10685363.686999999,-15645813.099000001,2778.52829,1542.05189,2244.2425,2020-03-01 04:59:41.970,243117553.93643534,299658535.73495054,103564821.72401743,139992543379.6791,-44720032877.22135,-19386798064.97961,58909.20812465277
46,2020,3,1,5,14,41.97,20785622.463,-9208413.955,-13495467.081,2397.31846,1735.31865,2527.40205,2020-03-01 05:14:41.970,242398496.8469992,300099721.315694,103820528.27024128,140001786215.08588,-44696703980.279785,-19376684267.422768,58909.21854131943
46,2020,3,1,5,29,41.97,22755557.41,-7570821.815,-11109645.756,1973.8717800000002,1898.49755,2766.73306,2020-03-01 05:29:41.970,241678200.7908336,300539354.85840845,104075697.55743656,140011024415.0013,-44673373626.96445,-19366569836.868813,58909.2289579861
46,2020,3,1,5,44,41.97,24328141.865000002,-5801034.512999999,-8529801.197999999,1515.61448,2028.6424699999998,2957.91425,2020-03-01 05:44:41.970,240956669.04439476,300977433.66313034,104330328.12178741,140020257979.19547,-44650041818.0893,-19356454773.674202,58909.23937465277
46,2020,3,1,5,59,41.97,25475640.927,-3929887.684,-5800891.122,1030.6322699999998,2123.40117,3097.4900500000003,2020-03-01 05:59:41.970,240233904.89143088,301413955.03505254,104584418.50095099,140029486907.43875,-44626708554.46826,-19346339078.195328,58909.24979131943
46,2020,3,1,6,14,41.97,26177836.669,-1990047.9419999998,-2970566.096,527.51716,2181.06409,3182.94227,2020-03-01 06:14:41.970,239509911.62298197,301848916.2845382,104837967.23406337,140038711199.5019,-44603373836.91527,-19336222750.788586,58909.2602079861
46,2020,3,1,6,29,41.97,26422410.129,-15417.564,-88301.006,15.202020000000001,2200.59957,3212.74199,2020-03-01 06:29:41.970,238784692.5373781,302282314.72713363,105090972.86174543,140047930855.1558,-44580037666.24417,-19326105791.810417,58909.27062465277
46,2020,3,1,6,44,41.97,26205170.465,1959486.0960000001,2795510.753,-497.21291,2181.67463,3186.38028,2020-03-01 06:44:41.970,238058250.94023985,302714147.6835825,105343433.92610839,140057145874.17157,-44556700043.26881,-19315988201.6172,58909.28104131943
46,2020,3,1,6,59,41.97,25530125.970000003,3900163.0270000002,5630480.776000001,-1000.6371300000001,2124.66044,3104.3767199999998,2020-03-01 06:59:41.970,237330590.14447668,303144412.4798386,105595348.97076008,140066356256.3207,-44533360968.80307,-19305869980.565353,58909.2914579861
46,2020,3,1,7,14,41.97,24409395.796,5772761.093,8367146.778,-1486.16604,2030.62267,2968.2656399999996,2020-03-01 07:14:41.970,236601713.47028688,303573106.44708014,105846716.54081042,140075562001.37488,-44510020443.660706,-19295751129.01128,58909.30187465277
46,2020,3,1,7,29,41.97,22862965.351,7544691.102,10957871.530000001,-1945.25141,1901.2969099999998,2780.56074,2020-03-01 07:29:41.970,235871624.2451563,304000226.92172384,106097535.1828777,140084763109.10605,-44486678468.65551,-19285631647.311382,58909.31229131943
46,2020,3,1,7,44,41.97,20918292.303,9185213.445,13357700.622,-2369.8622,1739.05026,2544.6992499999997,2020-03-01 07:44:41.970,235140325.80385807,304425771.2454367,106347803.44509432,140093959579.2862,-44463335044.60128,-19275511535.822037,58909.3227079861
46,2020,3,1,7,59,41.97,18609773.740000002,10665984.356999999,15525161.594999999,-2752.63175,1546.83024,2264.9678299999996,2020-03-01 07:59:41.970,234407821.4884513,304849736.76515216,106597519.87711269,140103151411.6881,-44439990172.31167,-19265390794.899666,58909.33312465277
46,2020,3,1,8,14,41.97,15978088.148999998,11961551.2,17422988.917999998,-3086.98828,1328.10292,1946.4123399999999,2020-03-01 08:14:41.970,233674114.64828104,305272120.8330815,106846683.03011124,140112338606.08405,-44416643852.60043,-19255269424.900658,58909.34354131943
46,2020,3,1,8,29,41.97,13069428.401999999,13049787.826,19018761.692,-3367.2662400000004,1086.78198,1594.73459,2020-03-01 08:29:41.970,232939208.6399767,305692920.8067299,107095291.45680045,140121521162.2472,-44393296086.281204,-19245147426.1814,58909.3539579861
46,2020,3,1,8,44,41.97,9934643.787,13912262.825,20285443.557,-3588.7968899999996,827.15083,1216.17883,2020-03-01 08:44:41.970,232203106.82745212,306112134.0489085,107343343.71142873,140130699079.95062,-44369946874.16763,-19235024799.098286,58909.36437465277
46,2020,3,1,8,59,41.97,6628310.289,14534535.385,21201817.018999998,-3747.97706,553.77996,817.4110900000001,2020-03-01 08:59:41.970,231465812.58190405,306529757.9277493,107590838.3497885,140139872358.96774,-44346596217.07341,-19224901544.007706,58909.37479131943
46,2020,3,1,9,14,41.97,3207748.8589999997,14906375.304,21752807.134,-3842.31596,271.44142,405.39444000000003,2020-03-01 09:14:41.970,230727329.2818118,306945789.8167185,107837773.92922236,140149040999.07236,-44323244115.812035,-19214777661.266026,58909.3852079861
46,2020,3,1,9,29,41.97,-267988.651,15021905.512,21929692.060000002,-3870.46037,-14.977590000000001,-12.73718,2020-03-01 09:29:41.970,229987660.31293663,307360227.0946313,108084149.00862874,140158205000.03818,-44299890571.19713,-19204653151.22966,58909.39562465277
46,2020,3,1,9,44,41.97,-3739146.808,14879667.059,21730200.411999997,-3832.19907,-300.56034999999997,-429.80399,2020-03-01 09:44:41.970,229246809.06832024,307773067.14566505,108329962.14846851,140167364361.6395,-44276535584.0422,-19194528014.254967,58909.40604131943
46,2020,3,1,9,59,41.97,-7146289.033,14482608.005,21158497.435000002,-3728.4478,-580.44385,-838.70205,2020-03-01 09:59:41.970,228504778.94828445,308184307.3593731,108575211.9107706,140176519083.65067,-44253179155.16075,-19184402250.698322,58909.4164579861
46,2020,3,1,10,14,41.97,-10431298.290000001,13837998.858000001,20225063.847000003,-3561.21622,-849.8985799999999,-1232.51981,2020-03-01 10:14:41.970,227761573.3604305,308593945.1307009,108819896.85913837,140185669165.84644,-44229821285.36631,-19174275860.91612,58909.42687465277
46,2020,3,1,10,29,41.97,-13538340.621,12957278.261,18946472.718000002,-3333.55869,-1104.40362,-1604.64795,2020-03-01 10:29:41.970,227017195.71963808,309001977.8599974,109064015.55875567,140194814608.00165,-44206461975.4723,-19164148845.264698,58909.43729131943
46,2020,3,1,10,44,41.97,-16414777.666000001,11855833.457999999,17345070.948,-3049.51044,-1339.71636,-1948.88134,2020-03-01 10:44:41.970,226271649.44806415,309408402.9530312,109307566.57639305,140203955409.89154,-44183101226.29214,-19154021204.100452,58909.4477079861
46,2020,3,1,10,59,41.97,-19012015.866,10552720.681,15448572.865,-2714.01095,-1551.93619,-2259.51226,2020-03-01 10:59:41.970,225524937.97514263,309813217.82100356,109550548.48041378,140213091571.29153,-44159739038.639244,-19143892937.779728,58909.45812465277
46,2020,3,1,11,14,41.97,-21286281.619000003,9070331.13,13289574.165,-2332.81628,-1737.5616499999999,-2531.41409,2020-03-01 11:14:41.970,224777064.7375832,310216419.8805643,109792959.84078018,140222223091.97723,-44136375413.326935,-19133764046.658916,58909.46854131943
46,2020,3,1,11,29,41.97,-23199313.081,7434008.544000001,10904994.956,-1912.4018,-1893.5408,-2760.11507,2020-03-01 11:29:41.970,224028033.17937034,310618006.5538242,110034799.22905986,140231349971.72452,-44113010351.16861,-19123634531.094337,58909.4789579861
46,2020,3,1,11,44,41.97,-24718960.693,5671624.622,8335461.046,-1459.85682,-2017.31451,-2941.86178,2020-03-01 11:44:41.970,223277846.75176308,311017975.2683706,110276065.21843167,140240472210.3096,-44089643852.97756,-19113504391.44237,58909.48937465277
46,2020,3,1,11,59,41.97,-25819689.742,3813118.76,5624632.866,-982.7725899999999,-2106.8524,-3073.67194,2020-03-01 11:59:41.970,222526508.91329333,311416323.45728135,110516756.38369235,140249589807.5089,-44066275919.56706,-19103373628.059364,58909.49979131943
46,2020,3,1,12,14,41.97,-26482979.657,1890008.742,2818491.708,-489.12478999999996,-2160.68148,-3153.37646,2020-03-01 12:14:41.970,221774023.12976533,311813048.55914,110756871.30126253,140258702763.099,-44042906551.750374,-19093242241.30167,58909.5102079861
46,2020,3,1,12,29,41.97,-26697615.389,-65120.96200000001,-35406.959,12.84836,-2177.9072,-3179.6505,2020-03-01 12:29:41.970,221020392.8742547,312208148.01804894,110996408.54919305,140267811076.85696,-44019535750.34071,-19083110231.525623,58909.52062465277
46,2020,3,1,12,44,41.97,-26459867.58,-2019146.44,-2888703.118,514.77126,-2158.2269499999998,-3152.03341,2020-03-01 12:44:41.970,220265621.6271078,312601619.2836452,111235366.70717132,140276914748.55984,-43996163516.15125,-19072977599.08756,58909.53104131943
46,2020,3,1,12,59,41.97,-25773559.195,-3938940.178,-5693014.640000001,1008.25783,-2101.93561,-3070.93716,2020-03-01 12:59:41.970,219509712.87593997,312993459.81111425,111473744.35652758,140286013777.9851,-43972789849.995155,-19062844344.34383,58909.5414579861
46,2020,3,1,13,14,41.97,-24650017.42,-5791908.405,-8400722.196,1485.03947,-2009.9233600000002,-2937.64341,2020-03-01 13:14:41.970,218752670.11563563,313383667.0612057,111711540.08024144,140295108164.91034,-43949414752.68556,-19052710467.650753,58909.55187465277
46,2020,3,1,13,29,41.97,-23107910.384,-7546522.811,-10965746.203,1937.09273,-1883.66532,-2754.28872,2020-03-01 13:29:41.970,217994496.8483466,313772238.5002462,111948752.46294802,140304197909.1135,-43926038225.035576,-19042575969.36468,58909.56229131943
46,2020,3,1,13,44,41.97,-21172969.631,-9172839.345,-13344305.143,2356.7654,-1725.20318,-2523.83789,2020-03-01 13:44:41.970,217235196.5834913,314159171.60015607,112185380.09094447,140313283010.3727,-43902660267.85827,-19032440849.841904,58909.5727079861
46,2020,3,1,13,59,41.97,-18877600.364,-10642996.708,-15495644.474000001,2736.89952,-1537.1184600000001,-2250.0452800000003,2020-03-01 13:59:41.970,216474772.8377538,314544463.8384631,112421421.55219638,140322363468.46637,-43879280881.96667,-19022305109.438766,58909.58312465277
46,2020,3,1,14,14,41.97,-16260382.868,-11931687.103,-17382725.255000003,3070.9499299999998,-1322.49757,-1937.4039400000001,2020-03-01 14:14:41.970,215713229.13508293,314928112.6983171,112656875.43634406,140331439283.17325,-43855900068.17378,-19012168748.51159,58909.59354131943
46,2020,3,1,14,29,41.97,-13365469.931,-13016591.790000001,-18972861.584,3353.09655,-1084.88856,-1591.08274,2020-03-01 14:29:41.970,214950569.00669098,315310115.6685059,112891740.33470927,140340510454.2722,-43832517827.29257,-19002031767.416656,58909.6039579861
46,2020,3,1,14,44,41.97,-10241886.673,-13878774.047999999,-20238296.040000003,3578.34867,-828.24974,-1216.85156,2020-03-01 14:44:41.970,214186795.9910529,315690470.2434689,113126014.8403015,140349576981.5423,-43809134160.13599,-18991894166.510292,58909.61437465277
46,2020,3,1,14,59,41.97,-6942740.895,-14503022.337000001,-21156702.575,3742.63914,-556.89047,-820.99492,2020-03-01 14:59:41.970,213421913.63390493,316069173.923313,113359697.54782446,140358638864.76297,-43785749067.51697,-18981755946.148815,58909.62479131943
46,2020,3,1,15,14,41.97,-3524353.8589999997,-14878136.753,-21711606.736,3842.90666,-275.40443,-410.21476,2020-03-01 15:14:41.970,212655925.4882442,316446224.2138276,113592787.05368271,140367696103.71387,-43762362550.24836,-18971617106.688496,58909.6352079861
46,2020,3,1,15,29,41.97,-45323.314000000006,-14997152.305,-21892713.765,3877.1637299999998,11.40392,8.476849999999999,2020-03-01 15:29:41.970,211888835.114327,316821618.62649876,113825281.95598823,140376748698.17502,-43738974609.14301,-18961477648.485645,58909.64562465277
46,2020,3,1,15,44,41.97,3434467.531,-14857493.241,-21696136.09,3844.54842,298.59889,427.8738,2020-03-01 15:44:41.970,211120646.07966784,317195354.67852527,114057180.85456654,140385796647.9264,-43715585245.01374,-18951337571.89653,58909.65604131943
46,2020,3,1,15,59,41.97,6854879.511,-14461053.479,-21124512.963,3745.35782,581.19799,840.6992,2020-03-01 15:59:41.970,210351361.95903835,317567429.8928336,114288482.35096411,140394839952.74863,-43692194458.67334,-18941196877.27745,58909.6664579861
46,2020,3,1,16,14,41.97,10156568.159,-13814199.308,-20187016.606000002,3581.06129,854.25999,1239.73398,2020-03-01 16:14:41.970,209580986.3344666,317937841.79809284,114519185.04845409,140403878612.42212,-43668802250.93457,-18931055564.98471,58909.67687465277
46,2020,3,1,16,29,41.97,13282036.678000001,-12927691.822999999,-18899241.132,3354.29212,1112.97496,1617.9483699999998,2020-03-01 16:29:41.970,208809522.79523507,318306587.9287298,114749287.55204369,140412912626.72784,-43645408622.610085,-18920913635.37453,58909.68729131943
46,2020,3,1,16,44,41.97,16176671.18,-11816528.14,-17282972.777,3068.81636,1352.7544,1968.6336900000001,2020-03-01 16:44:41.970,208036974.93788043,318673665.82494485,114978788.46848014,140421941995.44696,-43622013574.51262,-18910771088.803207,58909.6977079861
46,2020,3,1,16,59,41.97,18789737.41,-10499702.117999999,-15365842.499,2729.47833,1569.31961,2285.53148,2020-03-01 16:59:41.970,207263346.3661916,319039073.0327272,115207686.40625797,140430966718.36102,-43598617107.45481,-18900627925.62701,58909.70812465277
46,2020,3,1,17,14,41.97,21075317.921,-8999887.239,-13180864.749,2342.1228699999997,1758.7859400000002,2562.9567899999997,2020-03-01 17:14:41.970,206488640.6912088,319402807.1038696,115435979.97562522,140439986795.2514,-43575219222.249306,-18890484146.202183,58909.71854131943
46,2020,3,1,17,29,41.97,22993169.058,-7343046.247,-10765869.09,1913.49506,1917.74095,2795.91244,2020-03-01 17:29:41.970,205712861.53122297,319764865.5959844,115663667.78859052,140449002225.9002,-43551819919.7086,-18880339750.884983,58909.7289579861
46,2020,3,1,17,44,41.97,24509478.201,-5557974.128,-8162834.262999999,1451.11919,2043.31403,2980.1910399999997,2020-03-01 17:44:41.970,204936012.5117735,320125246.07251906,115890748.45892964,140458013010.08957,-43528419200.64531,-18870194740.03164,58909.73937465277
46,2020,3,1,17,59,41.97,25597503.459,-3675782.92,-5417137.036,963.15904,2133.23568,3112.46186,2020-03-01 17:59:41.970,204158097.2656476,320483946.1027716,116117220.6021922,140467019147.60168,-43505017065.87194,-18860049113.99842,58909.74979131943
46,2020,3,1,18,14,41.97,26238080.496,-1729338.5599999998,-2576730.734,458.26289999999995,2185.88459,3190.33986,2020-03-01 18:14:41.970,203379119.43287885,320840963.2619058,116343082.83570853,140476020638.21948,-43481613516.200935,-18849902873.141552,58909.7602079861
46,2020,3,1,18,29,41.97,26419984.231999997,247338.56,308729.532,-54.60328,2200.32098,3212.4347700000003,2020-03-01 18:29:41.970,202599082.66074592,321196295.1309673,116568333.77859673,140485017481.7256,-43458208552.44473,-18839756017.817257,58909.77062465277
46,2020,3,1,18,44,41.97,26140136.732,2219696.534,3188796.273,-566.3301200000001,2176.30534,3178.37878,2020-03-01 18:44:41.970,201817990.60377154,321549939.2968992,116792972.05176882,140494009677.90332,-43434802175.41581,-18829608548.381756,58909.78104131943
46,2020,3,1,18,59,41.97,25403656.576,4153284.912,6013153.978,-1067.84208,2114.30195,3088.83204,2020-03-01 18:59:41.970,201035846.9237207,321901893.35255754,117016996.27793837,140502997226.5361,-43411394385.926445,-18819460465.191288,58909.7914579861
46,2020,3,1,19,14,41.97,24223749.091999996,6014383.944999999,8732538.358,-1550.27303,2015.4671199999998,2945.46584,2020-03-01 19:14:41.970,200252655.28959954,322252154.8967276,117240405.08162683,140511980127.40744,-43387985184.78904,-18809311768.602024,58909.80187465277
46,2020,3,1,19,29,41.97,22621440.993,7770616.607,11299630.729,-2005.1357400000002,1881.62277,2750.9243300000003,2020-03-01 19:29:41.970,199468419.37765405,322600721.53413886,117463197.08917081,140520958380.30124,-43364574572.815865,-18799162458.9702,58909.81229131943
46,2020,3,1,19,44,41.97,20625166.841,9391530.523,13669908.740999999,-2424.48101,1715.2162,2508.76611,2020-03-01 19:44:41.970,198683142.8713687,322947590.8754819,117685370.92872849,140529931985.00162,-43341162550.81923,-18789012536.652,58909.8227079861
46,2020,3,1,19,59,41.97,18270218.364,10849138.037999999,15802436.209999999,-2801.04275,1519.2675499999998,2223.3877199999997,2020-03-01 19:59:41.970,197896829.46146485,323292760.5374237,117906925.2302872,140538900941.29315,-43317749119.61128,-18778862002.00362,58909.83312465277
46,2020,3,1,20,14,41.97,15598070.644,12118404.027,17660576.873999998,-3128.36604,1297.3065399999998,1899.9315000000001,2020-03-01 20:14:41.970,197109482.84589934,323636228.14262366,118127858.62566985,140547865248.96036,-43294334280.00426,-18768710855.381252,58909.84354131943
46,2020,3,1,20,29,41.97,12655601.67,13177672.719,19212619.268999998,-3400.9157299999997,1053.30052,1544.18071,2020-03-01 20:29:41.970,196321106.72986323,323977991.31975,118348169.7485422,140556824907.78796,-43270918032.81029,-18758559097.14106,58909.8539579861
46,2020,3,1,20,44,41.97,9494223.469,14009026.616999999,20432302.579,-3614.1641400000003,791.57587,1162.44487,2020-03-01 20:44:41.970,195531704.82578024,324318047.7034949,118567857.23441985,140565779917.56134,-43247500378.841545,-18748406727.63924,58909.86437465277
46,2020,3,1,20,59,41.97,6168944.14,14598572.456,21299236.062,-3764.65681,516.7348000000001,761.43844,2020-03-01 20:59:41.970,194741280.853305,324656394.93459255,118786919.72067514,140574730278.06577,-43224081318.91006,-18738253747.231934,58909.87479131943
46,2020,3,1,21,14,41.97,2737380.551,14936651.011,21799207.314,-3850.05641,233.56968,348.1556,2020-03-01 21:14:41.970,193949838.5393221,324993030.6598326,119005355.84654433,140583675989.08688,-43200660853.82787,-18728100156.275288,58909.8852079861
46,2020,3,1,21,29,41.97,-741258.677,15017969.303,21924377.273,-3869.16504,-53.02344,-70.25585,2020-03-01 21:29:41.970,193157381.61794376,325327952.53207886,119223164.25313465,140592617050.4106,-43177238984.40703,-18717945955.12549,58909.89562465277
46,2020,3,1,21,44,41.97,-4207200.927,14841655.396,21673362.141000003,-3821.92589,-338.13015,-486.61921,2020-03-01 21:44:41.970,192363913.83050916,325661158.2102842,119440343.58343145,140601553461.8231,-43153815711.459465,-18707791144.138657,58909.90604131943
46,2020,3,1,21,59,41.97,-7601130.083,14411237.362,21051204.552,-3709.40576,-616.90059,-893.85001,2020-03-01 21:59:41.970,191569438.92558196,325992645.3595074,119656892.48230521,140610485223.11063,-43130391035.79712,-18697635723.67094,58909.9164579861
46,2020,3,1,22,14,41.97,-10865183.113,13734549.23,20069238.037,-3533.75965,-884.62866,-1285.0717,2020-03-01 22:14:41.970,190773960.65894946,326322411.6509295,119872809.59651873,140619412334.0599,-43106964958.23186,-18687479694.078457,58909.92687465277
46,2020,3,1,22,29,41.97,-13943907.497,12823567.739,18744850.346,-3298.17945,-1136.8264299999998,-1653.72451,2020-03-01 22:29:41.970,189977482.7936203,326650454.76187027,120088093.5747346,140628334794.45773,-43083537479.57559,-18677323055.71732,58909.93729131943
46,2020,3,1,22,44,41.97,-16785165.875,11694184.501,17101152.332000002,-3006.82824,-1369.29309,-1993.66629,2020-03-01 22:44:41.970,189180009.0998234,326976772.375804,120302743.0675219,140637252604.0913,-43060108600.64009,-18667165808.94368,58909.9477079861
46,2020,3,1,22,59,41.97,-19340975.807,10365918.821999999,15166560.043,-2664.7621099999997,-1578.1778399999998,-2299.26443,2020-03-01 22:59:41.970,188381543.35500574,327301362.18237704,120516756.72736369,140646165762.74805,-43036678322.237114,-18657007954.11359,58909.95812465277
46,2020,3,1,23,14,41.97,-21568274.114,8861576.884,12974298.325,-2277.84099,-1760.03614,-2565.47821,2020-03-01 23:14:41.970,187582089.34383106,327624221.8774237,120730133.2086644,140655074270.21548,-43013246645.178444,-18646849491.5832,58909.96854131943
46,2020,3,1,23,29,41.97,-23429596.689999998,7206863.341999999,10561834.773,-1852.63021,-1911.87914,-2787.93122,2020-03-01 23:29:41.970,186781650.85817772,327945349.16298354,120942871.16775684,140663978126.2814,-42989813570.27571,-18636690421.708576,58909.9789579861
46,2020,3,1,23,44,41.97,-24893666.039,5429951.619,7970253.203,-1396.29413,-2031.2159799999997,-2962.97329,2020-03-01 23:44:41.970,185980231.6971374,328264741.7473172,121154969.26290968,140672877330.73416,-42966379098.34065,-18626530744.84581,58909.98937465277
46,2020,3,1,23,59,41.97,-25935880.032,3561019.395,5243576.102,-916.48333,-2116.0888099999997,-3087.73185,2020-03-01 23:59:41.970,185177835.6670129,328582397.34492373,121366426.15433465,140681771883.36206,-42942943230.18484,-18616370461.350975,58909.99979131943
46,2020,3,2,0,14,41.97,-26538695.400000002,1631760.112,2428051.762,-421.21719,-2165.10037,-3160.15246,2020-03-02 00:14:41.970,184374466.58131635,328898313.6765573,121577240.50419402,140690661783.95364,-42919505966.61985,-18606209571.580128,58910.0102079861
46,2020,3,2,0,29,41.97,-26691910.133,-325147.86299999995,-428620.268,81.24171,-2177.43418,-3179.02844,2020-03-02 00:29:41.970,183570128.2607678,329212488.4692441,121787410.9766078,140699547032.29782,-42896067308.457245,-18596048075.889324,58910.02062465277
46,2020,3,2,0,44,41.97,-26392818.103,-2276545.0209999997,-3278024.9990000003,582.50822,-2152.86665,-3144.01881,2020-03-02 00:44:41.970,182764824.53329265,329524919.45629936,121996936.2376613,140708427628.1837,-42872627256.50849,-18585885974.63463,58910.03104131943
46,2020,3,2,0,59,41.97,-25646267.645,-4189343.7219999996,-6071839.350000001,1074.20486,-2091.77194,-3055.6556100000003,2020-03-02 00:59:41.970,181958559.2340206,329835604.3773429,122205814.95541257,140717303571.4007,-42849185811.585045,-18575723268.172073,58910.0414579861
46,2020,3,2,1,14,41.97,-24464595.71,-6031061.069999999,-8762610.576,1548.08906,-1995.11855,-2915.33914,2020-03-02 01:14:41.970,181151336.2052825,330144540.9783188,122414045.79989968,140726174861.73828,-42825742974.49832,-18565559956.857704,58910.05187465277
46,2020,3,2,1,29,41.97,-22867448.994999997,-7770349.318,-11304531.227,1996.18067,-1864.4579800000001,-2725.3216,2020-03-02 01:29:41.970,180343159.29660955,330451727.0115101,122621627.4431483,140735041498.98648,-42802298746.05972,-18555396041.04753,58910.06229131943
46,2020,3,2,1,44,41.97,-20881491.021,-9377512.387999998,-13654194.01,2410.88761,-1701.90516,-2488.67875,2020-03-02 01:44:41.970,179534032.36473107,330757160.23555684,122828558.55917922,140743903482.93536,-42778853127.080536,-18545231521.09758,58910.0727079861
46,2020,3,2,1,59,41.97,-18539997.404000003,-10825001.114,-15771315.767,2785.12849,-1510.11074,-2209.2696100000003,2020-03-02 01:59:41.970,178723959.27357182,331060838.4154733,123034837.82401583,140752760813.37515,-42755406118.372086,-18535066397.363853,58910.08312465277
46,2020,3,2,2,14,41.97,-15882342.866999999,-12087879.752,-17619419.667,3112.4502899999998,-1292.22499,-1891.68393,2020-03-02 02:14:41.970,177912943.89425057,331362759.32266533,123240463.91569166,140761613490.09662,-42731957720.745575,-18524900670.20235,58910.09354131943
46,2020,3,2,2,29,41.97,-12953385.039,-13144256.33,-19166464.748,3387.13971,-1051.8535,-1541.17767,2020-03-02 02:29:41.970,177100990.10507792,331662920.73494625,123445435.51425804,140770461512.89072,-42708507935.01225,-18514734339.96905,58910.1039579861
46,2020,3,2,2,44,41.97,-9802751.641,-13975669.435,-20385411.996999998,3604.3262,-793.0047500000001,-1163.5966099999998,2020-03-02 02:44:41.970,176288101.79155385,331961320.4365568,123649751.30179152,140779304881.5483,-42685056761.98328,-18504567407.019943,58910.11437465277
46,2020,3,2,2,59,41.97,-6484039.439,-14567424.272,-21254716.475,3760.07473,-520.0298399999999,-765.28846,2020-03-02 02:59:41.970,175474282.84636623,332257956.21818006,123853409.96240178,140788143595.86096,-42661604202.46973,-18494399871.711002,58910.12479131943
46,2020,3,2,3,14,41.97,-3053935.105,-14908871.122000001,-21758735.433000002,3851.46613,-237.55487,-353.00419,2020-03-02 03:14:41.970,174659537.1693876,332552825.8769595,124056410.18223897,140796977655.62,-42638150257.282715,-18484231734.39817,58910.1352079861
46,2020,3,2,3,29,41.97,428729.94299999997,-14993619.811,-21888043.086000003,3876.66313,49.59351,66.21056,2020-03-02 03:29:41.970,173843868.66767415,332845927.21651715,124258750.64950158,140805807060.6176,-42614694927.23329,-18474062995.437424,58910.14562465277
46,2020,3,2,3,44,41.97,3903976.745,-14819684.515,-21639643.698,3834.95966,336.46833,485.1326,2020-03-02 03:44:41.970,173027281.25546268,333137258.0469711,124460430.05444415,140814631810.64566,-42591238213.132385,-18463893655.18469,58910.15604131943
46,2020,3,2,3,59,41.97,7311712.2360000005,-14389554.08,-21017075.939,3726.8116999999997,618.08735,896.48538,2020-03-02 03:59:41.970,172209778.85416836,333426816.1849521,124661447.0893848,140823451905.49664,-42567780115.790985,-18453723713.99589,58910.1664579861
46,2020,3,2,4,14,41.97,10592781.358000001,-13710184.186,-20030403.117000002,3553.8477,889.5214500000001,1293.0680699999998,2020-03-02 04:14:41.970,171391365.39238295,333714599.45362175,124861800.44871335,140832267344.9631,-42544320636.020004,-18443553172.22697,58910.17687465277
46,2020,3,2,4,29,41.97,13690018.824000001,-12792909.025,-18696085.845000003,3318.85713,1145.9848,1667.8873,2020-03-02 04:29:41.970,170572044.80587187,334000605.6826908,125061488.82889874,140841078128.83777,-42520859774.63027,-18433382030.23383,58910.18729131943
46,2020,3,2,4,44,41.97,16549280.371000001,-11653271.738,-17036736.006,3025.75623,1382.9249,2014.2887200000002,2020-03-02 04:44:41.970,169751821.03757203,334284832.7084359,125260510.92849694,140849884256.9139,-42497397532.43262,-18423210288.372375,58910.1977079861
46,2020,3,2,4,59,41.97,19120432.625,-10310774.594,-15080753.444,2679.53031,1596.1105499999999,2326.08553,2020-03-02 04:59:41.970,168930698.0375895,334567278.3737178,125458865.44815898,140858685728.98483,-42473933910.2378,-18413037946.99849,58910.20812465277
46,2020,3,2,5,14,41.97,21358280.583,-8788551.831,-12861849.568,2286.15283,1781.71537,2597.68074,2020-03-02 05:14:41.970,168108679.76319697,334847940.52799946,125656551.09063846,140867482544.8441,-42450468908.856514,-18402865006.46807,58910.21854131943
46,2020,3,2,5,29,41.97,23223412.165000003,-7112970.000999999,-10418464.964000002,1852.48229,1936.395,2824.17991,2020-03-02 05:29:41.970,167285770.17883134,335126817.02736366,125853566.56079984,140876274704.2855,-42427002529.099525,-18392691467.13697,58910.2289579861
46,2020,3,2,5,44,41.97,24682940.483,-5313162.688999999,-7793090.977,1386.1383899999998,2057.35542,3001.49125,2020-03-02 05:44:41.970,166461973.25609097,335403905.734531,126049910.56562594,140885062207.10324,-42403534771.77738,-18382517329.361057,58910.23937465277
46,2020,3,2,5,59,41.97,25711126.325,-3420508.3140000002,-5031507.986,895.36014,2142.41076,3126.41023,2020-03-02 05:59:41.970,165637292.97373345,335679204.5188778,126245581.81422623,140893845053.0915,-42380065637.7007,-18372342593.49619,58910.24979131943
46,2020,3,2,6,14,41.97,26289865.913000003,-1468061.4510000001,-2181955.5799999996,388.84897,2190.0285400000002,3196.6859200000004,2020-03-02 06:14:41.970,164811733.3176727,335952711.2564545,126440579.01784462,140902623242.04495,-42356595127.680016,-18362167259.898193,58910.2602079861
46,2020,3,2,6,29,41.97,26409032.134,510050.492,705748.089,-124.39935000000001,2199.3612,3211.0672600000003,2020-03-02 06:29:41.970,163985298.2809766,336224423.8300034,126634900.8898674,140911396773.75858,-42333123242.52587,-18351991328.922928,58910.27062465277
46,2020,3,2,6,44,41.97,26066661.091000002,2479252.342,3581118.935,-635.2696,2170.26279,3169.32773,2020-03-02 06:44:41.970,163157991.863864,336494340.12897736,126828546.1458315,140920165648.02716,-42309649983.04863,-18341814800.926167,58910.28104131943
46,2020,3,2,6,59,41.97,25268979.810000002,4405154.416999999,6393931.773,-1134.7044500000002,2103.29043,3072.2677400000002,2020-03-02 06:59:41.970,162329818.07370263,336762458.04955745,127021513.5034322,140928929864.64642,-42286175350.05876,-18331637676.263737,58910.2914579861
46,2020,3,2,7,14,41.97,24030275.058,6254180.251,9095137.303,-1613.87945,1999.69061,2921.69483,2020-03-02 07:14:41.970,161500780.9250053,337028775.49467146,127213801.68253148,140937689423.4115,-42262699344.366585,-18321459955.29145,58910.30187465277
46,2020,3,2,7,29,41.97,22372607.349000003,7994175.335,11637751.582999999,-2064.37131,1861.37086,2720.38256,2020-03-02 07:29:41.970,160670884.4394281,337293290.3740122,127405409.40516602,140946444324.11847,-42239221966.78244,-18311281638.365074,58910.31229131943
46,2020,3,2,7,44,41.97,20325378.083,9594984.14,13977699.39,-2478.31536,1690.85778,2472.00948,2020-03-02 07:44:41.970,159840132.64576697,337556000.6040562,127596335.3955553,140955194566.56345,-42215743218.116554,-18301102725.840374,58910.3227079861
46,2020,3,2,7,59,41.97,17924761.27,11028983.805,16074594.483000001,-2848.54849,1491.24297,2181.0803,2020-03-02 07:59:41.970,159008529.57995552,337816904.10808176,127786578.3801098,140963940150.54263,-42192263099.17917,-18290923218.07314,58910.33312465277
46,2020,3,2,8,14,41.97,15213014.236000001,12271564.322,17892441.884,-3168.7346700000003,1266.1185500000001,1852.83186,2020-03-02 08:14:41.970,158176079.28506112,338075998.81618774,127976137.08743916,140972681075.85257,-42168781610.78043,-18280743115.419094,58910.34354131943
46,2020,3,2,8,29,41.97,12237684.063000001,13301546.715,19400249.731,-3433.47084,1019.5041600000001,1493.12676,2020-03-02 08:29:41.970,157342785.81128278,338333282.66531193,128165010.24836037,140981417342.29025,-42145298753.73046,-18270562418.23399,58910.3539579861
46,2020,3,2,8,44,41.97,9050728.171999998,14101532.530000001,20572540.935000002,-3638.37161,755.76767,1108.33754,2020-03-02 08:44:41.970,156508653.2159478,338588753.5992498,128353196.59590605,140990148949.65256,-42121814528.839355,-18260381126.873543,58910.36437465277
46,2020,3,2,8,59,41.97,5707568.471,14658179.844,21389757.59,-3780.13215,479.54154,705.22468,2020-03-02 08:59:41.970,155673685.5635088,338842409.5686724,128540694.86533278,140998875897.7369,-42098328936.91707,-18250199241.693485,58910.37479131943
46,2020,3,2,9,14,41.97,2266098.834,14962402.824000001,21838553.790000003,-3856.5690400000003,195.63688000000002,290.81111,2020-03-02 09:14:41.970,154837886.92554063,339094248.53114694,128727503.79412916,141007598186.3409,-42074841978.773636,-18240016763.049503,58910.3852079861
46,2020,3,2,9,29,41.97,-1214334.522,15009493.634,21911975.044999998,-3866.63976,-91.04288000000001,-127.7439,2020-03-02 09:29:41.970,154001261.38073742,339344268.4511539,128913622.12202434,141016315815.26224,-42051353655.21895,-18229833691.2973,58910.39562465277
46,2020,3,2,9,44,41.97,-4673960.884,14799167.040000001,21609524.82,-3810.44171,-375.58717,-543.26907,2020-03-02 09:44:41.970,153163813.014909,339592467.3001059,129099048.59099634,141025028784.299,-42027863967.06288,-18219650026.792538,58910.40604131943
46,2020,3,2,9,59,41.97,-8053603.299000001,14335529.499,20937120.752,-3689.19211,-653.16071,-948.70162,2020-03-02 09:59:41.970,152325545.92097813,339838843.05636793,129283781.9452803,141033737093.2497,-42004372915.115265,-18209465769.890892,58910.4164579861
46,2020,3,2,10,14,41.97,-11295670.737,13626975.683,19906944.825,-3505.1903700000003,-919.08213,-1337.2021599999998,2020-03-02 10:14:41.970,151486464.19897708,340083393.70527476,129467820.93137692,141042440741.91254,-41980880500.18585,-18199280920.94804,58910.42687465277
46,2020,3,2,10,29,41.97,-14345109.151,12686016.361,18537193.26,-3261.76468,-1168.89777,-1702.26244,2020-03-02 10:29:41.970,150646571.95604435,340326117.23915106,129651164.29806127,141051139730.0865,-41957386723.08438,-18189095480.319576,58910.43729131943
46,2020,3,2,10,44,41.97,-17150298.002,11529042.368,16851732.952,-2963.20454,-1398.44979,-2037.80508,2020-03-02 10:44:41.970,149805873.3064213,340567011.6573298,129833810.79639043,141059834057.57065,-41933891584.62054,-18178909448.36115,58910.4477079861
46,2020,3,2,10,59,41.97,-19663880.36,10176029.951000001,14879672.213,-2614.68091,-1603.93823,-2338.27419,2020-03-02 10:59:41.970,148964372.37144884,340806074.9661712,130015759.17971288,141068523724.1643,-41910395085.60391,-18168722825.428394,58910.45812465277
46,2020,3,2,11,14,41.97,-21843516.239,8650193.272,12654854.220999999,-2222.1557000000003,-1781.9763500000001,-2598.71641,2020-03-02 11:14:41.970,148122073.27956375,341043305.17908317,130197008.20367627,141077208729.6669,-41886897226.8441,-18158535611.876896,58910.46854131943
46,2020,3,2,11,29,41.97,-23652550.276,6977590.152,10215282.068,-1792.2821900000001,-1929.63915,-2814.85182,2020-03-02 11:29:41.970,147278980.1662956,341278700.31653875,130377556.62623654,141085889073.87842,-41863398009.15058,-18148347808.062233,58910.4789579861
46,2020,3,2,11,44,41.97,-25060586.144,5186687.367000001,7602484.612,-1332.2975999999999,-2044.5046800000002,-2983.1344999999997,2020-03-02 11:44:41.970,146435097.17426306,341512258.40609676,130557403.207666,141094564756.59863,-41839897433.33289,-18138159414.340004,58910.48937465277
46,2020,3,2,11,59,41.97,-26043961.425,3307892.019,4860832.66,-849.9096099999999,-2124.68808,-3100.80234,2020-03-02 11:59:41.970,145590428.45317027,341743977.4824208,130736546.71056236,141103235777.62805,-41816395500.200356,-18127970431.06575,58910.49979131943
46,2020,3,2,12,14,41.97,-26586117.867000002,1373055.642,2036815.149,-353.17734,-2168.8682,-3165.91608,2020-03-02 12:14:41.970,144744978.1598031,341973855.58729756,130914985.89985709,141111902136.76703,-41792892210.56239,-18117780858.59503,58910.5102079861
46,2020,3,2,12,29,41.97,-26677862.71,-585042.272,-821714.8250000001,149.61129,-2176.3066000000003,-3177.38725,2020-03-02 12:29:41.970,143898750.4580256,342201890.7696587,131092719.54282404,141120563833.81656,-41769387565.22833,-18107590697.283386,58910.52062465277
46,2020,3,2,12,44,41.97,-26317518.093,-2533224.448,-3666314.117,650.06556,-2146.85899,-3134.99495,2020-03-02 12:44:41.970,143051749.51877692,342428081.0855972,131269746.40908846,141129220868.57758,-41745881565.0074,-18097399947.486347,58910.53104131943
46,2020,3,2,12,59,41.97,-25510956.490000002,-4438452.723999999,-6448733.609,1139.8189599999998,-2080.97874,-3039.39117,2020-03-02 12:59:41.970,142203979.520066,342652424.59838957,131446065.27063517,141137873240.8513,-41722374210.70883,-18087208609.559395,58910.5414579861
46,2020,3,2,13,14,41.97,-24271521.26,-6268364.5649999995,-9121701.88,1610.65736,-1979.7124900000001,-2892.0945699999997,2020-03-02 13:14:41.970,141355444.64696935,342874919.37851447,131621674.90181792,141146520950.4394,-41698865503.141716,-18077016683.85805,58910.55187465277
46,2020,3,2,13,29,41.97,-22619832.167,-7991802.031,-11639697.986,2054.6462,-1844.6877100000002,-2695.47246,2020-03-02 13:29:41.970,140506149.09162655,343095563.50367194,131796574.07936756,141155163997.1433,-41675355443.115166,-18066824170.737778,58910.56229131943
46,2020,3,2,13,44,41.97,-20583477.115999997,-9579325.885,-13959702.666,2464.2559199999996,-1678.09215,-2452.7108200000002,2020-03-02 13:44:41.970,139656097.05323598,343314355.0588038,131970761.58240144,141163802380.76553,-41651844031.438286,-18056631070.554043,58910.5727079861
46,2020,3,2,13,59,41.97,-18196592.49,-11003707.436,-16041917.165000001,2832.4838799999998,-1482.64489,-2167.7723300000002,2020-03-02 13:59:41.970,138805292.73805147,343531292.13611317,132144236.19243164,141172436101.10806,-41628331268.92002,-18046437383.662315,58910.58312465277
46,2020,3,2,14,14,41.97,-15499335.834999999,-12240390.678,-17850438.789,3152.9713500000003,-1261.55926,-1845.3421999999998,2020-03-02 14:14:41.970,137953740.35937786,343746372.8350839,132316996.69337414,141181065157.97333,-41604817156.36929,-18036243110.418015,58910.59354131943
46,2020,3,2,14,29,41.97,-12537256.152,-13267917.276,-19353882.307,3420.11377,-1018.49741,-1490.762,2020-03-02 14:29:41.970,137101444.13756704,343959595.26250154,132489041.87155779,141189689551.16425,-41581301694.59505,-18026048251.176582,58910.6039579861
46,2020,3,2,14,44,41.97,-9360568.627,-14068307.044,-20525936.46,3629.16254,-757.51683,-1109.9516899999999,2020-03-02 14:44:41.970,136248408.3000142,344170957.5324724,132660370.51573306,141198309280.4838,-41557784884.40606,-18015852806.29341,58910.61437465277
46,2020,3,2,14,59,41.97,-6023342.391,-14627386.761,-21345845.106000002,3776.31617,-483.00911,-709.32021,2020-03-02 14:59:41.970,135394637.08115298,344380457.7664433,132830981.41708098,141206924345.7352,-41534266726.6111,-18005656776.123894,58910.62479131943
46,2020,3,2,15,14,41.97,-2582611.7199999997,-14935060.523,-21798803.049,3858.79886,-199.63136,-295.66542000000004,2020-03-02 15:14:41.970,134540134.7224516,344588094.0932227,133000873.36922215,141215534746.72192,-41510747222.0189,-17995460161.023422,58910.6352079861
46,2020,3,2,15,29,41.97,902577.0059999999,-14985515.313,-21876257.330000002,3874.9243500000002,87.76905000000001,123.93574,2020-03-02 15:29:41.970,133684905.47240873,344793864.6490002,133170045.1682258,141224140483.24786,-41487226371.438126,-17985262961.34736,58910.64562465277
46,2020,3,2,15,44,41.97,4372168.365999999,-14777356.212000001,-21576105.794999998,3824.14292,374.23541,542.24542,2020-03-02 15:44:41.970,132828953.58654891,344997767.5773662,133338495.61261864,141232741555.1169,-41463704175.67739,-17975065177.451027,58910.65604131943
46,2020,3,2,15,59,41.97,7766134.916,-14313666.57,-20902786.093,3707.0694999999996,654.78729,951.98983,2020-03-02 15:59:41.970,131972283.32741821,345199801.0293331,133506223.50339422,141241337962.13318,-41440180635.54519,-17964866809.689804,58910.6664579861
46,2020,3,2,16,14,41.97,11025530.409,-13601989.624,-19867249.963999998,3525.49126,924.50924,1345.9888799999999,2020-03-02 16:14:41.970,131114898.9645798,345399963.1633553,133673227.64402162,141249929704.10144,-41416655751.85009,-17954667858.41898,58910.67687465277
46,2020,3,2,16,29,41.97,14093539.991,-12654229.419,-18486819.655,3282.35316,1178.6411,1717.28801,2020-03-02 16:29:41.970,130256804.7746095,345598252.1453491,133839506.84045495,141258516780.82617,-41393129525.40049,-17944468323.993866,58910.68729131943
46,2020,3,2,16,44,41.97,16916507.099,-11486470.504999999,-16784925.673,2981.72048,1412.66787,2059.2895599999997,2020-03-02 16:44:41.970,129398005.04109114,345794666.14871335,134005059.90114215,141267099192.11252,-41369601957.00476,-17934268206.769737,58910.6977079861
46,2020,3,2,16,59,41.97,19444916.117000002,-10118717.640999999,-14790727.651999999,2628.7179499999997,1622.40723,2365.88064,2020-03-02 16:59:41.970,128538504.05461188,345989203.35435,134169885.63703455,141275676937.76566,-41346073047.47124,-17924067507.10189,58910.70812465277
46,2020,3,2,17,14,41.97,21634309.815,-8574558.671,-12538622.945999999,2229.44582,1804.09241,2631.55424,2020-03-02 17:14:41.970,127678306.11275771,346181861.95068455,134333982.86159566,141284250017.59103,-41322542797.608185,-17913866225.345566,58910.71854131943
46,2020,3,2,17,29,41.97,23446121.14,-6880755.698,-10067650.391999999,1790.87368,1954.44827,2851.52049,2020-03-02 17:29:41.970,126817415.52010864,346372640.1336869,134497350.39081082,141292818431.39444,-41299011208.22383,-17903664361.856,58910.7289579861
46,2020,3,2,17,44,41.97,24848400.208,-5066771.68,-7420799.653,1320.71412,2070.75838,3021.80477,2020-03-02 17:44:41.970,125955836.58823384,346561536.1068911,134659987.0431959,141301382178.98175,-41275478280.12627,-17893461916.98842,58910.73937465277
46,2020,3,2,17,59,41.97,25816419.321000002,-3164241.395,-4644239.18,827.2785,2150.92124,3139.32994,2020-03-02 17:59:41.970,125093573.63568686,346748548.08141726,134821891.63980728,141309941260.1593,-41251944014.12364,-17883258891.09803,58910.74979131943
46,2020,3,2,18,14,41.97,26333141.431,-1206397.43,-1786478.3460000001,319.31834,2193.49381,3201.98007,2020-03-02 18:14:41.970,124230630.98800066,346933674.2759909,134983063.00425074,141318495674.73343,-41228408411.02395,-17873055284.540043,58910.7602079861
46,2020,3,2,18,29,41.97,26389540.751000002,772536.8069999999,1102518.74,-194.14392999999998,2197.7210099999998,3208.6438,2020-03-02 18:29:41.970,123367012.97768286,347116912.9169653,135143499.96269065,141327045422.51096,-41204871471.63517,-17862851097.6696,58910.77062465277
46,2020,3,2,18,44,41.97,25984767.881,2737974.042,3972248.724,-703.99053,2163.5505,3159.23591,2020-03-02 18:44:41.970,122502723.94421026,347298262.23834085,135303201.3438601,141335590503.29874,-41181333196.76523,-17852646330.84189,58910.78104131943
46,2020,3,2,18,59,41.97,25126155.835,4655596.4459999995,6772593.947000001,-1201.1855600000001,2091.63204,3054.69675,2020-03-02 18:59:41.970,121637768.23402423,347477720.48178685,135462165.9790692,141344130916.9039,-41157793587.222,-17842440984.41204,58910.7914579861
46,2020,3,2,19,14,41.97,23829067.498,6491981.598999999,9454736.797,-1676.94933,1983.3018,2896.96937,2020-03-02 19:14:41.970,120772150.2005251,347655285.8966624,135620392.70221567,141352666663.13412,-41134252643.8132,-17832235058.735176,58910.80187465277
46,2020,3,2,19,29,41.97,22116589.145000003,8215207.721000001,11972043.928,-2122.9254499999997,1840.5521600000002,2688.95561,2020-03-02 19:29:41.970,119905874.20406748,347830956.7400368,135777880.34979346,141361197741.79694,-41110710367.34665,-17822028554.166405,58910.81229131943
46,2020,3,2,19,44,41.97,20019078.45,9795425.564,14280901.921999998,-2531.33644,1665.9880600000001,2434.45247,2020-03-02 19:44:41.970,119038944.61195439,348004731.27671134,135934627.7609026,141369724152.70038,-41087166758.629974,-17811821471.060818,58910.8227079861
46,2020,3,2,19,59,41.97,17573578.882999998,11205385.543,16341487.69,-2895.1245,1462.77142,2138.07106,2020-03-02 19:59:41.970,118171365.79843234,348176607.7792405,136090633.77725887,141378245895.65247,-41063621818.47081,-17801613809.773487,58910.83312465277
46,2020,3,2,20,14,41.97,14823115.25,12420910.127999999,18118459.031999998,-3208.07449,1234.55541,1805.14072,2020-03-02 20:14:41.970,117303142.14468575,348346584.52795196,136245897.2432029,141386762970.4618,-41040075547.67667,-17791405570.65947,58910.84354131943
46,2020,3,2,20,29,41.97,11815887.364,13421303.246,19581553.279,-3464.9169500000003,985.41054,1441.60116,2020-03-02 20:29:41.970,116434278.03883156,348514659.8109692,136400417.00571018,141395275376.93692,-41016527947.05507,-17781196754.073807,58910.8539579861
46,2020,3,2,20,44,41.97,8604380.471,14189690.262,20706084.617,-3661.4099800000004,719.74465,1053.88563,2020-03-02 20:44:41.970,115564777.87591353,348680831.92423236,136554191.9144007,141403783114.88687,-40992979017.41347,-17770987360.371517,58910.86437465277
46,2020,3,2,20,59,41.97,5244411.879000001,14713283.977,21473333.4,-3794.39903,442.21886,648.79824,2020-03-02 20:59:41.970,114694646.05789687,348845099.17151904,136707220.82154804,141412286184.1207,-40969428759.5592,-17760777389.907604,58910.87479131943
46,2020,3,2,21,14,41.97,1794133.611,14983573.939,21870823.491,-3861.8549199999998,157.66151,233.38828,2020-03-02 21:14:41.970,113823886.99366242,349007459.8644662,136859502.58208975,141420784584.4478,-40945877174.29957,-17750566843.037056,58910.8852079861
46,2020,3,2,21,29,41.97,-1686989.4670000002,14996438.048,21892486.119000003,-3862.89045,-129.01815,-185.17583000000002,2020-03-02 21:29:41.970,112952505.0990008,349167912.3225918,137011036.0536368,141429278315.67807,-40922324262.44183,-17740355720.11484,58910.89562465277
46,2020,3,2,21,44,41.97,-5139207.25,14752177.030000001,21538711.091000002,-3797.7567400000003,-412.91482,-599.73049,2020-03-02 21:44:41.970,112080504.79660693,349326454.87331575,137161820.09648284,141437767377.62122,-40898770024.79313,-17730144021.4959,58910.90604131943
46,2020,3,2,21,59,41.97,-8503500.104999999,14255473.72,20816288.156999998,-3667.82066,-689.20915,-1003.2367399999999,2020-03-02 21:59:41.970,111207890.51607396,349483085.851982,137311853.57361504,141446251770.08737,-40875214462.16065,-17719931747.53517,58910.9164579861
46,2020,3,2,22,14,41.97,-11722566.349000001,13515280.235,19738243.028,-3475.52502,-953.24581,-1388.8942900000002,2020-03-02 22:14:41.970,110334666.6938872,349637803.6018799,137461135.35072267,141454731492.88705,-40851657575.35141,-17709718898.587563,58910.92687465277
46,2020,3,2,22,29,41.97,-14741766.718,12544637.095,18323573.963,-3224.3330600000004,-1200.60653,-1750.24824,2020-03-02 22:29:41.970,109460837.77341843,349790606.4742657,137609664.29620782,141463206545.83072,-40828099365.17239,-17699505475.00796,58910.93729131943
46,2020,3,2,22,44,41.97,-17510012.573,11360429.081,16596895.906000001,-2918.6592,-1427.17748,-2081.28763,2020-03-02 22:44:41.970,108586408.20491952,349941492.82838494,137757439.28119493,141471676928.7295,-40804539832.43053,-17689291477.151268,58910.9477079861
46,2020,3,2,22,59,41.97,-19980586.171,9983083.226,14588000.042,-2563.78764,-1629.21048,-2376.53477,2020-03-02 22:59:41.970,107711382.4455164,350090461.0314933,137904459.17954046,141480142641.3943,-40780978977.93267,-17679076905.372314,58910.95812465277
46,2020,3,2,23,14,41.97,-22111882.868,8436214.733000001,12331337.244,-2165.78051,-1803.37739,-2631.12493,2020-03-02 23:14:41.970,106835764.95920296,350237509.4588796,138050722.86784348,141488603683.63657,-40757416802.48564,-17668861760.025944,58910.96854131943
46,2020,3,2,23,29,41.97,-23868066.519,6746226.968,9865434.364,-1731.37712,-1946.81777,-2840.8758399999997,2020-03-02 23:29:41.970,105959560.21683466,350382636.49388623,138196229.22545478,141497060055.2679,-40733853306.896164,-17658646041.466976,58910.9789579861
46,2020,3,2,23,44,41.97,-25219630.677,4941871.864,7232252.64,-1267.88554,-2057.17916,-3002.34675,2020-03-02 23:44:41.970,105082772.6961221,350525840.5279327,138340977.1344875,141505511756.10037,-40710288491.97091,-17648429750.050213,58910.98937465277
46,2020,3,2,23,59,41.97,-26143859.466000002,3053777.2770000002,4476497.76,-783.06837,-2132.6501599999997,-3112.88679,2020-03-02 23:59:41.970,104205406.88162462,350667119.96053594,138484965.4798268,141513958785.94568,-40686722358.51648,-17638212886.130444,58910.99979131943
46,2020,3,3,0,14,41.97,-26625182.110000003,1113952.254,1644897.444,-285.02397,-2171.9860299999996,-3170.67245,2020-03-03 00:14:41.970,103327467.26474395,350806473.1993347,138628193.1491398,141522401144.61655,-40663154907.33942,-17627995450.06241,58911.0102079861
46,2020,3,3,0,29,41.97,-26655424.254,-844748.8130000001,-1214580.581,217.94013,-2174.52679,-3174.73405,2020-03-03 00:29:41.970,102448958.34371737,350943898.66010886,138770659.0328864,141530838831.92535,-40639586139.24616,-17617777442.200867,58911.02062465277
46,2020,3,3,0,44,41.97,-26233933.079,-2789131.918,-4053467.6,717.42827,-2140.20733,-3124.97064,2020-03-03 00:44:41.970,101569884.62361129,351079394.7668038,138912362.02432814,141539271847.6851,-40616016055.04315,-17607558862.900517,58911.03104131943
46,2020,3,3,0,59,41.97,-25367603.783,-4686217.760000001,-6823603.134,1205.08734,-2069.56014,-3022.15409,2020-03-03 00:59:41.970,100690250.6163144,351212959.95155156,139053301.01953965,141547700191.70874,-40592444655.53672,-17597339712.516094,58911.0414579861
46,2020,3,3,1,14,41.97,-24070782.586000003,-6503773.409,-9477911.559,1672.7339100000002,-1963.70975,-2867.92106,2020-03-03 01:14:41.970,99810060.8405309,351344592.6546933,139193474.9174178,141556123863.80972,-40568871941.53315,-17587119991.402233,58911.05187465277
46,2020,3,3,1,29,41.97,-22365056.697,-8210839.702,-11971172.505,2112.48137,-1824.35928,-2664.75339,2020-03-03 01:29:41.970,98929319.82177353,351474291.3248024,139332882.61969227,141564542863.80154,-40545297913.83863,-17576899699.913647,58911.06229131943
46,2020,3,3,1,44,41.97,-20278930.751,-9778242.816,-14260768.186999999,2516.86485,-1653.76874,-2415.9465,2020-03-03 01:44:41.970,98048032.09235685,351602054.418705,139471523.03093606,141572957191.49805,-40521722573.2593,-17566678838.40493,58911.0727079861
46,2020,3,3,1,59,41.97,-17847392.292,-11179082.587000001,-16307396.882,2878.96259,-1454.72503,-2125.56571,2020-03-03 01:59:41.970,97166202.19138996,351727880.401505,139609395.0585752,141581366846.71332,-40498145920.601234,-17556457407.230743,58911.08312465277
46,2020,3,3,2,14,41.97,-15111370.256000001,-12389190.16,-18075741.647,3192.5121,-1230.50374,-1798.39045,2020-03-03 02:14:41.970,96283834.66476957,351851767.7466038,139746497.6128996,141589771829.26163,-40474567956.67042,-17546235406.745647,58911.09354131943
46,2020,3,3,2,29,41.97,-12117091.871000001,-13387547.498,-19535083.405,3452.0194100000003,-984.82268,-1439.8464900000001,2020-03-03 02:29:41.970,95400934.0651727,351973714.93572545,139882829.60707256,141598172138.95752,-40450988682.2728,-17536012837.30426,58911.1039579861
46,2020,3,3,2,44,41.97,-8915345.082,-14156661.434,-20659847.704,3652.85949,-721.78734,-1055.92634,2020-03-03 02:44:41.970,94517504.95204937,352093720.4589373,140018389.95714208,141606567775.61575,-40427408098.21427,-17525789699.261112,58911.11437465277
46,2020,3,3,2,59,41.97,-5560655.28,-14682885.143,-21430074.717,3791.36584,-445.82866,-653.09837,2020-03-03 02:59:41.970,93633551.89161551,352211782.8146737,140153177.5820505,141614958739.05154,-40403826205.30057,-17515565992.970753,58911.12479131943
46,2020,3,3,3,14,41.97,-2110387.043,-14956680.270000001,-21831802.614,3864.9072499999997,-161.63349,-238.20535,2020-03-03 03:14:41.970,92749079.45684533,352327900.5097583,140287191.40364543,141623345029.08008,-40380243004.337456,-17505341718.78769,58911.1352079861
46,2020,3,3,3,29,41.97,1376216.5629999998,-14972813.5,-21857355.216,3871.94943,125.93146,181.64660999999998,2020-03-03 03:29:41.970,91864092.22746377,352442072.0594273,140420430.34668964,141631726645.5168,-40356658496.1306,-17495116877.066418,58911.14562465277
46,2020,3,3,3,44,41.97,4839042.636999999,-14730482.071,-21505525.899,3812.0996,411.90123,599.20731,2020-03-03 03:44:41.970,90978594.78993909,352554295.98735136,140552893.338872,141640103588.17752,-40333072681.485565,-17484891468.161434,58911.15604131943
46,2020,3,3,3,59,41.97,8218148.74,-14233363.717,-20781651.123,3686.1319,691.29877,1007.20816,2020-03-03 03:59:41.970,90092591.73747501,352664570.82565916,140684579.31081772,141648475856.87833,-40309485561.207886,-17474665492.427162,58911.1664579861
46,2020,3,3,4,14,41.97,11454816.863,-13489587.672,-19697568.679,3495.9921,959.22392,1398.49225,2020-03-03 04:14:41.970,89206087.6700032,352772895.1149607,140815487.1960991,141656843451.4355,-40285897136.10299,-17464438950.21803,58911.17687465277
46,2020,3,3,4,29,41.97,14492601.679,-12511624.809999999,-18271457.821,3244.7800199999997,1210.94381,1766.14636,2020-03-03 04:29:41.970,88319087.19417521,352879267.40436906,140945615.9312457,141665206371.6654,-40262307406.97628,-17454211841.88849,58911.18729131943
46,2020,3,3,4,44,41.97,17278352.68,-11316096.609000001,-16527560.814000001,2936.70893,1441.98254,2103.63197,2020-03-03 04:44:41.970,87431594.92335483,352983686.2515245,141074964.45575535,141673564617.38477,-40238716374.63305,-17443984167.792862,58911.1977079861
46,2020,3,3,4,59,41.97,19763189.211,-9923504.422,-14495788.063,2577.04151,1648.20822,2404.91241,2020-03-03 04:59:41.970,86543615.47760972,353086150.22261757,141203531.71210447,141681918188.41077,-40215124039.878525,-17433755928.28556,58911.20812465277
46,2020,3,3,5,14,41.97,21903407.459999997,-8357882.485,-12211211.807,2172.0028,1825.91506,2664.57285,2020-03-03 05:14:41.970,85655153.48370378,353186657.89241093,141331316.64575905,141690267084.56055,-40191530403.51786,-17423527123.720917,58911.21854131943
46,2020,3,3,5,29,41.97,23661299.12,-6646380.053,-9713456.256,1728.67119,1971.89838,2877.92987,2020-03-03 05:29:41.970,84766213.57508849,353285207.84426427,141458318.20518482,141698611305.65155,-40167935466.35617,-17413297754.453255,58911.2289579861
46,2020,3,3,5,44,41.97,25005862.771,-4818780.031,-7045994.919,1254.84945,2083.52038,3041.12762,2020-03-03 05:44:41.970,83876800.39189516,353381798.6701566,141584535.3418584,141706950851.50153,-40144339229.19846,-17403067820.836857,58911.23937465277
46,2020,3,3,5,59,41.97,25913391.133,-2906963.3159999996,-4255368.575,758.9183499999999,2158.7647300000003,3151.2176099999997,2020-03-03 05:59:41.970,82986918.58092624,353476428.9707096,141709967.01027793,141715285721.92834,-40120741692.849655,-17392837323.22601,58911.24979131943
46,2020,3,3,6,14,41.97,26367920.042000003,-944329.671,-1390339.6849999998,249.67634,2196.27832,3206.2197600000004,2020-03-03 06:14:41.970,82096572.79564698,353569097.35521114,141834612.16797373,141723615916.7504,-40097142858.11468,-17382606261.97495,58911.2602079861
46,2020,3,3,6,29,41.97,26361528.294,1034812.6910000001,1498998.9619999998,-263.83079,2195.3988600000002,3205.16281,2020-03-03 06:29:41.970,81205767.69617705,353659802.4416384,141958469.77551928,141731941435.786,-40073542725.79826,-17372374637.437927,58911.27062465277
46,2020,3,3,6,44,41.97,25894481.275999997,2995875.697,4362142.224,-772.48596,2156.16756,3148.10292,2020-03-03 06:44:41.970,80314507.94928174,353748542.8566817,142081538.79654184,141740262278.85376,-40049941296.70522,-17362142449.969135,58911.28104131943
46,2020,3,3,6,59,41.97,24975215.325,4904624.535,7149097.277,-1267.27795,2079.32654,3036.11993,2020-03-03 06:59:41.970,79422798.2283634,353835317.2357682,142203818.19773343,141748578445.7727,-40026338571.64011,-17351909699.92276,58911.2914579861
46,2020,3,3,7,14,41.97,23620163.922,6727801.62,9811294.966,-1739.47497,1966.30112,2871.29163,2020-03-03 07:14:41.970,78530643.21345264,353920124.22308445,142325306.9488619,141756889936.36218,-40002734551.407555,-17341676387.65295,58911.30187465277
46,2020,3,3,7,29,41.97,21853430.868,8433728.09,12302468.419000002,-2180.7903899999997,1819.16775,2656.64694,2020-03-03 07:29:41.970,77638047.5911994,354002962.4716011,142446004.02278122,141765196750.44125,-39979129236.812065,-17331442513.513855,58911.31229131943
46,2020,3,3,7,44,41.97,19706319.389,9992870.378,14579480.703,-2583.53657,1640.6087300000002,2396.0998400000003,2020-03-03 07:44:41.970,76745016.05486426,354083830.64309597,142565908.39544353,141773498887.8298,-39955522628.658066,-17321208077.85959,58911.3227079861
46,2020,3,3,7,59,41.97,17216729.475,11378360.605,16603085.08,-2940.76332,1433.85513,2094.36607,2020-03-03 07:59:41.970,75851553.30430892,354162727.4081776,142685019.0459088,141781796348.34766,-39931914727.749886,-17310973081.04423,58911.33312465277
46,2020,3,3,8,14,41.97,14428438.547,12566461.040000001,18338603.623,-3246.37831,1202.6198800000002,1756.86546,2020-03-03 08:14:41.970,74957664.04598755,354239651.4463098,142803334.95635715,141790089131.815,-39908305534.89182,-17300737523.421844,58911.34354131943
46,2020,3,3,8,29,41.97,11390282.719,13536964.613,19756512.469,-3495.24729,951.02294,1389.61264,2020-03-03 08:29:41.970,74063352.99293709,354314601.44583476,142920855.1120987,141798377238.05215,-39884695050.88807,-17290501405.346478,58911.3539579861
46,2020,3,3,8,44,41.97,8155257.389,14273525.303000001,20832924.662,-3683.2729600000002,683.51064,999.0992600000001,2020-03-03 08:44:41.970,73168624.8647685,354387576.10399646,143037578.50158536,141806660666.87982,-39861083276.542755,-17280264727.17214,58911.36437465277
46,2020,3,3,8,59,41.97,4779556.734,14763914.083,21549964.302,-3807.45187,404.77125,592.17071,2020-03-03 08:59:41.970,72273484.38765687,354458574.12696654,143153504.11642212,141814939418.11884,-39837470212.65994,-17270027489.25282,58911.37479131943
46,2020,3,3,9,14,41.97,1321571.8699999999,15000197.941,21896028.346,-3865.90944,119.64879,175.90024000000003,2020-03-03 09:14:41.970,71377936.29433188,354527594.2298653,143268630.95137754,141823213491.59024,-39813855860.04356,-17259789691.9425,58911.3852079861
46,2020,3,3,9,29,41.97,-2159132.904,14978841.199000001,21865934.922000002,-3857.91377,-166.94319,-242.53699,2020-03-03 09:29:41.970,70481985.32406855,354594635.136789,143382958.00439522,141831482887.11542,-39790240219.49757,-17249551335.595093,58911.39562465277
46,2020,3,3,9,44,41.97,-5602847.145,14700729.878,21460959.243,-3783.86932,-450.10613,-655.98734,2020-03-03 09:44:41.970,69585636.22267744,354659695.58083093,143496484.27660492,141839747604.51602,-39766623291.825745,-17239312420.56454,58911.40604131943
46,2020,3,3,9,59,41.97,-8950727.1,14171121.211,20688760.193,-3645.29197,-725.0380600000001,-1057.4379099999999,2020-03-03 09:59:41.970,68688893.74249455,354722774.30410755,143609208.772334,141848007643.61374,-39743005077.83182,-17229072947.20473,58911.4164579861
46,2020,3,3,10,14,41.97,-12145778.228,13399521.54,19563202.286,-3444.76686,-987.11099,-1440.12958,2020-03-03 10:14:41.970,67791762.64237182,354783870.05778164,143721130.4991188,141856263004.23074,-39719385578.31949,-17218832915.86954,58911.42687465277
46,2020,3,3,10,29,41.97,-15133792.788,12399496.749,18104079.08,-3185.89097,-1231.9433099999999,-1797.66276,2020-03-03 10:29:41.970,66894247.68766699,354842981.6020869,143832248.46771502,141864513686.18945,-39695764794.09232,-17208592326.912777,58911.43729131943
46,2020,3,3,10,44,41.97,-17864229.493,11188420.117,16336745.17,-2873.2021099999997,-1455.46633,-2124.09465,2020-03-03 10:44:41.970,65996353.65023337,354900107.706352,143942561.69211024,141872759689.31226,-39672142725.9538,-17198351180.688286,58911.4477079861
46,2020,3,3,10,59,41.97,-20291023.75,9787163.053,14291664.722,-2512.09597,-1653.98462,-2414.02732,2020-03-03 10:59:41.970,65098085.30840994,354955247.14902514,144052069.18953446,141881001013.4219,-39648519374.707375,-17188109477.549854,58911.45812465277
46,2020,3,3,11,14,41.97,-22373318.536,8219734.551,12003885.103,-2108.73294,-1824.22955,-2662.6860300000003,2020-03-03 11:14:41.970,64199447.44701065,355008398.7176982,144160769.98047167,141889237658.3416,-39624894741.15641,-17177867217.85124,58911.46854131943
46,2020,3,3,11,29,41.97,-24076107.397,6512875.562,9512444.616999999,-1669.93624,-1963.40592,-2865.9872499999997,2020-03-03 11:29:41.970,63300444.8573146,355059561.209131,144268663.08867142,141897469623.89447,-39601268826.104126,-17167624401.946188,58911.4789579861
46,2020,3,3,11,44,41.97,-25370782.292,4695614.620999999,6859723.659999999,-1203.0826100000002,-2069.23137,-3020.59634,2020-03-03 11:44:41.970,62401082.33705504,355108733.42927605,144375747.54116017,141905696909.90408,-39577641630.35373,-17157381030.188408,58911.48937465277
46,2020,3,3,11,59,41.97,-26235580.417,2798791.329,4090748.8669999996,-715.98733,-2139.96839,-3123.97432,2020-03-03 11:59:41.970,61501364.69040909,355155914.19330305,144482022.36825246,141913919516.19434,-39554013154.70837,-17147137102.931593,58911.49979131943
46,2020,3,3,12,14,41.97,-26655925.099,854554.3350000001,1252459.9849999999,-216.78393000000003,-2174.44895,-3174.41388,2020-03-03 12:14:41.970,60601296.7279869,355201102.325623,144587486.60356295,141922137442.58893,-39530383399.971,-17136892620.529387,58911.5102079861
46,2020,3,3,12,29,41.97,-26624656.865000002,-1104159.4239999999,-1607050.631,286.19932,-2172.09154,-3171.0642,2020-03-03 12:29:41.970,59700883.26682099,355244296.65991324,144692139.2840176,141930350688.91235,-39506752366.944626,-17126647583.335442,58911.52062465277
46,2020,3,3,12,44,41.97,-26142151.913000003,-3044157.338,-4439315.852,784.56592,-2132.91041,-3113.94457,2020-03-03 12:44:41.970,58800129.13035515,355285496.0391417,144795979.44986516,141938559254.98895,-39483120056.43209,-17116401991.70335,58911.53104131943
46,2020,3,3,12,59,41.97,-25216326.292000003,-4932528.583000001,-7196278.7,1269.97849,-2057.51707,-3003.94655,2020-03-03 12:59:41.970,57899039.148433775,355324699.3155922,144899006.14468896,141946763140.64343,-39459486469.236176,-17106155845.98671,58911.5414579861
46,2020,3,3,13,14,41.97,-23862525.082,-6737179.291,-9831073.982,1734.2867099999999,-1947.11373,-2842.82444,2020-03-03 13:14:41.970,56997618.15729043,355361905.3508886,145001218.41541845,141954962345.70074,-39435851606.15958,-17095909146.539051,58911.55187465277
46,2020,3,3,13,29,41.97,-22103296.809,-8427358.259,-12298796.103,2169.65424,-1803.47875,-2633.17404,2020-03-03 13:29:41.970,56095870.999536864,355397113.01601964,145102615.312341,141963156869.9862,-39412215468.00492,-17085661893.713919,58911.56229131943
46,2020,3,3,13,44,41.97,-19968054.616,-9974165.831,-14557242.327,2568.6832,-1628.9438499999999,-2378.39937,2020-03-03 13:44:41.970,55193802.52415155,355430321.19136363,145203195.88911295,141971346713.32513,-39388578055.57471,-17075414087.864815,58911.5727079861
46,2020,3,3,13,59,41.97,-17492626.970000003,-11351038.575000001,-16567620.686999999,2924.53492,-1426.36304,-2082.66733,2020-03-03 13:59:41.970,54291417.586468466,355461528.7667141,145302959.20277223,141979531875.54315,-39364939369.67145,-17065165729.345198,58911.58312465277
46,2020,3,3,14,14,41.97,-14718702.007,-12534202.275,-18295211.643999998,3231.0452600000003,-1199.07333,-1750.85028,2020-03-03 14:14:41.970,53388721.048165366,355490734.6413036,145401904.31374937,141987712356.46637,-39341299411.097466,-17054916818.508509,58911.59354131943
46,2020,3,3,14,29,41.97,-11693171.205,-13503085.826000001,-19709972.638,3482.8327,-950.8471499999999,-1388.4566,2020-03-03 14:29:41.970,52485717.7772523,355517937.72382975,145500030.28587976,141995888155.92075,-39317658180.655075,-17044667355.708185,58911.6039579861
46,2020,3,3,14,44,41.97,-8467379.66,-14240688.725,-20787074.876,3675.39747,-685.83681,-1001.5495599999999,2020-03-03 14:44:41.970,51582412.648059815,355543136.9324793,145597336.18641487,142004059273.73273,-39294015679.14647,-17034417341.297585,58911.61437465277
46,2020,3,3,14,59,41.97,-5096292.038,-14733895.058,-21507361.977,3805.2095,-408.51126999999997,-596.65497,2020-03-03 14:59:41.970,50678810.54122711,355566331.1949536,145693821.08603463,142012225709.72885,-39270371907.37379,-17024166775.63009,58911.62479131943
46,2020,3,3,15,14,41.97,-1637585.114,-14973727.303,-21857720.724999998,3869.78321,-123.5857,-180.65832,2020-03-03 15:14:41.970,49774916.34369009,355587519.44849336,145789484.05885908,142020387463.73615,-39246726866.139015,-17013915659.059027,58911.6352079861
46,2020,3,3,15,29,41.97,1849320.279,-14955533.810999999,-21831354.937,3867.737,164.05532,239.30746,2020-03-03 15:29:41.970,48870734.948669314,355606700.6399048,145884324.18246022,142028544535.58157,-39223080556.24413,-17003663991.937693,58911.64562465277
46,2020,3,3,15,44,41.97,5304273.152,-14679104.566,-21427954.605,3798.83537,449.44018,655.9821900000001,2020-03-03 15:44:41.970,47966271.255657844,355623873.72558355,145978340.53787354,142036696925.09256,-39199432978.491,-16993411774.619389,58911.65604131943
46,2020,3,3,15,59,41.97,8667435.59,-14148710.863,-20653753.882,3664.01164,727.59674,1062.10495,2020-03-03 15:59:41.970,47061530.170408905,355639037.67154056,146071532.2096109,142044844632.09653,-39175784133.68139,-16983159007.457323,58911.6664579861
46,2020,3,3,16,14,41.97,11880337.112,-13373065.69,-19521473.283,3465.36969,993.64174,1450.54449,2020-03-03 16:14:41.970,46156516.604923524,355652191.4534269,146163898.28567156,142052987656.42163,-39152134022.617004,-16972905690.804743,58911.67687465277
46,2020,3,3,16,29,41.97,14886920.619,-12365203.111000001,-18050143.547,3206.1633500000003,1242.87111,1814.43131,2020-03-03 16:29:41.970,45251235.47743809,355663334.05655956,146255437.85755455,142061125997.8955,-39128482646.09942,-16962651825.014816,58911.68729131943
46,2020,3,3,16,44,41.97,17634559.402,-11142276.527,-16264811.046999998,2890.75262,1470.8495500000001,2147.28837,2020-03-03 16:44:41.970,44345691.71241164,355672464.47594684,146346150.02027094,142069259656.3468,-39104830004.930145,-16952397410.440712,58911.6977079861
46,2020,3,3,16,59,41.97,20075024.205000002,-9725277.6,-14196127.280000001,2524.5365,1673.49697,2443.1574,2020-03-03 16:59:41.970,43439890.240512945,355679581.7163131,146436033.8723553,142077388631.60376,-39081176099.9107,-16942142447.435568,58911.70812465277
46,2020,3,3,17,14,41.97,22165379.434,-8138679.473999999,-11879827.826000001,2113.8628000000003,1847.16981,2696.71769,2020-03-03 17:14:41.970,42533835.998608135,355684684.79212475,146525088.51587838,142085512923.49524,-39057520931.84232,-16931886936.352465,58911.71854131943
46,2020,3,3,17,29,41.97,23868788.349,-6410009.995999999,-9356109.039,1665.91636,1988.735,2903.3940399999997,2020-03-03 17:29:41.970,41627533.92974745,355687772.7276153,146613313.05645886,142093632531.8503,-39033864501.52635,-16921630877.544498,58911.7289579861
46,2020,3,3,17,44,41.97,25155208.564,-4569362.546,-6668913.619,1188.5874700000002,2095.63427,3059.45081,2020-03-03 17:44:41.970,40720988.98315205,355688844.5568115,146700706.60327533,142101747456.49817,-39010206809.763916,-16911374271.364689,58911.73937465277
46,2020,3,3,17,59,41.97,26001961.286999997,-2648853.916,-3865138.8499999996,690.32341,2165.93718,3162.06927,2020-03-03 17:59:41.970,39814206.11420096,355687899.32355785,146787268.26907906,142109857697.26834,-38986547857.35607,-16901117118.166046,58911.74979131943
46,2020,3,3,18,14,41.97,26394160.597999997,-682040.2790000001,-993783.625,179.96648000000002,2198.38106,3209.40593,2020-03-03 18:14:41.970,38907190.28441787,355684936.0815436,146872997.17020577,142117963253.99048,-38962887645.10387,-16890859418.301567,58911.7602079861
46,2020,3,3,18,29,41.97,26324992.402,1296696.434,1894947.7380000001,-333.41737,2192.39661,3200.6299999999997,2020-03-03 18:29:41.970,37999946.46145751,355679953.89432716,146957892.42658773,142126064126.49448,-38939226173.80817,-16880601172.124197,58911.77062465277
46,2020,3,3,18,44,41.97,25795836.488,3252778.528,4750565.598,-840.7150399999999,2148.1185800000003,3135.93894,2020-03-03 18:44:41.970,37092479.61909221,355672951.83536214,147041953.1617663,142134160314.6106,-38915563444.269806,-16870342379.986853,58911.78104131943
46,2020,3,3,18,59,41.97,24816229.239,5152065.241,7523219.018,-1332.94314,2066.38114,3016.55166,2020-03-03 18:59:41.970,36184794.73719811,355663928.9880234,147125178.50290415,142142251818.1692,-38891899457.28946,-16860083042.242424,58911.7914579861
46,2020,3,3,19,14,41.97,23403668.63,6961474.465,10164603.752999999,-1801.42086,1948.69821,2844.67978,2020-03-03 19:14:41.970,35276896.80174174,355652884.4456319,147207567.58079752,142150338637.00107,-38868234213.66783,-16849823159.243774,58911.80187465277
46,2020,3,3,19,29,41.97,21583267.218000002,8649580.288999999,12628834.917,-2237.9341799999997,1797.2295199999999,2623.47811,2020-03-03 19:29:41.970,34368790.80476553,355639817.31148195,147289119.52988836,142158420770.9369,-38844567714.20543,-16839562731.343721,58911.81229131943
46,2020,3,3,19,44,41.97,19387262.561,10187174.04,14873266.31,-2634.8878799999998,1614.73368,2356.97601,2020-03-03 19:44:41.970,33460481.74437425,355624726.6988657,147369833.4882771,142166498219.80792,-38820899959.70269,-16829301758.895075,58911.8227079861
46,2020,3,3,19,59,41.97,16854397.771,11547777.749000002,16859240.264,-2985.44163,1404.50972,2049.99203,2020-03-03 19:59:41.970,32551974.624720838,355607611.7310998,147449708.5977347,142174570983.44562,-38797230950.96003,-16819040242.250591,58911.83312465277
46,2020,3,3,20,14,41.97,14029187.642,12708100.534,18552754.075,-3283.62776,1170.32898,1708.0344,2020-03-03 20:14:41.970,31643274.45599193,355588471.5415503,147528744.00371528,142182639061.68134,-38773560688.77765,-16808778181.763008,58911.84354131943
46,2020,3,3,20,29,41.97,10961087.844,13648430.108000001,19925031.684,-3524.4486899999997,916.3594,1337.19045,2020-03-03 20:29:41.970,30734386.254393373,355567305.2736598,147606938.85536832,142190702454.34705,-38749889173.955765,-16798515577.785023,58911.8539579861
46,2020,3,3,20,44,41.97,7703586.075999999,14352953.485,20952991.932,-3703.95277,647.08426,944.00788,2020-03-03 20:44:41.970,29825315.042136192,355544112.08097297,147684292.3055515,142198761161.27478,-38726216407.29448,-16788252430.669312,58911.86437465277
46,2020,3,3,20,59,41.97,4313234.792,14810002.832,21619607.457999997,-3819.28822,367.21742,535.37097,2020-03-03 20:59:41.970,28916065.847421482,355518891.127162,147760803.5108427,142206815182.29703,-38702542389.593765,-16777988740.768528,58911.87479131943
46,2020,3,3,21,14,41.97,848645.257,15012224.198,21914150.965,-3868.7352499999997,81.61702,118.37452,2020-03-03 21:14:41.970,28006643.70442593,355491641.5860537,147836471.63155308,142214864517.24606,-38678867121.6535,-16767724508.435244,58911.8852079861
46,2020,3,3,21,29,41.97,-2630537.739,14956668.568,21832328.009,-3851.71708,-204.80058,-299.80183,2020-03-03 21:29:41.970,27097053.65328672,355462362.64165443,147911295.8317392,142222909165.9547,-38655190604.27354,-16757459734.022058,58911.89562465277
46,2020,3,3,21,44,41.97,-6064662.024,14644806.169,21376297.696000002,-3768.7909999999997,-487.14502999999996,-712.01667,2020-03-03 21:44:41.970,26187300.74008666,355431053.48817694,147985275.27921575,142230949128.2561,-38631512838.253555,-16747194417.881495,58911.90604131943
46,2020,3,3,21,59,41.97,-9395077.718,14082466.292,20554584.592,-3621.621,-760.6330399999999,-1111.28521,2020-03-03 21:59:41.970,25277390.016839106,355397713.33006674,148058409.1455682,142238984403.98334,-38607833824.39319,-16736928560.366093,58911.9164579861
46,2020,3,3,22,14,41.97,-12565114.524,13279705.995000001,19381886.75,-3412.93348,-1020.66525,-1490.89147,2020-03-03 22:14:41.970,24367326.541472413,355362341.38202715,148130696.60616553,142247014992.9699,-38584153563.49199,-16726662161.828318,58911.92687465277
46,2020,3,3,22,29,41.97,-15521012.229,12250611.951000001,17878786.103,-3146.4578300000003,-1262.89781,-1844.4929000000002,2020-03-03 22:29:41.970,23457115.377814785,355324936.86904657,148202136.8401724,142255040895.04962,-38560472056.34935,-16716395222.620594,58911.93729131943
46,2020,3,3,22,44,41.97,-18212791.614,11013040.396,16071368.453,-2826.85372,-1483.3082,-2166.2164900000002,2020-03-03 22:44:41.970,22546761.595578916,355285499.02642477,148272729.0305625,142263062110.0564,-38536789303.76463,-16706127743.095352,58911.9477079861
46,2020,3,3,22,59,41.97,-20595054.498,9588300.709999999,13990761.15,-2459.62661,-1678.2546499999999,-2450.7454700000003,2020-03-03 22:59:41.970,21636270.270345755,355244027.09979844,148342472.3641309,142271078637.8243,-38513105306.53704,-16695859723.604965,58911.95812465277
46,2020,3,3,23,14,41.97,-22627703.163,8000788.522,11672597.055,-2051.03333,-1844.52879,-2693.3963200000003,2020-03-03 23:14:41.970,20725646.48354939,355200520.34516776,148411366.0315067,142279090478.18777,-38489420065.465805,-16685591164.501764,58911.96854131943
46,2020,3,3,23,29,41.97,-24276570.814999998,6277574.547,9156413.88,-1607.97909,-1979.40136,-2890.18537,2020-03-03 23:29:41.970,19814895.322460648,355154978.02892315,148479409.22716615,142287097630.98145,-38465733581.3499,-16675322066.13808,58911.9789579861
46,2020,3,3,23,44,41.97,-25513955.986,4447955.563,6484998.253,-1137.9071999999999,-2080.66062,-3037.88494,2020-03-03 23:44:41.970,18904021.880171355,355107399.4278711,148546601.14944506,142295100096.04034,-38442045854.98827,-16665052428.866182,58911.98937465277
46,2020,3,3,23,59,41.97,-26319055.198,2542974.107,3703684.116,-648.68345,-2146.6434,-3134.06865,2020-03-03 23:59:41.970,17993031.317724116,355057783.8327151,148612940.99605542,142303097870.67056,-38418356894.66423,-16654782256.28284,58911.99979131943
46,2020,3,4,0,14,41.97,-26678288.205000002,594917.61,859620.995,-148.47594999999998,-2176.25871,-3177.14596,2020-03-04 00:14:41.970,17081928.61551988,355006130.53440344,148678427.98214164,142311090959.76663,-38394666686.20812,-16644511542.251375,58912.0102079861
46,2020,3,4,0,29,41.97,-26585517.952,-1363220.499,-1999012.698,354.37197,-2169.0037700000003,-3166.38528,2020-03-04 00:29:41.970,16170718.946154142,354952438.84446543,148743061.31314093,142319079360.63388,-38370975237.902596,-16634240290.368317,58912.02062465277
46,2020,3,4,0,44,41.97,-26042146.299,-3298250.185,-4823754.2,851.46365,-2124.9721,-3101.92602,2020-03-04 00:44:41.970,15259407.425838895,354896708.0816375,148806840.20295686,142327063073.1079,-38347282550.546265,-16623968500.985817,58912.03104131943
46,2020,3,4,0,59,41.97,-25057108.081,-5177338.482,-7566664.66,1334.47981,-2044.8540899999998,-2984.77925,2020-03-04 00:59:41.970,14347999.176524786,354838937.57520485,148869763.86941668,142335042097.02496,-38323588624.93752,-16613696174.455973,58912.0414579861
46,2020,3,4,1,14,41.97,-23646743.061,-6968539.79,-10181103.675,1795.30559,-1929.92936,-2816.8165200000003,2020-03-04 01:14:41.970,13436499.325884432,354779126.66502804,148931831.53428498,142343016432.22116,-38299893461.874756,-16603423311.13085,58912.05187465277
46,2020,3,4,1,29,41.97,-21834554.828,-8641319.76,-12622494.303,2226.15717,-1782.05109,-2600.74694,2020-03-04 01:29:41.970,12524913.00729521,354717274.70156926,148993042.42327604,142350986078.53305,-38276197062.1563,-16593149911.362495,58912.06229131943
46,2020,3,4,1,44,41.97,-19650856.781,-10167061.372,-14849062.059,2619.70585,-1603.6221699999999,-2340.08224,2020-03-04 01:44:41.970,11613245.359822413,354653381.04591864,149053395.76606733,142358951035.7974,-38252499426.58026,-16582875975.5029,58912.0727079861
46,2020,3,4,1,59,41.97,-17132308.130000003,-11519545.826,-16822537.051,2969.19811,-1397.56305,-2039.0898399999999,2020-03-04 01:59:41.970,10701501.52820193,354587445.0698223,149112890.79631194,142366911303.85107,-38228800555.94473,-16572601503.90404,58912.08312465277
46,2020,3,4,2,14,41.97,-14321344.245000001,-12675400.779,-18508808.391,3268.57008,-1167.27131,-1702.73372,2020-03-04 02:14:41.970,9789686.662822615,354519466.1557073,149171526.7516524,142374866882.53137,-38205100451.04769,-16562326496.917841,58912.09354131943
46,2020,3,4,2,29,41.97,-11265507.211,-13614508.506000001,-19878520.041,3512.55449,-916.57308,-1336.60339,2020-03-04 02:29:41.970,8877805.919709135,354449443.69670904,149229302.8737331,142382817771.67557,-38181399112.68702,-16552050954.896181,58912.1039579861
46,2020,3,4,2,44,41.97,-8016684.127,-14320366.709,-20907597.443,3696.7784199999996,-649.66643,-946.83123,2020-03-04 02:44:41.970,7965864.460503996,354377377.0966985,149286218.40821362,142390763971.1215,-38157696541.66045,-16541774878.19094,58912.11437465277
46,2020,3,4,2,59,41.97,-4630262.443,-14780394.922,-21577694.655,3817.84957,-371.05716,-539.9986,2020-03-04 02:59:41.970,7053867.452449975,354303265.7703084,149342272.60478187,142398705480.70685,-38133992738.76571,-16531498267.153934,58912.12479131943
46,2020,3,4,3,14,41.97,-1164213.506,-14986179.877,-21876552.315,3873.4291399999997,-85.48747,-123.03169,2020-03-04 03:14:41.970,6141820.068371871,354227109.1429598,149397464.71716723,142406642300.26984,-38110287704.80031,-16521221122.136942,58912.1352079861
46,2020,3,4,3,29,41.97,2321882.6,-14933653.776999999,-21798257.569000002,3862.2890899999998,202.14165,296.91193,2020-03-04 03:29:41.970,5229727.486658836,354148906.65088934,149451794.00315374,142414574429.6487,-38086581440.56177,-16510943443.491724,58912.14562465277
46,2020,3,4,3,44,41.97,5767855.9290000005,-14623200.229,-21343398.32,3784.3517,486.85339999999997,712.5644799999999,2020-03-04 03:44:41.970,4317594.891245792,354068657.7411757,149505259.7245931,142422501868.68222,-38062873946.84742,-16500665231.56999,58912.15604131943
46,2020,3,4,3,59,41.97,9113992.518,-14059683.557,-20519105.563,3640.70957,763.68219,1116.67509,2020-03-04 03:59:41.970,3405427.471595142,353986361.8717672,149557861.14741802,142430424617.20908,-38039165224.45455,-16490386486.723425,58912.1664579861
46,2020,3,4,4,14,41.97,12302088.773,-13252398.531000001,-19338979.461999997,3433.62443,1027.76323,1502.14069,2020-03-04 04:14:41.970,2493230.422678444,353902018.5115078,149609597.54165578,142438342675.06808,-38015455274.18032,-16480107209.303648,58912.17687465277
46,2020,3,4,4,29,41.97,15276494.718,-12214938.951,-17822896.919999998,3166.5034,1274.42294,1862.13799,2020-03-04 04:29:41.970,1581008.9449575217,353815627.14016384,149660468.1814407,142446256042.09882,-37991744096.82176,-16469827399.662283,58912.18729131943
46,2020,3,4,4,44,41.97,17985125.48,-10964985.251,-15996700.884,2843.85202,1499.2681699999998,2190.25382,2020-03-04 04:44:41.970,668768.2443658387,353727187.24845225,149710472.3450282,142454164718.14053,-37968031693.175865,-16459547058.150883,58912.1977079861
46,2020,3,4,4,59,41.97,20380419.96,-9524013.109,-13891774.293,2471.2039200000004,1698.2721199999999,2480.6106200000004,2020-03-04 04:59:41.970,-243486.46771058088,353636698.33806574,149759609.3148078,142462068703.03305,-37944318064.03948,-16449266185.12099,58912.20812465277
46,2020,3,4,5,14,41.97,22420225.868,-7916927.006,-11544504.446999999,2055.02767,1867.85486,2727.98387,2020-03-04 05:14:41.970,-1155749.974452145,353544159.92170167,149807878.3773162,142469967996.61633,-37920603210.20933,-16438984780.924082,58912.21854131943
46,2020,3,4,5,29,41.97,24068591.094,-6171624.6680000005,-8995646.473000001,1602.6121,2004.95605,2927.90841,2020-03-04 05:29:41.970,-2068017.0536249115,353449571.5230871,149855278.82325107,142477862598.7304,-37896887132.48208,-16428702845.911615,58912.2289579861
46,2020,3,4,5,44,41.97,25296442.985000003,-4318500.268,-6289597.402000001,1121.93224,2107.09793,3076.77027,2020-03-04 05:44:41.970,-2980282.477600046,353352932.67700684,149901809.94748428,142485752509.21576,-37873169831.65424,-16418420380.435009,58912.23937465277
46,2020,3,4,5,59,41.97,26082139.338,-2389896.06,-3473594.989,621.49887,2172.4367,3171.88161,2020-03-04 05:59:41.970,-3892541.013373342,353254242.9293308,149947471.049075,142493637727.91312,-37849451308.52229,-16408137384.845648,58912.24979131943
46,2020,3,4,6,14,41.97,26411877.777999997,-419513.663,-596857.691,110.19495,2199.80053,3211.53627,2020-03-04 06:14:41.970,-4804787.422584817,353153501.8370402,149992261.43128362,142501518254.66302,-37825731563.882515,-16397853859.494846,58912.2602079861
46,2020,3,4,6,29,41.97,26279953.698000003,1558202.523,2290315.983,-402.89669,2188.7133200000003,3195.04424,2020-03-04 06:29:41.970,-5717016.461538582,353050708.9682545,150036180.40158474,142509394089.3069,-37802010598.53119,-16387569804.733936,58912.27062465277
46,2020,3,4,6,44,41.97,25688860.715,3508696.4699999997,5137469.317,-908.67019,2139.40327,3122.7441599999997,2020-03-04 06:44:41.970,-6629222.881222811,352945863.9022597,150079227.27168098,142517265231.68585,-37778288413.264366,-16377285220.914156,58912.28104131943
46,2020,3,4,6,59,41.97,24649231.759999998,5397932.546,7894910.397,-1398.17323,2052.7962500000003,2995.9934700000003,2020-03-04 06:59:41.970,-7541401.427329847,352838966.22953403,150121401.357516,142525131681.6415,-37754565008.8781,-16367000108.38675,58912.2914579861
46,2020,3,4,7,14,41.97,23179622.982,7193014.767,10514616.386,-1862.77898,1930.49412,2817.13675,2020-03-04 07:14:41.970,-8453546.840276496,352730015.5517757,150162701.97928876,142532993439.01538,-37730840386.16827,-16356714467.50288,58912.30187465277
46,2020,3,4,7,29,41.97,21306146.742000002,8862780.17,12951099.899999999,-2294.34889,1774.7391,2589.4534,2020-03-04 07:29:41.970,-9365653.85522443,352619011.4819299,150203128.46146607,142540850503.64978,-37707114545.93069,-16346428298.613703,58912.31229131943
46,2020,3,4,7,44,41.97,19061963.559,10378354.126,15162219.709999999,-2685.38266,1588.36509,2317.08664,2020-03-04 07:44:41.970,-10277717.202100743,352505953.6442164,150242680.13279706,142548702875.3867,-37683387488.96105,-16336141602.070328,58912.3227079861
46,2020,3,4,7,59,41.97,16486646.164,11713656.728,17109919.909,-3029.15204,1374.73785,2004.9559399999998,2020-03-04 07:59:41.970,-11189731.60561875,352390841.67415583,150281356.3263261,142556550554.06863,-37659659216.05491,-16325854378.223818,58912.33312465277
46,2020,3,4,8,14,41.97,13625431.398,12845850.956,18760883.957999997,-3319.81587,1137.68582,1658.6559,2020-03-04 08:14:41.970,-12101691.785298713,352273675.2185973,150319156.37940675,142564393539.5382,-37635929728.00773,-16315566627.425201,58912.34354131943
46,2020,3,4,8,29,41.97,10528377.677000001,13755725.07,20087092.619,-3552.51467,881.42349,1284.34432,2020-03-04 08:29:41.970,-13013592.455489079,352154453.9357454,150356079.63371512,142572231831.63843,-37612199025.614914,-16305278350.02546,58912.3539579861
46,2020,3,4,8,44,41.97,7249447.053,14428003.570999999,21066277.498,-3723.44352,610.46959,888.62263,2020-03-04 08:44:41.970,-13925428.32538735,352033177.4951878,150392125.43526366,142580065430.21207,-37588467109.67168,-16294989546.375551,58912.36437465277
46,2020,3,4,8,59,41.97,3845531.534,14851582.908,21682264.623999998,-3829.90297,329.56204,478.41161999999997,2020-03-04 08:59:41.970,-14837194.099061921,351909845.5779217,150427293.1344148,142587894335.1028,-37564733980.97325,-16284700216.826378,58912.37479131943
46,2020,3,4,9,14,41.97,375443.39,15019689.899,21925205.141,-3870.3283100000003,43.571569999999994,60.82527,2020-03-04 09:14:41.970,-15748884.475472936,351784457.8763822,150461582.0858945,142595718546.1541,-37540999640.31458,-16274410361.728794,58912.3852079861
46,2020,3,4,9,29,41.97,-3101111.324,14929962.519000001,21791692.581,-3844.29776,-242.58418,-356.9547,2020-03-04 09:29:41.970,-16660494.148494517,351657014.0944678,150494991.64880604,142603538063.20966,-37517264088.4906,-16264119981.433647,58912.39562465277
46,2020,3,4,9,44,41.97,-6524557.68,14584454.182,21284768.391000003,-3752.52099,-524.0245100000001,-767.8013900000001,2020-03-04 09:44:41.970,-17572017.806936253,351527513.94756943,150527521.18664384,142611352886.11356,-37493527326.29612,-16253829076.291708,58912.40604131943
46,2020,3,4,9,59,41.97,-9836458.074000001,13989563.918,20413819.244,-3596.8093200000003,-795.98627,-1164.76033,2020-03-04 09:59:41.970,-18483450.13456513,351395957.1625963,150559170.06730664,142619163014.70984,-37469789354.5259,-16243537646.653734,58912.4164579861
46,2020,3,4,10,14,41.97,-12980483.997,13155895.957,19194371.248999998,-3380.02928,-1053.90001,-1541.1607099999999,2020-03-04 10:14:41.970,-19394785.810127858,351262343.4780041,150589937.6631121,142626968448.8433,-37446050173.97448,-16233245692.870419,58912.42687465277
46,2020,3,4,10,29,41.97,-15903339.188,12098053.068,17647787.443,-3106.0413,-1293.46088,-1890.71894,2020-03-04 10:29:41.970,-20306019.50737311,351126672.6438213,150619823.3508096,142634769188.3583,-37422309785.43637,-16222953215.292423,58912.43729131943
46,2020,3,4,10,44,41.97,-18555621.564,10834368.712,15800875.959999999,-2779.62525,-1510.6936,-2207.63345,2020-03-04 10:44:41.970,-21217145.895073663,350988944.4216774,150648826.5115951,142642565233.09988,-37398568189.705925,-16212660214.270374,58912.4477079861
46,2020,3,4,10,59,41.97,-20892612.866,9386583.575000001,13685417.004,-2406.39458,-1702.01105,-2486.67019,2020-03-04 10:59:41.970,-22128159.637049407,350849158.58482987,150676946.5311238,142650356582.91302,-37374825387.57739,-16202366690.154848,58912.45812465277
46,2020,3,4,11,14,41.97,-22874986.458,7779472.443,11337617.359,-1992.7005499999998,-1864.26595,-2723.2381100000002,2020-03-04 11:14:41.970,-23039055.392189886,350707314.9181907,150704182.799525,142658143237.6432,-37351081379.84496,-16192072643.296387,58912.46854131943
46,2020,3,4,11,29,41.97,-24469425.121,6040427.643,8797501.521,-1545.52818,-1994.79568,-2913.45444,2020-03-04 11:29:41.970,-23949827.81447718,350563413.2183546,150730534.711415,142665925197.13596,-37327336167.30262,-16181778074.045475,58912.4789579861
46,2020,3,4,11,44,41.97,-25649141.914,4199005.479,6108248.8780000005,-1072.38518,-2091.45965,-3054.19931,2020-03-04 11:44:41.970,-24860471.553009104,350417453.2936258,150756001.6659117,142673702461.23694,-37303589750.74428,-16171482982.75258,58912.48937465277
46,2020,3,4,11,59,41.97,-26394298.59,2286442.2939999998,3315486.558,-581.1855099999999,-2152.66942,-3143.15956,2020-03-04 11:59:41.970,-25770981.252022326,350269434.96404546,150780583.06664798,142681475029.79227,-37279842130.96376,-16161187369.768105,58912.49979131943
46,2020,3,4,12,14,41.97,-26692316.856000002,335146.80299999996,466547.741,-80.12795,-2177.41129,-3178.86167,2020-03-04 12:14:41.970,-26681351.550915934,350119358.0614192,150804278.32178584,142689242902.64822,-37256093308.75476,-16150891235.442417,58912.5102079861
46,2020,3,4,12,29,41.97,-26538078.987,-1621824.467,-2390294.628,422.42823000000004,-2165.26123,-3160.6934899999997,2020-03-04 12:29:41.970,-27591577.084274758,349967222.4293439,150827086.8440302,142697006079.65106,-37232343284.91085,-16140594580.12584,58912.52062465277
46,2020,3,4,12,44,41.97,-25934015.239,-3551301.743,-5206608.616,918.0902199999999,-2116.39217,-3088.91464,2020-03-04 12:44:41.970,-28501652.481893383,349813027.9232352,150849008.05064294,142704764560.64767,-37208592060.22551,-16130297404.168667,58912.53104131943
46,2020,3,4,12,59,41.97,-24890076.71,-5420539.515000001,-7934588.305000001,1398.5592,-2031.5732199999998,-2964.6555000000003,2020-03-04 12:59:41.970,-29411572.368799765,349656774.4103548,150870041.36345667,142712518345.48468,-37184839635.49205,-16119999707.921131,58912.5414579861
46,2020,3,4,13,14,41.97,-23423593.187999997,-7197749.872,-10527832.589,1855.7581,-1912.1611300000002,-2789.90441,2020-03-04 13:14:41.970,-30321331.365279514,349498461.769838,150890186.20888865,142720267434.0094,-37161086011.503685,-16109701491.733429,58912.55187465277
46,2020,3,4,13,29,41.97,-21559016.555999998,-8852624.408,-12942107.201000001,2281.95798,-1760.08348,-2567.48312,2020-03-04 13:29:41.970,-31230924.08689998,349338089.89272034,150909442.01795483,142728011826.06903,-37137331189.053604,-16099402755.955715,58912.56229131943
46,2020,3,4,13,44,41.97,-19327551.621,-10356837.377,-15136079.218999999,2669.90159,-1577.81375,-2301.01021,2020-03-04 13:44:41.970,-32140345.14453469,349175658.68196565,150927808.22628418,142735751521.51114,-37113575168.93474,-16089103500.938107,58912.5727079861
46,2020,3,4,13,59,41.97,-16766677.488000002,-11684522.646,-17072013.226999998,3012.92275,-1368.33805,-1994.8524400000001,2020-03-04 13:59:41.970,-33049589.144387893,349011168.0524931,150945284.27413204,142743486520.18353,-37089817951.939995,-16078803727.030647,58912.58312465277
46,2020,3,4,14,14,41.97,-13919564.005,-12812717.029,-18716418.258,3305.05987,-1135.11364,-1654.06404,2020-03-04 14:14:41.970,-33958650.68801928,348844617.93120396,150961869.6063946,142751216821.93417,-37066059538.86215,-16068503434.583384,58912.59354131943
46,2020,3,4,14,29,41.97,-10834389.363,-13721762.565000001,-20040634.689999998,3541.1618,-882.01927,-1284.31402,2020-03-04 14:29:41.970,-34867524.37236893,348676008.2570095,150977563.6726225,142758942426.61124,-37042299930.493835,-16058202623.946285,58912.6039579861
46,2020,3,4,14,44,41.97,-7563566.606000001,-14395660.514999999,-21021350.524,3716.98404,-613.29754,-891.80199,2020-03-04 14:44:41.970,-35776204.78978226,348505338.9808582,150992365.92703554,142766663334.06302,-37018539127.62756,-16047901295.469273,58912.61437465277
46,2020,3,4,14,59,41.97,-4162888.5979999998,-14822370.048,-21641036.812,3829.2734,-333.48974,-483.1628,2020-03-04 14:59:41.970,-36684686.52803524,348332610.0657626,151006275.8285362,142774379544.13837,-36994777131.055756,-16037599449.502249,58912.62479131943
46,2020,3,4,15,14,41.97,-690602.862,-14994045.072999999,-21888292.653,3875.83882,-47.36365,-65.36111,2020-03-04 15:14:41.970,-37592964.17036004,348157821.48682684,151019292.84072375,142782091056.686,-36971013941.57073,-16027297086.39506,58912.6352079861
46,2020,3,4,15,29,41.97,2793570.3669999996,-14907203.237,-21758091.072,3855.60641,240.16486,354.42323999999996,2020-03-04 15:29:41.970,-38501032.29547029,347980973.23127425,151031416.4319086,142789797871.5551,-36947249559.96466,-16016994206.497494,58912.64562465277
46,2020,3,4,15,44,41.97,6229461.668,-14562821.953,-21251918.267,3768.65644,524.11537,768.91726,2020-03-04 15:44:41.970,-39408885.47758694,347802065.2984742,151042646.07512614,142797499988.59476,-36923483987.02959,-16006690810.159311,58912.65604131943
46,2020,3,4,15,59,41.97,9557500.515,-13966357.348,-20377800.255999997,3616.2406499999997,799.5304,1170.88265,2020-03-04 15:59:41.970,-40316518.286464214,347621097.69996905,151052981.24815065,142805197407.6546,-36899717223.55741,-15996386897.730223,58912.6664579861
46,2020,3,4,16,14,41.97,12719769.348,-13127683.322999999,-19150212.819000002,3400.778,1061.56524,1553.24692,2020-03-04 16:14:41.970,-41223925.28741556,347438070.45950234,151062421.43351045,142812890128.58438,-36875949270.33999,-15986082469.559885,58912.67687465277
46,2020,3,4,16,29,41.97,15661043.755,-12060949.374,-17589872.816999998,3125.82791,1305.57829,1909.23541,2020-03-04 16:29:41.970,-42131101.04134017,347252983.6130449,151070966.11850056,142820578151.2339,-36852180128.16903,-15975777525.997925,58912.68729131943
46,2020,3,4,16,44,41.97,18329798.066,-10784357.58,-15723411.467,2796.04008,1527.22,2232.5010700000003,2020-03-04 16:44:41.970,-43038040.10474897,347065837.2088231,151078614.79519793,142828261475.45337,-36828409797.8361,-15965472067.393911,58912.6977079861
46,2020,3,4,16,59,41.97,20679155.299,-9319860.989999998,-13582932.870000001,2417.0810399999996,1722.51825,2517.24914,2020-03-04 16:59:41.970,-43944737.02979167,346876631.307345,151085366.9604752,142835940101.09317,-36804638280.13265,-15955166094.097364,58912.70812465277
46,2020,3,4,17,14,41.97,22667760.671,-7692787.61,-11205463.959,1995.53797,1887.9579099999999,2758.35323,2020-03-04 17:14:41.970,-44851186.364283204,346685365.9814287,151091222.11601493,142843614028.0039,-36780865575.84997,-15944859606.45777,58912.71854131943
46,2020,3,4,17,29,41.97,24260558.848,-5931396.206,-8632304.949,1538.80122,2020.55246,2951.4598300000002,2020-03-04 17:29:41.970,-45757382.65173083,346492041.3162286,151096179.76832372,142851283256.03632,-36757091685.77931,-15934552604.82457,58912.7289579861
46,2020,3,4,17,44,41.97,25429456.73,-4066372.039,-5908292.169000001,1054.92788,2117.90554,3093.0780000000004,2020-03-04 17:44:41.970,-46663320.4313613,346296657.40926296,151100239.42874646,142858947785.04144,-36733316610.71177,-15924245089.547123,58912.73937465277
46,2020,3,4,17,59,41.97,26153855.943,-2130272.426,-3080987.7630000003,552.48924,2178.26058,3180.6518,2020-03-04 17:59:41.970,-47568994.238147974,346099214.3704409,151103400.61348063,142866607614.87033,-36709540351.43832,-15913937060.974802,58912.74979131943
46,2020,3,4,18,14,41.97,26421042.163999997,-156933.56,-199812.939,40.40581,2200.5370599999997,3212.61298,2020-03-04 18:14:41.970,-48474398.60283847,345899712.3220899,151105662.84359038,142874262745.3747,-36685762908.749756,-15903628519.456879,58912.7602079861
46,2020,3,4,18,29,41.97,26226421.921,1819148.819,2684856.7939999998,-472.22592000000003,2184.35221,3188.41254,2020-03-04 18:29:41.970,-49379528.05198224,345698151.3989824,151107025.6450206,142881913176.40594,-36661984283.43682,-15893319465.342606,58912.77062465277
46,2020,3,4,18,44,41.97,25573601.412,3763451.501,5522614.852,-976.31055,2130.02757,3108.53013,2020-03-04 18:44:41.970,-50284377.107958294,345494531.7483633,151107488.54861173,142889558907.81613,-36638204476.29016,-15883009898.981188,58912.78104131943
46,2020,3,4,18,59,41.97,24474305.985999998,5642054.917,8263945.209,-1462.92998,2038.58031,2974.4611299999997,2020-03-04 18:59:41.970,-51188940.28900339,345288853.5299769,151107051.0901132,142897199939.45712,-36614423488.10019,-15872699820.721775,58912.7914579861
46,2020,3,4,19,14,41.97,22948143.082,7422259.696,10861122.592,-1923.5143500000001,1911.6996900000001,2788.6821,2020-03-04 19:14:41.970,-52093212.109240174,345081116.9160939,151105712.81019837,142904836271.1813,-36590641319.65729,-15862389230.913462,58912.80187465277
46,2020,3,4,19,29,41.97,21022215.364,9073175.634,13269072.236,-2350.00334,1751.7094900000002,2554.59573,2020-03-04 19:29:41.970,-52997187.07870541,344871322.09153867,151103473.25447842,142912467902.84128,-36566857971.751656,-15852078129.905308,58912.81229131943
46,2020,3,4,19,44,41.97,18730594.454,10566271.097000001,15446171.665,-2734.9940699999997,1561.51783,2276.4574,2020-03-04 19:44:41.970,-53900859.7033786,344659469.25371593,151100331.97351673,142920094834.28964,-36543073445.17342,-15841766518.046333,58912.8227079861
46,2020,3,4,19,59,41.97,16113668.763,11875872.140999999,17354978.912,-3071.87249,1344.556,1959.28564,2020-03-04 19:59:41.970,-54804224.48521076,344445558.61263824,151096288.52284324,142927717065.37924,-36519287740.71255,-15831454395.68548,58912.83312465277
46,2020,3,4,20,14,41.97,13217381.49,12979602.32,18962873.961000003,-3354.92571,1104.70811,1608.75928,2020-03-04 20:14:41.970,-55707275.92215318,344229590.3909526,151091342.46296853,142935334595.96335,-36495500859.1589,-15821141763.171665,58912.84354131943
46,2020,3,4,20,29,41.97,10092376.718,13858755.864,20242602.776,-3579.43368,846.23374,1231.1043399999999,2020-03-04 20:29:41.970,-56610008.508186705,344011564.8239677,151085493.35939837,142942947425.89502,-36471712801.30216,-15810828620.85375,58912.8539579861
46,2020,3,4,20,44,41.97,6793072.762,14498598.816,21172716.02,-3741.7391000000002,573.68552,832.97362,2020-03-04 20:44:41.970,-57512416.73335081,343791482.1596803,151078740.78264782,142950555555.02823,-36447923567.931984,-15800514969.080563,58912.86437465277
46,2020,3,4,20,59,41.97,3376682.465,14888594.561,21737897.265,-3839.29539,291.82388,421.32201000000003,2020-03-04 20:59:41.970,-58414495.08377311,343569342.6588028,151071084.30825546,142958158983.21643,-36424133159.83781,-15790200808.20085,58912.87479131943
46,2020,3,4,21,14,41.97,-97799.879,15022551.941,21929178.105,-3870.69297,5.53057,3.2803099999999996,2020-03-04 21:14:41.970,-59316238.04169888,343345146.5947903,151062523.51679835,142965757710.31366,-36400341577.80896,-15779886138.563337,58912.8852079861
46,2020,3,4,21,29,41.97,-3570625.8419999997,14898695.809999999,21744039.956,-3835.6647900000003,-280.27693999999997,-413.96999,2020-03-04 21:29:41.970,-60217640.085521184,343118894.25386626,151053057.993905,142973351736.17422,-36376548822.63466,-15769570960.51669,58912.89562465277
46,2020,3,4,21,44,41.97,-6982316.218,14519661.344,21186404.498,-3735.07228,-560.7290700000001,-823.31865,2020-03-04 21:44:41.970,-61118695.6898105,342890585.9350506,151042687.33027154,142980941060.6523,-36352754895.10404,-15759255274.409525,58912.90604131943
46,2020,3,4,21,59,41.97,-10274663.461,13892414.655000001,20266516.492,-3570.8731500000004,-831.0841,-1217.84358,2020-03-04 21:59:41.970,-62019399.325345024,342660221.9501862,151031411.12167436,142988525683.60248,-36328959796.006035,-15748939080.590403,58912.9164579861
46,2020,3,4,22,14,41.97,-13391697.688000001,13028103.339,19000724.309,-3346.0728999999997,-1086.8037100000001,-1590.92105,2020-03-04 22:14:41.970,-62919745.4591411,342427802.6239651,151019228.96898556,142996105604.87982,-36305163526.129486,-15738622379.407846,58912.92687465277
46,2020,3,4,22,29,41.97,-16280602.263999999,11941841.414,17411164.679,-3064.66159,-1323.6231599999999,-1936.32812,2020-03-04 22:29:41.970,-63819728.554483645,342193328.29395586,151006140.4781867,143003680824.33908,-36281366086.26304,-15728305171.210325,58912.93729131943
46,2020,3,4,22,44,41.97,-18892566.571,10652433.773999998,15525359.171,-2731.5377500000004,-1537.61542,-2248.33625,2020-03-04 22:44:41.970,-64719343.07095698,341956799.31063026,150992145.26038337,143011251341.8356,-36257567477.19538,-15717987456.346252,58912.9477079861
46,2020,3,4,22,59,41.97,-21183565.102,9182045.784,13375730.645,-2352.42103,-1725.24884,-2521.79544,2020-03-04 22:59:41.970,-65618583.46447567,341718216.0373896,150977242.9318196,143018817157.22473,-36233767699.71483,-15707669235.163996,58912.95812465277
46,2020,3,4,23,14,41.97,-23115053.507,7555824.029,10999048.446999999,-1933.75524,-1883.43805,-2752.2083300000004,2020-03-04 23:14:41.970,-66517444.18731565,341477578.8505918,150961433.113892,143026378270.3621,-36209966754.60981,-15697350508.011873,58912.96854131943
46,2020,3,4,23,29,41.97,-24654573.599,5801474.459,8435811.509,-1482.60324,-2009.58763,-2935.79406,2020-03-04 23:29:41.970,-67415919.68814547,341234888.13957745,150944715.43316457,143033934681.1037,-36186164642.66843,-15687031275.238146,58912.9789579861
46,2020,3,4,23,44,41.97,-25776260.563,3948804.399,5729578.795,-1006.53502,-2101.62873,-3069.54138,2020-03-04 23:44:41.970,-68314004.41205782,340990144.3066971,150927089.52138242,143041486389.30536,-36162361364.67879,-15676711537.19103,58912.98937465277
46,2020,3,4,23,59,41.97,-26461247.053,2029235.075,2926256.785,-513.5105,-2158.048,-3151.25099,2020-03-04 23:59:41.970,-69211692.80060117,340743347.7673373,150908555.0154865,143049033394.82343,-36138556921.42878,-15666391294.21869,58912.99979131943
46,2020,3,5,0,14,41.97,-26697958.905,75295.365,73359.715,-11.75845,-2177.9093500000004,-3179.56698,2020-03-05 00:14:41.970,-70108979.29181166,340494498.9499478,150889111.5576283,143056575697.5142,-36114751313.706215,-15656070546.669231,58913.0102079861
46,2020,3,5,0,29,41.97,-26482303.630999997,-1879920.8020000001,-2780783.2090000003,490.35152,-2160.8677,-3153.99677,2020-03-05 00:29:41.970,-71005858.32024503,340243598.2960665,150868758.79518345,143064113297.23465,-36090944542.298744,-15645749294.890718,58913.02062465277
46,2020,3,5,0,44,41.97,-25817736.388,-3803265.285,-5587773.827,984.43116,-2107.1752199999996,-3074.9201,2020-03-05 00:44:41.970,-71902324.3170088,339990646.26034784,150847496.38076684,143071646193.84143,-36067136607.993904,-15635427539.231157,58913.03104131943
46,2020,3,5,0,59,41.97,-24715221.823,-5662089.393999999,-8299953.713,1462.20449,-2017.67962,-2943.58638,2020-03-05 00:59:41.970,-72798371.70979494,339735643.31058776,150825323.97224632,143079174387.1916,-36043327511.5791,-15625105280.038515,58913.0414579861
46,2020,3,5,1,14,41.97,-23193074.928000003,-7424772.046,-10871175.287,1915.6345800000001,-1893.81446,-2762.10026,2020-03-05 01:14:41.970,-73693994.92291228,339478589.92775095,150802241.23275778,143086697877.14243,-36019517253.84156,-15614782517.660675,58913.05187465277
46,2020,3,5,1,29,41.97,-21276689.0,-9061239.584999999,-13257560.634,2337.04957,-1737.58127,-2533.3954099999996,2020-03-05 01:29:41.970,-74589188.37731932,339219486.60599613,150778247.83071905,143094216663.55142,-35995705835.56846,-15604459252.445507,58913.06229131943
46,2020,3,5,1,44,41.97,-18998151.394,-10543465.867999999,-15418231.334,2719.26583,-1551.5235,-2261.19633,2020-03-05 01:44:41.970,-75483946.49065712,338958333.852704,150753343.43984416,143101730746.27618,-35971893257.546745,-15594135484.740799,58913.0727079861
46,2020,3,5,1,59,41.97,-16395750.368,-11845945.175999999,-17315998.442,3055.70655,-1338.6922299999999,-1949.9679700000002,2020-03-05 01:59:41.970,-76378263.67728265,338695132.1885014,150727527.73915857,143109240125.17462,-35948079520.56337,-15583811214.894299,58913.08312465277
46,2020,3,5,2,14,41.97,-13513377.74,-12946130.512,-18918001.770999998,3340.51432,-1102.60356,-1604.85344,2020-03-05 02:14:41.970,-77272134.34830207,338429882.1472895,150700800.41301224,143116744800.10498,-35924264625.404945,-15573486443.253704,58913.09354131943
46,2020,3,5,2,29,41.97,-10399833.676,-13824829.900999999,-20196287.678,3568.6558,-847.1878499999999,-1231.59972,2020-03-05 02:29:41.970,-78165552.91160432,338162584.27626836,150673161.15109515,143124244770.92526,-35900448572.85815,-15563161170.166655,58913.1039579861
46,2020,3,5,2,44,41.97,-7108041.574,-14466553.443,-21128314.805999998,3736.01647,-576.73116,-836.47189,2020-03-05 02:44:41.970,-79058513.77189472,337893239.1359643,150644609.64845115,143131740037.49417,-35876631363.709404,-15552835395.980734,58913.11437465277
46,2020,3,5,2,59,41.97,-3694182.841,-14859804.184,-21697377.635,3839.4835199999998,-295.80902999999995,-426.15641999999997,2020-03-05 02:59:41.970,-79951011.33072911,337621847.3002544,150615145.60549226,143139230599.67017,-35852812998.745056,-15542509121.043482,58913.12479131943
46,2020,3,5,3,14,41.97,-216763.24500000002,-14997306.298,-21892938.365999997,3877.01472,-9.21349,-7.6543,2020-03-05 03:14:41.970,-80843039.9865479,337348409.3563943,150584768.72801337,143146716457.31226,-35828993478.751305,-15532182345.702377,58913.1352079861
46,2020,3,5,3,29,41.97,3264375.58,-14876164.704,-21710858.586,3847.69102,278.12614,411.83456,2020-03-05 03:29:41.970,-81734594.1347103,337072925.90504295,150553478.72720647,143154197610.2796,-35805172804.51413,-15521855070.30483,58913.14562465277
46,2020,3,5,3,44,41.97,6689083.993,-14497951.103,-21153523.394,3751.7511400000003,561.22739,825.03437,2020-03-05 03:44:41.970,-82625668.16752897,336795397.560289,150521275.31967476,143161674058.43118,-35781350976.81958,-15511527295.198238,58913.15604131943
46,2020,3,5,3,59,41.97,9997954.354,-13868712.491,-20229852.262000002,3590.6059099999998,835.1425,1224.72183,2020-03-05 03:59:41.970,-83516256.47430468,336515824.94967616,150488158.2274474,143169145801.62686,-35757527996.45332,-15501199020.729908,58913.1664579861
46,2020,3,5,4,14,41.97,13133374.387,-12998899.495,-18955192.783999998,3366.83113,1095.04846,1603.8575500000002,2020-03-05 04:14:41.970,-84406353.44136111,336234208.7142299,150454127.17799386,143176612839.72604,-35733703864.20104,-15490870247.247097,58913.17687465277
46,2020,3,5,4,29,41.97,16040563.913,-11903213.44,-17351095.738,3084.1376,1336.33728,1955.71792,2020-03-05 04:29:41.970,-85295953.45208025,335950549.5084818,150419181.90423766,143184075172.58868,-35709878580.848274,-15480540975.097025,58913.18729131943
46,2020,3,5,4,44,41.97,18668574.134,-10600372.741999999,-15444972.382,2747.31788,1554.7045699999999,2274.0244399999997,2020-03-05 04:44:41.970,-86185050.88693729,335664848.0004973,150383322.14457184,143191532800.0748,-35686052147.18035,-15470211204.626842,58913.1977079861
46,2020,3,5,4,59,41.97,20971228.448000003,-9112801.148,-13269637.678,2362.16961,1746.23434,2553.0673500000003,2020-03-05 04:59:41.970,-87073640.12353638,335377104.871899,150346547.64287195,143198985722.04474,-35662224563.982544,-15459880936.183641,58913.20812465277
46,2020,3,5,5,14,41.97,22907984.058,-7466242.272000001,-10862745.995,1935.3963700000002,1907.47759,2787.8203799999997,2020-03-05 05:14:41.970,-87961715.53664622,335087320.817894,150308858.1485117,143206433938.35904,-35638395832.03987,-15449550170.11448,58913.21854131943
46,2020,3,5,5,29,41.97,24444694.743,-5689306.914,-8266128.77,1474.4875200000001,2035.52272,2974.04336,2020-03-05 05:29:41.970,-88849271.49823608,334795496.5472985,150270253.41637638,143213877448.8781,-35614565952.13735,-15439218906.76633,58913.2289579861
46,2020,3,5,5,44,41.97,25554256.860000003,-3812961.508,-5525046.382999999,987.57934,2128.05564,3108.36976,2020-03-05 05:44:41.970,-89736302.37751155,334501632.7825635,150230733.20687753,143221316253.46298,-35590734925.05982,-15428887146.486137,58913.23937465277
46,2020,3,5,5,59,41.97,26217123.099,-1869967.8360000001,-2687369.053,483.30055,2183.40769,3188.37651,2020-03-05 05:59:41.970,-90622802.54095119,334205730.25980073,150190297.2859673,143228750351.9747,-35566902751.59189,-15418554889.620779,58913.24979131943
46,2020,3,5,6,14,41.97,26421671.587,105714.389,197296.283,-29.39402,2200.58998,3212.63389,2020-03-05 06:14:41.970,-91508766.35234268,333907789.7288069,150148945.42515254,143236179744.2744,-35543069432.51815,-15408222136.517073,58913.2602079861
46,2020,3,5,6,29,41.97,26164421.459000003,2079549.352,3078514.48,-541.39746,2179.3132,3180.73407,2020-03-05 06:29:41.970,-92394188.17281982,333607811.9530898,150106677.40150946,143243604430.2237,-35519234968.622986,-15397888887.521784,58913.27062465277
46,2020,3,5,6,44,41.97,25450090.016999997,4017057.893,5905946.416,-1043.62809,2119.99206,3093.29745,2020-03-05 06:44:41.970,-93279062.36089905,333305797.7098938,150063492.9976977,143251024409.68402,-35495399360.690636,-15387555142.98163,58913.28104131943
46,2020,3,5,6,59,41.97,24291490.677,5884447.466,8630268.882000001,-1527.20518,2023.7346,2951.95672,2020-03-05 06:59:41.970,-94163383.2725167,333001747.7902237,150019392.00197467,143258439682.5174,-35471562609.50524,-15377220903.243254,58913.2914579861
46,2020,3,5,7,14,41.97,22709275.049,7649225.768,11204070.346,-1983.61882,1892.31678,2759.3194,2020-03-05 07:14:41.970,-95047145.26106623,332695662.9988711,149974374.20820972,143265850248.58585,-35447724715.85077,-15366886168.65325,58913.30187465277
46,2020,3,5,7,29,41.97,20731526.428,9280785.115999999,13582703.771,-2404.88963,1728.14306,2518.91009,2020-03-05 07:29:41.970,-95930342.6774356,332387544.15443885,149928439.41589862,143273256107.75134,-35423885680.51105,-15356550939.558168,58913.31229131943
46,2020,3,5,7,44,41.97,18393215.540000003,10750945.738,15725079.178,-2783.71458,1534.19474,2235.09472,2020-03-05 07:44:41.970,-96812969.87004513,332077392.08936626,149881587.43017763,143280657259.87656,-35400045504.26979,-15346215216.304482,58913.3227079861
46,2020,3,5,7,59,41.97,15735532.441,12034447.488,17594380.684,-3113.5959,1313.9673599999999,1912.98895,2020-03-05 07:59:41.970,-97695021.18488505,331765207.6499537,149833818.06183803,143288053704.82385,-35376204187.91053,-15335878999.238632,58913.33312465277
46,2020,3,5,8,14,41.97,12805110.933,13109381.165000001,19158695.139,-3388.95071,1071.3994,1558.35375,2020-03-05 08:14:41.970,-98576490.96555385,331450991.6963875,149785131.1273401,143295445442.4562,-35352361732.21672,-15325542288.706968,58913.34354131943
46,2020,3,5,8,29,41.97,9653163.628,13957552.378,20391542.096,-3605.19974,810.7940500000001,1177.48111,2020-03-05 08:29:41.970,-99457373.55329636,331134745.1027647,149735526.4488272,143302832472.63644,-35328518137.97154,-15315205085.055815,58913.3539579861
46,2020,3,5,8,44,41.97,6334546.9350000005,14564772.802,21272297.597,-3758.83426,536.73638,777.07285,2020-03-05 08:44:41.970,-100337663.28704217,330816468.757118,149685003.85414082,143310214795.22787,-35304673405.958206,-15304867388.631407,58913.36437465277
46,2020,3,5,8,59,41.97,2906775.678,14921075.481,21786506.956,-3847.46109,254.00776000000002,364.11562,2020-03-05 08:59:41.970,-101217354.50344437,330496163.56143993,149633563.17683348,143317592410.09393,-35280827536.95966,-15294529199.779955,58913.37479131943
46,2020,3,5,9,14,41.97,-570993.013,15020852.623000002,21926084.257,-3869.826,-32.50053,-54.24537,2020-03-05 09:14:41.970,-102096441.53691863,330173830.4317076,149581204.25618422,143324965317.0979,-35256980531.75872,-15284190518.84759,58913.3852079861
46,2020,3,5,9,29,41.97,-4038987.512,14862915.938000001,21689398.717,-3825.81646,-317.87275,-470.8312,2020-03-05 09:29:41.970,-102974918.71968165,329849470.29790735,149527926.9372119,143332333516.1037,-35233132391.13813,-15273851346.18039,58913.39562465277
46,2020,3,5,9,44,41.97,-7437843.175,14450481.004999999,21081250.074,-3716.44511,-597.25184,-878.55058,2020-03-05 09:44:41.970,-103852780.3817909,329523084.1040586,149473731.07068986,143339697006.97522,-35209283115.88042,-15263511682.124378,58913.40604131943
46,2020,3,5,9,59,41.97,-10709600.711,13791078.373,20112737.013,-3543.81517,-865.9189200000001,-1270.51594,2020-03-05 09:59:41.970,-104730020.85118406,329194672.8082383,149418616.51315978,143347055789.5765,-35185432706.76796,-15253171527.025513,58913.4164579861
46,2020,3,5,10,14,41.97,-13798666.128,12896395.152999999,18801024.123,-3311.06993,-1119.36811,-1640.15265,2020-03-05 10:14:41.970,-105606634.45371838,328864237.382606,149362583.1269461,143354409863.77203,-35161581164.58306,-15242830881.229696,58913.42687465277
46,2020,3,5,10,29,41.97,-16652718.488999998,11782051.636,17169014.037,-3022.3276299999998,-1353.37597,-1981.30028,2020-03-05 10:29:41.970,-106482615.51321076,328531778.8134261,149305630.78016984,143361759229.4261,-35137728490.10782,-15232489745.082771,58913.43729131943
46,2020,3,5,10,44,41.97,-19223553.295999996,10467318.157,15244932.408,-2682.60375,-1564.0647700000002,-2288.30495,2020-03-05 10:44:41.970,-107357958.35147785,328197298.1010943,149247759.34676293,143369103886.40353,-35113874684.1242,-15222148118.930523,58913.4477079861
46,2020,3,5,10,59,41.97,-21467850.835,8974777.868999999,13061834.006,-2297.7222500000003,-1747.9593,-2556.10213,2020-03-05 10:59:41.970,-108232657.28837602,327860796.26016,149188968.70648238,143376443834.5691,-35090019747.414024,-15211806003.118673,58913.45812465277
46,2020,3,5,11,14,41.97,-23347860.299,7329941.483,10657038.801,-1874.2174499999999,-1902.03682,-2780.2894,2020-03-05 11:14:41.970,-109106706.64184223,327522274.3193499,149129258.7449241,143383779073.78796,-35066163680.75898,-15201463397.992893,58913.46854131943
46,2020,3,5,11,29,41.97,-24831991.884999998,5560820.249000001,8071507.228,-1419.22786,-2023.7698599999999,-2957.18877,2020-03-05 11:29:41.970,-109980100.72793429,327181733.3215933,149068629.35353705,143391109603.92505,-35042306484.94061,-15191120303.898785,58913.4789579861
46,2020,3,5,11,44,41.97,-25895310.268,3697463.6780000003,5349164.119,-940.3834899999999,-2111.1617300000003,-3083.89839,2020-03-05 11:44:41.970,-110852833.86087196,326839174.324044,149007080.42963755,143398435424.84613,-35018448160.740265,-15180776721.1819,58913.48937465277
46,2020,3,5,11,59,41.97,-26519924.29,1771468.643,2536181.0009999997,-445.68792,-2162.77459,-3158.33335,2020-03-05 11:59:41.970,-111724900.35307805,326494598.39810616,148944611.8764229,143405756536.41666,-34994588708.93922,-15170432650.18771,58913.49979131943
46,2020,3,5,12,14,41.97,-26695268.335,-184533.43899999998,-319773.406,56.60406,-2177.75007,-3179.25551,2020-03-05 12:14:41.970,-112596294.5152195,326148006.62945575,148881223.6029858,143413072938.5025,-34970728130.31857,-15160088091.26165,58913.5102079861
46,2020,3,5,12,29,41.97,-26418272.33,-2137404.484,-3170304.491,558.11159,-2155.82215,-3146.29207,2020-03-05 12:29:41.970,-113467010.65624891,325799400.1180649,148816915.5243278,143420384630.96948,-34946866425.65923,-15149743044.749079,58913.52062465277
46,2020,3,5,12,44,41.97,-25693417.988,-4054035.766,-5967074.703000001,1050.45502,-2097.3222699999997,-3059.94287,2020-03-05 12:44:41.970,-114337043.08344635,325448779.9782252,148751687.56137413,143427691613.68384,-34923003595.74199,-15139397510.995302,58913.53104131943
46,2020,3,5,12,59,41.97,-24532680.331,-5901884.981000001,-8662587.844,1525.38354,-2003.1765799999998,-2921.57607,2020-03-05 12:59:41.970,-115206386.10246105,325096147.33857113,148685539.64098665,143434993886.51193,-34899139641.34752,-15129051490.345568,58913.5414579861
46,2020,3,5,13,14,41.97,-22955354.25,-7649507.2129999995,-11210964.231,1974.9026999999999,-1874.8951,-2733.41212,2020-03-05 13:14:41.970,-116075034.0173537,324741503.34210324,148618471.69597867,143442291449.32022,-34875274563.25634,-15118704983.14505,58913.55187465277
46,2020,3,5,13,29,41.97,-20987767.049,-9267072.543,-13568696.123,2391.4001,-1714.55285,-2498.4959,2020-03-05 13:29:41.970,-116942981.13063838,324384849.14621055,148550483.6651281,143449584301.9754,-34851408362.24874,-15108357989.73887,58913.56229131943
46,2020,3,5,13,44,41.97,-18662879.165999997,-10726862.922,-15695372.648,2767.76794,-1524.76265,-2220.6568,2020-03-05 13:44:41.970,-117810221.74332543,324026185.9226945,148481575.4931921,143456872444.34445,-34827541039.10496,-15098010510.472092,58913.5727079861
46,2020,3,5,13,59,41.97,-16019776.559,-12003740.891999999,-17554363.396,3097.52092,-1308.63972,-1904.45679,2020-03-05 13:59:41.970,-118676750.15496387,323665514.8577914,148411747.13092032,143464155876.29437,-34803672594.60504,-15087662545.68971,58913.58312465277
46,2020,3,5,14,14,41.97,-13103059.714000002,-13075582.708,-19113449.817,3374.90782,-1069.75802,-1555.12638,2020-03-05 14:14:41.970,-119542560.66368444,323302837.1521949,148340998.53506908,143471434597.69226,-34779803029.52887,-15077314095.736664,58913.59354131943
46,2020,3,5,14,29,41.97,-9962135.761,-13923668.493999999,-20345393.668,3595.01486,-812.09847,-1178.4888,2020-03-05 14:29:41.970,-120407647.56624255,322938154.02107954,148269329.66841522,143478708608.40564,-34755932344.65627,-15066965160.957815,58913.6039579861
46,2020,3,5,14,44,41.97,-6650421.953,-14533022.24,-21228432.012000002,3753.85904,-539.9892600000001,-780.87268,2020-03-05 14:44:41.970,-121272005.15806189,322571466.6941223,148196740.4997697,143485977908.30222,-34732060540.76675,-15056615741.697998,58913.61437465277
46,2020,3,5,14,59,41.97,-3224470.5130000003,-14892694.727,-21746688.708,3848.46915,-258.03884,-369.01394,2020-03-05 14:59:41.970,-122135627.73327759,322202776.41552603,148123231.0039913,143493242497.2496,-34708187618.639786,-15046265838.301939,58913.62479131943
46,2020,3,5,15,14,41.97,256973.212,-14995982.955,-21890493.019,3876.95261,28.93801,50.052319999999995,2020-03-05 15:14:41.970,-122998509.58477984,321832084.44404083,148048801.1620012,143500502375.11584,-34684313579.054726,-15035915451.114336,58913.6352079861
46,2020,3,5,15,29,41.97,3733965.459,-14840580.315,-21656596.948,3838.54576,316.00008,469.10856,2020-03-05 15:29:41.970,-123860645.00425828,321459392.05298775,147973450.96079537,143507757541.76892,-34660438422.79065,-15025564580.479813,58913.64562465277
46,2020,3,5,15,44,41.97,7146395.904,-14428652.593,-21048284.173,3733.64581,598.1644,880.87861,2020-03-05 15:44:41.970,-124722028.28224583,321084700.5302795,147897180.39345935,143515007997.07736,-34636562150.626595,-15015213226.742926,58913.65604131943
46,2020,3,5,15,59,41.97,10435039.227,-13766836.015999999,-20075365.07,3563.82239,870.4945299999999,1278.15665,2020-03-05 15:59:41.970,-125582653.70816277,320708011.17844343,147819989.45918158,143522253740.9095,-34612684763.34139,-15004861390.248178,58913.6664579861
46,2020,3,5,16,14,41.97,13542607.415000001,-12866154.891,-18754054.296,3331.8074,1128.1907099999999,1653.93883,2020-03-05 16:14:41.970,-126442515.57036173,320329325.3146433,147741878.16326705,143529494773.13394,-34588806261.71373,-14994509071.340008,58913.67687465277
46,2020,3,5,16,29,41.97,16414782.662000002,-11741857.936,-17106729.630999997,3041.46196,1366.68007,2001.5549400000002,2020-03-05 16:29:41.970,-127301608.15617216,319948644.270701,147662846.51715067,143536731093.6197,-34564926646.522156,-14984156270.36278,58913.68729131943
46,2020,3,5,16,44,41.97,19001210.009999998,-10413174.148,-15161573.403,2697.71992,1581.7048300000001,2314.7972499999996,2020-03-05 16:44:41.970,-128159925.75194524,319565969.39311814,147582894.53841156,143543962702.23557,-34541045918.54505,-14973802987.660799,58913.6977079861
46,2020,3,5,16,59,41.97,21256428.67,-8902990.975000001,-12952100.535,2306.50816,1769.40642,2588.04304,2020-03-05 16:59:41.970,-129017462.64309901,319181302.0430984,147502022.25078583,143551189598.8508,-34517164078.56066,-14963449223.578321,58913.70812465277
46,2020,3,5,17,14,41.97,23140721.409,-7237459.525,-10516580.194,1874.64445,1926.40315,2816.36797,2020-03-05 17:14:41.970,-129874213.11416373,318794643.5965682,147420229.68418062,143558411783.33496,-34493281127.34703,-14953094978.459517,58913.71854131943
46,2020,3,5,17,29,41.97,24620862.545,-5445533.529,-7897360.887,1409.71459,2049.85935,2995.64678,2020-03-05 17:29:41.970,-130730171.44882767,318405995.4441986,147337516.87468758,143565629255.55728,-34469397065.68213,-14942740252.648506,58913.7289579861
46,2020,3,5,17,44,41.97,25670746.899,-3558450.682,-5140111.646000001,919.93123,2137.5440000000003,3122.63855,2020-03-05 17:44:41.970,-131585331.92998241,318015358.9914265,147253883.8645962,143572842015.38742,-34445511894.343704,-14932385046.489347,58913.73937465277
46,2020,3,5,17,59,41.97,26271884.616,-1609166.6949999998,-2292994.4220000003,413.97753,2187.87691,3195.05395,2020-03-05 17:59:41.970,-132439688.8397691,317622735.65847564,147169330.70240712,143580050062.6955,-34421625614.1094,-14922029360.32602,58913.74979131943
46,2020,3,5,18,14,41.97,26413749.874,368246.146,594215.069,-99.16049000000001,2199.9612,3211.6022599999997,2020-03-05 18:14:41.970,-133293236.45962438,317228126.88037795,147083857.44284612,143587253397.35138,-34397738225.756645,-14911673194.502445,58913.7602079861
46,2020,3,5,18,29,41.97,26093975.155,2339223.082,3471039.252,-610.36876,2173.6010499999998,3172.01692,2020-03-05 18:29:41.970,-134145969.07032704,316831534.10699433,146997464.14687708,143594452019.2254,-34373849730.062744,-14901316549.362492,58913.77062465277
46,2020,3,5,18,44,41.97,25318386.717,4269340.079,6287223.567,-1110.58249,2109.3041399999997,3077.05876,2020-03-05 18:44:41.970,-134997880.9520443,316432958.8030355,146910150.88171518,143601645928.1877,-34349960127.80486,-14890959425.249931,58913.78104131943
46,2020,3,5,18,59,41.97,24100881.06,6124942.409999999,8993654.252,-1590.9614000000001,2008.26899,2928.4970700000003,2020-03-05 18:59:41.970,-135848966.3843787,316032402.44808227,146821917.72084066,143608835124.10904,-34326069419.760048,-14880601822.508522,58913.7914579861
46,2020,3,5,19,14,41.97,22463146.279,7873755.121,11543249.339,-2043.0584600000002,1872.35751,2729.06921,2020-03-05 19:14:41.970,-136699219.646415,315629866.53660715,146732764.74401203,143616019606.8602,-34302177606.705093,-14870243741.481905,58913.80187465277
46,2020,3,5,19,29,41.97,20434236.092,9485462.603,13891804.200000001,-2458.97789,1704.05397,2482.42031,2020-03-05 19:29:41.970,-137548635.0167675,315225352.5779938,146642692.03727898,143623199376.3119,-34278284689.41667,-14859885182.513683,58913.81229131943
46,2020,3,5,19,44,41.97,18050007.849000003,10932245.583,15998774.617999999,-2831.51887,1506.4116999999999,2193.02508,2020-03-05 19:44:41.970,-138397206.7736272,314818862.0965576,146551699.69299617,143630374432.3351,-34254390668.671368,-14849526145.947386,58913.8227079861
46,2020,3,5,19,59,41.97,15352438.801,12189265.272,17827982.393,-3154.30194,1282.98925,1866.0943699999998,2020-03-05 19:59:41.970,-139244929.19480944,314410396.6315664,146459787.80983588,143637544774.80127,-34230495545.245483,-14839166632.126492,58913.83312465277
46,2020,3,5,20,14,41.97,12388837.269,13235086.058999998,19348230.971,-3421.8758399999997,1037.77803,1507.4691200000002,2020-03-05 20:14:41.970,-140091796.5578019,313999957.7372593,146366956.49280155,143644710403.5816,-34206599319.915314,-14828806641.39438,58913.84354131943
46,2020,3,5,20,29,41.97,9210967.035,14052029.975,20533821.220999997,-3629.80327,775.12335,1123.5050099999999,2020-03-05 20:29:41.970,-140937803.13981223,313587546.9828683,146273205.85324076,143651871318.5478,-34182701993.456863,-14818446174.094398,58913.8539579861
46,2020,3,5,20,44,41.97,5874104.341999999,14626457.994,21364960.198,-3774.7248999999997,499.64118,720.95053,2020-03-05 20:44:41.970,-141782943.21781626,313173165.9526371,146178536.0088584,143659027519.5714,-34158803566.64604,-14808085230.569815,58913.86437465277
46,2020,3,5,20,59,41.97,2436047.207,14948975.099,21828058.441,-3854.40131,216.13229,306.82166,2020-03-05 20:59:41.970,-142627211.06860697,312756816.24584,146082947.08372945,143666179006.52448,-34134904040.25861,-14797723811.163815,58913.87479131943
46,2020,3,5,21,14,41.97,-1043903.3520000001,15014557.756000001,21915913.897,-3867.7336,-70.50403,-111.72429000000001,2020-03-05 21:14:41.970,-143470600.96884218,312338499.4768038,145986439.2083123,143673325779.27896,-34111003415.070164,-14787361916.219551,58913.8852079861
46,2020,3,5,21,29,41.97,-4505971.29,14822604.075,21627782.866,-3814.76341,-355.35524000000004,-527.51323,2020-03-05 21:29:41.970,-144313107.195094,311918217.27492434,145889012.51946187,143680467837.70694,-34087101691.856102,-14776999546.080078,58913.89562465277
46,2020,3,5,21,44,41.97,-7890924.818,14376908.29,20969340.446,-3696.65386,-633.57821,-933.47497,2020-03-05 21:44:41.970,-145154724.02389765,311495971.28468794,145790667.160442,143687605181.68097,-34063198871.391727,-14766636701.088394,58913.90604131943
46,2020,3,5,21,59,41.97,-11141070.428000001,13685562.435,19952534.678,-3515.65273,-900.4781800000001,-1322.75847,2020-03-05 21:59:41.970,-145995445.73180065,311071763.16568965,145691403.2809387,143694737811.07358,-34039294954.452137,-14756273381.587442,58913.9164579861
46,2020,3,5,22,14,41.97,-14201206.543,12760789.058,18595340.06,-3275.03985,-1151.5829099999999,-1688.84005,2020-03-05 22:14:41.970,-146835266.5954119,310645594.5926521,145591221.0370732,143701865725.75726,-34015389941.812263,-14745909587.92008,58913.92687465277
46,2020,3,5,22,29,41.97,-17019523.242,11618709.635,16921417.241,-2979.06016,-1382.71131,-2025.6234499999998,2020-03-05 22:29:41.970,-147674180.89145198,310217467.25544477,145490120.59141415,143708988925.60516,-33991483834.246902,-14735545320.42912,58913.93729131943
46,2020,3,5,22,44,41.97,-19548436.07,10279053.932,14959686.632000001,-2632.84448,-1590.03593,-2327.5309599999996,2020-03-05 22:44:41.970,-148512182.89680222,309787382.8591025,145388102.1129912,143716107410.4901,-33967576632.530754,-14725180579.457262,58913.9477079861
46,2020,3,5,22,59,41.97,-21745343.489,8764816.07,12743824.322,-2242.31931,-1770.13884,-2589.58486,2020-03-05 22:59:41.970,-149349266.88855514,309355343.1238441,145285165.77730724,143723221180.28534,-33943668337.438255,-14714815365.347204,58913.95812465277
46,2020,3,5,23,14,41.97,-23573298.952,7101863.36,10311689.205,-1814.10754,-1920.06067,-2807.4787899999997,2020-03-05 23:14:41.970,-150185427.14406455,308921349.7850905,145181311.76635084,143730330234.86414,-33919758949.743687,-14704449678.441513,58913.96854131943
46,2020,3,5,23,29,41.97,-25001589.968,5318504.232,7704690.576,-1355.4213,-2037.34247,-2977.6386,2020-03-05 23:29:41.970,-151020657.94099602,308485404.59348357,145076540.2686095,143737434574.09995,-33895848470.221222,-14694083519.082733,58913.9789579861
46,2020,3,5,23,44,41.97,-26006217.748,3445021.7600000002,4967105.7069999995,-873.94848,-2120.06022,-3097.27259,2020-03-05 23:44:41.970,-151854953.55737713,308047509.3149038,144970851.47908214,143744534197.86658,-33871936899.64489,-14683716887.613302,58913.98937465277
46,2020,3,5,23,59,41.97,-26570272.399,1513179.472,2145357.1520000002,-377.73406,-2166.85194,-3164.41083,2020-03-05 23:59:41.970,-152688308.27164885,307607665.7304883,144864245.59929144,143751629106.03775,-33848024238.788483,-14673349784.375624,58913.99979131943
46,2020,3,6,0,14,41.97,-26684198.873,-444289.957,-712734.473,124.94186,-2176.9373299999997,-3177.93346,2020-03-06 00:14:41.970,-153520716.36271608,307165875.6366487,144756722.83729622,143758719298.4875,-33824110488.425694,-14662982209.712015,58914.0102079861
46,2020,3,6,0,29,41.97,-26345953.875,-2394229.813,-3558747.8019999997,625.69275,-2150.12944,-3137.5875,2020-03-06 00:29:41.970,-154352172.1099991,306722140.8450894,144648283.4077043,143765804775.08975,-33800195649.330025,-14652614163.964733,58914.02062465277
46,2020,3,6,0,44,41.97,-25561041.989,-4303572.205,-6344408.647,1116.1483,-2086.8389,-3043.9927199999997,2020-03-06 00:44:41.970,-155182669.79348478,306276463.1828237,144538927.53168496,143772885535.71896,-33776279722.274837,-14642245647.475945,58914.03104131943
46,2020,3,6,0,59,41.97,-24342445.261,-6139890.5139999995,-9022397.522,1588.08524,-1988.07006,-2898.6357,2020-03-06 00:59:41.970,-156012203.69377837,305828844.49219275,144428655.43698087,143779961580.24954,-33752362708.033318,-14631876660.587774,58914.0414579861
46,2020,3,6,1,14,41.97,-22710433.034,-7871925.048,-11547116.724,2033.55391,-1855.4090999999999,-2703.85212,2020-03-06 01:14:41.970,-156840768.09215522,305379286.6308817,144317467.35792086,143787032908.5559,-33728444607.378483,-14621507203.642265,58914.05187465277
46,2020,3,6,1,29,41.97,-20692259.135,-9470098.302000001,-13875442.155000001,2445.00358,-1691.004,-2462.79727,2020-03-06 01:29:41.970,-157668357.2706127,304927791.4719373,144205363.53543186,143794099520.5131,-33704525421.083225,-14611137276.981396,58914.06229131943
46,2020,3,6,1,44,41.97,-18321747.639000002,-10907008.501,-15967443.157,2815.4043899999997,-1497.5363399999999,-2179.40446,2020-03-06 01:44:41.970,-158494965.51192263,304474360.903784,144092344.21705157,143801161415.9957,-33680605149.920227,-14600766880.947058,58914.0727079861
46,2020,3,6,1,59,41.97,-15638770.916,-12157894.005,-17787059.513,3138.3645699999997,-1278.1847500000001,-1858.33143,2020-03-06 01:59:41.970,-159320587.0996834,304018996.8302421,143978409.6569403,143808218594.87903,-33656683794.66201,-14590396015.881096,58914.08312465277
46,2020,3,6,2,14,41.97,-12688625.098000001,-13201061.142,-19302724.782,3408.2408800000003,-1036.58016,-1504.8946700000001,2020-03-06 02:14:41.970,-160145216.31837276,303561701.170543,143863560.1158932,143815271057.03796,-33632761356.080967,-14580024682.125273,58914.09354131943
46,2020,3,6,2,29,41.97,-9521309.684,-14018268.118,-20487925.233000003,3620.24083,-776.753,-1124.99207,2020-03-06 02:29:41.970,-160968847.45340058,303102475.8593465,143747795.86135247,143822318802.34814,-33608837834.949352,-14569652880.021278,58914.1039579861
46,2020,3,6,2,44,41.97,-6190719.772000001,-14595057.824,-21321683.926999997,3770.51435,-503.07252,-725.01401,2020-03-06 02:44:41.970,-161791474.79116157,302641322.846756,143631117.16741902,143829361830.68503,-33584913232.039146,-14559280609.910742,58914.11437465277
46,2020,3,6,2,59,41.97,-2753761.171,-14921032.708999999,-21788959.982,3856.2331,-220.17879000000002,-311.74388,2020-03-06 02:59:41.970,-162613092.61908904,302178244.098336,143513524.31486517,143836400141.92413,-33560987548.12229,-14548907872.135223,58914.12479131943
46,2020,3,6,3,14,41.97,730599.416,-14990065.361000001,-21880953.748,3875.6551,67.09203,107.75125000000001,2020-03-06 03:14:41.970,-163433695.22570756,301713241.59512687,143395017.591146,143843433735.94135,-33537060783.970474,-14538534667.036196,58914.1352079861
46,2020,3,6,3,29,41.97,4202335.046,-14800439.112,-21595309.675,3828.17274,353.7883,526.2385,2020-03-06 03:29:41.970,-164253276.90068728,301246317.3336614,143275597.2904112,143850462612.61258,-33513132940.355293,-14528160994.955065,58914.14562465277
46,2020,3,6,3,44,41.97,7601394.081,-14354913.927,-20936209.921,3714.34198,634.92814,936.44376,2020-03-06 03:44:41.970,-165071831.93489712,300777473.32597953,143155263.7135173,143857486771.81387,-33489204018.048115,-14517786856.233187,58914.15604131943
46,2020,3,6,3,59,41.97,10868752.962000001,-13660713.926,-19914353.479000002,3535.89113,905.5880400000001,1331.18113,2020-03-06 03:59:41.970,-165889354.6204589,300306711.59964424,143034017.1680394,143864506213.42157,-33465274017.82017,-14507412251.211823,58914.1664579861
46,2020,3,6,4,14,41.97,13947467.058,-12729434.284,-18546817.52,3295.70763,1160.99314,1703.48479,2020-03-06 04:14:41.970,-166705839.2508017,299834034.19775736,142911857.96828264,143871520937.31198,-33441342940.442543,-14497037180.23218,58914.17687465277
46,2020,3,6,4,29,41.97,16783699.349,-11576866.832,-16856800.058000002,2997.8018500000003,1396.60729,2046.7404400000003,2020-03-06 04:29:41.970,-167521280.12071583,299359443.17897373,142788786.43529382,143878530943.36172,-33417410786.68613,-14486661643.635372,58914.18729131943
46,2020,3,6,4,44,41.97,19327705.988,-10222745.446,-14873245.557,2647.2474899999997,1608.2208600000001,2354.8134,2020-03-06 04:44:41.970,-168335671.52640784,298882940.6175164,142664802.8968734,143885536231.44742,-33393477557.321655,-14476285641.762474,58914.1977079861
46,2020,3,6,4,59,41.97,21534757.741,-8690414.245,-12630357.946,2250.09874,1792.03414,2622.17017,2020-03-06 04:59:41.970,-169149007.76555482,298404528.6031912,142539907.68758684,143892536801.4458,-33369543253.119705,-14465909174.954454,58914.20812465277
46,2020,3,6,5,14,41.97,23365976.773,-7006423.591,-10167008.405000001,1813.28523,1944.73396,2843.9902300000003,2020-03-06 05:14:41.970,-169961283.13735983,297924209.2414019,142414101.148776,143899532653.23398,-33345607874.850693,-14455532243.552227,58914.21854131943
46,2020,3,6,5,29,41.97,24789069.529,-5200060.874,-7526048.153,1344.48656,2063.56168,3016.2648,2020-03-06 05:29:41.970,-170772491.94260636,297441984.65316373,142287383.6285707,143906523786.68903,-33321671423.284843,-14445154847.896637,58914.2289579861
46,2020,3,6,5,44,41.97,25778938.369,-3302824.9340000004,-4753539.233,851.98882,2146.37011,3135.87986,2020-03-06 05:44:41.970,-171582628.4837141,296957856.97511834,142159755.48190016,143913510201.68814,-33297733899.192238,-14434776988.328453,58914.23937465277
46,2020,3,6,5,59,41.97,26318157.228,-1347854.687,-1897918.751,344.52649,2191.66811,3200.68064,2020-03-06 05:59:41.970,-172391687.06479472,296471828.3595469,142031217.07050422,143920491898.10883,-33273795303.34277,-14424398665.188372,58914.24979131943
46,2020,3,6,6,14,41.97,26397299.808,630676.119,990885.9650000001,-168.88649999999998,2198.65108,3209.51587,2020-03-06 06:14:41.970,-173199661.99170664,295983900.97438526,141901768.76294473,143927468875.82843,-33249855636.5062,-14414019878.817003,58914.2602079861
46,2020,3,6,6,29,41.97,26015112.47,2598185.018,3862372.284,-679.13215,2167.21672,3162.26028,2020-03-06 06:29:41.970,-174006547.57211193,295494077.0032358,141771410.93461666,143934441134.72476,-33225914899.452114,-14403640629.554914,58914.27062465277
46,2020,3,6,6,44,41.97,25178528.042000003,4520314.239,6666387.423,-1177.16577,2097.96544,3059.81475,2020-03-06 06:44:41.970,-174812338.11553168,295002358.6453827,141640143.96775904,143941408674.67563,-33201973092.94989,-14393260917.742579,58914.28104131943
46,2020,3,6,6,59,41.97,23902520.887,6363557.659,9354043.759,-1654.19062,1992.18568,2904.0843999999997,2020-03-06 06:59:41.970,-175617027.93340272,294508748.1158037,141507968.25146687,143948371495.55905,-33178030217.7688,-14382880743.72039,58914.2914579861
46,2020,3,6,7,14,41.97,22209807.673,8095867.902,11878604.711,-2101.82543,1851.82463,2697.9353,2020-03-06 07:14:41.970,-176420611.3391337,294013247.64518434,141374884.18170077,143955329597.253,-33154086274.67792,-14372500107.8287,58914.30187465277
46,2020,3,6,7,29,41.97,20130402.154,9687230.907,14196322.726,-2512.26063,1679.4453899999999,2445.1316300000003,2020-03-06 07:29:41.970,-177223082.64816186,293515859.47992975,141240892.16129935,143962282979.6357,-33130141264.44615,-14362119010.40775,58914.31229131943
46,2020,3,6,7,44,41.97,17701035.703,11110196.45,16267212.569,-2878.39994,1478.17222,2150.2551799999997,2020-03-06 07:44:41.970,-178024436.1780102,293016585.88217866,141105992.5999893,143969231642.58557,-33106195187.842216,-14351737451.797735,58914.3227079861
46,2020,3,6,7,59,41.97,14964458.235,12340354.574000001,18055745.279,-3193.9841499999998,1251.6254099999999,1818.61001,2020-03-06 07:59:41.970,-178824666.24834377,292515429.12981427,140970185.91439614,143976175585.98114,-33082248045.63472,-14341355432.338762,58914.33312465277
46,2020,3,6,8,14,41.97,11968636.449,13356749.559,19531450.618,-3453.69521,1003.84794,1456.11491,2020-03-06 08:14:41.970,-179623767.18102777,292012391.51647794,140833472.5280557,143983114809.701,-33058299838.592045,-14330972952.370867,58914.34354131943
46,2020,3,6,8,29,41.97,8765867.889999999,14142224.886,20669418.501,-3653.23907,739.2258400000001,1069.18696,2020-03-06 08:29:41.970,-180421733.30018413,291507475.35158086,140695852.87142396,143990049313.62405,-33034350567.482437,-14320590012.234018,58914.3539579861
46,2020,3,6,8,44,41.97,5411830.2979999995,14683694.536999999,21450692.649,-3789.40657,462.40441999999996,664.61901,2020-03-06 08:44:41.970,-181218558.93224934,291000682.96031576,140557327.38188854,143996979097.6289,-33010400233.073982,-14310206612.26811,58914.36437465277
46,2020,3,6,8,59,41.97,1964585.967,14972337.777,21862552.364,-3860.1125399999996,178.20237,249.454,2020-03-06 08:59:41.970,-182014238.40603268,290492016.6836685,140417896.5037784,144003904161.59494,-32986448836.134544,-14299822752.812948,58914.37479131943
46,2020,3,6,9,14,41.97,-1516439.353,15003716.318,21898680.84,-3864.41348,-108.47455000000001,-169.14106,2020-03-06 09:14:41.970,-182808766.05277312,289981478.8784303,140277560.68837517,144010824505.40115,-32962496377.431908,-14289438434.208284,58914.3852079861
46,2020,3,6,9,29,41.97,-4971484.259,14777814.295,21559220.741,-3802.50493,-392.71846,-583.9992000000001,2020-03-06 09:29:41.970,-183602136.20619875,289469071.91720814,140136320.39392292,144017740128.927,-32938542857.733597,-14279053656.79378,58914.39562465277
46,2020,3,6,9,44,41.97,-8341468.466,14299002.915,20850719.748,-3675.69985,-669.7016,-988.07361,2020-03-06 09:44:41.970,-184394343.20258394,288954798.18843675,139994176.08563906,144024651032.05157,-32914588277.807022,-14268668420.90903,58914.40604131943
46,2020,3,6,9,59,41.97,-11568982.185,13575932.746000001,19785970.514000002,-3486.3896099999997,-934.75472,-1374.55188,2020-03-06 09:59:41.970,-185185381.3808084,288438660.09638846,139851128.23572418,144031557214.65485,-32890632638.419422,-14258282726.893553,58914.4164579861
46,2020,3,6,10,14,41.97,-14599233.192,12621357.646,18383750.863,-3237.98933,-1183.44045,-1736.96323,2020-03-06 10:14:41.970,-185975245.08241564,287920660.0611853,139707177.32337245,144038458676.61627,-32866675940.337837,-14247896575.086788,58914.42687465277
46,2020,3,6,10,29,41.97,-17380938.267,11451895.045,16668471.179,-2934.86918,-1411.62123,-2069.2773899999997,2020-03-06 10:29:41.970,-186763928.6516721,287400800.5188086,139562323.8347822,144045355417.8158,-32842718184.329185,-14237509965.828117,58914.43729131943
46,2020,3,6,10,44,41.97,-19867147.217,10087727.929000001,14669736.828,-2582.27351,-1615.52092,-2365.9944,2020-03-06 10:44:41.970,-187551426.43562567,286879083.9211084,139416568.26316515,144052247438.1334,-32818759371.160156,-14227122899.45682,58914.4477079861
46,2020,3,6,10,59,41.97,-22015989.231,8552254.303,12421834.071999999,-2186.22944,-1791.7797600000001,-2622.22475,2020-03-06 10:59:41.970,-188337732.78416526,286355512.73581564,139269911.1087574,144059134737.449,-32794799501.597305,-14216735376.312122,58914.45812465277
46,2020,3,6,11,14,41.97,-23791332.751999997,6871690.248,9963148.448,-1753.44634,-1937.50253,-2833.75924,2020-03-06 11:14:41.970,-189122842.0500804,285830089.4465505,139122352.87882844,144066017315.64294,-32770838576.40704,-14206347396.733166,58914.46854131943
46,2020,3,6,11,29,41.97,-25163351.399,5074632.926999999,7335524.896,-1291.20775,-2050.29938,-2997.12853,2020-03-06 11:29:41.970,-189906748.58911985,285302816.55283225,138973894.08769166,144072895172.59564,-32746876596.355534,-14195958961.059015,58914.4789579861
46,2020,3,6,11,44,41.97,-26108989.686,3191590.052,4583579.192,-807.25713,-2128.31946,-3109.65176,2020-03-06 11:44:41.970,-190689446.76005256,284773696.57008934,138824535.2567138,144079768308.1874,-32722913562.208847,-14185570069.628668,58914.48937465277
46,2020,3,6,11,59,41.97,-26612323.67,1254482.516,1753970.454,-309.67856,-2170.2769599999997,-3169.4744,2020-03-06 11:59:41.970,-191470930.9247268,284242732.0296681,138674276.91432527,144086636722.2989,-32698949474.73285,-14175180722.781036,58914.49979131943
46,2020,3,6,12,14,41.97,-26664812.234,-703873.1,-1105355.417,193.22648,-2175.46971,-3175.59499,2020-03-06 12:14:41.970,-192251195.44813016,283709925.4788414,138523119.59602866,144093500414.81088,-32674984334.693237,-14164790920.854973,58914.5102079861
46,2020,3,6,12,29,41.97,-26265436.325,-2650295.232,-3945941.281,693.06499,-2143.78998,-3127.88055,2020-03-06 12:29:41.970,-193030234.69845027,283175279.4808186,138371063.84440956,144100359385.60406,-32651018142.85556,-14154400664.189224,58914.52062465277
46,2020,3,6,12,44,41.97,-25420723.955000002,-4551774.317000001,-6719603.113,1181.47995,-2075.72755,-3027.07068,2020-03-06 12:44:41.970,-193808043.0471349,282638796.6147527,138218110.20914525,144107213634.5595,-32627050899.98516,-14144009953.122486,58914.53104131943
46,2020,3,6,12,59,41.97,-24144660.389000002,-6376008.907000001,-9379212.79,1650.27802,-1972.3647600000002,-2874.77,2020-03-06 12:59:41.970,-194584614.86895287,282100479.47574985,138064259.24701446,144114063161.55826,-32603082606.84723,-14133618787.993376,58914.5414579861
46,2020,3,6,13,14,41.97,-22458483.499,-8091933.769,-11879468.822,2091.55668,-1835.36357,-2673.4288699999997,2020-03-06 13:14:41.970,-195359944.54205433,281560330.67487687,137909511.52190647,144120907966.4815,-32579113264.20678,-14123227169.140427,58914.55187465277
46,2020,3,6,13,29,41.97,-20390365.611,-9670232.652999999,-14177644.362,2497.82912,-1666.94445,-2426.31217,2020-03-06 13:29:41.970,-196134026.4480321,281018352.83916926,137753867.60483056,144127748049.21063,-32555142872.828674,-14112835096.902092,58914.56229131943
46,2020,3,6,13,44,41.97,-17974984.384,-11083828.37,-16234301.738,2862.1457100000002,-1469.8570399999999,-2137.4560800000004,2020-03-06 13:44:41.970,-196906854.9719825,280474548.6116391,137597328.07392538,144134583409.62704,-32531171433.477573,-14102442571.61677,58914.5727079861
46,2020,3,6,13,59,41.97,-15252986.594,-12308342.738,-18013962.646,3178.2102499999996,-1247.34254,-1811.6128,2020-03-06 13:59:41.970,-197678424.502567,279928920.65128213,137439893.51446745,144141414047.61234,-32507198946.91801,-14092049593.622753,58914.58312465277
46,2020,3,6,14,14,41.97,-12270350.187,-13322518.969,-19485723.197,3440.48947,-1003.0878700000001,-1454.18329,2020-03-06 14:14:41.970,-198448729.43207332,279381471.63308567,137281564.5188807,144148239963.0482,-32483225413.91428,-14081656163.258266,58914.59354131943
46,2020,3,6,14,29,41.97,-9077651.56,-14108599.184999999,-20623803.113,3644.3138400000003,-741.17182,-1071.13828,2020-03-06 14:29:41.970,-199217764.15647697,278832204.2480342,137122341.68674543,144155061155.81635,-32459250835.230576,-14071262280.861479,58914.6039579861
46,2020,3,6,14,44,41.97,-5729246.759,-14652649.917000001,-21408018.692,3785.9677,-466.0034,-668.92791,2020-03-06 14:44:41.970,-199985523.0755034,278281121.2031184,136962225.62480676,144161877625.7987,-32435275211.63087,-14060867946.77045,58914.61437465277
46,2020,3,6,14,59,41.97,-2282377.1270000003,-14944828.805,-21824169.661,3862.7666600000002,-182.25287,-254.38087999999996,2020-03-06 14:59:41.970,-200752000.59268963,277728225.22133934,136801216.94698378,144168689372.87762,-32411298543.879013,-14050473161.323196,58914.62479131943
46,2020,3,6,15,14,41.97,1203788.1709999999,-14979586.223000001,-21864330.778,3873.12014,105.22371,165.40614,2020-03-06 15:14:41.970,-201517191.1154464,277173519.0417163,136639316.27437812,144175496396.93475,-32387320832.738625,-14040077924.85762,58914.6352079861
46,2020,3,6,15,29,41.97,4669158.4229999995,-14755796.274,-21527040.112999998,3816.5769,391.46584,583.18733,2020-03-06 15:29:41.970,-202281089.0551206,276617005.41929215,136476524.23528248,144182298697.85266,-32363342078.973183,-14029682237.711578,58914.64562465277
46,2020,3,6,15,44,41.97,8053760.242000001,-14276812.514999999,-20817377.28,3693.85166,671.4943,991.69308,2020-03-06 15:44:41.970,-203043688.82705766,276058687.12513936,136312841.4651893,144189096275.51367,-32339362283.346004,-14019286100.222824,58914.65604131943
46,2020,3,6,15,59,41.97,11298791.185,-13550444.94,-19746926.619999997,3506.83096,940.4001,1383.75994,2020-03-06 15:59:41.970,-203804984.8506637,275498566.94636625,136148268.60679898,144195889129.8002,-32315381446.62022,-14008889512.729053,58914.6664579861
46,2020,3,6,16,14,41.97,14347668.788999999,-12588856.162,-18333622.36,3258.55695,1193.43483,1752.46254,2020-03-06 16:14:41.970,-204564971.54946882,274936647.6861209,135982806.31002873,144202677260.595,-32291399569.558784,-13998492475.567883,58914.67687465277
46,2020,3,6,16,29,41.97,17147054.657,-11408376.323,-16601475.135,2953.18801,1426.10057,2091.24476,2020-03-06 16:29:41.970,-205323643.35118982,274372932.1635978,135816455.23201996,144209460667.7807,-32267416652.924496,-13988094989.076836,58914.68729131943
46,2020,3,6,16,44,41.97,19647832.599,-10029238.074000001,-14580181.904,2595.93603,1634.2372300000002,2394.0472,2020-03-06 16:44:41.970,-206080994.68779317,273807423.21404165,135649216.03714764,144216239351.24002,-32243432697.47996,-13977697053.593369,58914.6977079861
46,2020,3,6,16,59,41.97,21806019.832000002,-8475234.891,-12304624.093,2192.9805,1814.1052,2655.4275399999997,2020-03-06 16:59:41.970,-206837019.99555832,273240123.6887527,135481089.3970272,144223013310.8561,-32219447703.987637,-13967298669.454855,58914.70812465277
46,2020,3,6,17,14,41.97,23583590.857,-6773307.995,-9814261.705,1751.3606,1962.46103,2870.67082,2020-03-06 17:14:41.970,-207591713.7151411,272671036.4550909,135312075.99052334,144229782546.5119,-32195461673.209774,-13956899836.9986,58914.71854131943
46,2020,3,6,17,29,41.97,24949194.937,-4953069.103,-7152434.051999999,1278.84704,2076.62396,3035.8862000000004,2020-03-06 17:29:41.970,-208345070.29163694,272100164.39647955,135142176.50375775,144236547058.0906,-32171474605.908485,-13946500556.56182,58914.7289579861
46,2020,3,6,17,44,41.97,25878750.164,-3046268.117,-4365580.422,783.79649,2154.5314599999997,3148.08761,2020-03-06 17:44:41.970,-209097084.17464513,271527510.4124106,134971391.63011667,144243306845.47534,-32147486502.8457,-13936100828.481657,58914.73937465277
46,2020,3,6,17,59,41.97,26355899.775999997,-1086216.5110000002,-1502396.478,274.99167,2194.78188,3205.25561,2020-03-06 17:59:41.970,-209847749.81833214,270953077.4184463,134799722.07025903,144250061908.54965,-32123497364.78317,-13925700653.095171,58914.74979131943
46,2020,3,6,18,14,41.97,26372319.69,892821.4829999999,1387055.92,-238.52874,2196.66318,3206.37874,2020-03-06 18:14:41.970,-210597061.68149588,270376868.3462247,134627168.53212377,144256812247.19693,-32099507192.48247,-13915300030.739351,58914.7602079861
46,2020,3,6,18,29,41.97,25927869.966,2856256.789,4252266.2979999995,-747.6460099999999,2160.16653,3151.4729199999997,2020-03-06 18:29:41.970,-211345014.22762957,269798886.1434611,134453731.73093754,144263557861.30072,-32075515986.705013,-13904898961.751095,58914.77062465277
46,2020,3,6,18,44,41.97,25030586.951,4769808.862,7043200.627,-1243.33875,2085.98484,3041.5786599999997,2020-03-06 18:44:41.970,-212091601.9249863,269219133.77395207,134279412.3892223,144270298750.7447,-32051523748.212032,-13894497446.467241,58914.78104131943
46,2020,3,6,18,59,41.97,23696517.027000003,6600130.794,9711213.809,-1716.85676,1975.49596,2878.73601,2020-03-06 18:59:41.970,-212836819.24664322,268637614.2175779,134104211.23680222,144277034915.41272,-32027530477.764603,-13884095485.224525,58914.7914579861
46,2020,3,6,19,14,41.97,21949396.958,8315412.822000001,12209930.114999998,-2159.88733,1830.7315500000002,2665.9386,2020-03-06 19:14:41.970,-213580660.67056638,268054330.4703044,133928129.0108116,144283766355.18878,-32003536176.123596,-13873693078.359629,58914.80187465277
46,2020,3,6,19,29,41.97,19820189.628,9885951.679,14496073.289,-2564.7097099999996,1654.33261,2407.0681,2020-03-06 19:29:41.970,-214323120.67967528,267469285.54418576,133751166.45570157,144290493069.95673,-31979540844.04973,-13863290226.209124,58914.81229131943
46,2020,3,6,19,44,41.97,17346487.358,11284674.481,16530229.802000001,-2924.33435,1449.4931499999998,2106.8116,2020-03-06 19:44:41.970,-215064193.76190764,266882482.4673662,133573324.32324728,144297215059.60056,-31955544482.303574,-13852886929.109535,58914.8227079861
46,2020,3,6,19,59,41.97,14571797.804,12487607.283,18277530.928,-3232.6242,1219.89391,1770.5643,2020-03-06 19:59:41.970,-215803874.41028467,266293924.2840815,133394603.37255488,144303932324.00476,-31931547091.645466,-13842483187.397284,58914.83312465277
46,2020,3,6,20,14,41.97,11544729.606999999,13474280.201,19708241.827999998,-3484.3959099999997,969.62802,1404.32068,2020-03-06 20:14:41.970,-216542157.12297586,265703614.05466032,133215004.37006871,144310644863.0534,-31907548672.83562,-13832079001.408728,58914.84354131943
46,2020,3,6,20,29,41.97,8318096.492000001,14228062.801,20798248.523,-3675.49969,703.12069,1014.55692,2020-03-06 20:29:41.970,-217279036.40336472,265111554.8555258,133034528.08957765,144317352676.6309,-31883549226.63406,-13821674371.480143,58914.8539579861
46,2020,3,6,20,44,41.97,4947959.325,14736425.341,21529436.356999997,-3802.87728,425.0451,608.10783,2020-03-06 20:44:41.970,-218014506.76011363,264517749.77919593,132853175.31222199,144324055764.62186,-31859548753.800644,-13811269297.94771,58914.86437465277
46,2020,3,6,20,59,41.97,1492625.894,14991123.267,21889956.218,-3864.5980099999997,140.23631,192.04097000000002,2020-03-06 20:59:41.970,-218748562.70723006,263922201.93428427,132670946.82650015,144330754126.9108,-31835547255.095028,-13800863781.147543,58914.87479131943
46,2020,3,6,21,14,41.97,-1988372.176,14988304.058,21874377.275,-3859.87367,-146.39494,-226.46922999999998,2020-03-06 21:14:41.970,-219481198.76413184,263324914.44550034,132487843.42827508,144337447763.38235,-31811544731.27673,-13790457821.415678,58914.8852079861
46,2020,3,6,21,29,41.97,-5435306.717999999,14728537.09,21483727.235999998,-3789.05321,-429.94687,-640.26521,2020-03-06 21:29:41.970,-220212409.45571306,262725890.45364967,132303865.92078066,144344136673.9214,-31787541183.105083,-13780051419.088074,58914.89562465277
46,2020,3,6,21,44,41.97,-8789266.996000001,14216768.49,20725423.097,-3653.59869,-705.60846,-1042.32555,2020-03-06 21:44:41.970,-220942189.31241006,262125133.11563358,132119015.11462796,144350820858.4129,-31763536611.33924,-13769644574.500597,58914.90604131943
46,2020,3,6,21,59,41.97,-11993144.158,13462204.135,19613097.025,-3456.04405,-968.73719,-1425.8785,2020-03-06 21:59:41.970,-221670532.87026772,261522645.60444865,131933291.8278115,144357500316.74164,-31739531016.738194,-13759237287.98903,58914.9164579861
46,2020,3,6,22,14,41.97,-14992571.509,12478124.877,18166323.378000002,-3199.93837,-1214.93177,-1784.50798,2020-03-06 22:14:41.970,-222397434.6710054,260918431.10918608,131746696.88571537,144364175048.79272,-31715524400.060738,-13748829559.889103,58914.92687465277
46,2020,3,6,22,29,41.97,-17736807.453,11281638.799,16410253.94,-2889.77556,-1440.09918,-2112.25131,2020-03-06 22:29:41.970,-223122889.2620834,260312492.83503085,131559231.12111922,144370845054.45142,-31691516762.065536,-13738421390.53644,58914.93729131943
46,2020,3,6,22,44,41.97,-20179549.552,9893375.914,14375169.305,-2530.91188,-1640.51551,-2403.68776,2020-03-06 22:44:41.970,-223846891.19676954,259704834.00326008,131370895.37420401,144377510333.6029,-31667508103.51102,-13728012780.26659,58914.9477079861
46,2020,3,6,22,59,41.97,-22279669.648,8337131.138,12095954.957,-2129.47321,-1812.88001,-2654.0172700000003,2020-03-06 22:59:41.970,-224569435.03420576,259095457.85124156,131181690.49255805,144384170886.13245,-31643498425.15551,-13717603729.415024,58914.95812465277
46,2020,3,6,23,14,41.97,-24001861.399,6639461.675,9611511.057,-1692.25345,-1954.36227,-2859.12894,2020-03-06 23:14:41.970,-225290515.33947486,258484367.63243222,130991617.3311824,144390826711.92563,-31619487727.757107,-13707194238.31714,58914.96854131943
46,2020,3,6,23,29,41.97,-25317192.939,4829245.1959999995,6964105.27,-1226.60546,-2062.64216,-3015.6591000000003,2020-03-06 23:29:41.970,-226010126.68366706,257871566.61637568,130800676.75249681,144397477810.8679,-31595476012.07376,-13696784307.308247,58914.9789579861
46,2020,3,6,23,44,41.97,-26203558.587,2937205.3649999998,4198678.231,-740.32614,-2135.94241,-3121.0384599999998,2020-03-06 23:44:41.970,-226728263.64394784,257257058.08869988,130608869.62634464,144404124182.84497,-31571463278.863224,-13686373936.723564,58914.98937465277
46,2020,3,6,23,59,41.97,-26646024.848,995411.407,1362111.4279999998,-241.53638,-2173.05372,-3173.5284300000003,2020-03-06 23:59:41.970,-227444920.80362403,256640845.35111487,130416196.82999898,144410765827.74246,-31547449528.88313,-13675963126.898247,58914.99979131943
46,2020,3,7,0,14,41.97,-26637066.341999996,-963238.039,-1497527.165,261.44182,-2173.35236,-3172.2464,2020-03-07 00:14:41.970,-228160092.75221175,256022931.72140932,130222659.24816719,144417402745.4461,-31523434762.890858,-13665551878.167366,58915.0102079861
46,2020,3,7,0,29,41.97,-26176691.144,-2905560.958,-4331782.334000001,760.2143500000001,-2136.80978,-3117.17925,2020-03-07 00:29:41.970,-228873774.0855033,255403320.5334479,130028257.77299659,144424034935.84183,-31499418981.643692,-13655140190.865902,58915.02062465277
46,2020,3,7,0,44,41.97,-25272446.884,-4798607.990999999,-7092563.419,1246.4383500000001,-2063.99477,-3009.18624,2020-03-07 00:44:41.970,-229585959.40563512,254782015.13716695,129832993.30407904,144430662398.81552,-31475402185.898685,-13644728065.328772,58915.03104131943
46,2020,3,7,0,59,41.97,-23939318.089,-6610212.067000001,-9732948.059,1711.95273,-1956.06744,-2849.98964,2020-03-07 00:59:41.970,-230296643.32115507,254159018.8985717,129636866.74845639,144437285134.2534,-31451384376.412766,-13634315501.890795,58915.0414579861
46,2020,3,7,1,14,41.97,-22199505.126,-8309511.329000001,-12207944.901999999,2148.9043699999997,-1814.76514,-2642.1538299999997,2020-03-07 01:14:41.970,-231005820.44708997,253534335.19973138,129439879.02062479,144443903142.0414,-31427365553.94265,-13623902500.886703,58915.05187465277
46,2020,3,7,1,29,41.97,-20082090.775000002,-9867459.304,-14475237.611,2549.8726399999996,-1642.38031,-2389.05242,2020-03-07 01:29:41.970,-231713485.4050141,252907967.43877527,129242031.0425399,144450516422.06592,-31403345719.244884,-13613489062.651173,58915.06229131943
46,2020,3,7,1,44,41.97,-17622596.301000003,-11257311.383,-16495893.886000002,2907.9901499999996,-1441.73002,-2094.8234,2020-03-07 01:44:41.970,-232419632.82311606,252279919.02988812,129043323.74362095,144457124974.21317,-31379324873.075863,-13603075187.518782,58915.0727079861
46,2020,3,7,1,59,41.97,-14862431.096,-12455080.186999999,-18235028.663000003,3217.0582799999997,-1216.11723,-1764.31216,2020-03-07 01:59:41.970,-233124257.336268,251650193.40330496,128843758.06075588,144463728798.36945,-31355303016.191795,-13592660875.824026,58915.08312465277
46,2020,3,7,2,14,41.97,-11848241.446,-13439952.405,-19662410.694,3471.6554899999996,-969.28397,-1403.00264,2020-03-07 02:14:41.970,-233827353.58609277,251018794.0053063,128643334.93830511,144470327894.42123,-31331280149.348717,-13582246127.901339,58915.09354131943
46,2020,3,7,2,29,41.97,-8631165.633000001,-14194659.798,-20753001.827,3667.23684,-705.35634,-1016.93674,2020-03-07 02:29:41.970,-234528916.2210328,250385724.2982123,128442055.32810625,144476922262.2551,-31307256273.30249,-13571830944.08504,58915.1039579861
46,2020,3,7,2,44,41.97,-5266004.272999999,-14705797.27,-21487418.689,3800.22247,-428.78195,-612.6225400000001,2020-03-07 02:44:41.970,-235228939.89641812,249750987.7603769,128239920.18947811,144483511901.75775,-31283231388.808792,-13561415324.709396,58915.11437465277
46,2020,3,7,2,59,41.97,-1810316.706,-14964081.287999999,-21852306.959000003,3868.0731299999998,-144.26001,-196.93198,2020-03-07 02:59:41.970,-235927419.27453503,249114587.88618225,128036930.48922455,144490096812.81573,-31259205496.623177,-13550999270.108564,58915.12479131943
46,2020,3,7,3,14,41.97,1676543.9100000001,-14964542.447,-21840619.242000002,3869.3505,143.33496000000002,223.01084,2020-03-07 03:14:41.970,-236624349.02469465,248476528.18603185,127833087.20163883,144496676995.31583,-31235178597.50095,-13540582780.616657,58915.1352079861
46,2020,3,7,3,29,41.97,5134442.208000001,-14706646.745,-21451788.624,3803.76028,429.03508,639.9495,2020-03-07 03:29:41.970,-237319723.82330135,247836812.18634412,127628391.30850698,144503252449.145,-31211150692.19729,-13530165856.567678,58915.14562465277
46,2020,3,7,3,44,41.97,8503502.491999999,-14194341.06,-20691791.414,3672.17611,707.8654,1046.62137,2020-03-07 03:44:41.970,-238013538.35392177,247195443.4295455,127422843.79911184,144509823174.19006,-31187121781.467194,-13519748498.295557,58915.15604131943
46,2020,3,7,3,59,41.97,11725162.844,-13436019.543,-19573094.316,3476.64253,974.9330699999999,1435.8879200000001,2020-03-07 03:59:41.970,-238705787.30735368,246552425.47406274,127216445.67023648,144516389170.338,-31163091866.065514,-13509330706.134132,58915.1664579861
46,2020,3,7,4,14,41.97,14743221.946,-12444409.052000001,-18114483.356000002,3220.35566,1225.51776,1800.8667300000002,2020-03-07 04:14:41.970,-239396465.38169467,245907761.89431626,127009197.9261677,144522950437.47598,-31139060946.746864,-13498912480.417181,58915.17687465277
46,2020,3,7,4,29,41.97,17504858.156999998,-11236373.387,-16340774.317,2907.62073,1455.16138,2135.06232,2020-03-07 04:29:41.970,-240085567.28241163,245261456.2807114,126801101.5786993,144529506975.4911,-31115029024.265747,-13488493821.478384,58915.18729131943
46,2020,3,7,4,44,41.97,19961599.819,-9832637.917,-14282407.045,2543.7862099999998,1659.7548900000002,2432.49284,2020-03-07 04:44:41.970,-240773087.7224096,244613512.23963076,126592157.64713548,144536058784.27045,-31090996099.37645,-13478074729.651339,58915.1977079861
46,2020,3,7,4,59,41.97,22070225.823,-8257438.118,-11974928.868999999,2135.15484,1835.6201800000001,2687.80926,2020-03-07 04:59:41.970,-241459021.4221011,243963933.39342564,126382367.15829389,144542605863.70148,-31066962172.833134,-13467655205.269567,58915.20812465277
46,2020,3,7,5,14,41.97,23793576.201,-6538097.5479999995,-9458375.27,1688.87287,1979.5846800000002,2896.40398,2020-03-07 05:14:41.970,-242143363.10947528,243312723.3804072,126171731.14650859,144549148213.67148,-31042927245.389725,-13457235248.666504,58915.21854131943
46,2020,3,7,5,29,41.97,25101253.887,-4704542.752,-6776558.807,1212.79944,2089.04653,3054.50559,2020-03-07 05:29:41.970,-242826107.52016753,242659885.85483766,125960250.65363277,144555685834.06796,-31018891317.800045,-13446814860.17551,58915.2289579861
46,2020,3,7,5,44,41.97,25970200.954,-2788764.419,-3976280.001,715.35872,2162.0285400000002,3159.2571000000003,2020-03-07 05:44:41.970,-243507249.39752898,242005424.48692083,125747926.72904184,144562218724.77826,-30994854390.817688,-13436394040.12984,58915.23937465277
46,2020,3,7,5,59,41.97,26385135.403,-824235.761,-1106476.224,205.37850999999998,2197.21908,3208.77512,2020-03-07 05:59:41.970,-244186783.49269617,241349342.9627922,125534760.4296359,144568746885.68997,-30970816465.196117,-13425972788.862713,58915.24979131943
46,2020,3,7,6,14,41.97,26338837.924,1154699.631,1782673.4349999998,-308.08099,2193.99882,3202.18826,2020-03-07 06:14:41.970,-244864704.56466034,240691644.98450956,125320752.81984209,144575270316.6909,-30946777541.688602,-13415551106.707222,58915.2602079861
46,2020,3,7,6,29,41.97,25832281.891,3113457.2509999997,4640668.046,-815.90364,2152.4524,3139.65358,2020-03-07 06:29:41.970,-245541007.3803375,240032334.270042,125105904.9716172,144581789017.66864,-30922737621.04821,-13405128993.996384,58915.27062465277
46,2020,3,7,6,44,41.97,24874603.884,5017844.774,7417609.426,-1309.09444,2073.36483,3022.35063,2020-03-07 06:44:41.970,-246215686.7146385,239371414.55326033,124890217.96444988,144588302988.51086,-30898696704.027897,-13394706451.063166,58915.28104131943
46,2020,3,7,6,59,41.97,23482916.234,6834685.098,10065111.456,-1778.9527999999998,1958.20279,2852.45354,2020-03-07 06:59:41.970,-246888737.350538,238708889.5839249,124673692.88536283,144594812229.10547,-30874654791.380405,-13384283478.240404,58915.2914579861
46,2020,3,7,7,14,41.97,21681967.112999998,8532416.032,12537174.734000001,-2217.23737,1809.0816599999998,2633.08221,2020-03-07 07:14:41.970,-247560154.0791457,238044763.12767553,124456330.82891458,144601316739.34036,-30850611883.858353,-13373860075.860899,58915.30187465277
46,2020,3,7,7,29,41.97,19503657.463,10081654.266999999,14791008.516,-2616.31866,1628.7193200000002,2368.2342799999997,2020-03-07 07:29:41.970,-248229931.69977537,237379038.96601972,124238132.89720175,144607816519.10352,-30826567982.214108,-13363436244.257338,58915.31229131943
46,2020,3,7,7,44,41.97,16986427.373999998,11455712.448,16787783.674,-2969.3161,1420.37839,2062.7002899999998,2020-03-07 07:44:41.970,-248898065.02001545,236711720.8963204,124019100.1998604,144614311568.2827,-30802523087.19992,-13353011983.762325,58915.3227079861
46,2020,3,7,7,59,41.97,14174527.247,12631059.739,18493302.686,-3270.2165999999997,1187.79878,1721.96461,2020-03-07 07:59:41.970,-249564548.8557994,236042812.73178455,123799233.85406816,144620801886.76642,-30778477199.56787,-13342587294.708406,58915.33312465277
46,2020,3,7,8,14,41.97,11117191.187,13587717.994,19878575.198,-3513.9729700000003,935.1223699999999,1352.0952,2020-03-07 08:14:41.970,-250229378.03147537,235372318.30144992,123578534.98454526,144627287474.4425,-30754430320.06985,-13332162177.42803,58915.34354131943
46,2020,3,7,8,29,41.97,7867731.461,14309587.495,20920290.411000002,-3696.58081,666.8121500000001,959.6250699999999,2020-03-07 08:29:41.970,-250892547.37987724,234700241.45017305,123357004.72355627,144633768331.19922,-30730382449.45759,-13321736632.253555,58915.3539579861
46,2020,3,7,8,44,41.97,4482573.62,14784698.087000001,21601180.288,-3815.13344,387.56766999999996,551.42866,2020-03-07 08:44:41.970,-251554051.74239436,234026586.03861585,123134644.21091121,144640244456.92493,-30706333588.48264,-13311310659.517265,58915.36437465277
46,2020,3,7,8,59,41.97,1020252.025,15005383.362,21910270.176999997,-3867.85504,102.23885,134.5958,2020-03-07 08:59:41.970,-252213885.96904263,233351355.9432321,122911454.59396666,144646715851.5079,-30682283737.89638,-13300884259.551373,58915.37479131943
46,2020,3,7,9,14,41.97,-2459614.886,14968377.194,21843015.976,-3854.1126600000002,-184.26006999999998,-283.69404999999995,2020-03-07 09:14:41.970,-252872044.91853434,232674555.05625424,122687437.02762696,144653182514.83627,-30658232898.45006,-13290457432.687988,58915.3852079861
46,2020,3,7,9,29,41.97,-5897351.072000001,14674833.487,21401329.101,-3774.40832,-467.03488,-696.2949600000001,2020-03-07 09:29:41.970,-253528523.45834956,231996187.28567883,122462592.6743447,144659644446.79868,-30634181070.894665,-13280030179.259142,58915.39562465277
46,2020,3,7,9,44,41.97,-9234233.739,14130271.296,20593492.505,-3630.35246,-741.2927000000001,-1096.2131900000002,2020-03-07 09:44:41.970,-254183316.46480596,231316256.55525234,122236922.70412202,144666101647.28357,-30610128255.9811,-13269602499.5968,58915.40604131943
46,2020,3,7,9,59,41.97,-12413472.594999999,13344448.582999999,19433972.587,-3424.62052,-1002.4190500000001,-1476.7196600000002,2020-03-07 09:59:41.970,-254836418.82313004,230634766.8044569,122010428.29451069,144672554116.17953,-30586074454.460045,-13259174394.03282,58915.4164579861
46,2020,3,7,10,14,41.97,-15381143.037,12331168.813000001,17943133.152,-3160.89431,-1246.0499499999999,-1831.45491,2020-03-07 10:14:41.970,-255487825.4275279,229951721.98849472,121783110.63061285,144679001853.3751,-30562019667.08206,-13248745862.898996,58915.42687465277
46,2020,3,7,10,29,41.97,-18087060.361,11108025.276,16146858.646,-2843.7898499999997,-1468.13808,-2154.5256400000003,2020-03-07 10:29:41.970,-256137531.18125555,229267126.07827353,121554970.90508142,144685444858.75888,-30537963894.597496,-13238316906.52704,58915.43729131943
46,2020,3,7,10,44,41.97,-20485583.642,9696088.620000001,14076094.678,-2478.77354,-1665.01273,-2440.5918500000002,2020-03-07 10:44:41.970,-256785530.99669006,228580983.06039035,121326010.31812024,144691883132.21967,-30513907137.756527,-13227887525.248558,58915.4477079861
46,2020,3,7,10,59,41.97,-22536339.428,8119543.433,11766314.452000001,-2072.06804,-1833.43303,-2684.9442599999998,2020-03-07 10:59:41.970,-257431819.7954008,227893296.93711582,121096230.0774841,144698316673.6461,-30489849397.309208,-13217457719.395102,58915.45812465277
46,2020,3,7,11,14,41.97,-24204856.799000002,6405280.096000001,9256920.16,-1630.54966,-1970.6340899999998,-2883.5713699999997,2020-03-07 11:14:41.970,-258076392.50821963,227204071.72637787,120865631.39847879,144704745482.927,-30465790674.00536,-13207027489.298122,58915.46854131943
46,2020,3,7,11,29,41.97,-25463106.647,4582448.263,6590588.727,-1161.63836,-2074.36608,-3033.2160400000002,2020-03-07 11:29:41.970,-258719244.0753126,226513311.46174523,120634215.50396097,144711169559.9513,-30441730968.594685,-13196596835.288996,58915.4789579861
46,2020,3,7,11,44,41.97,-26289939.297000002,2681978.572,3812571.507,-673.18214,-2142.92573,-3131.42117,2020-03-07 11:44:41.970,-259360369.4462504,225821020.19241053,120401983.62433761,144717588904.60776,-30417670281.82667,-13186165757.699018,58915.48937465277
46,2020,3,7,11,59,41.97,-26671415.804,736079.282,969957.758,-173.33638000000002,-2175.18054,-3176.5645,2020-03-07 11:59:41.970,-259999763.5800801,225127201.983173,120168936.99756593,144724003516.78525,-30393608614.45069,-13175734256.859386,58915.49979131943
46,2020,3,7,12,14,41.97,-26601028.977,-1222285.409,-1889088.2010000001,329.56015,-2170.5852600000003,-3167.88225,2020-03-07 12:14:41.970,-260637421.4453955,224431860.91442108,119935076.86915247,144730413396.37305,-30369545967.215916,-13165302333.101227,58915.5102079861
46,2020,3,7,12,29,41.97,-26079811.711999997,-3159928.4069999997,-4716105.999000001,827.11177,-2129.19064,-3105.4814300000003,2020-03-07 12:29:41.970,-261273338.02040863,223735001.08211416,119700404.49215269,144736818543.25995,-30345482340.871346,-13154869986.755594,58915.52062465277
46,2020,3,7,12,44,41.97,-25116330.728,-5043977.165,-7463124.182,1310.9935699999999,-2051.6443999999997,-2990.34069,2020-03-07 12:44:41.970,-261907508.293021,223036626.5977649,119464921.1271697,144743218957.33505,-30321417736.165813,-13144437218.15344,58915.53104131943
46,2020,3,7,12,59,41.97,-23726565.428000003,-6842408.361,-10083440.715,1773.07909,-1939.18414,-2824.29952,2020-03-07 12:59:41.970,-262539927.26089483,222336741.58842018,119228628.04235372,144749614638.48752,-30297352153.847996,-13134004027.625637,58915.5414579861
46,2020,3,7,13,14,41.97,-21933672.17,-8524572.599,-12532388.461000001,2205.56694,-1793.62224,-2610.0356699999998,2020-03-07 13:14:41.970,-263170589.9315239,221635350.196643,118991526.51340076,144756005586.60666,-30273285594.666397,-13123570415.502993,58915.55187465277
46,2020,3,7,13,29,41.97,-19767635.609,-10061701.843,-14768074.985,2601.1049000000003,-1617.3225499999999,-2351.03064,2020-03-07 13:29:41.970,-263799491.3223054,220932456.580492,118753617.8235512,144762391801.58133,-30249218059.369335,-13113136382.116198,58915.56229131943
46,2020,3,7,13,44,41.97,-17264810.029,-11427392.165,-16752085.853,2952.91008,-1413.16884,-2051.52307,2020-03-07 13:44:41.970,-264426626.4606107,220228064.91350347,118514903.2635888,144768773283.30103,-30225149548.705,-13102701927.795902,58915.5727079861
46,2020,3,7,13,59,41.97,-14467354.934,-12598054.383000001,-18450140.621,3254.88343,-1184.52501,-1716.45019,2020-03-07 13:59:41.970,-265051990.38385686,219522179.3846703,118275384.13183875,144775150031.6551,-30201080063.421364,-13092267052.872637,58915.58312465277
46,2020,3,7,14,14,41.97,-11422570.675,-13553325.2,-19832690.716000002,3501.71706,-935.18714,-1351.3773,2020-03-07 14:14:41.970,-265675578.13957816,218814804.19842216,118035061.73416625,144781522046.53262,-30177009604.26629,-13081831757.676867,58915.59354131943
46,2020,3,7,14,29,41.97,-8182141.545000001,-14276431.56,-20875448.595000003,3688.9922300000003,-669.3274799999999,-962.4156499999999,2020-03-07 14:29:41.970,-266297384.78549707,218105943.57460546,117793937.38397448,144787889327.82312,-30152938171.98742,-13071396042.538979,58915.6039579861
46,2020,3,7,14,44,41.97,-4801295.512,-14754501.16,-21559837.932,3813.2662800000003,-391.4309,-556.12916,2020-03-07 14:44:41.970,-266917405.3895959,217395601.74846196,117552012.40220293,144794251875.41602,-30128865767.33226,-13060959907.789257,58915.61437465277
46,2020,3,7,14,59,41.97,-1337891.609,-14978812.476,-21873355.152,3872.1461,-106.22413999999999,-139.43080999999998,2020-03-07 14:59:41.970,-267535635.0301883,216683782.97060743,117309288.11732505,144800609689.20074,-30104792391.048138,-13050523353.757921,58915.62479131943
46,2020,3,7,15,14,41.97,2148552.08,-14944978.184,-21809833.422,3864.3463100000004,181.40131000000002,280.53024,2020-03-07 15:14:41.970,-268152068.79599002,215970491.50701082,117065765.86534609,144806962769.06665,-30080718043.8822,-13040086380.775116,58915.6352079861
46,2020,3,7,15,29,41.97,5597875.0200000005,-14653056.652999999,-21369601.397,3789.72983,466.47178,696.48942,2020-03-07 15:29:41.970,-268766701.78619117,215255731.63897175,116821446.98980084,144813311114.90338,-30056642726.581474,-13029648989.170877,58915.64562465277
46,2020,3,7,15,44,41.97,8950318.764,-14107587.143000001,-20559530.402,3649.32908,744.01815,1101.19356,2020-03-07 15:44:41.970,-269379529.1105272,214539507.6630988,116576332.841751,144819654726.6005,-30032566439.892796,-13019211179.275171,58915.65604131943
46,2020,3,7,15,59,41.97,12147581.167,-13317545.599,-19392965.585,3445.34603,1009.1652799999999,1487.53154,2020-03-07 15:59:41.970,-269990545.88934994,213821823.89128655,116330424.77978243,144825993604.04752,-30008489184.5628,-13008772951.417887,58915.6664579861
46,2020,3,7,16,14,41.97,15133860.633,-12296219.354,-17889538.655,3181.1298500000003,1257.2224899999999,1848.6663,2020-03-07 16:14:41.970,-270599747.2537004,213102684.650693,116083724.1700025,144832327747.13403,-29984410961.338017,-12998334305.928818,58915.67687465277
46,2020,3,7,16,29,41.97,17856869.814000003,-11061000.742,-16074862.291,2861.13125,1483.77296,2178.16531,2020-03-07 16:29:41.970,-271207128.34537816,212382094.28371638,115836232.38603723,144838657155.7497,-29960331770.964775,-12987895243.137686,58915.68729131943
46,2020,3,7,16,44,41.97,20268797.713,-9633101.444,-13980108.972,2490.8335199999997,1684.76009,2470.1264100000003,2020-03-07 16:44:41.970,-271812684.3170145,211660057.1479716,115587950.80902785,144844981829.78427,-29936251614.189236,-12977455763.374128,58915.6977079861
46,2020,3,7,16,59,41.97,22327199.287,-8037191.348,-11641479.848000001,2076.6605400000003,1856.56851,2719.29577,2020-03-07 16:59:41.970,-272416410.3321434,210936577.61626628,115338880.82762794,144851301769.12735,-29912170491.757423,-12967015866.967691,58915.70812465277
46,2020,3,7,17,14,41.97,23995792.426,-6300967.72,-9099572.17,1625.86321,1996.0975999999998,2921.17483,2020-03-07 17:14:41.970,-273018301.56527245,210211660.07657632,115089023.83799984,144857616973.6687,-29888088404.41516,-12956575554.247852,58915.71854131943
46,2020,3,7,17,29,41.97,25245143.726999998,-4454662.411,-6398656.6899999995,1146.38628,2100.8253,3072.11295,2020-03-07 17:29:41.970,-273618353.2019547,209485308.93202195,114838381.24381109,144863927443.2981,-29864005352.90815,-12946134825.544,58915.7289579861
46,2020,3,7,17,44,41.97,26053226.671,-2530496.675,-3585879.04,646.71855,2168.86042,3169.3832199999997,2020-03-07 17:44:41.970,-274216560.43886036,208757528.60084245,114586954.4562311,144870233177.90543,-29839921337.981865,-12935693681.185432,58915.73937465277
46,2020,3,7,17,59,41.97,26405838.7,-562094.745,-710401.4600000001,135.72974,2198.98178,3211.23889,2020-03-07 17:59:41.970,-274812918.4838472,208028323.51637074,114334744.89392677,144876534177.38028,-29815836360.381706,-12925252121.501371,58915.74979131943
46,2020,3,7,18,14,41.97,26296867.106000002,1416131.416,2177496.9540000004,-377.50166,2190.66295,3196.94891,2020-03-07 18:14:41.970,-275407422.5560331,207297698.12700823,114081753.98305914,144882830441.61273,-29791750420.852833,-12914810146.820969,58915.7602079861
46,2020,3,7,18,29,41.97,25728397.512,3369612.897,5027342.038,-883.8652500000001,2144.0819100000003,3126.81122,2020-03-07 18:29:41.970,-276000067.8858672,206565656.89619857,113827983.15727878,144889121970.49246,-29767663520.14028,-12904367757.473269,58915.77062465277
46,2020,3,7,18,44,41.97,24710662.815,5264256.427999999,7789388.327,-1374.39561,2060.1154500000002,3002.14385,2020-03-07 18:44:41.970,-276590849.71520025,205832204.3024018,113573433.85772191,144895408763.90952,-29743575658.9889,-12893924953.787254,58915.78104131943
46,2020,3,7,18,59,41.97,23261834.630000003,7067065.109999999,10415524.838,-1840.4446699999999,1940.3185,2825.25404,2020-03-07 18:59:41.970,-277179763.297357,205097344.8390671,113318107.53300565,144901690821.7538,-29719486838.143417,-12883481736.091825,58915.7914579861
46,2020,3,7,19,14,41.97,21407663.299,8746734.091,12860143.619,-2273.84519,1786.88931,2599.38661,2020-03-07 19:14:41.970,-277766803.89720774,204361083.01460665,113062005.6392239,144907968143.915,-29695397058.348335,-12873038104.71577,58915.80187465277
46,2020,3,7,19,29,41.97,19180976.245,10274208.942,15080953.226,-2667.0614499999997,1602.62161,2328.65354,2020-03-07 19:29:41.970,-278351966.79123807,203623423.35236764,112805129.63994226,144914240730.28357,-29671306320.348053,-12862594059.987839,58915.81229131943
46,2020,3,7,19,44,41.97,16621047.688,11623195.762,17039721.132999998,-3013.3238800000004,1390.84545,2017.9469499999998,2020-03-07 19:44:41.970,-278935247.2676221,202884370.390605,112547481.00619337,144920508580.74893,-29647214624.886772,-12852149602.236664,58915.8227079861
46,2020,3,7,19,59,41.97,13772855.409,12770613.603,18702931.432,-3306.7451499999997,1155.3585500000002,1672.8382900000001,2020-03-07 19:59:41.970,-279516640.62629205,202143928.68245345,112289061.2164719,144926771695.20154,-29623121972.708576,-12841704731.790817,58915.83312465277
46,2020,3,7,20,14,41.97,10686242.223,13696981.59,20042346.711,-3542.4155499999997,900.35014,1299.46676,2020-03-07 20:14:41.970,-280096142.1790107,201402102.79589924,112029871.75672938,144933030073.53116,-29599028364.557312,-12831259448.978783,58915.84354131943
46,2020,3,7,20,29,41.97,7415001.164,14386734.934,21035465.762,-3716.477,630.31949,904.4199000000001,2020-03-07 20:29:41.970,-280673747.2494416,200658897.31375116,111769914.12036897,144939283715.6278,-29574933801.176735,-12820813754.128952,58915.8539579861
46,2020,3,7,20,44,41.97,4015904.034,14828465.934,21665871.461999997,-3826.17494,349.99099,494.60941,2020-03-07 20:44:41.970,-281249451.17322123,199914316.8336117,111509189.80823989,144945532621.38177,-29550838283.31043,-12810367647.569643,58915.86437465277
46,2020,3,7,20,59,41.97,547693.023,15015087.831,21923465.812,-3869.88854,64.22794,77.14504,2020-03-07 20:59:41.970,-281823249.29802877,199168365.967848,111247700.32863201,144951776790.68277,-29526741811.701782,-12799921129.629107,58915.87479131943
46,2020,3,7,21,14,41.97,-2929945.326,14943921.061999999,21804591.547,-3847.13992,-222.05338999999998,-340.79097,2020-03-07 21:14:41.970,-282395136.9836585,198421049.34356195,110985447.19726995,144958016223.42126,-29502644387.09406,-12789474200.635475,58915.8852079861
46,2020,3,7,21,29,41.97,-6357405.463,14616702.950000001,21312041.895999998,-3758.58359,-503.96774,-752.06652,2020-03-07 21:29:41.970,-282965109.60208994,197672371.60255983,110722431.93730737,144964250919.48706,-29478546010.230354,-12779026860.916845,58915.89562465277
46,2020,3,7,21,44,41.97,-9676170.287,14039523.137,20454961.968,-3605.97756,-776.7416900000001,-1149.71757,2020-03-07 21:44:41.970,-283533162.5375592,196922337.40132248,110458656.07932065,144970480878.77048,-29454446681.85361,-12768579110.801178,58915.90604131943
46,2020,3,7,21,59,41.97,-12829784.939,13222688.192,19248646.803,-3392.1377,-1035.7900499999998,-1527.05964,2020-03-07 21:59:41.970,-284099291.1866302,196170951.4109744,110194121.16130309,144976706101.16153,-29430346402.706585,-12758130950.616411,58915.9164579861
46,2020,3,7,22,14,41.97,-15764782.693,12180519.663999999,17714242.419,-3120.87716,-1276.7872300000001,-1877.7916699999998,2020-03-07 22:14:41.970,-284663490.95826447,195418218.3172524,109928828.72865796,144982926586.5503,-29406245173.531902,-12747682380.690357,58915.92687465277
46,2020,3,7,22,29,41.97,-18431550.237,10931090.572999999,15878357.186999999,-2796.93262,-1495.7326099999998,-2196.09126,2020-03-07 22:29:41.970,-285225757.2738932,194664142.82047445,109662780.33419277,144989142334.82718,-29382142995.07202,-12737233401.350763,58915.93729131943
46,2020,3,7,22,44,41.97,-20785121.211999997,9495905.855,13772591.643,-2425.87887,-1689.00961,-2476.7006,2020-03-07 22:44:41.970,-285786085.5674877,193908729.6355081,109395977.53811206,144995353345.882,-29358039868.069256,-12726784012.925295,58915.9477079861
46,2020,3,7,22,59,41.97,-22785888.329,7899532.683,11432995.431,-2014.03353,-1853.43799,-2715.00243,2020-03-07 22:59:41.970,-286344471.2856294,193151983.49173784,109128421.90801084,145001559619.60516,-29333935793.265747,-12716334215.741537,58915.95812465277
46,2020,3,7,23,14,41.97,-24400225.824,6169186.868,8899460.475,-1568.3533400000001,-1986.31907,-2907.08567,2020-03-07 23:14:41.970,-286900909.8875815,192393909.13303313,108860115.01886751,145007761155.88684,-29309830771.403465,-12705884010.126976,58915.96854131943
46,2020,3,7,23,29,41.97,-25601015.244999997,4334281.764,6215059.797,-1096.32326,-2085.4738300000004,-3049.80057,2020-03-07 23:29:41.970,-287455396.84535915,191634511.3177153,108591058.45303679,145013957954.61703,-29285724803.224255,-12695433396.409056,58915.9789579861
46,2020,3,7,23,44,41.97,-26368068.888,2425946.264,3425341.6309999996,-605.8402000000001,-2149.27345,-3140.8028799999997,2020-03-07 23:44:41.970,-288007927.64379907,190873794.81852478,108321253.80024254,145020150015.68622,-29261617889.46981,-12684982374.915104,58915.98937465277
46,2020,3,7,23,59,41.97,-26688446.309,476518.622,577588.66,-105.09173,-2176.66251,-3178.58713,2020-03-07 23:59:41.970,-288558497.74739033,190111764.46871835,108050702.67395729,145026337338.98474,-29237510030.88106,-12674530945.972178,58915.99979131943
46,2020,3,8,0,14,41.97,-26556660.07,-1480973.71,-2279942.41,397.56759000000005,-2167.1745300000002,-3162.50885,2020-03-08 00:14:41.970,-289107102.73342985,189348424.97758505,107779406.64588986,145032519924.40204,-29213401228.200516,-12664079109.907852,58916.0102079861
46,2020,3,8,0,29,41.97,-25974769.438,-3413361.94,-5098822.490999999,893.74563,-2120.93941,-3092.79482,2020-03-08 00:29:41.970,-289653738.0922834,188583781.20696846,107507367.3441667,145038697771.8289,-29189291482.16882,-12653626867.049025,58916.02062465277
46,2020,3,8,0,44,41.97,-24952356.275,-5287852.562,-7831203.1219999995,1375.13642,-2038.6836599999997,-2970.5429099999997,2020-03-08 00:44:41.970,-290198399.36078113,187817837.98694697,107234586.38791278,145044870881.15533,-29165180793.527023,-12643174217.722704,58916.03104131943
46,2020,3,8,0,59,41.97,-23506390.351,-7072575.063,-10430616.888,1833.65041,-1921.72213,-2797.70937,2020-03-08 00:59:41.970,-290741082.0889271,187050600.16184643,106961065.40358327,145051039252.27164,-29141069163.01603,-12632721162.255836,58916.0414579861
46,2020,3,8,1,14,41.97,-21660977.448000003,-8737101.264,-12852734.638,2261.54023,-1771.94179,-2577.08463,2020-03-08 01:14:41.970,-291281781.8399697,186282072.59020534,106686806.0249554,145057202885.0681,-29116956591.37659,-12622267700.975266,58916.05187465277
46,2020,3,8,1,29,41.97,-19446995.547,-10252949.892,-15056100.871000001,2651.5242200000002,-1591.77735,-2312.2571000000003,2020-03-08 01:29:41.970,-291820494.1904719,185512260.14473897,106411809.89312048,145063361779.43472,-29092843079.3493,-12611813834.207767,58916.06229131943
46,2020,3,8,1,44,41.97,-16901621.512999997,-11594065.467,-17002831.134,2996.90599,-1384.17865,-2007.56499,2020-03-08 01:44:41.970,-292357214.73038,184741167.7123034,106136078.65647504,145069515935.262,-29068728627.674603,-12601359562.280031,58916.0727079861
46,2020,3,8,1,59,41.97,-14067752.747000001,-12737264.117,-18659260.606,3291.6880100000003,-1152.56969,-1668.03602,2020-03-08 01:59:41.970,-292891939.0630952,183968800.19385982,105859613.9707123,145075665352.43988,-29044613237.092785,-12590904885.518675,58916.08312465277
46,2020,3,8,2,14,41.97,-10993329.806,-13662638.898,-19996533.109,3530.6777500000003,-900.7996700000001,-1299.3153399999999,2020-03-08 02:14:41.970,-293424662.8055426,183195162.5044369,105582417.4988135,145081810030.85876,-29020496908.34399,-12580449804.250229,58916.09354131943
46,2020,3,8,2,29,41.97,-7730567.652,-14353917.382,-20991119.97,3709.5842700000003,-633.0859800000001,-907.58182,2020-03-08 02:29:41.970,-293955381.5882396,182420259.57309523,105304490.91103853,145087949970.40884,-28996379642.168194,-12569994318.801144,58916.1039579861
46,2020,3,8,2,44,41.97,-4335104.939,-14798764.511,-21625258.554,3825.10342,-353.94956,-499.45334,2020-03-08 02:44:41.970,-294484091.0553675,181644096.3428887,105025835.88491744,145094085170.98022,-28972261439.305244,-12559538429.497782,58916.11437465277
46,2020,3,8,2,59,41.97,-865082.621,-14989024.109,-21887300.877,3874.9893700000002,-68.14338000000001,-81.88185,2020-03-08 02:59:41.970,-295010786.8648405,180866677.77082756,104746454.10524063,145100215632.4632,-28948142300.49482,-12549082136.666441,58916.12479131943
46,2020,3,8,3,14,41.97,2619834.9269999997,-14920893.057,-21771963.583,3858.11047,219.42553,337.96068,2020-03-08 03:14:41.970,-295535464.68837357,180088008.82784018,104466347.26404956,145106341354.74802,-28924022226.47644,-12538625440.633337,58916.1352079861
46,2020,3,8,3,29,41.97,6059481.223,-14595022.89,-21280471.722,3774.48733,503.77919,752.80392,2020-03-08 03:29:41.970,-296058120.2115538,179308094.49873495,104185517.06062733,145112462337.72464,-28899901217.989517,-12528168341.724592,58916.14562465277
46,2020,3,8,3,44,41.97,9394234.532,-14016544.651,-20420590.283,3625.31123,779.95591,1155.40662,2020-03-08 03:44:41.970,-296578749.13390845,178526939.78216124,103903965.20148878,145118578581.28348,-28875779275.773273,-12517710840.266262,58916.15604131943
46,2020,3,8,3,59,41.97,12566071.821,-13195014.021000002,-19206539.25,3412.94123,1043.0999299999999,1538.68758,2020-03-08 03:59:41.970,-297097347.1689741,177744549.69057077,103621693.40037045,145124690085.3146,-28851656400.5668,-12507252936.584318,58916.1664579861
46,2020,3,8,4,14,41.97,15519610.024,-12144275.283000002,-17658790.139000002,3140.87869,1288.5518,1895.85763,2020-03-08 04:14:41.970,-297613910.0443657,176960929.2501777,103338703.37822096,145130796849.7083,-28827532593.10901,-12496794631.004654,58916.17687465277
46,2020,3,8,4,29,41.97,18203113.948999997,-10882244.327,-15803744.427,2813.71855,1511.93759,2220.54959,2020-03-08 04:29:41.970,-298128433.5018457,176176083.5009193,103054996.86319019,145136898874.35458,-28803407854.138725,-12486335923.853075,58916.18729131943
46,2020,3,8,4,44,41.97,20569449.759,-9430612.785,-13673297.017,2437.0771699999996,1709.25459,2506.94326,2020-03-08 04:44:41.970,-298640913.2973929,175390017.49641597,102770575.5906195,145142996159.1437,-28779282184.39457,-12475876815.455322,58916.1977079861
46,2020,3,8,4,59,41.97,22576963.208,-7814477.328,-11304290.723,2017.49738,1876.9515299999998,2749.88207,2020-03-08 04:59:41.970,-299151345.20127004,174602736.30393025,102485441.30303071,145149088703.96573,-28755155584.615044,-12465417306.137047,58916.20812465277
46,2020,3,8,5,14,41.97,24190262.659,-6061900.1790000005,-8737870.713,1562.33219,2012.00088,2944.9782,2020-03-08 05:14:41.970,-299659724.99809366,173814245.0043266,102199595.75011571,145155176508.7108,-28731028055.538486,-12454957396.223825,58916.21854131943
46,2020,3,8,5,29,41.97,25380888.551,-4203408.814,-6018750.651000001,1079.60915,2111.96129,3088.7032099999997,2020-03-08 05:29:41.970,-300166048.486902,173024548.69203,101913040.68872538,145161259573.2691,-28706899597.903107,-12444497086.041153,58916.2289579861
46,2020,3,8,5,44,41.97,26127853.275000002,-2271444.653,-3194404.917,577.87856,2175.02826,3178.46126,2020-03-08 05:44:41.970,-300670311.48122287,172233652.4749847,101625777.88285889,145167337897.5307,-28682770212.446957,-12434036375.914444,58916.23937465277
46,2020,3,8,5,59,41.97,26418038.373999998,-299772.06899999996,-314203.52400000003,66.04886,2200.0714399999997,3212.64289,2020-03-08 05:59:41.970,-301172509.809142,171441561.47461203,101337809.10365216,145173411481.3857,-28658639899.907955,-12423575266.169052,58916.24979131943
46,2020,3,8,6,14,41.97,26246439.458,1677139.717,2571491.8649999998,-446.78646,2186.65742,3190.6575,2020-03-08 06:14:41.970,-301672639.3133723,170648280.82576877,101049136.12936677,145179480324.72406,-28634508661.02386,-12413113757.130219,58916.2602079861
46,2020,3,8,6,29,41.97,25616253.173,3624748.491,5412251.263,-951.526,2135.05738,3112.94371,2020-03-08 06:29:41.970,-302170695.851319,169853815.67670408,100759760.74537839,145185544427.43594,-28610376496.532295,-12402651849.123135,58916.27062465277
46,2020,3,8,6,44,41.97,24538804.619,5509070.887,8158498.9290000005,-1439.23705,2046.2394900000002,2980.95738,2020-03-08 06:44:41.970,-302666675.2951508,169058171.18901706,100469684.74416524,145191603789.4114,-28586243407.170727,-12392189542.472898,58916.28104131943
46,2020,3,8,6,59,41.97,23033317.831,7297300.584,10762415.26,-1901.3270499999999,1921.84627,2797.1377899999998,2020-03-08 06:59:41.970,-303160573.5318647,168261352.53761375,100178909.9252959,145197658410.54047,-28562109393.67652,-12381726837.50454,58916.2914579861
46,2020,3,8,7,14,41.97,21126535.908999998,8958399.763,13178798.924,-2329.70554,1764.15799,2564.85337,2020-03-08 07:14:41.970,-303652386.4633549,167463364.9106628,99887438.09541811,145203708290.71307,-28537974456.786835,-12371263734.54301,58916.30187465277
46,2020,3,8,7,29,41.97,18852201.04,10463651.716,15365871.586,-2716.93295,1576.0431800000001,2288.32877,2020-03-08 07:29:41.970,-304142110.00648016,166664213.5095524,99595271.0682457,145209753429.81912,-28513838597.23874,-12360800233.913166,58916.31229131943
46,2020,3,8,7,44,41.97,16250407.848000001,11787163.83,17286009.536000002,-3056.35285,1360.89814,1972.55579,2020-03-08 07:44:41.970,-304629740.0931303,165863903.5488457,99302410.66454713,145215793827.74872,-28489701815.769135,-12350336335.939804,58916.3227079861
46,2020,3,8,7,59,41.97,13366846.06,12906311.761,18906388.905,-3342.2053100000003,1122.57711,1623.19089,2020-03-08 07:59:41.970,-305115272.6702939,165062440.25623634,99008858.71213248,145221829484.39188,-28465564113.11478,-12339872040.947643,58916.33312465277
46,2020,3,8,8,14,41.97,10251950.401,13802117.405000001,20199533.72,-3569.7194799999997,865.31529,1246.44232,2020-03-08 08:14:41.970,-305598703.70012546,164259828.87250346,98714617.0458412,145227860399.63834,-28441425490.012306,-12329407349.261322,58916.34354131943
46,2020,3,8,8,29,41.97,6959976.836,14459555.133,21143758.826,-3735.18455,593.64675,848.9498100000001,2020-03-08 08:29:41.970,-306080029.16001105,163456074.6514667,98419687.50752908,145233886573.37805,-28417285947.198204,-12318942261.205383,58916.3539579861
46,2020,3,8,8,44,41.97,3548024.881,14867782.609,21723502.386,-3835.99867,312.31929,437.66001,2020-03-08 08:44:41.970,-306559245.04263604,162651182.85994035,98124071.94605553,145239908005.501,-28393145485.408825,-12308476777.104324,58916.36437465277
46,2020,3,8,8,59,41.97,75025.65800000001,15020294.313000001,21929545.306,-3870.69621,26.208080000000002,19.70024,2020-03-08 08:59:41.970,-307036347.3560514,161845158.77768734,97827772.21727048,145245924695.897,-28369004105.380337,-12298010897.282541,58916.37479131943
46,2020,3,8,9,14,41.97,-3399285.134,14914997.509000001,21759117.308000002,-3838.9542500000002,-259.77002,-397.7468,2020-03-08 09:14:41.970,-307511332.12373877,161038007.69737354,97530790.18400097,145251936644.45575,-28344861807.84886,-12287544622.064373,58916.3852079861
46,2020,3,8,9,29,41.97,-6815391.115999999,14554211.898,21215891.525,-3741.57935,-540.74014,-807.56512,2020-03-08 09:29:41.970,-307984195.38467914,160229734.92452058,97233127.71603796,145257943851.06717,-28320718593.550293,-12277077951.77406,58916.39562465277
46,2020,3,8,9,44,41.97,-10114998.992999999,13944595.423,20309871.324,-3580.47627,-811.94966,-1202.82252,2020-03-08 09:44:41.970,-308454933.1934163,159420345.77745908,96934786.6901227,145263946315.621,-28296574463.22042,-12266610886.73577,58916.40604131943
46,2020,3,8,9,59,41.97,-13242006.613,13096999.769,19057174.604,-3358.60021,-1068.84398,-1576.88115,2020-03-08 09:59:41.970,-308923541.6201238,158609845.58728173,96635768.98993291,145269944038.0071,-28272429417.59493,-12256143427.273619,58916.4164579861
46,2020,3,8,10,14,41.97,-16143421.293,12026259.962,17479722.054,-3079.89435,-1307.1371000000001,-1923.5002000000002,2020-03-08 10:14:41.970,-309390016.7506711,157798239.6977949,96336076.50606906,145275937018.11487,-28248283457.40931,-12245675573.711622,58916.42687465277
46,2020,3,8,10,29,41.97,-18770215.946,10750923.112,15604836.821,-2749.2143800000003,-1522.8762,-2236.9298999999996,2020-03-08 10:29:41.970,-309854354.6866878,156985533.46547168,96035711.1360402,145281925255.83432,-28224136583.398956,-12235207326.373716,58916.43729131943
46,2020,3,8,10,44,41.97,-21078112.052,9292921.893000001,13464763.791,-2372.2416599999997,-1712.49977,-2511.99611,2020-03-08 10:44:41.970,-310316551.5456301,156171732.25940272,95734674.78424996,145287908751.05502,-28199988796.299133,-12224738685.583776,58916.4477079861
46,2020,3,8,10,59,41.97,-23028280.041,7677198.703,11096117.231,-1955.38679,-1872.8890099999999,-2744.17482,2020-03-08 10:59:41.970,-310776603.4608456,155356841.4612481,95432969.36198185,145293887503.66663,-28175840096.844917,-12214269651.665592,58916.45812465277
46,2020,3,8,11,14,41.97,-24587948.990000002,5931286.75,8539265.937,-1505.68476,-2001.41215,-2929.65644,2020-03-08 11:14:41.970,-311234506.58163756,154540866.46518824,95130596.78738512,145299861513.5586,-28151690485.771297,-12203800224.942894,58916.46854131943
46,2020,3,8,11,29,41.97,-25730918.806,4084854.505,5837665.346,-1030.6833,-2095.96151,-3065.3994199999997,2020-03-08 11:29:41.970,-311690257.07333124,153723812.67787486,94827558.98545986,145305830780.6207,-28127539963.813126,-12193330405.739311,58916.4789579861
46,2020,3,8,11,44,41.97,-26437969.416,2169220.12,3037146.2660000003,-538.32592,-2154.98312,-3149.17291,2020-03-08 11:44:41.970,-312143851.1173367,152905685.51838073,94523857.88804229,145311795304.74237,-28103388531.705112,-12182860194.37842,58916.48937465277
46,2020,3,8,11,59,41.97,-26697162.421,216842.559,185170.088,-36.830040000000004,-2177.49887,-3179.5886,2020-03-08 11:59:41.970,-312595284.91121465,152086490.41815034,94219495.43378963,145317755085.8131,-28079236190.181835,-12172389591.183702,58916.49979131943
46,2020,3,8,12,14,41.97,-26504031.709,-1739203.7780000002,-2669939.537,465.43768,-2163.12099,-3156.12115,2020-03-08 12:14:41.970,-313044554.6687399,151266232.82094932,93914473.56816505,145323710123.7223,-28055082939.977737,-12161918596.478584,58916.5102079861
46,2020,3,8,12,29,41.97,-25861660.77,-3665763.9450000003,-5479778.399,960.08834,-2112.05874,-3079.11745,2020-03-08 12:29:41.970,-313491656.61996555,150444918.1828139,93608794.24342237,145329660418.35956,-28030928781.82714,-12151447210.586401,58916.52062465277
46,2020,3,8,12,44,41.97,-24780645.154999997,-5530139.868,-8196646.5200000005,1438.8386,-2025.11726,-2949.7942199999998,2020-03-08 12:44:41.970,-313936587.0112874,149622551.97200012,93302459.41859047,145335605969.6141,-28006773716.464233,-12140975433.830423,58916.53104131943
46,2020,3,8,12,59,41.97,-23278940.07,-7300623.069999999,-10774325.565,1893.63823,-1903.6883200000002,-2770.2239400000003,2020-03-08 12:59:41.970,-314379342.105507,148799139.66893217,92995471.05945803,145341546777.37555,-27982617744.62306,-12130503266.533848,58916.5414579861
46,2020,3,8,13,14,41.97,-21381593.701,-8947015.493,-13168838.285,2316.7961,-1749.73306,-2543.30902,2020-03-08 13:14:41.970,-314819918.18189514,147974686.76615107,92687831.13855705,145347482841.5329,-27958460867.03754,-12120030709.019787,58916.55187465277
46,2020,3,8,13,29,41.97,-19120368.281,-10441131.072,-15339179.29,2701.10341,-1565.7565,-2272.74386,2020-03-08 13:29:41.970,-315258311.5362552,147149198.7682627,92379541.63514763,145353414161.9756,-27934303084.44149,-12109557761.611288,58916.56229131943
46,2020,3,8,13,44,41.97,-16533252.205,-11757270.639,-17248006.323000003,3039.9524,-1354.77375,-1962.96504,2020-03-08 13:44:41.970,-315694518.4809866,146322681.19188562,92070604.53520152,145359340738.59293,-27910144397.56855,-12099084424.631315,58916.5727079861
46,2020,3,8,13,59,41.97,-13663867.85,-12872662.75,-18862281.228,3327.44907,-1120.26807,-1619.08936,2020-03-08 13:59:41.970,-316128535.3451471,145495139.56559822,91761021.83138579,145365262571.27393,-27885984807.152298,-12088610698.40278,58916.58312465277
46,2020,3,8,14,14,41.97,-10560781.336,-13767863.057,-20153849.871999998,3558.51805,-866.1407300000001,-1246.84012,2020-03-08 14:14:41.970,-316560358.47451574,144666579.4298861,91450795.5230466,145371179659.90802,-27861824313.926117,-12078136583.248493,58916.59354131943
46,2020,3,8,14,29,41.97,-7276722.125,-14427104.995,-21099950.496000003,3728.9977799999997,-596.653,-852.46194,2020-03-08 14:29:41.970,-316989984.23165554,143837006.33708858,91139927.61619249,145377092004.38412,-27837662918.623287,-12067662079.49122,58916.6039579861
46,2020,3,8,14,44,41.97,-3867722.099,-14838594.843,-21683640.397,3835.72391,-316.36064000000005,-442.62455,2020-03-08 14:44:41.970,-317417408.995975,143006425.8513454,90828420.12347788,145382999604.5913,-27813500621.977005,-12057187187.453613,58916.61437465277
46,2020,3,8,14,59,41.97,-392185.674,-14994744.629999999,-21894131.471,3876.5988199999997,-30.04137,-24.316609999999997,2020-03-08 14:59:41.970,-317842629.1637907,142174843.54854253,90516275.06418571,145388902460.41873,-27789337424.720272,-12046711907.458294,58916.62479131943
46,2020,3,8,15,14,41.97,3090095.636,-14892336.966,-21727026.024,3850.64518,257.3837,395.26949,2020-03-08 15:14:41.970,-318265641.14838964,141342265.01625836,90203494.46421084,145394800571.7553,-27765173327.58601,-12036236239.827793,58916.6352079861
46,2020,3,8,15,29,41.97,6518968.893,-14532616.712,-21184445.509,3758.04147,540.9338799999999,808.86009,2020-03-08 15:29:41.970,-318686441.3800888,140508695.85370886,89890080.35604271,145400693938.49014,-27741008331.307022,-12025760184.884562,58916.64562465277
46,2020,3,8,15,44,41.97,9834968.559999999,-13921305.437,-20275046.346,3600.13762,815.65646,1209.22836,2020-03-08 15:44:41.970,-319105026.3062993,139674141.67169276,89576034.77874783,145406582560.51196,-27716842436.615948,-12015283742.950989,58916.65604131943
46,2020,3,8,15,59,41.97,12980369.821,-13068535.894000001,-19013918.888,3379.44913,1076.7166,1589.32553,2020-03-08 15:59:41.970,-319521392.39158523,138838608.09253672,89261359.77795254,145412466437.70963,-27692675644.24532,-12004806914.34939,58916.6664579861
46,2020,3,8,16,14,41.97,15900226.494,-11988705.261,-17422367.789,3099.62855,1319.48764,1942.41269,2020-03-08 16:14:41.970,-319935536.1177258,138002100.75003934,88946057.40582508,145418345569.97208,-27668507954.92758,-11994329699.40201,58916.67687465277
46,2020,3,8,16,29,41.97,18543372.770000003,-10700247.595,-15527574.546,2765.41357,1539.63995,2262.19032,2020-03-08 16:29:41.970,-320347453.98377556,137164625.28941578,88630129.72105771,145424219957.1879,-27644339369.395027,-11983852098.431007,58916.68729131943
46,2020,3,8,16,44,41.97,20863367.729000002,-9225327.827,-13362145.719,2382.55177,1733.2261,2542.92227,2020-03-08 16:44:41.970,-320757142.5061248,136326187.36724135,88313578.78884904,145430089599.246,-27620169888.379818,-11973374111.758495,58916.6977079861
46,2020,3,8,16,59,41.97,22819361.85,-7589461.61,-10963553.228,1957.70278,1896.76008,2779.55111,2020-03-08 16:59:41.970,-321164598.21856034,135486792.6513955,87996406.68088561,145435954496.03497,-27595999512.61403,-11962895739.70649,58916.70812465277
46,2020,3,8,17,14,41.97,24376865.764999997,-5821067.305,-8373476.018999999,1498.31913,2027.2885,2967.80139,2020-03-08 17:14:41.970,-321569817.6723248,134646446.82100448,87678615.4753237,145441814647.44336,-27571828242.829575,-11952416982.596956,58916.71854131943
46,2020,3,8,17,29,41.97,25508403.138,-3950958.348,-5637055.2360000005,1012.5083999999999,2122.4515899999997,3104.26811,2020-03-08 17:29:41.970,-321972797.43617684,133805155.56638482,87360207.2567708,145447670053.35995,-27547656079.758278,-11941937840.751774,58916.7289579861
46,2020,3,8,17,44,41.97,26194032.026,-2011786.003,-2802077.582,508.87934,2180.53214,3186.48746,2020-03-08 17:44:41.970,-322373534.09645057,132962924.58898573,87041184.116267,145453520713.67297,-27523483024.131863,-11931458314.492758,58916.73937465277
46,2020,3,8,17,59,41.97,26421722.025,-37444.023,81896.22099999999,-3.62407,2200.4909700000003,3212.98773,2020-03-08 17:59:41.970,-322772024.2571143,132119759.60133144,86721548.1512664,145459366628.27094,-27499309076.681885,-11920978404.141651,58916.74979131943
46,2020,3,8,18,14,41.97,26187578.138,1937552.091,2964439.2939999998,-515.89655,2181.98783,3183.31892,2020-03-08 18:14:41.970,-323168264.5398305,131275666.32696334,86401301.46561785,145465207797.04254,-27475134238.139805,-11910498110.020132,58916.7602079861
46,2020,3,8,18,29,41.97,25495906.194,3878697.776,5795183.08,-1018.8489199999999,2125.38693,3098.06,2020-03-08 18:29:41.970,-323562251.5840138,130430650.50038138,86080446.16954616,145471044219.87598,-27450958509.237003,-11900017432.449795,58916.77062465277
46,2020,3,8,18,44,41.97,24359118.811,5752130.261,8524738.353,-1503.5843,2031.7474,2958.80393,2020-03-08 18:44:41.970,-323953982.0468898,129584717.86698593,85758984.37963279,145476875896.65955,-27426781890.70469,-11889536371.752184,58916.78104131943
46,2020,3,8,18,59,41.97,22797485.042,7525244.009,11105592.872,-1961.56853,1902.79869,2768.12098,2020-03-08 18:59:41.970,-324343452.6035536,128737874.1830185,85436918.21879645,145482702827.2814,-27402604383.27397,-11879054928.248756,58916.7914579861
46,2020,3,8,19,14,41.97,20838730.814999998,9167277.738,13492966.764,-2384.79063,1740.90218,2529.50173,2020-03-08 19:14:41.970,-324730659.94702685,127890125.2155026,85114249.81627339,145488525011.6298,-27378425987.675903,-11868573102.260912,58916.80187465277
46,2020,3,8,19,29,41.97,18517500.89,10649861.078,15645608.217,-2765.90953,1549.00016,2247.28177,2020-03-08 19:29:41.970,-325115600.7883169,127041476.7421845,84790981.30759808,145494342449.593,-27354246704.64133,-11858090894.109966,58916.81229131943
46,2020,3,8,19,44,41.97,15874696.136,11947510.275,17526514.091000002,-3098.38394,1330.55392,1926.5506400000002,2020-03-08 19:44:41.970,-325498271.8564733,126191934.55147305,84467114.83458297,145500155141.05893,-27330066534.901043,-11847608304.117193,58916.8227079861
46,2020,3,8,19,59,41.97,12956702.443,13038063.983,19103562.449,-3376.58295,1089.47286,1573.04765,2020-03-08 19:59:41.970,-325878669.89864516,125341504.4423799,84142652.54529874,145505963085.91574,-27305885479.185715,-11837125332.603764,58916.83312465277
46,2020,3,8,20,14,41.97,9814529.39,13903052.006,20350046.658,-3595.8757600000004,830.0366799999999,1193.04781,2020-03-08 20:14:41.970,-326256791.68013823,124490192.22445877,83817596.59405404,145511766284.05136,-27281703538.2259,-11826641979.890804,58916.84354131943
46,2020,3,8,20,29,41.97,6502877.915,14527991.683,21245103.434,-3752.69964,556.81281,793.24073,2020-03-08 20:29:41.970,-326632633.9844725,123638003.71774502,83491949.14137523,145517564735.35376,-27257520712.752052,-11816158246.29937,58916.8539579861
46,2020,3,8,20,44,41.97,3079156.751,14902608.51,21774029.937,-3844.6058399999997,274.57093,380.60564000000005,2020-03-08 20:44:41.970,-327006193.61343664,122784944.75269453,83165712.35398588,145523358439.71063,-27233337003.494484,-11805674132.150434,58916.86437465277
46,2020,3,8,20,59,41.97,-397532.744,15020979.329,21928487.580000002,-3870.2840100000003,-11.803370000000001,-37.714890000000004,2020-03-08 20:59:41.970,-327377467.38714564,121931021.17012227,82838888.40478617,145529147397.00983,-27209152411.183445,-11795189637.764917,58916.87479131943
46,2020,3,8,21,14,41.97,-3867424.2770000002,14881598.054,21706592.627,-3829.56583,-297.39408000000003,-454.53992999999997,2020-03-08 21:14:41.970,-327746452.1440967,121076238.82114103,82511479.47283222,145534931607.1392,-27184966936.54904,-11784704763.46367,58916.8852079861
46,2020,3,8,21,29,41.97,-7271108.779999999,14487365.335,21112895.689,-3723.40928,-577.33807,-862.7717200000001,2020-03-08 21:29:41.970,-328113144.74122417,120220603.56709924,82183487.74331509,145540711069.98633,-27160780580.321293,-11774219509.567467,58916.89562465277
46,2020,3,8,21,44,41.97,-10550534.208999999,13845504.796,20158254.105,-3553.8649800000003,-846.9047899999999,-1255.51194,2020-03-08 21:44:41.970,-328477542.05395514,119364121.27951902,81854915.40753953,145546485785.4388,-27136593343.23008,-11763733876.397022,58916.90604131943
46,2020,3,8,21,59,41.97,-13649967.64,12967409.524999999,18859602.605,-3324.02633,-1101.57142,-1626.1712100000002,2020-03-08 21:59:41.970,-328839640.9762649,118506797.84003335,81525764.66290319,145552255753.3842,-27112405226.005234,-11753247864.272984,58916.9164579861
46,2020,3,8,22,14,41.97,-16516905.825999998,11868423.297,17239628.915000003,-3037.96516,-1337.09262,-1968.57068,2020-03-08 22:14:41.970,-329199438.4207311,117648639.14032373,81196037.71287501,145558020973.71002,-27088216229.376427,-11742761473.515936,58916.92687465277
46,2020,3,8,22,29,41.97,-19102921.977,10567561.664,15326361.865999999,-2700.65461,-1549.56431,-2277.03477,2020-03-08 22:29:41.970,-329556931.31858844,116789651.0820571,80865736.76697358,145563781446.3036,-27064026354.07324,-11732274704.446388,58916.93729131943
46,2020,3,8,22,44,41.97,-21364438.023,9087178.565,13152680.292,-2317.88093,-1735.48093,-2546.47433,2020-03-08 22:44:41.970,-329912116.61978334,115929839.57682216,80534864.04074578,145569537171.05237,-27039835600.82516,-11721787557.38478,58916.9477079861
46,2020,3,8,22,59,41.97,-23263413.107,7452584.429,10755751.527,-1896.1457799999998,-1891.7858800000001,-2772.45983,2020-03-08 22:59:41.970,-330264991.29302686,115069210.5460661,80203421.75574468,145575288147.84357,-27015643970.361588,-11711300032.651516,58916.95812465277
46,2020,3,8,23,14,41.97,-24767940.399,5691622.046,8176408.697,-1442.56045,-2015.9149200000002,-2951.28418,2020-03-08 23:14:41.970,-330615552.3258494,114207769.92103061,79871412.13950795,145581034376.5645,-26991451463.41178,-11700812130.56689,58916.96854131943
46,2020,3,8,23,29,41.97,-25852745.573,3834206.667,5458476.284,-964.7333299999999,-2105.83223,-3080.01481,2020-03-08 23:29:41.970,-330963796.724653,113345523.64268768,79538837.4255352,145586775857.10223,-26967258080.704926,-11690323851.45116,58916.9789579861
46,2020,3,8,23,44,41.97,-26499581.637,1911836.969,2648053.663,-470.65227999999996,-2160.0590500000003,-3156.53493,2020-03-08 23:44:41.970,-331309721.5147653,112482477.66167517,79205699.8532664,145592512589.3439,-26943063822.970066,-11679835195.624512,58916.98937465277
46,2020,3,8,23,59,41.97,-26697515.671,-42916.401999999995,-207233.52399999998,31.43771,-2177.69487,-3179.57372,2020-03-08 23:59:41.970,-331653323.74049187,111618637.93823212,78872001.66805899,145598244573.17654,-26918868690.936226,-11669346163.40707,58916.99979131943
46,2020,3,9,0,14,41.97,-26443104.199,-1996934.608,-3058999.302,533.15896,-2158.43094,-3148.7255,2020-03-09 00:14:41.970,-331994600.46516824,110754010.4421336,78537745.1211654,145603971808.48715,-26894672685.332245,-11658856755.11889,58917.0102079861
46,2020,3,9,0,29,41.97,-25740455.297000002,-3917099.387,-5858899.635,1026.1307399999998,-2102.55556,-3064.45673,2020-03-09 00:29:41.970,-332333548.77121246,109888601.15262581,78202932.46971047,145609694295.16235,-26870475806.886917,-11648366971.07997,58917.02062465277
46,2020,3,9,0,44,41.97,-24601174.099,-5770810.414,-8559387.321,1502.09342,-2010.95237,-2928.10279,2020-03-09 00:44:41.970,-332670165.7601771,109022416.0583598,77867565.97666878,145615412033.08923,-26846278056.32891,-11637876811.610222,58917.03104131943
46,2020,3,9,0,59,41.97,-23044196.236,-7526530.159,-11114507.294,1953.03831,-1885.08978,-2741.85188,2020-03-09 00:59:41.970,-333004448.55280006,108155461.15732646,77531647.91084126,145621125022.15445,-26822079434.38679,-11627386277.029526,58917.0414579861
46,2020,3,9,1,14,41.97,-21095505.248,-9154299.253999999,-13480647.813,2371.3328100000003,-1727.0026599999999,-2508.7175899999997,2020-03-09 01:14:41.970,-333336394.2890567,107287742.45679006,77195180.5468323,145626833262.24472,-26797879941.789093,-11616895367.657673,58917.05187465277
46,2020,3,9,1,29,41.97,-18787738.632,-10626234.95,-15617266.411,2749.84305,-1539.26573,-2232.49936,2020-03-09 01:29:41.970,-333666000.12821025,106419265.9732218,76858166.1650266,145632536753.2464,-26773679579.26415,-11606404083.814402,58917.06229131943
46,2020,3,9,1,44,41.97,-16159685.472,-11917001.924,-17487574.871,3082.0519000000004,-1324.95873,-1917.73092,2020-03-09 01:44:41.970,-333993263.2488618,105550037.73223321,76520607.05156542,145638235495.04645,-26749478347.54029,-11595912425.819399,58917.0727079861
46,2020,3,9,1,59,41.97,-13255680.555000002,-13004248.014999999,-19059172.395000003,3362.17072,-1087.6233,-1569.61679,2020-03-09 01:59:41.970,-334318180.84900135,104680063.76850955,76182505.49832344,145643929487.53098,-26725276247.345707,-11585420393.992264,58917.08312465277
46,2020,3,9,2,14,41.97,-10124901.409,-13868997.535,-20304616.263,3585.24301,-831.21186,-1193.95689,2020-03-09 02:14:41.970,-334640750.14605784,103809350.1257423,75843863.80288461,145649618730.5865,-26701073279.408493,-11574927988.652552,58917.09354131943
46,2020,3,9,2,29,41.97,-6820576.393,-14495994.946,-21201919.512000002,3747.2380900000003,-560.02854,-797.0598,2020-03-09 02:29:41.970,-334960968.37694794,102937902.85656187,75504684.26851882,145655303224.09924,-26676869444.456688,-11564435210.11975,58917.1039579861
46,2020,3,9,2,44,41.97,-3399113.7589999996,-14873992.026,-21734965.603,3845.1327,-278.66268,-385.64521,2020-03-09 02:44:41.970,-335278832.7981265,102065728.02247007,75164969.20415734,145660982967.9555,-26652664743.218204,-11553942058.71329,58917.11437465277
46,2020,3,9,2,59,41.97,80836.533,-14995972.048,-21893830.720999997,3876.97848,8.0845,33.26365,2020-03-09 02:59:41.970,-335594340.6856341,101192831.69377188,74824720.92436926,145666657962.04144,-26628459176.42086,-11543448534.752522,58917.12479131943
46,2020,3,9,3,14,41.97,3559374.5549999997,-14859305.17,-21675005.285,3841.9531500000003,295.27925999999997,452.45617999999996,2020-03-09 03:14:41.970,-335907489.3351472,100319219.94950765,74483941.7493367,145672328206.243,-26604252744.792404,-11532954638.556768,58917.1352079861
46,2020,3,9,3,29,41.97,6976380.157,-14465830.072999999,-21081507.498,3740.3934799999997,577.9396999999999,864.6578499999999,2020-03-09 03:29:41.970,-336218276.062025,99444898.87738413,74142634.00483102,145677993700.44647,-26580045449.06051,-11522460370.445257,58917.14562465277
46,2020,3,9,3,44,41.97,10272563.418,-13821857.946,-20122883.361,3573.80801,851.12369,1262.65872,2020-03-09 03:44:41.970,-336526698.20135915,98569874.57370631,73800800.02218758,145683654444.53763,-26555837289.952713,-11511965730.737177,58917.15604131943
46,2020,3,9,3,59,41.97,13390516.962,-12938096.261999998,-18815089.483,3344.86829,1110.01892,1639.4449399999999,2020-03-09 03:59:41.970,-336832753.10801923,97694153.14330824,73458442.13828161,145689310438.4022,-26531628268.196507,-11501470719.751648,58917.1664579861
46,2020,3,9,4,14,41.97,16275750.104,-11829491.279,-17180257.272,3057.3771,1350.03314,1988.3304,2020-03-09 04:14:41.970,-337136438.1567022,96817740.69948375,73115562.69550316,145694961681.9261,-26507418384.519283,-11490975337.807728,58917.17687465277
46,2020,3,9,4,29,41.97,18877684.011,-10514989.969,-15246339.646,2716.21351,1566.8826099999999,2303.08561,2020-03-09 04:29:41.970,-337437750.74197775,95940643.36391713,72772164.0417321,145700608174.99493,-26483207639.648323,-11480479585.22442,58917.18729131943
46,2020,3,9,4,44,41.97,21150586.816999998,-9017223.959,-13046644.137,2327.2545400000004,1756.67657,2578.06076,2020-03-09 04:44:41.970,-337736688.27833605,95062867.26661347,72428248.53031327,145706249917.49442,-26458996034.31087,-11469983462.320675,58917.1977079861
46,2020,3,9,4,59,41.97,23054428.033,-7362120.035,-10619259.168,1897.2743,1915.9956300000001,2808.2995,2020-03-09 04:59:41.970,-338033248.2002334,94184418.54582858,72083818.52003087,145711886909.30997,-26434783569.23405,-11459486969.415363,58917.20812465277
46,2020,3,9,5,14,41.97,24555632.658999998,-5578443.7639999995,-8006383.206,1433.8222899999998,2041.9616299999998,2989.64046,2020-03-09 05:14:41.970,-338327427.96213865,93305303.34799899,71738876.37508367,145717519150.3272,-26410570245.144897,-11448990106.827309,58917.21854131943
46,2020,3,9,5,29,41.97,25627717.195,-3697284.723,-5253569.247,945.08312,2132.2972099999997,3118.80344,2020-03-09 05:29:41.970,-338619225.0385782,92425527.82767147,71393424.46505858,145723146640.43124,-26386356062.77042,-11438492874.875288,58917.2289579861
46,2020,3,9,5,44,41.97,26251792.233,-1751493.533,-2408899.671,439.72091,2185.3730800000003,3193.45755,2020-03-09 05:44:41.970,-338908636.924182,91545098.1474322,71047465.16490614,145728769379.50757,-26362141022.837475,-11427995273.878002,58917.23937465277
46,2020,3,9,5,59,41.97,26416919.41,224917.59300000002,477891.392,-73.2881,2200.24161,3212.2693799999997,2020-03-09 05:59:41.970,-339195661.13372785,90664020.47783631,70701000.85491385,145734387367.44144,-26337925126.07285,-11417497304.154093,58917.24979131943
46,2020,3,9,6,14,41.97,26120314.138,2197397.97,3356329.4080000003,-584.83016,2176.6557,3174.9295700000002,2020-03-09 06:14:41.970,-339480295.2021864,89782300.99733627,70354033.92068085,145740000604.11768,-26313708373.20331,-11406998966.022165,58917.2602079861
46,2020,3,9,6,29,41.97,25367389.488,4131491.7100000004,6176124.697000001,-1085.8315599999999,2115.07244,3082.1571200000003,2020-03-09 06:29:41.970,-339762536.6847652,88899945.89221102,70006566.75309145,145745609089.42178,-26289490764.95547,-11396500259.800741,58917.27062465277
46,2020,3,9,6,44,41.97,24171640.772,5993467.357000001,8888091.490999999,-1567.43436,2016.6414100000002,2935.68134,2020-03-09 06:44:41.970,-340042383.15695226,88016961.35649383,69658601.74828939,145751212823.23828,-26265272302.0559,-11386001185.808302,58917.28104131943
46,2020,3,9,6,59,41.97,22554374.516,7750930.343,11445041.004999999,-2021.16574,1883.17829,2738.20233,2020-03-09 06:59:41.970,-340319832.21456033,87133353.5919012,69310141.30765116,145756811805.45227,-26241052985.2311,-11375501744.363264,58917.2914579861
46,2020,3,9,7,14,41.97,20544289.428,9373405.381000001,13802629.757000001,-2439.09684,1717.12468,2493.33139,2020-03-09 07:14:41.970,-340594881.4737691,86249128.80776013,68961187.83775969,145762406035.9485,-26216832815.20749,-11365001935.783993,58917.30187465277
46,2020,3,9,7,29,41.97,18176920.549,10832876.995000001,15920145.947,-2813.98742,1521.49553,2205.51332,2020-03-09 07:29:41.970,-340867528.571169,85364293.2209363,68611743.75037807,145767995514.6117,-26192611792.711376,-11354501760.388796,58917.31229131943
46,2020,3,9,7,44,41.97,15493960.76,12104277.807,17761218.825,-3139.4132799999998,1299.8159,1879.93342,2020-03-09 07:44:41.970,-341137771.16380227,84478853.05576149,68261811.46242252,145773580241.32632,-26168389918.469044,-11344001218.495928,58917.3227079861
46,2020,3,9,7,59,41.97,12542476.272,13165915.836,19294438.361,-3409.8741600000003,1056.04901,1522.41172,2020-03-09 07:59:41.970,-341405606.9292068,83592814.54396072,67911393.39593555,145779160215.97714,-26144167193.206673,-11333500310.423582,58917.33312465277
46,2020,3,9,8,14,41.97,9374034.401,13999833.925,20493875.257,-3620.88054,794.51769,1139.2877400000002,2020-03-09 08:14:41.970,-341671033.56545645,82706183.92457962,67560491.97805935,145784735438.44846,-26119943617.650375,-11322999036.489897,58917.34354131943
46,2020,3,9,8,29,41.97,6043763.011,14592096.232,21339494.037,-3769.01859,519.82125,737.2986500000001,2020-03-09 08:29:41.970,-341934048.7912023,81818967.44391102,67209109.64100845,145790305908.6247,-26095719192.526176,-11312497397.01295,58917.3539579861
46,2020,3,9,8,44,41.97,2609361.406,14932998.623,21817454.675,-3851.99317,236.74979,323.45390000000003,2020-03-09 08:44:41.970,-342194650.34571505,80931171.35542183,66857248.82204263,145795871626.39005,-26071493918.56007,-11301995392.310791,58917.36437465277
46,2020,3,9,8,59,41.97,-869917.723,15017201.525,21920300.798,-3868.64929,-49.80213,-95.09103,2020-03-09 08:59:41.970,-342452835.9889239,80042801.91967924,66504911.96343954,145801432591.6287,-26047267796.477955,-11291493022.701384,58917.37479131943
46,2020,3,9,9,14,41.97,-4334296.345,14843785.411999999,21647034.816999998,-3818.97301,-334.92079,-511.15931,2020-03-09 09:14:41.970,-342708603.5014579,79153865.40427728,66152101.51246731,145806988804.22482,-26023040827.00564,-11280990288.502653,58917.3852079861
46,2020,3,9,9,29,41.97,-7724491.198,14416230.522,21003082.396,-3704.07319,-613.7561900000001,-917.67361,2020-03-09 09:29:41.970,-342961950.68468535,78264368.08376251,65798819.921357,145812540264.06238,-25998813010.86888,-11270487190.032467,58917.39562465277
46,2020,3,9,9,44,41.97,-10982709.348000001,13742323.574,20000150.457,-3526.1454400000002,-881.6011900000001,-1307.7716,2020-03-09 09:44:41.970,-343212875.3607537,77374316.23956001,65445069.64727474,145818086971.02518,-25974584348.79339,-11259983727.608639,58917.40604131943
46,2020,3,9,9,59,41.97,-14053604.037999999,12833995.309,18655984.326,-3288.4201900000003,-1133.9659900000001,-1674.91438,2020-03-09 09:59:41.970,-343461375.37262756,76483716.1598991,65090853.15229415,145823628924.99722,-25950354841.504776,-11249479901.548937,58917.4164579861
46,2020,3,9,10,14,41.97,-16885177.238,11707093.413,16994030.816999998,-2995.09649,-1366.64706,-2012.9868900000001,2020-03-09 10:14:41.970,-343707448.5841286,75592574.13973843,64736172.903368235,145829166125.8621,-25926124489.72859,-11238975712.171068,58917.42687465277
46,2020,3,9,10,29,41.97,-19429616.851999998,10381096.06,15043014.934999999,-2651.2632900000003,-1575.7901299999999,-2316.3893199999998,2020-03-09 10:29:41.970,-343951092.8799737,74700896.48069158,64381031.372301444,145834698573.50354,-25901893294.190342,-11228471159.79269,58917.43729131943
46,2020,3,9,10,44,41.97,-21644058.071,8878771.745,12836438.568,-2262.80987,-1757.9464899999998,-2580.1189999999997,2020-03-09 10:44:41.970,-344192306.165812,73808689.49095187,64025431.03572128,145840226267.805,-25877661255.61544,-11217966244.731411,58917.4477079861
46,2020,3,9,10,59,41.97,-23491259.814,7225791.451,10412010.029,-1836.32694,-1910.1225399999998,-2799.8420899999996,2020-03-09 10:59:41.970,-344431086.3682635,72915959.48521699,63669374.3750503,145845749208.65015,-25853428374.729244,-11207460967.304789,58917.45812465277
46,2020,3,9,11,14,41.97,-24940188.522,5450299.432,7811013.693,-1378.99991,-2029.8221800000001,-2971.95496,2020-03-09 11:14:41.970,-344667431.43495566,72022712.78461425,63312863.87647744,145851267395.92203,-25829194652.25707,-11196955327.83031,58917.46854131943
46,2020,3,9,11,29,41.97,-25966502.825,3582449.091,5077629.226,-898.4955799999999,-2115.0819699999997,-3093.6348,2020-03-09 11:29:41.970,-344901339.3345608,71128955.71662447,62955902.03092965,145856780829.5042,-25804960088.924137,-11186449326.625435,58917.4789579861
46,2020,3,9,11,44,41.97,-26552933.944000002,1653910.611,2258210.13,-402.84386,-2164.4987300000003,-3162.8793800000003,2020-03-09 11:44:41.970,-345132808.0568313,70234694.61500615,62598491.334043145,145862289509.27963,-25780724685.45564,-11175942964.00757,58917.48937465277
46,2020,3,9,11,59,41.97,-26689557.459,-302642.951,-599468.512,99.68506000000001,-2177.24973,-3178.5357200000003,2020-03-09 11:59:41.970,-345361835.61263686,69339935.81972021,62240634.28613459,145867793435.13156,-25756488442.5767,-11165436240.294062,58917.49979131943
46,2020,3,9,12,14,41.97,-26373953.345999997,-2254064.2240000004,-3446983.054,600.70602,-2153.1050999999998,-3140.3175,2020-03-09 12:14:41.970,-345588420.0339999,68444685.67685322,61882333.39217238,145873292606.9428,-25732251361.01234,-11154929155.802206,58917.5102079861
46,2020,3,9,12,29,41.97,-25611252.192,-4167267.7759999996,-6236044.876,1091.8464000000001,-2092.4324699999997,-3048.8111299999996,2020-03-09 12:29:41.970,-345812559.37412965,67548950.53854138,61523591.16174748,145878787024.5965,-25708013441.48758,-11144421710.849262,58917.52062465277
46,2020,3,9,12,44,41.97,-24414066.395000003,-6009766.9969999995,-8919284.184,1564.87382,-1996.19371,-2905.47014,2020-03-09 12:44:41.970,-346034251.70745903,66652736.76289411,61164410.10904445,145884276687.9751,-25683774684.72735,-11133913905.752422,58917.53104131943
46,2020,3,9,12,59,41.97,-22802306.575999998,-7750204.385,-11451023.540000001,2011.8234899999998,-1865.93352,-2712.5979199999997,2020-03-09 12:59:41.970,-346253495.12967694,65756050.71391724,60804792.75281199,145889761596.9617,-25659535091.456535,-11123405740.828848,58917.5414579861
46,2020,3,9,13,14,41.97,-20802884.127,-9358867.981999999,-13788030.461000001,2425.12362,-1703.76003,-2473.3184600000004,2020-03-09 13:14:41.970,-346470287.7577635,64858898.76143628,60444741.61633392,145895241751.4386,-25635294662.399975,-11112897216.395638,58917.55187465277
46,2020,3,9,13,29,41.97,-18449302.28,-10808186.59,-15890238.362,2797.71746,-1512.31705,-2191.53522,2020-03-09 13:29:41.970,-346684627.7300238,63961287.28101938,60084259.22739943,145900717151.2885,-25611053398.28242,-11102388332.76984,58917.56229131943
46,2020,3,9,13,44,41.97,-15781139.348000001,-12073196.336000001,-17721425.009,3123.1806199999996,-1294.74815,-1871.87788,2020-03-09 13:44:41.970,-346896513.20612055,63063222.65390024,59723348.11827368,145906187796.39365,-25586811299.828613,-11091879090.268475,58917.5727079861
46,2020,3,9,13,59,41.97,-12843429.245,-13131971.184,-19249837.676,3395.8317500000003,-1054.65247,-1519.63715,2020-03-09 13:59:41.970,-347105942.36710703,62164711.26690071,59362010.82566812,145911653686.63663,-25562568367.76321,-11081369489.208506,58917.58312465277
46,2020,3,9,14,14,41.97,-9685945.963,-13966010.041,-20448754.331,3610.83497,-796.0324800000001,-1140.68784,2020-03-09 14:14:41.970,-347312913.4154599,61265759.51235328,59000249.89071058,145917114821.8993,-25538324602.81082,-11070859529.906828,58917.59354131943
46,2020,3,9,14,29,41.97,-6362400.359,-14560573.309,-21296970.437,3764.29196,-523.23394,-741.40062,2020-03-09 14:29:41.970,-347517424.575111,60366373.78802353,58638067.85891559,145922571202.06406,-25514080005.69602,-11060349212.680317,58917.6039579861
46,2020,3,9,14,44,41.97,-2929559.446,-14904962.027999999,-21779201.422,3853.32175,-240.87847000000002,-328.54296,2020-03-09 14:44:41.970,-347719474.0914786,59466560.497032255,58275467.28015421,145928022827.01282,-25489834577.143295,-11049838537.845793,58917.61437465277
46,2020,3,9,14,59,41.97,553699.813,-14992733.236,-21886391.586999997,3876.12609,46.21065,90.82956,2020-03-09 14:59:41.970,-347919060.2314992,58566326.04777736,57912450.70862403,145933469696.62744,-25465588317.877132,-11039327505.720032,58917.62479131943
46,2020,3,9,15,14,41.97,4027388.224,-14821845.849,-21615921.185,3832.03827,333.08855,509.49058,2020-03-09 15:14:41.970,-348116181.28365815,57665676.8538559,57549020.702818826,145938911810.79,-25441341228.62193,-11028816116.619751,58917.6352079861
46,2020,3,9,15,29,41.97,7431437.853,-14394732.208999999,-20971704.71,3721.55343,614.77362,920.1671,2020-03-09 15:29:41.970,-348310835.5580199,56764619.33398576,57185179.8254984,145944349169.38196,-25417093310.102074,-11018304370.86164,58917.64562465277
46,2020,3,9,15,44,41.97,10706753.742,-13718291.584,-19964175.057,3546.3384800000003,886.3358999999999,1315.66858,2020-03-09 15:44:41.970,-348503021.3862578,55863159.91192724,56820930.64365811,145949781772.28503,-25392844563.041866,-11007792268.762337,58917.65604131943
46,2020,3,9,15,59,41.97,13796264.862,-12803803.228999998,-18610150.179,3309.22026,1142.98713,1689.01855,2020-03-09 15:59:41.970,-348692737.12168455,54961305.01640433,56456275.72849826,145955209619.3807,-25368594988.165577,-10997279810.63843,58917.6664579861
46,2020,3,9,16,14,41.97,16645954.128,-11666758.179,-16932581.146,3014.15074,1380.1709600000002,2033.58607,2020-03-09 16:14:41.970,-348879981.1392801,54059061.08102615,56091217.65539365,145960632710.55045,-25344344586.197433,-10986766996.80646,58917.67687465277
46,2020,3,9,16,29,41.97,19205846.605,-10326610.709,-14960183.11,2666.14886,1593.65093,2343.21396,2020-03-09 16:29:41.970,-349064751.83572143,53156434.544208005,55725759.00386274,145966051045.67557,-25320093357.861664,-10976253827.582949,58917.68729131943
46,2020,3,9,16,44,41.97,21430934.876,-8806452.29,-12726953.428000001,2271.21913,1779.59435,2612.34079,2020-03-09 16:44:41.970,-349247047.62941015,52253431.849092275,55359902.3575367,145971464624.63733,-25295841303.882362,-10965740303.284332,58917.6977079861
46,2020,3,9,16,59,41.97,23282020.999,-7132612.861,-10271584.115,1836.24792,1934.64954,2836.11318,2020-03-09 16:59:41.970,-349426866.9605009,51350059.443469495,54993650.30412886,145976873447.31683,-25271588424.98365,-10955226424.227045,58917.70812465277
46,2020,3,9,17,14,41.97,24726455.678999998,-5334196.238000001,-7636778.702,1368.8790900000001,2056.01463,3010.48539,2020-03-09 17:14:41.970,-349604208.2909285,50446323.779698916,54627005.43540326,145982277513.59503,-25247334721.88958,-10944712190.727463,58917.71854131943
46,2020,3,9,17,29,41.97,25738757.125,-3442558.358,-4868486.329,877.3714500000001,2141.4954599999996,3132.30321,2020-03-09 17:29:41.970,-349779070.1044354,49542231.31462904,54259970.347143814,145987676823.3528,-25223080195.324165,-10934197603.101896,58917.7289579861
46,2020,3,9,17,44,41.97,26301094.661,-1490738.801,-2015068.407,370.44138,2189.55122,3199.36957,2020-03-09 17:44:41.970,-349951450.9065978,48637788.50951809,53892547.639123,145993071376.4712,-25198824846.011402,-10923682661.66665,58917.73937465277
46,2020,3,9,17,59,41.97,26403625.331,487142.55600000004,873584.762,-142.90581,2199.32615,3210.48977,2020-03-09 17:59:41.970,-350121349.2248522,47733001.829954445,53524739.91507058,145998461172.83075,-25174568674.67522,-10913167366.73797,58917.74979131943
46,2020,3,9,18,14,41.97,26044675.406,2456510.809,3746968.435,-653.55114,2170.66639,3165.49516,2020-03-09 18:14:41.970,-350288763.6085214,46827877.74577672,53156549.78264208,146003846212.31204,-25150311682.03953,-10902651718.632061,58917.7602079861
46,2020,3,9,18,29,41.97,25230762.725,4382969.6389999995,6554889.0879999995,-1152.43964,2104.1216299999996,3065.2443200000002,2020-03-09 18:29:41.970,-350453692.6288393,45922422.73099389,52787979.85338754,146009226494.7956,-25126053868.828205,-10892135717.665077,58917.77062465277
46,2020,3,9,18,44,41.97,23976459.975,6232929.489,9248381.152,-1630.7553699999999,2000.9314599999998,2911.60215,2020-03-09 18:44:41.970,-350616134.8789762,45016643.26370522,52419032.74271962,146014602020.16187,-25101795235.765068,-10881619364.153154,58917.78104131943
46,2020,3,9,18,59,41.97,22304103.127,7974216.8,11780595.146,-2080.08975,1862.9970799999999,2707.3974000000003,2020-03-09 18:59:41.970,-350776088.9740635,44110545.82602001,52049711.06988213,146019972788.29102,-25077535783.573914,-10871102658.412374,58917.7914579861
46,2020,3,9,19,14,41.97,20243353.153,9576651.572999999,14107638.602000002,-2492.59867,1692.83937,2456.36054,2020-03-09 19:14:41.970,-350933553.5512172,43204136.90397739,51680017.45791819,146025338799.06354,-25053275512.97851,-10860585600.758776,58917.80187465277
46,2020,3,9,19,29,41.97,17830622.64,11012581.583999999,16189352.865999999,-2861.14501,1493.54478,2163.0438,2020-03-09 19:29:41.970,-351088527.2695624,42297422.98746595,51309954.533638336,146030700052.35925,-25029014424.702606,-10850068191.508356,58917.81229131943
46,2020,3,9,19,44,41.97,15108381.856,12257363.099,17990010.967,-3179.4235999999996,1268.70087,1832.72618,2020-03-09 19:44:41.970,-351241008.8102556,41390410.570143245,50939524.92758863,146036056548.05814,-25004752519.469887,-10839550430.977095,58917.8227079861
46,2020,3,9,19,59,41.97,12124361.156000001,13289779.568,19478924.264000002,-3442.06632,1022.32331,1471.30626,2020-03-09 19:59:41.970,-351390996.8765081,40483106.14935501,50568731.27401858,146041408286.0402,-24980489798.004005,-10829032319.480906,58917.83312465277
46,2020,3,9,20,14,41.97,8930668.237,14092391.651,20630948.235,-3644.7260300000003,758.7765800000001,1085.18572,2020-03-09 20:14:41.970,-351538490.1936083,39575516.22605446,50197576.210849024,146046755266.18512,-24956226261.02864,-10818513857.335688,58917.84354131943
46,2020,3,9,20,29,41.97,5582839.732000001,14651813.768,21426880.539,-3784.1385,482.69037,681.14694,2020-03-09 20:29:41.970,-351683487.5089434,38667647.30472167,49826062.37963982,146052097488.37247,-24931961909.267387,-10807995044.857275,58917.8539579861
46,2020,3,9,20,44,41.97,2138846.92,14958914.25,21853747.168,-3858.1624899999997,198.87372,266.22722999999996,2020-03-09 20:44:41.970,-351825987.5920214,37759505.893282466,49454192.42555777,146057434952.4821,-24907696743.443813,-10797475882.361483,58917.86437465277
46,2020,3,9,20,59,41.97,-1341924.871,15008937.874,21904975.063,-3865.79828,-87.7713,-152.40733,2020-03-09 20:59:41.970,-351965989.23449165,36851098.50302749,49081968.99734407,146062767658.39316,-24883430764.281494,-10786956370.164082,58917.87479131943
46,2020,3,9,21,14,41.97,-4799704.337,14801551.159,21580451.837,-3807.1859400000003,-372.33466,-567.5862099999999,2020-03-09 21:14:41.970,-352103491.25016534,35942431.64853086,48709394.747281834,146068095605.9851,-24859163972.50396,-10776436508.58082,58917.8852079861
46,2020,3,9,21,29,41.97,-8175351.984,14340812.180000002,20886475.32,-3683.58443,-649.98082,-972.2546600000001,2020-03-09 21:29:41.970,-352238492.47503674,35033511.84756916,48336472.33116368,146073418795.1373,-24834896368.8347,-10765916297.927395,58917.89562465277
46,2020,3,9,21,44,41.97,-11411351.179,13635067.861,19835597.294999998,-3497.33341,-916.02729,-1359.58826,2020-03-09 21:44:41.970,-352370991.76730186,34124345.62104019,47963204.40825898,146078737225.72864,-24810627953.997223,-10755395738.519466,58917.90604131943
46,2020,3,9,21,59,41.97,-14452757.544,12696782.628,18446367.259999998,-3251.7991300000003,-1166.0183900000002,-1723.10043,2020-03-09 21:59:41.970,-352500988.0073776,33214939.492881216,47589593.641281195,146084050897.6383,-24786358728.714954,-10744874830.672655,58917.9164579861
46,2020,3,9,22,14,41.97,-17248093.294999998,11542303.142,16742983.124999998,-2951.30645,-1395.79348,-2056.7415300000002,2020-03-09 22:14:41.970,-352628480.09792227,32305299.989987873,47215642.696355045,146089359810.74515,-24762088693.711357,-10734353574.702572,58917.92687465277
46,2020,3,9,22,29,41.97,-19750174.713,10191564.371000001,14754856.664,-2601.05857,-1601.54899,-2354.9890699999996,2020-03-09 22:29:41.970,-352753466.9638519,31395433.642132446,46841354.242983796,146094663964.92807,-24737817849.709835,-10723831970.924759,58917.93729131943
46,2020,3,9,22,44,41.97,-21916862.436,8667742.753,12516102.136,-2207.0460199999998,-1779.89391,-2612.92814,2020-03-09 22:44:41.970,-352875947.5523605,30485346.981882107,46466730.95401612,146099963360.06558,-24713546197.433804,-10713310019.654745,58917.9477079861
46,2020,3,9,22,59,41.97,-23711725.703,6996862.514,10064957.039,-1775.94668,-1927.89834,-2826.32176,2020-03-09 22:59:41.970,-352995920.83293533,29575046.544517368,46091775.50561327,146105257996.03647,-24689273737.60661,-10702787721.208015,58917.95812465277
46,2020,3,9,23,14,41.97,-25104613.022,5207361.468,7443144.245,-1315.01807,-2043.13495,-2991.6707300000003,2020-03-09 23:14:41.970,-353113385.79737544,28664538.86795015,45716490.57721578,146110547872.71902,-24665000470.951626,-10692265075.900036,58917.96854131943
46,2020,3,9,23,29,41.97,-26072122.903,3329622.7770000002,4695185.066,-831.98328,-2123.71314,-3106.2627799999996,2020-03-09 23:29:41.970,-353228341.4598087,27753830.49264195,45340878.85151058,146115832989.99182,-24640726398.1922,-10681742084.046211,58917.9789579861
46,2020,3,9,23,44,41.97,-26597969.746,1395479.3569999998,1867672.991,-334.91202,-2168.30566,-3168.2107899999996,2020-03-09 23:44:41.970,-353340786.85670614,26842927.961521972,44964943.014397316,146121113347.73312,-24616451520.051643,-10671218745.961943,58917.98937465277
46,2020,3,9,23,59,41.97,-26673240.558000002,-562302.3520000001,-991482.0099999999,167.90259,-2176.16781,-3176.47996,2020-03-09 23:59:41.970,-353450721.0469001,25931837.819904946,44588685.754955634,146126388945.82083,-24592175837.25327,-10660695061.962584,58917.99979131943
46,2020,3,10,0,14,41.97,-26296539.825,-2510549.231,-3833823.8940000003,668.06915,-2147.14891,-3130.9038,2020-03-10 00:14:41.970,-353558143.1115978,25020566.615409266,44212109.765411355,146131659784.13324,-24567899350.52038,-10650171032.363455,58918.0102079861
46,2020,3,10,0,29,41.97,-25474019.876,-4416230.883,-6611153.556,1157.22783,-2081.69547,-3032.18803,2020-03-10 00:29:41.970,-353663052.1543973,24109120.897874597,43835217.741103135,146136925862.5482,-24543622060.576252,-10639646657.479847,58918.02062465277
46,2020,3,10,0,44,41.97,-24219296.122,-6246976.898,-9276283.429,1627.1746899999998,-1980.8474899999999,-2881.90414,2020-03-10 00:44:41.970,-353765447.3013012,23197507.21927989,43458012.38044903,146142187180.94345,-24519343968.144154,-10629121937.627012,58918.03104131943
46,2020,3,10,0,59,41.97,-22553248.679,-7971618.58,-11783827.779,2069.99108,-1846.22562,-2682.47006,2020-03-10 00:59:41.970,-353865327.70073146,22285732.133661028,43080496.38491279,146147443739.1969,-24495065073.94735,-10618596873.120195,58918.0414579861
46,2020,3,10,1,14,41.97,-20503709.290999997,-9560699.784,-14090946.822,2478.16817,-1680.0107500000001,-2437.1194,2020-03-10 01:14:41.970,-353962692.5235422,21373802.197028562,42702672.45897043,146152695537.18613,-24470785378.709076,-10608071464.27459,58918.05187465277
46,2020,3,10,1,29,41.97,-18105037.514,-10986968.768000001,-16158062.453,2844.72843,-1484.91519,-2149.85858,2020-03-10 01:29:41.970,-354057540.9630333,20461723.967285212,42324543.3100762,146157942574.7884,-24446504883.15258,-10597545711.405355,58918.06229131943
46,2020,3,10,1,44,41.97,-15397589.678,-12225840.419,-17949530.001,3163.34212,-1264.14561,-1825.4119799999999,2020-03-10 01:44:41.970,-354149872.2349627,19549504.004143715,41946111.64862907,146163184851.88135,-24422223588.001083,-10587019614.827635,58918.0727079861
46,2020,3,10,1,59,41.97,-12427085.938000001,-13255821.422,-19434255.202,3428.4370000000004,-1021.35778,-1469.15513,2020-03-10 01:59:41.970,-354239685.57755953,18637148.86904404,41567380.187938794,146168422368.3421,-24397941493.977818,-10576493174.85654,58918.08312465277
46,2020,3,10,2,14,41.97,-9243882.32,-14058891.076,-20586245.746,3635.29941,-760.6033,-1087.03613,2020-03-10 02:14:41.970,-354326980.2515344,17724665.125071216,41188351.64419196,146173655124.04785,-24373658601.80599,-10565966391.807138,58918.09354131943
46,2020,3,10,2,29,41.97,-5902156.375,-14620830.597000001,-21385087.038000003,3780.16484,-486.26849,-685.48592,2020-03-10 02:29:41.970,-354411755.5400921,16812059.336872507,40809028.7364181,146178883118.8758,-24349374912.208817,-10555439265.9945,58918.1039579861
46,2020,3,10,2,44,41.97,-2459016.857,-14931494.149,-21816332.314,3860.29584,-203.00603999999998,-271.31785,2020-03-10 02:44:41.970,-354494010.7489419,15899338.070575029,40429414.18645567,146184106352.70276,-24325090425.909496,-10544911797.73362,58918.11437465277
46,2020,3,10,2,59,41.97,1026450.271,-14985015.274,-21871797.998,3874.04525,84.34002,148.38231,2020-03-10 02:59:41.970,-354573745.20630777,14986507.89370296,40049510.71891781,146189324825.40558,-24300805143.63125,-10534383987.339516,58918.12479131943
46,2020,3,10,3,14,41.97,4494185.309,-14779943.150999999,-21549756.204,3820.9026000000003,370.81509,566.3746699999999,2020-03-10 03:14:41.970,-354650958.262939,14073575.375095114,39669321.061158486,146194538536.8609,-24276519066.097244,-10523855835.127138,58918.1352079861
46,2020,3,10,3,29,41.97,7884191.74,-14319303.973,-20855017.641999997,3701.52172,651.4394,975.3901999999999,2020-03-10 03:29:41.970,-354725649.2921188,13160547.084821997,39288847.943238094,146199747486.9455,-24252232194.030697,-10513327341.41144,58918.14562465277
46,2020,3,10,3,44,41.97,11137588.893,-13610583.877999999,-19798899.822,3517.7277999999997,921.2966799999999,1368.2602200000001,2020-03-10 03:44:41.970,-354797817.689675,12247429.594103327,38908094.09788919,146204951675.53577,-24227944528.154793,-10502798506.507326,58918.15604131943
46,2020,3,10,3,59,41.97,14197661.138,-12665631.261,-18399077.501,3272.50247,1175.62438,1738.04818,2020-03-10 03:59:41.970,-354867462.8739864,11334229.475225164,38527062.26048234,146210151102.50812,-24203656069.19274,-10492269330.729687,58918.1664579861
46,2020,3,10,4,14,41.97,17010883.369,-11500477.848000001,-16679314.623999998,2969.9458999999997,1409.9036199999998,2078.18077,2020-03-10 04:14:41.970,-354934584.2859932,10420953.301457165,38145755.16899156,146215345767.73895,-24179366817.86775,-10481739814.39338,58918.17687465277
46,2020,3,10,4,29,41.97,19527901.845,-10135079.719999999,-14669079.592,2615.21546,1619.94678,2382.57552,2020-03-10 04:29:41.970,-354999181.3892031,9507607.646969842,37764175.563960165,146220535671.10425,-24155076774.902985,-10471209957.81323,58918.18729131943
46,2020,3,10,4,44,41.97,21704449.380999997,-8592981.36,-12403048.535,2214.44127,1801.9806,2645.76157,2020-03-10 04:44:41.970,-355061253.66969955,8594199.086751778,37382326.188466005,146225720812.48013,-24130785941.021675,-10460679761.304066,58918.1977079861
46,2020,3,10,4,59,41.97,23502174.479000002,-6900907.827,-9920504.134000001,1774.6196400000001,1952.72244,2862.99046,2020-03-10 04:59:41.970,-355120800.636148,7680734.196526759,37000209.788087204,146230901191.74252,-24106494316.94703,-10450149225.180658,58918.20812465277
46,2020,3,10,5,14,41.97,24889365.193,-5088292.096,-7264640.437,1303.4861,2069.4477199999997,3030.3337199999996,2020-03-10 05:14:41.970,-355177821.8198032,6767219.55267102,36617829.11086745,146236076808.7672,-24082201903.402252,-10439618349.75778,58918.21854131943
46,2020,3,10,5,29,41.97,25841550.544999998,-3186746.529,-4481786.864,809.3707300000001,2150.04634,3144.7644499999997,2020-03-10 05:29:41.970,-355232316.77451354,5853661.7321303105,36235186.907281466,146241247663.43,-24057908701.11056,-10429087135.350164,58918.2289579861
46,2020,3,10,5,44,41.97,26341964.934,-1229489.102,-1620567.018,301.03898000000004,2193.06655,3204.2201999999997,2020-03-10 05:44:41.970,-355284285.07672787,4940067.312337212,35852285.930200376,146246413755.60657,-24033614710.79519,-10418555582.272518,58918.23937465277
46,2020,3,10,5,59,41.97,26381864.236,749263.596,1268990.0580000002,-212.47804,2197.7446999999997,3207.64549,2020-03-10 05:59:41.970,-355333726.3255004,4026442.8711281503,35469128.93485679,146251575085.17218,-24009319933.179363,-10408023690.839529,58918.24979131943
46,2020,3,10,6,14,41.97,25960686.02,2714923.528,4136367.0519999997,-722.05949,2164.02022,3155.01235,2020-03-10 06:14:41.970,-355380640.14249474,3112794.9866606737,35085718.678810395,146256731652.0024,-23985024368.98633,-10397491461.365877,58918.2602079861
46,2020,3,10,6,29,41.97,25086050.367,4633164.917,6931484.049,-1218.6723299999999,2092.5351299999998,3047.31857,2020-03-10 06:29:41.970,-355425026.1719881,2199130.237330451,34702057.92191296,146261883455.97253,-23960728018.939346,-10386958894.166199,58918.27062465277
46,2020,3,10,6,44,41.97,23773601.935,6470550.719,9605612.571,-1693.54581,1984.61852,2886.5637500000003,2020-03-10 06:44:41.970,-355466884.0808755,1285455.2016886212,34318149.42627353,146267030496.95755,-23936430883.76167,-10376425989.55512,58918.28104131943
46,2020,3,10,6,59,41.97,22046698.032,8195138.431,12112258.411999999,-2138.33844,1842.2563300000002,2675.70412,2020-03-10 06:59:41.970,-355506213.55867255,371776.458358799,33933995.956223555,146272172774.8326,-23912132964.176575,-10365892747.84725,58918.2914579861
46,2020,3,10,7,14,41.97,19935951.305,9777052.612,14407994.866999999,-2545.29346,1668.0477600000002,2418.5878000000002,2020-03-10 07:14:41.970,-355543014.31751776,-541899.4140456107,33549600.278282028,146277310289.47263,-23887834260.907368,-10355359169.357159,58918.30187465277
46,2020,3,10,7,29,41.97,17478639.097,11189012.624000002,16453229.661,-2907.37917,1465.14968,2119.87264,2020-03-10 07:29:41.970,-355577286.09217614,-1455565.8370043186,33164965.161120508,146282443040.7525,-23863534774.677334,-10344825254.39941,58918.31229131943
46,2020,3,10,7,44,41.97,14717994.382000001,12406805.635,18212891.121,-3218.41133,1237.21086,1784.92933,2020-03-10 07:44:41.970,-355609028.6400403,-2369216.2321729134,32780093.375528138,146287571028.54675,-23839234506.209793,-10334291003.28855,58918.3227079861
46,2020,3,10,7,59,41.97,11702395.428,13409696.599000001,19657021.606999997,-3473.1555,988.29806,1419.73277,2020-03-10 07:59:41.970,-355638241.7411311,-3282844.021465685,32394987.69437662,146292694252.73013,-23814933456.228096,-10323756416.339098,58918.33312465277
46,2020,3,10,8,14,41.97,8484472.885,14180768.811,20761268.966,-3667.40805,722.81597,1030.7445500000001,2020-03-10 08:14:41.970,-355664925.19810027,-4196442.627138271,32009650.89258515,146297812713.17715,-23790631625.45557,-10313221493.865551,58918.34354131943
46,2020,3,10,8,29,41.97,5120153.867,14707190.470999999,21507269.486,-3798.0551299999997,445.42323,624.78988,2020-03-10 08:29:41.970,-355689078.8362296,-5110005.471870536,31624085.747085307,146302926409.762,-23766329014.6156,-10302686236.1824,58918.3539579861
46,2020,3,10,8,44,41.97,1667662.838,14980404.57,21882918.537,-3863.10974,160.94634,208.93155,2020-03-10 08:44:41.970,-355710702.50343144,-6023525.978849124,31238295.03678599,146308035342.35907,-23742025624.43157,-10292150643.604095,58918.36437465277
46,2020,3,10,8,59,41.97,-1813501.204,14996241.111,21882527.595,-3861.72748,-125.70659,-209.65613,2020-03-10 08:59:41.970,-355729796.0702485,-6936997.571850341,30852281.542538244,146313139510.84253,-23717721455.626892,-10281614716.445095,58918.37479131943
46,2020,3,10,9,14,41.97,-5263592.511,14754952.224000001,21506868.614,-3794.20205,-409.63066,-623.81119,2020-03-10 09:14:41.970,-355746359.42985266,-7850413.675322626,30466048.04710001,146318238915.08633,-23693416508.924984,-10271078455.019812,58918.3852079861
46,2020,3,10,9,29,41.97,-8623633.733000001,14261172.14,20763108.688,-3661.94193,-686.0061400000001,-1026.50367,2020-03-10 09:29:41.970,-355760392.498044,-8763767.714469295,30079597.335101,146323333554.9645,-23669110785.049297,-10260541859.642683,58918.39562465277
46,2020,3,10,9,44,41.97,-11836402.195999999,13523805.085,19664639.632,-3467.42982,-950.17648,-1410.94919,2020-03-10 09:44:41.970,-355771895.2132486,-9677053.115331024,29692932.19300739,146328423430.35077,-23644804284.723316,-10250004930.628075,58918.40604131943
46,2020,3,10,9,59,41.97,-14847372.566,12555845.145,18230808.464,-3214.1665599999997,-1197.7213900000002,-1770.7153799999999,2020-03-10 09:59:41.970,-355780867.53651726,-10590263.304868463,29306055.409086566,146333508541.1187,-23620497008.670532,-10239467668.290382,58918.4164579861
46,2020,3,10,10,14,41.97,-17605602.747,11374132.87,16486555.871000001,-2906.6013599999997,-1424.52419,-2099.8198399999997,2020-03-10 10:14:41.970,-355787309.4515212,-11503391.711044744,28918969.773371805,146338588887.14227,-23596188957.614452,-10228930072.943962,58918.42687465277
46,2020,3,10,10,29,41.97,-20064551.397,9999053.985000001,14461970.547999999,-2550.04993,-1626.83305,-2392.81896,2020-03-10 10:29:41.970,-355791220.964551,-12416431.76290797,28531678.07762703,146343664468.2945,-23571880132.27866,-10218392144.903156,58918.43729131943
46,2020,3,10,10,44,41.97,-22182816.976999998,8454185.981,12191767.953,-2150.60217,-1801.31551,-2644.88699,2020-03-10 10:44:41.970,-355792602.10451186,-13329376.890673494,28144183.115311332,146348735284.449,-23547570533.386677,-10207853884.4823,58918.4477079861
46,2020,3,10,10,59,41.97,-23924789.646,6765898.711,9714702.441,-1715.02108,-1945.10612,-2851.88497,2020-03-10 10:59:41.970,-355791452.922919,-14242220.525806442,27756487.68154376,146353801335.47906,-23523260161.66215,-10197315291.9957,58918.45812465277
46,2020,3,10,11,14,41.97,-25261208.663000003,4962915.322,7072922.113,-1250.63411,-2055.84694,-3010.4190599999997,2020-03-10 11:14:41.970,-355787773.49389523,-15154956.101103967,27368594.57306778,146358862621.25766,-23498949017.82869,-10186776367.757675,58918.46854131943
46,2020,3,10,11,29,41.97,-26169619.113,3075840.0270000002,4311275.915,-765.21837,-2131.72066,-3117.88824,2020-03-10 11:29:41.970,-355781563.91416395,-16067577.050777523,26980506.58821594,146363919141.65787,-23474637102.609955,-10176237112.0825,58918.4789579861
46,2020,3,10,11,44,41.97,-26634723.192,1136659.4130000002,1476582.78,-266.88106,-2171.4763000000003,-3172.52099,2020-03-10 11:44:41.970,-355772824.30304503,-16980076.81053504,26592226.526874445,146368970896.55276,-23450324416.729633,-10165697525.284454,58918.48937465277
46,2020,3,10,11,59,41.97,-26648621.849999998,-821775.985,-1383127.3080000002,236.06414,-2174.44735,-3173.40092,2020-03-10 11:59:41.970,-355761554.8024485,-17892448.817663107,26203757.190447684,146374017885.81473,-23426010960.91147,-10155157607.677788,58918.49979131943
46,2020,3,10,12,14,41.97,-26210944.104,-2766282.9499999997,-4219390.214,735.2230400000001,-2140.56211,-3120.48109,2020-03-10 12:14:41.970,-355747755.57686913,-18804686.511108987,25815101.381822757,146379060109.31696,-23401696735.87918,-10144617359.576765,58918.5102079861
46,2020,3,10,12,29,41.97,-25328862.094,-4663882.686,-6984092.307,1222.2486900000001,-2070.3463100000004,-3014.58686,2020-03-10 12:29:41.970,-355731426.81337816,-19716783.331562832,25426261.905334048,146384097566.93173,-23377381742.356575,-10134076781.295612,58918.52062465277
46,2020,3,10,12,44,41.97,-24016991.06,-6482336.662,-9630252.469999999,1688.9690600000001,-1964.91768,-2857.40713,2020-03-10 12:44:41.970,-355712568.72161835,-20628732.721539404,25037241.566727627,146389130258.5316,-23353065981.06746,-10123535873.14856,58918.53104131943
46,2020,3,10,12,59,41.97,-22297174.683000002,-8190673.958000001,-12112790.924999999,2127.5139900000004,-1825.97248,-2651.47376,2020-03-10 12:59:41.970,-355691181.5337944,-21540528.12546,24648043.17312585,146394158183.9889,-23328749452.735733,-10112994635.44981,58918.5414579861
46,2020,3,10,13,14,41.97,-20198157.075,-9759702.814,-14389274.183,2530.43986,-1655.76385,-2400.12912,2020-03-10 13:14:41.970,-355667265.5046655,-22452162.989734504,24258669.532991745,146399181343.17572,-23304432158.085262,-10102453068.513575,58918.55187465277
46,2020,3,10,13,29,41.97,-17755144.142,-11162498.992999999,-16420625.362,2890.8505099999998,-1457.0719100000001,-2107.48156,2020-03-10 13:29:41.970,-355640820.91153795,-23363630.762842726,23869123.45609356,146404199735.9645,-23280114097.839954,-10091911172.654041,58918.56229131943
46,2020,3,10,13,44,41.97,-15009258.352,-12374863.513,-18171789.025999997,3202.5129300000003,-1233.16563,-1778.34885,2020-03-10 13:44:41.970,-355611848.05425495,-24274924.895416517,23479407.753469147,146409213362.22702,-23255795272.723797,-10081368948.185385,58918.5727079861
46,2020,3,10,13,59,41.97,-12006892.458,-13375742.363,-19612339.763,3459.96582,-987.75645,-1418.18977,2020-03-10 13:59:41.970,-355580347.25518787,-25186038.84032084,23089525.237390496,146414222221.83533,-23231475683.460804,-10070826395.421793,58918.58312465277
46,2020,3,10,14,14,41.97,-8798969.284,-14147600.872000001,-20717023.89,3658.6194299999997,-724.94398,-1033.02397,2020-03-10 14:14:41.970,-355546318.8592264,-26096966.05273582,22699478.721328028,146419226314.66116,-23207155330.77503,-10060283514.677408,58918.59354131943
46,2020,3,10,14,29,41.97,-5440116.4520000005,-14676745.664,-21466223.978,3794.84444,-449.15387,-629.34069,2020-03-10 14:29:41.970,-355509763.23376775,-27007699.990237743,22309271.01991518,146424225640.57614,-23182834215.39055,-10049740306.266394,58918.6039579861
46,2020,3,10,14,44,41.97,-1987766.712,-14953587.448,-21846336.439,3866.04804,-165.06852999999998,-213.99701,2020-03-10 14:44:41.970,-355470680.7687071,-27918234.11288044,21918904.94891277,146429220199.45187,-23158512338.031487,-10039196770.502895,58918.61437465277
46,2020,3,10,14,59,41.97,1498803.565,-14972838.456,-21850053.197,3870.73492,122.44866999999999,205.89339,2020-03-10 14:59:41.970,-355429071.87642527,-28828561.883276816,21528383.325173393,146434209991.15985,-23134189699.42204,-10028652907.701044,58918.62479131943
46,2020,3,10,15,14,41.97,4959483.290999999,-14733639.005,-21476539.509,3808.55125,408.43487,623.07948,2020-03-10 15:14:41.970,-355384936.99177825,-29738676.766679622,21137708.966605905,146439195015.57156,-23109866300.28643,-10018108718.174973,58918.6352079861
46,2020,3,10,15,29,41.97,8334366.689,-14239608.656,-20731501.401,3680.30959,687.91368,1030.29861,2020-03-10 15:29:41.970,-355338276.5720844,-30648572.231062762,20746884.69213977,146444175272.558,-23085542141.348877,-10007564202.238796,58918.64562465277
46,2020,3,10,15,44,41.97,11564806.54,-13498818.57,-19627137.896,3487.99306,955.98405,1420.40645,2020-03-10 15:44:41.970,-355289091.09711236,-31558241.747202106,20355913.321689505,146449150761.99045,-23061217223.333748,-9997019360.206638,58918.65604131943
46,2020,3,10,15,59,41.97,14594461.286,-12523683.065,-18181975.259,3234.7373199999997,1207.91062,1786.50877,2020-03-10 15:59:41.970,-355237381.0690684,-32467678.78875638,19964797.676119134,146454121483.73993,-23036891546.965355,-9986474192.392595,58918.6664579861
46,2020,3,10,16,14,41.97,17370315.610000003,-11330770.001999998,-16420582.852,2924.7895599999997,1439.21346,2122.09225,2020-03-10 16:14:41.970,-355183147.01258224,-33376876.832348004,19573540.57720652,146459087437.6773,-23012565112.968136,-9975928699.11079,58918.67687465277
46,2020,3,10,16,29,41.97,19843653.547999997,-9940531.421,-14373172.812,2563.44404,1645.75519,2421.1513400000003,2020-03-10 16:29:41.970,-355126389.4746945,-34285829.35764362,19182144.847607855,146464048623.67337,-22988237922.06652,-9965382880.6753,58918.68729131943
46,2020,3,10,16,44,41.97,21970963.167000003,-8376957.7700000005,-12075088.606999999,2156.95455,1823.82325,2678.3077999999996,2020-03-10 16:44:41.970,-355067109.0248414,-35194529.84743465,18790613.310822107,146469005041.59882,-22963909974.98502,-9954836737.40022,58918.6977079861
46,2020,3,10,16,59,41.97,23714752.511,-6667161.077,-9566190.413,1712.42505,1970.2052,2888.9199,2020-03-10 16:59:41.970,-355005306.2548412,-36102971.78771778,18398948.79115533,146473956691.32437,-22939581272.448193,-9944290269.59964,58918.70812465277
46,2020,3,10,17,14,41.97,25044257.873,-4840894.3719999995,-6890148.127,1237.68012,2082.25471,3049.17797,2020-03-10 17:14:41.970,-354940981.77887857,-37011148.66777521,18007154.113685235,146478903572.7203,-22915251815.180637,-9933743477.587645,58918.71854131943
46,2020,3,10,17,29,41.97,25936027.490000002,-2930016.5579999997,-4093655.561,741.1182,2157.94652,3156.18354,2020-03-10 17:29:41.970,-354874136.23348844,-37919053.980255015,17615232.104225513,146483845685.657,-22890921603.90701,-9923196361.67831,58918.7289579861
46,2020,3,10,17,44,41.97,26374366.536000002,-967913.53,-1225581.7300000002,231.55071999999998,2195.91844,3208.00966,2020-03-10 17:44:41.970,-354804770.2775417,-38826681.221250996,17223185.589290366,146488783030.0049,-22866590639.352036,-9912648922.185719,58918.73937465277
46,2020,3,10,17,59,41.97,26351632.564,1011112.246,1663922.9000000001,-281.96864999999997,2195.49926,3203.7404,2020-03-10 17:59:41.970,-354732884.5922277,-39734023.890382744,16831017.396058906,146493715605.63403,-22842258922.240463,-9902101159.423923,58918.74979131943
46,2020,3,10,18,14,41.97,25868374.360000003,2972470.572,4524345.927999999,-790.3204499999999,2156.72165,3143.48847,2020-03-10 18:14:41.970,-354658479.88103724,-40641075.49087558,16438730.3523397,146498643412.4145,-22817926453.297115,-9891553073.70701,58918.7602079861
46,2020,3,10,18,29,41.97,24933311.237000003,4881917.068,7305738.31,-1284.4968299999998,2080.31975,3028.3904,2020-03-10 18:29:41.970,-354581556.86974657,-41547829.529640116,16046327.286535174,146503566450.2161,-22793593233.24689,-9881004665.349045,58918.77062465277
46,2020,3,10,18,44,41.97,23563153.968,6706177.706,9959625.322,-1755.77527,1967.71159,2860.57964,2020-03-10 18:44:41.970,-354502116.3063988,-42454279.51735203,15653811.02760611,146508484718.90875,-22769259262.81469,-9870455934.66409,58918.78104131943
46,2020,3,10,18,59,41.97,21782272.646,8413550.96,12439883.75,-2195.88428,1820.96712,2643.13865,2020-03-10 18:59:41.970,-354420158.9612857,-43360418.96853133,15261184.405036183,146513398218.36212,-22744924542.725544,-9859906881.96621,58918.7914579861
46,2020,3,10,19,14,41.97,19622220.578,9974475.074,14703567.086,-2597.15706,1642.76285,2380.03161,2020-03-10 19:14:41.970,-354335685.6269303,-44266241.401621774,14868450.24879652,146518306948.44592,-22720589073.70447,-9849357507.569471,58918.80187465277
46,2020,3,10,19,29,41.97,17121126.666,11362049.149,16711662.316999998,-2952.66956,1436.32489,2076.02012,2020-03-10 19:29:41.970,-354248697.1180666,-45171740.33907014,14475611.38931009,146523210909.02963,-22696252856.47662,-9838807811.787931,58918.81229131943
46,2020,3,10,19,44,41.97,14322971.543,12552498.281,18429764.158999998,-3256.36031,1205.3618999999999,1736.56448,2020-03-10 19:44:41.970,-354159194.27162147,-46076909.30740522,14082670.657416414,146528110099.98248,-22671915891.767128,-9828257794.935654,58918.8227079861
46,2020,3,10,19,59,41.97,11276764.854999999,13525574.718,19828655.111,-3503.13001,953.99031,1367.7136400000002,2020-03-10 19:59:41.970,-354067177.9466938,-46981741.837316684,13689630.884336082,146533004521.17404,-22647578180.301258,-9817707457.32671,58918.83312465277
46,2020,3,10,20,14,41.97,8035642.5600000005,14264888.864,20884782.441,-3688.91956,686.65356,975.9867800000001,2020-03-10 20:14:41.970,-353972649.0245356,-47886231.46373391,13296494.901635302,146537894172.47314,-22623239722.804287,-9807156799.27515,58918.84354131943
46,2020,3,10,20,29,41.97,4655903.884000001,14758165.819,21580625.982,-3810.76608,408.03768,568.2495,2020-03-10 20:29:41.970,-353875608.40853,-48790371.72590483,12903265.541190527,146542779053.74918,-22598900520.001587,-9796605821.09505,58918.8539579861
46,2020,3,10,20,44,41.97,1196007.742,14997424.998,21904953.251,-3866.83703,122.98516,151.58773,2020-03-10 20:44:41.970,-353776057.02417094,-49694156.16747393,12509945.63515317,146547659164.87088,-22574560572.61859,-9786054523.100471,58918.86437465277
46,2020,3,10,20,59,41.97,-2284451.94,14979082.058,21852960.921,-3856.44315,-163.59133,-266.81828,2020-03-10 20:59:41.970,-353673995.8190419,-50597578.33656108,12116538.015914094,146552534505.70728,-22550219881.380787,-9775502905.605492,58918.87479131943
46,2020,3,10,21,14,41.97,-5725773.4,14703973.894000001,21426303.908,-3780.03127,-446.79338,-679.8173800000001,2020-03-10 21:14:41.970,-353569425.7627939,-51500631.78583954,11723045.516068447,146557405076.12708,-22525878447.013718,-9764950968.924166,58918.8852079861
46,2020,3,10,21,29,41.97,-9069159.283000002,14177308.83,20633015.261,-3639.15857,-721.8183799999999,-1080.40644,2020-03-10 21:29:41.970,-353462347.84712297,-52403310.07261395,11329470.968380293,146562270875.99884,-22501536270.243034,-9754398713.370571,58918.89562465277
46,2020,3,10,21,44,41.97,-12257697.883000001,13408545.204,19487321.709,-3436.44976,-984.03695,-1461.8430799999999,2020-03-10 21:44:41.970,-353352763.0857474,-53305606.7588983,10935817.2057473,146567131905.19122,-22477193351.794422,-9743846139.258793,58918.90604131943
46,2020,3,10,21,59,41.97,-15237298.871000001,12411202.525999999,18009361.0,-3175.539,-1229.06526,-1817.75092,2020-03-10 21:59:41.970,-353240672.5143856,-54207515.41149359,10542087.061165603,146571988163.57257,-22452849692.393654,-9733293246.902905,58918.9164579861
46,2020,3,10,22,14,41.97,-17957570.568,11202610.056,16224808.276,-2860.99838,-1452.83162,-2142.2164000000002,2020-03-10 22:14:41.970,-353126077.1907308,-55109029.6020655,10148283.367694493,146576839651.01147,-22428505292.766544,-9722740036.616999,58918.92687465277
46,2020,3,10,22,29,41.97,-20372627.343,9803598.237,14164419.454,-2498.25446,-1651.63681,-2429.87626,2020-03-10 22:29:41.970,-353008978.19442946,-56010142.90722165,9754408.958421236,146581686367.37585,-22404160153.639023,-9712186508.715157,58918.93729131943
46,2020,3,10,22,44,41.97,-22441817.276,8238138.815,11863500.251,-2093.49478,-1822.20774,-2675.9952,2020-03-10 22:44:41.970,-352889376.6270542,-56910848.90858904,9360466.666425977,146586528312.5339,-22379814275.737053,-9701632663.511473,58918.9477079861
46,2020,3,10,22,59,41.97,-24130361.577,6532939.81,9361309.868,-1653.56553,-1961.7441,-2876.53336,2020-03-10 22:59:41.970,-352767273.61208177,-57811141.19289094,8966459.32474655,146591365486.35376,-22355467659.78669,-9691078501.320051,58918.95812465277
46,2020,3,10,23,14,41.97,-25409898.607,4717001.669,6700408.7,-1185.86202,-2067.95788,-3028.20321,2020-03-10 23:14:41.970,-352642670.29486585,-58711013.352023944,8572389.766343389,146596197888.7033,-22331120306.514053,-9680524022.454998,58918.96854131943
46,2020,3,10,23,29,41.97,-26258926.489,2821141.1659999997,3925959.6470000003,-698.2132399999999,-2139.10554,-3128.5157099999997,2020-03-10 23:29:41.970,-352515567.84261256,-59610458.98313458,8178260.824064496,146601025519.4504,-22306772216.645348,-9669969227.230417,58918.9789579861
46,2020,3,10,23,44,41.97,-26663139.698,877489.721,1084992.8339999998,-198.76165,-2174.01269,-3175.81547,2020-03-10 23:44:41.970,-352385967.44435465,-60509471.68869593,7784075.330610399,146605848378.46262,-22282423390.90685,-9659414115.96043,58918.98937465277
46,2020,3,10,23,59,41.97,-26615655.56,-1081027.112,-1774356.362,304.16084,-2172.09118,-3169.30483,2020-03-10 23:59:41.970,-352253870.3109239,-61408045.07658415,7389836.118499157,146610666465.60767,-22258073830.024906,-9648858688.95916,58918.99979131943
46,2020,3,11,0,14,41.97,-26117128.364,-3021219.285,-4603621.591,802.15857,-2133.34862,-3109.05678,2020-03-11 00:14:41.970,-352119277.67492527,-62306172.760154486,6995546.020031386,146615479780.7531,-22233723534.725967,-9638302946.540741,58919.0102079861
46,2020,3,11,0,29,41.97,-25175748.3,-4910180.86,-7354807.6389999995,1286.90197,-2058.38941,-2996.0155999999997,2020-03-11 00:29:41.970,-351982190.7907102,-63203848.35831736,6601207.867255362,146620288323.7661,-22209372505.736504,-9627746889.019314,58919.02062465277
46,2020,3,11,0,44,41.97,-23807125.978,-6715808.069,-9981145.145,1750.2521499999998,-1948.40894,-2831.9873599999996,2020-03-11 00:44:41.970,-351842610.934348,-64101065.49561436,6206824.491932138,146625092094.5144,-22185020743.783134,-9617190516.709017,58919.03104131943
46,2020,3,11,0,59,41.97,-22034062.662,-8407336.461000001,-12437874.252,2184.3896799999998,-1805.17866,-2619.6172199999996,2020-03-11 00:59:41.970,-351700539.4035983,-64997817.802293636,5812398.725500695,146629891092.86487,-22160668249.59251,-9606633829.924023,58919.0414579861
46,2020,3,11,1,14,41.97,-19886206.866,-9955846.942,-14682981.043,2581.93831,-1631.0234500000001,-2362.35543,2020-03-11 01:14:41.970,-351555977.517883,-65894098.91438574,5417933.399043169,146634685318.68472,-22136315023.89138,-9596076828.97849,58919.05187465277
46,2020,3,11,1,29,41.97,-17399600.996,-11334750.528,-16677902.247999998,2936.08528,-1428.79059,-2064.41113,2020-03-11 01:29:41.970,-351408926.61825687,-66789902.47377859,5023431.343250031,146639474771.84094,-22111961067.406597,-9585519514.186594,58919.06229131943
46,2020,3,11,1,44,41.97,-14616122.048999999,-12520241.493999999,-18388182.989,3240.69618,-1201.81059,-1730.69426,2020-03-11 01:44:41.970,-351259388.0673788,-67685222.1282928,4628895.388385437,146644259452.20047,-22087606380.865044,-9574961885.86251,58919.0727079861
46,2020,3,11,1,59,41.97,-11582822.134,-13491711.504999999,-19784076.8,3490.4224,-953.84969,-1366.74536,2020-03-11 01:59:41.970,-351107363.2494828,-68580051.5317564,4234328.364252527,146649039359.62994,-22063250964.99373,-9564403944.320452,58919.08312465277
46,2020,3,11,2,14,41.97,-8351176.147,-14232117.464000002,-20841077.32,3680.79966,-689.0545,-978.65399,2020-03-11 02:14:41.970,-350952853.57034653,-69474384.34407991,3839733.100158784,146653814493.99637,-22038894820.51975,-9553845689.874607,58919.09354131943
46,2020,3,11,2,29,41.97,-4976245.728,-14728296.0,-21540371.43,3808.33523,-411.8889,-572.96591,2020-03-11 02:29:41.970,-350795860.4572628,-70368214.23133035,3445112.424881446,146658584855.16608,-22014537948.170246,-9543287122.839205,58919.1039579861
46,2020,3,11,2,44,41.97,-1515770.43,-14971217.935,-21869204.165,3870.58205,-127.06384000000001,-156.57990999999998,2020-03-11 02:44:41.970,-350636385.3590073,-71261534.86580598,3050469.1666330467,146663350443.00586,-21990180348.672478,-9532728243.528473,58919.11437465277
46,2020,3,11,2,59,41.97,1970801.088,-14956176.602,-21821146.535,3866.19758,160.53931,263.36451,2020-03-11 02:59:41.970,-350474429.7458087,-72154339.92611013,2655806.153026853,146668111257.38184,-21965822022.753788,-9522169052.256641,58919.12479131943
46,2020,3,11,3,14,41.97,5423325.135,-14682904.632,-21396258.536000002,3794.9852100000003,445.95089,679.6075000000001,2020-03-11 03:14:41.970,-350309995.1093163,-73046623.0972256,2261126.2110424,146672867298.1605,-21941462971.141613,-9511609549.337975,58919.1352079861
46,2020,3,11,3,29,41.97,8782005.838,-14155614.808,-20601140.995,3657.91648,724.19936,1084.89518,2020-03-11 03:29:41.970,-350143082.9625688,-73938378.0705878,1866432.1669912,146677618565.208,-21917103194.56348,-9501049735.086731,58919.14562465277
46,2020,3,11,3,44,41.97,11988448.629,-13382961.77,-19448871.738,3457.13223,990.40048,1472.11004,2020-03-11 03:44:41.970,-349973694.8399614,-74829598.54415852,1471726.8464823083,146682365058.3906,-21892742693.746964,-9490489609.817188,58919.15604131943
46,2020,3,11,3,59,41.97,14986704.868999999,-12377922.792,-17958823.588,3195.9215900000004,1239.84769,1834.40266,2020-03-11 03:59:41.970,-349801832.29721415,-75720278.22249925,1077013.0743881473,146687106777.57407,-21868381469.419807,-9479929173.843647,58919.1664579861
46,2020,3,11,4,14,41.97,17724287.138,-11157597.479,-16156364.141,2878.67772,1468.10156,2165.32218,2020-03-11 04:14:41.970,-349627496.9113378,-76610410.81684433,682293.6748101397,146691843722.6245,-21844019522.309746,-9469368427.480404,58919.17687465277
46,2020,3,11,4,29,41.97,20153134.199,-9742928.053,-14072439.933,2510.83023,1671.0764199999999,2458.94228,2020-03-11 04:29:41.970,-349450690.2806014,-77499990.04517359,287571.47104464454,146696575893.40765,-21819656853.144714,-9458807371.041784,58919.18729131943
46,2020,3,11,4,44,41.97,22230504.757,-8158343.851,-11743050.409,2098.75464,1845.12185,2709.97952,2020-03-11 04:44:41.970,-349271414.0244975,-78389009.63228542,-107150.71445127115,146701303289.7894,-21795293462.652645,-9448246004.842112,58919.1977079861
46,2020,3,11,4,59,41.97,23919779.847000003,-6431335.621,-9208620.050999999,1649.6601799999999,1987.0967799999999,2913.90077,2020-03-11 04:59:41.970,-349089669.78370947,-79277463.30986877,-501870.06009380147,146706025911.63516,-21770929351.56164,-9437684329.195757,58919.20812465277
46,2020,3,11,5,14,41.97,25191155.158,-4591967.1959999995,-6513279.844,1171.4578,2094.4341799999997,3067.0167199999996,2020-03-11 05:14:41.970,-348905459.2200755,-80165344.81657563,-896583.7452064825,146710743758.81076,-21746564520.599854,-9427122344.417068,58919.21854131943
46,2020,3,11,5,29,41.97,26022206.739,-2672333.948,-3704071.9699999997,672.6113,2165.19439,3166.55862,2020-03-11 05:29:41.970,-348718784.016555,-81052647.89809313,-1291288.9500541005,146715456831.18137,-21722198970.49554,-9416560050.820433,58919.2289579861
46,2020,3,11,5,44,41.97,26398316.349,-705979.0430000001,-830093.917,161.97493,2198.1052999999997,3210.73578,2020-03-11 05:44:41.970,-348529645.8771924,-81939366.30721502,-1685982.8558766618,146720165128.61252,-21697832701.97705,-9405997448.720253,58919.23937465277
46,2020,3,11,5,59,41.97,26312946.104,1272720.177,2058399.9060000002,-351.37841,2192.58838,3198.77223,2020-03-11 05:59:41.970,-348338046.52708185,-82825493.80391361,-2080662.6449230965,146724868650.96945,-21673465715.77285,-9395434538.430931,58919.24979131943
46,2020,3,11,6,14,41.97,25767755.912,3229182.437,4910919.649,-858.33395,2148.7695200000003,3130.9213,2020-03-11 06:14:41.970,-348143987.71233183,-83711024.15541084,-2475325.5004852097,146729567398.11734,-21649098012.6115,-9384871320.266907,58919.2602079861
46,2020,3,11,6,29,41.97,24772561.259999998,5129255.694,7677664.533,-1349.91226,2067.47467,3008.45778,2020-03-11 06:29:41.970,-347947471.20002764,-84595951.13624947,-2869968.6069312566,146734261369.9211,-21624729593.221626,-9374307794.542622,58919.27062465277
46,2020,3,11,6,44,41.97,23345133.114,6939839.482000001,10310430.372000001,-1817.4421599999998,1950.21024,2833.6481,2020-03-11 06:44:41.970,-347748498.7781962,-85480268.5283639,-3264589.1497396175,146738950566.246,-21600360458.33201,-9363743961.572554,58919.28104131943
46,2020,3,11,6,59,41.97,21510845.746,8629483.182,12763480.763,-2252.7250400000003,1799.1293699999999,2609.69969,2020-03-11 06:59:41.970,-347547072.25576776,-86363970.12115104,-3659184.3155324548,146743634986.95676,-21575990608.671486,-9353179821.671186,58919.2914579861
46,2020,3,11,7,14,41.97,19302182.062,10168947.852,14994363.934,-2648.18661,1616.98493,2340.69122,2020-03-11 07:14:41.970,-347343193.4625389,-87247049.71154061,-4053751.2921091756,146748314631.91824,-21551620044.969013,-9342615375.153025,58919.30187465277
46,2020,3,11,7,29,41.97,16758109.294999998,11531720.481,16964659.13,-2997.0126999999998,1407.07106,2031.48617,2020-03-11 07:29:41.970,-347136864.2491354,-88129501.10406515,-4448287.268479914,146752989500.99512,-21527248767.95365,-9332050622.33258,58919.31229131943
46,2020,3,11,7,44,41.97,13923340.656,12694471.138999999,18640638.68,-3293.26651,1173.15507,1687.63239,2020-03-11 07:44:41.970,-346928086.4869726,-89011318.11093032,-4842789.434898927,146757659594.0521,-21502876778.354553,-9321485563.524403,58919.3227079861
46,2020,3,11,7,59,41.97,10847500.589,13637445.2,19993834.502,-3531.9853399999997,919.40162,1315.25067,2020-03-11 07:59:41.970,-346716862.0682188,-89892494.55208415,-5237254.982897848,146762324910.95358,-21478504076.90098,-9310920199.043055,58919.33312465277
46,2020,3,11,8,14,41.97,7584212.627,14344784.725,21001500.518,-3709.25571,650.2914499999999,920.91539,2020-03-11 08:14:41.970,-346503192.90575504,-90773024.25528717,-5631681.105319127,146766985451.5641,-21454130664.322323,-9300354529.203115,58919.34354131943
46,2020,3,11,8,29,41.97,4190129.586,14804774.939000001,21646965.204,-3822.26637,370.53654,511.53022000000004,2020-03-11 08:29:41.970,-346287080.93313676,-91652901.0561809,-6026064.996348983,146771641215.74805,-21429756541.348038,-9289788554.319195,58919.3539579861
46,2020,3,11,8,44,41.97,723925.871,15010013.561,21919871.164,-3869.33954,84.99381,94.20178999999999,2020-03-11 08:44:41.970,-346068528.10455376,-92532118.79835743,-6420403.851550685,146776292203.3695,-21405381708.70771,-9279222274.705912,58919.36437465277
46,2020,3,11,8,59,41.97,-2754728.724,14957502.447,21816301.060999997,-3849.94103,-201.42093,-323.88607,2020-03-11 08:59:41.970,-345847536.3947907,-93410671.33342783,-6814694.867897559,146780938414.29297,-21381006167.13103,-9268655690.67791,58919.37479131943
46,2020,3,11,9,14,41.97,-6186195.268,14648662.5,21338791.464,-3764.6704,-483.81719,-735.59533,2020-03-11 09:14:41.970,-345624107.7991869,-94288552.5210908,-7208935.243805996,146785579848.38226,-21356629917.347805,-9258088802.549862,58919.3852079861
46,2020,3,11,9,29,41.97,-9511874.714,14089274.113,20496238.051,-3615.23277,-757.41088,-1133.9518799999998,2020-03-11 09:29:41.970,-345398244.3335953,-95165756.2292007,-7603122.1791682085,146790216505.50153,-21332252960.087914,-9247521610.636463,58919.39562465277
46,2020,3,11,9,44,41.97,-12675183.832,13289346.521,19303697.208,-3404.39381,-1017.6010600000001,-1512.25738,2020-03-11 09:44:41.970,-345169948.0343423,-96042276.33383599,-7997252.875385307,146794848385.5146,-21307875296.081394,-9236954115.252417,58919.40604131943
46,2020,3,11,9,59,41.97,-15622483.745,12262920.319999998,17782090.376,-3135.9197,-1260.04156,-1864.1934,2020-03-11 09:59:41.970,-344939220.95818615,-96918106.71936645,-8391324.535399823,146799475488.2853,-21283496926.058372,-9226386316.712456,58919.4164579861
46,2020,3,11,10,14,41.97,-18303948.335,11027808.115,15957818.464,-2814.50383,-1480.70675,-2183.91693,2020-03-11 10:14:41.970,-344706065.182276,-97793241.27852097,-8785334.363728488,146804097813.67758,-21259117850.74909,-9215818215.331347,58919.42687465277
46,2020,3,11,10,29,41.97,-20674361.331,9605278.773,13862294.459,-2445.68188,-1675.95103,-2466.14658,2020-03-11 10:29:41.970,-344470482.8041083,-98667673.91245496,-9179279.56649495,146808715361.55487,-21234738070.883873,-9205249811.423866,58919.43729131943
46,2020,3,11,10,44,41.97,-22693832.405,8019691.193,11531402.889,-2035.73704,-1842.56149,-2706.23884,2020-03-11 10:44:41.970,-344232475.9414872,-99541398.53081694,-9573157.351462107,146813328131.78085,-21210357587.1932,-9194681105.30483,58919.4477079861
46,2020,3,11,10,59,41.97,-24328423.973,6298083.751999999,9004895.258000001,-1591.5965899999999,-1977.80366,-2900.2540799999997,2020-03-11 10:59:41.970,-343992046.73247963,-100414409.05181536,-9966964.928064588,146817936124.21906,-21185976400.40765,-9184112097.289062,58919.45812465277
46,2020,3,11,11,14,41.97,-25550681.715,4469725.825,6325730.8149999995,-1120.72155,-2079.4600600000003,-3045.0119400000003,2020-03-11 11:14:41.970,-343749197.3353741,-101286699.40228517,-10360699.507441262,146822539338.73285,-21161594511.25792,-9173542787.691412,58919.46854131943
46,2020,3,11,11,29,41.97,-26340062.997,2565637.92,3539372.284,-630.9905,-2145.86132,-3138.13603,2020-03-11 11:29:41.970,-343503929.9286366,-102158263.51775429,-10754358.302467449,146827137775.18555,-21137211920.474796,-9162973176.826773,58919.4789579861
46,2020,3,11,11,44,41.97,-26683258.696000002,618087.139,693046.3559999999,-130.5788,-2175.90992,-3178.0875100000003,2020-03-11 11:44:41.970,-343256246.71086746,-103029095.34250896,-11147938.527787087,146831731433.44046,-21112828628.789215,-9152403265.010044,58919.48937465277
46,2020,3,11,11,59,41.97,-26574404.522,-1339935.2899999998,-2165021.113,372.16575,-2169.09627,-3164.18766,2020-03-11 11:59:41.970,-343006149.90075713,-103899188.82965977,-11541437.399844885,146836320313.3606,-21088444636.932217,-9141833052.556164,58919.49979131943
46,2020,3,11,12,14,41.97,-26015179.463,-3275247.472,-4986385.086,868.84934,-2125.50698,-3096.62905,2020-03-11 12:14:41.970,-342753641.7370426,-104768537.94120707,-11934852.136918472,146840904414.8092,-21064059945.634956,-9131262539.78009,58919.5102079861
46,2020,3,11,12,29,41.97,-25014789.637999997,-5155014.291,-7723166.247,1351.16015,-2045.82548,-2976.47525,2020-03-11 12:29:41.970,-342498724.4784628,-105637136.64810608,-12328179.9591502,146845483737.6493,-21039674555.62871,-9120691726.996807,58919.52062465277
46,2020,3,11,12,44,41.97,-23589837.097,-6947281.71,-10328830.390999999,1810.9958100000001,-1931.32438,-2805.64884,2020-03-11 12:44:41.970,-342241400.4037137,-106504978.93033178,-12721418.088579157,146850058281.74365,-21015288467.64485,-9110120614.521326,58919.53104131943
46,2020,3,11,12,59,41.97,-21764074.245,-8621500.655,-12758951.713,2240.58991,-1783.8499199999999,-2586.90762,2020-03-11 12:59:41.970,-341981671.81140286,-107372058.77694343,-13114563.749172913,146854628046.95517,-20990901682.41493,-9099549202.668697,58919.5414579861
46,2020,3,11,13,14,41.97,-19568045.511,-10149033.176,-14971949.306,2632.63582,-1605.79814,-2323.80882,2020-03-11 13:14:41.970,-341719541.02000475,-108238370.18614897,-13507614.166859206,146859193033.14682,-20966514200.670567,-9088977491.753979,58919.55187465277
46,2020,3,11,13,29,41.97,-17038619.330000002,-11503633.449000001,-16929786.037,2980.4063300000003,-1400.0828000000001,-2020.66129,2020-03-11 13:29:41.970,-341455010.36781436,-109103907.16536914,-13900566.569557624,146863753240.1809,-20942126023.1435,-9078405482.092276,58919.56229131943
46,2020,3,11,13,44,41.97,-14218414.899,-12661896.193,-18598618.991,3277.8676,-1170.0950500000001,-1682.46569,2020-03-11 13:44:41.970,-341188082.21290207,-109968663.73130117,-14293418.18721114,146868308667.9204,-20917737150.565636,-9067833173.998705,58919.5727079861
46,2020,3,11,13,59,41.97,-11155129.623000002,-13603665.101,-19949390.708,3519.78557,-919.65494,-1314.84279,2020-03-11 13:59:41.970,-340918758.9330661,-110832633.90998235,-14686166.251817506,146872859316.22772,-20893347583.66895,-9057260567.788437,58919.58312465277
46,2020,3,11,14,14,41.97,-7900774.879,-14312394.021,-20958350.673,3701.82299,-652.95492,-923.9502200000001,2020-03-11 14:14:41.970,-340647042.9257872,-111695811.73685339,-15078807.997460686,146877405184.9652,-20868957323.185585,-9046687663.776644,58919.59354131943
46,2020,3,11,14,29,41.97,-4510829.4290000005,-14775453.869,-21607496.875,3820.62501,-374.49586,-516.38821,2020-03-11 14:29:41.970,-340372936.6081809,-112558191.25682096,-15471340.660342079,146881946273.9954,-20844566369.84779,-9036114462.278536,58919.6039579861
46,2020,3,11,14,44,41.97,-1043321.692,-14984378.673999999,-21884927.879,3873.89137,-89.01584,-99.09515,2020-03-11 14:44:41.970,-340096442.4169503,-113419766.52432087,-15863761.478811776,146886482583.18048,-20820174724.38792,-9025540963.609371,58919.61437465277
46,2020,3,11,14,59,41.97,2442146.075,-14935044.701000001,-21785096.688,3860.43293,198.58719,320.76598,2020-03-11 14:59:41.970,-339817562.80833876,-114280531.60338016,-16256067.693399498,146891014112.38275,-20795782387.538494,-9014967168.084414,58919.62479131943
46,2020,3,11,15,14,41.97,5885416.705,-14627777.408,-21308958.823000003,3780.2106200000003,483.33826,735.92886,2020-03-11 15:14:41.970,-339536300.2580828,-115140480.56767939,-16648256.546845844,146895540861.46432,-20771389360.03213,-9004393076.01896,58919.6352079861
46,2020,3,11,15,29,41.97,9226823.458,-14067381.961,-20464008.546,3634.3548600000004,760.27219,1139.15084,2020-03-11 15:29:41.970,-339252657.26136243,-115999607.50061436,-17040325.284132987,146900062830.28723,-20746995642.601578,-8993818687.728374,58919.64562465277
46,2020,3,11,15,44,41.97,12408243.409999998,-13263094.283,-19264198.928999998,3425.16381,1024.52306,1523.3436199999999,2020-03-11 15:44:41.970,-338966636.33275425,-116857906.49535763,-17432271.152515553,146904580018.71368,-20722601235.97972,-8983244003.528,58919.65604131943
46,2020,3,11,15,59,41.97,15374139.262999998,-12228451.055,-17729743.623,3156.07919,1271.41457,1881.70499,2020-03-11 15:59:41.970,-338678240.0061818,-117715371.65491995,-17824091.4015514,146909092426.6054,-20698206140.899586,-8972669023.73325,58919.6664579861
46,2020,3,11,16,14,41.97,18072568.974000003,-10981078.757,-15886800.624,2831.6389000000004,1496.54926,2207.84885,2020-03-11 16:14:41.970,-338387470.8348673,-118571997.092211,-18215783.283132188,146913600053.82434,-20673810358.094296,-8962093748.65956,58919.67687465277
46,2020,3,11,16,29,41.97,20456142.238,-9542403.671,-13767041.011,2457.4062799999997,1695.89455,2495.9303,2020-03-11 16:29:41.970,-338094331.3912818,-119427776.93010034,-18607344.05151399,146918102900.23236,-20649413888.29712,-8951518178.62238,58919.68729131943
46,2020,3,11,16,44,41.97,22482902.972,-7937286.719,-11407108.480999999,2039.8766099999998,1865.8633399999999,2740.7626299999997,2020-03-11 16:44:41.970,-337798824.2670964,-120282705.30147761,-18998770.963347606,146922600965.69104,-20625016732.241455,-8940942313.937214,58919.6977079861
46,2020,3,11,16,59,41.97,24117117.827999998,-6193589.006,-8847978.411,1586.36205,2003.38708,2937.9231,2020-03-11 16:59:41.970,-337500952.0731316,-121136776.34931277,-19390061.27770903,146927094250.062,-20600618890.66085,-8930366154.919601,58919.70812465277
46,2020,3,11,17,14,41.97,25329952.269,-4341675.882999999,-6134228.027,1104.85727,2105.9789699999997,3083.84422,2020-03-11 17:14:41.970,-337200717.439308,-121989984.22671568,-19781212.25612955,146931582753.207,-20576220364.28895,-8919789701.885109,58919.71854131943
46,2020,3,11,17,29,41.97,26100018.021,-2413869.165,-3313231.871,603.88849,2171.78565,3175.88804,2020-03-11 17:29:41.970,-336898123.0145951,-122842323.09699605,-20172221.162626106,146936066474.9875,-20551821153.859585,-8909212955.149319,58919.7289579861
46,2020,3,11,17,44,41.97,26413778.575,-443858.71300000005,-434299.05700000003,92.34966,2199.62561,3212.40088,2020-03-11 17:44:41.970,-336593171.46696186,-123693787.13372222,-20563085.263731148,146940545415.2649,-20527421260.10664,-8898635915.027874,58919.73937465277
46,2020,3,11,17,59,41.97,26265802.907,1533914.1509999998,2452229.393,-420.67026000000004,2189.0132000000003,3192.74707,2020-03-11 17:59:41.970,-336285865.48332447,-124544370.52078035,-20953801.82852271,146945019573.90054,-20503020683.764214,-8888058581.836452,58919.74979131943
46,2020,3,11,18,14,41.97,25658861.409,3484888.067,5295903.61,-926.06449,2140.1675299999997,3117.3204499999997,2020-03-11 18:14:41.970,-335976207.76949686,-125394067.45243286,-21344368.12865411,146949488950.75568,-20478619425.566498,-8877480955.890749,58919.7602079861
46,2020,3,11,18,29,41.97,24603862.187,5375014.159,8047088.242,-1414.88524,2054.0060000000003,2987.53357,2020-03-11 18:29:41.970,-335664201.0501371,-126242872.13337703,-21734781.438383866,146953953545.69186,-20454217486.247807,-8866903037.506498,58919.77062465277
46,2020,3,11,18,44,41.97,23119630.019,7171375.961,10657866.155,-1878.5157100000001,1932.1228800000001,2805.7849199999996,2020-03-11 18:44:41.970,-335349848.0686978,-127090778.7788031,-22125039.03460528,146958413358.56985,-20429814866.54264,-8856324826.999483,58919.78104131943
46,2020,3,11,18,59,41.97,21232534.305,8842783.58,13082903.266999999,-2308.8330300000002,1776.7536799999998,2575.40559,2020-03-11 18:59:41.970,-335033151.587373,-127937781.61445136,-22515138.196875934,146962868389.25113,-20405411567.185604,-8845746324.685518,58919.7914579861
46,2020,3,11,19,14,41.97,18975976.069000002,10360329.868,15280256.733000001,-2698.35797,1590.72656,2300.58711,2020-03-11 19:14:41.970,-334714114.38704616,-128783874.87667046,-22905076.20744717,146967318637.5965,-20381007588.911438,-8835167530.880447,58919.80187465277
46,2020,3,11,19,29,41.97,16389747.249,11697897.676,17212110.644,-3040.38844,1377.40254,1986.29294,2020-03-11 19:29:41.970,-334392739.2672379,-129629052.81247382,-23294850.351293482,146971764103.46707,-20356602932.45503,-8824588445.900148,58919.81229131943
46,2020,3,11,19,44,41.97,13519278.209,12832608.856,18845425.706,-3329.1141,1140.6061599999998,1638.15633,2020-03-11 19:44:41.970,-334069029.0460535,-130473309.67959712,-23684457.91614164,146976204786.72363,-20332197598.551376,-8814009070.060545,58919.8227079861
46,2020,3,11,19,59,41.97,10414791.328,13745207.449,20152492.033999998,-3559.71025,884.54891,1262.36764,2020-03-11 19:59:41.970,-333742986.5601292,-131316639.74655427,-24073896.19249991,146980640687.2272,-20307791587.935703,-8803429403.677612,58919.83312465277
46,2020,3,11,20,14,41.97,7130379.807999999,14420371.374,21111376.865,-3728.40994,613.74727,865.5540699999999,2020-03-11 20:14:41.970,-333414614.66457975,-132159037.29269393,-24463162.473687064,146985071804.8384,-20283384901.343246,-8792849447.06733,58919.84354131943
46,2020,3,11,20,29,41.97,3723031.4790000003,14846948.803,21706261.83,-3832.5541200000002,332.93764,454.65493000000004,2020-03-11 20:29:41.970,-333083916.23294455,-133000496.6082552,-24852254.055861212,146989498139.41818,-20258977539.50949,-8782269200.545736,58919.8539579861
46,2020,3,11,20,44,41.97,251617.377,15018117.21,21927666.966000002,-3870.61988,46.98988,36.7952,2020-03-11 20:44:41.970,-332750894.15713406,-133841011.99442382,-25241168.2380488,146993919690.8269,-20234569503.170017,-8771688664.428917,58919.86437465277
46,2020,3,11,20,59,41.97,-3224135.6369999996,14931464.764,21772561.163999997,-3842.22784,-239.17852,-380.84004999999996,2020-03-11 20:59:41.970,-332415551.3473759,-134680577.76338658,-25629902.322173107,146998336458.92548,-20210160793.060543,-8761107839.032972,58919.87479131943
46,2020,3,11,21,14,41.97,-6644669.887,14588995.199000001,21244360.85,-3748.12971,-520.68642,-791.12807,2020-03-11 21:14:41.970,-332077890.7321606,-135519188.2383871,-26018453.613082964,147002748443.5743,-20185751409.916943,-8750526724.674059,58919.8852079861
46,2020,3,11,21,29,41.97,-9951602.396,13997058.595,20352820.61,-3590.1776800000002,-792.7695,-1187.12588,2020-03-11 21:29:41.970,-331737915.25818723,-136356837.75378007,-26406819.41858122,147007155644.63388,-20161341354.475246,-8739945321.668373,58919.89562465277
46,2020,3,11,21,44,41.97,-13088695.271,13166211.584,19113820.99,-3371.27727,-1050.8564600000002,-1562.18108,2020-03-11 21:44:41.970,-331395627.89030874,-137193520.65508595,-26794997.049453113,147011558061.96475,-20136930627.471584,-8729363630.332136,58919.90604131943
46,2020,3,11,21,59,41.97,-16002776.836,12111011.32,17549059.966000002,-3095.3253,-1290.63989,-1910.0349,2020-03-11 21:59:41.970,-331051031.611477,-138029231.29904476,-27182983.819494613,147015955695.42703,-20112519229.642296,-8718781650.981632,58919.9164579861
46,2020,3,11,22,14,41.97,-18644600.992,10849748.294000002,15685655.573,-2767.13496,-1508.14121,-2224.91649,2020-03-11 22:14:41.970,-330704129.42268807,-138863964.05366978,-27570777.045540337,147020348544.88135,-20088107161.723812,-8708199383.933165,58919.92687465277
46,2020,3,11,22,29,41.97,-20969633.842,9404123.511,13555667.863999998,-2392.34937,-1699.76928,-2501.62775,2020-03-11 22:29:41.970,-330354924.3429261,-139697713.29830146,-27958374.047491975,147024736610.18784,-20063694424.45273,-8697616829.5031,58919.93729131943
46,2020,3,11,22,44,41.97,-22938758.077999998,7798875.995999999,11195548.998,-1977.34552,-1862.37215,-2735.6181899999997,2020-03-11 22:44:41.970,-330003419.40910834,-140530473.42366,-28345772.14834592,147029119891.2067,-20039281018.56578,-8687033988.00782,58919.9477079861
46,2020,3,11,22,59,41.97,-24518887.051000003,6061366.825,8645530.552000001,-1529.12987,-1993.28184,-2923.04945,2020-03-11 22:59:41.970,-329649617.6760293,-141362238.83189863,-28732968.674221255,147033498387.798,-20014866944.799877,-8676450859.763763,58919.95812465277
46,2020,3,11,23,14,41.97,-25683481.672999997,4221126.099,5948957.527,-1055.22703,-2090.3519199999996,-3060.8492699999997,2020-03-11 23:14:41.970,-329293522.2163049,-142193003.93665564,-29119960.954387352,147037872099.82208,-19990452203.892044,-8665867445.087412,58919.96854131943
46,2020,3,11,23,29,41.97,-26412964.552,2309369.4329999997,3151578.655,-563.563,-2151.98765,-3146.7545499999997,2020-03-11 23:29:41.970,-328935136.1203153,-143022763.16310695,-29506746.321291573,147042241027.1387,-19966036796.57945,-8655283744.295282,58919.9789579861
46,2020,3,11,23,44,41.97,-26695026.966000002,358490.656,300802.862,-62.343790000000006,-2177.16866,-3179.3435200000004,2020-03-11 23:44:41.970,-328574462.4961498,-143851510.94801784,-29893322.110586755,147046605169.60806,-19941620723.599453,-8644699757.70395,58919.98937465277
46,2020,3,11,23,59,41.97,-26524824.938,-1598462.485,-2555068.188,440.06924,-2165.46404,-3158.05663,2020-03-11 23:59:41.970,-328211504.48865956,-144679241.69637656,-30279685.640885174,147050964527.08987,-19917203985.68901,-8634115485.629753,58919.99979131943
46,2020,3,12,0,14,41.97,-25905062.758,-3528319.434,-5367616.62,935.2855,-2117.03977,-3083.20644,2020-03-12 00:14:41.970,-327846265.20308113,-145505949.95517635,-30665834.294892423,147055319099.44427,-19892786583.586807,-8623530928.38985,58920.0102079861
46,2020,3,12,0,29,41.97,-24845959.441,-5398337.467999999,-8089112.018,1415.0154,-2032.6576200000002,-2955.97495,2020-03-12 00:29:41.970,-327478747.81928,-146331630.15279236,-31051765.39775909,147059668886.53104,-19868368518.030083,-8612946086.300684,58920.02062465277
46,2020,3,12,0,44,41.97,-23365103.871,-7176714.995,-10673260.48,1871.1943099999999,-1913.6673500000002,-2778.40103,2020-03-12 00:44:41.970,-327108955.51561004,-147156276.77286172,-31437476.298233293,147064013888.20993,-19843949789.756798,-8602360959.67898,58920.03104131943
46,2020,3,12,0,59,41.97,-21487193.096,-8833126.975,-13075984.098000001,2296.11108,-1761.98956,-2553.35438,2020-03-12 00:59:41.970,-326736891.48784775,-147979884.31086642,-31822964.34840451,147068354104.3408,-19819530399.505028,-8591775548.841536,58920.0414579861
46,2020,3,12,1,14,41.97,-19243658.987,-10339224.804,-15256148.073,2682.53084,-1580.0909000000001,-2284.49829,2020-03-12 01:14:41.970,-326362558.94913596,-148802447.27418184,-32208226.903730273,147072689534.78308,-19795110348.01303,-8581189854.105167,58920.05187465277
46,2020,3,12,1,29,41.97,-16672185.687,-11669113.461000001,-17176253.581,3023.81391,-1370.95089,-1976.24019,2020-03-12 01:29:41.970,-325985961.12992436,-149623960.1821279,-32593261.32306285,147077020179.3966,-19770689636.0192,-8570603875.786746,58920.06229131943
46,2020,3,12,1,44,41.97,-13816122.519000001,-12799795.083999999,-18803080.729000002,3314.02891,-1138.02056,-1633.67015,2020-03-12 01:44:41.970,-325607101.27791256,-150444417.56601754,-32978064.968675982,147081346038.04095,-19746268264.262062,-8560017614.203178,58920.0727079861
46,2020,3,12,1,59,41.97,-10723798.525,-13711571.587000001,-20108270.847,3548.058,-885.1727999999999,-1262.4876199999999,2020-03-12 01:59:41.970,-325225982.65799093,-151263813.96920568,-33362635.206291117,147085667110.5756,-19721846233.480328,-8549431069.671444,58920.08312465277
46,2020,3,12,2,14,41.97,-7447746.453,-14388399.08,-21068837.605,3721.69247,-616.64491,-868.9166200000001,2020-03-12 02:14:41.970,-324842608.5521824,-152082143.94713852,-33746969.40510389,147089983396.8601,-19697423544.41287,-8538844242.50853,58920.09354131943
46,2020,3,12,2,29,41.97,-4043845.813,-14818187.105999999,-21667596.847,3831.71668,-336.97356,-459.61003,2020-03-12 02:29:41.970,-324456982.25958437,-152899402.06740153,-34131064.93781038,147094294896.754,-19673000197.79869,-8528257133.031494,58920.1039579861
46,2020,3,12,2,44,41.97,-570396.43,-14993036.158000002,-21893505.675,3875.97822,-50.92276,-41.543789999999994,2020-03-12 02:44:41.970,-324069107.09630895,-153715582.90976748,-34514919.180632986,147098601610.11646,-19648576194.376953,-8517669741.557433,58920.11437465277
46,2020,3,12,2,59,41.97,2912864.137,-14909407.516999999,-21741902.192,3853.44216,236.59436,378.09781999999996,2020-03-12 02:59:41.970,-323678986.3954243,-154530681.06624404,-34898529.51334663,147102903536.8071,-19624151534.887005,-8507082068.4035,58920.12479131943
46,2020,3,12,3,14,41.97,6345784.132,-14568220.279,-21214638.547,3764.22745,520.5989500000001,792.04431,2020-03-12 03:14:41.970,-323286623.50689554,-155344691.14112166,-35281893.31930467,147107200676.6851,-19599726220.068314,-8496494113.886871,58920.1352079861
46,2020,3,12,3,29,41.97,9668845.106999999,-13974871.461000001,-20320101.41,3609.62354,796.13373,1193.06664,2020-03-12 03:29:41.970,-322892021.79752517,-156157607.75102028,-35665007.98546436,147111493029.60977,-19575300250.66051,-8485905878.324799,58920.14562465277
46,2020,3,12,3,44,41.97,12824214.878,-13139176.335,-19073115.873,3392.08559,1058.35268,1574.1082,2020-03-12 03:44:41.970,-322495184.6508931,-156969425.5249361,-36047870.90241262,147115780595.4405,-19550873627.403416,-8475317362.034566,58920.15604131943
46,2020,3,12,3,59,41.97,15756786.126,-12075227.633000001,-17494730.974999998,3115.2072,1302.6113500000001,1928.41648,2020-03-12 03:59:41.970,-322096115.4672977,-157780139.1042881,-36430479.464391716,147120063374.03632,-19526446351.036972,-8464728565.333501,58920.1664579861
46,2020,3,12,4,14,41.97,18415179.987999998,-10801173.944,-15611887.468,2783.66986,1524.5557800000001,2249.6725199999996,2020-03-12 04:14:41.970,-321694817.66369474,-158589743.1429642,-36812831.069324404,147124341365.25647,-19502018422.301296,-8454139488.538991,58920.17687465277
46,2020,3,12,4,29,41.97,20752693.64,-9338919.483,-13456971.223000001,2403.16906,1720.20792,2532.1151,2020-03-12 04:29:41.970,-321291294.6736387,-159398232.3073668,-37194923.11883916,147128614568.95993,-19477589841.93668,-8443550131.968458,58920.18729131943
46,2020,3,12,4,44,41.97,22728171.125,-7713749.37,-11067258.467,1980.31776,1886.0454,2770.65637,2020-03-12 04:44:41.970,-320885549.9472209,-160205601.2764585,-37576753.018295534,147132882985.00598,-19453160610.683544,-8432960495.939394,58920.1977079861
46,2020,3,12,4,59,41.97,24306777.614,-5953886.547,-8484262.000999998,1522.52865,2019.07329,2960.9857599999996,2020-03-12 04:59:41.970,-320477586.95101047,-161011844.7418072,-37958318.176809005,147137146613.25354,-19428730729.282486,-8422370580.769323,58920.20812465277
46,2020,3,12,5,14,41.97,25460658.919,-4089988.404,-5752990.318,1037.87734,2116.88601,3099.65911,2020-03-12 05:14:41.970,-320067409.1679929,-161816957.40763065,-38339616.00727594,147141405453.56174,-19404300198.47428,-8411780386.775817,58920.21854131943
46,2020,3,12,5,29,41.97,26169470.416,-2154592.963,-2921134.157,534.94952,2177.71721,3184.17038,2020-03-12 05:29:41.970,-319655020.09750897,-162620933.99084115,-38720643.92639824,147145659505.78943,-19379869018.99983,-8401189914.276505,58920.2289579861
46,2020,3,12,5,44,41.97,26420762.513,-181526.011,-38197.26,22.675629999999998,2200.47645,3213.00367,2020-03-12 05:44:41.970,-319240423.25519454,-163423769.22108963,-39101399.35470821,147149908769.7956,-19355437191.600227,-8390599163.589069,58920.23937465277
46,2020,3,12,5,59,41.97,26210213.294,1794718.215,2845410.207,-489.84265,2184.77115,3185.66389,2020-03-12 05:59:41.970,-318823622.17291933,-164225457.84080964,-39481879.71659285,147154153245.43918,-19331004717.01672,-8380008135.031225,58920.24979131943
46,2020,3,12,6,14,41.97,25541702.924000002,3739609.375,5679295.907,-993.50978,2130.91352,3102.68528,2020-03-12 06:14:41.970,-318404620.39872503,-165025994.60526055,-39862082.4403184,147158392932.57895,-19306571595.99072,-8369416828.920765,58920.2602079861
46,2020,3,12,6,29,41.97,24427228.475,5619212.67,8414007.169,-1479.4128099999998,2039.9121,2965.6176,2020-03-12 06:29:41.970,-317983421.496765,-165825374.28257087,-40242004.95805458,147162627831.0738,-19282137829.26379,-8358825245.5755,58920.27062465277
46,2020,3,12,6,44,41.97,22886662.054,7400806.104,11001930.491999999,-1938.99244,1913.44839,2776.99046,2020-03-12 06:44:41.970,-317560029.0472414,-166623591.65378082,-40621644.70589862,147166857940.7826,-19257703417.57768,-8348233385.313322,58920.28104131943
46,2020,3,12,6,59,41.97,20947359.065,9053470.33,13398149.68,-2364.20429,1753.83942,2540.2572999999998,2020-03-12 06:59:41.970,-317134446.6463443,-167420641.51288542,-41000999.12389949,147171083261.56396,-19233268361.67428,-8337641248.452153,58920.2914579861
46,2020,3,12,7,14,41.97,18643627.106,10548638.974,15561245.060999999,-2747.66675,1563.98766,2259.7209000000003,2020-03-12 07:14:41.970,-316706677.90618944,-168216518.66687626,-41380065.65608167,147175303793.27676,-19208832662.295654,-8327048835.309982,58920.30187465277
46,2020,3,12,7,29,41.97,16016069.161,11860598.72,17454018.229000002,-3082.792,1347.3197400000001,1940.4428,2020-03-12 07:29:41.970,-316276726.4547569,-169011217.9357829,-41758841.750468895,147179519535.77966,-19184396320.184055,-8316456146.20484,58920.31229131943
46,2020,3,12,7,44,41.97,13110817.289,12966930.035,19044129.131,-3363.8979600000002,1107.7161600000002,1588.1395499999999,2020-03-12 07:44:41.970,-315844595.9358281,-169804734.15271592,-42137324.859107845,147183730488.9313,-19159959336.081886,-8305863181.454804,58920.3227079861
46,2020,3,12,7,59,41.97,9978674.895,13848881.219999999,20304634.964,-3586.2993300000003,849.4337800000001,1209.06881,2020-03-12 07:59:41.970,-315410290.00892365,-170597062.163906,-42515512.43809176,147187936652.5904,-19135521710.731686,-8295269941.37802,58920.33312465277
46,2020,3,12,8,14,41.97,6674186.846,14491670.336,21214423.1,-3746.37673,577.02337,809.90827,2020-03-12 08:14:41.970,-314973812.3492414,-171388196.8287466,-42893401.94758358,147192138026.6155,-19111083444.8762,-8284676426.292673,58920.34354131943
46,2020,3,12,8,29,41.97,3254657.2580000004,14884711.434999999,21758532.983000003,-3841.6239,295.24421,397.63045,2020-03-12 08:29:41.970,-314535166.64759374,-172178133.01983324,-43270990.85183949,147196334610.8653,-19086644539.25835,-8274082636.517017,58920.3539579861
46,2020,3,12,8,44,41.97,-220865.311,15021763.322,21928364.580000002,-3870.6730399999997,8.97763,-20.62373,2020-03-12 08:44:41.970,-314094356.61034435,-172966865.62300453,-43648276.6192319,147200526405.1983,-19062204994.62118,-8263488572.369341,58920.36437465277
46,2020,3,12,8,59,41.97,-3692616.074,14901000.699000001,21721773.345000003,-3833.29941,-276.85875,-437.67031000000003,2020-03-12 08:59:41.970,-313651385.95934606,-173754389.53738168,-44025256.72227245,147204713409.47296,-19037764811.70794,-8252894234.167994,58920.37479131943
46,2020,3,12,9,14,41.97,-7101137.45,14525009.034999998,21143053.801,-3730.4063699999997,-557.39451,-846.4041500000001,2020-03-12 09:14:41.970,-313206258.4318778,-174540699.67540783,-44401928.637634955,147208895623.54794,-19013323991.26204,-8242299622.231378,58920.3852079861
46,2020,3,12,9,29,41.97,-10388280.778,13900705.741,20202815.664,-3563.99237,-827.8865199999999,-1239.9155500000002,2020-03-12 09:29:41.970,-312758977.78058106,-175325790.96288788,-44778289.84617819,147213073047.2817,-18988882534.02704,-8231704736.877958,58920.39562465277
46,2020,3,12,9,44,41.97,-13498170.864,13039191.285999998,18917757.954,-3337.1016299999997,-1083.79438,-1611.6000900000001,2020-03-12 09:44:41.970,-312309547.77339685,-176109658.3390267,-45154337.832968384,147217245680.53262,-18964440440.746723,-8221109578.426235,58920.40604131943
46,2020,3,12,9,59,41.97,-16378119.451000001,11955534.721,17310347.744999997,-3053.76024,-1320.8506200000002,-1955.26055,2020-03-12 09:59:41.970,-311857972.1935032,-176892296.75646797,-45530070.087301806,147221413523.15927,-18939997712.16496,-8210514147.194783,58920.4164579861
46,2020,3,12,10,14,41.97,-18979475.319000002,10668498.746,15408411.142,-2718.89954,-1535.12478,-2265.19992,2020-03-12 10:14:41.970,-311404254.8392503,-177673701.18133268,-45905484.10272715,147225576575.01996,-18915554349.025883,-8199918443.502219,58920.42687465277
46,2020,3,12,10,29,41.97,-21258400.233,9200209.929000001,13244644.796,-2338.26825,-1723.08111,-2536.30487,2020-03-12 10:29:41.970,-310948399.524098,-178453866.59325656,-46280577.37706785,147229734835.9731,-18891110352.073708,-8189322467.66722,58920.43729131943
46,2020,3,12,10,44,41.97,-23176561.476999998,7575780.056,10856056.771,-1918.3351799999998,-1881.62943,-2764.1192,2020-03-12 10:44:41.970,-310490410.07655144,-179232787.98542774,-46655347.4124439,147233888305.87717,-18866665722.05291,-8178726220.008528,58920.4477079861
46,2020,3,12,10,59,41.97,-24701733.038,5822884.877,8283345.964,-1466.18382,-2008.16892,-2944.9068899999997,2020-03-12 10:59:41.970,-310030290.34009844,-180010460.36462426,-47029791.715294145,147238036984.59045,-18842220459.708065,-8168129700.844907,58920.45812465277
46,2020,3,12,11,14,41.97,-25808298.803000003,3971306.6560000004,5570229.521000001,-989.40015,-2100.62475,-3075.70457,2020-03-12 11:14:41.970,-309568044.1731439,-180786878.75125057,-47403907.79639802,147242180871.9714,-18817774565.78396,-8157532910.49522,58920.46854131943
46,2020,3,12,11,29,41.97,-26477652.322,2052447.1300000001,2762727.9450000003,-495.95529,-2157.47716,-3154.36308,2020-03-12 11:29:41.970,-309103675.44894713,-181562038.17937446,-47777693.17089728,147246319967.87814,-18793328041.025528,-8146935849.278356,58920.4789579861
46,2020,3,12,11,44,41.97,-26698488.884999998,98817.59,-91582.29400000001,5.916440000000001,-2177.78321,-3179.57803,2020-03-12 11:44:41.970,-308637188.05555737,-182335933.6967628,-48151145.3583175,147250454272.16916,-18768880886.177902,-8136338517.51327,58920.48937465277
46,2020,3,12,11,59,41.97,-26466986.319,-1856487.136,-2944338.651,507.84249000000005,-2161.1908,-3150.9092600000004,2020-03-12 11:59:41.970,-308168585.89574933,-183108560.3649184,-48524261.88258973,147254583784.70267,-18744433101.986378,-8125740915.518976,58920.49979131943
46,2020,3,12,12,14,41.97,-25786872.448999997,-3780323.839,-5747174.767,1001.4389500000001,-2107.94491,-3068.78885,2020-03-12 12:14:41.970,-307697872.8869589,-183879913.25911456,-48897040.27207167,147258708505.33682,-18719984689.196434,-8115143043.614539,58920.5102079861
46,2020,3,12,12,29,41.97,-24669377.712,-5640038.212,-8452504.791,1478.4385399999999,-2018.8860599999998,-2934.51764,2020-03-12 12:29:41.970,-307225052.9612195,-184649987.46843076,-49269478.05956891,147262828433.93005,-18695535648.553688,-8104544902.119082,58920.52062465277
46,2020,3,12,12,44,41.97,-23133072.852,-7403997.08,-11014299.325,1930.81789,-1895.4406399999998,-2750.25005,2020-03-12 12:44:41.970,-306750130.0650963,-185418778.0957875,-49641572.78235613,147266943570.34064,-18671085980.80401,-8093946491.351792,58920.53104131943
46,2020,3,12,12,59,41.97,-21203592.581,-9042108.314,-13388842.354,2350.92344,-1739.60317,-2518.96701,2020-03-12 12:59:41.970,-306273108.15962267,-186186280.2579811,-50013321.98219773,147271053914.42664,-18646635686.693336,-8083347811.631916,58920.5414579861
46,2020,3,12,13,14,41.97,-18913247.183,-10526321.071,-15535458.442,2731.59429,-1553.9103,-2244.43691,2020-03-12 13:14:41.970,-305793991.220235,-186952489.08571783,-50384723.20536899,147275159466.04636,-18622184766.967873,-8072748863.27873,58920.55187465277
46,2020,3,12,13,29,41.97,-16300525.507000001,-11831098.931,-17417199.365000002,3066.28044,-1341.4065799999998,-1931.16454,2020-03-12 13:29:41.970,-305312783.236708,-187717399.72364745,-50755774.00267664,147279260225.05807,-18597733222.37395,-8062149646.61161,58920.56229131943
46,2020,3,12,13,44,41.97,-13409494.162,-12933858.492999999,-19001479.361,3349.15495,-1105.60197,-1584.3279699999998,2020-03-12 13:44:41.970,-304829488.21309,-188481007.3303978,-51126471.92947923,147283356191.31992,-18573281053.658096,-8051550161.949959,58920.5727079861
46,2020,3,12,13,59,41.97,-10289099.290000001,-13815366.043,-20260648.26,3575.21792,-850.42115,-1209.70366,2020-03-12 13:59:41.970,-304344110.1676376,-189243307.07860702,-51496814.545707755,147287447364.68997,-18548828261.56703,-8040950409.613251,58920.58312465277
46,2020,3,12,14,14,41.97,-6992379.001999999,-14460085.077,-21172492.031999998,3740.39074,-580.14507,-813.58015,2020-03-12 14:14:41.970,-303856653.1327512,-190004294.15495688,-51866799.41588585,147291533745.02667,-18524374846.847595,-8030350389.92102,58920.59354131943
46,2020,3,12,14,29,41.97,-3575596.2989999996,-14856467.759,-21720650.713,3841.5982,-299.34488999999996,-402.66088,2020-03-12 14:29:41.970,-303367121.15490955,-190763963.76020575,-52236424.10915002,147295615332.188,-18499920810.24688,-8019750103.192848,58920.6039579861
46,2020,3,12,14,44,41.97,-97304.208,-14997183.809,-21894944.343,3876.8366300000002,-12.80911,16.04287,2020-03-12 14:44:41.970,-302875518.29460394,-191522311.10922042,-52605686.19926956,147299692126.03198,-18475466152.512104,-8009149549.74839,58920.61437465277
46,2020,3,12,14,59,41.97,3382643.28,-14879280.995,-21691598.490000002,3845.22587,274.53539,435.32782,2020-03-12 14:59:41.970,-302381848.6262744,-192279331.4310081,-52974583.26466647,147303764126.41708,-18451010874.390663,-7998548729.907355,58920.62479131943
46,2020,3,12,15,14,41.97,6804119.0139999995,-14504272.182,-21113362.165999997,3747.04308,557.70741,847.9217199999999,2020-03-12 15:14:41.970,-301886116.2382433,-193035019.96874866,-53343112.888435274,147307831333.20123,-18426554976.63018,-7987947643.989503,58920.6352079861
46,2020,3,12,15,29,41.97,10107772.036,-13878145.001,-20169512.514999997,3583.73652,831.7590700000001,1246.61156,2020-03-12 15:29:41.970,-301388325.23264974,-193789371.9798248,-53711272.65836266,147311893746.24258,-18402098459.978405,-7977346292.314674,58920.64562465277
46,2020,3,12,15,44,41.97,13236079.754,-13011291.479,-18875742.551,3357.91782,1091.86578,1624.37483,2020-03-12 15:44:41.970,-300888479.7253849,-194542382.7358543,-54079060.16694686,147315951365.3993,-18377641325.183273,-7966744675.2027445,58920.65604131943
46,2020,3,12,15,59,41.97,16134383.001,-11918356.457,-17253930.448,3073.3315000000002,1333.41639,1974.51105,2020-03-12 15:59:41.970,-300386583.84602576,-195294047.52271992,-54446473.01141705,147320004190.5295,-18353183572.99292,-7956142792.973667,58920.6664579861
46,2020,3,12,16,14,41.97,18751883.233,-10618005.391,-15331791.396,2734.80129,1552.10187,2290.77066,2020-03-12 16:14:41.970,-299882641.73777014,-196044361.64059934,-54813508.79375267,147324052221.4914,-18328725204.155666,-7945540645.94745,58920.67687465277
46,2020,3,12,16,29,41.97,21042580.877,-9132613.949000001,-13142415.771,2348.1531,1744.00004,2567.4782299999997,2020-03-12 16:29:41.970,-299376657.5573698,-196793320.40399647,-55180165.120702446,147328095458.1432,-18304266219.420006,-7934938234.444165,58920.68729131943
46,2020,3,12,16,44,41.97,22966134.163,-7487883.827,-10723700.241,1920.11554,1905.65442,2799.64667,2020-03-12 16:44:41.970,-298868635.4750667,-197540919.14176992,-55546439.603803456,147332133900.34262,-18279806619.534595,-7924335558.783935,58920.6977079861
46,2020,3,12,16,59,41.97,24488618.829,-5712391.160999999,-8117681.328,1458.19941,2034.1448299999997,2983.07923,2020-03-12 16:59:41.970,-298358579.6745255,-198287153.19716278,-55912329.85939973,147336167547.94812,-18255346405.24827,-7913732619.286953,58920.70812465277
46,2020,3,12,17,14,41.97,25583170.783,-3837075.862,-5369783.722,970.5585599999999,2127.14771,3114.45645,2020-03-12 17:14:41.970,-297846494.3527679,-199032017.92783207,-56277833.508661196,147340196400.81778,-18230885577.31009,-7903129416.273475,58920.71854131943
46,2020,3,12,17,29,41.97,26230496.254,-1894681.946,-2527998.223,465.83518000000004,2182.9844399999997,3191.40526,2020-03-12 17:29:41.970,-297332383.7201074,-199775508.70587638,-56642948.17760215,147344220458.80975,-18206424136.46928,-7892525950.063815,58920.7289579861
46,2020,3,12,17,44,41.97,26419237.028,80839.582,357993.697,-47.006890000000006,2200.65605,3212.54812,2020-03-12 17:44:41.970,-296816252.00008285,-200517620.91786537,-57007671.49709967,147348239721.78192,-18181962083.475185,-7881922220.978345,58920.73937465277
46,2020,3,12,17,59,41.97,26146181.912,2054952.5440000002,3237730.018,-558.85646,2179.86321,3177.5307900000003,2020-03-12 17:59:41.970,-296298103.42939305,-201258349.96486723,-57372001.10291196,147352254189.59262,-18157499419.07743,-7871318229.337507,58920.74979131943
46,2020,3,12,18,14,41.97,25416319.529,3993168.634,6060893.256999999,-1060.6325000000002,2121.0111500000003,3087.0277499999997,2020-03-12 18:14:41.970,-295777942.2578293,-201997691.26247635,-57735934.63569653,147356263862.10004,-18133036144.025738,-7860713975.461797,58920.7602079861
46,2020,3,12,18,29,41.97,24242731.722,5861677.931,8778230.391999999,-1543.46008,2025.19917,2942.72534,2020-03-12 18:29:41.970,-295255772.7482111,-202735640.2408413,-58099469.74102824,147360268739.16214,-18108572259.07011,-7850109459.67178,58920.77062465277
46,2020,3,12,18,44,41.97,22646330.94,7627963.272,11342447.812,-1998.84038,1894.19535,2747.28331,2020-03-12 18:44:41.970,-294731599.1763184,-203472192.34469116,-58462604.069417134,147364268820.63715,-18084107764.960613,-7839504682.288083,58920.78104131943
46,2020,3,12,18,59,41.97,20655448.978,9261385.547,13709062.402999999,-2418.81034,1730.39744,2504.2761100000002,2020-03-12 18:59:41.970,-294205425.83082616,-204207343.0333627,-58825335.27632628,147368264106.38324,-18059642662.447598,-7828899643.631389,58920.7914579861
46,2020,3,12,19,14,41.97,18305288.028,10733727.969,15837191.491,-2796.0884,1536.78108,2218.11607,2020-03-12 19:14:41.970,-293677257.0132386,-204941087.78082693,-59187661.02218941,147372254596.2585,-18035176952.281536,-7818294344.022452,58920.80187465277
46,2020,3,12,19,29,41.97,15637248.061,12019688.822,17690266.361,-3124.20317,1316.83732,1893.96085,2020-03-12 19:29:41.970,-293147097.03782207,-205673422.075715,-59549578.97242837,147376240290.1211,-18010710635.21312,-7807688783.782087,58920.81229131943
46,2020,3,12,19,44,41.97,12698147.036,13097313.764,19236656.525,-3397.6025600000003,1074.50118,1537.60817,2020-03-12 19:44:41.970,-292614950.2315382,-206404341.42134383,-59911086.79747062,147380221187.8292,-17986243711.9932,-7797082963.231167,58920.8227079861
46,2020,3,12,19,59,41.97,9539352.223,13948360.631,20450194.582,-3611.74194,814.07343,1155.38066,2020-03-12 19:59:41.970,-292080820.93397945,-207133841.33574218,-60272182.17276632,147384197289.241,-17961776183.37283,-7786476882.690636,58920.83312465277
46,2020,3,12,20,14,41.97,6215842.018,14558591.538,21310594.225,-3763.15041,540.1375899999999,754.0041,2020-03-12 20:14:41.970,-291544713.4973015,-207861917.3516752,-60632862.77880563,147388168594.21457,-17937308050.10325,-7775870542.481503,58920.84354131943
46,2020,3,12,20,29,41.97,2785218.0990000004,14917988.941,21803756.746,-3849.47491,257.47427,340.48184,2020-03-12 20:29:41.970,-291006632.2861564,-208588565.01666963,-60993126.30113546,147392135102.60815,-17912839312.935867,-7765263942.924831,58920.8539579861
46,2020,3,12,20,44,41.97,-693312.398,15020894.109000001,21921963.914,-3869.5027999999998,-29.02527,-78.03166,2020-03-12 20:44:41.970,-290466581.6776271,-209313779.89303818,-61352970.43037652,147396096814.28018,-17888369972.6223,-7754657084.341757,58920.86437465277
46,2020,3,12,20,59,41.97,-4159965.5730000003,14866068.067,21663957.513,-3823.16368,-314.44471000000004,-494.35585,2020-03-12 20:59:41.970,-289924566.06116056,-210037557.5579039,-61712392.86223992,147400053729.08862,-17863900029.914326,-7744049967.053476,58920.87479131943
46,2020,3,12,21,14,41.97,-7555402.307999999,14456676.523,21034907.913,-3711.51189,-593.9257799999999,-901.40535,2020-03-12 21:14:41.970,-289380589.8385014,-210759893.6032237,-62071391.29754376,147404005846.8917,-17839429485.56393,-7733442591.381251,58920.8852079861
46,2020,3,12,21,29,41.97,-10821725.902,13800201.514,20046275.812,-3536.6911800000003,-862.74779,-1292.30579,2020-03-12 21:29:41.970,-288834657.4236252,-211480783.63581243,-62429963.44222966,147407953167.54782,-17814958340.323257,-7722834957.64641,58920.89562465277
46,2020,3,12,21,44,41.97,-13903440.538999999,12908283.532,18715572.797000002,-3301.88328,-1116.40246,-1660.50262,2020-03-12 21:44:41.970,-288286773.242672,-212200223.27736574,-62788107.007379025,147411895690.9151,-17790486594.944675,-7712227066.170345,58920.90604131943
46,2020,3,12,21,59,41.97,-16748356.894000001,11796498.693,17066027.509,-3011.24217,-1350.6633100000001,-1999.8618800000002,2020-03-12 21:59:41.970,-287736941.7338803,-212918208.16448322,-63145819.70922916,147415833416.85187,-17766014250.180717,-7701618917.274511,58920.9164579861
46,2020,3,12,22,14,41.97,-19308432.787,10484076.164,15126165.139,-2669.81573,-1561.64895,-2304.76193,2020-03-12 22:14:41.970,-287185167.34751934,-213634733.94869086,-63503099.26918946,147419766345.2164,-17741541306.784084,-7691010511.280434,58920.92687465277
46,2020,3,12,22,29,41.97,-21540538.324,8993561.513,12929308.637,-2283.45657,-1745.8799000000001,-2570.17558,2020-03-12 22:29:41.970,-286631454.5458236,-214349796.29646358,-63859943.41385723,147423694475.86697,-17717067765.50772,-7680401848.509695,58920.93729131943
46,2020,3,12,22,44,41.97,-23407136.419999998,7350432.023,10513010.53,-1858.72344,-1900.32845,-2791.7421,2020-03-12 22:44:41.970,-286075807.8029257,-215063390.889247,-64216349.87503353,147427617808.66193,-17692593627.1047,-7669792929.2839575,58920.9477079861
46,2020,3,12,22,59,41.97,-24876871.005000003,5582670.233,7918424.5879999995,-1402.77485,-2022.4616,-2965.82885,2020-03-12 22:59:41.970,-285518231.60478985,-215775513.42347953,-64572316.38973881,147431536343.45966,-17668118892.328312,-7659183753.924933,58920.95812465277
46,2020,3,12,23,14,41.97,-25925056.397,3720302.178,5189626.839,-923.25606,-2110.27659,-3089.58215,2020-03-12 23:14:41.970,-284958730.44914603,-216486159.6106132,-64927840.70022836,147435450080.11844,-17643643561.932026,-7648574322.754411,58920.96854131943
46,2020,3,12,23,29,41.97,-26534062.602,1794906.927,2372895.622,-428.18109999999996,-2162.32906,-3160.96741,2020-03-12 23:29:41.970,-284397308.8454219,-217195325.17713496,-65282920.55400795,147439359018.49667,-17619167636.66953,-7637964636.09424,58920.9789579861
46,2020,3,12,23,44,41.97,-26693592.411000002,-160895.856,-484039.453,74.1897,-2177.75373,-3178.79809,2020-03-12 23:44:41.970,-283833971.3146772,-217903005.8645876,-65637553.703848764,147443263158.4528,-17594691117.29463,-7627354694.266338,58920.98937465277
46,2020,3,12,23,59,41.97,-26400846.860000003,-2113973.517,-3332769.654,575.47494,-2156.2774299999996,-3142.7536,2020-03-12 23:59:41.970,-283268722.3895367,-218609197.42959002,-65991737.90780281,147447162499.8453,-17570214004.5614,-7616744497.592694,58920.99979131943
46,2020,3,13,0,14,41.97,-25660577.876,-4031212.9420000003,-6124985.644,1067.29867,-2098.22447,-3053.38592,2020-03-13 00:14:41.970,-282701566.6141244,-219313895.64385736,-66345470.92921767,147451057042.53247,-17545736299.224056,-7606134046.395353,58921.0102079861
46,2020,3,13,0,29,41.97,-24485022.81,-5880070.892,-8813279.741,1541.42057,-2004.51338,-2912.11375,2020-03-13 00:29:41.970,-282132508.5439959,-220017096.29422075,-66698750.53675164,147454946786.3728,-17521258002.037014,-7595523340.996442,58921.02062465277
46,2020,3,13,0,44,41.97,-22893729.552,-7629084.801,-11351891.723000001,1989.8596799999998,-1876.64708,-2721.2068,2020-03-13 00:44:41.970,-281561552.74607205,-220718795.18264705,-67051574.50438827,147458831731.2249,-17496779113.75489,-7584912381.718139,58921.03104131943
46,2020,3,13,0,59,41.97,-20913263.443,-9248404.08,-13697481.145,2405.02225,-1716.69355,-2483.75648,2020-03-13 00:59:41.970,-280988703.7985729,-221418988.12625825,-67403940.61145101,147462711876.94727,-17472299635.132454,-7574301168.882694,58921.0414579861
46,2020,3,13,1,14,41.97,-18576804.187999997,-10710283.796,-15809844.83,2779.8234599999996,-1527.25884,-2203.63531,2020-03-13 01:14:41.970,-280413966.2909502,-222117670.95734945,-67755846.64261778,147466587223.3983,-17447819566.924725,-7563689702.812437,58921.05187465277
46,2020,3,13,1,29,41.97,-15923634.499,-11989553.688,-17652597.079,3107.80501,-1311.4518,-1885.44425,2020-03-13 01:29:41.970,-279837344.8238217,-222814839.5234084,-68107290.38793513,147470457770.43668,-17423338909.886852,-7553077983.829749,58921.06229131943
46,2020,3,13,1,44,41.97,-12998525.705,-13064051.661,-19193797.03,3383.24617,-1072.8404600000001,-1534.44798,2020-03-13 01:44:41.970,-279258844.00890434,-223510489.68713355,-68458269.64283262,147474323517.92096,-17398857664.774216,-7542466012.257088,58921.0727079861
46,2020,3,13,1,59,41.97,-9851026.915000001,-13915014.402999999,-20406512.454,3601.26673,-815.4003600000001,-1156.49842,2020-03-13 01:59:41.970,-278678468.4689468,-224204617.32645178,-68808782.20813699,147478184465.70978,-17374375832.34235,-7531853788.416975,58921.08312465277
46,2020,3,13,2,14,41.97,-6534666.053,-14527417.912999999,-21269309.571999997,3757.9195900000004,-543.45499,-757.9468700000001,2020-03-13 02:14:41.970,-278096222.8376645,-224897218.33453625,-69158825.89008571,147482040613.66187,-17349893413.347034,-7521241312.631996,58921.09354131943
46,2020,3,13,2,29,41.97,-3106072.838,-14890261.057,-21766658.917,3850.27122,-261.60881,-345.54543,2020-03-13 02:29:41.970,-277512111.7596719,-225588288.61982384,-69508398.5003414,147485891961.63574,-17325410408.544197,-7510628585.224825,58921.1039579861
46,2020,3,13,2,44,41.97,375964.288,-14996785.75,-21889247.98,3876.46771,25.32648,73.66135,2020-03-13 02:44:41.970,-276926139.8904162,-226277824.10603228,-69857497.85600483,147489738509.4903,-17300926818.689953,-7500015606.518174,58921.11437465277
46,2020,3,13,2,59,41.97,3851493.459,-14844627.979,-21634192.366,3835.78437,312.41169,492.45344,2020-03-13 02:59:41.970,-276338311.89611095,-226965820.7321766,-70206121.77962917,147493580257.08417,-17276442644.540623,-7489402376.834847,58921.12479131943
46,2020,3,13,3,14,41.97,7260431.175,-14435894.807,-21005138.472,3728.6569200000004,594.66473,903.55913,2020-03-13 03:14:41.970,-275748632.45367026,-227652274.45258594,-70554268.09923288,147497417204.2762,-17251957886.85273,-7478788896.49771,58921.1352079861
46,2020,3,13,3,29,41.97,10543613.177,-13777163.534,-20012252.286,3556.6924599999998,867.14872,1299.7839,2020-03-13 03:29:41.970,-275157106.25064075,-228337181.23691955,-70901934.64831342,147501249350.92505,-17227472546.38295,-7468175165.82969,58921.14562465277
46,2020,3,13,3,44,41.97,13643845.488000002,-12879400.567,-18672090.908999998,3322.6586199999997,1125.06204,1674.1417999999999,2020-03-13 03:44:41.970,-274563737.9851367,-229020537.07018292,-71249119.26586019,147505076696.8898,-17202986623.888214,-7457561185.153797,58921.15604131943
46,2020,3,13,3,59,41.97,16506935.537,-11757799.060999999,-17007355.606000002,3030.4500199999998,1363.82848,2019.9868,2020-03-13 03:59:41.970,-273968532.36577314,-229702337.95274305,-71595819.79636759,147508899242.0291,-17178500120.125574,-7446946954.7931,58921.1664579861
46,2020,3,13,4,14,41.97,19082682.572,-10431536.135,-15046527.793,2685.0313300000003,1579.18542,2331.14111,2020-03-13 04:14:41.970,-273371494.1115989,-230382579.90034378,-71942034.08984795,147512716986.202,-17154013035.85234,-7436332475.070737,58921.17687465277
46,2020,3,13,4,29,41.97,21325806.377,-8923452.376,-12823392.081,2292.35714,1767.268,2602.01732,2020-03-13 04:29:41.970,-272772627.9520312,-231061258.944121,-72287760.00184464,147516529929.2674,-17129525371.825947,-7425717746.309918,58921.18729131943
46,2020,3,13,4,44,41.97,23196793.731999997,-7259658.29,-10376453.412999999,1859.26954,1924.68693,2827.7310500000003,2020-03-13 04:44:41.970,-272171938.6267887,-231738371.13061723,-72632995.39344409,147520338071.08426,-17105037128.804073,-7415102768.833926,58921.1977079861
46,2020,3,13,4,59,41.97,24662643.206,-5469074.361,-7748258.189,1393.37495,2048.59784,3004.2011300000004,2020-03-13 04:59:41.970,-271569430.8858254,-232413912.52179578,-72977738.1312889,147524141411.51175,-17080548307.544563,-7404487542.96611,58921.20812465277
46,2020,3,13,5,14,41.97,25697490.664,-3582913.275,-4984632.062,902.9026799999999,2136.76015,3128.2341699999997,2020-03-13 05:14:41.970,-270965109.48926455,-233087879.1950555,-73321986.08758995,147527939950.4087,-17056058908.805473,-7393872069.029889,58921.21854131943
46,2020,3,13,5,29,41.97,26283100.411,-1634114.5939999998,-2133849.561,396.54834,2187.5836,3197.59106,2020-03-13 05:29:41.970,-270358979.20733225,-233760267.24324366,-73665737.14013885,147531733687.6344,-17031568933.345045,-7383256347.348754,58921.2289579861
46,2020,3,13,5,44,41.97,26409210.018000003,343256.372,754247.173,-116.69404999999999,2200.16104,3211.03329,2020-03-13 05:44:41.970,-269751044.8202917,-234431072.7746704,-74008989.17231989,147535522623.04785,-17007078381.921692,-7372640378.246261,58921.23937465277
46,2020,3,13,5,59,41.97,26073720.485000003,2314632.642,3629161.695,-627.7070500000001,2174.2865500000003,3168.34764,2020-03-13 05:59:41.970,-269141311.11837626,-235100291.91312122,-74351740.07312219,147539306756.5084,-16982587255.294054,-7362024162.046038,58921.24979131943
46,2020,3,13,6,14,41.97,25282727.430999998,4245579.066000001,6440668.792,-1127.42739,2110.4581900000003,3070.3485800000003,2020-03-13 06:14:41.970,-268529782.9017246,-235767920.7978705,-74693987.73715173,147543086087.87515,-16958095554.220945,-7351407699.071789,58921.2602079861
46,2020,3,13,6,29,41.97,24050393.094,6102421.465000001,9139732.122,-1607.02135,2009.8656199999998,2918.85844,2020-03-13 06:29:41.970,-267916464.98031354,-236433955.58369374,-75035730.06464279,147546860617.00745,-16933603279.461369,-7340790989.647279,58921.27062465277
46,2020,3,13,6,44,41.97,22398663.116,7852857.884,11679394.241,-2058.05354,1874.36287,2716.66607,2020-03-13 06:44:41.970,-267301362.1738924,-237098392.44088036,-75376964.96146983,147550630343.7645,-16909110431.774534,-7330174034.096354,58921.28104131943
46,2020,3,13,6,59,41.97,20356835.956,9466539.123,14015620.321,-2472.645,1706.42746,2467.46555,2020-03-13 06:59:41.970,-266684479.31191757,-237761227.55524495,-75717690.33915901,147554395268.00565,-16884617011.919851,-7319556832.742926,58921.2914579861
46,2020,3,13,7,14,41.97,17960996.325,10915606.78,16108078.513,-2843.6167,1509.10717,2175.77708,2020-03-13 07:14:41.970,-266065821.23348603,-238422457.12814024,-76057904.1148995,147558155389.59048,-16860123020.656887,-7308939385.9109745,58921.30187465277
46,2020,3,13,7,29,41.97,15253327.058999998,12175178.489,17920841.989,-3164.61571,1285.95622,1846.8525499999998,2020-03-13 07:29:41.970,-265445392.7872697,-239082077.3764676,-76397604.21155468,147561910708.37823,-16835628458.745432,-7298321693.924549,58921.31229131943
46,2020,3,13,7,44,41.97,12281316.172,13223771.68,19423000.2,-3430.22167,1040.9628,1486.5686600000001,2020-03-13 07:44:41.970,-264823198.83144987,-239740084.5326887,-76736788.55767347,147565661224.22855,-16811133326.945467,-7287703757.107781,58921.3227079861
46,2020,3,13,7,59,41.97,9096877.582999999,14043659.046,20589169.52,-3636.032,778.47015,1101.31079,2020-03-13 07:59:41.970,-264199244.23365098,-240396474.84483677,-77075455.08750126,147569406937.00095,-16786637626.017176,-7277085575.784864,58921.33312465277
46,2020,3,13,8,14,41.97,5755404.983,14621150.746,21399896.258,-3778.72514,503.09300999999994,697.8504,2020-03-13 08:14:41.970,-263573533.87087575,-241051244.57652634,-77413601.74099065,147573147846.5549,-16762141356.720901,-7266467150.280065,58921.34354131943
46,2020,3,13,8,29,41.97,2314778.717,14946800.264,21841947.686,-3856.10181,219.63183,283.21928,2020-03-13 08:29:41.970,-262946072.62943858,-241704390.0069645,-77751226.46381243,147576883952.7501,-16737644519.817217,-7255848480.91772,58921.3539579861
46,2020,3,13,8,44,41.97,-1165654.6900000002,15015532.583,21908489.334999997,-3867.10464,-67.01376,-135.41698,2020-03-13 08:44:41.970,-262316865.40490082,-242355907.4309607,-78088327.20736626,147580615255.4463,-16713147116.066887,-7245229568.02224,58921.36437465277
46,2020,3,13,8,59,41.97,-4626111.376,14826694.936,21599149.136,-3811.81736,-351.93021000000005,-550.88359,2020-03-13 08:59:41.970,-261685917.10200498,-243005793.1589362,-78424901.92879078,147584341754.50308,-16688649146.230839,-7234610411.918111,58921.37479131943
46,2020,3,13,9,14,41.97,-8007389.468,14384031.832999999,20919971.033,-3691.44469,-630.27285,-956.1172300000001,2020-03-13 09:14:41.970,-261053232.63460904,-243654043.5169344,-78760948.59097447,147588063449.7805,-16664150611.07022,-7223991012.929884,58921.3852079861
46,2020,3,13,9,29,41.97,-11251862.33,13695587.238,19883262.439,-3508.2747799999997,-897.3448099999999,-1344.28099,2020-03-13 09:29:41.970,-260418816.92562163,-244300654.84662926,-79096465.16256565,147591780341.13818,-16639651511.346375,-7213371371.382179,58921.39562465277
46,2020,3,13,9,44,41.97,-14304430.675999999,12773537.771,18507341.364,-3265.62567,-1148.67118,-1708.87221,2020-03-13 09:44:41.970,-259782674.90693602,-244945623.50533503,-79431449.6179828,147595492428.436,-16615151847.820822,-7202751487.599703,58921.40604131943
46,2020,3,13,9,59,41.97,-17113420.053999998,11633961.624,16816190.148000002,-2967.77773,-1380.06765,-2043.8220000000001,2020-03-13 09:59:41.970,-259144811.51936576,-245588945.86601424,-79765899.93742438,147599199711.5339,-16590651621.255308,-7192131361.90722,58921.4164579861
46,2020,3,13,10,14,41.97,-19631411.843999997,10296548.444,14839023.636,-2619.89372,-1587.70296,-2343.5857499999997,2020-03-13 10:14:41.970,-258505231.71257886,-246230618.3172869,-80099814.10687892,147602902190.2921,-16566150832.411741,-7181510994.629574,58921.42687465277
46,2020,3,13,10,29,41.97,-21815997.379,8784255.938000001,12609780.268000001,-2227.92822,-1768.1547600000001,-2603.22382,2020-03-13 10:29:41.970,-257863940.44503242,-246870637.26343808,-80433190.11813462,147606599864.5704,-16541649482.052225,-7170890386.091673,58921.43729131943
46,2020,3,13,10,44,41.97,-23630446.332,7122919.26,10166545.042,-1798.5278700000001,-1918.45864,-2818.47218,2020-03-13 10:44:41.970,-257220942.68390888,-247508999.1244258,-80766025.96878913,147610292734.22906,-16517147570.939072,-7160269536.618511,58921.4477079861
46,2020,3,13,10,59,41.97,-25044281.792000003,5340819.485,7550913.624,-1338.9240499999999,-2036.15002,-2985.8025000000002,2020-03-13 10:59:41.970,-256576243.40504962,-248145700.33588916,-81098319.6622591,147613980799.1282,-16492645099.83481,-7149648446.535145,58921.45812465277
46,2020,3,13,11,14,41.97,-26033755.731000002,3468217.658,4807307.160999999,-856.81903,-2119.2987,-3102.4716,2020-03-13 11:14:41.970,-255929847.59289107,-248780737.34915525,-81430069.2077895,147617664059.1281,-16468142069.50211,-7139027116.166707,58921.46854131943
46,2020,3,13,11,29,41.97,-26582219.784,1536861.036,1982247.484,-360.26744,-2166.5360800000003,-3166.55998,2020-03-13 11:29:41.970,-255281760.24039912,-249414106.63124663,-81761272.62046276,147621342514.089,-16443638480.70388,-7128405545.838401,58921.4789579861
46,2020,3,13,11,44,41.97,-26680387.309,-420531.737,-876397.3859999999,142.44673,-2177.0747699999997,-3176.9992700000003,2020-03-13 11:44:41.970,-254631986.34900534,-250045804.6648874,-82091927.92120847,147625016163.87122,-16419134334.20321,-7117783735.875501,58921.48937465277
46,2020,3,13,11,59,41.97,-26326483.489,-2370799.711,-3720187.4560000002,642.9356,-2150.72061,-3133.5885399999997,2020-03-13 11:59:41.970,-253980530.92854133,-250675827.9485106,-82422033.13681182,147628685008.33514,-16394629630.76339,-7107161686.603369,58921.49979131943
46,2020,3,13,12,14,41.97,-25526281.7,-4280875.995,-6500894.491,1132.83463,-2087.87682,-3036.9991600000003,2020-03-13 12:14:41.970,-253327398.9971749,-251304172.99626404,-82751586.29992293,147632349047.34125,-16370124371.147879,-7096539398.347418,58921.5102079861
46,2020,3,13,12,29,41.97,-24293024.871000003,-6118324.356,-9171284.962,1603.93057,-1989.54036,-2888.76813,2020-03-13 12:29:41.970,-252672595.5813451,-251930836.33801654,-83080585.44906536,147636008280.75012,-16345618556.120382,-7085916871.43315,58921.52062465277
46,2020,3,13,12,44,41.97,-22647232.152,-7851868.875999999,-11685891.705,2048.28838,-1857.2901100000001,-2691.27965,2020-03-13 12:44:41.970,-252016125.71569827,-252555814.51936314,-83409028.62864506,147639662708.42236,-16321112186.444735,-7075294106.1861315,58921.53104131943
46,2020,3,13,12,59,41.97,-20616391.967,-9451909.357,-14001763.661999999,2458.37644,-1693.26702,-2447.73481,2020-03-13 12:59:41.970,-251357994.44302326,-253179104.10163167,-83736913.8889588,147643312330.2185,-16296605262.885025,-7064671102.932007,58921.5414579861
46,2020,3,13,13,14,41.97,-18234543.851,-10891015.122000001,-16079182.942,2827.1882800000003,-1500.1459100000002,-2162.10928,2020-03-13 13:14:41.970,-250698206.81418732,-253800701.66188663,-84064239.2862027,147646957145.99933,-16272097786.205505,-7054047861.996496,58921.55187465277
46,2020,3,13,13,29,41.97,-15541752.832,-12144389.758,-17882338.381,3148.35934,-1281.0991199999999,-1839.09896,2020-03-13 13:29:41.970,-250036767.88807225,-254420603.79293573,-84391002.8824804,147650597155.62567,-16247589757.170631,-7043424383.705383,58921.56229131943
46,2020,3,13,13,44,41.97,-12583481.578000002,-13190299.375,-19379944.788000003,3416.27712,-1039.75181,-1484.05361,2020-03-13 13:44:41.970,-249373682.73150986,-255038807.10333264,-84717202.74581148,147654232358.95834,-16223081176.545053,-7032800668.384536,58921.5727079861
46,2020,3,13,13,59,41.97,-9409867.129,-14010457.018,-20545797.195,3626.18275,-780.1292,-1102.8988900000002,2020-03-13 13:59:41.970,-248708956.41921842,-255655308.21738353,-85042836.95013934,147657862755.85812,-16198572045.09362,-7022176716.359892,58921.58312465277
46,2020,3,13,14,14,41.97,-6074910.75,-14590356.068,-21359249.733,3774.26215,-506.5961,-702.0469,2020-03-13 14:14:41.970,-248042594.03373867,-256270103.7751498,-85367903.57533945,147661488346.1862,-16174062363.58138,-7011552527.95746,58921.59354131943
46,2020,3,13,14,29,41.97,-2635591.239,-14919545.802000001,-21805609.254,3857.7246,-223.78892,-288.29630000000003,2020-03-13 14:29:41.970,-247374600.6653695,-256883190.4324527,-85692400.70722695,147665109129.80344,-16149552132.77355,-7000928103.503328,58921.6039579861
46,2020,3,13,14,44,41.97,849086.076,-14991842.762,-21876434.547000002,3874.8667499999997,63.458909999999996,131.27739,2020-03-13 14:44:41.970,-246704981.41210535,-257494564.86087656,-86016326.4375645,147668725106.57117,-16125041353.43558,-6990303443.323656,58921.61437465277
46,2020,3,13,14,59,41.97,4319090.539,-14805472.263,-21569733.018999998,3825.11983,350.19737000000003,549.4397,2020-03-13 14:59:41.970,-246033741.37957132,-258104223.7477729,-86339678.86406985,147672336276.35046,-16100530026.333088,-6979678547.744673,58921.62479131943
46,2020,3,13,15,14,41.97,7714401.616,-14363135.298999999,-20890048.057,3709.07819,631.4450499999999,958.9219300000001,2020-03-13 15:14:41.970,-245360885.68096069,-258712163.79626304,-86662456.09042352,147675942639.00238,-16076018152.231913,-6969053417.092687,58921.6352079861
46,2020,3,13,15,29,41.97,10976060.947,-13671997.188,-19848431.925,3528.50743,902.2775899999999,1352.55044,2020-03-13 15:29:41.970,-244686419.43697104,-259318381.72524095,-86984656.22627603,147679544194.3885,-16051505731.898058,-6958428051.694083,58921.64562465277
46,2020,3,13,15,44,41.97,14047221.908,-12743595.695,-18462301.066,3286.33051,1157.91787,1723.37822,2020-03-13 15:44:41.970,-244010347.77574086,-259922874.26937684,-87306277.3872551,147683140942.37018,-16026992766.09774,-6947802451.875317,58921.65604131943
46,2020,3,13,15,59,41.97,16874176.457000002,-11593667.915,-16755172.967999998,2986.5910200000003,1393.82605,2064.81606,2020-03-13 15:59:41.970,-243332675.83278674,-260525638.17911848,-87627317.69497314,147686732882.80865,-16002479255.597366,-6937176617.962915,58921.6664579861
46,2020,3,13,16,14,41.97,19407338.42,-10241896.966,-14756286.368999999,2634.39311,1605.78736,2370.76012,2020-03-13 16:14:41.970,-242653408.7509398,-261126670.22069395,-87947775.2770339,147690320015.56586,-15977965201.16355,-6926550550.283483,58921.67687465277
46,2020,3,13,16,29,41.97,21602162.231999997,-8711581.478,-12500109.301,2235.81825,1789.99553,2635.71301,2020-03-13 16:29:41.970,-241972551.68028268,-261725967.17611343,-88267648.26703975,147693902340.50314,-15953450603.563086,-6915924249.163701,58921.68729131943
46,2020,3,13,16,44,41.97,23419976.711,-7029232.778,-10025742.427,1797.81981,1943.1296399999999,2854.89492,2020-03-13 16:44:41.970,-241290109.77808732,-262323525.8431712,-88586934.80459827,147697479857.4823,-15928935463.56297,-6905297714.93032,58921.6977079861
46,2020,3,13,16,59,41.97,24828714.639000002,-5224106.729,-7376227.949,1328.09734,2062.4221500000003,3024.3418100000004,2020-03-13 16:59:41.970,-240606088.20875123,-262919343.03544676,-88905633.03532904,147701052566.365,-15904419781.93039,-6894670947.910168,58921.70812465277
46,2020,3,13,17,14,41.97,25803520.845,-3327678.9979999997,-4597777.132,834.9528,2145.71625,3140.9876200000003,2020-03-13 17:14:41.970,-239920492.14373544,-263513415.582306,-89223741.11087027,147704620467.01306,-15879903559.43274,-6884043948.430152,58921.71854131943
46,2020,3,13,17,29,41.97,26327224.119999997,-1373074.271,-1738931.916,327.13227,2191.5106299999998,3202.72809,2020-03-13 17:29:41.970,-239233326.76150158,-264105740.3289027,-89541257.1888852,147708183559.28864,-15855386796.837597,-6873416716.817247,58921.7289579861
46,2020,3,13,17,44,41.97,26390661.462,605538.691,1150321.848,-186.34317000000001,2198.99035,3208.4642599999997,2020-03-13 17:44:41.970,-238544597.2474495,-264696314.1361783,-89858179.43306854,147711741843.05347,-15830869494.91274,-6862789253.398506,58921.73937465277
46,2020,3,13,17,59,41.97,25992846.846,2573573.166,4019470.538,-696.3530999999999,2168.04295,3158.1240300000004,2020-03-13 17:59:41.970,-237854308.7938546,-265285133.88086352,-90174506.01315264,147715295318.16977,-15806351654.42614,-6852161558.501053,58921.74979131943
46,2020,3,13,18,14,41.97,25140980.762,4496658.182,6818398.379000001,-1193.8552,2099.25919,3052.6616,2020-03-13 18:14:41.970,-237162466.5998064,-265872196.45547786,-90490235.1049138,147718843984.4996,-15781833276.145962,-6841533632.452093,58921.7602079861
46,2020,3,13,18,29,41.97,23850300.872,6341266.054,9498302.427000001,-1670.06006,1993.9186300000001,2894.03458,2020-03-13 18:29:41.970,-236469075.87114564,-266457498.76832962,-90805364.89017804,147722387841.9053,-15757314360.84058,-6830905475.578903,58921.77062465277
46,2020,3,13,18,44,41.97,22143778.301999997,8075320.281,12012577.324,-2116.59872,1853.96056,2685.15982,2020-03-13 18:44:41.970,-235774141.82040206,-267041037.74351618,-91119893.55682726,147725926890.24915,-15732794909.278547,-6820277088.208836,58921.78104131943
46,2020,3,13,18,59,41.97,20051667.913000003,9668771.097000001,14317651.305,-2525.67895,1681.94138,2429.84961,2020-03-13 18:59:41.970,-235077669.6667332,-267622810.32092294,-91433819.29880507,147729461129.39346,-15708274922.228611,-6809648470.669319,58921.7914579861
46,2020,3,13,19,14,41.97,17610924.39,11094127.083999999,16373756.688,-2890.2266499999996,1480.9798700000001,2132.73028,2020-03-13 19:14:41.970,-234379664.63586223,-268202813.4562232,-91747140.31612228,147732990559.20068,-15683754400.459726,-6799019623.287849,58921.80187465277
46,2020,3,13,19,29,41.97,14864498.895000001,12326932.735,18145620.191000003,-3204.0094200000003,1254.6921,1799.14592,2020-03-13 19:29:41.970,-233680131.96001574,-268781044.1208768,-92059854.81486258,147736515179.53363,-15659233344.741037,-6788390546.392013,58921.81229131943
46,2020,3,13,19,44,41.97,11860533.32,13346183.542000001,19603060.965,-3461.7402300000003,1007.11807,1435.05007,2020-03-13 19:44:41.970,-232979076.87786338,-269357499.3021294,-92371961.00718814,147740034990.25467,-15634711755.841887,-6777761240.309457,58921.8227079861
46,2020,3,13,19,59,41.97,8651470.785,14134672.019,20721486.897,-3659.15971,742.6419199999999,1046.88848,2020-03-13 19:59:41.970,-232276504.63445494,-269932176.00301045,-92683457.11134489,147743549991.22665,-15610189634.531797,-6767131705.367916,58921.83312465277
46,2020,3,13,20,14,41.97,5293101.95,14679259.957,21482282.514,-3793.09645,465.90810999999997,641.47596,2020-03-13 20:14:41.970,-231572420.4811603,-270505071.2423322,-92994341.35166772,147747060182.3124,-15585666981.580513,-6756501941.8951845,58921.84354131943
46,2020,3,13,20,29,41.97,1843566.998,14971074.053,21873084.513,-3861.50528,181.73533,225.87029,2020-03-13 20:29:41.970,-230866829.67560714,-271076182.0546875,-93304611.95858571,147750565563.37473,-15561143797.757936,-6745871950.219147,58921.8539579861
46,2020,3,13,20,44,41.97,-1637667.119,15005623.799999999,21887943.493,-3863.48406,-104.96988999999999,-192.75413,2020-03-13 20:44:41.970,-230159737.48162064,-271645505.490448,-93614267.16862726,147754066134.27673,-15536620083.834211,-6735241730.667759,58921.86437465277
46,2020,3,13,20,59,41.97,-5090835.328,14782842.092,21527372.753,-3799.27021,-389.2983,-607.23056,2020-03-13 20:59:41.970,-229451149.16916192,-272213038.6157619,-93923305.22442497,147757561894.88153,-15512095840.579636,-6724611283.569048,58921.87479131943
46,2020,3,13,21,14,41.97,-8456891.237,14307050.415,20798287.043,-3670.2181299999997,-666.42015,-1010.51986,2020-03-13 21:14:41.970,-228741070.01426756,-272778778.5125508,-94231724.37472038,147761052845.0521,-15487571068.764727,-6713980609.251124,58921.8852079861
46,2020,3,13,21,29,41.97,-11678495.726,13586851.631,19713835.858999997,-3478.75936,-931.6636900000001,-1395.8246100000001,2020-03-13 21:29:41.970,-228029505.29898867,-273342722.27850777,-94539522.87436882,147764538984.65182,-15463045769.160187,-6703349708.04217,58921.89562465277
46,2020,3,13,21,44,41.97,-14700962.46,12634954.365,18293137.277000003,-3228.34697,-1180.5885700000001,-1756.6958399999999,2020-03-13 21:44:41.970,-227316460.31133023,-273904867.0270941,-94846698.98434407,147768020313.5439,-15438519942.53691,-6692718580.270434,58921.90604131943
46,2020,3,13,21,59,41.97,-17473147.067,11467933.755,16560919.404000001,-2923.38629,-1409.05368,-2087.1314399999997,2020-03-13 21:59:41.970,-226601940.34519088,-274465209.8875359,-95153250.97174263,147771496831.59186,-15413993589.665995,-6682087226.264252,58921.9164579861
46,2020,3,13,22,14,41.97,-19948268.29,10105933.902999999,14547077.385,-2569.1533,-1613.27881,-2381.66527,2020-03-13 22:14:41.970,-225885950.70030203,-275023748.0048213,-95459177.10978854,147774968538.65933,-15389466711.318724,-6671455646.352037,58921.92687465277
46,2020,3,13,22,29,41.97,-22084650.964,8572317.838000001,12286154.538,-2171.70278,-1789.89962,-2635.44658,2020-03-13 22:29:41.970,-225168496.68216828,-275580478.53969556,-95764475.67783739,147778435434.60983,-15364939308.266571,-6660823840.862273,58921.93729131943
46,2020,3,13,22,44,41.97,-23846382.119999997,6893271.073,9816756.609,-1737.76736,-1936.01567,-2844.30916,2020-03-13 22:44:41.970,-224449583.60200676,-276135398.6686591,-96069144.96138048,147781897519.30695,-15340411381.281229,-6650191810.123519,58921.9477079861
46,2020,3,13,22,59,41.97,-25203872.834000003,5097365.123,7180908.503,-1274.64922,-2049.23139,-3004.82998,2020-03-13 22:59:41.970,-223729216.77668744,-276688505.5839619,-96373183.25204925,147785354792.6146,-15315882931.134567,-6639559554.464407,58921.95812465277
46,2020,3,13,23,14,41.97,-26134319.679,3215087.466,4423363.0430000005,-790.1055299999999,-2127.6896399999996,-3114.37711,2020-03-13 23:14:41.970,-223007401.52867332,-277239796.49360013,-96676588.84761888,147788807254.3967,-15291353958.598637,-6628927074.213653,58921.96854131943
46,2020,3,13,23,29,41.97,-26622060.901,1278344.599,1590871.514,-292.22927999999996,-2170.0979199999997,-3171.14671,2020-03-13 23:29:41.970,-222284143.18596023,-277789268.6213113,-96979360.05201249,147792254904.51715,-15266824464.445705,-6618294369.7000475,58921.9789579861
46,2020,3,13,23,44,41.97,-26658823.358000003,-680055.068,-1268574.122,210.67417999999998,-2175.74695,-3174.18894,2020-03-13 23:44:41.970,-221559447.08201793,-278336919.2065693,-97281495.17530493,147795697742.84012,-15242294449.448221,-6607661441.25245,58921.98937465277
46,2020,3,13,23,59,41.97,-26243857.222999997,-2626931.635,-4106517.296,710.2128399999999,-2144.52166,-3123.42268,2020-03-13 23:59:41.970,-220833318.55573052,-278882745.5045805,-97582992.53372616,147799135769.22974,-15217763914.378834,-6597028289.1998005,58921.99979131943
46,2020,3,14,0,14,41.97,-25383957.587,-4529267.352,-6874816.675,1198.03493,-2076.90447,-3019.63906,2020-03-14 00:14:41.970,-220105762.95133653,-279426744.78627753,-97883850.44966514,147802568983.5504,-15193232860.01039,-6586394913.8711195,58922.0102079861
46,2020,3,14,0,29,41.97,-24093367.295,-6354755.438,-9526445.715,1665.9588,-1973.9699600000001,-2864.4922300000003,2020-03-14 00:29:41.970,-219376785.61837018,-279968914.33831483,-98184067.25167325,147805997385.66623,-15168701287.115913,-6575761315.595495,58922.02062465277
46,2020,3,14,0,44,41.97,-22393571.792,-8072308.915,-12016235.129999999,2106.09652,-1837.37288,-2660.48063,2020-03-14 00:44:41.970,-218646391.9116024,-280509251.4630625,-98483641.27446775,147809420975.44186,-15144169196.468643,-6565127494.702099,58922.03104131943
46,2020,3,14,0,59,41.97,-20312975.008,-9652586.564,-14301636.714,2510.9808,-1669.32662,-2410.91423,2020-03-14 00:59:41.970,-217914587.1909821,-281047753.4786006,-98782570.85893476,147812839752.74182,-15119636588.841995,-6554493451.52017,58922.0414579861
46,2020,3,14,1,14,41.97,-17886466.781999998,-11068480.042,-16343430.507,2873.6856,-1472.57416,-2119.87082,2020-03-14 01:14:41.970,-217181376.82157657,-281584417.7187143,-99080854.35213281,147816253717.43097,-15095103465.009586,-6543859186.37903,58922.05187465277
46,2020,3,14,1,29,41.97,-15154883.091,-12295574.24,-18106391.509,3187.94212,-1250.35056,-1792.13998,2020-03-14 01:29:41.970,-216446766.17351356,-282119241.5328862,-99378490.10729575,147819662869.37378,-15070569825.745222,-6533224699.608084,58922.06229131943
46,2020,3,14,1,44,41.97,-12164364.878,-13312570.184,-19559900.628,3448.2478699999997,-1006.3371999999999,-1433.15518,2020-03-14 01:44:41.970,-215710760.62192276,-282652222.2862912,-99675476.4838359,147823067208.43512,-15046035671.822905,-6522589991.536793,58922.0727079861
46,2020,3,14,1,59,41.97,-8965622.497,-14101663.133,-20678489.212,3649.9669799999997,-744.60803,-1048.9141399999999,2020-03-14 01:59:41.970,-214973365.54687732,-283183357.35978955,-99971811.84734659,147826466734.4803,-15021501004.01684,-6511955062.494718,58922.08312465277
46,2020,3,14,2,14,41.97,-5613114.558999999,-14648868.754999999,-21442306.817,3789.4197799999997,-469.56802,-645.88801,2020-03-14 02:14:41.970,-214234586.33333516,-283712644.1499193,-100267494.56960541,147829861447.37405,-14996965823.101406,-6501319912.811475,58922.09354131943
46,2020,3,14,2,29,41.97,-2164151.754,-14944290.569,-21837502.433000002,3863.9595999999997,-185.88427,-230.91998,2020-03-14 02:29:41.970,-213494428.37108162,-284240080.06889135,-100562523.0285766,147833251346.98172,-14972430129.851189,-6490684542.816769,58922.1039579861
46,2020,3,14,2,44,41.97,1322061.84,-14982322.402,-21856510.111,3872.03454,101.5894,188.88553,2020-03-14 02:44:41.970,-212752897.05467132,-284765662.54458034,-100856895.60841365,147836636433.16858,-14947893925.04096,-6480048952.840378,58922.11437465277
46,2020,3,14,2,59,41.97,4785435.61,-14761780.284,-21498231.04,3813.23237,387.89362,606.28194,2020-03-14 02:59:41.970,-212009997.78337008,-285289389.02051866,-101150610.69946209,147840016705.8,-14923357209.445683,-6469413143.212153,58922.12479131943
46,2020,3,14,3,14,41.97,8166031.211,-14285959.177000001,-20768105.479000002,3688.30633,668.04917,1014.0059100000001,2020-03-14 03:14:41.970,-211265735.9610974,-285811256.955888,-101443666.69826159,147843392164.7414,-14898819983.840525,-6458777114.262033,58922.1352079861
46,2020,3,14,3,29,41.97,11405115.461,-13562611.041,-19678069.666,3499.18037,937.14581,1404.90715,2020-03-14 03:29:41.970,-210520116.99636906,-286331263.8255125,-101736062.0075483,147846762809.85855,-14874282249.000832,-6448140866.32002,58922.14562465277
46,2020,3,14,3,44,41.97,14446208.042,-12603842.179,-18246394.864,3248.93219,1190.43255,1772.08008,2020-03-14 03:44:41.970,-209773146.30223966,-286849407.1198501,-102027795.03625725,147850128641.01703,-14849744005.702152,-6437504399.716202,58922.15604131943
46,2020,3,14,3,59,41.97,17236103.688,-11425929.362000002,-16497408.061999999,2941.7533900000003,1423.40749,2108.99467,2020-03-14 03:59:41.970,-209024829.29624563,-287365684.34498525,-102318864.19952439,147853489658.08258,-14825205254.720217,-6426867714.780726,58922.1664579861
46,2020,3,14,4,14,41.97,19725847.93,-10049056.055,-14461096.453,2582.88611,1631.90523,2409.62339,2020-03-14 04:14:41.970,-208275171.40034777,-287880093.0226196,-102609267.91868857,147856845860.92123,-14800665996.830969,-6416230811.843842,58922.17687465277
46,2020,3,14,4,29,41.97,21871645.487000003,-8496971.954,-12172600.621,2178.53679,1812.17949,2668.5610199999996,2020-03-14 04:29:41.970,-207524178.04087454,-288392630.69006497,-102899004.62129347,147860197249.39905,-14776126232.810516,-6405593691.235852,58922.18729131943
46,2020,3,14,4,44,41.97,23635680.969,-6796581.046999999,-9671604.254,1735.76786,1960.97894,2881.1342099999997,2020-03-14 04:44:41.970,-206771854.64846525,-288903294.90023327,-103188072.74108957,147863543823.38208,-14751585963.435173,-6394956353.287153,58922.1977079861
46,2020,3,14,4,59,41.97,24986832.919,-4977465.382,-7001631.083000001,1262.36934,2075.61395,3043.49762,2020-03-14 04:59:41.970,-206018206.6580136,-289412083.22162855,-103476470.7180357,147866885582.73663,-14727045189.481445,-6384318798.32821,58922.20812465277
46,2020,3,14,5,14,41.97,25901264.201,-3071353.571,-4209262.415999999,766.71299,2154.01227,3152.7138,2020-03-14 05:14:41.970,-205263239.508611,-289918993.23833734,-103764196.99830087,147870222527.32904,-14702503911.726028,-6373681026.689559,58922.21854131943
46,2020,3,14,5,29,41.97,26362874.457000002,-1111544.758,-1343291.073,257.59223999999995,2194.76211,3206.8142599999996,2020-03-14 05:29:41.970,-204506958.64348984,-290424022.5500204,-104051250.03426583,147873554657.0257,-14677962130.945808,-6363043038.701822,58922.2289579861
46,2020,3,14,5,44,41.97,26363603.62,867699.8999999999,1546170.534,-255.94803,2197.14106,3204.84001,2020-03-14 05:44:41.970,-203749369.50996852,-290927168.7719025,-104337628.28452432,147876881971.6934,-14653419847.917864,-6352404834.695691,58922.23937465277
46,2020,3,14,5,59,41.97,25903579.226999998,2831785.148,4408608.999,-764.78763,2161.13015,3146.86018,2020-03-14 05:59:41.970,-202990477.55939406,-291428429.5347633,-104623330.21388477,147880204471.1986,-14628877063.419472,-6341766415.00194,58922.24979131943
46,2020,3,14,6,14,41.97,24991104.292,4746415.3100000005,7194035.242,-1259.90845,2087.41261,3033.96833,2020-03-14 06:14:41.970,-202230288.24708712,-291927802.4849271,-104908354.29337125,147883522155.4083,-14604333778.22809,-6331127779.951418,58922.2602079861
46,2020,3,14,6,29,41.97,23642486.698,6578219.983,9853896.479999999,-1732.5684800000001,1977.3574,2868.2565699999996,2020-03-14 06:29:41.970,-201468807.03228566,-292425285.28425395,-105192699.00022511,147886835024.18924,-14579789993.121363,-6320488929.875044,58922.27062465277
46,2020,3,14,6,44,41.97,21881715.143000003,8295358.3610000005,12341955.354,-2174.4681,1832.9883499999999,2652.76867,2020-03-14 06:44:41.970,-200706039.37809005,-292920875.61012834,-105476362.81790572,147890143077.40863,-14555245708.87714,-6309849865.103825,58922.28104131943
46,2020,3,14,6,59,41.97,19739990.471,9868089.598000001,14615117.916,-2577.9044999999996,1656.9397800000002,2391.4336500000004,2020-03-14 06:59:41.970,-199941990.75140694,-293414571.1554498,-105759344.23609148,147893446314.9335,-14530700926.273455,-6299210585.968832,58922.2914579861
46,2020,3,14,7,14,41.97,17255124.669,11269297.815,16634193.961000001,-2935.9108100000003,1452.4003599999999,2088.98225,2020-03-14 07:14:41.970,-199176666.62289435,-293906369.62862164,-106041641.75068113,147896744736.63123,-14506155646.088526,-6288571092.801219,58922.30187465277
46,2020,3,14,7,29,41.97,14470822.602,12474961.847000001,18364575.386,-3242.37716,1223.0467700000002,1750.84876,2020-03-14 07:29:41.970,-198410072.46690682,-294396268.75354207,-106323253.86379415,147900038342.36914,-14481609869.100763,-6277931385.9322195,58922.31229131943
46,2020,3,14,7,44,41.97,11435863.797,13464561.528,19776820.812000003,-3492.1514500000003,972.96938,1383.06141,2020-03-14 07:44:41.970,-197642213.76143974,-294884266.2695909,-106604179.08377191,147903327132.0147,-14457063596.088781,-6267291465.693139,58922.3227079861
46,2020,3,14,7,59,41.97,8203203.055,14221414.192,20847137.392,-3681.11877,706.59182,992.1240300000001,2020-03-14 07:59:41.970,-196873095.98807526,-295370359.9316205,-106884415.92517798,147906611105.43564,-14432516827.831373,-6256651332.415358,58922.33312465277
46,2020,3,14,8,14,41.97,4829009.562999999,14732936.914,21557753.525,-3806.25867,428.58671999999996,584.8923900000001,2020-03-14 08:14:41.970,-196102724.6319272,-295854547.50994414,-107163962.90879898,147909890262.49957,-14407969565.107515,-6246010986.430336,58922.34354131943
46,2020,3,14,8,29,41.97,1371664.341,14990831.881000001,21897178.837,-3865.6804899999997,143.78948,168.44788,2020-03-14 08:29:41.970,-195331105.18158674,-296336826.7903246,-107442818.56164499,147913164603.07446,-14383421808.696383,-6235370428.069609,58922.3539579861
46,2020,3,14,8,44,41.97,-2109264.447,14991193.992,21860350.338,-3858.6374100000003,-142.88802,-250.02871,2020-03-14 08:44:41.970,-194558243.12906802,-296817195.5739627,-107720981.41694997,147916434127.02823,-14358873559.377337,-6224729657.664791,58922.36437465277
46,2020,3,14,8,59,41.97,-5554049.603,14734541.339,21448665.904000003,-3785.52019,-426.54225,-663.38098,2020-03-14 08:59:41.970,-193784143.96975386,-297295651.6774856,-107998450.01417203,147919698834.22894,-14334324817.929934,-6214088675.547569,58922.37479131943
46,2020,3,14,9,14,41.97,-8903818.853999998,14225770.597000001,20669908.244999997,-3647.83226,-702.35991,-1064.59626,2020-03-14 09:14:41.970,-193008813.20234215,-297772192.9329355,-108275222.89899379,147922958724.54498,-14309775585.133904,-6203447482.0497055,58922.3852079861
46,2020,3,14,9,29,41.97,-12101538.479,13474040.483000001,19538064.128999997,-3448.1475100000002,-965.69567,-1446.91869,2020-03-14 09:29:41.970,-192232256.32879156,-298246817.18775684,-108551298.62332247,147926213797.84454,-14285225861.769196,-6192806077.503048,58922.39562465277
46,2020,3,14,9,44,41.97,-15092951.954,12492587.407000002,18073045.055,-3190.05281,-1212.14499,-1803.9549800000002,2020-03-14 09:44:41.970,-191454478.85426766,-298719522.3047852,-108826675.74528979,147929464053.9961,-14260675648.615913,-6182164462.239505,58922.40604131943
46,2020,3,14,9,59,41.97,-17827460.57,11298478.148,16300316.567,-2878.0768700000003,-1437.61114,-2129.77154,2020-03-14 09:59:41.970,-190675486.28709024,-299190306.1622344,-109101352.82925247,147932709492.86838,-14236124946.454361,-6171522636.591079,58922.4164579861
46,2020,3,14,10,14,41.97,-20258934.529999997,9912304.988,14250444.282,-2517.6071699999998,-1638.36597,-2418.98232,2020-03-14 10:14:41.970,-189895284.13867894,-299659166.6536843,-109375328.44579159,147935950114.3299,-14211573756.065054,-6160880600.889837,58922.42687465277
46,2020,3,14,10,29,41.97,-22346444.597999997,8357829.143999999,11958565.234,-2114.7967,-1811.10401,-2666.82679,2020-03-14 10:29:41.970,-189113877.9235006,-300126101.68806773,-109648601.17171262,147939185918.2497,-14187022078.22865,-6150238355.467927,58922.43729131943
46,2020,3,14,10,44,41.97,-24054905.77,6661578.629,9463793.642,-1676.462,-1952.9895399999998,-2869.2377100000003,2020-03-14 10:44:41.970,-188331273.15901604,-300591109.18965846,-109921169.59004526,147942416904.4966,-14162469913.726036,-6139595900.657566,58922.4477079861
46,2020,3,14,10,59,41.97,-25355625.783999998,4852406.938,6808570.449,-1209.9738900000002,-2061.69661,-3022.8982499999997,2020-03-14 10:59:41.970,-187547475.36562738,-301054187.0980577,-110193032.29004297,147945643072.9398,-14137917263.338268,-6128953236.791065,58922.45812465277
46,2020,3,14,11,14,41.97,-26226752.474,2961019.045,4037966.238,-723.14214,-2135.44158,-3125.28842,2020-03-14 11:14:41.970,-186762490.0666246,-301515333.368182,-110464187.86718264,147948864423.44836,-14113364127.846592,-6118310364.2007885,58922.46854131943
46,2020,3,14,11,29,41.97,-26653615.281999998,1019471.406,1198947.3069999998,-224.09575,-2173.00837,-3174.7204899999997,2020-03-14 11:29:41.970,-185976322.7881339,-301974545.9702485,-110734634.92316416,147952080955.8918,-14088810508.03245,-6107667283.219191,58922.4789579861
46,2020,3,14,11,44,41.97,-26628957.048,-939347.301,-1660385.2010000001,278.8409,-2173.76597,-3170.36344,2020-03-14 11:44:41.970,-185188979.05906448,-302431822.88976294,-111004372.06590952,147955292670.13953,-14064256404.677456,-6097023994.178808,58922.48937465277
46,2020,3,14,11,59,41.97,-26153053.282,-2882247.833,-4491573.05,777.27406,-2137.67847,-3112.25601,2020-03-14 11:59:41.970,-184400464.411057,-302887162.1275061,-111273397.90956251,147958499566.06113,-14039701818.563414,-6086380497.412237,58922.49979131943
46,2020,3,14,12,14,41.97,-25233717.342,-4776277.458,-7246585.345000001,1262.86807,-2065.30707,-3001.30842,2020-03-14 12:14:41.970,-183610784.37843066,-303340561.6995185,-111541711.0744879,147961701643.52628,-14015146750.472336,-6075736793.25216,58922.5102079861
46,2020,3,14,12,29,41.97,-23886190.554,-6589255.376,-9878599.287999999,1727.47317,-1957.80432,-2839.29248,2020-03-14 12:29:41.970,-182819944.49813235,-303792019.6370887,-111809310.18727033,147964898902.40494,-13990591201.186388,-6065092882.031333,58922.52062465277
46,2020,3,14,12,44,41.97,-22132917.912,-8290299.268999999,-12342766.742,2163.2519399999996,-1816.90021,-2628.8199200000004,2020-03-14 12:44:41.970,-182027950.30968362,-304241533.9867383,-112076193.88071392,147968091342.56705,-13966035171.487947,-6054448764.082589,58922.53104131943
46,2020,3,14,12,59,41.97,-20003210.738,-9850335.69,-14596955.949,2562.8037400000003,-1644.88009,-2373.3088000000002,2020-03-14 12:59:41.970,-181234807.3551298,-304689102.8102081,-112342360.7938409,147971278963.8829,-13941478662.15957,-6043804439.738844,58922.5414579861
46,2020,3,14,13,14,41.97,-17532799.016000003,-11242586.878,-16602457.620000001,2919.2852,-1444.55439,-2076.9379599999997,2020-03-14 13:14:41.970,-180440521.17898875,-305134724.1844432,-112607809.57189077,147974461766.22244,-13916921673.983994,-6033159909.333074,58922.55187465277
46,2020,3,14,13,29,41.97,-14763277.58,-12443026.583999999,-18324644.597,3226.52536,-1219.22003,-1744.58936,2020-03-14 13:29:41.970,-179645097.32819936,-305578396.20158,-112872538.86631905,147977639749.45624,-13892364207.744146,-6022515173.198343,58922.56229131943
46,2020,3,14,13,44,41.97,-11741451.746000001,-13430797.467,-19733574.269,3479.1336300000003,-972.6136399999999,-1381.77857,2020-03-14 13:44:41.970,-178848541.35207012,-306020116.9689302,-113136547.33479603,147980812913.45483,-13867806264.223139,-6011870231.667789,58922.5727079861
46,2020,3,14,13,59,41.97,-8518589.663999999,-14188582.74,-20804523.167,3672.59882,-708.8567,-994.57363,2020-03-14 13:59:41.970,-178050858.80222854,-306459884.60896707,-113399833.6412058,147983981258.08884,-13843247844.204279,-6001225085.074632,58922.58312465277
46,2020,3,14,14,14,41.97,-5149590.382999999,-14702924.982,-21518443.428999998,3803.3771,-432.39305,-589.50271,2020-03-14 14:14:41.970,-177252055.23257026,-306897697.2593101,-113662396.45564467,147987144783.229,-13818688948.47104,-5990579733.752152,58922.59354131943
46,2020,3,14,14,29,41.97,-1692078.4719999998,-14964485.361,-21862331.450999998,3868.9668699999997,-147.91908,-173.45137,2020-03-14 14:29:41.970,-176452136.19920862,-307333553.0727109,-113924234.45441951,147990303488.74622,-13794129577.807096,-5979934178.033716,58922.6039579861
46,2020,3,14,14,44,41.97,1794562.062,-14968237.09,-21829499.790999997,3867.9684399999996,139.6925,246.44943,2020-03-14 14:44:41.970,-175651107.26042366,-307767450.2170365,-114185346.32004681,147993457374.51163,-13769569732.9963,-5969288418.252772,58922.61437465277
46,2020,3,14,14,59,41.97,5250199.943,-14713587.656,-21419744.541,3800.1264199999996,425.47449,662.94336,2020-03-14 14:59:41.970,-174848973.97661263,-308199386.87525624,-114445730.7412507,147996606440.39648,-13745009414.822691,-5958642454.742832,58922.62479131943
46,2020,3,14,15,14,41.97,8614998.436,-14204425.328,-20639401.773000002,3666.35289,704.45145,1068.7748900000001,2020-03-14 15:14:41.970,-174045741.9102394,-308629361.2454246,-114705386.41296136,147999750686.27194,-13720448624.070484,-5947996287.837492,58922.6352079861
46,2020,3,14,15,29,41.97,11830468.729,-13449086.647,-19501288.441,3468.72972,971.7288,1456.81951,2020-03-14 15:29:41.970,-173241416.6257844,-309057371.54066706,-114964312.03631337,148002890112.0096,-13695887361.524097,-5937349917.870421,58922.64562465277
46,2020,3,14,15,44,41.97,14840515.43,-12460242.998,-18024525.202,3210.4885200000003,1222.58318,1820.21544,2020-03-14 15:44:41.970,-172436003.68969518,-309483415.9891632,-115222506.31864391,148006024717.48096,-13671325627.968113,-5926703345.175363,58922.65604131943
46,2020,3,14,15,59,41.97,17592453.729000002,-11254706.034,-16234241.002999999,2895.96762,1452.55214,2152.49419,2020-03-14 15:59:41.970,-171629508.67033648,-309907492.8341319,-115479967.97349077,148009154502.55795,-13646763424.187317,-5916056570.086138,58922.6664579861
46,2020,3,14,16,14,41.97,20037977.276,-9853153.478,-14161161.951,2530.54559,1657.521,2447.70662,2020-03-14 16:14:41.970,-170821937.1379412,-310329600.3338152,-115736695.72059077,148012279467.11224,-13622200750.966654,-5905409592.936645,58922.67687465277
46,2020,3,14,16,29,41.97,22134055.869,-8279778.813999999,-11841089.776,2120.55188,1833.80476,2700.5416699999996,2020-03-14 16:29:41.970,-170013294.6645608,-310749736.76146257,-115992688.28587724,148015399611.0159,-13597637609.09127,-5894762414.06085,58922.68729131943
46,2020,3,14,16,44,41.97,23843742.788,-6561870.331,-9314278.122,1673.15563,1978.2228100000002,2906.43419,2020-03-14 16:44:41.970,-169203586.82401592,-311167900.4053138,-116247944.4014783,148018514934.14133,-13573073999.346497,-5884115033.792811,58922.6977079861
46,2020,3,14,16,59,41.97,25136873.004,-4729326.964,-6624717.738,1196.23478,2088.1643400000003,3061.65902,2020-03-14 16:59:41.970,-168392819.1918484,-311584089.56858397,-116502462.80571465,148021625436.3604,-13548509922.51783,-5873467452.466643,58922.70812465277
46,2020,3,14,17,14,41.97,25990635.617,-2814120.213,-3819344.302,698.228,2161.64245,3163.40841,2020-03-14 17:14:41.970,-167580997.34527123,-311998302.5694464,-116756242.24309729,148024731117.5459,-13523945379.390974,-5862819670.416553,58922.71854131943
46,2020,3,14,17,29,41.97,26390006.662,-849713.0449999999,-947184.98,187.97303000000002,2197.33538,3209.8504000000003,2020-03-14 17:29:41.970,-166768126.8631212,-312410537.7410158,-117009281.46432531,148027831977.57034,-13499380370.751783,-5852171687.9768095,58922.7289579861
46,2020,3,14,17,44,41.97,26328031.755,1129551.98,1941538.302,-325.46461,2194.61352,3200.1663900000003,2020-03-14 17:44:41.970,-165954213.3258096,-312820793.4313324,-117261579.22628342,148030928016.3063,-13474814897.386328,-5841523505.481762,58922.73937465277
46,2020,3,14,17,59,41.97,25805951.848,3089082.194,4796329.565,-832.96819,2153.55141,3134.56669,2020-03-14 17:59:41.970,-165139262.31527394,-313229068.0033454,-117513134.29203965,148034019233.62677,-13450248960.08084,-5830875123.265845,58922.74979131943
46,2020,3,14,18,14,41.97,24833169.46,4994668.228,7567343.432,-1325.54697,2074.92446,3014.28379,2020-03-14 18:14:41.970,-164323279.41493076,-313635359.8348945,-117763945.4308428,148037105629.4048,-13425682559.621733,-5820226541.663556,58922.7602079861
46,2020,3,14,18,29,41.97,23427056.86,6813107.630000001,10206293.719999999,-1794.50942,1960.19056,2841.54351,2020-03-14 18:29:41.970,-163506270.2096265,-314039667.3186944,-118014011.41811988,148040187203.51364,-13401115696.795614,-5809577761.00946,58922.77062465277
46,2020,3,14,18,44,41.97,21612611.808000002,8512805.377999999,12667326.6,-2231.6281299999996,1811.45729,2619.5153,2020-03-14 18:44:41.970,-162688240.2855908,-314441988.8623174,-118263331.0354735,148043263955.82626,-13376548372.389263,-5798928781.6382265,58922.78104131943
46,2020,3,14,18,59,41.97,19421970.158,10064338.854,14907840.242,-2629.29227,1631.43594,2352.24341,2020-03-14 18:59:41.970,-161869195.23038802,-314842322.8881758,-118511903.07067923,148046335886.2164,-13351980587.189644,-5788279603.884575,58922.7914579861
46,2020,3,14,19,14,41.97,16893788.031,11440976.057,16889234.71,-2980.64452,1423.38388,2044.56113,2020-03-14 19:14:41.970,-161049140.63287038,-315240667.8335047,-118759726.31768267,148049402994.55753,-13327412341.983892,-5777630228.0833025,58922.80187465277
46,2020,3,14,19,29,41.97,14072508.954,12619137.365,18577578.123,-3279.6994,1191.0370599999999,1701.99097,2020-03-14 19:29:41.970,-160228082.08313078,-315637022.1503447,-119006799.5765969,148052465280.7234,-13302843637.55934,-5766980654.569295,58922.81229131943
46,2020,3,14,19,44,41.97,11007533.509000001,13578792.905,19944177.685,-3521.44125,938.5347899999999,1330.63355,2020-03-14 19:44:41.970,-159406025.17245528,-316031384.3055244,-119253121.65369935,148055522744.58798,-13278274474.703482,-5756330883.677505,58922.8227079861
46,2020,3,14,19,59,41.97,7752310.458,14303789.439,20966046.878000002,-3701.90068,670.3386300000001,937.04849,2020-03-14 19:59:41.970,-158582975.49327633,-316423752.7806417,-119498691.36142899,148058575386.02527,-13253704854.20401,-5745680915.742959,58922.83312465277
46,2020,3,14,20,14,41.97,4363369.017,14782102.544,21626262.900999997,-3818.2088400000002,391.14786000000004,528.13013,2020-03-14 20:14:41.970,-157758938.63912654,-316814126.072048,-119743507.51838326,148061623204.9093,-13229134776.84879,-5735030751.100758,58922.84354131943
46,2020,3,14,20,29,41.97,899312.1549999999,15006011.717,21914211.089,-3868.6298500000003,105.81303,110.98107999999999,2020-03-14 20:29:41.970,-156933920.20459113,-317202502.6908278,-119987568.94931501,148064666201.11472,-13204564243.425848,-5724380390.086082,58922.8539579861
46,2020,3,14,20,44,41.97,-2580209.6769999997,14972197.695999999,21825715.516,-3852.5719999999997,-180.75014000000002,-307.2138,2020-03-14 20:44:41.970,-156107925.78526247,-317588881.16278285,-120230874.48512936,148067704374.51575,-13179993254.723429,-5713729833.034185,58922.86437465277
46,2020,3,14,20,59,41.97,-6015525.783,14681762.872,21363057.25,-3770.57895,-463.64533,-719.31071,2020-03-14 20:59:41.970,-155280960.97769344,-317973260.02841294,-120473422.96288049,148070737724.98712,-13155421811.529917,-5703079080.2803955,58922.87479131943
46,2020,3,14,21,14,41.97,-9347956.04,14140176.941,20534883.615,-3624.3022800000003,-738.07699,-1118.32548,2020-03-14 21:14:41.970,-154453031.37935132,-318355637.8428973,-120715213.22576848,148073766252.4036,-13130849914.633911,-5692428132.160115,58922.8852079861
46,2020,3,14,21,29,41.97,-12520789.303,13357151.134,19356013.490000002,-3416.4572,-999.42751,-1497.54582,2020-03-14 21:29:41.970,-153624142.58857208,-318736013.17607737,-120956244.12313564,148076789956.64017,-13106277564.82415,-5681776989.0088215,58922.89562465277
46,2020,3,14,21,44,41.97,-15480214.955,12346445.216,17847144.950999998,-3150.76305,-1243.32929,-1850.63589,2020-03-14 21:44:41.970,-152794300.20451447,-319114384.61243767,-121196514.51046357,148079808837.5717,-13081704762.889584,-5671125651.16207,58922.90604131943
46,2020,3,14,21,59,41.97,-18176194.767,11125612.201,16034472.614,-2831.8704000000002,-1465.73101,-2171.73221,2020-03-14 21:59:41.970,-151963509.82711464,-319490750.7510873,-121436023.24936947,148082822895.0737,-13057131509.619331,-5660474118.955482,58922.9164579861
46,2020,3,14,22,14,41.97,-20563263.783,9715686.269,13949222.820999999,-2465.2765400000003,-1662.95751,-2455.53025,2020-03-14 22:14:41.970,-151131777.05704057,-319865110.2057409,-121674769.20760272,148085832129.02148,-13032557805.802673,-5649822392.724766,58922.92687465277
46,2020,3,14,22,29,41.97,-22601250.495,8140819.768,11627115.378,-2057.2308700000003,-1831.76296,-2697.36099,2020-03-14 22:29:41.970,-150299107.4956473,-320237461.6047011,-121912751.2590411,148088836539.2905,-13007983652.229084,-5639170472.805696,58922.93729131943
46,2020,3,14,22,44,41.97,-24255907.963000003,6427875.492000001,9107760.974000001,-1614.63189,-1969.37708,-2893.25722,2020-03-14 22:44:41.970,-149465506.74493143,-320607803.590838,-122149968.28368753,148091836125.75665,-12983409049.688213,-5628518359.534122,58922.9477079861
46,2020,3,14,22,59,41.97,-25499448.876,4605980.632,6434003.699,-1144.91695,-2073.54407,-3040.00919,2020-03-14 22:59:41.970,-148630980.4074863,-320976134.8215718,-122386419.16766614,148094830888.29556,-12958833998.969896,-5617866053.24597,58922.95812465277
46,2020,3,14,23,14,41.97,-26310978.711,2706048.923,3651218.289,-655.94628,-2142.55426,-3135.20956,2020-03-14 23:14:41.970,-147795534.08645767,-321342453.9688528,-122622102.80321841,148097820826.78333,-12934258500.864115,-5607213554.277242,58922.96854131943
46,2020,3,14,23,29,41.97,-26676822.503,760277.704,806571.902,-155.88266000000002,-2175.2682600000003,-3177.28725,2020-03-14 23:29:41.970,-146959173.38549867,-321706759.71914196,-122857018.08869973,148100805941.09616,-12909682556.161064,-5596560862.964007,58922.9789579861
46,2020,3,14,23,44,41.97,-26590741.407,-1198373.382,-2051739.6490000002,346.93285000000003,-2171.1335900000004,-3165.5303,2020-03-14 23:44:41.970,-146121903.908726,-322069050.77339274,-123091163.9285753,148103786231.11026,-12885106165.65109,-5585907979.642417,58922.98937465277
46,2020,3,14,23,59,41.97,-26054036.505,-3136715.1520000002,-4875271.134,844.10708,-2130.19348,-3100.0973900000004,2020-03-14 23:59:41.970,-145283731.26067546,-322429325.84703076,-123324539.23341621,148106761696.70218,-12860529330.124743,-5575254904.648701,58922.99979131943
46,2020,3,15,0,14,41.97,-25075539.389000002,-5021862.938999999,-7616107.918,1327.32189,-2053.0881600000002,-2982.0182,2020-03-15 00:14:41.970,-144444661.04625773,-322787583.6699352,-123557142.91989553,148109732337.7486,-12835952050.372696,-5564601638.319146,58923.0102079861
46,2020,3,15,0,29,41.97,-23671482.969,-6821784.148,-10227663.465,1788.46384,-1941.0473299999999,-2813.18088,2020-03-15 00:29:41.970,-143604698.8707152,-323143822.9864184,-123788973.91078426,148112698154.12616,-12811374327.185852,-5553948180.990133,58923.02062465277
46,2020,3,15,0,44,41.97,-21865266.581,-8505803.467,-12665415.467999998,2219.74723,-1795.8760499999999,-2596.31019,2020-03-15 00:44:41.970,-142763850.3395773,-323498042.5552068,-124020031.13494736,148115659145.71204,-12786796161.355263,-5543294532.9981,58923.03104131943
46,2020,3,15,0,59,41.97,-19687100.799,-10045123.724,-14887661.828,2613.84026,-1619.93111,-2334.9314200000003,2020-03-15 00:59:41.970,-141922121.05861792,-323850241.14942074,-124250313.52733932,148118615312.38315,-12762217553.672165,-5532640694.679568,58923.0414579861
46,2020,3,15,1,14,41.97,-17173545.698000003,-11413305.712,-16856216.275,2963.98429,-1416.08973,-2033.3233599999999,2020-03-15 01:14:41.970,-141079516.6338118,-324200417.55655557,-124479820.02900036,148121566654.01678,-12737638504.92796,-5521986666.371134,58923.05187465277
46,2020,3,15,1,29,41.97,-14366943.098,-12586719.357,-18537060.766999997,3264.10811,-1187.7099,-1696.45909,2020-03-15 01:29:41.970,-140236042.6712912,-324548570.57846063,-124708549.58705184,148124513170.49045,-12713059015.914232,-5511332448.409459,58923.06229131943
46,2020,3,15,1,44,41.97,-11314749.146,-13544955.493999999,-19900939.215,3508.93487,-938.58255,-1329.93481,2020-03-15 01:44:41.970,-139391704.77730304,-324894699.0313203,-124936501.1546921,148127454861.68155,-12688479087.422737,-5500678041.131289,58923.0727079861
46,2020,3,15,1,59,41.97,-8068774.722,-14271190.952000001,-20923881.95,3694.07964,-672.87568,-939.8872,2020-03-15 01:59:41.970,-138546508.55816615,-325238801.74563265,-125163673.69119225,148130391727.46805,-12663898720.245398,-5490023444.873437,58923.08312465277
46,2020,3,15,2,14,41.97,-4684342.903,-14752499.886,-21587650.727,3816.1358,-395.07081,-532.8995600000001,2020-03-15 02:14:41.970,-137700459.62022847,-325580877.56619054,-125390066.16189142,148133323767.72778,-12639317915.174326,-5479368659.972793,58923.09354131943
46,2020,3,15,2,29,41.97,-1219374.586,-14980104.672,-21880094.63,3872.74797,-109.89235,-115.89784,2020-03-15 02:29:41.970,-136853563.56982458,-325920925.35206145,-125615677.53819263,148136250982.33878,-12614736673.00179,-5468713686.766316,58923.1039579861
46,2020,3,15,2,44,41.97,2266584.744,-14949560.254,-21795408.111,3862.6695099999997,177.76951,303.96265999999997,2020-03-15 02:44:41.970,-136005826.01323363,-326258943.97656465,-125840506.79755813,148139173371.17923,-12590154994.520245,-5458058525.5910425,58923.11437465277
46,2020,3,15,2,59,41.97,5713382.215,-14660866.61,-21334283.512000002,3785.8023900000003,462.94127000000003,719.41819,2020-03-15 02:59:41.970,-135157252.5566372,-326594932.32725537,-126064552.92350484,148142090934.12766,-12565572880.522306,-5447403176.784084,58923.12479131943
46,2020,3,15,3,14,41.97,9061302.069,-14118504.967,-20503951.928999998,3643.2177,740.65281,1123.22347,2020-03-15 03:14:41.970,-134307848.80607682,-326928889.30589956,-126287814.9055997,148145003671.06253,-12540990331.800772,-5436747640.682622,58923.1352079861
46,2020,3,15,3,29,41.97,12252119.172999999,-13331394.645,-19318108.032,3437.15492,1006.0268400000001,1508.28223,2020-03-15 03:29:41.970,-133457620.36741292,-327260813.8284563,-126510291.73945509,148147911581.8626,-12516407349.148613,-5426091917.623911,58923.14562465277
46,2020,3,15,3,44,41.97,15230141.921,-12312768.858,-17796716.633,3170.99886,1254.36929,1867.77899,2020-03-15 03:44:41.970,-132606572.84628253,-327590704.82505596,-126731982.42672412,148150814666.40668,-12491823933.35896,-5415436007.945284,58923.15604131943
46,2020,3,15,3,59,41.97,17943223.977,-11079969.428000001,-15965701.206,2849.2334100000003,1481.25871,2195.30914,2020-03-15 03:59:41.970,-131754711.84805836,-327918561.2399801,-126952885.97509578,148153712924.57388,-12467240085.225134,-5404779911.9841385,58923.1664579861
46,2020,3,15,4,14,41.97,20343723.868,-9654162.241,-13856517.227,2477.37197,1682.63264,2485.00429,2020-03-15 04:14:41.970,-130902042.97780713,-328244382.0316399,-127173001.39829028,148156606356.24347,-12442655805.5406,-5394123630.077953,58923.17687465277
46,2020,3,15,4,29,41.97,22389391.594,-8059977.181,-11505616.071,2061.86495,1854.86872,2731.64955,2020-03-15 04:29:41.970,-130048571.84024884,-328568166.1725561,-127392327.71605387,148159494961.2947,-12418071095.099024,-5383467162.564275,58923.18729131943
46,2020,3,15,4,44,41.97,24044162.223,-6325078.297,-8953808.089,1609.9858199999999,1994.85826,2930.78978,2020-03-15 04:44:41.970,-129194304.03971554,-328889912.6493371,-127610863.95415428,148162378739.60718,-12393485954.69422,-5372810509.7807255,58923.1977079861
46,2020,3,15,4,59,41.97,25278837.961000003,-4479671.889,-6245536.3100000005,1129.69769,2100.07026,3078.8215,2020-03-15 04:59:41.970,-128339245.18011034,-329209620.4626591,-127828609.14437565,148165257691.06064,-12368900385.120186,-5362153672.065002,58923.20812465277
46,2020,3,15,5,14,41.97,26071642.376,-2555962.04,-3428074.863,629.50316,2168.60392,3173.0678000000003,2020-03-15 05:14:41.970,-127483400.86486748,-329527288.6272441,-128045562.32451345,148168131815.53494,-12344314387.171091,-5351496649.754869,58923.21854131943
46,2020,3,15,5,29,41.97,26408633.361,-587564.683,-550668.496,118.28114000000001,2199.2279799999997,3211.83399,2020-03-15 05:29:41.970,-126626776.69691122,-329842916.17183876,-128261722.53836943,148171001112.91016,-12319727961.641262,-5340839443.188169,58923.2289579861
46,2020,3,15,5,44,41.97,26283964.783,1391107.394,2336368.5999999996,-394.88547,2191.40584,3194.44218,2020-03-15 05:44:41.970,-125769378.27861615,-330156502.1391935,-128477088.83574666,148173865583.06647,-12295141109.325209,-5330182052.702812,58923.23937465277
46,2020,3,15,5,59,41.97,25699990.651,3345475.359,5182575.23,-900.88666,2145.30551,3121.24379,2020-03-15 05:59:41.970,-124911211.21176653,-330468045.5860412,-128691660.27244411,148176725225.88428,-12270553831.017591,-5319524478.636786,58923.24979131943
46,2020,3,15,6,14,41.97,24667209.711,5241427.232,7938266.817,-1390.76226,2061.79427,2993.60973,2020-03-15 06:14:41.970,-124052281.09751672,-330777545.5830753,-128905435.91025181,148179580041.24417,-12245966127.51327,-5308866721.328149,58923.2602079861
46,2020,3,15,6,29,41.97,23204052.537,7045939.19,10555440.259000001,-1855.87427,1942.4183600000001,2813.8986400000003,2020-03-15 06:29:41.970,-123192593.53635144,-331085001.2149286,-129118414.8169453,148182430029.02676,-12221377999.60724,-5298208781.115029,58923.27062465277
46,2020,3,15,6,44,41.97,21336517.218000002,8727672.064000001,12988640.781,-2288.07026,1789.3683199999998,2585.40445,2020-03-15 06:44:41.970,-122332154.12804593,-331390411.5801523,-129330596.06628054,148185275189.11295,-12196789448.094694,-5287550658.335632,58923.28104131943
46,2020,3,15,6,59,41.97,19097663.474,10257530.719,15195772.938,-2679.834,1605.43141,2312.2850700000004,2020-03-15 06:59:41.970,-121470968.47162652,-331693775.7911936,-129541978.73798852,148188115521.38394,-12172200473.770966,-5276892353.328231,58923.2914579861
46,2020,3,15,7,14,41.97,16526978.258,11609175.307,17138839.810000002,-3024.4199,1393.9325199999998,1999.47455,2020-03-15 07:14:41.970,-120609042.16533186,-331995092.97437423,-129752561.91776991,148190951025.7209,-12147611077.431581,-5266233866.431172,58923.30187465277
46,2020,3,15,7,29,41.97,13669628.612,12759474.914,18784596.753000002,-3315.9687400000003,1158.6656,1652.58153,2020-03-15 07:29:41.970,-119746380.8065733,-332294362.2698688,-129962344.69728957,148193781702.0052,-12123021259.872217,-5255575197.982883,58923.31229131943
46,2020,3,15,7,44,41.97,10575619.526,13688895.9,20105108.655,-3549.60282,903.8174399999999,1277.77688,2020-03-15 07:44:41.970,-118882989.99189597,-332591582.83168316,-130171326.17417116,148196607550.11835,-12098431021.888727,-5244916348.321844,58923.3227079861
46,2020,3,15,7,59,41.97,7298875.902,14381819.089,21078202.395,-3721.49932,633.8861,881.67366,2020-03-15 07:59:41.970,-118018875.31694052,-332886753.8276323,-130379505.4519916,148199428569.94244,-12073840364.277136,-5234257317.786631,58923.33312465277
46,2020,3,15,8,14,41.97,3896268.3619999997,14826781.842,21687808.928,-3828.94172,353.59594,471.20241000000004,2020-03-15 08:14:41.970,-117154042.37640393,-333179874.43931884,-130586881.64027557,148202244761.3589,-12049249287.83361,-5223598106.715867,58923.34354131943
46,2020,3,15,8,29,41.97,426602.74500000005,15016642.864,21924192.104000002,-3870.3492100000003,67.81116,53.484570000000005,2020-03-15 08:29:41.970,-116288496.76400161,-333470943.86211014,-130793453.8544899,148205056124.25018,-12024657793.354515,-5212938715.448276,58923.3539579861
46,2020,3,15,8,44,41.97,-3050407.399,14948669.259,21784063.726,-3845.28515,-218.55023,-364.29329,2020-03-15 08:44:41.970,-115422244.07242878,-333759961.3051172,-130999221.21603791,148207862658.4984,-12000065881.636358,-5202279144.3226185,58923.36437465277
46,2020,3,15,8,59,41.97,-6475166.846,14624546.879999999,21270586.604,-3754.44565,-500.60059,-775.00227,2020-03-15 08:59:41.970,-114555289.89332254,-334046925.9911724,-131204182.85225382,148210664363.98608,-11975473553.475838,-5191619393.677759,58923.37479131943
46,2020,3,15,9,14,41.97,-9789206.050999999,14050316.311,20393269.209,-3599.6297,-773.56353,-1171.68893,2020-03-15 09:14:41.970,-113687639.81722386,-334331837.1568067,-131408337.89639692,148213461240.5958,-11950880809.66979,-5180959463.852615,58923.3852079861
46,2020,3,15,9,29,41.97,-12936154.038999999,13236237.913999999,19167757.138,-3383.69274,-1032.8504999999998,-1547.68659,2020-03-15 09:29:41.970,-112819299.43354002,-334614694.05222815,-131611685.48764591,148216253288.21033,-11926287651.015224,-5170299355.186181,58923.39562465277
46,2020,3,15,9,44,41.97,-15862662.597000001,12196590.272,17615527.865,-3110.48521,-1274.1321,-1896.7187299999998,2020-03-15 09:44:41.970,-111950274.33050653,-334895495.9412994,-131814224.77109313,148219040506.71277,-11901694078.30933,-5159639068.017522,58923.40604131943
46,2020,3,15,9,59,41.97,-18519269.134,10949407.037999999,15763496.272,-2784.77794,-1493.40351,-2212.99375,2020-03-15 09:59:41.970,-111080570.09515065,-335174242.10151494,-132015954.8977386,148221822895.98605,-11877100092.34944,-5148978602.685776,58923.4164579861
46,2020,3,15,10,14,41.97,-20861187.147,9516157.742999999,13643539.173999999,-2412.1762000000003,-1687.04353,-2491.29012,2020-03-15 10:14:41.970,-110210192.31325303,-335450931.8239796,-132216875.02448435,148224600455.9137,-11852505693.933071,-5138317959.530153,58923.42687465277
46,2020,3,15,10,29,41.97,-22849014.75,7921378.501999999,11291947.635,-1999.02383,-1851.86688,-2727.0316000000003,2020-03-15 10:29:41.970,-109339146.56931117,-335725564.41338503,-132416984.31412825,148227373186.37906,-11827910883.857895,-5127657138.889933,58923.43729131943
46,2020,3,15,10,44,41.97,-24449353.106,6192258.825,8748816.242999999,-1552.2991399999999,-1985.1693500000001,-2916.3520900000003,2020-03-15 10:44:41.970,-108467438.44650269,-335998139.1879883,-132616281.9353583,148230141087.26578,-11803315662.921741,-5116996141.104462,58923.4477079861
46,2020,3,15,10,59,41.97,-25635327.932,4358190.964000001,6057378.813,-1079.50379,-2084.76588,-3056.14976,2020-03-15 10:59:41.970,-107595073.52664813,-336268655.4795884,-132814767.06274661,148232904158.45798,-11778720031.922607,-5106334966.513165,58923.45812465277
46,2020,3,15,11,14,41.97,-26387008.395,2450288.347,3263300.159,-588.54621,-2149.02118,-3144.13053,2020-03-15 11:14:41.970,-106722057.39017454,-336537112.633504,-133012438.87674312,148235662399.83945,-11754123991.65866,-5095673615.455532,58923.46854131943
46,2020,3,15,11,29,41.97,-26691719.079,500879.813,413933.772,-87.62058,-2176.87287,-3178.8403500000004,2020-03-15 11:29:41.970,-105848395.61607912,-336803510.00855106,-133209296.5636699,148238415811.2945,-11729527542.928226,-5085012088.271134,58923.4789579861
46,2020,3,15,11,44,41.97,-26544241.303999998,-1457013.601,-2442444.658,414.91768,-2167.84706,-3159.68654,2020-03-15 11:44:41.970,-104974093.78189278,-337067846.9770205,-133405339.31571482,148241164392.7075,-11704930686.529787,-5074350385.299596,58923.48937465277
46,2020,3,15,11,59,41.97,-25946901.448,-3390212.407,-5257417.771000001,910.6783800000001,-2122.06619,-3086.94767,2020-03-15 11:59:41.970,-104099157.46364398,-337330122.92465353,-133600566.33092557,148243908143.963,-11680333423.261992,-5063688506.880629,58923.49979131943
46,2020,3,15,12,14,41.97,-24909544.865,-5265915.958,-7983210.886,1391.36425,-2040.24903,-2961.77213,2020-03-15 12:14:41.970,-103223592.23582333,-337590337.2506214,-133794976.81320319,148246647064.94568,-11655735753.923672,-5053026453.354003,58923.5102079861
46,2020,3,15,12,29,41.97,-23449394.790999997,-7052236.185,-10573469.778,1848.8983699999999,-1923.70275,-2786.16494,2020-03-15 12:29:41.970,-102347403.67134683,-337848489.36750084,-133988569.97229636,148249381155.54077,-11631137679.313782,-5042364225.059569,58923.52062465277
46,2020,3,15,12,44,41.97,-21590797.189,-8718720.533,-12984021.342,2275.55022,-1774.30687,-2562.96285,2020-03-15 12:44:41.970,-101470597.3415213,-338104578.70125175,-134181345.02379471,148252110415.63297,-11606539200.23145,-5031701822.337244,58923.53104131943
46,2020,3,15,12,59,41.97,-19364853.187,-10236856.795,-15173606.457,2664.0591,-1594.4890300000002,-2295.7975,2020-03-15 12:59:41.970,-100593178.81600817,-338358604.6911942,-134373301.18912262,148254834845.10785,-11581940317.47598,-5021039245.527006,58923.5414579861
46,2020,3,15,13,14,41.97,-16808942.242000002,-11580552.421,-17104574.289,3007.75331,-1387.19251,-1989.04652,2020-03-15 13:14:41.970,-99715153.66278838,-338610566.78998554,-134564437.69553328,148257554443.85077,-11557341031.84684,-5010376494.968925,58923.55187465277
46,2020,3,15,13,29,41.97,-13966140.542,-12726580.893000001,-18743527.21,3300.66346,-1155.8355,-1647.77271,2020-03-15 13:29:41.970,-98836527.44812743,-338860464.4635971,-134754753.7761017,148260269211.74744,-11532741344.143637,-4999713571.003122,58923.56229131943
46,2020,3,15,13,44,41.97,-10884540.677000001,-13654987.724000001,-20061905.59,3537.62826,-904.26217,-1277.65129,2020-03-15 13:44:41.970,-97957305.73654023,-339108297.19129175,-134944248.66971904,148262979148.6837,-11508141255.166138,-4989050473.969789,58923.5727079861
46,2020,3,15,13,59,41.97,-7616480.299,-14349448.844,-21036501.938,3714.39067,-636.6858199999999,-884.8857,2020-03-15 13:59:41.970,-97077494.09075642,-339354064.4655999,-135132921.62108555,148265684254.54562,-11483540765.714298,-4978387204.209202,58923.58312465277
46,2020,3,15,14,14,41.97,-4217689.231000001,-14797574.326,-21649894.233,3827.6826100000003,-357.62433999999996,-476.11236,2020-03-15 14:14:41.970,-96197098.07168539,-339597765.79229677,-135320771.88070467,148268384529.21924,-11458939876.588205,-4967723762.061689,58923.59354131943
46,2020,3,15,14,29,41.97,-746366.3709999999,-14991150.844,-21890788.928999998,3875.2959100000003,-71.82869,-58.29532,2020-03-15 14:29:41.970,-95316123.2383823,-339839400.6903796,-135507798.70487612,148271079972.59113,-11434338588.588112,-4957060147.86767,58923.6039579861
46,2020,3,15,14,44,41.97,2737800.371,-14926316.837000001,-21754264.984,3856.1376,215.79496,361.38808,2020-03-15 14:44:41.970,-94434575.14801326,-340078968.69204414,-135694001.3556899,148273770584.54776,-11409736902.514431,-4946396361.967608,58923.61437465277
46,2020,3,15,14,59,41.97,6174655.966999999,-14603665.145000001,-21241911.456,3770.2672599999996,500.26833999999997,775.66912,2020-03-15 14:59:41.970,-93552459.3558214,-340316469.34266067,-135879379.10101885,148276456364.97595,-11385134819.167751,-4935732404.702057,58923.62479131943
46,2020,3,15,15,14,41.97,9504625.104999999,-14028268.909,-20361852.723,3618.91479,776.62827,1177.31521,2020-03-15 15:14:41.970,-92669781.41509296,-340551902.2007517,-136063931.21451312,148279137313.76263,-11360532339.348787,-4925068276.411633,58923.6352079861
46,2020,3,15,15,29,41.97,12669765.472,-13209627.772,-19128657.222999997,3404.47672,1040.0163300000002,1559.26078,2020-03-15 15:29:41.970,-91786546.87712307,-340785266.8379686,-136247656.97559303,148281813430.7949,-11335929463.858437,-4914403977.437017,58923.64562465277
46,2020,3,15,15,44,41.97,15614807.697,-12161532.919,-17563127.808000002,3130.4901,1285.76921,1914.73902,2020-03-15 15:44:41.970,-90902761.29118252,-341016562.83906704,-136430555.66944224,148284484715.96017,-11311326193.497738,-4903739508.118962,58923.65604131943
46,2020,3,15,15,59,41.97,18288161.319,-10901851.141999999,-15691974.261,2801.58306,1509.50795,2237.41149,2020-03-15 15:59:41.970,-90018430.20448384,-341245789.801885,-136612626.58700165,148287151169.14566,-11286722529.067907,-4893074868.798304,58923.6664579861
46,2020,3,15,16,14,41.97,20642865.752,-9452230.014,-13547371.243999999,2423.40203,1707.2237,2521.49259,2020-03-15 16:14:41.970,-89133559.1621479,-341472947.33731854,-136793869.02496225,148289812790.23935,-11262118471.370287,-4882410059.815919,58923.67687465277
46,2020,3,15,16,29,41.97,22637465.479,-7837728.17,-11166407.785,2002.5163099999997,1875.3579499999998,2761.86557,2020-03-15 16:29:41.970,-88248153.70717122,-341698035.0692985,-136974282.28575855,148292469579.12918,-11237514021.20642,-4871745081.512779,58923.68729131943
46,2020,3,15,16,44,41.97,24236789.601,-6086376.722,-8590437.345,1546.3012899999999,2010.87502,2954.18695,2020-03-15 16:44:41.970,-87362219.38039225,-341921052.6347669,-137153865.67756158,148295121535.7029,-11212909179.377966,-4861079934.229918,58923.6977079861
46,2020,3,15,16,59,41.97,25412617.487,-4228679.749,-5864340.288000001,1062.80253,2111.32462,3094.9762299999998,2020-03-15 16:59:41.970,-86475761.72045879,-342141999.6836534,-137332618.514273,148297768659.84897,-11188303946.686752,-4850414618.308429,58923.70812465277
46,2020,3,15,17,14,41.97,26144214.563,-2297063.615,-3035713.1840000004,560.58362,2174.8927,3181.68837,2020-03-15 17:14:41.970,-85588786.2637953,-342360875.87885207,-137510540.1155168,148300410951.45584,-11163698323.934767,-4839749134.089481,58923.71854131943
46,2020,3,15,17,29,41.97,26418725.239,-325286.415,-154001.617,48.561519999999994,2200.43898,3212.76659,2020-03-15 17:29:41.970,-84701298.54457004,-342577680.896197,-137687629.80663383,148303048410.41196,-11139092311.924158,-4829083481.914314,58923.7289579861
46,2020,3,15,17,44,41.97,26231413.453,1652179.93,2730405.103,-464.16665,2187.52007,3187.6739399999997,2020-03-15 17:44:41.970,-83813304.09466287,-342792414.4244395,-137863886.91867423,148305681036.60635,-11114485911.457218,-4818417662.124232,58923.73937465277
46,2020,3,15,17,59,41.97,25585745.195,3600781.5730000003,5567097.74,-968.50086,2136.39734,3106.90279,2020-03-15 17:59:41.970,-82924808.44363289,-343005076.16522354,-138039310.7883905,148308308829.9279,-11089879123.336388,-4807751675.060613,58923.74979131943
46,2020,3,15,18,14,41.97,24493311.496,5486514.884000001,8306569.362,-1455.51463,2048.02964,2971.9619000000002,2020-03-15 18:14:41.970,-82035817.11868614,-343215665.83306336,-138213900.7582311,148310931790.26587,-11065271948.364298,-4797085521.064896,58923.7602079861
46,2020,3,15,18,29,41.97,22973594.514,7276545.217,10901116.102,-1916.62649,1924.0509299999999,2785.34178,2020-03-15 18:29:41.970,-81146335.64464413,-343424183.15531796,-138387656.1763329,148313549917.5096,-11040664387.343687,-4786419200.478589,58923.77062465277
46,2020,3,15,18,44,41.97,21053583.35,8939799.154000001,13305697.372000001,-2343.7617999999998,1766.7339,2550.45951,2020-03-15 18:44:41.970,-80256369.54391135,-343630627.8721689,-138560576.39651453,148316163211.54874,-11016056441.077475,-4775752713.643278,58923.78104131943
46,2020,3,15,18,59,41.97,18767249.884,10447518.1,15478737.917000001,-2729.50139,1578.94073,2271.5850400000004,2020-03-15 18:59:41.970,-79365924.33644392,-343834999.73659575,-138732660.77826935,148318771672.27298,-10991448110.368732,-4765086060.90061,58923.7914579861
46,2020,3,15,19,14,41.97,16154898.11,11773762.396,17382856.046,-3067.21355,1364.06264,1953.75127,2020-03-15 19:14:41.970,-78475005.5397183,-344037298.5143525,-138903908.68675816,148321375299.57233,-10966839396.020676,-4754419242.592292,58923.80187465277
46,2020,3,15,19,29,41.97,13262403.029,12895856.696,18985504.753000002,-3351.16711,1125.9501400000001,1602.6508900000001,2020-03-15 19:29:41.970,-77583618.66869958,-344237523.98394346,-139074319.49280277,148323974093.33688,-10942230298.836681,-4743752259.060116,58923.81229131943
46,2020,3,15,19,44,41.97,10140357.078,13794769.173,20259515.047000002,-3576.6236400000003,868.83608,1224.52271,2020-03-15 19:44:41.970,-76691769.23581047,-344435675.9365997,-139243892.57287797,148326568053.45706,-10917620819.620275,-4733085110.645932,58923.8227079861
46,2020,3,15,19,59,41.97,6843143.307,14455418.933,21183533.551,-3739.90788,597.25348,826.03093,2020-03-15 19:59:41.970,-75799462.7509,-344631754.1762548,-139412627.30910543,148329157179.82327,-10893010959.175133,-4722417797.691652,58923.83312465277
46,2020,3,15,20,14,41.97,3427955.11,14866907.953,21742349.196,-3838.4561000000003,315.95021,414.13986,2020-03-15 20:14:41.970,-74906704.72121301,-344825758.51952153,-139580523.0892458,148331741472.32645,-10868400718.305092,-4711750320.539273,58923.84354131943
46,2020,3,15,20,29,41.97,-46217.727,15022675.573,21927106.42,-3870.8426999999997,29.80256,-4.01255,2020-03-15 20:29:41.970,-74013500.65135907,-345017688.79566765,-139747579.30669203,148334320930.8573,-10843790097.814121,-4701082679.530839,58923.8539579861
46,2020,3,15,20,44,41.97,-3519617.404,14920575.32,21735404.737,-3836.78586,-256.27063,-421.24034,2020-03-15 20:44:41.970,-73119856.04328212,-345207544.84659106,-139913795.36046195,148336895555.3071,-10819179098.50636,-4690414875.008477,58923.86437465277
46,2020,3,15,20,59,41.97,-6932742.621,14562875.257,21171286.663,-3737.1335,-537.39184,-830.43168,2020-03-15 20:59:41.970,-72225776.39622967,-345395326.52679753,-140079170.65519086,148339465345.56714,-10794567721.186092,-4679746907.314373,58923.87479131943
46,2020,3,15,21,14,41.97,-10227352.196,13956184.35,20245117.873,-3573.83115,-808.8051899999999,-1224.66591,2020-03-15 21:14:41.970,-71331267.2067229,-345581033.70337534,-140243704.60112518,148342030301.52884,-10769955966.65777,-4669078776.790785,58923.8852079861
46,2020,3,15,21,29,41.97,-13347432.18,13111308.439000001,18973364.961,-3349.87333,-1065.9524099999999,-1597.32384,2020-03-15 21:29:41.970,-70436333.96852612,-345764666.25597155,-140407396.61411396,148344590423.08383,-10745343835.725954,-4658410483.780035,58923.89562465277
46,2020,3,15,21,44,41.97,-16240112.473,12043040.213,17378277.458,-3069.2401600000003,-1304.5434,-1942.19004,2020-03-15 21:44:41.970,-69540982.17261732,-345946224.07676846,-140570246.11560258,148347145710.12424,-10720731329.195393,-4647742028.624511,58923.90604131943
46,2020,3,15,21,59,41.97,-18856520.507,10769888.298,15487481.688,-2736.82122,-1520.62085,-2253.5463,2020-03-15 21:59:41.970,-68645217.30715765,-346125707.07045895,-140732252.53262526,148349696162.542,-10696118447.870964,-4637073411.666671,58923.9164579861
46,2020,3,15,22,14,41.97,-21152561.136,9313751.065,13333494.804,-2358.32802,-1710.61845,-2526.2554800000003,2020-03-15 22:14:41.970,-67749044.8574621,-346303115.154223,-140893415.29779714,148352241780.22952,-10671505192.557705,-4626404633.24904,58923.92687465277
46,2020,3,15,22,29,41.97,-23089613.378999997,7699541.132,10953167.83,-1940.19696,-1871.41215,-2755.83531,2020-03-15 22:29:41.970,-66852470.30597017,-346478448.25770295,-141053733.8493077,148354782563.07907,-10646891564.060804,-4615735693.71421,58923.93729131943
46,2020,3,15,22,44,41.97,-24635136.05,5954766.8270000005,8387066.967999999,-1489.48415,-2000.36454,-2938.5218,2020-03-15 22:44:41.970,-65955499.132215746,-346651706.3229797,-141213207.63091317,148357318510.9835,-10622277563.18559,-4605066593.40483,58923.9477079861
46,2020,3,15,22,59,41.97,-25763175.601,4109077.032,5678802.638,-1013.7535300000001,-2095.36181,-3071.32191,2020-03-15 22:59:41.970,-65058136.81279862,-346822889.3045486,-141371836.09192896,148359849623.83566,-10597663190.737547,-4594397332.663636,58923.95812465277
46,2020,3,15,23,14,41.97,-26454770.671,2193776.014,2874315.956,-520.95946,-2154.84345,-3152.05542,2020-03-15 23:14:41.970,-64160388.82135482,-346991997.1692956,-141529618.68722236,148362375901.52853,-10573048447.522293,-4583727911.833407,58923.96854131943
46,2020,3,15,23,29,41.97,-26698249.161,241314.946,21132.486,-19.325309999999998,-2177.8243599999996,-3179.38575,2020-03-15 23:29:41.970,-63262260.62852791,-347159029.8964721,-141686554.8772052,148364897343.95554,-10548433334.345612,-4573058331.257005,58923.9789579861
46,2020,3,15,23,44,41.97,-26489414.263,-1715233.091,-2832406.75,482.78148999999996,-2163.9094,-3152.8397,2020-03-15 23:44:41.970,-62363757.701940134,-347323987.47767216,-141842644.12782642,148367413951.00998,-10523817852.013435,-4562388591.277348,58923.98937465277
46,2020,3,15,23,59,41.97,-25831617.248,-3642707.7279999997,-5637926.9059999995,976.9760699999999,-2113.3001999999997,-3072.81576,2020-03-15 23:59:41.970,-61464885.5459546,-347486869.90964437,-141997885.90371236,148369925722.5852,-10499202001.33174,-4551718692.237344,58923.99979131943
46,2020,3,16,0,14,41.97,-24735717.069,-5508395.223,-8347798.590000001,1454.9833299999998,-2026.79432,-2940.58133,2020-03-16 00:14:41.970,-60565649.542500526,-347647677.2230119,-142152279.6956054,148372432658.57593,-10474585783.106909,-4541048634.480214,58924.0102079861
46,2020,3,16,0,29,41.97,-23219918.824,-7280574.516,-10915933.084,1908.76745,-1905.77548,-2758.25682,2020-03-16 00:29:41.970,-59666055.18974087,-347806409.43899524,-142305824.9791312,148374934758.87573,-10449969198.145231,-4530378418.348992,58924.02062465277
46,2020,3,16,0,44,41.97,-21309509.754,-8929017.887,-13298510.483000001,2330.65415,-1752.19747,-2528.7907,2020-03-16 00:44:41.970,-58766107.94292793,-347963066.5983145,-142458521.24231222,148377432023.3789,-10425352247.253239,-4519708044.1868725,58924.03104131943
46,2020,3,16,0,59,41.97,-19036472.856,-10425506.478,-15454727.576,2713.45601,-1568.55823,-2255.9200100000003,2020-03-16 00:59:41.970,-57865813.2541508,-348117648.7539103,-142610367.97867042,148379924451.9799,-10400734931.237541,-4509037512.337096,58924.0414579861
46,2020,3,16,1,14,41.97,-16438996.393000001,-11744302.218999999,-17347480.969,3050.5902699999997,-1357.8663900000001,-1944.12011,2020-03-16 01:14:41.970,-56965176.57230741,-348270155.9709206,-142761364.68721953,148382412044.57346,-10376117250.904963,-4498366823.142986,58924.05187465277
46,2020,3,16,1,29,41.97,-13560878.568,-12862589.279,-18944004.34,3336.1912899999998,-1123.59953,-1598.54218,2020-03-16 01:29:41.970,-56064203.34307678,-348420588.32665545,-142911510.87245786,148384894801.05435,-10351499207.062462,-4487695976.947932,58924.06229131943
46,2020,3,16,1,44,41.97,-10450834.429,-13760874.189,-20216444.127,3565.21505,-869.6541199999999,-1224.93893,2020-03-16 01:44:41.970,-55162899.00889128,-348568945.910573,-143060806.04436082,148387372721.3177,-10326880800.517117,-4477024974.095371,58924.0727079861
46,2020,3,16,1,59,41.97,-7161712.935,-14423337.408,-21142363.16,3733.5339799999997,-600.28765,-829.57885,2020-03-16 01:59:41.970,-54261269.00890921,-348715228.8242557,-143209249.7183727,148389845805.25864,-10302262032.076172,-4466353814.92882,58924.08312465277
46,2020,3,16,2,14,41.97,-3749633.8850000002,-14838129.328000002,-21705162.16,3838.0198499999997,-320.0532,-419.14957000000004,2020-03-16 02:14:41.970,-53359318.77898729,-348859437.1813854,-143356841.41539958,148392314052.7728,-10277642902.547,-4455682499.791859,58924.09354131943
46,2020,3,16,2,29,41.97,-273056.32,-14997604.188,-21894409.672999997,3876.6127899999997,-33.72697,-0.65118,2020-03-16 02:29:41.970,-52457053.75165341,-349001571.10771936,-143503580.66180146,148394777463.75574,-10253023412.737135,-4445011029.028131,58924.1039579861
46,2020,3,16,2,44,41.97,3208208.114,-14898485.939,-21706071.945,3848.37426,253.77033999999998,418.7192,2020-03-16 02:44:41.970,-51554479.35607988,-349141630.7410658,-143649466.9893847,148397236038.10342,-10228403563.45424,-4434339402.981349,58924.11437465277
46,2020,3,16,2,59,41.97,6634021.466,-14541960.965,-21142635.457,3753.52189,537.45724,831.69024,2020-03-16 02:59:41.970,-50651601.01805599,-349279616.2312601,-143794499.93539426,148399689775.71185,-10203783355.506134,-4423667621.995277,58924.12479131943
46,2020,3,16,3,14,41.97,9944968.315,-13933693.585,-20213116.402,3593.4444000000003,812.37909,1231.04449,2020-03-16 03:14:41.970,-49748424.159961544,-349415527.7401399,-143938679.0425061,148402138676.4773,-10179162789.700766,-4412995686.413765,58924.1352079861
46,2020,3,16,3,29,41.97,13083408.441,-13083761.567,-18932953.286,3370.69501,1073.69795,1609.7495900000001,2020-03-16 03:29:41.970,-48844954.20073991,-349549365.4415211,-144082003.85881934,148404582740.29623,-10154541866.84623,-4402323596.580709,58924.14562465277
46,2020,3,16,3,44,41.97,15994513.423,-12006510.393000001,-17323781.060000002,3088.9621100000004,1316.7829499999998,1961.08984,2020-03-16 03:44:41.970,-47941196.55587177,-349681129.52117324,-144224473.9378489,148407021967.06534,-10129920587.75077,-4391651352.84007,58924.15604131943
46,2020,3,16,3,59,41.97,18627266.412,-10720326.706,-15413087.691000002,2753.01676,1537.29917,2278.79538,2020-03-16 03:59:41.970,-47037156.637348495,-349810820.1767959,-144366088.83851707,148409456356.68152,-10105298953.222775,-4380978955.535895,58924.1664579861
46,2020,3,16,4,14,41.97,20935404.063,-9247333.264999999,-13233756.817,2368.6366900000003,1731.2928299999999,2557.16564,2020-03-16 04:14:41.970,-46132839.85364607,-349938437.6179936,-144506848.1251465,148411885909.0419,-10080676964.070759,-4370306405.012274,58924.17687465277
46,2020,3,16,4,29,41.97,22878279.93,-7613009.697000001,-10823503.007,1942.50792,1895.27063,2791.18397,2020-03-16 04:29:41.970,-45228251.60969874,-350063982.0662519,-144646751.36745206,148414310624.0437,-10056054621.103384,-4359633701.61336,58924.18729131943
46,2020,3,16,4,44,41.97,24421629.618,-5845745.299000001,-8224209.045,1482.10522,2026.27102,2976.6202599999997,2020-03-16 04:44:41.970,-44323397.3068732,-350187453.7549125,-144785798.14053306,148416730501.58444,-10031431925.129467,-4348960845.683387,58924.1977079861
46,2020,3,16,4,59,41.97,25538219.713,-3976332.1259999997,-5481177.4459999995,995.55375,2121.92533,3110.11841,2020-03-16 04:59:41.970,-43418282.34294276,-350308852.9291502,-144923988.0248655,148419145541.56186,-10006808876.957952,-4338287837.566639,58924.20812465277
46,2020,3,16,5,14,41.97,26208364.892,-2037408.301,-2642310.9639999997,491.47507,2180.50696,3189.26625,2020-03-16 05:14:41.970,-42512912.1120615,-350428179.84594727,-145061320.6062945,148421555743.87378,-9982185477.397915,-4327614677.607472,58924.21854131943
46,2020,3,16,5,29,41.97,26420300.649,-62863.07,242760.96999999997,-21.17903,2200.96702,3212.64548,2020-03-16 05:29:41.970,-41607292.004738756,-350545434.7740695,-145197795.47602606,148423961108.41843,-9957561727.258589,-4316941366.150297,58924.2289579861
46,2020,3,16,5,44,41.97,26170402.634,1912783.767,3123591.267,-533.30053,2182.95541,3179.86031,2020-03-16 05:44:41.970,-40701427.40781381,-350660617.9940426,-145333412.23061937,148426361635.09396,-9932937627.349342,-4306267903.539598,58924.23937465277
46,2020,3,16,5,59,41.97,25463247.515,3855014.594,5949839.971,-1035.80257,2126.82679,3091.5438000000004,2020-03-16 05:59:41.970,-39795323.70443022,-350773729.7981265,-145468170.47197935,148428757323.79898,-9908313178.479696,-4295594290.119917,58924.24979131943
46,2020,3,16,6,14,41.97,24311514.417,5729945.143,8672194.729999999,-1519.79555,2033.63112,2949.3419599999997,2020-03-16 06:14:41.970,-38888986.2740111,-350884770.49029225,-145602069.80734813,148431148174.43246,-9883688381.459269,-4284920526.235861,58924.2602079861
46,2020,3,16,6,29,41.97,22735730.125,7504940.48,11243267.109000001,-1976.7575,1905.0894899999998,2755.87615,2020-03-16 06:29:41.970,-37982420.492233776,-350993740.3861969,-145735109.8492977,148433534186.89288,-9859063237.097858,-4274246612.2320986,58924.27062465277
46,2020,3,16,6,44,41.97,20763865.215,9149202.796,13618445.837,-2398.69432,1743.5558600000002,2514.68525,2020-03-16 06:44:41.970,-37075631.73100498,-351100639.8131602,-145867290.21572182,148435915361.0796,-9834437746.20539,-4263572548.4533696,58924.28104131943
46,2020,3,16,6,59,41.97,18430791.859,10634319.033,15756689.627,-2778.28631,1551.9662700000001,2230.1495999999997,2020-03-16 06:59:41.970,-36168625.35843605,-351205469.1101388,-145998610.52982822,148438291696.89203,-9809811909.591911,-4252898335.2444634,58924.2914579861
46,2020,3,16,7,14,41.97,15777617.174,11934757.688,17621244.2,-3109.01779,1333.77703,1907.3990700000002,2020-03-16 07:14:41.970,-35261406.73881835,-351308228.6277029,-146129070.4201304,148440663194.22955,-9785185728.067633,-4242223972.9502454,58924.30187465277
46,2020,3,16,7,29,41.97,12850908.465,13028305.807,19180270.571000002,-3385.28737,1092.89393,1552.2082699999999,2020-03-16 07:29:41.970,-34353981.23259866,-351408918.7280122,-146258669.52044022,148443029852.9922,-9760559202.442892,-4231549461.915634,58924.31229131943
46,2020,3,16,7,44,41.97,9701828.566,13896438.943,20407374.294,-3602.49723,833.5944199999999,1170.88178,2020-03-16 07:44:41.970,-33446354.19635485,-351507539.7847908,-146387407.4698597,148445391673.0797,-9735932333.528154,-4220874802.485615,58924.3227079861
46,2020,3,16,7,59,41.97,6385200.585,14524618.745,21282028.108,-3757.1206300000003,560.44496,770.13251,2020-03-16 07:59:41.970,-32538530.982771717,-351604092.1833034,-146515283.91277274,148447748654.39246,-9711305122.134026,-4210199995.0052385,58924.33312465277
46,2020,3,16,8,14,41.97,2958521.896,14902514.687,21789883.159,-3846.74724,278.21544,356.95626000000004,2020-03-16 08:14:41.970,-31630516.940616593,-351698576.3203304,-146642298.49883783,148450100796.83057,-9686677569.071262,-4199525039.8196173,58924.34354131943
46,2020,3,16,8,29,41.97,-519052.895,15024148.26,21922966.57,-3870.10684,-8.2073,-61.49498,2020-03-16 08:29:41.970,-30722317.414715845,-351790992.60414475,-146768450.88297963,148452448100.2949,-9662049675.150743,-4188849937.2739205,58924.3539579861
46,2020,3,16,8,44,41.97,-3987740.873,14887959.555,21679765.524,-3827.07223,-293.90512,-478.03815,2020-03-16 08:44:41.970,-29813937.745930515,-351881341.4544866,-146893740.72538126,148454790564.68607,-9637421441.183483,-4178174687.7133837,58924.36437465277
46,2020,3,16,8,59,41.97,-7388153.4799999995,14496797.640999999,21065200.132999998,-3718.6426500000002,-574.01206,-885.58078,2020-03-16 08:59:41.970,-28905383.271132756,-351969623.3025393,-147018167.69147608,148457128189.90518,-9612792867.980642,-4167499291.483309,58924.37479131943
46,2020,3,16,9,14,41.97,-10662296.076000001,13857837.38,20090489.165,-3546.90929,-843.7941599999999,-1277.23715,2020-03-16 09:14:41.970,-27996659.32318249,-352055838.5909053,-147141731.45193976,148459460975.85345,-9588163956.353495,-4156823748.9290524,58924.3852079861
46,2020,3,16,9,29,41.97,-13754529.004,12982426.383,18772914.229999997,-3315.00454,-1098.7247399999999,-1646.43757,2020-03-16 09:29:41.970,-27087771.230903596,-352139987.773582,-147264431.6826827,148461788922.43234,-9563534707.11349,-4146148060.39604,58924.39562465277
46,2020,3,16,9,44,41.97,-16612476.374000002,11885866.602,17135489.191,-3027.03685,-1334.55419,-1987.0295099999998,2020-03-16 09:44:41.970,-26178724.319060683,-352222071.3159367,-147386268.0648411,148464112029.54352,-9538905121.072159,-4135472226.2297506,58924.40604131943
46,2020,3,16,9,59,41.97,-19187870.329,10587135.769000001,15206542.528,-2688.01281,-1547.37383,-2293.36982,2020-03-16 09:59:41.970,-25269523.90833592,-352302089.6946835,-147507240.28476992,148466430297.08875,-9514275199.041212,-4124796246.7757316,58924.4164579861
46,2020,3,16,10,14,41.97,-21437320.167000003,9108554.308999998,13019221.051,-2303.74829,-1733.67312,-2560.4071799999997,2020-03-16 10:14:41.970,-24360175.31530591,-352380043.39785844,-147627348.03403446,148468743724.97012,-9489644941.832474,-4114120122.3795953,58924.42687465277
46,2020,3,16,10,29,41.97,-23322997.141,7475403.774,10610923.876,-1880.7702399999998,-1890.39012,-2783.75453,2020-03-16 10:29:41.970,-23450683.85241866,-352455932.9247948,-147746591.0094022,148471052313.09006,-9465014350.257902,-4103443853.387008,58924.43729131943
46,2020,3,16,10,44,41.97,-24813227.149,5715503.069999999,8022675.957,-1426.21044,-2014.9548300000001,-2959.75096,2020-03-16 10:44:41.970,-22541054.827970903,-352529758.78610003,-147864968.9128347,148473356061.3509,-9440383425.12959,-4092767440.143701,58924.4477079861
46,2020,3,16,10,59,41.97,-25882984.830000002,3858748.944,5298450.678,-947.69278,-2105.32524,-3085.51294,2020-03-16 10:59:41.970,-21631293.546085283,-352601521.50363034,-147982481.45148,148475654969.65536,-9415752167.259762,-4082090882.9954634,58924.45812465277
46,2020,3,16,11,14,41.97,-26514283.692,1936627.332,2484451.2249999996,-453.21533000000005,-2160.01597,-3158.9746800000003,2020-03-16 11:14:41.970,-20721405.30668766,-352671221.61046726,-148099128.33766428,148477949037.9064,-9391120577.460775,-4071414182.288147,58924.46854131943
46,2020,3,16,11,29,41.97,-26696458.267,-18297.702999999998,-371639.372,48.97173,-2178.11945,-3178.9174,2020-03-16 11:29:41.970,-19811395.405484866,-352738859.6508933,-148214909.28888345,148480238266.0071,-9366488656.545132,-4060737338.3676763,58924.4789579861
46,2020,3,16,11,44,41.97,-26426334.811,-1972910.6400000001,-3221429.5739999996,550.49132,-2159.3194000000003,-3144.98749,2020-03-16 11:44:41.970,-18901269.133942213,-352804436.1803674,-148329824.0277959,148482522653.8608,-9341856405.325453,-4050060351.580021,58924.48937465277
46,2020,3,16,11,59,41.97,-25708288.562000003,-3894079.853,-6016601.87,1042.96624,-2103.8966299999997,-3057.70325,2020-03-16 11:59:41.970,-17991031.779261246,-352867951.7655015,-148443872.28221372,148484802201.37112,-9317223824.614477,-4039383222.2712173,58924.49979131943
46,2020,3,16,12,14,41.97,-24554186.374,-5749194.629,-8709696.269,1518.14699,-2012.7269000000001,-2918.45023,2020-03-16 12:14:41.970,-17080688.624357875,-352929406.98403543,-148557053.78509474,148487076908.44177,-9292590915.225101,-4028705950.7873626,58924.5102079861
46,2020,3,16,12,29,41.97,-22983214.452,-7506696.705999999,-11254884.311,1968.03886,-1887.27087,-2729.46478,2020-03-16 12:29:41.970,-16170244.947840048,-352988802.42481333,-148669368.2745349,148489346774.97675,-9267957677.970346,-4018028537.474616,58924.52062465277
46,2020,3,16,12,44,41.97,-21021592.473,-9136599.091,-13608723.022,2385.0273500000003,-1729.55587,-2493.80594,2020-03-16 12:44:41.970,-15259706.02398619,-353046138.6877598,-148780815.49375919,148491611800.88028,-9243324113.663364,-4007350982.6791954,58924.53104131943
46,2020,3,16,12,59,41.97,-18702176.029999997,-10610984.812,-15730878.129,2762.00053,-1542.1495400000001,-2215.31522,2020-03-16 12:59:41.970,-14349077.122723378,-353101416.3838551,-148891395.19111502,148493871986.05664,-9218690223.117424,-3996673286.747384,58924.5414579861
46,2020,3,16,13,14,41.97,-16063950.936999999,-11904478.204,-17584805.74,3092.4667600000002,-1328.1251300000001,-1898.56448,2020-03-16 13:14:41.970,-13438363.509605622,-353154636.1351114,-149001107.12006226,148496127330.41074,-9194056007.145945,-3985995450.0255175,58924.55187465277
46,2020,3,16,13,29,41.97,-13151424.292,-12994681.283,-19138381.716,3370.66611,-1091.01861,-1548.7918599999998,2020-03-16 13:29:41.970,-12527570.44579259,-353205798.5745485,-149109951.03916708,148498377833.84695,-9169421466.562452,-3975317472.859998,58924.56229131943
46,2020,3,16,13,44,41.97,-10013918.769,-13862567.849,-20364468.032,3591.67368,-834.7777,-1171.82586,2020-03-16 13:44:41.970,-11616703.188028026,-353254904.3461702,-149217926.71209204,148500623496.27075,-9144786602.180613,-3964639355.5972824,58924.5727079861
46,2020,3,16,13,59,41.97,-6704778.288000001,-14492828.089,-21241405.687999997,3751.49288,-563.70286,-773.99813,2020-03-16 13:59:41.970,-10705766.988618637,-353301954.10493946,-149325033.90758926,148502864317.58713,-9120151414.814238,-3953961098.583898,58924.58312465277
46,2020,3,16,14,14,41.97,-3280495.0239999997,-14874156.747000001,-21753424.183,3847.13658,-282.38098,-362.04538,2020-03-16 14:14:41.970,-9794767.095412862,-353346948.5167555,-149431272.39949176,148505100297.7018,-9095515905.277239,-3943282702.166419,58924.59354131943
46,2020,3,16,14,29,41.97,200230.406,-14999478.382,-21890958.223,3876.69411,4.38798,56.9985,2020-03-16 14:29:41.970,-8883708.75177992,-353389888.2584281,-149536641.96670508,148507331436.52036,-9070880074.38368,-3932604166.6914873,58924.6039579861
46,2020,3,16,14,44,41.97,3677481.8310000002,-14866103.868,-21650863.321000002,3839.3818899999997,291.67031,475.91900999999996,2020-03-16 14:44:41.970,-7972597.196588913,-353430774.0176556,-149641142.3931998,148509557733.94852,-9046243922.94774,-3921925492.5058064,58924.61437465277
46,2020,3,16,14,59,41.97,7091157.886,-14475813.139,-21036523.181,3735.57572,574.4828699999999,887.4446499999999,2020-03-16 14:59:41.970,-7061437.664187967,-353469606.49299896,-149744773.46800286,148511779189.8927,-9021607451.783726,-3911246679.956128,58924.62479131943
46,2020,3,16,15,14,41.97,10382022.483000001,-13834860.278,-20057843.398000002,3566.82289,847.88113,1284.3755800000001,2020-03-16 15:14:41.970,-6150235.38438368,-353506386.3938591,-149847534.98518968,148513995804.25897,-8996970661.706081,-3900567729.3892803,58924.6352079861
46,2020,3,16,15,29,41.97,13492756.518,-12953898.343,-18731127.925,3335.83259,1107.0492199999999,1659.71506,2020-03-16 15:29:41.970,-5238995.582420478,-353541114.44045234,-149949426.74387574,148516207576.95425,-8972333553.52936,-3889888641.1521325,58924.64562465277
46,2020,3,16,15,44,41.97,16368990.744,-11847822.883000001,-17078837.027000003,3046.44352,1347.39022,2006.80089,2020-03-16 15:44:41.970,-4327723.478960198,-353573791.36378706,-150050448.54820862,148518414507.88498,-8947696128.068264,-3879209415.591631,58924.65604131943
46,2020,3,16,15,59,41.97,18960298.997,-10535534.824000001,-15129227.996,2703.5681600000003,1564.61471,2319.43402,2020-03-16 15:59:41.970,-3416424.2900617877,-353604417.9056384,-150150600.2073598,148520616596.95822,-8923058386.137611,-3868530053.0547667,58924.6664579861
46,2020,3,16,16,14,41.97,21221130.746,-9039625.291000001,-12915882.654,2313.1137000000003,1754.82531,2592.00095,2020-03-16 16:14:41.970,-2505103.227161126,-353632994.81852585,-150249881.53551683,148522813844.08142,-8898420328.55234,-3857850553.888601,58924.67687465277
46,2020,3,16,16,29,41.97,23111662.354,-7385986.926,-10477128.559,1881.88067,1914.59512,2819.5870099999997,2020-03-16 16:29:41.970,-1593765.497050914,-353659522.8656886,-150348292.3518743,148525006249.1617,-8873781956.127523,-3847170918.440243,58924.68729131943
46,2020,3,16,16,44,41.97,24598547.53,-5603358.231000001,-7855363.735,1417.44065,2041.0377899999999,2998.07698,2020-03-16 16:44:41.970,-682416.301860613,-353684002.82106185,-150445832.48062652,148527193812.1068,-8849143269.678352,-3836491147.056869,58924.6977079861
46,2020,3,16,16,59,41.97,25655549.277999997,-3722809.402,-5096297.495,927.99567,2131.86711,3124.24043,2020-03-16 16:59:41.970,228939.16096328953,-353706435.4692525,-150542501.75095913,148529376532.82465,-8824504270.020157,-3825811240.0857153,58924.70812465277
46,2020,3,16,17,14,41.97,26264038.101,-1777179.8369999998,-2248122.4590000003,422.22218,2185.44452,3195.79893,2020-03-16 17:14:41.970,1140295.6986770895,-353726821.6055167,-150638299.99704048,148531554411.2232,-8799864957.968376,-3815131197.874069,58924.71854131943
46,2020,3,16,17,29,41.97,26413344.374,199521.002,639365.0380000001,-90.89632,2200.8128899999997,3211.4732,2020-03-16 17:29:41.970,2051648.1232595276,-353745162.0357336,-150733227.05801424,148533727447.21088,-8775225334.338594,-3804451020.7692795,58924.7289579861
46,2020,3,16,17,44,41.97,26100956.379,2172736.587,3515677.349,-602.24414,2177.71555,3171.00867,2020-03-16 17:44:41.970,2962991.2514312933,-353761457.5763842,-150827282.7779903,148535895640.69617,-8750585399.94649,-3793770709.118757,58924.73937465277
46,2020,3,16,17,59,41.97,25332559.478,4107996.6670000004,6330560.931,-1102.75081,2116.6002700000004,3075.17882,2020-03-16 17:59:41.970,3874319.9046744867,-353775709.05452573,-150920467.00603744,148538058991.5878,-8725945155.60788,-3783090263.2699666,58924.74979131943
46,2020,3,16,18,14,41.97,24121916.053,5971547.212,9034914.683999998,-1583.56673,2018.6077299999997,2925.76619,2020-03-16 18:14:41.970,4785628.909251853,-353787917.3077686,-151012779.59617448,148540217499.79465,-8701304602.138725,-3772409683.5704355,58924.7602079861
46,2020,3,16,18,29,41.97,22490589.952,7730963.386,11581681.472000001,-2036.2323500000002,1885.5454599999998,2725.5218999999997,2020-03-16 18:29:41.970,5696913.096225985,-353798083.18425256,-151104220.40736264,148542371165.226,-8676663740.355078,-3761728970.3677435,58924.77062465277
46,2020,3,16,18,44,41.97,20467523.119000003,9355732.672,13926694.079,-2452.83681,1719.8478,2478.10523,2020-03-16 18:44:41.970,6608167.301478479,-353806207.542623,-151194789.30349705,148544519987.79126,-8652022571.073135,-3751048124.009534,58924.78104131943
46,2020,3,16,18,59,41.97,18088475.62,10817796.324000001,16029458.498,-2826.16228,1524.52354,2188.0051599999997,2020-03-16 18:59:41.970,7519386.365728888,-353812291.25200707,-151284486.1533984,148546663967.3999,-8627381095.1092,-3740367144.843502,58924.7914579861
46,2020,3,16,19,14,41.97,15395343.303,12092038.704,17853859.5,-3149.8111299999996,1303.09282,1860.4465500000001,2020-03-16 19:14:41.970,8430565.13455355,-353816335.19199055,-151373310.83080503,148548803103.96176,-8602739313.279715,-3729686033.217407,58924.80187465277
46,2020,3,16,19,29,41.97,12435369.746000001,13156715.75,19368775.893000003,-3418.31335,1059.5153,1501.28378,2020-03-16 19:29:41.970,9341698.458404433,-353818340.2525934,-151461263.21436486,148550937397.38705,-8578097226.401226,-3719004789.479059,58924.81229131943
46,2020,3,16,19,44,41.97,9260270.856999999,13993815.592999998,20548595.534,-3627.2130100000004,798.11154,1116.88485,2020-03-16 19:44:41.970,10252781.192627702,-353818307.33424664,-151548343.18762684,148553066847.586,-8553454835.290428,-3708323413.9763365,58924.8227079861
46,2020,3,16,19,59,41.97,5925291.573000001,14589346.243,21373622.928,-3773.13265,523.4799,714.00911,2020-03-16 19:59:41.970,11163808.19748235,-353816237.3477687,-151634550.63903287,148555191454.46906,-8528812140.764106,-3697641907.0571632,58924.83312465277
46,2020,3,16,20,14,41.97,2488214.4960000003,14933547.103,21830374.944,-3853.81573,240.41072,299.68136,2020-03-16 20:14:41.970,12074774.338158531,-353812131.21434194,-151719885.46190968,148557311217.94684,-8504169143.639192,-3686960269.0695267,58924.84354131943
46,2020,3,16,20,29,41.97,-991659.8709999999,15021022.854,21911762.772,-3868.1473899999996,-46.20011,-118.93463,2020-03-16 20:29:41.970,12985674.484796,-353805989.86548823,-151804347.55446073,148559426137.93042,-8479525844.732709,-3676278500.3614655,58924.8539579861
46,2020,3,16,20,44,41.97,-4454542.244,14850799.833999999,21617160.577,-3816.15468,-331.43664,-534.6610000000001,2020-03-16 20:44:41.970,13896503.512502342,-353797814.2430469,-151887936.8197577,148561536214.33084,-8454882244.861847,-3665596601.281089,58924.86437465277
46,2020,3,16,20,59,41.97,-7841175.07,14426306.509,20952363.385,-3698.98747,-610.4458900000001,-940.4267699999999,2020-03-16 20:59:41.970,14807256.301371034,-353787605.29915017,-151970653.1657326,148563641447.0597,-8430238344.843866,-3654914572.1765494,58924.87479131943
46,2020,3,16,21,14,41.97,-11093827.753,13755280.811,19929438.522,-3518.88162,-878.51711,-1329.38315,2020-03-16 21:14:41.970,15717927.736499522,-353775363.9961992,-152052496.50516957,148565741836.02832,-8405594145.49617,-3644232413.3960586,58924.8852079861
46,2020,3,16,21,29,41.97,-14157251.442,12849608.166,18566476.346,-3279.10621,-1131.15638,-1695.0118,2020-03-16 21:29:41.970,16628512.708007094,-353761091.30684245,-152133466.75569624,148567837381.14865,-8380949647.6363,-3633550125.287893,58924.89562465277
46,2020,3,16,21,44,41.97,-16979579.757,11725094.816000002,16887247.208,-2983.8965000000003,-1364.1557,-2031.22478,2020-03-16 21:44:41.970,17539006.111052707,-353744788.2139504,-152213563.83977628,148569928082.33292,-8356304852.081881,-3622867708.2003775,58924.90604131943
46,2020,3,16,21,59,41.97,-19513163.483,10401181.694,14920772.477,-2638.3745099999996,-1573.65594,-2332.45545,2020-03-16 21:59:41.970,18449402.84585276,-353726455.7105928,-152292787.68470052,148572013939.493,-8331659759.650681,-3612185162.481897,58924.9164579861
46,2020,3,16,22,14,41.97,-21715328.764999997,8900604.558,12700818.087,-2248.4587399999996,-1756.20324,-2593.73965,2020-03-16 22:14:41.970,19359697.81769859,-353706094.8000158,-152371138.22257918,148574094952.54156,-8307014371.16057,-3601502488.4808893,58924.92687465277
46,2020,3,16,22,29,41.97,-23549049.833,7249006.456,10265319.617999999,-1820.76472,-1908.79848,-2810.78664,2020-03-16 22:29:41.970,20269885.936974153,-353683706.4956178,-152448615.39033353,148576171121.39148,-8282368687.429555,-3590819686.5458503,58924.93729131943
46,2020,3,16,22,44,41.97,-24983528.652000003,5474508.826,7655748.204000001,-1362.4978999999998,-2028.9397,-2980.0395599999997,2020-03-16 22:44:41.970,21179962.119173184,-353659291.82092625,-152525219.12968752,148578242445.95538,-8257722709.2757435,-3580136757.02534,58924.9477079861
46,2020,3,16,22,59,41.97,-25994675.156,3607247.732,4916426.847,-881.34002,-2114.65716,-3098.72516,2020-03-16 22:59:41.970,22089921.284916755,-353632851.8095748,-152600949.3871601,148580308926.14667,-8233076437.517368,-3569453700.26796,58924.95812465277
46,2020,3,16,23,14,41.97,-26565482.884,1678881.8369999998,2093806.868,-385.33062,-2164.5410100000004,-3164.89264,2020-03-16 23:14:41.970,22999758.35997028,-353604387.5052791,-152675806.11405647,148582370561.8785,-8208429872.972785,-3558770516.6223817,58924.96854131943
46,2020,3,16,23,29,41.97,-26686296.128000002,-277921.11899999995,-764285.599,117.2556,-2177.76143,-3177.44137,2020-03-16 23:29:41.970,23909468.275260817,-353573899.96181536,-152749789.26646015,148584427353.06482,-8183783016.460473,-3548087206.4373236,58924.9789579861
46,2020,3,16,23,44,41.97,-26354965.269,-2230012.542,-3609423.071,618.0341900000001,-2154.0811299999996,-3136.13746,2020-03-16 23:44:41.970,24819045.966893833,-353541390.24299437,-152822898.80522504,148586479299.61914,-8159135868.798989,-3537403770.0615573,58924.98937465277
46,2020,3,16,23,59,41.97,-25576888.469,-4144298.954,-6393359.979,1108.638,-2093.8600100000003,-3041.6189600000002,2020-03-16 23:59:41.970,25728486.376170356,-353506859.42264074,-152895134.6959666,148588526401.4556,-8134488430.807061,-3526720207.8439255,58924.99979131943
46,2020,3,17,0,14,41.97,-24364939.823,-5988275.884,-9068811.261,1580.8445,-1998.0522700000001,-2895.3898200000003,2020-03-17 00:14:41.970,26637784.449603617,-353470308.58456904,-152966496.90905425,148590568658.48856,-8109840703.303485,-3516036520.133306,58925.0102079861
46,2020,3,17,0,29,41.97,-22739277.212,-7730569.4860000005,-11590241.146,2026.70446,-1868.1945,-2699.80075,2020-03-17 00:29:41.970,27546935.13893585,-353431738.8225594,-153036985.41960296,148592606070.6323,-8085192687.107206,-3505352707.2786436,58925.02062465277
46,2020,3,17,0,44,41.97,-20727047.031999998,-9341435.824000001,-13914587.627999999,2438.6642699999998,-1706.38742,-2458.021,2020-03-17 00:44:41.970,28455933.40115479,-353391151.2403362,-153106600.20746526,148594638637.80182,-8060544383.037277,-3494668769.6289396,58925.03104131943
46,2020,3,17,0,59,41.97,-18361968.238,-10793268.042,-16001997.997,2809.6896,-1515.26772,-2173.99556,2020-03-17 00:59:41.970,29364774.198510386,-353348546.95154357,-153175341.25722262,148596666359.91193,-8035895791.9128475,-3483984707.5332465,58925.0414579861
46,2020,3,17,1,14,41.97,-15683813.118,-12061060.51,-17816499.515,3133.38193,-1297.9725600000002,-1852.39164,2020-03-17 01:14:41.970,30273452.498531044,-353303927.0797232,-153243208.5581779,148598689236.87775,-8011246914.553207,-3473300521.340674,58925.05187465277
46,2020,3,17,1,29,41.97,-12737784.864,-13122840.017,-19326620.714,3404.08889,-1058.09548,-1498.53293,2020-03-17 01:29:41.970,31181963.274040043,-353257292.7582912,-153310202.10434648,148600707268.6147,-7986597751.777744,-3462616211.400384,58925.06229131943
46,2020,3,17,1,44,41.97,-9573799.378,-13960053.733000001,-20505948.262000002,3617.00636,-799.6344399999999,-1118.32217,2020-03-17 01:44:41.970,32090301.503171686,-353208645.13051426,-153376321.8944487,148602720455.03845,-7961948304.405967,-3451931778.061594,58925.0727079861
46,2020,3,17,1,59,41.97,-6245679.716,-14557906.74,-21333608.982,3768.2702099999997,-526.93178,-718.15236,2020-03-17 01:59:41.970,32998462.169387545,-353157985.3494879,-153441567.93190143,148604728796.06488,-7937298573.257504,-3441247221.673579,58925.08312465277
46,2020,3,17,2,14,41.97,-2810273.357,-14905642.249,-21794667.136,3855.03573,-244.60696000000002,-304.80739,2020-03-17 02:14:41.970,33906440.261492416,-353105314.57811224,-153505940.22480997,148606732291.61002,-7912648559.152083,-3430562542.5856686,58925.09354131943
46,2020,3,17,2,29,41.97,673495.603,-14996758.094999999,-21880427.742,3875.5424199999998,42.51764,114.64721,2020-03-17 02:29:41.970,34814230.77365031,-353050633.9890702,-153569438.7859598,148608730941.59018,-7887998262.909557,-3419877741.147243,58925.1039579861
46,2020,3,17,2,44,41.97,4145625.336,-14829153.76,-21588637.751,3829.16237,329.49675,532.98181,2020-03-17 02:44:41.970,35721828.70540023,-352993944.7648038,-153632063.6328085,148610724745.92178,-7863347685.349891,-3409192817.707738,58925.11437465277
46,2020,3,17,2,59,41.97,7546070.39,-14405203.054,-20923578.157,3716.4298599999997,611.34717,942.9271299999999,2020-03-17 02:59:41.970,36629229.06167205,-352935248.09749204,-153693814.78747785,148612713704.52176,-7838696827.293156,-3398507772.6166477,58925.12479131943
46,2020,3,17,3,14,41.97,10815793.456,-13731748.714,-19896041.826,3539.05066,883.1360900000001,1337.30344,2020-03-17 03:14:41.970,37536426.85280211,-352874545.18902695,-153754692.27674493,148614697817.3069,-7814045689.559528,-3387822606.223511,58925.1352079861
46,2020,3,17,3,29,41.97,13897815.718,-12820016.503,-18523193.783999998,3299.8894600000003,1140.07135,1709.15211,2020-03-17 03:29:41.970,38443417.09454882,-352811837.250992,-153814696.13203487,148616677084.1946,-7789394272.969328,-3377137318.8779335,58925.14562465277
46,2020,3,17,3,44,41.97,16738245.604,-11685447.980999999,-16828312.996,3002.9342500000002,1377.5916100000002,2051.86692,2020-03-17 03:44:41.970,39350194.80810805,-352747125.50463855,-153873826.38941213,148618651505.10208,-7764742578.342955,-3366451910.9295673,58925.15604131943
46,2020,3,17,3,59,41.97,19287265.047000002,-10347452.856,-14840417.293,2653.23749,1591.4545,2359.3219400000003,2020-03-17 03:59:41.970,40256755.020128615,-352680411.1808632,-153932083.08957273,148620621079.94717,-7740090606.500939,-3355766382.728115,58925.1664579861
46,2020,3,17,4,14,41.97,21500052.241,-8829083.767,-12593775.855,2256.8339499999997,1777.8205,2625.99296,2020-03-17 04:14:41.970,41163092.76272762,-352611695.5201855,-153989466.2778358,148622585808.64777,-7715438358.263914,-3345080734.6233454,58925.17687465277
46,2020,3,17,4,29,41.97,23337620.389,-7156638.284,-10127316.552000001,1820.63637,1933.33042,2847.06917,2020-03-17 04:29:41.970,42069203.07350562,-352540979.7727244,-154045976.00413567,148624545691.12186,-7690785834.452612,-3334394966.965064,58925.18729131943
46,2020,3,17,4,44,41.97,24767553.118,-5359194.958,-7483938.366,1352.31055,2055.17414,3018.5519099999997,2020-03-17 04:44:41.970,42975080.995561674,-352468265.19817674,-154101612.3230136,148626500727.2878,-7666133035.887909,-3323709080.1031446,58925.1977079861
46,2020,3,17,4,59,41.97,25764619.151,-3468092.0900000003,-4709741.826,860.1324099999999,2141.1488099999997,3137.33767,2020-03-17 04:59:41.970,43880721.577508464,-352393553.0657934,-154156375.29360983,148628450917.06427,-7641479963.390751,-3313023074.387507,58925.20812465277
46,2020,3,17,5,14,41.97,26311251.395,-1516359.6609999998,-1853192.856,352.83020999999997,2189.7045,3201.28265,2020-03-17 05:14:41.970,44786119.8734872,-352316844.6543579,-154210264.97965533,148630396260.37003,-7616826617.782237,-3302336950.168128,58925.21854131943
46,2020,3,17,5,29,41.97,26397878.804,461883.758,1035762.4780000001,-160.58413,2199.97615,3209.24704,2020-03-17 05:29:41.970,45691270.94318251,-352238141.2521629,-154263281.44946387,148632336757.12402,-7592172999.8835335,-3291650707.795029,58925.2289579861
46,2020,3,17,5,44,41.97,26023103.039,2432056.193,3906613.3770000003,-670.99051,2171.8006100000002,3161.1176,2020-03-17 05:44:41.970,46596169.85183723,-352157444.15698797,-154315424.7759235,148634272407.24545,-7567519110.515948,-3280964347.6182976,58925.23937465277
46,2020,3,17,5,59,41.97,25193715.963999998,4359745.971,6709209.978,-1169.33812,2105.71851,3057.80782,2020-03-17 05:59:41.970,47500811.67026701,-352074754.676077,-154366695.03648898,148636203210.65396,-7542864950.500876,-3270277869.9880652,58925.24979131943
46,2020,3,17,6,14,41.97,23924558.154,6211340.193,9394679.199000001,-1646.82043,2002.9607999999998,2901.23601,2020-03-17 06:14:41.970,48405191.47487492,-351990074.1261164,-154417092.31317338,148638129167.26926,-7518210520.6598425,-3259591275.254515,58925.2602079861
46,2020,3,17,6,29,41.97,22238222.739,7954634.488,11916311.111000001,-2095.04327,1865.42073,2694.28195,2020-03-17 06:29:41.970,49309304.34766603,-351903403.83321166,-154466616.6925401,148640050277.01114,-7493555821.814466,-3248904563.767894,58925.27062465277
46,2020,3,17,6,44,41.97,20164612.742000002,9559411.255,14230397.293,-2506.18164,1695.61208,2440.72383,2020-03-17 06:44:41.970,50213145.37626182,-351814745.13286555,-154515268.26569474,148641966539.7998,-7468900854.786471,-3238217735.8784885,58925.28104131943
46,2020,3,17,6,59,41.97,17740363.581,10997974.771,16297004.322999999,-2873.1219600000004,1496.61532,2145.15755,2020-03-17 06:59:41.970,51116709.65391443,-351724099.36995554,-154563047.128277,148643877955.55576,-7444245620.397704,-3227530791.9366446,58925.2914579861
46,2020,3,17,7,14,41.97,15008145.344,12245632.912999999,18080667.651,-3189.5866,1272.01316,1812.9009899999999,2020-03-17 07:14:41.970,52019992.27952102,-351631467.8987111,-154609953.3804525,148645784524.19946,-7419590119.470112,-3216843732.292761,58925.30187465277
46,2020,3,17,7,29,41.97,12015861.753999999,13281116.979,19550993.649,-3450.2386,1025.81774,1449.88616,2020-03-17 07:29:41.970,52922988.35763789,-351536852.0826924,-154655987.12690526,148647686245.65192,-7394934352.825747,-3206156557.297285,58925.31229131943
46,2020,3,17,7,44,41.97,8815764.391999999,14086932.874,20683160.252,-3650.7651,762.3913,1062.5422099999998,2020-03-17 07:44:41.970,53825692.99849451,-351440253.29476726,-154701148.47682875,148649583119.8342,-7370278321.286757,-3195469267.3007154,58925.3227079861
46,2020,3,17,7,59,41.97,5463501.6850000005,14649638.833999999,21458309.419,-3787.9388,486.36259,657.67252,2020-03-17 07:59:41.970,54728101.318007685,-351341672.9170889,-154745437.54391864,148651475146.66748,-7345622025.675432,-3184781862.6536117,58925.33312465277
46,2020,3,17,8,14,41.97,2017122.54,14960046.695,21863827.292999998,-3859.65737,202.54088000000002,242.32856999999998,2020-03-17 08:14:41.970,55630208.437795244,-351241112.3410737,-154788854.44636425,148653362326.07352,-7320965466.814129,-3174094343.706573,58925.34354131943
46,2020,3,17,8,29,41.97,-1463945.796,15013345.449000001,21893510.536999997,-3864.96141,-84.17044,-176.31651000000002,2020-03-17 08:29:41.970,56532009.4851902,-351138572.9673798,-154831399.306841,148655244657.97372,-7296308645.525336,-3163406710.8102636,58925.3539579861
46,2020,3,17,8,44,41.97,-4919926.728,14809147.447999999,21547619.58,-3804.0319299999996,-368.85909,-591.0923700000001,2020-03-17 08:44:41.970,57433499.5932541,-351034056.20588386,-154873072.25250158,148657122142.29056,-7271651562.63164,-3152718964.3153887,58925.36437465277
46,2020,3,17,8,59,41.97,-8291712.342999999,14351458.995000001,20832821.604000002,-3678.16877,-646.68649,-994.95174,2020-03-17 08:59:41.970,58334673.900791,-350927563.4756595,-154913873.41496873,148658994778.94592,-7246994218.955732,-3142031104.5727115,58925.37479131943
46,2020,3,17,9,14,41.97,-11521854.012,13648578.267,19762027.765,-3489.75151,-912.96647,-1381.0849,2020-03-17 09:14:41.970,59235527.55236101,-350819096.2049554,-154953802.93032688,148660862567.86246,-7222336615.3203945,-3131343131.9330354,58925.3852079861
46,2020,3,17,9,29,41.97,-14555510.604999999,12712924.485,18354130.608,-3242.18466,-1163.23919,-1743.0267900000001,2020-03-17 09:29:41.970,60136055.698293686,-350708655.83117247,-154992860.93911403,148662725508.96277,-7197678752.548558,-3120655046.74724,58925.39562465277
46,2020,3,17,9,44,41.97,-17341340.93,11560803.059,16633648.736,-2939.82881,-1393.3393999999998,-2074.75584,2020-03-17 09:44:41.970,61036253.49470157,-350596243.8008432,-155031047.5863139,148664583602.16974,-7173020631.463207,-3109966849.366227,58925.40604131943
46,2020,3,17,9,59,41.97,-19832328.624,10212112.006,14630286.641999999,-2587.91966,-1599.45859,-2370.7835400000004,2020-03-17 09:59:41.970,61936116.10349359,-350481861.5696081,-155068363.02134788,148666436847.4067,-7148362252.88746,-3099278540.1409698,58925.4164579861
46,2020,3,17,10,14,41.97,-21986529.234,8689995.42,12378418.308,-2192.47637,-1778.20044,-2626.2342200000003,2020-03-17 10:14:41.970,62835638.692388125,-350365510.60219485,-155104807.398067,148668285244.59683,-7123703617.6445265,-3088590119.4224796,58925.42687465277
46,2020,3,17,10,29,41.97,-23767730.72,7020450.093,9916503.559999999,-1760.2010400000001,-1926.6294500000001,-2836.91461,2020-03-17 10:29:41.970,63734816.434926346,-350247192.3723961,-155140380.8747441,148670128793.66394,-7099044726.5577345,-3077901587.5618315,58925.43729131943
46,2020,3,17,10,44,41.97,-25146019.941,5231891.62,7286446.577,-1298.37055,-2042.3123099999998,-2999.3728100000003,2020-03-17 10:44:41.970,64633644.5104854,-350126908.3630474,-155175083.6140653,148671967494.53168,-7074385580.450508,-3067212944.9101434,58925.4477079861
46,2020,3,17,10,59,41.97,-26098248.948,3354686.509,4532906.127,-814.72225,-2123.3520399999998,-3110.94654,2020-03-17 10:59:41.970,65532118.10429131,-350004660.0660053,-155208915.78312305,148673801347.12433,-7049726180.146368,-3056524191.8185806,58925.45812465277
46,2020,3,17,11,14,41.97,-26608396.066,1420656.9170000001,1702567.2959999999,-317.33481,-2168.4146499999997,-3169.8004499999997,2020-03-17 11:14:41.970,66430232.40743201,-349880448.98212606,-155241877.553407,148675630351.36603,-7025066526.468938,-3045835328.6383686,58925.46854131943
46,2020,3,17,11,29,41.97,-26667818.009999998,-537435.22,-1156615.367,185.49484999999999,-2176.74828,-3174.9523000000004,2020-03-17 11:29:41.970,67327982.61687021,-349754276.62124354,-155273969.100797,148677454507.1815,-7000406620.24196,-3035146355.7207766,58925.4789579861
46,2020,3,17,11,44,41.97,-26275389.832000002,-2486417.83,-3996193.261,685.37733,-2148.19466,-3126.28799,2020-03-17 11:44:41.970,68225363.93545613,-349626144.5021471,-155305190.60555425,148679273814.49533,-6975746462.28926,-3024457273.4171267,58925.48937465277
46,2020,3,17,11,59,41.97,-25437531.046,-4393245.176,-6768007.528,1173.95781,-2083.1927499999997,-3024.56513,2020-03-17 11:59:41.970,69122371.57194044,-349496054.1525607,-155335542.25231442,148681088273.2326,-6951086053.434772,-3013768082.0787897,58925.49979131943
46,2020,3,17,12,14,41.97,-24168116.962,-6225534.096,-9424970.905,1643.04395,-1982.7746100000002,-2871.40515,2020-03-17 12:14:41.970,70019000.74098665,-349364007.1091205,-155365024.2300786,148682897883.31866,-6926425394.502545,-3003078782.057191,58925.5102079861
46,2020,3,17,12,29,41.97,-22488275.36,-7952092.85,-11921837.182,2084.73247,-1848.55309,-2669.27359,2020-03-17 12:29:41.970,70915246.66318393,-349230004.91735333,-155393636.73220617,148684702644.6789,-6901764486.316704,-2992389373.7037983,58925.52062465277
46,2020,3,17,12,44,41.97,-20426070.011,-9543435.298,-14215947.668000001,2491.53387,-1682.70147,-2421.44871,2020-03-17 12:44:41.970,71811104.56505945,-349094049.13165575,-155421379.9564065,148686502557.23898,-6877103329.701505,-2981699857.3701386,58925.53104131943
46,2020,3,17,12,59,41.97,-18016073.393999998,-10972273.065,-16267943.937,2856.4936799999996,-1487.92494,-2131.97794,2020-03-17 12:59:41.970,72706569.67909083,-348956141.31527144,-155448254.10473105,148688297620.92493,-6852441925.481283,-2971010233.407786,58925.5414579861
46,2020,3,17,13,14,41.97,-15298832.49,-12213978.265,-18042436.096,3173.30854,-1267.42369,-1805.62256,2020-03-17 13:14:41.970,73601637.24371864,-348816283.0402707,-155474259.38356572,148690087835.66278,-6827780274.480473,-2960320502.168355,58925.55187465277
46,2020,3,17,13,29,41.97,-12320232.985000001,-13247009.37,-19508615.795999996,3436.4356,-1024.8479100000002,-1447.79031,2020-03-17 13:29:41.970,74496302.50335856,-348674475.8875282,-155499396.0036224,148691873201.37915,-6803118377.523625,-2949630664.0035233,58925.56229131943
46,2020,3,17,13,44,41.97,-9130768.763,-14053292.889,-20640803.373999998,3641.19324,-764.24464,-1064.45641,2020-03-17 13:44:41.970,75390560.70841363,-348530721.4467015,-155523664.17993182,148693653718.00058,-6778456235.435381,-2938940719.265009,58925.5727079861
46,2020,3,17,13,59,41.97,-5784725.329,-14618553.689000001,-21418918.786,3783.8513,-489.99685999999997,-662.07328,2020-03-17 13:59:41.970,76284407.11528629,-348385021.31621057,-155547064.13183504,148695429385.45386,-6753793849.040478,-2928250668.3045845,58925.58312465277
46,2020,3,17,14,14,41.97,-2339287.597,-14932587.149999999,-21828866.51,3861.70856,-206.75521999999998,-247.46981000000002,2020-03-17 14:14:41.970,77177836.98639056,-348237377.10321516,-155569596.0829759,148697200203.6661,-6729131219.163759,-2917560511.4740696,58925.59354131943
46,2020,3,17,14,29,41.97,1146415.605,-14989466.793,-21862825.335,3873.1555599999997,80.63697,172.2591,2020-03-17 14:29:41.970,78070845.59016411,-348087790.42359424,-155591260.26129293,148698966172.56482,-6704468346.6301775,-2906870249.125336,58925.6039579861
46,2020,3,17,14,44,41.97,4612316.095,-14787681.757000001,-21519434.983,3817.72043,367.22443,589.8710900000001,2020-03-17 14:44:41.970,78963428.20108007,-347936262.9019242,-155612056.8990116,148700727292.07745,-6679805232.264753,-2896179881.6103,58925.61437465277
46,2020,3,17,14,59,41.97,7998443.845,-14330199.372,-20803872.891,3696.09599,648.02545,998.10158,2020-03-17 14:59:41.970,79855580.09965879,-347782796.17145836,-155631986.23263672,148702483562.13177,-6655141876.892634,-2885489409.280927,58925.62479131943
46,2020,3,17,15,14,41.97,11245979.68,-13624449.252,-19727816.132,3510.1461600000002,918.12054,1389.79338,2020-03-17 15:14:41.970,80747296.5724798,-347627391.87410456,-155651048.50294405,148704234982.65594,-6630478281.339058,-2874798832.489238,58925.6352079861
46,2020,3,17,15,29,41.97,14298303.91,-12682226.671,-18309285.531000003,3262.89025,1172.74281,1758.0284399999998,2020-03-17 15:29:41.970,81638572.9121935,-347470051.66040456,-155669243.95497292,148705981553.57812,-6605814446.429357,-2864108151.5872946,58925.64562465277
46,2020,3,17,15,44,41.97,17102020.584999997,-11519514.62,-16572371.337000001,2958.46443,1407.36801,2096.2588,2020-03-17 15:44:41.970,82529404.41753283,-347310777.18951344,-155686572.83801812,148707723274.8269,-6581150372.988962,-2853417366.927214,58925.65604131943
46,2020,3,17,15,59,41.97,19607936.434,-10156225.694,-14546842.461000001,2602.0595200000002,1617.80223,2398.4338900000002,2020-03-17 15:59:41.970,83419786.39332457,-347149570.12917715,-155703035.40562218,148709460146.33102,-6556486061.843416,-2842726478.861158,58925.6664579861
46,2020,3,17,16,14,41.97,21771973.474999998,-8615866.908,-12267644.081,2199.8359299999997,1800.26515,2659.12079,2020-03-17 16:14:41.970,84309714.15050136,-346986432.1557128,-155718631.91556767,148711192168.01938,-6531821513.818325,-2832035487.741336,58925.67687465277
46,2020,3,17,16,29,41.97,23555994.927,-6925132.509,-9774291.318,1758.81629,1951.46642,2873.61431,2020-03-17 16:29:41.970,85199183.00611258,-346821364.9539858,-155733362.6298694,148712919339.82138,-6507156729.739426,-2821344393.9200106,58925.68729131943
46,2020,3,17,16,44,41.97,24928525.285,-5113431.865999999,-7110169.589,1286.7579799999999,2068.67318,3038.0338500000003,2020-03-17 16:44:41.970,86088188.28333604,-346654370.21739125,-155747227.8147661,148714641661.66614,-6482491710.432543,-2810653197.749491,58925.6977079861
46,2020,3,17,16,59,41.97,25865347.463999998,-3212361.365,-4321754.92,792.00795,2149.7666799999997,3149.40394,2020-03-17 16:59:41.970,86976725.31148937,-346485449.64783096,-155760227.7407135,148716359133.48355,-6457826456.72358,-2799961899.5821266,58925.70812465277
46,2020,3,17,17,14,41.97,26349962.56,-1255130.939,-1457769.962,283.34317999999996,2193.2862,3205.71619,2020-03-17 17:14:41.970,87864789.42604102,-346314604.95569277,-155772362.68237573,148718071755.2036,-6433160969.438566,-2789270499.7703285,58925.71854131943
46,2020,3,17,17,29,41.97,26373901.066,724042.7479999999,1431706.594,-230.19918,2198.4590599999997,3205.97068,2020-03-17 17:29:41.970,88752375.96862155,-346141837.8598302,-155783632.91861826,148719779526.7564,-6408495249.403592,-2778578998.666547,58925.7289579861
46,2020,3,17,17,44,41.97,25936878.082,2690563.4390000002,4296158.067000001,-739.49785,2165.21565,3150.19542,2020-03-17 17:44:41.970,89639480.28703466,-345967150.0875419,-155794038.7324995,148721482448.0723,-6383829297.44487,-2767887396.623278,58925.73937465277
46,2020,3,17,17,59,41.97,25046789.123,4610089.117000001,7085555.336999999,-1235.52486,2094.18923,3039.4435299999996,2020-03-17 17:59:41.970,90526097.73526844,-345790543.37454945,-155803580.41126359,148723180519.08194,-6359163114.388707,-2757195693.9930773,58925.74979131943
46,2020,3,17,18,14,41.97,23719547.286000002,6449158.774999999,9751269.83,-1709.51989,1986.70053,2875.7682299999997,2020-03-17 18:14:41.970,91412223.67350587,-345612019.4649776,-155812258.24633217,148724873739.71616,-6334496701.061489,-2746503891.1285324,58925.7602079861
46,2020,3,17,18,29,41.97,21978766.619999997,8175798.7,12246954.398,-2153.15697,1844.72778,2662.17677,2020-03-17 18:29:41.970,92297853.46813653,-345431580.1113335,-155820072.53329694,148726562109.90598,-6309830058.289705,-2735811988.3822904,58925.77062465277
46,2020,3,17,18,44,41.97,19855300.389,9760095.648,14529373.765,-2558.69961,1670.8632699999998,2402.56472,2020-03-17 18:44:41.970,93182982.49176665,-345249227.0744849,-155827023.57191196,148728245629.58282,-6285163186.8999405,-2725119986.1070404,58925.78104131943
46,2020,3,17,18,59,41.97,17386646.32,11174725.399,16559167.918,-2919.1407200000003,1468.25795,2101.6330700000003,2020-03-17 18:59:41.970,94067606.12323031,-345064962.1236407,-155833111.66608602,148729924298.6783,-6260496087.718877,-2714427884.6555233,58925.7914579861
46,2020,3,17,19,14,41.97,14616233.811,12395426.713000001,18301534.075,-3228.32462,1240.55581,1764.7906799999998,2020-03-17 19:14:41.970,94951719.74759996,-344878787.03633,-155838337.12387434,148731598117.1242,-6235828761.573278,-2703735684.3805227,58925.80187465277
46,2020,3,17,19,29,41.97,11592610.258000001,13401412.377,19726815.329,-3481.04888,991.8200499999999,1398.04495,2020-03-17 19:29:41.970,95835318.7561973,-344690703.5983803,-155842700.25747165,148733267084.8525,-6211161209.290016,-2693043385.634868,58925.81229131943
46,2020,3,17,19,44,41.97,8368545.273,14175710.875999998,20810986.802,-3673.14482,726.4530599999999,1007.8838699999999,2020-03-17 19:44:41.970,96718398.54660375,-344500713.60389864,-155846201.38320407,148734931201.79556,-6186493431.696047,-2682350988.771441,58925.8227079861
46,2020,3,17,19,59,41.97,5000072.347999999,14705434.102,21536032.884,-3801.53593,449.11244,601.15246,2020-03-17 19:59:41.970,97600954.52267085,-344308818.85524964,-155848840.82152137,148736590467.88583,-6161825429.6184225,-2671658494.1431694,58925.83312465277
46,2020,3,17,20,14,41.97,1545487.8530000001,14981968.353,21890211.831,-3864.27439,164.62484999999998,184.92650999999998,2020-03-17 20:14:41.970,98482982.094531,-344115021.163036,-155850618.89698964,148738244883.05597,-6137157203.884274,-2660965902.103019,58925.84354131943
46,2020,3,17,20,29,41.97,-1935673.122,15001087.586,21868206.490000002,-3860.5561000000002,-122.10032,-233.61382,2020-03-17 20:29:41.970,99364476.6786077,-343919322.3460771,-155851535.93828315,148739894447.23917,-6112488755.320857,-2650273213.0040193,58925.8539579861
46,2020,3,17,20,44,41.97,-5383665.291999999,14762989.489,21471162.227,-3790.7155700000003,-406.15593,-647.30791,2020-03-17 20:44:41.970,100245433.69762589,-343721724.2313888,-155851592.27817735,148741539160.36853,-6087820084.755488,-2639580427.1992297,58925.86437465277
46,2020,3,17,20,59,41.97,-8739548.440000001,14272256.251999998,20706615.088,-3656.20183,-682.7191700000001,-1049.13433,2020-03-17 20:59:41.970,101125848.58062224,-343522228.65416396,-155850788.25354066,148743179022.3775,-6063151193.015598,-2628887545.041767,58925.87479131943
46,2020,3,17,21,14,41.97,-11946173.118999999,13537743.152999999,19588314.953,-3459.53712,-947.1297199999999,-1432.3243400000001,2020-03-17 21:14:41.970,102005716.76295558,-343320837.45775026,-155849124.20532683,148744814033.19986,-6038482080.9286785,-2618194566.8847837,58925.8852079861
46,2020,3,17,21,29,41.97,-14949122.077,12572398.98,18135949.766000003,-3204.26006,-1194.96297,-1790.46797,2020-03-17 21:29:41.970,102885033.68631671,-343117552.4936318,-155846600.47856796,148746444192.76953,-6013812749.322356,-2607501493.0814977,58925.89562465277
46,2020,3,17,21,44,41.97,-17697594.204,11393023.081,16374778.054,-2894.85509,-1422.09748,-2117.61163,2020-03-17 21:44:41.970,103763794.79873878,-342912375.62140685,-155843217.42236614,148748069501.02072,-5989143199.024313,-2596808323.985149,58925.90604131943
46,2020,3,17,21,59,41.97,-20145219.456,10019964.435,14335177.746,-2536.66991,-1624.7762699999998,-2408.3463699999998,2020-03-17 21:59:41.970,104641995.55460721,-342705308.70876914,-155838975.38988626,148749689957.8877,-5964473430.862338,-2586115059.9490385,58925.9164579861
46,2020,3,17,22,14,41.97,-22250794.685000002,8476768.564,12052119.957,-2135.82255,-1799.6614200000001,-2657.88628,2020-03-17 22:14:41.970,105519631.41466972,-342496353.63148725,-155833874.7383483,148751305563.3051,-5939803445.6643095,-2575421701.3265123,58925.92687465277
46,2020,3,17,22,29,41.97,-23978931.790999997,6789778.409,9564576.808,-1699.0997000000002,-1943.88172,-2862.13663,2020-03-17 22:29:41.970,106396697.84604625,-342285512.27338356,-155827915.82901967,148752916317.2081,-5915133244.258178,-2564728248.4709554,58925.93729131943
46,2020,3,17,22,44,41.97,-25300610.933,4987695.552,6914872.680000001,-1233.84765,-2055.0731,-3017.75136,2020-03-17 22:44:41.970,107273190.32223892,-342072786.5263149,-155821099.02720785,148754522219.53152,-5890462827.472015,-2554034701.735809,58925.9477079861
46,2020,3,17,22,59,41.97,-26193632.795,3101108.304,4147988.5510000004,-747.8572,-2131.4118,-3122.17987,2020-03-17 22:59:41.970,108149104.3231417,-341858178.29015255,-155813424.70225275,148756123270.21075,-5865792196.133965,-2543341061.47455,58925.95812465277
46,2020,3,17,23,14,41.97,-26642965.032,1161993.3129999998,1310829.175,-249.24391,-2171.64002,-3173.70274,2020-03-17 23:14:41.970,109024435.33505026,-341641689.4727612,-155804893.22751883,148757719469.1816,-5841121351.072258,-2532647328.040706,58925.96854131943
46,2020,3,17,23,29,41.97,-26640979.277,-796802.5249999999,-1548536.9270000001,253.67539,-2175.08407,-3171.45643,2020-03-17 23:29:41.970,109899178.85067153,-341423321.9899802,-155795504.98038816,148759310816.3796,-5816450293.115221,-2521953501.78785,58925.9789579861
46,2020,3,17,23,44,41.97,-26187575.673,-2742093.022,-4381654.641,752.50863,-2141.66475,-3115.44667,2020-03-17 23:44:41.970,110773330.36913359,-341203077.76560205,-155785260.3422524,148760897311.7412,-5791779023.091262,-2511259583.069598,58925.98937465277
46,2020,3,17,23,59,41.97,-25290193.403,-4640889.534,-7140466.379000001,1238.91571,-2071.90004,-3006.55049,2020-03-17 23:59:41.970,111646885.39599517,-340980958.7313538,-155774159.69850537,148762478955.20245,-5767107541.828886,-2500565572.239613,58925.99979131943
46,2020,3,18,0,14,41.97,-23963707.581,-6460933.949,-9778088.848,1704.73597,-1966.89996,-2846.50698,2020-03-18 00:14:41.970,112519839.44325508,-340756966.8268761,-155762203.4385359,148764055746.7,-5742435850.156684,-2489871469.651604,58926.0102079861
46,2020,3,18,0,29,41.97,-22230205.957999997,-8171236.901000001,-12249596.116999999,2142.11609,-1828.35259,-2637.89482,2020-03-18 00:29:41.970,113392188.02936165,-340531103.999704,-155749391.95571953,148765627686.17056,-5717763948.903337,-2479177275.659324,58926.02062465277
46,2020,3,18,0,44,41.97,-20118663.41,-9742572.837,-14512737.355999999,2543.63195,-1658.50361,-2384.10087,2020-03-18 00:44:41.970,114263926.67922243,-340303372.2052462,-155735725.64741197,148767194773.55124,-5693091838.897604,-2468482990.616571,58926.03104131943
46,2020,3,18,0,59,41.97,-17664496.175,-11147979.905,-16528660.746000001,2902.41096,-1460.12601,-2089.274,2020-03-18 00:59:41.970,115135050.92421326,-340073773.4067665,-155721204.91494095,148768757008.7793,-5668419520.968343,-2457788614.877184,58926.0414579861
46,2020,3,18,1,14,41.97,-14909014.369,-12363215.388,-18262570.528,3212.2468799999997,-1236.4823199999998,-1758.26829,2020-03-18 01:14:41.970,116005556.30218776,-339842309.5753625,-155705830.16359878,148770314391.79224,-5643746995.944488,-2447094148.7950525,58926.05187465277
46,2020,3,18,1,29,41.97,-11898772.931,-13367176.129999999,-19684331.551,3467.70817,-991.27846,-1396.5741,2020-03-18 01:29:41.970,116875438.35748658,-339608982.6899469,-155689601.80263552,148771866922.52774,-5619074264.65507,-2436399592.7241073,58926.06229131943
46,2020,3,18,1,44,41.97,-8684828.949000001,-14142273.82,-20769006.524,3664.2373300000004,-728.6095700000001,-1010.23749,2020-03-18 01:44:41.970,117744692.64094642,-339373794.73722744,-155672520.2452507,148773414600.92377,-5594401327.929208,-2425704947.0183306,58926.0727079861
46,2020,3,18,1,59,41.97,-5321914.224,-14674758.0,-21497315.692,3798.23956,-452.89813000000004,-605.7685200000001,2020-03-18 01:59:41.970,118613314.70990948,-339136747.71168715,-155654585.90858626,148774957426.91873,-5569728186.596095,-2415010212.0317335,58926.08312465277
46,2020,3,18,2,14,41.97,-1867533.774,-14954980.030000001,-21856009.195,3867.15839,-168.82470999999998,-190.03906,2020-03-18 02:14:41.970,119481300.12823245,-338897843.61556447,-155635799.21371922,148776495400.45102,-5545054841.485028,-2404315388.1183896,58926.09354131943
46,2020,3,18,2,29,41.97,1618997.1430000002,-14977591.747,-21838143.167999998,3869.53626,118.74777999999999,229.82877,2020-03-18 02:29:41.970,120348644.46629532,-338657084.45883435,-155616160.5856541,148778028521.45923,-5520381293.425377,-2393620475.6324077,58926.1039579861
46,2020,3,18,2,44,41.97,5077562.974,-14741673.290000001,-21443251.676,3805.05802,404.85557,646.5822,2020-03-18 02:44:41.970,121215343.30101083,-338414472.2591876,-155595670.45331556,148779556789.88257,-5495707543.24659,-2382925474.927938,58926.11437465277
46,2020,3,18,2,59,41.97,8448288.483000001,-14250785.476,-20677408.031,3674.5752199999997,684.51999,1052.9637300000002,2020-03-18 02:59:41.970,122081392.21583304,-338170009.04201263,-155574329.24954087,148781080205.65985,-5471033591.778223,-2372230386.3591795,58926.12479131943
46,2020,3,18,3,14,41.97,11672592.013,-13512943.315000001,-19553170.737,3480.1097,952.83653,1441.84124,2020-03-18 03:14:41.970,122946786.80076633,-337923696.84037435,-155552137.41107282,148782598768.73074,-5446359439.849903,-2361535210.2803745,58926.1352079861
46,2020,3,18,3,29,41.97,14694232.013999999,-12540508.639,-18089411.39,3224.83484,1205.06518,1806.33972,2020-03-18 03:29:41.970,123811522.6523744,-337675537.69499636,-155529095.378552,148784112479.03482,-5421685088.291337,-2350839947.0458083,58926.14562465277
46,2020,3,18,3,44,41.97,17460326.398000002,-11350001.447,-16311024.269,2913.0338,1436.7203900000002,2139.97196,2020-03-18 03:44:41.970,124675595.37378874,-337425533.6542399,-155505203.5965094,148785621336.5121,-5397010537.932327,-2340144597.009807,58926.15604131943
46,2020,3,18,3,59,41.97,19922323.72,-9961831.372000001,-14248519.963000001,2550.0342800000003,1643.6583,2436.76504,2020-03-18 03:59:41.970,125539000.57471777,-337173686.77408606,-155480462.51335967,148787125341.10248,-5372335789.602765,-2329449160.52675,58926.1664579861
46,2020,3,18,4,14,41.97,22036905.259999998,-8399952.628999999,-11937508.246,2142.12026,1822.15915,2691.37942,2020-03-18 04:14:41.970,126401733.87145516,-336919999.1181152,-155454872.5813928,148788624492.7467,-5347660844.1326065,-2318753637.951048,58926.17687465277
46,2020,3,18,4,29,41.97,23766797.702,-6691447.77,-9418078.302,1696.4219,1969.00268,2899.2174400000004,2020-03-18 04:29:41.970,127263790.8868889,-336664472.7574876,-155428434.25676775,148790118791.3851,-5322985702.351904,-2308058029.637162,58926.18729131943
46,2020,3,18,4,44,41.97,25081477.55,-4866047.59,-6734087.257,1220.78544,2081.5343300000004,3056.5180299999997,2020-03-18 04:44:41.970,128125167.25050947,-336407109.7709252,-155401147.99950445,148791608236.95877,-5298310365.090797,-2297362335.939595,58926.1977079861
46,2020,3,18,4,59,41.97,25957750.472,-2955596.337,-3932370.6999999997,723.62585,2157.7202500000003,3160.43498,2020-03-18 04:59:41.970,128985858.59841844,-336147912.2446912,-155373014.27347684,148793092829.40848,-5273634833.179503,-2286666557.212897,58926.20812465277
46,2020,3,18,5,14,41.97,26380191.53,-993473.086,-1061891.198,213.76566,2196.18944,3209.0960800000003,2020-03-18 05:14:41.970,129845860.57333732,-335886882.27257156,-155344033.54640508,148794572568.6759,-5248959107.448314,-2275970693.811648,58926.21854131943
46,2020,3,18,5,29,41.97,26341435.616,986018.5689999999,1827157.254,-299.73602,2196.26186,3201.6416099999997,2020-03-18 05:29:41.970,130705168.82461584,-335624021.95585525,-155314206.28984886,148796047454.70245,-5224283188.727624,-2265274746.0904884,58926.2289579861
46,2020,3,18,5,44,41.97,25842311.163999997,2948279.3649999998,4684269.532000001,-807.76005,2157.96141,3138.2407799999996,2020-03-18 05:44:41.970,131563779.00824007,-335359333.40331584,-155283532.97919995,148797517487.43005,-5199607077.847898,-2254578714.404091,58926.23937465277
46,2020,3,18,5,59,41.97,24891814.301,4859048.073,7459554.448,-1301.30454,2082.01372,3020.08584,2020-03-18 05:59:41.970,132421686.78684111,-335092818.73119175,-155252014.09367457,148798982666.8007,-5174930775.639681,-2243882599.107176,58926.24979131943
46,2020,3,18,6,14,41.97,23506924.768,6685026.328,10104644.505,-1771.65838,1969.82873,2849.36407,2020-03-18 06:14:41.970,133278887.82970335,-334824480.063167,-155219650.11630628,148800442992.75677,-5150254282.933596,-2233186400.5544996,58926.2602079861
46,2020,3,18,6,29,41.97,21712268.989,8394481.244,12573570.957,-2210.5667000000003,1823.46889,2629.20892,2020-03-18 06:29:41.970,134135377.81277268,-334554319.53035253,-155186441.5339393,148801898465.24075,-5125577600.560367,-2222490119.100871,58926.27062465277
46,2020,3,18,6,44,41.97,19539639.481999997,9957813.302000001,14823586.023,-2610.3840699999996,1645.60401,2363.6317999999997,2020-03-18 06:44:41.970,134991152.41866452,-334282339.27126765,-155152388.83722016,148803349084.1954,-5100900729.3507805,-2211793755.1011286,58926.28104131943
46,2020,3,18,6,59,41.97,17027383.132,11348078.201,16815915.939,-2964.21216,1439.4544,2057.4369899999997,2020-03-18 06:59:41.970,135846207.33667246,-334008541.43182015,-155117492.52059165,148804794849.56384,-5076223670.135712,-2201097308.9101663,58926.2914579861
46,2020,3,18,7,14,41.97,14219673.624,12541452.901,18516430.785,-3266.01909,1208.7240299999999,1716.1222599999999,2020-03-18 07:14:41.970,136700538.26277587,-333732928.1652877,-155081753.0822846,148806235761.28937,-5051546423.746129,-2190400780.8829155,58926.30187465277
46,2020,3,18,7,29,41.97,11165685.493999999,13517637.788,19896219.560000002,-3510.7384700000002,957.52574,1345.76821,2020-03-18 07:29:41.970,137554140.8996483,-333455501.6322991,-155045171.0243112,148807671819.3154,-5026868991.013051,-2179704171.3743477,58926.31229131943
46,2020,3,18,7,44,41.97,7918688.664,14260188.75,20932061.724,-3694.34692,690.3006499999999,952.9193700000001,2020-03-18 07:44:41.970,138407010.95666564,-333176264.00081533,-155007746.85245776,148809103023.58575,-5002191372.767604,-2169007480.739475,58926.3227079861
46,2020,3,18,7,59,41.97,4535083.145,14756774.815000001,21606789.14,-3813.91948,411.73368,544.46004,2020-03-18 07:59:41.970,139259144.14991337,-332895217.4461103,-154969481.0762773,148810529374.0443,-4977513569.8409815,-2158310709.3333573,58926.33312465277
46,2020,3,18,8,14,41.97,1073393.7510000002,14999358.858,21909535.07,-3867.6631,126.66736,127.48788,2020-03-18 08:14:41.970,140110536.20219567,-332612364.1507531,-154930374.20908272,148811950870.6355,-4952835583.064459,-2147613857.5110908,58926.34354131943
46,2020,3,18,8,29,41.97,-2406755.739,14984300.554,21835869.297000002,-3854.9290100000003,-159.98445,-290.81225,2020-03-18 08:29:41.970,140961182.84304225,-332327706.304588,-154890426.76793933,148813367513.30374,-4928157413.269397,-2136916925.6278205,58926.3539579861
46,2020,3,18,8,44,41.97,-5845670.3100000005,14712382.320999999,21387820.766,-3776.20479,-443.32120000000003,-703.2917699999999,2020-03-18 08:44:41.970,141811079.8087168,-332041246.10471606,-154849639.2736576,148814779301.99374,-4903479061.287231,-2126219914.0387263,58926.36437465277
46,2020,3,18,8,59,41.97,-9184595.882,14188760.331,20573791.01,-3633.08792,-718.53727,-1102.95727,2020-03-18 08:59:41.970,142660222.84222475,-331752985.75547683,-154808012.25078624,148816186236.65033,-4878800527.949478,-2115522823.0990317,58926.37479131943
46,2020,3,18,9,14,41.97,-12366699.836,13422843.819,19408363.324,-3428.24226,-980.9995700000001,-1483.08309,2020-03-18 09:14:41.970,143508607.69332054,-331462927.46843004,-154765546.22760534,148817588317.21896,-4854121814.087727,-2104825653.164002,58926.3852079861
46,2020,3,18,9,29,41.97,-15338005.362,12428106.82,17912013.952,-3165.33921,-1226.31991,-1837.31625,2020-03-18 09:29:41.970,144356230.11851618,-331171073.46233535,-154722241.73611832,148818985543.6449,-4829442920.533652,-2094128404.5889456,58926.39562465277
46,2020,3,18,9,44,41.97,-18048266.688,11221837.234000001,16110732.607,-2848.9854800000003,-1450.42183,-2159.77287,2020-03-18 09:44:41.970,145203085.88108853,-330877425.96313566,-154678099.3120459,148820377915.87396,-4804763848.119016,-2083431077.7292118,58926.40604131943
46,2020,3,18,9,59,41.97,-20451773.819,9824828.659,14035560.459,-2484.63898,-1649.60088,-2445.12506,2020-03-18 09:59:41.970,146049170.75108665,-330581987.20393693,-154633119.49481818,148821765433.85214,-4780084597.675632,-2072733672.940189,58926.4164579861
46,2020,3,18,10,14,41.97,-22508076.939,8261020.850000001,11722054.293,-2078.51461,-1820.5784,-2688.67798,2020-03-18 10:14:41.970,146894480.50533983,-330284759.4249912,-154587302.82756796,148823148097.52533,-4755405170.035414,-2062036190.5773065,58926.42687465277
46,2020,3,18,10,29,41.97,-24182622.069000002,6557094.993,9209685.989,-1637.4815700000001,-1960.54818,-2886.4365,2020-03-18 10:29:41.970,147739010.92746505,-329985744.8736765,-154540649.8571236,148824525906.84012,-4730725566.0303545,-2051338630.9960392,58926.43729131943
46,2020,3,18,10,44,41.97,-25447290.906,4742030.159,6541186.741,-1168.95331,-2067.2160000000003,-3035.16127,2020-03-18 10:44:41.970,148582757.80787417,-329684945.8044797,-154493161.1340017,148825898861.74323,-4706045786.492499,-2040640994.551893,58926.4477079861
46,2020,3,18,10,59,41.97,-26280838.967,2846627.507,3761845.687,-680.77179,-2138.83175,-3132.41396,2020-03-18 10:59:41.970,149425716.94378215,-329382364.4789773,-154444837.21240023,148827266962.1815,-4681365832.2540045,-2029943281.6004286,58926.45812465277
46,2020,3,18,11,14,41.97,-26669227.364,903008.8990000001,918772.7529999999,-181.08717,-2174.21411,-3176.59149,2020-03-18 11:14:41.970,150267884.13921368,-329078003.16581756,-154395678.6501917,148828630208.10208,-4656685704.147077,-2019245492.4972384,58926.46854131943
46,2020,3,18,11,29,41.97,-26605844.677,-1055903.302,-1939864.329,321.76617000000005,-2172.76771,-3166.94918,2020-03-18 11:29:41.970,151109255.20501104,-328771864.1407015,-154345686.00891545,148829988599.4524,-4632005403.004007,-2008547627.5979545,58926.4789579861
46,2020,3,18,11,44,41.97,-26091616.046,-2996918.358,-4765618.761,819.39586,-2134.49248,-3103.61258,2020-03-18 11:44:41.970,151949825.9588414,-328463949.68636554,-154294859.85377142,148831342136.17993,-4607324929.657181,-1997849687.2582574,58926.48937465277
46,2020,3,18,11,59,41.97,-25134998.125,-4887114.260000001,-7510548.942000001,1303.47885,-2059.98526,-2987.57791,2020-03-18 11:59:41.970,152789592.22520405,-328154262.09256196,-154243200.7536126,148832690818.23282,-4582644284.939032,-1987151671.8338575,58926.49979131943
46,2020,3,18,12,14,41.97,-23751859.137,-6694372.682999999,-10127997.917000001,1765.88923,-1950.43346,-2820.70089,2020-03-18 12:14:41.970,153628549.83543774,-327842803.6560419,-154190709.28093812,148834034645.55902,-4557963469.682077,-1976453581.6805124,58926.5102079861
46,2020,3,18,12,29,41.97,-21965244.598,-8387904.65,-12573357.502,2198.82426,-1807.60069,-2605.67382,2020-03-18 12:29:41.970,154466694.62772804,-327529576.6805361,-154137386.0118864,148835373618.10693,-4533282484.718922,-1965755417.1540208,58926.52062465277
46,2020,3,18,12,44,41.97,-19805030.439,-9938759.561999999,-14804806.455,2594.92833,-1633.80419,-2345.99082,2020-03-18 12:44:41.970,155304022.44711405,-327214583.4767376,-154083231.52622783,148836707735.82507,-4508601330.882233,-1955057178.6102157,58926.53104131943
46,2020,3,18,12,59,41.97,-17307466.267,-11320310.257,-16784011.982,2947.41292,-1431.88409,-2045.90108,2020-03-18 12:59:41.970,156140529.14549622,-326897826.36228275,-154028246.40735808,148838036998.66254,-4483920009.0047655,-1944358866.4049778,58926.5414579861
46,2020,3,18,13,14,41.97,-14514613.041000001,-12508706.659,-18476783.777,3250.1709600000004,-1205.16438,-1710.35017,2020-03-18 13:14:41.970,156976210.58164334,-326579307.6617338,-153972431.24229124,148839361406.56808,-4459238519.919336,-1933660480.8942213,58926.55187465277
46,2020,3,18,13,29,41.97,-11473680.904000001,-13483290.628999999,-19853669.898000002,3497.8840400000004,-957.40572,-1344.9094699999998,2020-03-18 13:29:41.970,157811062.62119892,-326259029.7065603,-153915786.6216524,148840680959.49124,-4434556864.458847,-1922962022.433904,58926.56229131943
46,2020,3,18,13,44,41.97,-8236274.509999999,-14226964.706,-20890483.913,3686.1204700000003,-692.75022,-955.69412,2020-03-18 13:44:41.970,158645081.1366894,-325936994.83512145,-153858313.13967118,148841995657.38162,-4409875043.456266,-1912263491.3800194,58926.5727079861
46,2020,3,18,13,59,41.97,-4857554.959,-14726507.674,-21568753.123999998,3811.4221900000002,-415.65854,-549.26975,2020-03-18 13:59:41.970,159478262.0075302,-325613205.39264786,-153800011.3941744,148843305500.18896,-4385193057.744637,-1901564888.0886042,58926.58312465277
46,2020,3,18,14,14,41.97,-1395329.2750000001,-14972830.228999998,-21876078.213,3871.37849,-130.8398,-132.54906,2020-03-18 14:14:41.970,160310601.12003303,-325287663.73122334,-153740881.98657945,148844610487.86343,-4360510908.157092,-1890866212.9157376,58926.59354131943
46,2020,3,18,14,29,41.97,2090919.7370000002,-14961164.581,-21806395.502,3864.6844699999997,156.82502000000002,287.32092,2020-03-18 14:29:41.970,161142094.36741313,-324960372.2097677,-153680925.52188715,148845910620.35526,-4335828595.526813,-1880167466.2175322,58926.6039579861
46,2020,3,18,14,44,41.97,5541048.506,-14691182.557,-21360134.113,3791.1819499999997,442.36517,703.0794500000001,2020-03-18 14:44:41.970,161972737.64979577,-324631333.19401765,-153620142.60867506,148847205897.61487,-4311146120.687072,-1869468648.35014,58926.61437465277
46,2020,3,18,14,59,41.97,8895296.048,-14167037.743999999,-20544261.75,3651.8811800000003,720.80662,1107.47857,2020-03-18 14:59:41.970,162802526.87422305,-324300549.0565104,-153558533.85909036,148848496319.59332,-4286463484.4712114,-1858769759.6697605,58926.62479131943
46,2020,3,18,15,14,41.97,12095337.443,-13397328.417000001,-19372214.648000002,3448.9614500000002,987.26136,1493.4136600000002,2020-03-18 15:14:41.970,163631457.95466125,-323968022.1765644,-153496099.888843,148849781886.24152,-4261780687.7126336,-1848070800.5326176,58926.6352079861
46,2020,3,18,15,29,41.97,15085327.89,-12394979.425999999,-17863709.288999997,3185.7493099999997,1237.0178700000001,1854.05518,2020-03-18 15:29:41.970,164459526.8120073,-323633754.9402622,-153432841.31719926,148851062597.51083,-4237097731.244836,-1837371771.2949915,58926.64562465277
46,2020,3,18,15,44,41.97,17812916.782,-11177042.868,-16044435.963,2866.67364,1465.63077,2182.97896,2020-03-18 15:44:41.970,165286729.3740953,-323297749.74043304,-153368758.7669741,148852338453.35275,-4212414615.9013743,-1826672672.3131907,58926.65604131943
46,2020,3,18,15,59,41.97,20230210.792999998,-9764419.211000001,-13945636.914,2497.1973,1669.0076099999999,2474.2918999999997,2020-03-18 15:59:41.970,166113061.57570368,-322960008.9766341,-153303852.86452478,148853609453.71902,-4187731342.5158796,-1815973503.943565,58926.6664579861
46,2020,3,18,16,14,41.97,22294665.061,-8181502.451,-11603574.638,2083.7258300000003,1843.4904999999999,2722.74979,2020-03-18 16:14:41.970,166938519.35856158,-322620535.05513364,-153238124.23974416,148854875598.56165,-4163047911.922047,-1805274266.542499,58926.67687465277
46,2020,3,18,16,29,41.97,23969882.330000002,-6455754.949,-9058898.853,1633.4944899999998,1985.93041,2923.86417,2020-03-18 16:29:41.970,167763098.67135596,-322279330.38889277,-153171573.5260535,148856136887.83292,-4138364324.953662,-1794574960.4664261,58926.68729131943
46,2020,3,18,16,44,41.97,25226301.408,-4617219.489,-6355923.481,1154.43568,2093.752,3073.99495,2020-03-18 16:44:41.970,168586795.4697374,-321936397.3975484,-153104201.3603959,148857393321.48532,-4113680582.4445643,-1783875586.0718102,58926.6977079861
46,2020,3,18,16,59,41.97,26041758.463,-2697978.004,-3541827.6489999997,655.0294399999999,2165.0070299999998,3170.4261699999997,2020-03-18 16:59:41.970,169409605.71632758,-321591738.50739485,-153036008.3832292,148858644899.47177,-4088996685.22867,-1773176143.7151537,58926.70812465277
46,2020,3,18,17,14,41.97,26401907.534,-731567.979,-665797.037,144.14075000000003,2198.41475,3211.42249,2020-03-18 17:14:41.970,170231525.3807254,-321245356.15136695,-152966995.23851946,148859891621.74506,-4064312634.139969,-1762476633.7530017,58926.71854131943
46,2020,3,18,17,29,41.97,26300490.066,1247631.12,2221876.274,-369.15257,2193.38795,3196.26468,2020-03-18 17:29:41.970,171052550.4395135,-320897252.7690217,-152897162.5737341,148861133488.25845,-4039628430.0125246,-1751777056.5419364,58926.7289579861
46,2020,3,18,17,44,41.97,25739447.062,3205028.165,5070716.001,-875.7367499999999,2150.0440200000003,3125.2630099999997,2020-03-18 17:44:41.970,171872676.87626496,-320547430.80652165,-152826511.03983513,148862370498.96558,-4014944073.6804585,-1741077412.4385757,58926.73937465277
46,2020,3,18,17,59,41.97,24728871.603,5106453.705,7830985.848999999,-1366.63913,2069.20066,2999.74827,2020-03-18 17:59:41.970,172691900.68154913,-320195892.716617,-152755041.29127213,148863602653.82013,-3990259565.977975,-1730377701.799577,58926.74979131943
46,2020,3,18,18,14,41.97,23286803.610999998,6918782.624000001,10454595.69,-1833.20089,1952.35648,2822.04088,2020-03-18 18:14:41.970,173510217.85293904,-319842640.9586279,-152682753.9859758,148864829952.776,-3965574907.7393365,-1719677924.9816363,58926.7602079861
46,2020,3,18,18,29,41.97,21438872.786,8610532.853,12895970.451,-2267.24106,1801.6573199999998,2595.39918,2020-03-18 18:29:41.970,174327624.3950171,-319487677.99842715,-152609649.7853513,148866052395.78748,-3940890099.7988987,-1708978082.3414903,58926.77062465277
46,2020,3,18,18,44,41.97,19217799.399,10152427.768,15112863.793,-2661.2077799999997,1619.84951,2323.9487900000004,2020-03-18 18:44:41.970,175144116.31938168,-319131006.30842304,-152535729.35427082,148867269982.80893,-3916205142.9910574,-1698278174.2359085,58926.78104131943
46,2020,3,18,18,59,41.97,16662765.864,11517911.157,17067100.559,-3008.31366,1410.2215,2012.5953600000003,2020-03-18 18:59:41.970,175959689.6446531,-318772628.3675418,-152460993.36106765,148868482713.79517,-3891520038.1502953,-1687578201.0216968,58926.7914579861
46,2020,3,18,19,14,41.97,13818674.743999999,12683605.205,18725234.238,-3302.65243,1176.5359099999998,1666.9235,2020-03-18 19:14:41.970,176774340.39648092,-318412546.6612102,-152385442.47752926,148869690588.70123,-3866834786.1111584,-1676878163.0557067,58926.80187465277
46,2020,3,18,19,29,41.97,10735310.86,13629703.656,20059108.309,-3539.29513,922.9537799999999,1293.0847299999998,2020-03-18 19:29:41.970,177588064.6075487,-318050763.68133867,-152309077.37889022,148870893607.48212,-3842149387.7082605,-1666178060.6948202,58926.81229131943
46,2020,3,18,19,44,41.97,7466426.5370000005,14340294.216,21046313.053999998,-3714.36463,653.95342,897.67773,2020-03-18 19:44:41.970,178400858.31758162,-317687281.9263029,-152231898.74382576,148872091770.0934,-3817463843.7762985,-1655477894.2959642,58926.8227079861
46,2020,3,18,19,59,41.97,4068769.725,14803606.09,21670532.161,-3825.08803,374.24553,487.62370999999996,2020-03-18 19:59:41.970,179212717.5733518,-317322103.9009282,-152153907.25444514,148873285076.49084,-3792778155.150014,-1644777664.216093,58926.83312465277
46,2020,3,18,20,14,41.97,601074.789,15012180.377,21921776.09,-3869.82728,88.68698,70.03985999999999,2020-03-18 20:14:41.970,180023638.42868498,-316955232.1164711,-152075103.59628505,148874473526.63028,-3768092322.664231,-1634077370.812205,58926.84354131943
46,2020,3,18,20,29,41.97,-2876964.65,14962962.754,21796501.66,-3848.08862,-197.8054,-347.88659,2020-03-18 20:29:41.970,180833616.94446635,-316586669.0906023,-151995488.45830247,148875657120.4679,-3743406347.1538405,-1623377014.4413352,58926.8539579861
46,2020,3,18,20,44,41.97,-6305722.329,14657319.339,21297619.46,-3760.51217,-480.33905999999996,-759.02131,2020-03-18 20:44:41.970,181642649.18864676,-316216417.3473905,-151915062.5328685,148876835857.96014,-3718720229.453805,-1612676595.4605565,58926.86437465277
46,2020,3,18,20,59,41.97,-9626648.136,14100978.015,20434392.66,-3608.843,-754.12694,-1156.40096,2020-03-18 20:59:41.970,182450731.23624885,-315844479.41728365,-151833826.51576164,148878009739.06372,-3694033970.3991327,-1601976114.2269726,58926.87479131943
46,2020,3,18,21,14,41.97,-12783243.200000001,13303898.537999999,19222232.334,-3395.88541,-1014.5643499999999,-1533.34485,2020-03-18 21:14:41.970,183257859.16937342,-315470857.837093,-151751781.1061608,148879178763.73547,-3669347570.8249354,-1591275571.097732,58926.8852079861
46,2020,3,18,21,29,41.97,-15721986.956999999,12280075.696,17682395.746,-3125.44228,-1257.3007400000001,-1883.5587600000001,2020-03-18 21:29:41.970,184064029.07720456,-315095555.14997625,-151668927.00663918,148880342931.93268,-3644661031.5663657,-1580574966.430018,58926.89562465277
46,2020,3,18,21,44,41.97,-18393203.46,11047280.484000001,15841595.035,-2802.241,-1478.30555,-2201.23005,2020-03-18 21:44:41.970,184869237.05601647,-314718573.9054198,-151585264.9231571,148881502243.61276,-3619974353.4586406,-1569874300.5810437,58926.90604131943
46,2020,3,18,21,59,41.97,-20751855.781999998,9626744.793,13731524.516999999,-2431.8479599999996,-1673.92783,-2481.1132900000002,2020-03-18 21:59:41.970,185673479.20917916,-314339916.6592217,-151500795.56505597,148882656698.73334,-3595287537.337065,-1559173573.908072,58926.9164579861
46,2020,3,18,22,14,41.97,-22758258.851,8042795.538000001,11388315.397,-2020.5731400000002,-1840.94892,-2718.6059099999998,2020-03-18 22:14:41.970,186476751.64716437,-313959585.97347504,-151415519.6450512,148883806297.25223,-3570600584.0369864,-1548472786.7683895,58926.92687465277
46,2020,3,18,22,29,41.97,-24378702.498,6322444.416,8851927.055,-1575.3662,-1976.62832,-2909.81342,2020-03-18 22:29:41.970,187279050.48755136,-313577584.41655165,-151329437.8792259,148884951039.1277,-3545913494.393837,-1537771939.5193276,58926.93729131943
46,2020,3,18,22,44,41.97,-25585977.814000003,4494939.709,6165484.4059999995,-1103.70572,-2078.74217,-3051.60398,2020-03-18 22:44:41.970,188080371.85503316,-313193914.5630837,-151242550.98702416,148886090924.31815,-3521226269.2430983,-1527071032.518247,58926.9477079861
46,2020,3,18,22,59,41.97,-26359801.085,2591286.71,3374570.997,-613.48262,-2145.61443,-3141.65219,2020-03-18 22:59:41.970,188880711.88142192,-312808578.9939478,-151154859.6912445,148887225952.78214,-3496538909.4203386,-1516370066.122555,58926.95812465277
46,2020,3,18,23,14,41.97,-26687130.824,643743.449,526487.691,-112.8794,-2176.14059,-3178.47172,2020-03-18 23:14:41.970,189680066.7056555,-312421580.2962484,-151066364.71803352,148888356124.47867,-3471851415.7611637,-1505669040.6896837,58926.96854131943
46,2020,3,18,23,29,41.97,-26562374.443,-1314701.488,-2330513.096,389.75432,-2169.80375,-3161.43698,2020-03-18 23:29:41.970,190478432.47380203,-312032921.06330013,-150977066.79687896,148889481439.3668,-3447163789.1012745,-1494967956.5771108,58926.9789579861
46,2020,3,18,23,44,41.97,-25987481.88,-3250862.153,-5148007.498,886.02816,-2126.68298,-3090.7933500000004,2020-03-18 23:44:41.970,191275805.339067,-311642603.8946117,-150886966.66060337,148890601897.40588,-3422476030.2764187,-1484266814.142346,58926.98937465277
46,2020,3,18,23,59,41.97,-24971924.956,-5131892.452,-7878184.414,1367.6385,-2047.45387,-2967.6559700000003,2020-03-18 23:59:41.970,192072181.46179822,-311250631.3958686,-150796065.0453578,148891717498.55566,-3397788140.122402,-1473565613.742929,58926.99979131943
46,2020,3,19,0,14,41.97,-23532563.003,-6925817.774,-10474619.706,1826.4957399999998,-1933.38134,-2793.99735,2020-03-19 00:14:41.970,192867557.00949186,-310857006.178917,-150704362.69061488,148892828242.77603,-3373100119.4751205,-1462864355.7364483,58927.0102079861
46,2020,3,19,0,29,41.97,-21693388.681,-8602069.116999999,-12893052.616,2254.85154,-1786.30343,-2572.6215899999997,2020-03-19 00:29:41.970,193661928.15679786,-310461730.8617463,-150611860.3391624,148893934130.027,-3348411969.170508,-1452163040.4805186,58927.02062465277
46,2020,3,19,0,44,41.97,-19485172.248999998,-10131973.721,-15092096.218999999,2645.42009,-1608.6087200000002,-2307.12965,2020-03-19 00:44:41.970,194455291.08552578,-310064808.06847316,-150518558.73709717,148895035160.26898,-3323723690.0445714,-1441461668.3327882,58927.03104131943
46,2020,3,19,0,59,41.97,-16944986.407,-11489246.965,-17033948.759999998,2991.49893,-1403.20381,-2001.8699299999998,2020-03-19 00:59:41.970,195247641.9846505,-309666240.4293243,-150424458.63381803,148896131333.4625,-3299035282.933385,-1430760239.650951,58927.0414579861
46,2020,3,19,1,14,41.97,-14115630.931,-12650438.618,-18685036.323,3287.0820400000002,-1173.47338,-1661.87819,2020-03-19 01:14:41.970,196038977.05031794,-309266030.5806206,-150329560.78201962,148897222649.56863,-3274346748.6730933,-1420058754.7927299,58927.05187465277
46,2020,3,19,1,29,41.97,-11044957.51,-13595341.997,-20016599.851,3526.96591,-923.23192,-1292.80537,2020-03-19 01:29:41.970,196829292.48584998,-308864181.16475964,-150233865.93768603,148898309108.54837,-3249658088.099889,-1409357214.1158838,58927.06229131943
46,2020,3,19,1,44,41.97,-7785103.225,-14307356.068,-21005212.025000002,3706.8461899999998,-656.66746,-900.83395,2020-03-19 01:44:41.970,197618584.50175092,-308460694.8301994,-150137374.8600839,148899390710.3631,-3224969302.0500283,-1398655617.9782047,58927.0727079861
46,2020,3,19,1,59,41.97,-4391642.0200000005,-14773793.449000001,-21633213.865999997,3823.4029,-378.27772,-492.58333,2020-03-19 01:59:41.970,198406849.31571248,-308055574.23144245,-150040088.31175664,148900467454.97437,-3200280391.359844,-1387953966.7375233,58927.08312465277
46,2020,3,19,2,14,41.97,-922665.349,-14986127.673999999,-21889061.512000002,3874.37227,-92.79907,-75.005,2020-03-19 02:14:41.970,199194083.15261933,-307648822.02901864,-149942007.05851716,148901539342.34412,-3175591356.8657184,-1377252260.751706,58927.09354131943
46,2020,3,19,2,29,41.97,2562194.899,-14940173.624,-21767574.485,3858.60284,194.8708,344.73134,2020-03-19 02:29:41.970,199980282.24455476,-307240440.8894686,-149843131.86944246,148902606372.43436,-3150902199.404107,-1366550500.3786535,58927.1039579861
46,2020,3,19,2,44,41.97,6002786.209,-14636195.806,-21270077.93,3776.0939599999997,479.7557,759.35924,2020-03-19 02:44:41.970,200765442.83080587,-306830433.485328,-149743463.5168659,148903668545.2074,-3126212919.811519,-1355848685.976299,58927.11437465277
46,2020,3,19,2,59,41.97,9339481.207,-14078940.182,-20404432.766000003,3628.01468,756.8878,1161.6427899999999,2020-03-19 02:59:41.970,201549561.15786964,-306418802.4951106,-149643002.7763721,148904725860.6261,-3101523518.924525,-1345146817.9026117,58927.12479131943
46,2020,3,19,3,14,41.97,12514231.0,-13277586.445999999,-19184949.549000002,3416.70145,1021.39724,1544.5073300000001,2020-03-19 03:14:41.970,202332633.47945738,-306005550.6032919,-149541750.42678958,148905778318.653,-3076833997.57976,-1334444896.5155954,58927.1352079861
46,2020,3,19,3,29,41.97,15471606.344,-12245619.15,-17632183.992,3145.63321,1268.6026,1901.17127,2020-03-19 03:29:41.970,203114656.05650103,-305590680.5002927,-149439707.25018513,148906825919.25128,-3052144356.6139336,-1323742922.1732934,58927.14562465277
46,2020,3,19,3,44,41.97,18159806.046,-11000617.716,-15772614.534,2819.38337,1494.10028,2225.27592,2020-03-19 03:44:41.970,203895625.15715793,-305174194.8824634,-149336874.03185642,148907868662.38452,-3027454596.8637886,-1313040895.2337742,58927.15604131943
46,2020,3,19,3,59,41.97,20531611.520999998,-9563967.264999999,-13638205.089,2443.54826,1693.8507599999998,2511.01024,2020-03-19 03:59:41.970,204675537.0568165,-304756096.4520666,-149233251.5603267,148908906548.01593,-3002764719.1661506,-1302338816.05515,58927.1664579861
46,2020,3,19,4,14,41.97,22545266.689,-7960494.108,-11265858.946,2024.65289,1864.25936,2753.2274399999997,2020-03-19 04:14:41.970,205454388.038101,-304336387.9172622,-149128840.6273379,148909939576.10953,-2978074724.3578987,-1291636684.995559,58927.17687465277
46,2020,3,19,4,29,41.97,24165263.206,-6218031.784,-8696772.697,1570.03513,2002.2494900000002,2947.55002,2020-03-19 04:29:41.970,206232174.39087772,-303915071.99208987,-149023642.02784422,148910967746.6294,-2953384613.2759743,-1280934502.4131815,58927.18729131943
46,2020,3,19,4,44,41.97,25363012.645999998,-4366925.467,-5975701.947,1087.71072,2105.32598,3090.4603,2020-03-19 04:44:41.970,207008892.41225973,-303492151.3964532,-148917656.5600058,148911991059.5398,-2928694386.757383,-1270232268.666229,58927.1977079861
46,2020,3,19,4,59,41.97,26117389.494,-2439484.408,-3150153.122,586.2217400000001,2171.62696,3179.37366,2020-03-19 04:59:41.970,207784538.40661177,-303067628.8561042,-148810885.02518266,148913009514.80542,-2904004045.6391797,-1259529984.1129436,58927.20812465277
46,2020,3,19,5,14,41.97,26415131.761,-469393.603,-269517.995,74.47236,2199.96233,3212.69228,2020-03-19 05:14:41.970,208559108.68555635,-302641507.1026263,-148703328.227928,148914023112.39093,-2879313590.758484,-1248827649.111607,58927.21854131943
46,2020,3,19,5,29,41.97,26251089.49,1508902.797,2615830.684,-438.44415,2189.8379600000003,3189.8376399999997,2020-03-19 05:29:41.970,209332599.56797835,-302213788.8734185,-148594986.97598213,148915031852.26157,-2854623022.9524865,-1238125264.0205343,58927.2289579861
46,2020,3,19,5,44,41.97,25628315.335,3460833.0270000002,5455462.9059999995,-943.42269,2141.4646199999997,3111.26086,2020-03-19 05:44:41.970,210105007.38003,-301784476.91167974,-148485862.08026627,148916035734.38254,-2829932343.0584097,-1227422829.1980674,58927.23937465277
46,2020,3,19,5,59,41.97,24557995.492,5352330.4399999995,8199814.350000001,-1431.52302,2055.75169,2978.43071,2020-03-19 05:59:41.970,210876328.45513684,-301353573.9663912,-148375954.3548757,148917034758.7194,-2805241551.9135714,-1216720345.0025916,58927.24979131943
46,2020,3,19,6,14,41.97,23059223.424,7150453.757999999,10801088.613,-1894.14164,1934.28584,2793.7997299999997,2020-03-19 06:14:41.970,211646559.1340022,-300921082.7923023,-148265264.61707395,148918028925.23807,-2780550650.355319,-1206017811.7925186,58927.2602079861
46,2020,3,19,6,29,41.97,21158622.858999997,8823981.668,13214119.604,-2323.1742299999996,1779.2955200000001,2560.7498299999997,2020-03-19 06:29:41.970,212415695.76461232,-300487006.1499141,-148153793.6872866,148919018233.90454,-2755859639.221071,-1195315229.9262981,58927.27062465277
46,2020,3,19,6,44,41.97,18889830.194,10343969.545,15397176.397,-2711.16501,1593.60252,2283.51919,2020-03-19 06:44:41.970,213183734.70224193,-300051346.8054616,-148041542.38909444,148920002684.68515,-2731168519.3483105,-1184612599.7624137,58927.28104131943
46,2020,3,19,6,59,41.97,16292849.667000001,11684257.377,17312694.812000003,-3051.43965,1380.56227,1967.11296,2020-03-19 06:59:41.970,213950672.30945876,-299614107.53090054,-147928511.5492277,148920982277.54636,-2706477291.574562,-1173909921.659378,58927.2914579861
46,2020,3,19,7,14,41.97,13413297.24,12821919.548,18927922.321999997,-3338.21929,1143.99469,1617.2004499999998,2020-03-19 07:14:41.970,214716504.95612907,-299175291.10388863,-147814701.99755976,148921957012.45514,-2681785956.737424,-1163207195.9757397,58927.30187465277
46,2020,3,19,7,29,41.97,10301551.114,13737648.913999999,20215465.507,-3566.7137900000002,888.10764,1240.0019,2020-03-19 07:29:41.970,215481229.01942235,-298734900.3077721,-147700114.56710067,148922926889.37848,-2657094515.6745377,-1152504423.0700798,58927.31229131943
46,2020,3,19,7,44,41.97,7011828.04,14416069.452,21153732.031,-3733.19327,617.41512,842.1678099999999,2020-03-19 07:44:41.970,216244840.88381642,-298292937.93156826,-147584750.09399092,148923891908.28363,-2632402969.223615,-1141801603.301014,58927.3227079861
46,2020,3,19,7,59,41.97,3601205.193,14845973.644,21727261.827999998,-3835.0375200000003,336.65213,430.65388,2020-03-19 07:59:41.970,217007336.94110242,-297849406.7699498,-147468609.4174956,148924852069.13818,-2607711318.222433,-1131098737.0271928,58927.33312465277
46,2020,3,19,8,14,41.97,128607.40699999999,15020482.561,21926944.839,-3870.76366,50.68832999999999,12.59444,2020-03-19 08:14:41.970,217768713.59038985,-297404309.6232295,-147351693.37999746,148925807371.90988,-2583019563.5088015,-1120395824.607295,58927.34354131943
46,2020,3,19,8,29,41.97,-3346220.9760000003,14937128.258000001,21750125.047000002,-3840.03286,-235.55794,-404.82325000000003,2020-03-19 08:29:41.970,218528967.23811156,-296957649.2973439,-147234002.82699147,148926757816.56696,-2558327705.920598,-1109692866.4000335,58927.3539579861
46,2020,3,19,8,44,41.97,-6763741.278000001,14597859.608000001,21200592.741,-3743.6372499999998,-517.20363,-814.48136,2020-03-19 08:44:41.970,219288094.29802835,-296509428.6038378,-147115538.60707816,148927703403.07745,-2533635746.295762,-1098989862.7641544,58927.36437465277
46,2020,3,19,8,59,41.97,-10065625.594999999,14008973.967,20288468.768999998,-3583.46866,-789.4816,-1209.44884,2020-03-19 08:59:41.970,220046091.1912342,-296059650.3598484,-146996301.57195744,148928644131.41013,-2508943685.472286,-1088286814.0584388,58927.37479131943
46,2020,3,19,9,14,41.97,-13195726.16,13180978.157,19029986.137,-3362.47075,-1047.81692,-1583.09199,2020-03-19 09:14:41.970,220802954.34616107,-295608317.3880893,-146876292.5764225,148929580001.53375,-2484251524.2882237,-1077583720.6417022,58927.3852079861
46,2020,3,19,9,29,41.97,-16100994.865,12128383.126999998,17447175.531,-3084.57641,-1287.89782,-1929.17717,2020-03-19 09:29:41.970,221558680.1985839,-295155432.5168351,-146755512.47835377,148930511013.4173,-2459559263.581675,-1066880582.8727846,58927.39562465277
46,2020,3,19,9,44,41.97,-18732340.424999997,10869437.335,15567462.326000001,-2754.63209,-1505.74081,-2241.96468,2020-03-19 09:44:41.970,222313265.19162518,-294700998.5799057,-146633962.13871238,148931437167.03,-2434866904.190803,-1056177401.1105627,58927.40604131943
46,2020,3,19,9,59,41.97,-21045412.240000002,9425804.409,13423183.388,-2378.31084,-1697.7493299999999,-2516.29303,2020-03-19 09:59:41.970,223066705.77575988,-294245018.4166502,-146511642.4215345,148932358462.3416,-2410174446.953829,-1045474175.7139516,58927.4164579861
46,2020,3,19,10,14,41.97,-23001301.494,7822191.057,11051032.526,-1962.01563,-1860.76562,-2747.65312,2020-03-19 10:14:41.970,223818998.4088203,-293787494.8719318,-146388554.19392458,148933274899.32166,-2385481892.709014,-1034770907.0418843,58927.42687465277
46,2020,3,19,10,29,41.97,-24567151.465,6085931.437,8491443.800999999,-1512.77451,-1992.11552,-2932.2521199999996,2020-03-19 10:29:41.970,224570139.5560012,-293328430.7961115,-146264698.32604966,148934186477.94028,-2360789242.2946963,-1024067595.4533436,58927.43729131943
46,2020,3,19,10,44,41.97,-25716670.290999997,4246534.448000001,5787922.225000001,-1038.1288900000002,-2089.64609,-3067.06649,2020-03-19 10:44:41.970,225320125.68986365,-292867829.0450339,-146140075.69113326,148935093198.16794,-2336096496.5492578,-1013364241.3073301,58927.4477079861
46,2020,3,19,10,59,41.97,-26430540.643,2335200.497,2986331.5360000003,-546.0163799999999,-2151.7557699999998,-3149.88427,2020-03-19 10:59:41.970,226068953.2903408,-292405692.48000914,-146014687.16544873,148935995059.97498,-2311403656.311127,-1002660844.9628837,58927.45812465277
46,2020,3,19,11,14,41.97,-26696721.957000002,384314.468,134148.919,-44.649469999999994,-2177.4171,-3179.33626,2020-03-19 11:14:41.970,226816618.84474188,-291942023.96780026,-145888533.62831378,148936892063.33234,-2286710722.418811,-991957406.7790766,58927.46854131943
46,2020,3,19,11,29,41.97,-26510641.894,-1573078.318,-2720303.339,457.6093,-2166.19178,-3154.9160500000003,2020-03-19 11:29:41.970,227563118.84775755,-291476826.3806051,-145761615.96208405,148937784208.21085,-2262017695.710842,-981253927.1150068,58927.4789579861
46,2020,3,19,11,44,41.97,-25875274.493,-3503806.232,-5528639.1389999995,952.37394,-2118.238,-3076.98874,2020-03-19 11:44:41.970,228308449.80146417,-291010102.5960427,-145633935.05214685,148938671494.58188,-2237324577.025831,-970550406.3298118,58927.48937465277
46,2020,3,19,11,59,41.97,-24801103.936,-5375108.569,-8243192.536,1431.36254,-2034.3099900000002,-2946.78816,2020-03-19 11:59:41.970,229052608.21532822,-290541855.4971368,-145505491.78691524,148939553922.417,-2212631367.2024226,-959846844.782655,58927.49979131943
46,2020,3,19,12,14,41.97,-23305973.389,-7155168.745,-10817794.002,1886.52482,-1915.7494900000002,-2766.40247,2020-03-19 12:14:41.970,229795590.60621163,-290072087.9723005,-145376287.0578222,148940431491.68817,-2187938067.0793304,-949143242.832732,58927.5102079861
46,2020,3,19,12,29,41.97,-21414819.918,-8813636.254999999,-13208528.429,2310.16761,-1764.46926,-2538.74798,2020-03-19 12:29:41.970,230537393.4983762,-289600802.9153208,-145246321.75931403,148941304202.36703,-2163244677.4953194,-938439600.8392755,58927.52062465277
46,2020,3,19,12,44,41.97,-19159297.43,-10322130.063000001,-15374464.238,2695.07793,-1582.92834,-2267.5310999999997,2020-03-19 12:44:41.970,231278013.42348793,-289128003.22534364,-145115596.7888446,148942172054.42615,-2138551199.2892032,-927735919.1615431,58927.53104131943
46,2020,3,19,12,59,41.97,-16577290.796000002,-11654716.039,-17278342.829,3034.6415,-1374.0990900000002,-1957.1982699999999,2020-03-19 12:59:41.970,232017446.92062193,-288653691.8068581,-144984113.0468691,148943035047.83798,-2113857633.2998457,-917032198.1588256,58927.5414579861
46,2020,3,19,13,14,41.97,-13712325.828,-12788351.032,-18887217.63,3322.95534,-1141.42599,-1612.874,2020-03-19 13:14:41.970,232755690.5362667,-288177871.5696812,-144851871.43683854,148943893182.57535,-2089163980.3661754,-906328438.1904459,58927.55187465277
46,2020,3,19,13,29,41.97,-10612881.277,-13703286.179000001,-20173032.051,3554.93264,-888.77631,-1240.2871499999999,2020-03-19 13:29:41.970,233492740.8243294,-287700545.42894214,-144718872.86519265,148944746458.6112,-2064470241.3271692,-895624639.6157621,58927.56229131943
46,2020,3,19,13,44,41.97,-7331610.648,-14383422.235,-21113125.89,3726.39793,-620.38284,-845.68573,2020-03-19 13:44:41.970,234228594.34613934,-287221716.30506766,-144585118.24135482,148945594875.91885,-2039776417.021842,-884920802.7941537,58927.5727079861
46,2020,3,19,13,59,41.97,-3924483.4390000002,-14816609.888999999,-21690660.125,3834.17065,-340.77902,-435.74079,2020-03-19 13:59:41.970,234963247.67045358,-286741387.12376577,-144450608.47772565,148946438434.47186,-2015082508.289278,-874216928.0850393,58927.58312465277
46,2020,3,19,14,14,41.97,-449857.239,-14994888.524,-21894950.653,3876.13486,-54.72708,-17.44041,2020-03-19 14:14:41.970,235696697.3734606,-286259560.8160119,-144315344.48967692,148947277134.24408,-1990388515.9686098,-863513015.8478639,58927.59354131943
46,2020,3,19,14,29,41.97,3032505.9729999998,-14914657.383,-21721702.45,3851.2931799999997,232.86011000000002,402.02535,2020-03-19 14:29:41.970,236428940.03878558,-285776240.3180323,-144179327.19554552,148948110975.20932,-1965694440.899016,-852809066.4421057,58927.6039579861
46,2020,3,19,14,44,41.97,6462464.103,-14576773.986,-21173136.785,3759.80268,517.0024199999999,815.38682,2020-03-19 14:44:41.970,237159972.257494,-285291428.5712895,-144042557.51662788,148948939957.34213,-1941000283.9197383,-842105080.2272764,58927.61437465277
46,2020,3,19,14,59,41.97,9780542.78,-13986575.593,-20258005.688,3602.99106,792.73982,1215.4225299999998,2020-03-19 14:59:41.970,237889790.62809712,-284805128.52246654,-143905036.37717316,148949764080.61682,-1916306045.870059,-831401057.5629125,58927.62479131943
46,2020,3,19,15,14,41.97,12928988.176,-13153820.835,-18991489.733999997,3383.35132,1055.22215,1595.0902700000001,2020-03-19 15:14:41.970,238618391.7565556,-284317343.12345296,-143766764.7043783,148950583345.00824,-1891611727.589312,-820696998.8085825,58927.6352079861
46,2020,3,19,15,29,41.97,15852804.951,-12092550.085,-17394977.381,3104.51385,1299.7996,1947.65878,2020-03-19 15:29:41.970,239345772.25628448,-283828075.33132815,-143627743.42838058,148951397750.49146,-1866917329.9168854,-809992904.3238887,58927.64562465277
46,2020,3,19,15,44,41.97,18500758.596,-10820864.87,-15495726.636,2771.19516,1522.11184,2266.83709,2020-03-19 15:44:41.970,240071928.74815682,-283337328.1083471,-143487973.48225346,148952207297.04178,-1842222853.692227,-799288774.4684643,58927.65604131943
46,2020,3,19,15,59,41.97,20826321.118,-9360628.466,-13326412.535,2389.1233,1718.17363,2546.89836,2020-03-19 15:59:41.970,240796857.86050966,-282845104.42192507,-143347455.8019992,148953011984.63458,-1817528299.7548199,-788584609.6019661,58927.6664579861
46,2020,3,19,16,14,41.97,22788539.298,-7737091.816,-10924566.797,1964.94057,1884.45477,2782.79508,2020-03-19 16:14:41.970,241520556.22914684,-282351407.24462247,-143206191.32654327,148953811813.2459,-1792833668.944197,-777880410.0840856,58927.67687465277
46,2020,3,19,16,29,41.97,24352805.697,-5978450.916,-8331918.949000001,1506.08501,2017.9521399999999,2970.26236,2020-03-19 16:29:41.970,242243020.4973437,-281856239.5541293,-143064180.99772874,148954606782.8515,-1768138962.099957,-767176176.2745454,58927.68729131943
46,2020,3,19,16,44,41.97,25491514.287,-4115343.7219999996,-5593651.009000001,1020.6528999999999,2116.25168,3105.90623,2020-03-19 16:44:41.970,242964247.31585228,-281359604.33325166,-142921425.76030988,148955396893.42783,-1743444180.0617375,-756471908.533098,58927.6977079861
46,2020,3,19,16,59,41.97,26184584.899,-2180296.487,-2757580.41,517.24538,2177.57851,3187.27436,2020-03-19 16:59:41.970,243684233.34290484,-280861504.5698942,-142777926.56194645,148956182144.95126,-1718749323.6692286,-745767607.2195239,58927.70812465277
46,2020,3,19,17,14,41.97,26419843.761,-207130.91600000003,126711.94900000001,4.80266,2200.83365,3212.90701,2020-03-19 17:14:41.970,244402975.2442183,-280361943.2570482,-142633684.353198,148956962537.3988,-1694054393.7621694,-735063272.6936349,58927.71854131943
46,2020,3,19,17,29,41.97,26193250.886,1769655.223,3008789.954,-507.56981999999994,2185.61616,3182.36653,2020-03-19 17:29:41.970,245120469.6929991,-279860923.3927729,-142488700.08751702,148957738070.74728,-1669359391.180346,-724358905.3152728,58927.7289579861
46,2020,3,19,17,44,41.97,25508969.025,3715520.619,5838287.125,-1010.7788200000001,2132.23011,3096.24466,2020-03-19 17:44:41.970,245836713.36994666,-279358447.9801841,-142342974.72124436,148958508744.97415,-1644664316.7635999,-713654505.4443061,58927.73937465277
46,2020,3,19,17,59,41.97,24379273.052,5596512.312,8565827.949000001,-1495.91971,2041.6762099999999,2956.14746,2020-03-19 17:59:41.970,246551702.9632585,-278854520.0274366,-142196509.21360224,148959274560.05682,-1619969171.351817,-702950073.4406404,58927.74979131943
46,2020,3,19,18,14,41.97,22824302.775,7379883.289,11143925.813,-1954.4472500000002,1915.6285500000001,2764.65854,2020-03-19 18:14:41.970,247265435.16863403,-278349142.5477114,-142049304.52668875,148960035515.97296,-1595273955.7849286,-692245609.664201,58927.7602079861
46,2020,3,19,18,29,41.97,20871666.165,9034682.757000001,13527838.56,-2378.33656,1756.39731,2525.28197,2020-03-19 18:29:41.970,247977906.68927854,-277842318.559198,-141901361.62547195,148960791612.701,-1570578670.902926,-681541114.4749509,58927.77062465277
46,2020,3,19,18,44,41.97,18555903.634999998,10532306.981,15676364.222000001,-2760.2303300000003,1566.8787,2242.36679,2020-03-19 18:44:41.970,248689114.23590833,-277334051.0850827,-141752681.477784,148961542850.21884,-1545883317.5458295,-670836588.2328763,58927.78104131943
46,2020,3,19,18,59,41.97,15917827.096,11846999.999,17552561.485,-3093.56941,1350.49387,1921.01565,2020-03-19 18:59:41.970,249399054.52675414,-276824343.15353143,-141603265.05431527,148962289228.50522,-1521187896.5537186,-660132031.2979984,58927.7914579861
46,2020,3,19,19,14,41.97,13003750.065,12956295.069,19124381.824,-3372.70401,1111.11869,1566.98045,2020-03-19 19:14:41.970,250107724.2875656,-276313197.79767555,-141453113.3286082,148963030747.5388,-1496492408.76674,-649427444.0303664,58927.80187465277
46,2020,3,19,19,29,41.97,9864626.953000002,13841389.545,20365202.926000003,-3592.98407,853.00635,1186.5478,2020-03-19 19:29:41.970,250815120.2516156,-275800618.05559707,-141302227.27705187,148963767407.29868,-1471796855.0250554,-638722826.7900529,58927.81229131943
46,2020,3,19,19,44,41.97,6555120.809,14487447.709,21254255.733000003,-3750.82781,580.70502,786.41764,2020-03-19 19:44:41.970,251521239.15970433,-275286606.970314,-141150607.87887573,148964499207.76416,-1447101236.1688855,-628018179.9371672,58927.8227079861
46,2020,3,19,19,59,41.97,3132619.342,14883827.98,21776940.172,-3843.76813,298.97246,373.57781,2020-03-19 19:59:41.970,252226077.76016325,-274771167.589766,-140998256.11614406,148965226148.91467,-1422405553.0385115,-617313503.8318455,58927.83312465277
46,2020,3,19,20,14,41.97,-343781.05,15024232.672,21925027.264,-3870.47739,12.6896,-44.82261,2020-03-19 20:14:41.970,252929632.80885977,-274254302.966798,-140845172.97374985,148965948230.73013,-1397709806.4742327,-606608798.8342452,58927.84354131943
46,2020,3,19,20,29,41.97,-3814304.0700000003,14906780.151999999,21696747.674999997,-3830.77133,-273.22519,-461.59859,2020-03-19 20:29:41.970,253631901.06920087,-273736016.1591466,-140691359.43940917,148966665453.19052,-1373013997.3164346,-595904065.3045669,58927.8539579861
46,2020,3,19,20,44,41.97,-7219516.945,14534000.681,21096768.902,-3725.5934599999996,-553.8997300000001,-869.65101,2020-03-19 20:44:41.970,254332879.31213745,-273216310.22942567,-140536816.50365528,148967377816.27615,-1348318126.4055092,-585199303.6030276,58927.86437465277
46,2020,3,19,20,59,41.97,-10501331.571999999,13912758.51,20136065.101,-3556.9813799999997,-824.58813,-1262.08306,2020-03-19 20:59:41.970,255032564.31616837,-272695188.2451111,-140381545.15983278,148968085319.96756,-1323622194.581921,-574494514.0898783,58927.87479131943
46,2020,3,19,21,14,41.97,-13603967.911,13054103.819,18831685.09,-3328.01693,-1080.74639,-1632.30993,2020-03-19 21:14:41.970,255730952.86734498,-272172653.27852535,-140225546.40409148,148968787964.2455,-1298926202.686181,-563789697.1254008,58927.8852079861
46,2020,3,19,21,29,41.97,-16474865.756,11973058.977,17206425.255,-3042.76161,-1318.10265,-1974.16027,2020-03-19 21:29:41.970,256428041.75927445,-271648708.40682405,-140068821.23538128,148969485749.0911,-1274230151.5588217,-553084853.0698956,58927.89562465277
46,2020,3,19,21,44,41.97,-19065532.575,10688344.23,15288415.04,-2706.17933,-1532.72146,-2281.96882,2020-03-19 21:44:41.970,257123827.7931244,-271123356.7119814,-139911370.65544558,148970178674.48553,-1249534042.0404563,-542379982.2837067,58927.90604131943
46,2020,3,19,21,59,41.97,-21332316.674000002,9222048.440000001,13110623.412,-2324.04803,-1721.06151,-2550.65934,2020-03-19 21:59:41.970,257818307.77762687,-270596601.2807737,-139753195.6688162,148970866740.41043,-1224837874.9717178,-531675085.12719446,58927.9164579861
46,2020,3,19,22,14,41.97,-23237096.437,7599250.8719999995,10710295.213,-1902.8618,-1880.0266800000002,-2775.81741,2020-03-19 22:14:41.970,258511478.52908206,-270068445.2047671,-139594297.28280702,148971549946.84756,-1200141651.1932836,-520970161.9607494,58927.92687465277
46,2020,3,19,22,29,41.97,-24747877.768999998,5847600.298,8128326.657,-1449.72503,-2007.0098,-2953.75278,2020-03-19 22:29:41.970,259203336.8713627,-269538891.58030075,-139434676.50750834,148972228293.77905,-1175445371.5458965,-510265213.1447954,58927.93729131943
46,2020,3,19,22,44,41.97,-25839293.186,3996857.855,5408589.537,-972.23991,-2099.92937,-3081.551,2020-03-19 22:44:41.970,259893879.63591835,-269007943.50847423,-139274334.35578126,148972901781.1871,-1150749036.8703234,-499560239.0397761,58927.9477079861
46,2020,3,19,22,59,41.97,-26492997.124,2078410.284,2597213.853,-478.38849,-2157.25869,-3157.11416,2020-03-19 22:59:41.970,260583103.66177866,-268475604.0951316,-139113271.84325156,148973570409.05423,-1126052648.007398,-488855240.0061738,58927.95812465277
46,2020,3,19,23,14,41.97,-26697953.314,124760.25,-258161.245,23.589010000000002,-2178.04761,-3179.19052,2020-03-19 23:14:41.970,261271005.7955577,-267941876.4508475,-138951489.98830462,148974234177.36337,-1101356205.7979794,-478150216.4044935,58927.96854131943
46,2020,3,19,23,29,41.97,-26450610.963999998,-1830999.4340000001,-3109158.194,525.3194500000001,-2161.93654,-3147.3930299999997,2020-03-19 23:29:41.970,261957582.89145827,-267406763.69091222,-138788989.81207874,148974893086.09744,-1076659711.0829716,-467445168.5952609,58927.9789579861
46,2020,3,19,23,44,41.97,-25754967.422000002,-3755720.7600000002,-5907443.283,1018.4235399999999,-2109.16281,-3062.2064400000004,2020-03-19 23:44:41.970,262642831.81127542,-266870268.9353172,-138625772.33846006,148975547135.23984,-1051963164.7033365,-456740096.9390417,58927.98937465277
46,2020,3,19,23,59,41.97,-24622516.337,-5616737.627,-8605510.183,1494.64345,-2020.55909,-2924.98293,2020-03-19 23:59:41.970,263326749.74768755,-266332395.05391496,-138461838.51634026,148976196324.97977,-1027266559.6966679,-446034998.41405547,58927.99979131943
46,2020,3,20,0,14,41.97,-23072082.329,-7382395.404,-11157450.442,1945.9697700000002,-1897.54407,-2737.92642,2020-03-20 00:14:41.970,264009332.93048042,-265793145.685058,-138297189.5302174,148976840654.88806,-1002569912.5107917,-435329880.1456446,58928.0102079861
46,2020,3,20,0,29,41.97,-21129535.253999997,-9022581.335,-13519723.911999999,2364.76826,-1742.10406,-2504.0635199999997,2020-03-20 00:29:41.970,264690578.56816784,-265252523.7085803,-138131826.33478838,148977480125.1562,-977873216.1834083,-424624739.1120912,58928.02062465277
46,2020,3,20,0,44,41.97,-18827405.641000003,-10509208.905,-15651858.927,2743.90001,-1556.7683100000002,-2227.20559,2020-03-20 00:44:41.970,265370483.55295426,-264710532.26313394,-137965749.96487218,148978114735.7683,-953176471.5556517,-413919575.6740648,58928.03104131943
46,2020,3,20,0,59,41.97,-16204379.767,-11816702.131,-17517151.771,3076.84091,-1344.57424,-1911.89597,2020-03-20 00:59:41.970,266049044.78465587,-264167174.49199948,-137798961.4580066,148978744486.709,-928479679.4686891,-403214390.1922664,58928.0414579861
46,2020,3,20,1,14,41.97,-13304697.006000001,-12922431.914,-19083293.804,3357.7928500000003,-1109.02532,-1563.34659,2020-03-20 01:14:41.970,266726259.17070523,-263622453.54307258,-137631461.8544425,148979369377.9631,-903782840.7637346,-392509183.0274189,58928.05187465277
46,2020,3,20,1,29,41.97,-10177449.109,-13807113.408,-20322940.187,3581.78739,-854.04068,-1187.36265,2020-03-20 01:29:41.970,267402123.62615454,-263076372.5688484,-137463252.19713858,148979989409.51562,-879085956.282046,-381803954.540275,58928.06229131943
46,2020,3,20,1,44,41.97,-6875790.515,-14455154.452000001,-21214205.647,3744.77946,-583.8968100000001,-790.25595,2020-03-20 01:44:41.970,268076635.07367995,-262528934.7264082,-137294333.53175476,148980604581.352,-854389026.8649317,-371098705.09161454,58928.0727079861
46,2020,3,20,1,59,41.97,-3456069.536,-14854948.107,-21741077.298,3843.72917,-303.16170999999997,-378.74734,2020-03-20 01:59:41.970,268749790.4435852,-261980143.1774047,-137124706.90664726,148981214893.45764,-829692053.3537265,-360393435.0422456,58928.08312465277
46,2020,3,20,2,14,41.97,23107.907,-14999102.782,-21893735.195,3876.6694899999998,-16.62214,40.14061,2020-03-20 02:14:41.970,269421586.6738053,-261430001.08804718,-136954373.37286267,148981820345.8186,-804995036.589811,-349688144.7529988,58928.09354131943
46,2020,3,20,2,29,41.97,3501868.358,-14884604.047999999,-21668772.214,3842.75785,270.79525,459.19974,2020-03-20 02:29:41.970,270092020.709911,-260878511.62908798,-136783333.98413196,148982420938.4207,-780297977.4146222,-338982834.58473516,58928.1039579861
46,2020,3,20,2,44,41.97,6920099.2809999995,-14512903.071,-21069306.134,3742.3094699999997,554.1079100000001,871.15948,2020-03-20 02:44:41.970,270761089.50511175,-260325677.97580758,-136611589.79686522,148983016671.2504,-755600876.6696177,-328277504.8983422,58928.11437465277
46,2020,3,20,2,59,41.97,10218498.635,-13889927.651,-20104978.311,3576.8107,828.36517,1268.81526,2020-03-20 02:59:41.970,271428790.0202603,-259771503.30800056,-136439141.87014553,148983607544.29434,-730903735.196316,-317572156.0547334,58928.12479131943
46,2020,3,20,3,14,41.97,13339626.818999998,-13026013.144000001,-18791835.317,3348.9106899999997,1088.73823,1645.15983,2020-03-20 03:14:41.970,272095119.223856,-259215990.80996123,-136265991.265724,148984193557.53912,-706206553.8362666,-306866788.41485137,58928.1352079861
46,2020,3,20,3,29,41.97,16228940.978,-11935752.072999999,-17152092.094,3062.3903800000003,1330.61053,1993.5147399999998,2020-03-20 03:29:41.970,272760074.0920489,-258659143.6704695,-136092139.04801312,148984774710.97205,-681509333.4310548,-296161402.3396586,58928.14562465277
46,2020,3,20,3,44,41.97,18835790.879,-10637762.945,-15213777.768,2722.10808,1549.66654,2307.6591,2020-03-20 03:44:41.970,273423651.60864323,-258100965.0827761,-135917586.28408185,148985351004.5803,-656812074.8223258,-285455998.19015265,58928.15604131943
46,2020,3,20,3,59,41.97,21114355.304,-9154380.698,-13010267.965,2333.92177,1741.97678,2581.95249,2020-03-20 03:59:41.970,274085848.7651013,-257541458.2445892,-135742334.04364955,148985922438.35153,-632114778.8517408,-274750576.32735175,58928.1664579861
46,2020,3,20,4,14,41.97,23024498.283,-7511273.159,-10579710.408000002,1904.58885,1904.0768699999999,2811.44871,2020-03-20 04:14:41.970,274746662.56054777,-256980626.35805935,-135566383.39908066,148986489012.27362,-607417446.3610233,-264045137.1123016,58928.17687465277
46,2020,3,20,4,29,41.97,24532525.520999998,-5736989.915,-7964353.468,1441.6449,2033.03829,2991.99713,2020-03-20 04:29:41.970,275406090.0017721,-256418472.62976593,-135389735.4253787,148987050726.3346,-582720078.1919274,-253339680.90607548,58928.18729131943
46,2020,3,20,4,44,41.97,25611823.16,-3862451.918,-5209790.115,953.26394,2126.5289900000002,3120.32884,2020-03-20 04:44:41.970,276064128.1032341,-255855000.27070233,-135212391.20018095,148987607580.52277,-558022675.1862414,-242634208.0697707,58928.1977079861
46,2020,3,20,4,59,41.97,26243363.456,-1920391.935,-2364132.29,448.10301000000004,2182.86175,3194.12479,2020-03-20 04:59:41.970,276720773.88706577,-255290212.4962623,-135034351.80375236,148988159574.82687,-533325238.1858065,-231928718.96451312,58928.20812465277
46,2020,3,20,5,14,41.97,26416065.066,55242.582,522867.168,-64.86488999999999,2201.0290800000002,3212.06385,2020-03-20 05:14:41.970,277376024.38307655,-254724112.5262256,-134855618.31898046,148988706709.2355,-508627768.0324948,-221223213.9514525,58928.21854131943
46,2020,3,20,5,29,41.97,26126999.228,2029911.432,3400726.256,-576.52541,2180.72337,3173.84935,2020-03-20 05:29:41.970,278029876.628756,-254156703.58474347,-134676191.8313691,148989248983.73807,-483930265.5682231,-210517693.39176607,58928.2289579861
46,2020,3,20,5,44,41.97,25381437.084000003,3969114.924,6219159.419,-1077.80049,2122.34179,3080.21335,2020-03-20 05:44:41.970,278682327.66927826,-253587988.90032527,-134496073.4290337,148989786398.32382,-459232731.63494635,-199812157.646657,58928.23937465277
46,2020,3,20,5,59,41.97,24192737.586,5839024.6729999995,8928996.889,-1559.8242200000002,2026.97597,2932.89848,2020-03-20 05:59:41.970,279333374.55750495,-253017971.70582375,-134315264.20269465,148990318952.98212,-434535167.07464874,-189106607.07734972,58928.24979131943
46,2020,3,20,6,14,41.97,22582079.524,7607098.341,11483077.963,-2014.1126100000001,1896.38677,2734.61834,2020-03-20 06:14:41.970,279983014.35398954,-252446655.23842087,-134133765.24567229,148990846647.70306,-409837572.7293699,-178401042.04510254,58928.2602079861
46,2020,3,20,6,29,41.97,20578045.203,9242665.354,13837099.405000001,-2432.72289,1732.9652,2488.99773,2020-03-20 06:29:41.970,280631244.1269808,-251874042.7396143,-133951577.65388122,148991369482.47687,-385139949.4411769,-167695462.91119248,58928.27062465277
46,2020,3,20,6,44,41.97,18216066.842,10717471.694,15950401.776999999,-2808.39866,1539.68083,2200.4948299999996,2020-03-20 06:44:41.970,281278060.95242584,-251300137.455203,-133768702.5258245,148991887457.29355,-360442298.0521815,-156989870.036924,58928.28104131943
46,2020,3,20,6,59,41.97,15537749.812,12006173.241,17786678.537,-3134.69796,1320.0193,1874.30787,2020-03-20 06:59:41.970,281923461.913975,-250724942.6352726,-133585140.9625882,148992400572.14395,-335744619.40452826,-146284263.78362948,58928.2914579861
46,2020,3,20,7,14,41.97,12590089.300999999,13086768.764,19314595.228,-3406.10175,1077.9110999999998,1516.2691399999999,2020-03-20 07:14:41.970,282567444.1029845,-250148461.5341825,-133400894.06783591,148992908827.0189,-311046914.340402,-135578644.51266026,58928.30187465277
46,2020,3,20,7,29,41.97,9424598.709,13940965.507000001,20508308.716,-3618.10135,817.65332,1132.72938,2020-03-20 07:29:41.970,283210004.61852014,-249570697.41055068,-133215962.94780284,148993412221.90955,-286349183.70203066,-124873012.58540416,58928.31229131943
46,2020,3,20,7,44,41.97,6096369.183,14554472.143000001,21347879.203,-3767.26397,543.82682,730.43561,2020-03-20 07:44:41.970,283851140.5673612,-248991653.52724102,-133030348.71129042,148993910756.8072,-261651428.33167082,-114167368.36326003,58928.3227079861
46,2020,3,20,7,59,41.97,2663080.136,14917215.759000001,21819570.448999997,-3851.27613,261.21061000000003,316.4054,2020-03-20 07:59:41.970,284490849.06400394,-248411333.15134734,-132844052.46966071,148994404431.70355,-236953649.071622,-103461712.20766413,58928.33312465277
46,2020,3,20,8,14,41.97,-816019.582,15023481.291,21916036.245,-3868.96554,-25.304589999999997,-102.19979,2020-03-20 08:14:41.970,285129127.2306655,-247829739.55418146,-132657075.33683084,148994893246.59033,-212255846.76422387,-92756044.48006997,58928.34354131943
46,2020,3,20,8,29,41.97,-4281140.779,14871973.445,21636393.499,-3820.30229,-310.80189,-518.1995099999999,2020-03-20 08:29:41.970,285765972.19728684,-247246876.01125777,-132469418.42926738,148995377201.45984,-187558022.25184947,-82050365.54196104,58928.3539579861
46,2020,3,20,8,44,41.97,-7672975.277,14465802.583999999,20986184.405,-3706.38063,-590.42144,-924.51558,2020-03-20 08:44:41.970,286401381.1015365,-246662745.80228004,-132281082.86598077,148995856296.30438,-162860176.37690282,-71344675.75484082,58928.36437465277
46,2020,3,20,8,59,41.97,-10933692.783,13812397.298,19977231.941,-3529.38312,-859.43993,-1314.28761,2020-03-20 08:59:41.970,287035351.08881485,-246077352.21112698,-132092069.76851976,148996330531.11655,-138162309.98183745,-60638975.48024292,58928.37479131943
46,2020,3,20,9,14,41.97,-14007898.046,12923347.382,18627394.388,-3292.5285,-1113.34559,-1680.98163,2020-03-20 09:14:41.970,287667879.3122563,-245490698.52583885,-131902380.26096588,148996799905.88937,-113464423.90913355,-49933265.07971983,58928.3852079861
46,2020,3,20,9,29,41.97,-16843534.615000002,11814181.77,16960225.775,-3000.00542,-1347.90765,-2018.4904000000001,2020-03-20 09:29:41.970,288298962.93273467,-244902788.03860277,-131712015.46992785,148997264420.61578,-88766519.001315,-39227544.914853975,58928.39562465277
46,2020,3,20,9,44,41.97,-19392723.132,10504086.635,15004550.012,-2656.89354,-1559.23972,-2321.22472,2020-03-20 09:44:41.970,288928599.1188648,-244313624.04573953,-131520976.52453603,148997724075.2895,-64068596.100937724,-28521815.347250797,58928.40604131943
46,2020,3,20,9,59,41.97,-21612523.606,9015569.316,12793957.206999999,-2269.07381,-1743.85673,-2584.1950100000004,2020-03-20 09:59:41.970,289556785.04700744,-243723209.8476891,-131329264.55643685,148998178869.9038,-39370656.050587445,-17816076.738537863,58928.4164579861
46,2020,3,20,10,14,41.97,-23465612.629,7374074.112000001,10366231.109000001,-1843.12939,-1898.7249399999998,-2803.08268,2020-03-20 10:14:41.970,290183517.9012717,-243131548.74899712,-131136880.69978741,148998628804.45285,-14672699.692898713,-7110329.450369887,58928.42687465277
46,2020,3,20,10,29,41.97,-24920867.842,5607556.228999999,7762717.005000001,-1386.23883,-2021.30484,-2974.30104,2020-03-20 10:29:41.970,290808794.8735199,-242538644.0583009,-130943826.09124967,148999073878.93063,10025272.129468132,3595426.1555760326,58928.43729131943
46,2020,3,20,10,44,41.97,-25953853.242000002,3746020.36,5027639.644,-906.0627999999999,-2109.5868499999997,-3095.04544,2020-03-20 10:44:41.970,291432613.1633698,-241944499.08831573,-130750101.86998513,148999514093.33173,34723258.57381342,14301189.717598148,58928.4477079861
46,2020,3,20,10,59,41.97,-26547200.074,1821030.503,2207380.917,-410.62552,-2162.11951,-3163.3325,2020-03-20 10:59:41.970,292054969.9781985,-241349117.15582046,-130555709.1776493,148999949447.6506,59421258.797395796,25006960.87396741,58928.45812465277
46,2020,3,20,11,14,41.97,-26690879.314999998,-134802.23200000002,-650272.7710000001,91.80742000000001,-2178.0301799999997,-3178.02821,2020-03-20 11:14:41.970,292675862.53314614,-240752501.58164427,-130360649.15838596,149000379941.8822,84119271.95745715,35712739.26293573,58928.46854131943
46,2020,3,20,11,29,41.97,-26382362.553999998,-2088347.0200000003,-3496903.4390000002,592.85462,-2157.03811,-3138.8649499999997,2020-03-20 11:29:41.970,293295288.0511192,-240154655.69065234,-130164922.95882195,149000805576.02182,108817297.2111901,46418524.5227285,58928.4789579861
46,2020,3,20,11,44,41.97,-25626669.169,-4006488.963,-6284244.59,1084.14586,-2099.4596699999997,-3046.4469599999998,2020-03-20 11:44:41.970,293913243.7627941,-239555582.811733,-129968531.7280613,149001226350.06485,133515333.71575117,57124316.2915463,58928.48937465277
46,2020,3,20,11,59,41.97,-24436298.889000002,-5856665.962,-8964964.106999999,1557.4496900000001,-2006.2058299999999,-2902.24443,2020-03-20 11:59:41.970,294529726.90661997,-238955286.27778205,-129771476.61768006,149001642264.00687,158213380.6282676,67830114.20756608,58928.49979131943
46,2020,3,20,12,14,41.97,-22831049.525,-7607399.65,-11493436.541,2004.8005799999999,-1878.77149,-2708.57584,2020-03-20 12:14:41.970,295144734.7288232,-238353769.42569107,-129573758.78172044,149002053317.8439,182911437.10583532,78535917.90894315,58928.5102079861
46,2020,3,20,12,29,41.97,-20837721.246,-9228813.156,-13826494.213,2418.62391,-1719.2168199999999,-2468.57853,2020-03-20 12:29:41.970,295758264.4834099,-237751035.59633228,-129375379.37668581,149002459511.57208,207609502.3055135,89241727.03380913,58928.52062465277
46,2020,3,20,12,44,41.97,-18489709.588999998,-10693128.339000002,-15924146.464,2791.85791,-1530.14033,-2186.1673100000003,2020-03-20 12:44:41.970,296370313.43216974,-237147088.1345449,-129176339.56153443,149002860845.18777,232307575.3843261,99947541.22026798,58928.53104131943
46,2020,3,20,12,59,41.97,-15826490.795,-11975135.107,-17750256.274,3118.07069,-1314.64373,-1865.98113,2020-03-20 12:59:41.970,296980878.84467936,-236541930.38912234,-128976640.49767466,149003257318.68777,257005655.4992602,110653360.10640451,58928.5414579861
46,2020,3,20,13,14,41.97,-12893004.548999999,-13052625.398,-19273163.533,3391.5709500000003,-1076.28858,-1513.3178599999999,2020-03-20 13:14:41.970,297589957.99830544,-235935565.71279716,-128776283.34895912,149003648932.069,281703741.8072778,121359183.33027631,58928.55187465277
46,2020,3,20,13,29,41.97,-9738940.703,-13906784.464,-20466244.317,3607.51036,-819.0447899999999,-1134.05739,2020-03-20 13:29:41.970,298197548.1782087,-235327997.462228,-128575269.28167935,149004035685.32864,306401833.4652983,132065010.52992252,58928.56229131943
46,2020,3,20,13,44,41.97,-6417938.277,-14522532.285,-21308395.812,3761.97573,-547.23131,-734.57336,2020-03-20 13:44:41.970,298803646.677347,-234719228.99798593,-128373599.4645601,149004417578.46414,331099929.6302135,142770841.34335274,58928.5727079861
46,2020,3,20,13,59,41.97,-2986706.833,-14888808.196,-21784436.986,3852.06903,-265.44937000000004,-321.63430999999997,2020-03-20 13:59:41.970,299408250.7964778,-234109263.68454045,-128171275.06875412,149004794611.4732,355798029.4588891,153476675.40856004,58928.58312465277
46,2020,3,20,14,14,41.97,495917.849,-14998792.29,-21885415.797000002,3875.97299,21.491139999999998,97.70497,2020-03-20 14:14:41.970,300011357.84416354,-233498104.89024577,-127968297.2678364,149005166784.3536,380496132.1081431,164182512.3635093,58928.59354131943
46,2020,3,20,14,29,41.97,3969969.928,-14850057.801,-21608814.694000002,3833.00034,308.6513,516.22055,2020-03-20 14:29:41.970,300612965.1367729,-232885755.98732737,-127764667.23779894,149005534097.1039,405194236.7347722,174888351.84614405,58928.6039579861
46,2020,3,20,14,44,41.97,7375385.79,-14444649.509000001,-20958647.467,3723.62458,591.0477,926.6434,2020-03-20 14:44:41.970,301213069.998485,-232272220.3518682,-127560386.15704508,149005896549.72232,429892342.4955373,185594193.4943866,58928.61437465277
46,2020,3,20,14,59,41.97,10653055.012,-13789084.32,-19945442.103,3549.49039,863.7406100000001,1321.7883399999998,2020-03-20 14:59:41.970,301811669.7612934,-231657501.36379486,-127355455.20638415,149006254142.20767,454590448.5471629,196300036.9461321,58928.62479131943
46,2020,3,20,15,14,41.97,13745871.074000001,-12894271.485,-18586106.27,3313.40243,1121.92409,1694.6854700000001,2020-03-20 15:14:41.970,302408761.76500857,-231041602.40686402,-127149875.56902596,149006606874.55878,479288554.0463496,207005881.83925673,58928.6352079861
46,2020,3,20,15,29,41.97,16599761.662,-11775351.463000001,-16903674.347,3019.2910899999997,1361.01633,2038.71149,2020-03-20 15:29:41.970,303004343.35726094,-230424526.86864895,-126943648.43057537,149006954746.77502,503986658.1497588,217711727.8116113,58928.64562465277
46,2020,3,20,15,44,41.97,19164677.718,-10451454.212000001,-14926937.454,2672.15501,1576.74808,2347.7178799999997,2020-03-20 15:44:41.970,303598411.89350504,-229806278.14052543,-126736774.97902665,149007297758.85583,528684760.01402783,228417574.5010272,58928.65604131943
46,2020,3,20,15,59,41.97,21395520.192,-8945379.545,-12689960.752999999,2277.9802,1765.2469500000002,2616.15267,2020-03-20 15:59:41.970,304190964.7370225,-229186859.6176586,-126529256.40475833,149007635910.80096,553382858.7957585,239123421.54531,58928.6664579861
46,2020,3,20,16,14,41.97,23252983.905,-7283204.246,-10231495.168,1843.63692,1923.11554,2839.1727499999997,2020-03-20 16:14:41.970,304781999.2589251,-228566274.69898897,-126321093.90052748,149007969202.61032,578080953.6515157,249829268.58224276,58928.67687465277
46,2020,3,20,16,29,41.97,24704299.09,-5493822.558,-7594293.584,1376.75579,2047.50101,3012.74336,2020-03-20 16:29:41.970,305371512.8381579,-227944526.78721905,-126112288.66146445,149008297634.2842,602779043.7378457,260535115.24958926,58928.68729131943
46,2020,3,20,16,44,41.97,25723853.014,-3608428.656,-4824344.346,885.58568,2136.15411,3133.72187,2020-03-20 16:44:41.970,305959502.8615038,-227321619.28879955,-125902841.88506721,149008621205.82312,627477128.2112578,271240961.1850889,58928.6977079861
46,2020,3,20,16,59,41.97,26293676.663999997,-1659951.397,-1970037.3830000001,378.83651000000003,2187.47592,3199.9233299999996,2020-03-20 16:59:41.970,306545966.7235845,-226697555.61391583,-125692754.77119607,149008939917.2277,652175206.22823,281946806.02645886,58928.70812465277
46,2020,3,20,17,14,41.97,26403784.627,317546.877,918719.633,-134.4891,2200.55077,3210.1657,2020-03-20 17:14:41.970,307130901.82686603,-226072339.17647445,-125482028.52206813,149009253768.4991,676873276.9452089,292652649.4113928,58928.71854131943
46,2020,3,20,17,29,41.97,26052359.96,2289494.59,3791416.151,-645.27116,2175.16448,3164.29334,2020-03-20 17:29:41.970,307714305.58166087,-225445973.39408958,-125270664.34225203,149009562759.6385,701571339.5186131,303358490.97756433,58928.7289579861
46,2020,3,20,17,44,41.97,25245779.876000002,4221444.695,6597864.734,-1144.44998,2111.8071600000003,3063.17824,2020-03-20 17:44:41.970,308296175.4061308,-224818461.68806887,-125058663.43866222,149009866890.6475,726269393.1048298,314064330.36262345,58928.73937465277
46,2020,3,20,17,59,41.97,23998482.227,6079704.135,9289118.037,-1623.20153,2011.6609099999998,2908.6988499999998,2020-03-20 17:59:41.970,308876508.726291,-224189807.48340094,-124846027.0205538,149010166161.52762,750967436.8602154,324770167.20419955,58928.74979131943
46,2020,3,20,18,14,41.97,22332676.887000002,7831945.482,11818357.078,-2073.10597,1876.57267,2703.6976099999997,2020-03-20 18:14:41.970,309455302.9760131,-223560014.2087409,-124632756.2995169,149010460572.28104,775665469.9411048,335476001.1398997,58928.7602079861
46,2020,3,20,18,29,41.97,20277910.078,9447787.899999999,14141732.161,-2486.3053,1709.0133700000001,2451.91855,2020-03-20 18:29:41.970,310032555.59702784,-222929085.29639706,-124418852.48947126,149010750122.91006,800363491.5037954,346181831.80730987,58928.77062465277
46,2020,3,20,18,44,41.97,17870493.144,10899335.694,16219139.507,-2855.64638,1512.0248199999999,2157.9272,2020-03-20 18:44:41.970,310608264.03892887,-222297024.1823177,-124204316.80666102,149011034813.41727,825061500.7045505,356887658.843991,58928.78104131943
46,2020,3,20,18,59,41.97,15152810.299,12161664.106,18014918.761,-3174.8064,1289.1559,1827.01531,2020-03-20 18:59:41.970,311182425.75917536,-221663834.30607727,-123989150.46964917,149011314643.8052,849759496.6996194,367593481.88748646,58928.7914579861
46,2020,3,20,19,14,41.97,12172522.179,13213243.737000002,19498459.033,-3438.39867,1044.39028,1465.09339,2020-03-20 19:14:41.970,311755038.2230958,-221029519.1108629,-123773354.69931178,149011589614.07724,874457478.6452063,378299300.575315,58928.80187465277
46,2020,3,20,19,29,41.97,8981683.728,14036296.738,20644703.82,-3642.05702,782.0675,1078.5739700000001,2020-03-20 19:29:41.970,312326098.90389085,-220394082.04346076,-123556930.71883318,149011859724.23636,899155445.697502,389005114.5449775,58928.81229131943
46,2020,3,20,19,44,41.97,5635795.898999999,14617079.830999998,21434547.906,-3782.49839,506.79958000000005,674.24876,2020-03-20 19:44:41.970,312895605.2826363,-219757526.55424303,-123339879.75370024,149012124974.28616,923853397.0126601,399710923.43394965,58928.8227079861
46,2020,3,20,19,59,41.97,2192811.0409999997,14946091.055000002,21855122.060999997,-3857.5632299999997,223.38524,259.16267,2020-03-20 19:59:41.970,313463554.8482868,-219119856.09715357,-123122203.03169692,149012385364.2306,948551331.746803,410416726.87968755,58928.83312465277
46,2020,3,20,20,14,41.97,-1287888.4190000002,15018198.881000001,21899963.885,-3866.2345400000004,-63.276540000000004,-159.51279,2020-03-20 20:14:41.970,314029945.097678,-218481074.12969565,-122903901.78289892,149012640894.07355,973249249.056029,421122524.5196234,58928.84354131943
46,2020,3,20,20,29,41.97,-4746519.053,14832693.938000001,21569075.497,-3808.6363300000003,-348.27176,-574.60402,2020-03-20 20:29:41.970,314594773.5355312,-217841184.11291724,-122684977.23966831,149012891563.8194,997947148.0964168,431828315.99117494,58928.8539579861
46,2020,3,20,20,44,41.97,-8123915.408,14393265.013,20868870.792000003,-3686.0129,-626.75424,-979.0558900000001,2020-03-20 20:44:41.970,315158037.67445457,-217200189.51139823,-122465430.63664806,149013137373.47272,1022645028.0240004,442534100.93173045,58928.86437465277
46,2020,3,20,20,59,41.97,-11362522.345999999,13707902.169000002,19812016.713,-3500.69068,-894.02457,-1366.04642,2020-03-20 20:59:41.970,315719735.03494835,-216558093.79323685,-122245263.21075672,149013378323.03833,1047342887.994801,453239878.97866344,58928.87479131943
46,2020,3,20,21,14,41.97,-14407345.719999999,12788730.842,18417174.447,-3256.02411,-1145.60438,-1729.09429,2020-03-20 21:14:41.970,316279863.1454058,-215914900.43003634,-122024476.20118293,149013614412.52118,1072040727.1648052,463945649.7693228,58928.8852079861
46,2020,3,20,21,29,41.97,-17206847.93,11651781.561,16708647.539,-2956.32752,-1377.30502,-2062.15803,2020-03-20 21:29:41.970,316838419.5421185,-215270612.89689103,-121803070.84937999,149013845641.92676,1096738544.689972,474651412.9410386,58928.89562465277
46,2020,3,20,21,44,41.97,-19713776.485,10316700.554,14715944.84,-2606.79469,-1585.2901399999998,-2359.7259799999997,2020-03-20 21:44:41.970,317395401.7692776,-214625234.6723735,-121581048.39906064,149014072011.26056,1121436339.7262363,485357168.1311171,58928.90604131943
46,2020,3,20,21,59,41.97,-21885915.254,8806406.963,12473266.825000001,-2213.40777,-1766.1317000000001,-2616.89648,2020-03-20 21:59:41.970,317950807.3789778,-213978769.2385208,-121358410.09619148,149014293520.5284,1146134111.4295058,496062914.97684956,58928.9164579861
46,2020,3,20,22,14,41.97,-23686749.524,7146702.744999999,10018924.298,-1782.83706,-1916.85909,-2829.4479199999996,2020-03-20 22:14:41.970,318504633.9312201,-213331220.08082095,-121135157.18898776,149014510169.73654,1170831858.9556608,506768653.1155008,58928.92687465277
46,2020,3,20,22,29,41.97,-25086037.369999997,5365841.575,7394698.852000001,-1322.3332599999999,-2035.0010599999998,-2993.89807,2020-03-20 22:29:41.970,319056878.99391544,-212682590.6882,-120911290.92790769,149014721958.89105,1195529581.4605527,517474382.1843155,58928.93729131943
46,2020,3,20,22,44,41.97,-26060281.094,3494063.2380000004,4645154.673,-839.61337,-2118.62043,-3107.5528,2020-03-20 22:44:41.970,319607540.1428868,-212032884.55300802,-120686812.5656475,149014928887.99872,1220227278.1000178,528180101.82052374,58928.9477079861
46,2020,3,20,22,59,41.97,-26593093.606999997,1563100.158,1816911.4649999999,-342.74156,-2166.3413299999997,-3168.5438,2020-03-20 22:59:41.970,320156614.9618732,-211382105.1710062,-120461723.35713556,149015130957.06625,1244924948.0298505,538885811.6613288,58928.95812465277
46,2020,3,20,23,14,41.97,-26675455.949,-394337.212,-1042111.574,159.99348,-2177.36888,-3175.85513,2020-03-20 23:14:41.970,320704101.04253197,-210730256.0413532,-120236024.55952753,149015328166.10098,1269622590.4058313,549591511.3439147,58928.96854131943
46,2020,3,20,23,29,41.97,-26305862.841,-2345089.2709999997,-3883470.69,660.20447,-2151.5012100000004,-3129.33865,2020-03-20 23:29:41.970,321249995.9844425,-210077340.66659173,-120009717.4322003,149015520515.11002,1294320204.3837082,560297200.5054493,58928.9789579861
46,2020,3,20,23,44,41.97,-25490354.327,-4256083.495,-6658981.224,1149.5325599999999,-2089.13373,-3029.71797,2020-03-20 23:44:41.970,321794297.39510846,-209423362.55263516,-119782803.23674746,149015708004.10104,1319017789.119204,571002878.783074,58928.98937465277
46,2020,3,20,23,59,41.97,-24242432.765,-6094870.929,-9321499.667,1619.7749900000001,-1991.25549,-2878.58093,2020-03-20 23:59:41.970,322337002.88996154,-208768325.2087546,-119555283.23697303,149015890633.08215,1343715343.7680264,581708545.8139153,58928.99979131943
46,2020,3,21,0,14,41.97,-22582866.97,-7830153.068,-11825689.419,2063.01165,-1859.43771,-2678.36065,2020-03-21 00:14:41.970,322878110.09236383,-208112232.1475648,-119327158.69888684,149016068402.06122,1368412867.4858458,592414201.2350781,58929.0102079861
46,2020,3,21,0,29,41.97,-20539373.845,-9432308.535,-14128785.473,2471.73138,-1695.81312,-2432.30309,2020-03-21 00:29:41.970,323417616.63361144,-207455086.88501173,-119098430.89069864,149016241311.04672,1393110359.4283113,603119844.6836461,58929.02062465277
46,2020,3,21,0,44,41.97,-18146207.077,-10873869.924,-16191281.951000001,2838.95067,-1503.04927,-2144.42603,2020-03-21 00:44:41.970,323955520.15293676,-206796892.94035783,-118869101.082813,149016409360.04727,1417807818.7510471,613825475.7966824,58929.03104131943
46,2020,3,21,0,59,41.97,-15443621.639999999,-12130000.49,-17977619.978,3158.3318299999996,-1284.31145,-1819.46284,2020-03-21 00:59:41.970,324491818.29751235,-206137653.83617032,-118639170.54782394,149016572549.0717,1442505244.6096592,624531094.211235,58929.0414579861
46,2020,3,21,1,14,41.97,-12477244.615,-13178919.959,-19456798.226999998,3424.29214,-1043.2184399999999,-1462.79593,2020-03-21 01:14:41.970,325026508.7224528,-205477373.09830657,-118408640.56050938,149016730878.1293,1467202636.1597207,635236699.5643272,58929.05187465277
46,2020,3,21,1,29,41.97,-9297349.505,-14002289.628,-20602922.589,3632.105,-783.7899699999999,-1080.37822,2020-03-21 01:29:41.970,325559589.090819,-204816054.2559014,-118177512.39782594,149016884347.22928,1491899992.556784,645942291.492964,58929.06229131943
46,2020,3,21,1,44,41.97,-5958044.084,-14585546.639,-21395680.094,3777.99053,-510.38640000000004,-678.64347,2020-03-21 01:44:41.970,326091057.07361937,-204153700.84135363,-117945787.33890343,149017032956.38153,1516597312.956376,656647869.6341312,58929.0727079861
46,2020,3,21,1,59,41.97,-2516382.138,-14918180.597000001,-21820727.275000002,3859.19379,-227.64097,-264.40593,2020-03-21 01:59:41.970,326620910.34981483,-203490316.39031285,-117713466.6650397,149017176705.59573,1541294596.5140047,667353433.6247957,58929.08312465277
46,2020,3,21,2,14,41.97,968588.714,-14993946.142,-21869983.871,3874.04823,59.61464,155.24947,2020-03-21 02:14:41.970,327149146.60632014,-202825904.4416658,-117480551.65969513,149017315594.88223,1565991842.3851542,678058983.1019063,58929.09354131943
46,2020,3,21,2,29,41.97,4436828.993,-14811005.785,-21541823.808000002,3822.02258,346.43066,573.08532,2020-03-21 02:29:41.970,327675763.53800714,-202160468.53752318,-117247043.60848719,149017449624.25134,1590689049.7252753,688764517.7023876,58929.1039579861
46,2020,3,21,2,44,41.97,7828343.194,-14371998.203,-20841156.696999997,3703.7488500000004,627.82435,981.83654,2020-03-21 02:44:41.970,328200758.8477088,-201494012.22320673,-117012943.79918535,149017578793.7138,1615386217.6898067,699470037.0631487,58929.11437465277
46,2020,3,21,2,59,41.97,11084231.800999999,-13684028.280000001,-19779394.770999998,3521.0300399999996,898.8684900000001,1374.33976,2020-03-21 02:59:41.970,328724130.24622,-200826539.04723573,-116778253.5217054,149017703103.28043,1640083345.434155,710175540.8210789,58929.12479131943
46,2020,3,21,3,14,41.97,14147740.386,-12758576.58,-18374302.18,3276.8257200000003,1154.78166,1743.66496,2020-03-21 03:14:41.970,329245875.4523025,-200158052.5613129,-116542974.06810434,149017822552.96262,1664780432.113718,720881028.6130472,58929.1352079861
46,2020,3,21,3,29,41.97,16965285.501,-11611327.466,-16649725.883,2975.21479,1391.0184100000001,2083.2464499999996,2020-03-21 03:29:41.970,329765992.19268674,-199488556.3203127,-116307106.73257498,149017937142.7717,1689477476.883856,731586500.075906,58929.14562465277
46,2020,3,21,3,44,41.97,19487436.498999998,-10261916.882,-14635209.981,2621.33473,1603.35729,2387.01037,2020-03-21 03:44:41.970,330284478.20207506,-198818053.88226667,-116070652.81144053,149018046872.71936,1714174478.8999133,742291954.8464873,58929.15604131943
46,2020,3,21,3,59,41.97,21669832.22,-8733602.719,-12365498.120000001,2221.29772,1787.98444,2649.49543,2020-03-21 03:59:41.970,330801331.22314423,-198146548.80835092,-115833613.60314915,149018151742.81744,1738871437.3172126,752997392.5616016,58929.1664579861
46,2020,3,21,4,14,41.97,23474012.115000002,-7052862.686000001,-9879931.531,1782.08459,1941.57074,2865.96351,2020-03-21 04:14:41.970,331316549.00654876,-197474044.6628723,-115595990.4082689,149018251753.07834,1763568351.2910545,763702812.858046,58929.17687465277
46,2020,3,21,4,29,41.97,24868142.544,-5248926.599,-7221753.125,1311.41832,2061.34007,3032.49732,2020-03-21 04:29:41.970,331830129.31092316,-196800545.01325586,-115357784.52948205,149018346903.51453,1788265219.9767165,774408215.3725948,58929.18729131943
46,2020,3,21,4,44,41.97,25827620.982,-3353251.8989999997,-4437330.846,817.61969,2145.12685,3146.08175,2020-03-21 04:44:41.970,332342069.90288585,-196126053.43003106,-115118997.27158011,149018437194.1385,1812962042.5294497,785113599.742004,58929.1977079861
46,2020,3,21,4,59,41.97,26335543.48,-1398952.936,-1575315.8869999999,309.44836999999995,2191.4210199999998,3204.66682,2020-03-21 04:59:41.970,332852368.5570404,-195450573.48681858,-114879629.94145805,149018522624.96347,1837658818.104496,795818965.6030123,58929.20812465277
46,2020,3,21,5,14,41.97,26383023.990999997,579804.0650000001,1314246.556,-204.06669,2199.39909,3207.21,2020-03-21 05:14:41.970,333361023.05598,-194774108.7603171,-114639683.84810929,149018603196.00256,1862355545.8570614,806524312.592339,58929.21854131943
46,2020,3,21,5,29,41.97,25969357.868,2548427.322,4180834.889,-713.8031500000001,2168.94031,3153.69672,2020-03-21 05:29:41.970,333868031.190289,-194096662.8302903,-114399160.30262026,149018678907.2693,1887052224.942346,817229640.3466868,58929.2289579861
46,2020,3,21,5,44,41.97,25102025.923,4472533.51,6974377.112,-1210.7229399999999,2100.62751,3045.13846,2020-03-21 05:44:41.970,334373390.75854677,-193418239.27955335,-114158060.61816502,149018749758.7773,1911748854.515518,827934948.5027374,58929.23937465277
46,2020,3,21,5,59,41.97,23796539.568,6318575.648,9646165.070999999,-1686.047,1995.73278,2883.54868,2020-03-21 05:59:41.970,334877099.5673293,-192738841.69395965,-113916386.10999982,149018815750.54077,1936445433.7317257,838640236.6971561,58929.24979131943
46,2020,3,21,6,14,41.97,22076131.715,8054451.426,12149737.365,-2131.42255,1856.1884,2671.8974599999997,2020-03-21 06:14:41.970,335379155.4312134,-192058473.6623879,-113674138.09545815,149018876882.5739,1961141961.746099,849345504.566588,58929.2602079861
46,2020,3,21,6,29,41.97,19971301.967,9650079.205,14441712.483,-2539.07899,1684.5443,2414.04656,2020-03-21 06:29:41.970,335879556.172778,-191377138.77672866,-113431317.89394489,149018933154.891,1985838437.7137504,860050751.7476618,58929.27062465277
46,2020,3,21,6,44,41.97,17519228.039,11077930.143,16482555.466999998,-2901.9687099999996,1483.9134099999999,2114.6670799999997,2020-03-21 06:44:41.970,336378299.622608,-190694840.63187107,-113187926.8269313,149018984567.50708,2010534860.7897677,870755977.8769879,58929.28104131943
46,2020,3,21,6,59,41.97,14763058.318,12313506.322999999,18237263.593,-3213.89005,1257.90661,1779.14229,2020-03-21 06:59:41.970,336875383.6192969,-190011582.82568997,-112943966.21794963,149019031120.43707,2035231230.1292224,881461182.5911589,58929.2914579861
46,2020,3,21,7,14,41.97,11751102.634000001,13335756.471,19675959.089,-3469.5901999999996,1010.55941,1413.45871,2020-03-21 07:14:41.970,337370806.00944906,-189327368.959032,-112699437.3925877,149019072813.69617,2059927544.8871613,892166365.5267487,58929.30187465277
46,2020,3,21,7,29,41.97,8535939.980999999,14127422.677000001,20774379.615000002,-3664.8467,746.2523100000001,1024.08836,2020-03-21 07:29:41.970,337864564.6476826,-188642202.63570336,-112454341.6784837,149019109647.30005,2084623804.2186146,902871526.3203127,58929.31229131943
46,2020,3,21,7,44,41.97,5173462.74,14675313.431,21514259.966000002,-3796.52699,469.62705,617.8652999999999,2020-03-21 07:44:41.970,338356657.3966327,-187956087.46245608,-112208680.40532069,149019141621.2643,2109320007.2785947,913576664.6083915,58929.3227079861
46,2020,3,21,7,59,41.97,1721877.283,14970500.095999999,21883601.194,-3862.62588,185.50052,201.85935,2020-03-21 07:59:41.970,338847082.1269533,-187269027.0489746,-111962454.90482138,149019168735.6053,2134016153.2220895,924281780.027504,58929.33312465277
46,2020,3,21,8,14,41.97,-1759319.4949999999,15008435.694,21876825.835,-3862.28168,-101.22148,-216.7503,2020-03-21 08:14:41.970,339335836.7173211,-186581025.0078629,-111715666.51074278,149019190990.33905,2158712241.2040772,934986872.2141562,58929.34354131943
46,2020,3,21,8,29,41.97,-5210368.901,14788996.465,21494820.235,-3795.7719700000002,-385.62935,-630.7992,2020-03-21 08:29:41.970,339822919.05443686,-185892084.9546315,-111468316.55887078,149019208385.48218,2183408270.379508,945691940.8048323,58929.3539579861
46,2020,3,21,8,44,41.97,-8572266.726,14316448.0,20744866.948,-3664.49046,-662.89201,-1033.2575100000001,2020-03-21 08:44:41.970,340308327.0330289,-185202210.50768375,-111220406.38701506,149019220921.0515,2208104239.9033165,956396985.4360011,58929.36437465277
46,2020,3,21,8,59,41.97,-11787750.759,13599338.977,19640471.903,-3470.9064399999997,-928.33527,-1417.34374,2020-03-21 08:59:41.970,340792058.55585635,-184511405.28830314,-110971937.33500355,149019228597.06415,2232800148.9304204,967102005.7441139,58929.37479131943
46,2020,3,21,9,14,41.97,-14802244.711,12650326.450000001,18201092.382,-3218.50877,-1177.51539,-1776.63121,2020-03-21 09:14:41.970,341274111.53371036,-183819672.9206399,-110722910.74467692,149019231413.53726,2257495996.615718,977807001.3656051,58929.3852079861
46,2020,3,21,9,29,41.97,-17564745.318,11485937.44,16451772.970000003,-2911.73596,-1406.287,-2105.1459499999996,2020-03-21 09:29:41.970,341754483.8854182,-183127017.03169772,-110473327.95988385,149019229370.48865,2282191782.1140857,988511971.9368899,58929.39562465277
46,2020,3,21,9,44,41.97,-20028640.966,10126272.149,14422697.479,-2555.89413,-1610.86482,-2397.45539,2020-03-21 09:44:41.970,342233173.53784466,-182433441.25132105,-110223190.32647505,149019222467.93604,2306887504.580385,999216917.0943675,58929.40604131943
46,2020,3,21,9,59,41.97,-22152451.724,8594654.581,12148665.461000001,-2157.0647,-1787.87874,-2648.74719,2020-03-21 09:59:41.970,342710178.4258958,-181738949.21218145,-109972499.19229834,149019210705.8975,2331583163.169466,1009921836.4744219,58929.4164579861
46,2020,3,21,10,14,41.97,-23900482.098,6917236.674,9668502.374,-1722.00303,-1934.422,-2854.89779,2020-03-21 10:14:41.970,343185496.49252117,-181043544.54976425,-109721255.907193,149019194084.39142,2356278757.0361505,1020626729.7134173,58929.42687465277
46,2020,3,21,10,29,41.97,-25243379.191,5122562.28,7024412.81,-1258.02975,-2048.0922299999997,-3012.53033,2020-03-21 10:29:41.970,343659125.688716,-180347230.9023563,-109469461.82298496,149019172603.4363,2380974285.3352513,1031331596.4477035,58929.43729131943
46,2020,3,21,10,44,41.97,-26158590.18,3241097.5100000002,4261286.388,-772.91592,-2127.02513,-3119.0618799999997,2020-03-21 10:44:41.970,344131063.97352463,-179650011.91103205,-109217118.2934809,149019146263.05118,2405669747.2215595,1042036436.313611,58929.4477079861
46,2020,3,21,10,59,41.97,-26630714.145000003,1304734.082,1425966.1309999998,-274.76335,-2169.92072,-3172.7396099999996,2020-03-21 10:59:41.970,344601309.3140423,-178951891.21964058,-108964226.67446336,149019115063.25507,2430365141.849847,1052741248.9474543,58929.45812465277
46,2020,3,21,11,14,41.97,-26651744.595,-653727.5630000001,-1433510.7640000002,228.11856,-2176.06207,-3172.66586,2020-03-21 11:14:41.970,345069859.68541867,-178252872.4747926,-108710788.32368504,149019079004.0673,2455060468.374879,1063446033.9855336,58929.46854131943
46,2020,3,21,11,29,41.97,-26221199.653,-2601108.514,-4268689.661,727.3389500000001,-2145.32627,-3118.81201,2020-03-21 11:29:41.970,345536713.07085943,-177552959.3258472,-108456804.60086381,149019038085.50754,2479755725.9513907,1074150791.0641282,58929.4789579861
46,2020,3,21,11,44,41.97,-25346138.204,-4504388.068999999,-7031482.541999999,1214.5527,-2078.1876700000003,-3012.02083,2020-03-21 11:44:41.970,346001867.4616298,-176852155.42489856,-108202276.86767723,149018992307.59558,2504450913.734108,1084855519.8195043,58929.48937465277
46,2020,3,21,11,59,41.97,-24041061.289,-6331239.744000001,-9674949.043000001,1681.5881100000001,-1975.71318,-2853.9973800000002,2020-03-21 11:59:41.970,346465320.85705644,-176150464.42676315,-107947206.48775712,149018941670.3518,2529146030.877743,1095560219.8879092,58929.49979131943
46,2020,3,21,12,14,41.97,-22327698.845,-8050559.447,-12154063.977,2120.57355,-1839.54953,-2647.2880999999998,2020-03-21 12:14:41.970,346927071.26453024,-175447889.98896646,-107691594.82668445,149018886173.79636,2553841076.536985,1106264890.9055777,58929.5102079861
46,2020,3,21,12,29,41.97,-20234683.528,-9632978.547,-14426460.75,2524.06177,-1671.9024,-2395.24809,2020-03-21 12:29:41.970,347387116.6995087,-174744435.77172977,-107435443.25198396,149018825817.95004,2578536049.866511,1116969532.508723,58929.52062465277
46,2020,3,21,12,44,41.97,-17797114.077999998,-11051354.447,-16453139.953999998,2885.15067,-1475.50732,-2101.9964400000003,2020-03-21 12:44:41.970,347845455.1855191,-174040105.4379573,-107178753.1331188,149018760602.83368,2603230950.020988,1127674144.3335466,58929.53104131943
46,2020,3,21,12,59,41.97,-15056012.264999999,-12281231.285,-18199132.382,3197.59879,-1253.59237,-1772.35962,2020-03-21 12:59:41.970,348302084.7541605,-173334902.6532224,-106921525.84148507,149018690528.4685,2627925776.1550517,1138378726.0162299,58929.5414579861
46,2020,3,21,13,14,41.97,-12057678.866,-13301263.314,-19634105.736,3455.93389,-1009.8325699999999,-1411.80303,2020-03-21 13:14:41.970,348757003.44510627,-172628831.0857554,-106663762.75040668,149018615594.87573,2652620527.4233418,1149083277.1929436,58929.55187465277
46,2020,3,21,13,29,41.97,-8852955.728999998,-14093593.675,-20732904.474999998,3655.55275,-748.2964,-1026.3508800000002,2020-03-21 13:29:41.970,349210209.30610645,-171921894.40643,-106405465.23513013,149018535802.07733,2677315202.980473,1159787797.499837,58929.56229131943
46,2020,3,21,13,44,41.97,-5496402.693,-14644181.42,-21476012.54,3792.81022,-473.38433000000003,-622.49504,2020-03-21 13:44:41.970,349661700.39299095,-171214096.2887499,-106146634.67281884,149018451150.09515,2702009801.981044,1170492286.573045,58929.5727079861
46,2020,3,21,13,59,41.97,-2045399.952,-14943069.995,-21849929.231999997,3865.09554,-189.7603,-207.09335000000002,2020-03-21 13:59:41.970,350111474.7696715,-170505440.40883616,-105887272.44254819,149018361638.9512,2726704323.5796375,1181196744.048689,58929.58312465277
46,2020,3,21,14,14,41.97,1440811.6849999998,-14984590.892,-21847449.28,3870.89364,97.72369,212.74143,2020-03-21 14:14:41.970,350559530.5081442,-169795930.44541407,-105627379.92529985,149018267268.66812,2751398766.930829,1191901169.5628743,58929.59354131943
46,2020,3,21,14,29,41.97,4902138.272999999,-14767496.878,-21467839.184,3809.8295900000003,384.10853000000003,629.7607800000001,2020-03-21 14:29:41.970,351005865.68849194,-169085570.07979953,-105366958.50395685,149018168039.26852,2776093131.189171,1202605562.7516844,58929.6039579861
46,2020,3,21,14,44,41.97,8278671.764,-14295020.125,-20716903.299000002,3682.69401,664.4136699999999,1036.70602,2020-03-21 14:44:41.970,351450478.3988871,-168374362.99588653,-105106009.56329785,149018063950.7755,2800787415.5092096,1213309923.251197,58929.61437465277
46,2020,3,21,14,59,41.97,11511742.73,-13574851.709,-19606934.825,3491.44775,933.72597,1426.43805,2020-03-21 14:59:41.970,351893366.7355942,-167662312.88013372,-104844534.48999223,149017955003.21204,2825481619.045471,1224014250.6974664,58929.62479131943
46,2020,3,21,15,14,41.97,14544967.478,-12619040.325,-18156548.922999997,3239.20456,1187.29006,1792.06911,2020-03-21 15:14:41.970,352334528.80297136,-166949423.42155161,-104582534.6725943,149017841196.6017,2850175740.952469,1234718544.7265334,58929.6352079861
46,2020,3,21,15,29,41.97,17325269.194000002,-11443809.699,-16390397.529000001,2930.19062,1420.59834,2127.0934700000003,2020-03-21 15:29:41.970,352773962.7134739,-166235698.31168905,-104320011.50153847,149017722530.9683,2874869780.384709,1245422804.9744258,58929.64562465277
46,2020,3,21,15,44,41.97,19803852.148000002,-10069295.918,-14338768.082,2569.68068,1629.47855,2425.51414,2020-03-21 15:44:41.970,353211666.5876567,-165521141.24462056,-104056966.36913352,149017599006.33575,2899563736.496673,1256127031.0771556,58929.65604131943
46,2020,3,21,15,59,41.97,21937107.991,-8519207.881000001,-12037071.184,2163.91114,1810.17668,2681.96244,2020-03-21 15:59:41.970,353647638.5541749,-164805755.91693312,-103793400.66955751,149017470622.7283,2924257608.442837,1266831222.6707158,58929.6664579861
46,2020,3,21,16,14,41.97,23687433.793,-6820416.0540000005,-9525225.141999999,1719.97108,1959.4330200000002,2891.80707,2020-03-21 16:14:41.970,354081876.7497892,-164089546.02771264,-103529315.7988525,149017337380.1705,2948951395.37766,1277535379.3910875,58929.67687465277
46,2020,3,21,16,29,41.97,25023942.805,-5002476.686,-6846948.2129999995,1245.6732100000002,2074.5491700000002,3051.24964,2020-03-21 16:29:41.970,354514379.31936556,-163372515.2785317,-103264713.15491897,149017199278.687,2973645096.4555936,1288239500.874236,58929.68729131943
46,2020,3,21,16,44,41.97,25923050.985999998,-3097100.558,-4048972.077,749.40733,2153.4440099999997,3157.4037200000002,2020-03-21 16:44:41.970,354945144.4158792,-162654667.373436,-102999594.13751066,149017056318.30283,2998338710.8310747,1298943586.756114,58929.6977079861
46,2020,3,21,16,59,41.97,26368925.033999998,-1137576.984,-1180192.4810000001,239.97978,2194.69686,3208.35505,2020-03-21 16:59:41.970,355374170.20041656,-161936006.0189309,-102733960.14822933,149016908499.04343,3023032237.6585226,1309647636.6726544,58929.70812465277
46,2020,3,21,17,14,41.97,26353781.013,841834.824,1709225.0650000002,-273.55737000000005,2197.57669,3203.20096,2020-03-21 17:14:41.970,355801454.84217703,-161216534.92396918,-102467812.59051928,149016755820.93402,3047725676.0923514,1320351650.2597804,58929.71854131943
46,2020,3,21,17,29,41.97,25878026.411,2806533.9189999998,4568765.272,-782.08267,2162.0562200000004,3142.06786,2020-03-21 17:29:41.970,356226996.5184768,-160496257.79993728,-102201152.86966209,149016598284.00067,3072419025.286952,1331055627.1533947,58929.7289579861
46,2020,3,21,17,44,41.97,24950242.564,4722211.636,7348488.681,-1276.5828900000001,2088.81076,3026.10629,2020-03-21 17:44:41.970,356650793.4147493,-159775178.36064273,-101933982.39277138,149016435888.2692,3097112284.3967185,1341759566.989391,58929.73937465277
46,2020,3,21,17,59,41.97,23587008.548,6555477.682,9999942.816000002,-1748.3269699999998,1979.2018600000001,2857.46382,2020-03-21 17:59:41.970,357072843.7245494,-159053300.32230064,-101666302.56878725,149016268633.766,3121805452.5760255,1352463469.403645,58929.74979131943
46,2020,3,21,18,14,41.97,21812571.746000003,8274464.899,12477039.397,-2189.03208,1835.24642,2639.23693,2020-03-21 18:14:41.970,357493145.64955443,-158330627.4035209,-101398114.80847123,149016096520.51758,3146498528.979232,1363167334.0320182,58929.7602079861
46,2020,3,21,18,29,41.97,19658374.112,9849400.111000001,14736879.355999999,-2591.01759,1659.57241,2375.4035400000002,2020-03-21 18:29:41.970,357911697.3995668,-157607163.325295,-101129420.52440079,149015919548.55084,3171191512.760687,1373871160.5103574,58929.77062465277
46,2020,3,21,18,44,41.97,17162446.538,11253129.637,16740509.263,-2947.3437,1455.3627099999999,2070.73844,2020-03-21 18:44:41.970,358328497.19251704,-156882911.81098324,-100860221.13096407,149015737717.8928,3195884403.0747347,1384574948.4744968,58929.78104131943
46,2020,3,21,18,59,41.97,14368686.522,12461589.592,18453594.957000002,-3251.93172,1226.28887,1730.71434,2020-03-21 18:59:41.970,358743543.2544649,-156157876.586301,-100590518.04435454,149015551028.5707,3220577199.0757065,1395278697.5602565,58929.7914579861
46,2020,3,21,19,14,41.97,11326036.539,13454212.788999999,19847000.766000003,-3499.6641799999998,976.43682,1361.39154,2020-03-21 19:14:41.970,359156833.8196028,-155432061.37930644,-100320312.68256567,149015359480.6122,3245269899.9179134,1405982407.4034371,58929.80187465277
46,2020,3,21,19,29,41.97,8087581.954,14214265.908,20897265.413000003,-3686.4634,710.22657,969.2992,2020-03-21 19:29:41.970,359568367.1302567,-154705469.92038694,-100049606.46538568,149015163074.0452,3269962504.7556734,1416686077.6398335,58929.81229131943
46,2020,3,21,19,44,41.97,4709588.152000001,14729112.49,21586968.475,-3809.34793,432.32801,561.31131,2020-03-21 19:44:41.970,359978141.43689,-153978105.94224644,-99778400.81439193,149014961808.8976,3294655012.7432756,1427389707.9052198,58929.8227079861
46,2020,3,21,19,59,41.97,1250496.731,14990399.135,21904983.906,-3866.46715,147.57473,144.52026,2020-03-21 19:59:41.970,360386154.998105,-153249973.1798918,-99506697.1529461,149014755685.1979,3319347423.035012,1438093297.8353577,58929.83312465277
46,2020,3,21,20,14,41.97,-2230099.769,14994163.981,21846619.684,-3857.11452,-139.12219000000002,-273.8894,2020-03-21 20:14:41.970,360792406.08064485,-152521075.3706205,-99234496.90618837,149014544702.97455,3344039734.785153,1448796847.0659938,58929.84354131943
46,2020,3,21,20,29,41.97,-5672485.909,14740868.129,21413644.835,-3781.7207000000003,-422.85895,-686.76461,2020-03-21 20:29:41.970,361196892.95939595,-151791416.2540067,-98961801.50103234,149014328862.25668,3368731947.1479692,1459500355.2328653,58929.8539579861
46,2020,3,21,20,44,41.97,-9017836.648,14235351.989999998,20614207.097,-3641.82796,-698.82088,-1087.10291,2020-03-21 20:44:41.970,361599613.917391,-151060999.57188925,-98688612.36615972,149014108163.07315,3393424059.2777166,1470203821.9716928,58929.86437465277
46,2020,3,21,20,59,41.97,-12209199.779000001,13486719.708,19462646.088,-3440.04743,-962.36027,-1468.16524,2020-03-21 20:59:41.970,362000567.24581,-150329829.06835765,-98414930.93201481,149013882605.45355,3418116070.328649,1480907246.9181845,58929.87479131943
46,2020,3,21,21,14,41.97,-15192432.873,12508155.74,17979208.215,-3180.00107,-1209.06914,-1823.5813,2020-03-21 21:14:41.970,362399751.24398255,-149597908.4897394,-98140758.63079935,149013652189.42734,3442807979.4549923,1491610629.7080293,58929.8852079861
46,2020,3,21,21,29,41.97,-17917081.738,11316678.407,16189670.615999999,-2866.2500299999997,-1434.84645,-2147.44626,2020-03-21 21:29:41.970,362797164.2193916,-148865241.58458722,-97866096.89646727,149013416915.0245,3467499785.8109837,1502313969.9769096,58929.89562465277
46,2020,3,21,21,44,41.97,-20337188.946,9932835.822999999,14124882.213000001,-2504.21115,-1635.9588700000002,-2434.40806,2020-03-21 21:44:41.970,363192804.4876737,-148131832.1036655,-97590947.16471893,149013176782.27505,3492191488.5508423,1513017267.360492,58929.90604131943
46,2020,3,21,21,59,41.97,-22412022.501,8380350.017999999,11820230.572,-2100.06327,-1809.09503,-2679.74493,2020-03-21 21:59:41.970,363586670.37262243,-147397683.79993773,-97315310.87299633,149012931791.2096,3516883086.8287754,1523720521.4944286,58929.9164579861
46,2020,3,21,22,14,41.97,-24106716.169,6685715.403,9315043.705,-1660.64487,-1951.41274,-2879.43242,2020-03-21 22:14:41.970,363978760.20618993,-146662800.42855304,-97039189.46047741,149012681941.85864,3541574579.7989855,1534423732.014359,58929.92687465277
46,2020,3,21,22,29,41.97,-25392814.316,4877757.936,6651936.22,-1193.34446,-2060.57905,-3030.19994,2020-03-21 22:29:41.970,364369072.3284885,-145927185.74683326,-96762584.36807087,149012427234.25314,3566265966.6156697,1545126898.555908,58929.93729131943
46,2020,3,21,22,44,41.97,-26248715.329,2987161.51,3876109.488,-705.98498,-2134.80298,-3129.57642,2020-03-21 22:44:41.970,364757605.0877951,-145190843.51426038,-96485497.03841077,149012167668.42435,3590957246.433014,1555830020.7546914,58929.9477079861
46,2020,3,21,22,59,41.97,-26660008.809,1045968.253,1034615.6329999999,-206.70364,-2172.86082,-3175.9249999999997,2020-03-21 22:59:41.970,365144356.84055066,-144453777.49246264,-96207928.91585134,149011903244.40353,3615648418.4051933,1566533098.2463093,58929.95812465277
46,2020,3,21,23,14,41.97,-26619703.027,-912940.525,-1824404.6900000002,296.17174,-2174.11373,-3168.46657,2020-03-21 23:14:41.970,365529325.95136356,-143715991.44520214,-95929881.44646136,149011633962.22256,3640339481.6863747,1577236130.6663435,58929.96854131943
46,2020,3,21,23,29,41.97,-26128339.729,-2856375.8400000003,-4652500.641,794.24907,-2138.51784,-3107.29205,2020-03-21 23:29:41.970,365912510.7930115,-142977489.13836145,-95651356.07801905,149011359821.91327,3665030435.430727,1587939117.650374,58929.9789579861
46,2020,3,21,23,44,41.97,-25193994.739,-4751378.031,-7401695.456,1279.1993,-2066.62634,-2993.36319,2020-03-21 23:44:41.970,366293909.7464439,-142238274.33993077,-95372354.26000677,149011080823.50784,3689721278.7923975,1598642058.8339581,58929.98937465277
46,2020,3,21,23,59,41.97,-23832163.797000002,-6565752.158,-10025266.239,1742.8840699999998,-1959.5838,-2828.50184,2020-03-21 23:59:41.970,366673521.2007841,-141498350.81999514,-95092877.44360542,149010796967.03894,3714412010.925536,1609344953.8526454,58929.99979131943
46,2020,3,22,0,14,41.97,-22065535.421,-8268592.237999999,-12478505.131,2177.48181,-1819.1125100000002,-2615.3677900000002,2020-03-22 00:14:41.970,367051343.5533298,-140757722.35072085,-94812927.08168948,149010508252.539,3739102630.9842815,1620047802.3419712,58930.0102079861
46,2020,3,22,0,29,41.97,-19923643.537,-9830801.468,-14719473.605999999,2575.6129,-1647.4897500000002,-2357.4230799999996,2020-03-22 00:29:41.970,367427375.2095579,-140016392.70634234,-94532504.62882125,149010214680.04114,3763793138.122769,1630750603.9374588,58930.02062465277
46,2020,3,22,0,44,41.97,-17442424.825999998,-11225564.447,-16709682.455999998,2930.45781,-1447.5188,-2058.88763,2020-03-22 00:44:41.970,367801614.58312416,-139274365.66315016,-94251611.54124594,149009916249.5786,3788483531.4951186,1641453358.2746177,58930.03104131943
46,2020,3,22,0,59,41.97,-14663656.166000001,-12428813.458,-18414763.308000002,3235.87323,-1222.4897400000002,-1724.67973,2020-03-22 00:59:41.970,368174060.0958659,-138531644.99947676,-93970249.27688588,149009612961.1849,3813173810.255458,1652156064.988948,58930.0414579861
46,2020,3,22,1,14,41.97,-11634298.697,-13419643.817,-19805062.827999998,3486.49912,-976.13302,-1360.3462900000002,2020-03-22 01:14:41.970,368544710.17780507,-137788234.49568418,-93688419.2953355,149009304814.89368,3837863973.5578904,1662858723.715932,58930.05187465277
46,2020,3,22,1,29,41.97,-8405747.788999999,-14180686.208999999,-20856172.572,3677.85723,-712.5648100000001,-971.9811699999999,2020-03-22 01:29:41.970,368913563.26714873,-137044137.93415064,-93406123.05785595,149008991810.73904,3862554020.55653,1673561334.0910454,58930.06229131943
46,2020,3,22,1,44,41.97,-5032999.187,-14698426.347000001,-21549380.360999998,3806.43851,-436.22465,-566.1325400000001,2020-03-22 01:44:41.970,369280617.8102923,-136299359.09925786,-93123362.02736972,149008673948.75516,3887243950.4054747,1684263895.7497473,58930.0727079861
46,2020,3,22,1,59,41.97,-1573742.191,-14963465.217,-21872033.516,3869.77754,-151.80589,-149.69980999999999,2020-03-22 01:59:41.970,369645872.2618206,-135553901.77737755,-92840137.66845517,149008351228.97665,3911933762.2588177,1694966408.3274872,58930.08312465277
46,2020,3,22,2,14,41.97,1912607.423,-14970713.701000001,-21817805.133,3866.51161,135.82047,270.17857,2020-03-22 02:14:41.970,370009325.08451045,-134807769.75685897,-92556451.44734128,149008023651.43814,3936623455.270649,1705668871.4597003,58930.09354131943
46,2020,3,22,2,29,41.97,5365920.123,-14719516.094,-21386855.655,3796.4227300000002,421.68742,686.24531,2020-03-22 02:29:41.970,370370974.74933237,-134060966.82801545,-92272304.83190249,149007691216.17502,3961313028.5950527,1716371284.7818122,58930.1039579861
46,2020,3,22,2,44,41.97,8726394.55,-14213697.987,-20585883.424,3660.46027,700.81819,1091.25048,2020-03-22 02:44:41.970,370730819.73545235,-133313496.78311148,-91987699.29165295,149007353923.222,3986002481.3861055,1727073647.929235,58930.11437465277
46,2020,3,22,2,59,41.97,11935610.593,-13461535.144,-19428059.645,3460.74278,968.3153,1478.08178,2020-03-22 02:59:41.970,371088858.53023475,-132565363.41634975,-91702636.29774144,149007011772.6151,4010691812.797879,1737775960.5373707,58930.12479131943
46,2020,3,22,3,14,41.97,14937574.15,-12475641.448,-17932845.286,3200.5375200000003,1219.45105,1839.89619,2020-03-22 03:14:41.970,371445089.6292425,-131816570.52385798,-91417117.32294622,149006664764.39,4035381021.9844475,1748478222.2416072,58930.1352079861
46,2020,3,22,3,29,41.97,17679733.094,-11272775.589000002,-16125689.84,2884.21684,1449.7572599999999,2170.25035,2020-03-22 03:29:41.970,371799511.5362413,-131067121.90367617,-91131143.84166913,149006312898.58282,4060070108.099867,1759180432.6773207,58930.14562465277
46,2020,3,22,3,44,41.97,20113943.475,-9873567.998,-14037614.523,2517.19122,1655.1124,2463.22646,2020-03-22 03:44:41.970,372152122.7631994,-130317021.3557432,-90844717.32993072,149005956175.22968,4084759070.2981987,1769882591.4798763,58930.15604131943
46,2020,3,22,3,59,41.97,22197365.005,-8302171.475,-11704685.342999998,2105.81926,1831.82368,2713.5505700000003,2020-03-22 03:59:41.970,372502921.8302904,-129566272.6818841,-90557839.26536456,149005594594.36722,4109447907.7334967,1780584698.2846308,58930.1664579861
46,2020,3,22,4,14,41.97,23893265.646,-6585840.947,-9167384.352,1657.29588,1976.70206,2916.7000399999997,2020-03-22 04:14:41.970,372851907.2658954,-128814879.68579699,-90270511.12721218,149005228156.03247,4134136619.5598106,1791286752.7269232,58930.17687465277
46,2020,3,22,4,29,41.97,25171716.505,-4754449.794,-6469890.295999999,1179.52081,2087.12786,3068.9968900000003,2020-03-22 04:29:41.970,373199077.6066048,-128062846.17303981,-89982734.39631754,149004856860.26242,4158825204.931185,1801988754.442088,58930.18729131943
46,2020,3,22,4,44,41.97,26010160.400000002,-2839952.02,-3659282.537,680.94989,2161.10516,3167.68451,2020-03-22 04:44:41.970,373544431.39721954,-127310175.95101753,-89694510.55512176,149004480707.09424,4183513663.0016646,1812690703.065441,58930.1977079861
46,2020,3,22,4,59,41.97,26393840.266,-875801.208,-784684.4589999999,170.43291,2197.30325,3210.9851200000003,2020-03-22 04:59:41.970,373887967.1907531,-126556872.8289691,-89405841.0876577,149004099696.56577,4208201992.9252872,1823392598.232292,58930.20812465277
46,2020,3,22,5,14,41.97,26316076.953,1103661.488,2103635.518,-342.95819,2195.08375,3198.13626,2020-03-22 05:14:41.970,374229683.54843485,-125802940.6179544,-89116727.47954455,149003713828.71487,4232890193.8560867,1834094439.5779393,58930.21854131943
46,2020,3,22,5,29,41.97,25778389.792999998,3063837.092,4955185.904,-850.10616,2154.51285,3129.4051999999997,2020-03-22 05:29:41.970,374569579.0397091,-125048383.13084108,-88827171.21798255,149003323103.57944,4257578264.9480963,1844796226.737669,58930.2289579861
46,2020,3,22,5,44,41.97,24790457.424,4970502.588,7720176.998,-1342.02581,2076.3580199999997,3006.08101,2020-03-22 05:44:41.970,374907652.2422396,-124293204.18229187,-88537173.79174763,149002927521.19815,4282266205.355343,1855497959.3467522,58930.23937465277
46,2020,3,22,5,59,41.97,23369920.532,6790434.965000001,10350428.576,-1810.03717,1962.0697300000002,2830.44445,2020-03-22 05:59:41.970,375243901.74190986,-123537407.58875114,-88246736.69118613,149002527081.60944,4306954014.23185,1866199637.0404572,58930.24979131943
46,2020,3,22,6,14,41.97,21542032.268,8492012.223,12800241.054,-2245.93015,1813.74871,2605.7171399999997,2020-03-22 06:14:41.970,375578326.13282496,-122780997.16843224,-87955861.40820919,149002121784.85226,4331641690.731644,1876901259.4540346,58930.2602079861
46,2020,3,22,6,29,41.97,19339165.817,10045778.849,15027212.098,-2642.1166500000004,1634.09998,2335.99157,2020-03-22 06:29:41.970,375910924.017314,-122023976.74130413,-87664549.43628764,149001711630.9658,4356329234.008745,1887602826.2227292,58930.27062465277
46,2020,3,22,6,44,41.97,16800191.976999998,11424964.572999999,16992982.547,-2991.7668599999997,1426.37523,2026.14437,2020-03-22 06:44:41.970,376241694.0059312,-121266350.12907872,-87372802.27044651,149001296619.98938,4381016643.217168,1898304336.9817712,58930.28104131943
46,2020,3,22,6,59,41.97,13969742.269,12605946.693,18663897.774,-3288.9269400000003,1194.3054200000001,1681.73563,2020-03-22 06:59:41.970,376570634.71745867,-120508121.15519767,-87080621.4072596,149000876751.96274,4405703917.510929,1909005791.3663797,58930.2914579861
46,2020,3,22,7,14,41.97,10897375.226,13568648.062,20011573.249,-3528.6162499999996,942.0255199999999,1308.89721,2020-03-22 07:14:41.970,376897744.77890635,-119749293.64481921,-86788008.34484425,149000452026.92587,4430391056.044048,1919707189.0117679,58930.30187465277
46,2020,3,22,7,29,41.97,7636664.858,14296864.625,21013355.764,-3706.9029100000002,673.99358,914.21309,2020-03-22 07:29:41.970,377223022.82551616,-118989871.42480534,-86494964.58285595,149000022444.91882,4455078057.970528,1930408529.5531328,58930.31229131943
46,2020,3,22,7,44,41.97,4244231.034,14778518.338,21652674.552,-3820.95729,394.90616,504.59480999999994,2020-03-22 07:44:41.970,377546467.5007611,-118229858.32370883,-86201491.62248287,148999588005.98203,4479764922.444382,1941109812.6256666,58930.3227079861
46,2020,3,22,7,59,41.97,778731.608,15005833.046,21919279.201,-3869.08364,109.61205,87.15494,2020-03-22 07:59:41.970,377868077.4563494,-117469258.1717601,-85907590.96644069,148999148710.15634,4504451648.619621,1951811037.8645468,58930.33312465277
46,2020,3,22,8,14,41.97,-2700164.3060000003,14975432.672999999,21809363.718000002,-3850.73051,-176.97386,-330.91898,2020-03-22 08:14:41.970,378187851.352224,-116708074.800854,-85613264.11896685,148998704557.48267,4529138235.6502495,1962512204.9049425,58930.34354131943
46,2020,3,22,8,29,41.97,-6132803.375,14688362.527999999,21325578.305,-3766.4812300000003,-459.95501,-742.48757,2020-03-22 08:29:41.970,378505787.85656637,-115946312.04453729,-85318512.58581556,148998255548.00208,4553824682.690276,1973213313.3820114,58930.3539579861
46,2020,3,22,8,44,41.97,-9460558.060999999,14150035.906,20476932.349999998,-3618.0258799999997,-734.53457,-1140.5779300000002,2020-03-22 08:44:41.970,378821885.64579594,-115183973.73799513,-85023337.87425226,148997801681.7562,4578510988.893703,1983914362.9309034,58930.36437465277
46,2020,3,22,8,59,41.97,-12626803.669000002,13370109.270000001,19278593.71,-3408.11635,-996.0925699999999,-1518.49549,2020-03-22 08:59:41.970,379136143.40457404,-114421063.7180383,-84727741.49304822,148997342958.78677,4603197153.414538,1994615353.1867561,58930.37479131943
46,2020,3,22,9,14,41.97,-15577848.066,12362290.184,17751590.692,-3140.50639,-1240.25808,-1869.9282699999999,2020-03-22 09:14:41.970,379448559.8258037,-113657585.82309006,-84431724.95247528,148996879379.13565,4627883175.406787,2005316283.7846973,58930.3852079861
46,2020,3,22,9,29,41.97,-18263801.252,11144082.925999999,15922424.121,-2819.8781999999997,-1462.97544,-2189.04224,2020-03-22 09:29:41.970,379759133.6106324,-112893543.89317338,-84135289.76430035,148996410942.84515,4652569054.024452,2016017154.359848,58930.39562465277
46,2020,3,22,9,44,41.97,-20639373.576,9736477.236000001,13822597.71,-2451.75752,-1660.56429,-2470.56742,2020-03-22 09:44:41.970,380067863.468453,-112128941.76989757,-83838437.44177996,148995937649.95786,4677254788.421534,2026717964.5473137,58930.40604131943
46,2020,3,22,9,59,41.97,-22664592.871,8163586.058,11488075.465,-2042.41867,-1829.77283,-2709.87385,2020-03-22 09:59:41.970,380374748.11690575,-111363783.29644543,-83541169.49965511,148995459500.51636,4701940377.752036,2037418713.9821942,58930.4164579861
46,2020,3,22,10,14,41.97,-24305432.211,6452238.455,8958675.305000002,-1598.78111,-1967.82416,-2903.0372899999998,2020-03-22 10:14:41.970,380679786.2818796,-110598072.31756024,-83243487.45414574,148994976494.56393,4726625821.169971,2048119402.2995794,58930.42687465277
46,2020,3,22,10,29,41.97,-25534341.321,4631534.089,6277408.354,-1128.2990100000002,-2072.45533,-3046.89424,2020-03-22 10:29:41.970,380982976.6975146,-109831812.67953281,-82945392.82294525,148994488632.1436,4751311117.829332,2058820029.1345496,58930.43729131943
46,2020,3,22,10,44,41.97,-26330675.863,2732365.79,3489773.582,-638.84493,-2141.94912,-3139.08612,2020-03-22 10:44:41.970,381284318.1062019,-109065008.23018812,-82646887.1252154,148993995913.29904,4775996266.884132,2069520594.1221738,58930.4477079861
46,2020,3,22,10,59,41.97,-26681019.944,786916.922,643017.62,-138.58913,-2175.1583299999998,-3178.09242,2020-03-22 10:59:41.970,381583809.2585866,-108297662.81887281,-82347971.88158058,148993498338.07388,4800681267.488373,2080221096.8975132,58930.45812465277
46,2020,3,22,11,14,41.97,-26579398.476,-1171859.712,-2214630.2660000003,364.1245,-2171.5224399999997,-3163.2527499999997,2020-03-22 11:14:41.970,381881448.91356903,-107529780.29644166,-82048648.61412272,148992995906.51248,4825366118.796058,2090921537.0956197,58930.46854131943
46,2020,3,22,11,29,41.97,-26027376.580000002,-3110774.506,-5034737.947,860.90501,-2131.07659,-3094.77752,2020-03-22 11:29:41.970,382177235.8383059,-106761364.51524498,-81748918.84637566,148992488618.65887,4850050819.961203,2101621914.3515346,58930.4789579861
46,2020,3,22,11,44,41.97,-25034044.662,-4996938.255,-7769454.684,1343.44176,-2054.45272,-2973.74721,2020-03-22 11:44:41.970,382471168.8082127,-105992419.32911527,-81448784.10331996,148991976474.55765,4874735370.137814,2112322228.3002915,58930.48937465277
46,2020,3,22,11,59,41.97,-23615888.687,-6798296.8149999995,-10372289.514,1803.63205,-1942.8727800000001,-2802.10003,2020-03-22 11:59:41.970,382763246.6069633,-105222948.59335433,-81148245.91137724,148991459474.2538,4899419768.479895,2123022478.576914,58930.49979131943
46,2020,3,22,12,14,41.97,-21796546.075999998,-8484156.022,-12798873.216,2233.70725,-1798.13384,-2582.60775,2020-03-22 12:14:41.970,383053468.0264939,-104452956.16472036,-80847305.79840508,148990937617.7922,4924104014.141466,2133722664.8164175,58930.5102079861
46,2020,3,22,12,29,41.97,-19606449.281,-10025689.548,-15007693.24,2626.3562399999996,-1622.5850500000001,-2318.83976,2020-03-22 12:29:41.970,383341831.8670026,-103682445.90141472,-80545965.29369149,148990410905.21835,4948788106.276538,2144422786.6538064,58930.52062465277
46,2020,3,22,12,44,41.97,-17082359.835,-11396422.33,-16960790.856,2974.8449899999996,-1419.09639,-2015.1150599999999,2020-03-22 12:44:41.970,383628336.9369521,-102911421.6630689,-80244225.92794947,148989879336.57782,4973472044.039127,2155122843.724079,58930.53104131943
46,2020,3,22,12,59,41.97,-14266797.309,-12572682.118,-18624409.765,3273.13031,-1191.0191000000002,-1676.4424099999999,2020-03-22 12:59:41.970,383912982.05306983,-102139887.31073172,-79942089.23331164,148989342911.9164,4998155826.583252,2165822835.662222,58930.5414579861
46,2020,3,22,13,14,41.97,-11207369.065000001,-13534011.790000001,-19969585.486,3515.9662,-942.13803,-1308.4486200000001,2020-03-22 13:14:41.970,384195766.0403507,-101367846.70685619,-79639556.74332489,148988801631.28024,5022839453.062935,2176522762.103216,58930.55187465277
46,2020,3,22,13,29,41.97,-7956008.297,-14263535.1,-20972665.025,3699.00099,-676.61591,-917.29538,2020-03-22 13:29:41.970,384476687.7320582,-100595303.71528642,-79336629.99294493,148988255494.71564,5047522922.632195,2187222622.682031,58930.56229131943
46,2020,3,22,13,44,41.97,-4568129.649,-14748268.858,-21615746.69,3818.86306,-398.93005999999997,-509.58510999999993,2020-03-22 13:44:41.970,384755745.96972495,-99822262.20124455,-79033310.51853086,148987704502.2694,5072206234.445063,2197922417.0336294,58930.5727079861
46,2020,3,22,13,59,41.97,-1101713.46,-14979374.829,-21887030.525999997,3873.2333,-113.80187,-92.25663,2020-03-22 13:59:41.970,385032939.6031552,-99048726.03131787,-78729599.85783978,148987148653.98837,5096889387.655564,2208622144.792964,58930.58312465277
46,2020,3,22,14,14,41.97,2383668.343,-14952345.24,-21781070.667,3860.9020699999996,173.8801,327.52829,2020-03-22 14:14:41.970,385308267.49042547,-98274699.07344596,-78425499.5500214,148986587949.9195,5121572381.417731,2219321805.594981,58930.59354131943
46,2020,3,22,14,29,41.97,5827869.88,-14667116.534,-21298922.038,3781.80858,459.14251,742.50593,2020-03-22 14:29:41.970,385581728.4978864,-97500185.19690724,-78121011.13561276,148986022390.11044,5146255214.885607,2230021399.074618,58930.6039579861
46,2020,3,22,14,44,41.97,9171215.808999998,-14128106.956,-20448175.322,3637.0608500000003,737.0138499999999,1145.4376399999999,2020-03-22 14:44:41.970,385853321.50016344,-96725188.27230616,-77816136.15653244,148985451974.60864,5170937887.213218,2240720924.8668013,58930.61437465277
46,2020,3,22,14,59,41.97,12355554.397,-13344174.811,-19242875.877,3428.93464,1002.6138899999999,1529.24029,2020-03-22 14:59:41.970,386123045.38015944,-95949712.17156027,-77510876.15607558,148984876703.4622,5195620397.554613,2251420382.6064506,58930.62479131943
46,2020,3,22,15,14,41.97,15325299.566,-12328495.634000001,-17703324.449,3160.8498,1251.24407,1887.1180299999999,2020-03-22 15:14:41.970,386390899.0290542,-95173760.76788697,-77205232.67890818,148984296576.71927,5220302745.063843,2262119771.9284816,58930.6352079861
46,2020,3,22,15,29,41.97,18028441.334,-11098358.206,-15855759.943,2837.32361,1478.4771400000002,2212.69215,2020-03-22 15:29:41.970,386656881.3463076,-94397337.93579073,-76899207.27106185,148983711594.42816,5244984928.894953,2272819092.467797,58930.64562465277
46,2020,3,22,15,44,41.97,20417503.641,-9674881.148,-13731927.213000001,2463.90056,1680.2436599999999,2500.12618,2020-03-22 15:44:41.970,386920991.2396595,-93620447.55104996,-76592801.47992826,148983121756.63754,5269666948.202003,2283518343.8592906,58930.65604131943
46,2020,3,22,15,59,41.97,22450428.694,-8082653.809,-11368535.680000002,2047.0594,1852.91334,2744.24288,2020-03-22 15:59:41.970,387183227.62513155,-92843093.49070373,-76286016.85425377,148982527063.3966,5294348802.139051,2294217525.7378545,58930.6664579861
46,2020,3,22,16,14,41.97,24091367.777,-6349307.163000001,-8806617.514,1594.09853,1993.36888,2940.6299,2020-03-22 16:14:41.970,387443589.427029,-92065279.63303927,-75978854.94413413,148981927514.75433,5319030489.860161,2304916637.7383657,58930.67687465277
46,2020,3,22,16,29,41.97,25311359.982,-4505022.38,-6090796.934,1113.00197,2099.07028,3085.7311,2020-03-22 16:29:41.970,387702075.57794094,-91287009.85757856,-75671317.30100887,148981323110.7603,5343712010.519397,2315615679.4957,58930.68729131943
46,2020,3,22,16,44,41.97,26088882.576,-2581986.606,-3268484.8710000003,612.28866,2168.1075600000004,3176.9207499999998,2020-03-22 16:44:41.970,387958685.018742,-90508288.04506528,-75363405.47765589,148980713851.46432,5368393363.270836,2326314650.644719,58930.6977079861
46,2020,3,22,16,59,41.97,26410259.588,-613807.0739999999,-389015.467,100.84872,2199.24039,3212.55817,2020-03-22 16:59:41.970,388213416.69859415,-89729118.07745202,-75055121.02818625,148980099736.91614,5393074547.2685585,2337013550.8202853,58930.70812465277
46,2020,3,22,17,14,41.97,26269918.645000003,1365104.055,2497257.229,-412.22927,2191.92332,3192.0213400000002,2020-03-22 17:14:41.970,388466269.5749467,-88949503.83788705,-74746465.50803845,148979480767.1661,5417755561.666653,2347712379.657246,58930.71854131943
46,2020,3,22,17,29,41.97,25670490.003,3320160.789,5339882.853,-917.8354800000001,2146.31593,3115.71827,2020-03-22 17:29:41.970,388717242.6135385,-88169449.21070151,-74437440.47397329,148978856942.2649,5442436405.6192,2358411136.7904425,58930.7289579861
46,2020,3,22,17,44,41.97,24622745.79,5217236.613,8089238.446,-1407.01595,2063.27754,2985.07593,2020-03-22 17:44:41.970,388966334.78839934,-87388958.08139604,-74128047.48406814,148978228262.263,5467117078.280299,2369109821.85471,58930.73937465277
46,2020,3,22,17,59,41.97,23145381.707000002,7023286.256999999,10697432.312,-1871.1448,1944.347,2802.50735,2020-03-22 17:59:41.970,389213545.0818493,-86608034.3366282,-73818288.09771179,148977594727.21167,5491797578.804058,2379808434.484879,58930.74979131943
46,2020,3,22,18,14,41.97,21264647.443,8706942.707,13119168.803000001,-2302.08747,1791.70804,2571.35792,2020-03-22 18:14:41.970,389458872.4845026,-85826681.86419894,-73508163.87559882,148976956337.1619,5516477906.344575,2390506974.3157697,58930.7602079861
46,2020,3,22,18,29,41.97,19013835.812000003,10239077.126,15312556.205999998,-2692.3509,1608.1417099999999,2295.83303,2020-03-22 18:29:41.970,389702315.9952662,-85044904.55303992,-73197676.37972422,148976313092.16537,5541158060.055973,2401205440.9821935,58930.77062465277
46,2020,3,22,18,44,41.97,16432643.82,11593310.655,17239841.896,-3035.2174299999997,1396.96732,1980.9092500000002,2020-03-22 18:44:41.970,389943874.6213427,-84262706.29320052,-72886827.17337796,148975664992.27402,5565838039.092367,2411903834.118959,58930.78104131943
46,2020,3,22,18,59,41.97,13566421.553,12746468.639,18868061.226,-3324.85981,1161.97388,1632.23192,2020-03-22 18:59:41.970,390183547.3782307,-83480090.97583453,-72575617.82113972,148975012037.53967,5590517842.607886,2422602153.360864,58930.7914579861
46,2020,3,22,19,14,41.97,10465326.745000001,13678969.576,20169589.263,-3556.4355600000004,907.34397,1256.00217,2020-03-22 19:14:41.970,390421333.289726,-82697062.49318732,-72264049.88887306,148974354228.0147,5615197469.756661,2433300398.3427024,58930.80187465277
46,2020,3,22,19,29,41.97,7183404.17,14375142.958,21122587.226,-3726.1595500000003,637.57219,858.85643,2020-03-22 19:29:41.970,390657231.38792235,-81913624.7385827,-71952124.94372034,148973691563.75186,5639876919.692841,2443998568.6992636,58930.81229131943
46,2020,3,22,19,44,41.97,3777609.656,14823472.066,21711338.227,-3831.35448,357.38025,447.74144,2020-03-22 19:44:41.970,390891240.71321374,-81129781.60641018,-71639844.55409719,148973024044.80368,5664556191.570564,2454696664.06532,58930.8227079861
46,2020,3,22,19,59,41.97,306798.51300000004,15016759.548,21926469.571000002,-3870.47958,71.63061,29.78755,2020-03-22 19:59:41.970,391123360.3142934,-80345536.99211131,-71327210.28968677,148972351671.22336,5689235284.543994,2465394684.0756474,58930.83312465277
46,2020,3,22,20,14,41.97,-3169302.3140000002,14952215.325,21765061.273,-3843.13823,-214.75947000000002,-387.81699,2020-03-22 20:14:41.970,391353589.24815714,-79560894.79216732,-71014223.72143477,148971674443.06424,5713914197.767289,2476092628.3650126,58930.84354131943
46,2020,3,22,20,29,41.97,-6591119.961999999,14631467.841,21230642.679,-3750.0658599999997,-496.90209000000004,-797.94865,2020-03-22 20:29:41.970,391581926.58010286,-78775858.90408577,-70700886.42154382,148970992360.37997,5738592930.394623,2486790496.568175,58930.8539579861
46,2020,3,22,20,44,41.97,-9900242.093,14060500.992999999,20333080.889000002,-3593.0994699999997,-770.0195199999999,-1193.66614,2020-03-22 20:44:41.970,391808371.3837315,-77990433.2263876,-70387199.96346788,148970305423.2243,5763271481.580178,2497488288.3198853,58930.86437465277
46,2020,3,22,20,59,41.97,-13040388.327000001,13249520.136,19088366.290000003,-3375.1306099999997,-1029.52081,-1568.32131,2020-03-22 20:59:41.970,392032922.7409493,-77204621.65859394,-70073165.92190687,148969613631.6515,5787949850.478132,2508186003.2548947,58930.87479131943
46,2020,3,22,21,14,41.97,-15958332.501999998,12212751.483,17518301.736,-3100.04342,-1271.0731,-1915.66217,2020-03-22 21:14:41.970,392255579.7419675,-76418428.10121337,-69758785.87280129,148968916985.7157,5812628036.242688,2518883641.007938,58930.8852079861
46,2020,3,22,21,29,41.97,-18604763.187,10968179.871,15650102.915,-2772.63965,-1490.66714,-2229.9271200000003,2020-03-22 21:29:41.970,392476341.4853037,-75631856.4557285,-69444061.39332666,148968215485.4718,5837306038.028047,2529581201.213755,58930.89562465277
46,2020,3,22,21,44,41.97,-20935071.428,9537230.415,13515918.178,-2398.5522499999997,-1684.67642,-2505.9295700000002,2020-03-22 21:44:41.970,392695207.07778376,-74844910.62458347,-69128994.06188823,148967509130.97452,5861983854.988422,2540278683.507068,58930.90604131943
46,2020,3,22,21,59,41.97,-22910056.204,7944399.978,11152276.647999998,-1984.14913,-1849.90951,-2739.13264,2020-03-22 21:59:41.970,392912175.6345408,-74057594.5111703,-68813585.45811535,148966797922.27905,5886661486.278037,2550976087.5226054,58930.9164579861
46,2020,3,22,22,14,41.97,-24496539.504,6216844.637999999,8599473.824000001,-1536.42881,-1983.65543,-2925.71332,2020-03-22 22:14:41.970,393127246.2790177,-73269912.01981635,-68497837.162856,148966081859.44077,5911338931.051121,2561673412.8950787,58930.92687465277
46,2020,3,22,22,29,41.97,-25667884.186,4383929.578000001,5900904.177999999,-1062.909,-2083.72178,-3062.61602,2020-03-22 22:29:41.970,393340418.1429679,-72481867.05577102,-68181750.75817147,148965360942.51547,5936016188.461913,2572370659.2592,58930.93729131943
46,2020,3,22,22,44,41.97,-26404409.044,2476747.952,3102350.445,-571.5097000000001,-2148.4655300000004,-3147.5952899999997,2020-03-22 22:44:41.970,393551690.3664553,-71693463.52519289,-67865327.82733084,148964635171.55884,5960693257.664664,2583067826.249674,58930.9477079861
46,2020,3,22,22,59,41.97,-26693696.547,527615.417,251239.442,-70.43196,-2176.81629,-3179.2473999999997,2020-03-22 22:59:41.970,393761062.09785634,-70904705.3351364,-67548569.95480543,148963904546.62723,5985370137.813634,2593764913.501199,58930.95812465277
46,2020,3,22,23,14,41.97,-26530790.04,-1430452.8760000002,-2604125.5700000003,431.96657,-2168.29199,-3157.0309,2020-03-22 23:14:41.970,393968532.49385965,-70115596.3935392,-67231478.72626354,148963169067.7771,6010046828.063083,2604461920.6484675,58930.96854131943
46,2020,3,22,23,29,41.97,-25918277.713,-3364275.926,-5415345.863,927.2984,-2123.00682,-3081.27568,2020-03-22 23:29:41.970,394174100.719468,-69326140.60920893,-66914055.728564605,148962428735.06494,6034723327.567303,2615158847.3261647,58930.9789579861
46,2020,3,22,23,44,41.97,-24866262.141,-5241044.165999999,-8134711.31,1407.2736699999998,-2041.67135,-2953.1807099999996,2020-03-22 23:44:41.970,394377765.94799894,-68536341.89181003,-66596302.54975429,148961683548.5481,6059399635.480571,2625855693.1689787,58930.98937465277
46,2020,3,22,23,59,41.97,-23392215.01,-7028853.261,-10715977.125,1863.82764,-1925.5846700000002,-2774.80004,2020-03-22 23:59:41.970,394579527.36108446,-67746204.15185106,-66278220.77905842,148960933508.28333,6084075750.957194,2636552457.8115835,58930.99979131943
46,2020,3,23,0,14,41.97,-21520719.109,-8697225.0,-13115119.454,2289.24631,-1776.61862,-2549.01738,2020-03-23 00:14:41.970,394779384.14867383,-66955731.300671354,-65959812.00687793,148960178614.32834,6108751673.151479,2647249140.888647,58931.0102079861
46,2020,3,23,0,29,41.97,-19283091.256,-10217621.377,-15291079.254,2676.29043,-1597.19289,-2279.50727,2020-03-23 00:29:41.970,394977335.50903225,-66164927.25042812,-65641077.8247832,148959418866.74072,6133427401.217745,2657945742.034843,58931.02062465277
46,2020,3,23,0,44,41.97,-16716909.935,-11563910.443999998,-17206432.755000003,3018.31277,-1390.2438399999999,-1970.6872600000002,2020-03-23 00:44:41.970,395173380.6487429,-65373795.914083436,-65322019.8255086,148958654265.5787,6158102934.310323,2668642260.884824,58931.03104131943
46,2020,3,23,0,59,41.97,-13865425.284,-12712822.51,-18828046.629,3309.3721299999997,-1159.1831100000002,-1627.65522,2020-03-23 00:59:41.970,395367518.7827083,-64582341.20539112,-65002639.60294713,148957884810.90045,6182778271.583562,2679338697.0732503,58931.0414579861
46,2020,3,23,1,14,41.97,-10776877.144,-13644354.327,-20127654.865000002,3544.33828,-907.84903,-1256.11635,2020-03-23 01:14:41.970,395559749.1341486,-63790567.038883746,-64682938.752144754,148957110502.76425,6207453412.19181,2690035050.2347717,58931.05187465277
46,2020,3,23,1,29,41.97,-7503721.345,-14342128.179,-21082368.080000002,3718.98763,-640.4499000000001,-862.2984700000001,2020-03-23 01:29:41.970,395750070.9346053,-62998477.32985961,-64362918.86929503,148956331341.2291,6232128355.289425,2700731320.0040355,58931.06229131943
46,2020,3,23,1,44,41.97,-4101774.9400000004,-14793696.456,-21675101.629,3830.08732,-361.49965000000003,-452.85638,2020-03-23 01:44:41.970,395938483.4239398,-62206075.994369745,-64042581.55173359,148955547326.3539,6256803100.0308,2711427506.015678,58931.0727079861
46,2020,3,23,1,59,41.97,-629291.743,-14990785.1,-21894913.077,3875.46569,-75.74647,-34.766239999999996,2020-03-23 01:59:41.970,396124985.85033524,-61413366.94920482,-63721928.39793277,148954758458.19806,6281477645.5703125,2722123607.9043407,58931.08312465277
46,2020,3,23,2,14,41.97,2854018.595,-14929469.899,-21737240.476999998,3854.06689,211.90492999999998,384.78900999999996,2020-03-23 02:14:41.970,396309577.47029656,-60620354.11188215,-63400961.007495865,148953964736.82092,6306151991.062366,2732819625.304651,58931.09354131943
46,2020,3,23,2,29,41.97,6288012.853,-14610280.362,-21204034.073,3765.98783,496.47632000000004,798.54163,2020-03-23 02:29:41.970,396492257.5486513,-59827041.40063253,-63079680.981152005,148953166162.28244,6330826135.661372,2743515557.8512397,58931.1039579861
46,2020,3,23,2,44,41.97,9613160.97,-14038226.946999999,-20303775.571999997,3612.49532,773.00306,1199.26661,2020-03-23 02:44:41.970,396673025.35855067,-59033432.73438746,-62758089.920750335,148952362734.64255,6355500078.521757,2754211405.1787252,58931.11437465277
46,2020,3,23,2,59,41.97,12771598.757,-13222748.623,-19051380.95,3396.02196,1036.62371,1579.91253,2020-03-23 02:59:41.970,396851880.1814695,-58239532.0327659,-62436189.42925465,148951554453.96176,6380173818.797958,2764907166.9217296,58931.12479131943
46,2020,3,23,3,14,41.97,15708166.838,-12177579.257,-17467984.950999998,3120.1394699999996,1282.67053,1933.73317,2020-03-23 03:14:41.970,397028821.3072079,-57445343.216061234,-62113981.110738,148950741320.30035,6404847355.644429,2775602842.714861,58931.1352079861
46,2020,3,23,3,29,41.97,18371415.151,-10920532.956999999,-15580607.911999999,2789.50877,1506.75873,2254.4168999999997,2020-03-23 03:29:41.970,397203848.0338904,-56650870.20522843,-61791466.570376985,148949923333.71933,6429520688.215626,2786298432.192732,58931.14562465277
46,2020,3,23,3,44,41.97,20714552.001,-9473210.394,-13421708.232,2409.8067300000002,1704.87245,2536.21083,2020-03-23 03:44:41.970,397376959.66796786,-55856116.9218707,-61468647.4144465,148949100494.2797,6454193815.666028,2796993934.989947,58931.15604131943
46,2020,3,23,3,59,41.97,22696316.853,-7860630.05,-11028626.721,1987.63013,1873.44526,2774.0364400000003,2020-03-23 03:59:41.970,397548155.5242172,-55061087.28822693,-61145525.25031405,148948272802.0429,6478866737.150131,2807689350.7411046,58931.1664579861
46,2020,3,23,4,14,41.97,24281757.005,-6110790.382999999,-8442931.912,1530.3783600000002,2009.4327700000001,2963.59348,2020-03-23 04:14:41.970,397717434.9257424,-54265785.227158025,-60822101.68643433,148947440257.07053,6503539451.822436,2818384679.080805,58931.17687465277
46,2020,3,23,4,29,41.97,25442889.845999997,-4254170.838,-5709678.307,1046.11692,2110.3756200000003,3101.44908,2020-03-23 04:29:41.970,397884797.20397526,-53470214.66213441,-60498378.33234369,148946602859.4244,6528211958.837458,2829079919.643637,58931.18729131943
46,2020,3,23,4,44,41.97,26159234.761,-2323181.432,-2876592.089,543.4248,2174.45046,3185.1094,2020-03-23 04:44:41.970,398050241.69867486,-52674379.517222844,-60174356.798654705,148945760609.16653,6552884257.349727,2839775072.0641923,58931.1977079861
46,2020,3,23,4,59,41.97,26418201.711999997,-351572.251,6798.915,31.22926,2200.50781,3213.07154,2020-03-23 04:59:41.970,398213767.7579298,-51878283.71707317,-59850038.69705062,148944913506.3595,6577556346.513789,2850470135.9770536,58931.20812465277
46,2020,3,23,5,14,41.97,26215327.015,1626184.6069999998,2890072.497,-481.36778000000004,2188.09532,3184.85414,2020-03-23 05:14:41.970,398375374.73815656,-51081931.18690561,-59525425.64027979,148944061551.06583,6602228225.484203,2861165111.016803,58931.21854131943
46,2020,3,23,5,29,41.97,25554350.794999998,3575527.2369999997,5722836.879000001,-985.26722,2137.46585,3101.00571,2020-03-23 05:29:41.970,398535062.0041019,-50285325.85249753,-59200519.24215026,148943204743.34836,6626899893.415543,2871859996.8180175,58931.2289579861
46,2020,3,23,5,44,41.97,24447134.707000002,5462436.514,8455652.93,-1471.54945,2049.57022,2963.09054,2020-03-23 05:44:41.970,398692828.9288424,-49488471.64017034,-58875321.11752425,148942343083.2703,6651571349.4623995,2882554793.015271,58931.23937465277
46,2020,3,23,5,59,41.97,22913422.713,7254055.354,11040933.834999999,-1931.64572,1926.03501,2773.65285,2020-03-23 05:59:41.970,398848674.8937848,-48691372.47677679,-58549832.882312626,148941476570.89508,6676242592.779366,2893249499.2431326,58931.24979131943
46,2020,3,23,6,14,41.97,20980451.701,8919281.52,13433803.156,-2357.49977,1769.12613,2536.1604899999998,2020-03-23 06:14:41.970,399002599.288667,-47894032.28968758,-58224056.153469354,148940605206.2864,6700913622.5210705,2903944115.136172,58931.2602079861
46,2020,3,23,6,29,41.97,18682422.417999998,10429321.799999999,15592893.714,-2741.716,1581.69964,2254.9300900000003,2020-03-23 06:29:41.970,399154601.5115579,-47096455.006778546,-57897992.54898608,148939728989.5081,6725584437.842142,2914638640.328946,58931.27062465277
46,2020,3,23,6,44,41.97,16059844.327000001,11758196.704,17481071.729,-3077.69103,1367.14129,1935.03623,2020-03-23 06:44:41.970,399304680.9688583,-46298644.55641752,-57571643.68788643,148938847920.62433,6750255037.897232,2925333074.4560223,58931.28104131943
46,2020,3,23,6,59,41.97,13158770.587000001,12883186.453,19066073.025000002,-3359.7259400000003,1129.29684,1582.20739,2020-03-23 06:59:41.970,399452837.0753007,-45500604.86745143,-57245011.190220825,148937961999.69974,6774925421.840995,2936027417.151952,58931.2914579861
46,2020,3,23,7,14,41.97,10029941.242,13785210.8,20321040.797000002,-3583.11777,872.39506,1202.71175,2020-03-23 07:14:41.970,399599069.2539503,-44702339.86919298,-56918096.67706052,148937071226.79874,6799595588.828121,2946721668.051293,58931.30187465277
46,2020,3,23,7,29,41.97,6727853.8950000005,14449137.112,21224957.159,-3744.22912,600.96565,803.23585,2020-03-23 07:29:41.970,399743376.936205,-43903853.49140791,-56590901.77049249,148936175601.9865,6824265538.013303,2957415826.788594,58931.31229131943
46,2020,3,23,7,44,41.97,3309781.693,14864012.993,21762963.44,-3840.53561,319.75397,390.75921,2020-03-23 07:44:41.970,399885759.5617956,-43105149.664302096,-56263428.093613714,148935275125.32825,6848935268.5512495,2968109892.9984016,58931.3227079861
46,2020,3,23,7,59,41.97,-165241.596,15023221.548,21926566.847999997,-3870.65163,33.634699999999995,-27.57238,2020-03-23 07:59:41.970,400026216.5787867,-42306232.318508,-55935677.270525634,148934369796.8893,6873604779.596688,2978803866.3152637,58931.33312465277
46,2020,3,23,8,14,41.97,-3637450.2090000003,14924559.015999999,21713733.473,-3834.33526,-252.47405,-444.57231,2020-03-23 08:14:41.970,400164747.4435761,-41507105.38507204,-55607650.92632873,148933459616.73553,6898274070.304364,2989497746.3737164,58931.34354131943
46,2020,3,23,8,29,41.97,-7047370.472,14570235.991,21128869.79,-3732.4735100000003,-533.69441,-853.13518,2020-03-23 08:29:41.970,400301351.6208962,-40707772.795441516,-55279350.687116876,148932544584.9328,6922943139.829042,3000191532.808305,58931.3539579861
46,2020,3,23,8,44,41.97,-10336823.368999999,13966804.719,20182696.602,-3567.0495,-805.26919,-1246.35348,2020-03-23 08:44:41.970,400436028.58381337,-39908238.48145152,-54950778.17997201,148931624701.54742,6947611987.325492,3010885225.25356,58931.36437465277
46,2020,3,23,8,59,41.97,-13449890.07,13125016.012,18892020.936,-3341.09328,-1062.6376799999998,-1617.6274500000002,2020-03-23 08:59:41.970,400568777.8137279,-39108506.37531183,-54621935.03295827,148930699966.6459,6972280611.948516,3021578823.344019,58931.37479131943
46,2020,3,23,9,14,41.97,-16333826.492,12059610.171,17279412.559,-3058.61803,-1301.50633,-1960.7669999999998,2020-03-23 09:14:41.970,400699598.80037636,-38308580.40959408,-54292822.8751169,148929770380.2951,6996949012.852919,3032272326.7142134,58931.3852079861
46,2020,3,23,9,29,41.97,-18939914.511,10789047.012,15372792.803,-2724.54339,-1517.91337,-2270.08457,2020-03-23 09:29:41.970,400828491.04182875,-37508464.51721853,-53963443.33646032,148928835942.56186,7021617189.193538,3042965734.998673,58931.39562465277
46,2020,3,23,9,44,41.97,-21224239.041,9335180.536,13204944.027999999,-2344.60765,-1708.2870699999999,-2540.47849,2020-03-23 09:44:41.970,400955454.0444913,-36708162.63144132,-53633798.04796689,148927896653.51358,7046285140.125213,3053659047.8319182,58931.40604131943
46,2020,3,23,9,59,41.97,-23148381.654,7722884.238,10812948.629,-1925.27037,-1869.49717,-2767.50615,2020-03-23 09:59:41.970,401080487.32310516,-35907678.685841046,-53303888.64157516,148926952513.21774,7070952864.802805,3064352264.848481,58931.4164579861
46,2020,3,23,10,14,41.97,-24680022.822,5979633.253,8237566.826,-1473.6069400000001,-1998.89932,-2947.44677,2020-03-23 10:14:41.970,401203590.4007469,-35107016.61430597,-52973716.75017848,148926003521.74213,7095620362.381207,3075045385.682879,58931.42687465277
46,2020,3,23,10,29,41.97,-25793446.149,4135049.7809999995,5522562.772,-997.19641,-2094.3722,-3077.3535,2020-03-23 10:29:41.970,401324762.8088292,-34306180.351021156,-52643284.00761936,148925049679.15497,7120287632.01531,3085738409.9696336,58931.43729131943
46,2020,3,23,10,44,41.97,-26469939.122,2220418.3699999996,2713988.69,-504.00391,-2154.34736,-3155.09456,2020-03-23 10:44:41.970,401444004.0871007,-33505173.83045515,-52312592.04868407,148924090985.52448,7144954672.860043,3096431337.3432593,58931.4477079861
46,2020,3,23,10,59,41.97,-26698086.051999997,268177.751,-140563.096,-2.25895,-2177.83149,-3179.38335,2020-03-23 10:59:41.970,401561313.7836454,-32704000.987347085,-51981642.50909691,148923127440.91907,7169621484.070332,3107124167.4382777,58931.45812465277
46,2020,3,23,11,14,41.97,-26473950.085,-1688603.971,-2992730.214,499.66942,-2164.42108,-3149.7974700000004,2020-03-23 11:14:41.970,401676691.45488393,-31902665.75669357,-51650437.025514774,148922159045.40765,7194288064.801137,3117816899.889197,58931.46854131943
46,2020,3,23,11,29,41.97,-25801141.725,-3616763.847,-5794162.248,993.39955,-2114.30939,-3066.78623,2020-03-23 11:29:41.970,401790136.66557294,-31101172.073735964,-51318977.23552169,148921185799.05948,7218954414.207434,3128509534.3305326,58931.4789579861
46,2020,3,23,11,44,41.97,-24690772.838,-5483581.324,-8497304.417,1470.66466,-2028.2854600000003,-2931.6667500000003,2020-03-23 11:44:41.970,401901648.98880523,-30299523.873946887,-50987264.77762316,148920207701.94376,7243620531.444217,3139202070.3967943,58931.48937465277
46,2020,3,23,11,59,41.97,-23161295.846,-7257311.063,-11056172.493,1923.4403399999999,-1907.7252,-2746.60846,2020-03-23 11:59:41.970,402011228.0060101,-29497725.093017682,-50655301.29124056,148919224754.13004,7268286415.666496,3149894507.7224903,58931.49979131943
46,2020,3,23,12,14,41.97,-21238228.961,-8907704.079,-13427108.416,2344.06994,-1754.57443,-2514.60565,2020-03-23 12:14:41.970,402118873.306953,-28695779.666845016,-50323088.41670583,148918236955.6884,7292952066.0293045,3160586845.9421277,58931.5102079861
46,2020,3,23,12,29,41.97,-18953769.741,-10406509.904000001,-15569505.93,2725.38723,-1571.3236,-2239.43826,2020-03-23 12:29:41.970,402224584.4897359,-27893691.531518064,-49990627.79525558,148917244306.6887,7317617481.687695,3171279084.690214,58931.52062465277
46,2020,3,23,12,44,41.97,-16346300.167,-11727952.333999999,-17446495.485,3060.8345,-1360.97435,-1925.62062,2020-03-23 12:44:41.970,402328361.16079736,-27091464.62330553,-49657921.06902595,148916246807.20148,7342282661.796737,3181971223.6012526,58931.53104131943
46,2020,3,23,12,59,41.97,-13459788.064000001,-12849171.35,-19025577.664,3344.57454,-1126.9978199999998,-1578.3382900000001,2020-03-23 12:59:41.970,402430202.93491143,-26289102.87864235,-49324969.881046645,148915244457.29736,7366947605.511524,3192663262.309742,58931.5414579861
46,2020,3,23,13,14,41.97,-10343091.184999999,-13750623.841,-20279194.468999997,3571.59463,-873.2848,-1203.3732,2020-03-23 13:14:41.970,402530109.43519,-25486610.234117087,-48991775.87523573,148914237257.0471,7391612311.987167,3203355200.450191,58931.55187465277
46,2020,3,23,13,29,41.97,-7049171.925,-14416435.869,-21185228.072,3737.8008299999997,-604.0879500000001,-807.01739,2020-03-23 13:29:41.970,402628080.29307985,-24683990.62645855,-48658340.69639386,148913225206.52206,7416276780.378797,3214047037.6570964,58931.56229131943
46,2020,3,23,13,44,41.97,-3634232.4250000003,-14834699.529,-21727417.025,3840.10029,-323.95653000000004,-395.97598,2020-03-23 13:44:41.970,402724115.1483647,-23881247.992522962,-48324665.99019874,148912208305.7935,7440941009.841566,3224738773.5649543,58931.5727079861
46,2020,3,23,13,59,41.97,-156781.671,-14997707.853,-21895680.622,3876.46966,-37.6641,22.73977,2020-03-23 13:59:41.970,402818213.64916474,-23078386.269281004,-47990753.40319976,148911186554.9332,7465604999.530649,3235430407.808269,58931.58312465277
46,2020,3,23,14,14,41.97,3323351.926,-14902121.794,-21686342.972999997,3846.00752,249.86995000000002,441.92812999999995,2020-03-23 14:14:41.970,402910375.4519356,-22275409.39380462,-47656604.5828122,148910159954.01294,7490268748.601238,3246121940.0215373,58931.59354131943
46,2020,3,23,14,29,41.97,6746047.107000001,-14549064.185999999,-21102249.63,3748.96863,533.66402,854.31971,2020-03-23 14:29:41.970,403000600.221469,-21472321.30325415,-47322221.177311786,148909128503.105,7514932256.2085495,3256813369.8392506,58931.6039579861
46,2020,3,23,14,44,41.97,10051938.387,-13944136.57,-20152771.115,3586.77837,808.76187,1252.70563,2020-03-23 14:44:41.970,403088887.63089293,-20669125.9348653,-46987604.83582915,148908092202.28183,7539595521.5078125,3267504696.8959107,58931.61437465277
46,2020,3,23,14,59,41.97,13183468.056,-13097356.066,-18853689.608,3362.0256,1070.3224200000002,1630.06862,2020-03-23 14:59:41.970,403175237.3616706,-19865827.225936066,-46652757.208344154,148907051051.61612,7564258543.654295,3278195920.826009,58931.62479131943
46,2020,3,23,15,14,41.97,16085921.65,-12023010.987,-17226967.277,3078.43289,1313.71022,1979.71444,2020-03-23 15:14:41.970,403259649.10360116,-19062429.11381374,-46317679.945680514,148906005051.1808,7588921321.80327,3288887041.264042,58931.6352079861
46,2020,3,23,15,29,41.97,18708426.166,-10739435.559,-15300397.219,2740.80344,1534.5844,2295.40079,2020-03-23 15:29:41.970,403342122.55481917,-18258935.53588202,-45982374.69950005,148904954201.04913,7613583855.110038,3299578057.844499,58931.64562465277
46,2020,3,23,15,44,41.97,21004889.976,-9268706.03,-13107140.754,2354.94469,1728.98404,2571.4604900000004,2020-03-23 15:44:41.970,403422657.4217936,-17455350.42954793,-45646843.12229722,148903898501.29446,7638246142.729928,3310268970.2018785,58931.65604131943
46,2020,3,23,15,59,41.97,22934863.743,-7636262.383,-10685157.645,1927.56931,1893.4077499999999,2802.91561,2020-03-23 15:59:41.970,403501253.41932946,-16651677.732228618,-45311086.867393546,148902837951.99072,7662908183.81828,3320959777.970672,58931.6664579861
46,2020,3,23,16,14,41.97,24464302.635,-5870461.899,-8076538.785,1466.1752,2024.88518,2985.57963,2020-03-23 16:14:41.970,403577910.27056587,-15847921.381338878,-44975107.58893204,148901772553.21176,7687569977.530457,3331650480.7853684,58931.67687465277
46,2020,3,23,16,29,41.97,25566211.827,-4002072.7550000004,-5326753.63,978.9065999999999,2121.0384200000003,3116.1442300000003,2020-03-23 16:29:41.970,403652627.7069766,-15044085.314277528,-44638906.941871576,148900702305.03183,7712231523.021856,3342341078.2804646,58931.68729131943
46,2020,3,23,16,44,41.97,26221159.72,-2063717.608,-2483827.277,474.39955,2180.1314500000003,3192.2484299999996,2020-03-23 16:44:41.970,403725405.4683699,-14240173.468414772,-44302486.58198142,148899627207.5255,7736892819.447891,3353031570.090453,58931.6977079861
46,2020,3,23,16,59,41.97,26417646.329,-89278.68599999999,402535.783,-38.38474,2201.10605,3212.52765,2020-03-23 16:59:41.970,403796243.30288714,-13436189.781079235,-43965848.16583564,148898547260.76752,7761553865.963987,3363721955.849823,58931.70812465277
46,2020,3,23,17,14,41.97,26152317.900999997,1886722.945,3281862.51,-550.33422,2183.60309,3176.64133,2020-03-23 17:14:41.970,403865140.96700466,-12632138.189544693,-43628993.35080739,148897462464.83286,7786214661.725612,3374412235.1930685,58931.71854131943
46,2020,3,23,17,29,41.97,25430022.759,3829760.451,6103836.988,-1052.36373,2127.9686199999996,3085.2781999999997,2020-03-23 17:29:41.970,403932098.2255311,-11828022.63101736,-43291923.79506361,148896372819.7968,7810875205.888248,3385102407.7546816,58931.7289579861
46,2020,3,23,17,44,41.97,24263707.542,5705932.857,8819220.754,-1535.5912,2035.24458,2940.13919,2020-03-23 17:44:41.970,403997114.85160875,-11023847.042622762,-42954641.157559186,148895278325.73505,7835535497.607391,3395792473.1691523,58931.73937465277
46,2020,3,23,17,59,41.97,22674157.177,7482581.565,11380747.913999999,-1991.50792,1907.14463,2743.89867,2020-03-23 17:59:41.970,404060190.62671214,-10219615.361392744,-42617147.0980315,148894178982.72308,7860195536.038578,3406482431.0709767,58931.74979131943
46,2020,3,23,18,14,41.97,20689585.895,9128878.741,13743976.162,-2412.13866,1746.01601,2500.14547,2020-03-23 18:14:41.970,404121325.3406484,-9415331.524252493,-42279443.276994854,148893074790.8373,7884855320.337361,3417172281.094647,58931.7602079861
46,2020,3,23,18,29,41.97,18345090.208,10616375.548,15868076.35,-2790.18771,1554.7887,2213.3057599999997,2020-03-23 18:29:41.970,404180518.7915566,-8610999.468007565,-41941531.355734825,148891965750.15378,7909514849.659312,3427862022.8746524,58931.77062465277
46,2020,3,23,18,44,41.97,15681977.859000001,11919499.568,17716545.356,-3119.1679799999997,1336.91366,1888.55014,2020-03-23 18:44:41.970,404237770.78590727,-7806623.129330874,-41603412.99630282,148890851860.74918,7934174123.160036,3438551656.0454936,58931.78104131943
46,2020,3,23,18,59,41.97,12746989.243,13015992.428,19257829.424,-3393.51056,1096.29203,1531.68807,2020-03-23 18:59:41.970,404293081.138502,-7002206.444749705,-41265089.86151034,148889733122.70023,7958833139.995154,3449241180.2416587,58931.7914579861
46,2020,3,23,19,14,41.97,9591429.578,13887280.39,20465847.805,-3608.6532500000003,837.19731,1149.05246,2020-03-23 19:14:41.970,404346449.67247343,-6197753.350632709,-40926563.61492341,148888609536.08417,7983491899.32032,3459930595.097647,58931.80187465277
46,2020,3,23,19,29,41.97,6270231.233,14518772.606,21320409.323,-3761.10716,564.19279,747.3776,2020-03-23 19:29:41.970,404397876.21928406,-5393267.783177098,-40587835.92085726,148887481100.97818,8008150400.291203,3470619900.2479496,58931.81229131943
46,2020,3,23,19,44,41.97,2840966.0749999997,14900083.555,21807517.202,-3848.5012300000003,282.04599,333.67342,2020-03-23 19:44:41.970,404447360.6187266,-4588753.678395285,-40248908.444370255,148886347817.45996,8032808642.063504,3481309095.3270693,58931.8227079861
46,2020,3,23,19,59,41.97,-637172.46,15025177.991,21919560.101,-3869.60507,-4.35773,-84.90122,2020-03-23 19:59:41.970,404494902.7189226,-3784214.9721023175,-39909782.8512588,148885209685.6074,8057466623.792951,3491998179.9695,58931.83312465277
46,2020,3,23,20,14,41.97,-4104398.432,14892438.342,21655389.658,-3824.3311000000003,-290.10080999999997,-501.16361,2020-03-23 20:14:41.970,404540502.3763225,-2979655.5999027453,-39570460.80805151,148884066705.49857,8082124344.635287,3502687153.809738,58931.84354131943
46,2020,3,23,20,29,41.97,-7501355.546,14504655.957999999,21020286.963999998,-3713.71724,-570.3168400000001,-908.0286,2020-03-23 20:29:41.970,404584159.4557054,-2175079.4971773634,-39230943.98200355,148882918877.21167,8106781803.746292,3513376016.482285,58931.8539579861
46,2020,3,23,20,44,41.97,-10770115.569,13868948.852,20025822.151,-3539.89178,-840.27036,-1298.62446,2020-03-23 20:44:41.970,404625873.8301782,-1370490.5990707502,-38891234.04109124,148881766200.82565,8131439000.281769,3524064767.621641,58931.86437465277
46,2020,3,23,20,59,41.97,-13855137.734,12996609.597000001,18689612.764000002,-3306.02211,-1095.43214,-1666.4017099999999,2020-03-23 20:59:41.970,404665645.3811743,-565892.840477926,-38551332.65400641,148880608676.41925,8156095933.397538,3534753406.8623066,58931.87479131943
46,2020,3,23,21,14,41.97,-16704175.38,11902887.89,17034987.781,-3016.24904,-1331.54897,-2005.23381,2020-03-23 21:14:41.970,404703473.99845463,238709.84396854675,-38211241.490150675,148879446304.07156,8180752602.249451,3545441933.8387866,58931.8852079861
46,2020,3,23,21,29,41.97,-19269117.700999998,10606712.904,15090565.028,-2675.60853,-1544.70755,-2309.5087799999997,2020-03-23 21:29:41.970,404739359.5801054,1043313.519911327,-37870962.21963008,148878279083.86185,8205409005.993395,3556130348.185584,58931.89562465277
46,2020,3,23,21,44,41.97,-21506756.0,9130361.098,12889750.443,-2289.94251,-1731.3917700000002,-2574.21118,2020-03-23 21:44:41.970,404773302.03253895,1847914.2532816308,-37530496.51324928,148877107015.87015,8230065143.785267,3566818649.537206,58931.90604131943
46,2020,3,23,21,59,41.97,-23379465.344,7499075.447000001,10470168.13,-1865.80029,-1888.5333099999998,-2794.99386,2020-03-23 21:59:41.970,404805301.270492,2652508.1103119254,-37189846.04250603,148875930100.17618,8254721014.780998,3577506837.528158,58931.9164579861
46,2020,3,23,22,14,41.97,-24855793.856,5740642.368,7873030.4969999995,-1410.33214,-2013.55504,-2968.23927,2020-03-23 22:14:41.970,404835357.2170256,3457091.157548868,-36849012.47958571,148874748336.8601,8279376618.136555,3588194911.79295,58931.92687465277
46,2020,3,23,22,29,41.97,-25910953.197,3884932.793,5142458.043,-931.17635,-2104.4072699999997,-3091.11006,2020-03-23 22:29:41.970,404863469.80352455,4261659.461866545,-36507997.49735552,148873561726.00235,8304031953.00791,3598882871.9660907,58931.93729131943
46,2020,3,23,22,44,41.97,-26527204.933000002,1963413.967,2324758.515,-436.34098,-2159.5965,-3161.58874,2020-03-23 22:44:41.970,404889638.9696963,5066209.090479048,-36166802.76935905,148872370267.6836,8328687018.551084,3609570717.6820927,58931.9477079861
46,2020,3,23,22,59,41.97,-26694138.581,8638.7,-532324.662,65.91826,-2178.2067700000002,-3178.5062399999997,2020-03-23 22:59:41.970,404913864.6635706,5870736.110953791,-35825429.96981065,148871173961.9849,8353341813.922117,3620258448.5754695,58931.95812465277
46,2020,3,23,23,14,41.97,-26408838.380000003,-1946281.119,-3380384.662,567.22327,-2159.91329,-3141.55935,2020-03-23 23:14:41.970,404936146.8414984,6675236.591224231,-35483880.77358967,148869972808.98727,8377996338.277073,3630946064.280739,58931.96854131943
46,2020,3,23,23,29,41.97,-25675936.334000003,-3868209.817,-6171134.083,1059.20057,-2104.98832,-3051.31671,2020-03-23 23:29:41.970,404956485.46815205,7479706.599602867,-35142156.85623518,148868766808.7724,8402650590.772051,3641633564.4324183,58931.9789579861
46,2020,3,23,23,44,41.97,-24507550.676,-5724525.007999999,-8857188.019,1533.60882,-2014.29925,-2909.2133599999997,2020-03-23 23:44:41.970,404974880.5165235,8284142.204794286,-34800259.89394006,148867555961.42194,8427304570.563168,3652320948.6650276,58931.98937465277
46,2020,3,23,23,59,41.97,-22923109.559,-7483649.29,-11392836.955,1982.4662099999998,-1889.29854,-2717.5335,2020-03-23 23:59:41.970,404991331.9675014,9088539.453961326,-34458191.57288093,148866340267.0177,8451958276.806311,3663008216.61297,58931.99979131943
46,2020,3,24,0,14,41.97,-20949062.443,-9115567.267,-13734795.765999999,2398.17526,-1732.0059299999998,-2479.38188,2020-03-24 00:14:41.970,405005839.81161356,9892894.460525958,-34115953.55187571,148865119725.64215,8476611708.658189,3673695367.9110045,58932.0102079861
46,2020,3,24,0,29,41.97,-18618473.184,-10592333.082999999,-15842937.178,2773.64584,-1544.98124,-2198.64166,2020-03-24 00:29:41.970,405018404.0463317,10697203.272498695,-33773547.518376224,148863894337.37762,8501264865.274744,3684382402.1935387,58932.02062465277
46,2020,3,24,0,44,41.97,-15970518.856999999,-11888529.229,-17680950.691,3102.4111900000003,-1331.29111,-1879.92332,2020-03-24 00:44:41.970,405029024.67792046,11501461.960281635,-33430975.15113515,148862664102.30695,8525917745.81221,3695069319.0951047,58932.03104131943
46,2020,3,24,0,59,41.97,-13049872.419,-12981712.263,-19216981.415999997,3378.7398999999996,-1094.46535,-1528.49873,2020-03-24 00:59:41.970,405037701.7209601,12305666.594733581,-33088238.129531104,148861429020.51312,8550570349.42686,3705756118.250233,58932.0414579861
46,2020,3,24,1,14,41.97,-9905995.397999998,-13852805.316,-20424188.658999998,3597.73847,-838.44626,-1150.22496,2020-03-24 01:14:41.970,405044435.1983465,13109813.247183075,-32745338.133563004,148860189092.07938,8575222675.274975,3716442799.2934566,58932.05187465277
46,2020,3,24,1,29,41.97,-6592341.195,-14486443.445,-21281233.944,3755.44407,-567.5298300000001,-751.4565399999999,2020-03-24 01:29:41.970,405049225.1412895,13913897.989441214,-32402276.84384449,148858944317.08923,8599874722.512884,3727129361.859314,58932.06229131943
46,2020,3,24,1,44,41.97,-3165480.243,-14871262.668,-21772685.167,3848.9051,-286.29944,-338.94697,2020-03-24 01:44:41.970,405052071.5893127,14717916.893814582,-32059055.941598386,148857694695.62656,8624526490.296938,3737815805.5823402,58932.0727079861
46,2020,3,24,1,59,41.97,315841.13200000004,-15000126.199000001,-21889327.684,3876.24761,0.44724,80.25946,2020-03-24 01:59:41.970,405052974.59025204,15521866.033118382,-31715677.10865089,148856440227.77536,8649177977.783522,3748502130.0970807,58932.08312465277
46,2020,3,24,2,14,41.97,3791694.3809999996,-14870282.042000001,-21628374.049999997,3836.72526,287.77755,498.94446999999997,2020-03-24 02:14:41.970,405051934.2002555,16325741.480689107,-31372142.027426243,148855180913.61978,8673829184.129036,3759188335.038079,58932.09354131943
46,2020,3,24,2,29,41.97,7201999.326,-14483446.925,-20993565.428999998,3730.75109,570.7080500000001,909.83943,2020-03-24 02:29:41.970,405048950.4837815,17129539.31039756,-31028452.380940877,148853916753.2446,8698480108.48993,3769874420.039883,58932.1039579861
46,2020,3,24,2,44,41.97,10487574.345999999,-13845812.652,-19995159.281,3559.90902,844.2924499999999,1305.7540299999998,2020-03-24 02:44:41.970,405044023.51359844,17933255.596661877,-30684609.852798004,148852647746.7345,8723130750.02267,3780560384.737044,58932.11437465277
46,2020,3,24,2,59,41.97,13591187.294,-12967972.244,-18649799.886,3326.94373,1103.7116600000002,1679.70763,2020-03-24 02:59:41.970,405037153.37078357,18736886.414460234,-30340616.127181847,148851373894.1745,8747781107.883762,3791246228.7641134,58932.12479131943
46,2020,3,24,3,14,41.97,16458587.112000002,-11864764.751,-16980270.484,3035.72775,1344.36412,2025.0604499999997,2020-03-24 03:14:41.970,405028340.1447214,19540427.839344013,-29996472.888852086,148850095195.65005,8772431181.229734,3801931951.7556543,58932.1352079861
46,2020,3,24,3,29,41.97,19039495.335,-10555039.389,-15015128.405,2691.20521,1561.95442,2335.64192,2020-03-24 03:29:41.970,405017583.93310434,20343875.947450463,-29652181.82313834,148848811651.24664,8797080969.217148,3812617553.346218,58932.14562465277
46,2020,3,24,3,44,41.97,21288536.466000002,-9061341.498,-12788227.282,2299.31232,1752.57805,2605.87273,2020-03-24 03:44:41.970,405004884.84193,21147226.815515812,-29307744.61593439,148847523261.0501,8821730471.002598,3823303033.1703753,58932.15604131943
46,2020,3,24,3,59,41.97,23166086.628000002,-7409524.83,-10338133.341999998,1866.87546,1912.79996,2830.8775800000003,2020-03-24 03:59:41.970,404990242.9855009,21950476.520888124,-28963162.953692693,148846230025.1466,8846379685.742708,3833988390.8626885,58932.1664579861
46,2020,3,24,4,14,41.97,24639020.963,-5628296.669000001,-7707445.689,1401.4884299999999,2039.7249300000003,3006.5853100000004,2020-03-24 04:14:41.970,404973658.4864232,22753621.141540147,-28618438.52341868,148844931943.62247,8871028612.59413,3844673626.057728,58932.17687465277
46,2020,3,24,4,29,41.97,25681342.079,-3748704.188,-4942033.223999999,911.37135,2131.05744,3129.8135199999997,2020-03-24 04:29:41.970,404955131.47560596,23556656.75608216,-28273573.012665287,148843629016.56436,8895677250.713547,3855358738.390072,58932.18729131943
46,2020,3,24,4,44,41.97,26274674.339,-1803572.2619999999,-2090203.414,405.21419,2185.14943,3198.33502,2020-03-24 04:44:41.970,404934662.09225965,24359579.443775147,-27928568.109527145,148842321244.05905,8920325599.257694,3866043727.4942966,58932.1977079861
46,2020,3,24,4,59,41.97,26408611.906,173095.62600000002,798179.796,-107.99109,2201.0343,3210.9241,2020-03-24 04:59:41.970,404912250.48389566,25162385.284543335,-27583425.5026351,148841008626.1936,8944973657.383293,3876728593.004981,58932.20812465277
46,2020,3,24,5,14,41.97,26080912.097,2146740.541,3672610.037,-619.12565,2178.4462599999997,3167.38111,2020-03-24 05:14:41.970,404887896.8063239,25965070.35898738,-27238146.881150633,148839691163.0556,8969621424.247145,3887413334.556713,58932.21854131943
46,2020,3,24,5,29,41.97,25297529.62,4082881.785,6482864.657,-1119.1215000000002,2117.82436,3068.5346799999998,2020-03-24 05:29:41.970,404861601.22365355,26767630.748397067,-26892733.934760034,148838368854.73257,8994268899.006058,3898097951.784078,58932.2289579861
46,2020,3,24,5,44,41.97,24072491.401,5947747.322000001,9179922.791000001,-1599.1372399999998,2020.3012099999999,2916.2216399999998,2020-03-24 05:44:41.970,404833363.90829,27570062.5347643,-26547188.35366904,148837041701.31238,9018916080.816875,3908782444.3216743,58932.23937465277
46,2020,3,24,5,59,41.97,22427615.893999998,7708887.329999999,11716855.573,-2050.72717,1887.67692,2713.24539,2020-03-24 05:59:41.970,404803185.04093516,28372361.800796006,-26201511.828597087,148835709702.88324,9043562968.83648,3919466811.804095,58932.24979131943
46,2020,3,24,6,14,41.97,20392084.7,9335757.961,14049669.782000002,-2465.99975,1722.37913,2463.31435,2020-03-24 06:14:41.970,404771064.8105855,29174524.629926864,-25855706.05077168,148834372859.53342,9068209562.221771,3930151053.8659415,58932.2602079861
46,2020,3,24,6,29,41.97,18001877.847,10800263.446,16138087.821999999,-2837.76154,1527.41071,2170.96245,2020-03-24 06:29:41.970,404737003.41453046,29976547.106332343,-25509772.711922836,148833031171.35178,9092855860.129704,3940835170.1418176,58932.27062465277
46,2020,3,24,6,44,41.97,15299087.135,12077246.11,17946249.094,-3159.64376,1306.28657,1841.4543800000001,2020-03-24 06:44:41.970,404701001.058353,30778425.314941563,-25163713.504277453,148831684638.4272,9117501861.717245,3951519160.2663364,58932.28104131943
46,2020,3,24,6,59,41.97,12331124.321999999,13144915.492,19443320.263,-3426.20914,1062.9619,1480.67842,2020-03-24 06:59:41.970,404663057.9559259,31580155.341450084,-24817530.120553624,148830333260.8487,9142147566.141413,3962203023.874112,58932.2914579861
46,2020,3,24,7,14,41.97,9149842.618999999,13985209.638,20604004.645,-3633.0375,801.75355,1095.02993,2020-03-24 07:14:41.970,404623174.32941234,32381733.272332806,-24471224.2539551,148828977038.706,9166792972.559242,3972886760.599759,58932.30187465277
46,2020,3,24,7,29,41.97,5810591.033,14584083.457999999,21408943.705000002,-3776.78933,527.25689,691.28861,2020-03-24 07:29:41.970,404581350.4092637,33183155.194856945,-24124797.598165665,148827615972.0885,9191438080.127811,3983570370.0779033,58932.31229131943
46,2020,3,24,7,44,41.97,2371221.403,14931720.949000001,21845006.355,-3855.24739,244.26012,276.49239,2020-03-24 07:44:41.970,404537586.4342189,33984417.19709468,-23778251.847343467,148826250061.0863,9216082888.004223,3994253851.9431715,58932.3227079861
46,2020,3,24,7,59,41.97,-1108932.169,15022669.813000001,21905464.358000003,-3867.33659,-42.34219,-142.18912,2020-03-24 07:59:41.970,404491882.6513029,34785515.367936164,-23431588.696115416,148824879305.78955,9240727395.345638,4004937205.8301964,58932.33312465277
46,2020,3,24,8,14,41.97,-4570082.512,14855898.638999999,21590054.44,-3813.12344,-327.63449,-557.57945,2020-03-24 08:14:41.970,404444239.3158246,35586445.797102414,-23084809.839571618,148823503706.28885,9265371601.309225,4015620431.373614,58932.34354131943
46,2020,3,24,8,29,41.97,-7953009.274,14434778.213,20904929.796,-3693.79621,-606.76323,-962.61595,2020-03-24 08:29:41.970,404394656.69137686,36387204.575158045,-22737916.973259687,148822123262.67468,9290015505.05219,4026303528.2080646,58932.3539579861
46,2020,3,24,8,44,41.97,-11200052.906000001,13766989.750999998,19862505.403,-3511.62746,-875.01608,-1350.46479,2020-03-24 08:44:41.970,404343135.04983395,37187787.79352423,-22390911.793179102,148820737975.03833,9314659105.731789,4036986495.9681997,58932.36437465277
46,2020,3,24,8,59,41.97,-14256067.651999999,12864363.858000001,18481203.009,-3269.92071,-1127.8964899999999,-1714.6287300000001,2020-03-24 08:59:41.970,404289674.67135084,37988191.54449139,-22043795.99577568,148819347843.4708,9339302402.505293,4047669334.288666,58932.37479131943
46,2020,3,24,9,14,41.97,-17069320.033,11742654.794,16785102.778,-2972.94295,-1361.19278,-2049.0466,2020-03-24 09:14:41.970,404234275.84436136,38788411.92123225,-21696571.277935904,148817952868.0635,9363945394.53003,4058352042.804123,58932.3852079861
46,2020,3,24,9,29,41.97,-19592320.908,10421255.283,14803509.466,-2625.8448,-1571.04113,-2348.18361,2020-03-24 09:29:41.970,404176938.8655772,39588445.017814524,-21349239.336981274,148816553048.9085,9388588080.963333,4069034621.1492305,58932.39562465277
46,2020,3,24,9,44,41.97,-21782580.719,8922857.543,12570441.665000001,-2234.56993,-1753.9820100000002,-2607.11195,2020-03-24 09:44:41.970,404117664.0399869,40388286.929213725,-21001801.87066274,148815148386.09753,9413230460.962603,4079717068.958658,58932.40604131943
46,2020,3,24,9,59,41.97,-23603279.006,7273066.57,10124053.099000001,-1805.75536,-1907.00978,-2821.5811,2020-03-24 09:59:41.970,404056451.68085253,41187933.7513262,-20654260.577155028,148813738879.72296,9437872533.685251,4090399385.8670774,58932.4164579861
46,2020,3,24,10,14,41.97,-25023840.639,5499971.965,7505995.3100000005,-1346.62411,-2027.61521,-2988.07774,2020-03-24 10:14:41.970,403993302.1097104,41987381.58098175,-20306617.155051056,148812324529.87726,9462514298.288744,4101081571.509165,58932.42687465277
46,2020,3,24,10,29,41.97,-26020412.452,3633684.772,4760731.323,-864.8714600000001,-2113.8207,-3103.87473,2020-03-24 10:29:41.970,403928215.6563685,42786626.515956506,-19958873.30335627,148810905336.6532,9487155753.930563,4111763625.5196066,58932.43729131943
46,2020,3,24,10,44,41.97,-26576235.152000003,1705845.93,1934810.0320000001,-368.54609999999997,-2164.20811,-3167.06937,2020-03-24 10:44:41.970,403861192.65890515,43585664.65498584,-19611030.721483085,148809481300.1439,9511796899.76824,4122445547.5330873,58932.4477079861
46,2020,3,24,10,59,41.97,-26681906.438,-250886.942,-923888.779,134.07243,-2177.93903,-3176.61042,2020-03-24 10:59:41.970,403792233.4636677,44384492.09777704,-19263091.1092452,148808052420.44257,9536437734.959341,4133127337.184305,58932.45812465277
46,2020,3,24,11,14,41.97,-26335532.497,-2203367.589,-3766928.738,634.5993,-2154.76746,-3132.31396,2020-03-24 11:14:41.970,403721338.4252703,45183104.945022285,-18915056.166851986,148806618697.64282,9561078258.661467,4143808994.107955,58932.46854131943
46,2020,3,24,11,29,41.97,-25542765.569,-4118497.0560000003,-6546100.342,1124.67158,-2095.04468,-3034.86784,2020-03-24 11:29:41.970,403648507.9065934,45981499.29841132,-18566927.5949029,148805180131.8383,9585718470.032251,4154490517.9387503,58932.4789579861
46,2020,3,24,11,44,41.97,-24316726.869999997,-5963760.466,-9214203.243,1596.07573,-1999.71621,-2885.8246200000003,2020-03-24 11:44:41.970,403573742.2787813,46779671.260644384,-18218707.0943818,148803736723.12326,9610358368.229366,4165171908.3113995,58932.48937465277
46,2020,3,24,11,59,41.97,-22677814.788,-7707757.483,-11725816.914,2040.87483,-1870.31075,-2687.5828,2020-03-24 11:59:41.970,403497041.921241,47577616.935444795,-17870396.366651416,148802288471.59186,9634997952.410522,4175853164.8606176,58932.49979131943
46,2020,3,24,12,14,41.97,-20653399.623,-9320719.186,-14038049.09,2451.5332399999998,-1708.9211,-2443.35615,2020-03-24 12:14:41.970,403418407.22164065,48375332.4275721,-17521997.113447566,148800835377.33865,9659637221.733467,4186534287.221133,58932.5102079861
46,2020,3,24,12,29,41.97,-18277407.39,-10775004.007,-16111251.301,2821.03823,-1518.1766599999999,-2157.13123,2020-03-24 12:29:41.970,403337838.5759077,49172813.84283444,-17173511.036873706,148799377440.45865,9684276175.35599,4197215275.027673,58932.52062465277
46,2020,3,24,12,44,41.97,-15589796.292000001,-12045565.298,-17909690.733,3143.01662,-1301.20789,-1833.61286,2020-03-24 12:44:41.970,403255336.3882272,49970057.28810179,-16824939.83939524,148797914661.04672,9708914812.435911,4207896127.9149747,58932.53104131943
46,2020,3,24,12,59,41.97,-12635931.086000001,-13110383.113,-19402167.662,3411.84472,-1061.6023400000001,-1478.1577100000002,2020-03-24 12:59:41.970,403170901.07104045,50767058.87131831,-16476285.223833816,148796447039.19836,9733553132.131075,4218576845.5177794,58932.5414579861
46,2020,3,24,13,14,41.97,-9465862.084,-13950852.839,-20562567.880999997,3622.74998,-803.35276,-1096.6963,2020-03-24 13:14:41.970,403084533.0450428,51563814.70151556,-16127548.89336183,148794974575.00912,9758191133.599401,4229257427.4708366,58932.55187465277
46,2020,3,24,13,29,41.97,-6133517.2700000005,-14552123.5,-21370339.788000003,3771.9021599999996,-530.7972199999999,-695.64368,2020-03-24 13:29:41.970,402996232.739183,52360320.88882493,-15778732.551496703,148793497268.57483,9782828815.9988,4239937873.4089,58932.56229131943
46,2020,3,24,13,44,41.97,-2695817.744,-14903378.856999999,-21810886.317,3856.4921,-248.55193,-281.79961999999995,2020-03-24 13:44:41.970,402906000.5906604,53156573.54449059,-15429837.902095303,148792015119.99158,9807466178.487268,4250618182.9667335,58932.5727079861
46,2020,3,24,13,59,41.97,788271.346,-14998054.885,-21875862.593000002,3874.7960199999998,38.562810000000006,137.76087,2020-03-24 13:59:41.970,402813837.0449235,53952568.78088213,-15080866.649348343,148790528129.3557,9832103220.222797,4261298355.7791033,58932.58312465277
46,2020,3,24,14,14,41.97,4258740.4180000005,-14833987.893,-21563371.222000003,3826.22318,325.60256,555.80532,2020-03-24 14:14:41.970,402719742.5556686,54748302.71150757,-14731820.497774672,148789036296.76395,9856739940.363438,4271978391.4807854,58932.59354131943
46,2020,3,24,14,29,41.97,7655569.725000001,-14413488.394,-20878048.416,3711.34495,607.5835400000001,965.06828,2020-03-24 14:29:41.970,402623717.5848384,55543771.45102581,-14382701.152215738,148787539622.313,9881376338.067287,4282658289.706561,58932.6039579861
46,2020,3,24,14,44,41.97,10919780.76,-13743336.965,-19831035.811,3531.90349,879.57099,1358.3805,2020-03-24 14:44:41.970,402525762.6026181,56338971.115259744,-14033510.317829914,148786038106.10025,9906012412.492464,4293338050.0912175,58932.61437465277
46,2020,3,24,14,59,41.97,13994485.734,-12834699.640999999,-18439834.816999998,3290.7986,1136.7693100000001,1728.80036,2020-03-24 14:59:41.970,402425878.0874364,57133897.82120858,-13684249.700086907,148784531748.22272,9930648162.797138,4304017672.269551,58932.62479131943
46,2020,3,24,15,14,41.97,16825914.970999997,-11702961.971,-16728042.63,2992.05166,1374.6123400000001,2069.74492,2020-03-24 15:14:41.970,402324064.5259621,57928547.687060945,-13334921.004762067,148783020548.77838,9955283588.139511,4314697155.876367,58932.6352079861
46,2020,3,24,15,29,41.97,19364401.347,-10367482.604,-14724971.632000001,2640.74622,1588.85154,2375.11753,2020-03-24 15:29:41.970,402220322.41310287,58722916.8322076,-12985525.937930837,148781504507.86502,9979918687.677832,4325376500.546467,58932.64562465277
46,2020,3,24,15,44,41.97,21565300.783999998,-8851269.184999999,-12465156.661,2242.9454,1775.64012,2639.42884,2020-03-24 15:44:41.970,402114652.25200254,59517001.37725395,-12636066.20596312,148779983625.58066,10004553460.57038,4336055705.914677,58932.65604131943
46,2020,3,24,15,59,41.97,23389828.292,-7180581.32,-9987757.558,1805.5870300000001,1931.61058,2857.90796,2020-03-24 15:59:41.970,402007054.55404013,60310797.444032945,-12286543.515517613,148778457902.02396,10029187905.975471,4346734771.615813,58932.6664579861
46,2020,3,24,16,14,41.97,24805790.256,-5384467.377,-7335867.268,1336.35829,2053.94385,3026.60066,2020-03-24 16:14:41.970,401897529.8388284,61104301.155617915,-11936959.573536156,148776927337.2934,10053822023.051474,4357413697.28471,58932.67687465277
46,2020,3,24,16,29,41.97,25788195.559,-3494243.79,-4555738.523,843.5523099999999,2140.42761,3142.45167,2020-03-24 16:29:41.970,401786078.63421,61897508.63633503,-11587316.087238245,148775391931.488,10078455810.956793,4368092482.556208,58932.68729131943
46,2020,3,24,16,44,41.97,26319730.72,-1542927.2659999998,-1695944.617,335.90997,2189.50232,3203.36845,2020-03-24 16:44:41.970,401672701.4762578,62690416.011776306,-11237614.764115255,148773851684.70682,10103089268.849874,4378771127.065148,58932.6977079861
46,2020,3,24,16,59,41.97,26391087.428,435368.26,1193508.1849999998,-177.54921000000002,2200.2934,3208.26458,2020-03-24 16:59:41.970,401557398.90927136,63483019.40881205,-10887857.31192488,148772306597.04944,10127722395.889198,4389449630.446385,58932.70812465277
46,2020,3,24,17,14,41.97,26001134.563,2406056.98,4062097.5330000003,-687.70283,2172.62845,3157.0813700000003,2020-03-24 17:14:41.970,401440171.4857763,64275314.95560383,-10538045.438685529,148770756668.61548,10152355191.233276,4400127992.334778,58932.71854131943
46,2020,3,24,17,29,41.97,25156930.792999998,4334715.287,6859711.238,-1185.5032999999999,2107.0393400000003,3050.78698,2020-03-24 17:29:41.970,401321019.76652086,65067298.78161695,-10188180.852670683,148769201899.5048,10176987654.040691,4410806212.365204,58932.7289579861
46,2020,3,24,17,44,41.97,23873578.059,6187710.749,9537562.701000001,-1662.1529799999998,2004.74892,2891.35333,2020-03-24 17:44:41.970,401199944.32047546,65858967.01763346,-9838265.262403248,148767642289.81772,10201619783.470036,4421484290.172528,58932.73937465277
46,2020,3,24,17,59,41.97,22173920.365999997,7932812.467,12049075.869,-2109.2721,1867.64301,2681.7117200000002,2020-03-24 17:59:41.970,401076945.7248293,66650315.79576453,-9488300.376649942,148766077839.65466,10226251578.67997,4432162225.391643,58932.74979131943
46,2020,3,24,18,14,41.97,20088096.198,9539769.989,14350721.188,-2519.0554500000003,1698.22878,2425.6886,2020-03-24 18:14:41.970,400952024.56498975,67441341.24946332,-9138287.90441573,148764508549.11642,10250883038.829163,4442840017.657437,58932.7602079861
46,2020,3,24,18,29,41.97,17652956.384,10980849.112,16402785.700000001,-2884.41415,1499.5808100000002,2127.92391,2020-03-24 18:29:41.970,400825181.4345788,68232039.51353769,-8788229.55493811,148762934418.30374,10275514163.076359,4453517666.604813,58932.77062465277
46,2020,3,24,18,44,41.97,14911362.146,12231314.302000001,18170062.68,-3199.0997,1275.27673,1793.7743600000001,2020-03-24 18:44:41.970,400696416.9354325,69022406.72416277,-8438127.037681533,148761355447.3181,10300144950.580328,4464195171.868678,58932.78104131943
46,2020,3,24,18,59,41.97,11911380.396,13269849.216,19622448.65,-3457.808,1029.32435,1429.20485,2020-03-24 18:59:41.970,400565731.6775977,69812439.01889378,-8087982.062331812,148759771636.26074,10324775400.499876,4474872533.083947,58932.7914579861
46,2020,3,24,19,14,41.97,8705394.94,14078908.581,20735438.387,-3656.2619999999997,766.08239,1040.6708600000002,2020-03-24 19:14:41.970,400433126.27933097,70602132.53667861,-7737796.338790446,148758182985.23358,10349405511.993853,4485549749.885546,58932.80187465277
46,2020,3,24,19,29,41.97,5349153.2,14644996.615,21490511.266000003,-3791.2723,490.17682,634.99512,2020-03-24 19:29:41.970,400298601.3670956,71391483.4178705,-7387571.577169026,148756589494.3386,10374035284.221176,4496226821.908407,58932.81229131943
46,2020,3,24,19,44,41.97,1900768.322,14958869.018,21875405.017,-3860.7757399999996,206.41497,219.24123,2020-03-24 19:44:41.970,400162157.5755602,72180487.80424082,-7037309.487783596,148754991163.67792,10398664716.340761,4506903748.787473,58932.8227079861
46,2020,3,24,19,59,41.97,-1580303.688,15015657.279,21884275.524,-3863.85247,-80.30084,-199.41284000000002,2020-03-24 19:59:41.970,400023795.54759616,72969141.83899167,-6687011.781149061,148753387993.35406,10423293807.51161,4517580530.157695,58932.83312465277
46,2020,3,24,20,14,41.97,-5034292.959000001,14814915.677000001,21517743.566,-3800.72266,-365.05852,-613.79905,2020-03-24 20:14:41.970,399883515.9342756,73757441.66676834,-6336680.167973549,148751779983.4699,10447922556.892725,4528257165.65403,58932.84354131943
46,2020,3,24,20,29,41.97,-8402133.083,14360592.716,20782831.458,-3672.72419,-643.01869,-1016.8793499999999,2020-03-24 20:29:41.970,399741319.39486957,74545383.43367237,-5986316.35915277,148750167134.1284,10472550963.643194,4538933654.911444,58932.8539579861
46,2020,3,24,20,44,41.97,-11626450.411,13660929.934,19692794.211,-3482.2728899999997,-909.49339,-1401.85979,2020-03-24 20:44:41.970,399597206.59684515,75332963.28727372,-5635922.065764453,148748549445.43274,10497179026.922127,4549609997.564915,58932.86437465277
46,2020,3,24,20,59,41.97,-14652510.407,12728292.006,18266851.264000002,-3232.80717,-1160.01993,-1762.2971499999999,2020-03-24 20:59:41.970,399451178.21586376,76120177.37662387,-5285498.99906264,148746926917.4865,10521806745.888662,4560286193.249426,58932.87479131943
46,2020,3,24,21,14,41.97,-17429107.779000003,11578932.815,16529825.905999998,-2928.71877,-1390.4291799999999,-2092.19727,2020-03-24 21:14:41.970,399303234.9357792,76907021.85226826,-4935048.870472157,148745299550.39346,10546434119.702011,4570962241.599974,58932.8852079861
46,2020,3,24,21,29,41.97,-19909388.684,10232702.805000002,14511700.369,-2575.2713599999997,-1596.9077499999999,-2386.10403,2020-03-24 21:29:41.970,399153377.4486348,77693492.86625874,-4584573.391582927,148743667344.25763,10571061147.521408,4581638142.251556,58932.89562465277
46,2020,3,24,21,44,41.97,-22051594.817,8712703.328,12247095.197,-2178.50859,-1776.05348,-2639.17855,2020-03-24 21:44:41.970,399001606.4546614,78479586.57216667,-4234074.274144414,148742030299.1834,10595687828.506144,4592313894.839191,58932.90604131943
46,2020,3,24,21,59,41.97,-23819720.669999998,7044894.086,9774681.94,-1745.1533100000001,-1924.92415,-2847.2680800000003,2020-03-24 21:59:41.970,398847922.66227555,79265299.12509485,-3883553.230059925,148740388415.27515,10620314161.81553,4602989498.997888,58932.9164579861
46,2020,3,24,22,14,41.97,-25184076.572,5257659.959,7136538.554,-1282.49926,-2041.07903,-3006.96441,2020-03-24 22:14:41.970,398692326.7880763,80050626.68169104,-3533011.9713810557,148738741692.63785,10644940146.608965,4613664954.362688,58932.92687465277
46,2020,3,24,22,29,41.97,-26121751.380999997,3381343.705,4377457.103,-798.2965899999999,-2122.6131100000002,-3115.6514199999997,2020-03-24 22:29:41.970,398534819.5568439,80835565.40015966,-3182452.210302074,148737090131.37637,10669565782.045841,4624340260.568628,58932.93729131943
46,2020,3,24,22,44,41.97,-26616969.84,1447751.172,1544213.553,-300.6324,-2168.18392,-3171.54176,2020-03-24 22:44:41.970,398375401.7015371,81620111.44027494,-2831875.6591542424,148735433731.59604,10694191067.285635,4635015417.250755,58932.9477079861
46,2020,3,24,22,59,41.97,-26661340.702,-510364.261,-1315190.427,202.19221000000002,-2177.0309,-3173.70232,2020-03-24 22:59:41.970,398214073.9632903,82404260.96339358,-2481284.030400281,148733772493.4026,10718816001.487848,4645690424.044128,58932.95812465277
46,2020,3,24,23,14,41.97,-26253992.89,-2459831.176,-4152303.604,701.7880399999999,-2148.98692,-3122.06859,2020-03-24 23:14:41.970,398050837.0914122,83188010.13246706,-2130679.0366286896,148732106416.90167,10743440583.81203,4656365280.583812,58932.96854131943
46,2020,3,24,23,29,41.97,-25401597.554,-4367596.554,-6919009.052,1189.80502,-2084.4822,-3017.44753,2020-03-24 23:29:41.970,397885691.84338284,83971355.1120542,-1780062.390548172,148730435502.19946,10768064813.417786,4667039986.504886,58932.9789579861
46,2020,3,24,23,44,41.97,-24118275.462,-6201262.147000001,-9568305.446,1658.05978,-1984.5402299999998,-2861.5088800000003,2020-03-24 23:44:41.970,397718638.9848513,84754292.0683341,-1429435.8049819828,148728759749.4022,10792688689.46474,4677714541.442438,58932.98937465277
46,2020,3,24,23,59,41.97,-22425389.725,-7929613.568,-12055075.285999998,2098.66256,-1850.76564,-2656.76478,2020-03-24 23:59:41.970,397549679.28963304,85536817.16911843,-1078800.9928623657,148727079158.61642,10817312211.112593,4688388945.031563,58932.99979131943
46,2020,3,25,0,14,41.97,-20351226.748,-9523132.889,-14336826.548999999,2504.1414299999997,-1685.3241699999999,-2406.53786,2020-03-25 00:14:41.970,397378813.53970844,86318926.58386423,-728159.6672248811,148725393729.9492,10841935377.521076,4699063196.907368,58933.0102079861
46,2020,3,25,0,29,41.97,-17930559.873,-10954499.265,-16374414.733,2867.56398,-1490.91345,-2114.91587,2020-03-25 00:29:41.970,397206042.5252192,87100616.48368603,-377513.5412028453,148723703463.50745,10866558187.849964,4709737296.704966,58933.02062465277
46,2020,3,25,0,44,41.97,-15204119.578,-12199039.973000001,-18132689.704,3182.65204,-1270.7273699999998,-1786.69728,2020-03-25 00:44:41.970,397031367.04446673,87881883.04136904,-26864.328021676043,148722008359.3985,10891180641.259079,4720411244.059489,58933.03104131943
46,2020,3,25,0,59,41.97,-12217949.436999999,-13235165.277,-19581117.228,3443.89149,-1028.41041,-1427.32213,2020-03-25 00:59:41.970,396854787.9039094,88662722.4313813,323786.2590066756,148720308417.72998,10915802736.908295,4731085038.606071,58933.0414579861
46,2020,3,25,1,14,41.97,-9022674.029,-14044748.723000001,-20694318.538,3646.63234,-768.0047599999999,-1042.79275,2020-03-25 01:14:41.970,396676305.91816014,89443130.82988639,674436.5064893934,148718603638.60986,10940424473.957525,4741758679.979858,58933.05187465277
46,2020,3,25,1,29,41.97,-5672680.002,-14613458.275999999,-21452536.327000003,3787.17836,-493.88952,-639.58293,2020-03-25 01:29:41.970,396495921.9099838,90223104.41475594,1025084.700958358,148716894022.14603,10965045851.566744,4752432167.816009,58933.06229131943
46,2020,3,25,1,44,41.97,-2225222.025,-14931029.376,-21842014.286000002,3862.8640600000003,-210.71248,-224.53672,2020-03-25 01:44:41.970,396313636.7102949,91002639.3655821,1375729.1288757643,148715179568.44696,10989666868.89594,4763105501.749686,58933.0727079861
46,2020,3,25,1,59,41.97,1260534.022,-14991473.554,-21855281.179,3872.11681,76.68473,195.24226,2020-03-25 01:59:41.970,396129451.15815514,91781731.86369015,1726368.0766397556,148713460277.6213,11014287525.105188,4773778681.416075,58933.08312465277
46,2020,3,25,2,14,41.97,4724516.321,-14793216.968,-21491331.544,3814.50208,363.34731999999997,612.50964,2020-03-25 02:14:41.970,395943366.10077,92560378.09215128,2076999.830590017,148711736149.77798,11038907819.354578,4784451706.450353,58933.09354131943
46,2020,3,25,2,29,41.97,8106784.778999999,-14339164.128,-20755696.404,3690.74984,644.29275,1020.0055699999999,2020-03-25 02:29:41.970,395755382.3934881,93338574.23579457,2427622.677013364,148710007185.0259,11063527750.804277,4795124576.487727,58933.1039579861
46,2020,3,25,2,44,41.97,11348583.294,-13636683.184,-19660399.136,3502.7603799999997,914.59933,1410.58431,2020-03-25 02:44:41.970,395565500.8997964,94116316.48122,2778234.902149392,148708273383.47476,11088147318.61447,4805797291.163402,58933.11437465277
46,2020,3,25,2,59,41.97,14393387.425,-12697510.544,-18223793.598,3253.5880599999996,1169.49659,1777.34579,2020-03-25 02:59:41.970,395373722.4913191,94893601.01681075,3128834.79219605,148706534745.23395,11112766521.945406,4816469850.1126,58933.12479131943
46,2020,3,25,3,14,41.97,17187927.158,-11537574.162999999,-16470284.034,2947.4021000000002,1404.4553500000002,2113.7663500000003,2020-03-25 03:14:41.970,395180048.04781497,95670424.03274581,3479420.633315251,148704791270.41336,11137385359.95737,4827142252.970551,58933.1352079861
46,2020,3,25,3,29,41.97,19683163.876,-10176736.623000002,-14429928.801,2589.42401,1615.27551,2413.82561,2020-03-25 03:29:41.970,394984478.4571737,96446781.72101228,3829990.711638484,148703042959.12332,11162003831.810719,4837814499.372497,58933.14562465277
46,2020,3,25,3,44,41.97,21835200.559,-8638461.040000001,-12137932.839,2185.8419,1798.16937,2672.12632,2020-03-25 03:44:41.970,394787014.61541456,97222670.27541836,4180543.3132724357,148701289811.4741,11186621936.665825,4848486588.95369,58933.15604131943
46,2020,3,25,3,59,41.97,23606104.842,-6949404.831,-9634036.663,1743.7027300000002,1949.8382700000002,2884.00392,2020-03-25 03:59:41.970,394587657.4266828,97998085.89160508,4531076.724304542,148699531827.57626,11211239673.68314,4859158521.349391,58933.1664579861
46,2020,3,25,4,14,41.97,24964625.852,-5138948.361,-6961812.537,1270.7844,2067.54032,3045.62271,2020-03-25 04:14:41.970,394386407.8032478,98773024.76705964,4881589.230808659,148697769007.5409,11235857042.023144,4869830296.194879,58933.17687465277
46,2020,3,25,4,29,41.97,25886787.712,-3238667.379,-4167881.219,775.45012,2149.1472599999997,3154.05578,2020-03-25 04:29:41.970,394183266.6654995,99547483.1011272,5232079.118850604,148696001351.47903,11260474040.846373,4880501913.125437,58933.18729131943
46,2020,3,25,4,44,41.97,26356345.32,-1281759.849,-1301065.0820000002,266.48853,2193.18867,3207.34609,2020-03-25 04:44:41.970,393978234.9419465,100321457.09502374,5582544.674493797,148694228859.5022,11285090669.313408,4891173371.776361,58933.1977079861
46,2020,3,25,4,59,41.97,26365091.226,697560.817,1588504.604,-247.05657,2198.8822200000004,3204.54697,2020-03-25 04:59:41.970,393771313.5692131,101094942.95184839,5932984.183804834,148692451531.72195,11309706926.58488,4901844671.782963,58933.20812465277
46,2020,3,25,5,14,41.97,25913006.241,2664693.063,4450307.022,-756.06249,2166.14899,3145.74064,2020-03-25 05:14:41.970,393562503.49203634,101867936.87659612,6283395.932859121,148690669368.25037,11334322811.821476,4912515812.780563,58933.21854131943
46,2020,3,25,5,29,41.97,25008250.424000002,4585281.393999999,7234357.759000001,-1251.50529,2095.61341,3032.03437,2020-03-25 05:29:41.970,393351805.66326344,102640435.07616992,6633778.207746432,148688882369.19943,11358938324.183922,4923186794.404485,58933.2289579861
46,2020,3,25,5,44,41.97,23666995.307,6425843.673,9892121.230999999,-1724.63418,1988.58806,2865.53438,2020-03-25 05:44:41.970,393139221.0438492,103412433.75939324,6984129.294576534,148687090534.6817,11383553462.832994,4933857616.290081,58933.23937465277
46,2020,3,25,5,59,41.97,21913102.323,8154378.054,12377390.040000001,-2167.1382000000003,1847.04376,2649.2986300000002,2020-03-25 05:59:41.970,392924750.6028531,104183929.13702278,7334447.479484791,148685293864.80984,11408168226.929539,4944528278.072701,58933.24979131943
46,2020,3,25,6,14,41.97,19777656.248999998,9740936.858,14647112.907000002,-2571.30107,1673.5662200000002,2387.27012,2020-03-25 06:14:41.970,392708395.3174368,104954917.4217606,7684731.048637726,148683492359.69672,11432782615.634418,4955198779.3877125,58933.2602079861
46,2020,3,25,6,29,41.97,17298365.923,11158155.89,16662154.631000001,-2930.14077,1471.3006500000001,2084.1929800000003,2020-03-25 06:29:41.970,392490156.1728603,105725394.82826672,8034978.288238646,148681686019.45566,11457396628.108566,4965869119.870493,58933.27062465277
46,2020,3,25,6,44,41.97,14518847.300999999,12381729.138,18387973.756,-3237.53098,1243.8861299999999,1745.51392,2020-03-25 06:44:41.970,392270034.162481,106495357.5731714,8385187.484533227,148679874844.2,11482010263.51296,4976539299.156428,58933.28104131943
46,2020,3,25,6,59,41.97,11487806.205999998,13390820.568,19795206.167,-3488.30232,995.38176,1377.27228,2020-03-25 06:59:41.970,392048030.287749,107264801.875088,8735356.923815124,148678058834.0435,11506623521.008638,4987209316.880932,58933.2914579861
46,2020,3,25,7,14,41.97,8258139.584000001,14168406.524,20860145.580000002,-3678.32202,730.1866500000001,985.9813899999999,2020-03-25 07:14:41.970,391824145.55820507,108033723.9546247,9085484.8924315,148676237989.1,11531236399.756672,4997879172.679407,58933.30187465277
46,2020,3,25,7,29,41.97,4885974.951,14701544.159,21565114.663,-3804.55154,452.95592,578.50461,2020-03-25 07:29:41.970,391598380.99147815,108802120.03439763,9435569.676788734,148674412309.4838,11555848898.9182,5008548866.187279,58933.31229131943
46,2020,3,25,7,44,41.97,1429667.9309999999,14981563.158000002,21898723.212,-3865.08221,168.51455,161.92883,2020-03-25 07:44:41.970,391370737.61328226,109569986.33904277,9785609.563357903,148672581795.30933,11580461017.654408,5019218397.039995,58933.3227079861
46,2020,3,25,7,59,41.97,-2051222.5790000001,15004179.741,21856012.341000002,-3859.14941,-118.22891000000001,-256.56193,2020-03-25 07:59:41.970,391141216.4574128,110337319.09522852,10135602.838680409,148670746446.69138,11605072755.126518,5029887764.873002,58933.33312465277
46,2020,3,25,8,14,41.97,-5496962.861,14769533.502,21438485.897,-3787.1266499999997,-402.36724000000004,-669.81039,2020-03-25 08:14:41.970,390909818.56574494,111104114.53166835,10485547.789373584,148668906263.74487,11629684110.495823,5040556969.321761,58933.34354131943
46,2020,3,25,8,29,41.97,-8848658.861,14282149.004999999,20654032.296,-3650.50072,-679.07666,-1070.8053200000002,2020-03-25 08:29:41.970,390676544.9882299,111870368.87913263,10835442.702136282,148667061246.585,11654295082.923655,5051226010.021749,58933.3539579861
46,2020,3,25,8,44,41.97,-12049240.487,13550825.233,19516741.64,-3451.82975,-943.69488,-1452.7947000000001,2020-03-25 08:44:41.970,390441396.78289205,112636078.37046164,11185285.863754436,148665211395.32715,11678905671.571396,5061894886.608452,58933.36437465277
46,2020,3,25,8,59,41.97,-15044401.072,12588456.897,18046624.308,-3194.6857999999997,-1191.7943,-1809.39128,2020-03-25 08:59:41.970,390204375.01582617,113401239.24057749,11535075.561106639,148663356710.08722,11703515875.600502,5072563598.717369,58933.37479131943
46,2020,3,25,9,14,41.97,-17783478.915,11411792.411,16269238.308,-2883.58385,-1419.24948,-2134.66966,2020-03-25 09:14:41.970,389965480.7611947,114165847.72649674,11884810.081169792,148661497190.9811,11728125694.172453,5083232145.98402,58933.3852079861
46,2020,3,25,9,29,41.97,-20220269.412,10041133.879999999,14215233.444,-2523.8988600000002,-1622.29845,-2423.25393,2020-03-25 09:29:41.970,389724715.10122454,114929900.06734268,12234487.71102462,148659632838.12506,11752735126.448792,5093900528.043928,58933.39562465277
46,2020,3,25,9,44,41.97,-22313757.816,8499984.89,11919821.006000001,-2121.77257,-1797.59733,-2670.3955,2020-03-25 09:44:41.970,389482079.1262037,115693392.50435776,12584106.73786127,148657763651.63565,11777344171.591122,5104568744.532631,58933.40604131943
46,2020,3,25,9,59,41.97,-24028764.078,6814652.212,9422178.047,-1684.01161,-1942.2680400000002,-2872.0405100000003,2020-03-25 09:59:41.970,389237573.9344788,116456321.28091575,12933665.448984938,148655889631.6294,11801952828.761086,5115236795.085682,58933.4164579861
46,2020,3,25,10,14,41.97,-25336492.591,5013807.756,6764795.696,-1217.97826,-2053.93896,-3024.8867999999998,2020-03-25 10:14:41.970,388991200.63245213,117218682.6425344,13283162.131821383,148654010778.22348,11826561097.120392,5125904679.338643,58933.42687465277
46,2020,3,25,10,29,41.97,-26214980.845999997,3128017.266,3992781.1040000003,-731.47527,-2130.77813,-3126.42992,2020-03-25 10:29:41.970,388742960.33457786,117980472.83688746,13632595.073922558,148652127091.5351,11851168975.830782,5136572396.927094,58933.43729131943
46,2020,3,25,10,44,41.97,-26649442.176,1189242.412,1153122.844,-232.62584999999999,-2171.51913,-3174.99831,2020-03-25 10:44:41.970,388492854.1633602,118741688.11381741,13981962.562972173,148650238571.6818,11875776464.054068,5147239947.486629,58933.4477079861
46,2020,3,25,10,59,41.97,-26632498.843000002,-769676.997,-1706070.314,270.24968,-2175.47938,-3169.77728,2020-03-25 10:59:41.970,388240883.24934894,119502324.72534731,14331262.886791274,148648345218.7811,11900383560.952108,5157907330.652847,58933.45812465277
46,2020,3,25,11,14,41.97,-26164302.845999997,-2715553.814,-4536347.186,768.7601,-2142.5707100000004,-3110.82176,2020-03-25 11:14:41.970,387987048.73113775,120262378.92569365,14680494.333343795,148646447032.95132,11924990265.68682,5168574546.061364,58933.46854131943
46,2020,3,25,11,29,41.97,-25252542.47,-4615390.4,-7289698.274,1254.5706,-2073.30223,-2999.05762,2020-03-25 11:29:41.970,387731351.7553601,121021846.97127812,15029655.19074219,148644544014.31058,11949596577.420172,5179241593.347819,58933.4789579861
46,2020,3,25,11,44,41.97,-23912334.126000002,-6436914.45,-9919335.875,1719.5302800000002,-1968.7751600000001,-2836.2714,2020-03-25 11:44:41.970,387473793.47668666,121780725.12074046,15378743.747252947,148642636162.9774,11974202495.31418,5189908472.147855,58933.48937465277
46,2020,3,25,11,59,41.97,-22165999.647,-8149106.585000001,-12380459.67,2155.79888,-1830.6697000000001,-2625.08831,2020-03-25 11:59:41.970,387214375.0578218,122539009.63495041,15727758.291302208,148640723479.0705,11998808018.530916,5200575182.097123,58933.49979131943
46,2020,3,25,12,14,41.97,-20042730.728,-9722712.453,-14630997.187,2555.97073,-1661.2236899999998,-2368.9384,2020-03-25 12:14:41.970,386953097.6695009,123296696.77702002,16076697.111481316,148638805962.70886,12023413146.232521,5211241722.831301,58933.5102079861
46,2020,3,25,12,29,41.97,-17578143.259,-11130731.924,-16632308.413999999,2913.1951900000004,-1463.2030499999998,-2072.01067,2020-03-25 12:29:41.970,386689962.49048686,124053782.81231622,16425558.496552387,148636883614.01187,12048017877.581161,5221908093.986066,58933.52062465277
46,2020,3,25,12,44,41.97,-14813725.583999999,-12348877.963000001,-18349843.799,3221.29163,-1239.86398,-1739.1954,2020-03-25 12:44:41.970,386424970.7075671,124810264.00847289,16774340.735453907,148634956433.09906,12072622211.739094,5232574295.197128,58933.53104131943
46,2020,3,25,12,59,41.97,-11796186.316,-13355997.76,-19753744.907,3474.85738,-994.90687,-1376.01445,2020-03-25 12:59:41.970,386158123.5155502,125566136.63540311,17123042.117306262,148633024420.0901,12097226147.86859,5243240326.100197,58933.5414579861
46,2020,3,25,13,14,41.97,-8576708.904,-14134448.782,-20819377.211,3669.36667,-732.4222599999999,-988.54016,2020-03-25 13:14:41.970,385889422.1172633,126321396.96531159,17471660.93141734,148631087575.10504,12121829685.132008,5253906186.330997,58933.55187465277
46,2020,3,25,13,29,41.97,-5210121.892,-14670422.629999999,-21527784.792,3801.25873,-456.82899,-583.30308,2020-03-25 13:29:41.970,385618867.72354794,127076041.27270691,17820195.46728807,148629145898.2642,12146432822.69174,5264571875.525272,58933.56229131943
46,2020,3,25,13,44,41.97,-1753995.6090000002,-14954209.933,-21866057.309,3868.0127899999998,-172.80508,-167.18935,2020-03-25 13:44:41.970,385346461.55325776,127830065.83441368,18168644.01461802,148627199389.68796,12171035559.710258,5275237393.318775,58933.5727079861
46,2020,3,25,13,59,41.97,1732322.05,-14980400.012,-21827600.361,3868.20809,114.78796,252.6711,2020-03-25 13:59:41.970,385072204.8332545,128583466.92958495,18517004.863310922,148625248049.49734,12195637895.350063,5285902739.347277,58933.58312465277
46,2020,3,25,14,14,41.97,5188716.256,-14748009.780000001,-21412301.484,3801.5667,400.98653,669.02442,2020-03-25 14:14:41.970,384796098.7984057,129336240.83971423,18865276.303480286,148623291877.81332,12220239828.773726,5296567913.246558,58933.59354131943
46,2020,3,25,14,29,41.97,8555345.948,-14260537.266999999,-20626585.4,3668.9771800000003,680.81082,1074.6188000000002,2020-03-25 14:29:41.970,384518144.69158006,130088383.84864798,19213456.625454914,148621330874.75708,12244841359.143862,5307232914.652418,58933.6039579861
46,2020,3,25,14,44,41.97,11773696.618,-13525936.33,-19483353.895,3472.49754,949.3538,1462.3344599999998,2020-03-25 14:44:41.970,384238343.7636459,130839892.24259786,19561544.1197845,148619365040.45013,12269442485.623169,5317897743.20067,58933.61437465277
46,2020,3,25,14,59,41.97,14787625.801,-12556510.499,-18001807.763,3215.33586,1201.87165,1825.3153,2020-03-25 14:59:41.970,383956697.27346593,131590762.31015284,19909537.077245146,148617394375.0144,12294043207.374357,5328562398.527143,58933.62479131943
46,2020,3,25,15,14,41.97,17544380.871,-11368725.531,-16207150.635,2901.8080099999997,1433.8736299999998,2157.0992499999998,2020-03-25 15:14:41.970,383673206.48789597,132340990.34229128,20257433.78884494,148615418878.57193,12318643523.560232,5339226880.2676735,58933.6352079861
46,2020,3,25,15,29,41.97,19995568.169999998,-9982942.043,-14130177.16,2537.27184,1641.20947,2451.74439,2020-03-25 15:29:41.970,383387872.6817803,133090572.63239351,20605232.545829564,148613438551.24496,12343243433.343637,5349891188.058121,58933.64562465277
46,2020,3,25,15,44,41.97,22098052.579,-8423071.511,-11806750.813000001,2128.0384799999997,1820.1518800000001,2703.94756,2020-03-25 15:44:41.970,383100697.1379483,133839505.47625376,20952931.639687788,148611453393.1561,12367842935.88748,5360555321.534351,58933.65604131943
46,2020,3,25,15,59,41.97,23814767.264999997,-6716160.959,-9277179.519,1681.26171,1967.47216,2909.15228,2020-03-25 15:59:41.970,382811681.14721173,134587785.17209265,21300529.362157047,148609463404.42798,12392442030.354717,5371219280.332256,58933.6664579861
46,2020,3,25,16,14,41.97,25115414.761,-4891913.588,-6585500.151000001,1204.8075000000001,2080.5066,3063.6428699999997,2020-03-25 16:14:41.970,382520826.00836134,135335408.02056888,21648024.005228955,148607468585.18378,12417040715.90836,5381883064.087732,58933.67687465277
46,2020,3,25,16,29,41.97,25977042.61,-2982154.52,-3778685.613,707.10625,2157.21172,3164.62189,2020-03-25 16:29:41.970,382228133.02816284,136082370.32479215,21995413.86115495,148605468935.54684,12441638991.711504,5392546672.4367,58933.68729131943
46,2020,3,25,16,44,41.97,26384479.563,-1020252.444,-905790.6359999999,196.99126,2196.20676,3210.26853,2020-03-25 16:44:41.970,381933603.52135485,136828668.39033478,22342697.222451784,148603464455.6407,12466236856.927258,5403210105.01508,58933.6977079861
46,2020,3,25,16,59,41.97,26330621.67,959490.64,1982945.728,-316.47258,2196.8019600000002,3199.77621,2020-03-25 16:59:41.970,381637238.8106434,137574298.52524418,22689872.381907046,148601455145.58908,12490834310.718817,5413873361.458828,58933.70812465277
46,2020,3,25,17,14,41.97,25816561.405,2922468.455,4837021.539,-824.16555,2159.0118500000003,3133.3680400000003,2020-03-25 17:14:41.970,381339040.2267007,138319257.04005465,23036937.63258476,148599441005.51605,12515431352.24943,5424536441.4039,58933.71854131943
46,2020,3,25,17,29,41.97,24851557.042,4834404.536,7606597.249000001,-1317.09054,2083.55319,3012.28989,2020-03-25 17:29:41.970,381039009.1081606,139063540.2478004,23383891.267830957,148597422035.54608,12540027980.682402,5435199344.486272,58933.7289579861
46,2020,3,25,17,44,41.97,23452843.709,6661977.607,10243404.768000001,-1786.54669,1971.82774,2838.78137,2020-03-25 17:44:41.970,380737146.80161494,139807144.4640265,23730731.581279147,148595398235.80353,12564624195.1811,5445862070.341934,58933.73937465277
46,2020,3,25,17,59,41.97,21645291.607,8373424.863,12701620.854,-2224.29468,1825.89058,2616.02587,2020-03-25 17:59:41.970,380433454.6616107,140550066.00680232,24077456.866855916,148593369606.41336,12589219994.908924,5456524618.606898,58933.74979131943
46,2020,3,25,18,14,41.97,19460920.711999997,9939110.605,14938686.724,-2622.70972,1648.405,2348.0813399999997,2020-03-25 18:14:41.970,380127934.0506467,141292301.19673246,24424065.418786418,148591336147.5006,12613815379.029377,5467186988.917181,58933.7602079861
46,2020,3,25,18,29,41.97,16938284.608999997,11332048.874,16916057.59,-2974.91888,1442.5856399999998,2039.7942100000002,2020-03-25 18:29:41.970,379820586.33916897,142033846.35697007,24770555.53160003,148589297859.1905,12638410346.705984,5477849180.908825,58933.77062465277
46,2020,3,25,18,44,41.97,14121738.905,12528370.291,18599868.142,-3274.91986,1212.13173,1696.69915,2020-03-25 18:44:41.970,379511412.9055688,142774697.81322804,25116925.50013576,148587254741.60867,12663004897.102335,5488511194.217883,58933.78104131943
46,2020,3,25,18,59,41.97,11060611.774999999,13507725.0,19961502.542999998,-3517.67942,961.15219,1324.90765,2020-03-25 18:59:41.970,379200415.1361783,143514851.8937918,25463173.61954787,148585206794.8809,12687599029.38209,5499173028.48042,58933.7914579861
46,2020,3,25,19,14,41.97,7808295.6450000005,14253615.513999999,20978060.294,-3699.2100899999996,694.0850800000001,930.98854,2020-03-25 19:14:41.970,378887594.42526656,144254304.92953056,25809298.185311403,148583154019.13336,12712192742.70897,5509834683.332528,58933.80187465277
46,2020,3,25,19,29,41.97,4421279.756,14753655.109,21632712.075,-3816.6247900000003,415.61312,521.84349,2020-03-25 19:29:41.970,378572952.1750373,144993053.253911,26155297.4932277,148581096414.4923,12736786036.246729,5520496158.410302,58933.81229131943
46,2020,3,25,19,44,41.97,958143.486,14999749.283,21914942.325,-3868.1695,130.57742,104.58027,2020-03-25 19:44:41.970,378256489.79562443,145731093.20300782,26501169.839429956,148579033981.08438,12761378909.159208,5531157453.349864,58933.8227079861
46,2020,3,25,19,59,41.97,-2521470.099,14988199.466,21820677.87,-3853.23467,-156.10868,-313.61336,2020-03-25 19:59:41.970,377938208.7050888,146468421.11551648,26846913.520388726,148576966719.03625,12785971360.610308,5541818567.787344,58933.83312465277
46,2020,3,25,20,14,41.97,-5957881.848,14719729.754,21352304.080000002,-3772.34662,-439.54426,-725.59305,2020-03-25 20:14:41.970,377618110.3294142,147205033.3327653,27192526.832917493,148574894628.47522,12810563389.763968,5552479501.3588915,58933.84354131943
46,2020,3,25,20,29,41.97,-9292387.864,14199438.734,20518572.016,-3627.14027,-714.92244,-1124.37645,2020-03-25 20:29:41.970,377296196.10250497,147940926.19872782,27538008.074178226,148572817709.5283,12835154995.78419,5563140253.700673,58933.8539579861
46,2020,3,25,20,44,41.97,-12468238.576,13436679.648,19334401.615,-3420.3149599999997,-977.6078299999999,-1503.25537,2020-03-25 20:44:41.970,376972467.46618044,148676096.06003433,27883355.541686773,148570735962.3234,12859746177.835066,5573800824.448871,58933.86437465277
46,2020,3,25,20,59,41.97,-15431571.087,12444873.011,17820587.293,-3155.57511,-1223.20904,-1855.90032,2020-03-25 20:59:41.970,376646925.8701737,149410539.2659843,28228567.533318643,148568649386.9881,12884336935.0807,5584461213.239681,58933.87479131943
46,2020,3,25,21,14,41.97,-18132281.934,11241256.575,16003413.362,-2837.55745,-1447.64533,-2176.45624,2020-03-25 21:14:41.970,376319572.77212596,150144252.16855857,28573642.34731425,148566557983.65067,12908927266.685297,5595121419.709326,58933.8852079861
46,2020,3,25,21,29,41.97,-20524829.001,9846578.053,13914187.438000001,-2471.74662,-1647.20704,-2459.62885,2020-03-25 21:29:41.970,375990409.63758415,150877231.12243098,28918578.282284647,148564461752.43933,12933517171.813114,5605781443.494024,58933.89562465277
46,2020,3,25,21,44,41.97,-22568952.794,8284736.445,11588700.582,-2064.38065,-1818.60936,-2700.7610999999997,2020-03-25 21:44:41.970,375659437.93999654,151609472.48498097,29263373.637216963,148562360693.48264,12958106649.628454,5616441284.230031,58933.90604131943
46,2020,3,25,21,59,41.97,-24230308.757,6582378.108,9066623.336000001,-1622.3480100000002,-1959.03907,-2895.8990999999996,2020-03-25 21:59:41.970,375326659.16070956,152340972.61630535,29608026.71147993,148560254806.90958,12982695699.295696,5627100941.553612,58933.9164579861
46,2020,3,25,22,14,41.97,-25481003.591000002,4768453.928,6390847.094,-1153.0774800000002,-2066.19421,-3041.84762,2020-03-25 22:14:41.970,374992074.78896415,153071727.87923023,29952535.804829463,148558144092.84894,13007284319.979269,5637760415.101046,58933.92687465277
46,2020,3,25,22,29,41.97,-26300029.789,2873744.1210000003,3606780.47,-664.4223099999999,-2138.31634,-3136.2145899999996,2020-03-25 22:29:41.970,374655686.3218916,153801734.63932344,30296899.21741408,148556028551.43045,13031872510.843666,5648419704.508629,58933.93729131943
46,2020,3,25,22,44,41.97,-26673593.664,930357.309,761610.47,-164.53956,-2174.2153900000003,-3177.44477,2020-03-25 22:44:41.970,374317495.2645104,154530989.26490626,30641115.24978057,148553908182.78345,13056460271.05345,5659078809.41268,58933.9477079861
46,2020,3,25,22,59,41.97,-26595333.348,-1028789.3799999999,-2096461.5669999998,338.23355,-2173.28698,-3164.84216,2020-03-25 22:59:41.970,373977503.12972265,155259488.12706542,30985182.202879354,148551782987.03775,13081047599.773228,5669737729.44953,58933.95812465277
46,2020,3,25,23,14,41.97,-26066424.182,-2970502.305,-4918999.19,835.50609,-2135.52199,-3098.58118,2020-03-25 23:14:41.970,373635711.43830913,155987227.59966552,31329098.37807013,148549652964.32352,13105634496.167686,5680396464.2555275,58933.96854131943
46,2020,3,25,23,29,41.97,-25095569.733,-4861848.426,-7658114.967,1318.96084,-2061.5082899999998,-2979.70645,2020-03-25 23:29:41.970,373292121.7189273,156714204.05936083,31672862.07712729,148547518114.77106,13130220959.40156,5691055013.467039,58933.9789579861
46,2020,3,25,23,44,41.97,-23698878.110000003,-6670690.461999999,-10267249.191000002,1780.48173,-1952.42465,-2810.1209,2020-03-25 23:44:41.970,372946735.5081062,157440413.8856071,32016471.602245532,148545378438.511,13154806988.639662,5701713376.7204485,58933.98937465277
46,2020,3,25,23,59,41.97,-21899623.844,-8366212.868000001,-12701932.625,2212.28026,-1810.02645,-2592.5621699999997,2020-03-25 23:59:41.970,372599554.3502435,158165853.46067387,32359925.2560453,148543233935.6742,13179392583.04685,5712371553.652156,58933.99979131943
46,2020,3,26,0,14,41.97,-19727898.781,-9919429.387,-14920519.806,2607.01893,-1636.62353,-2330.56742,2020-03-26 00:14:41.970,372250579.7976014,158890519.16965637,32703221.34157833,148541084606.39154,13203977741.788054,5723029543.89858,58934.0102079861
46,2020,3,26,0,29,41.97,-17220145.837,-11303676.707,-16884899.617,2957.93163,-1435.0486899999999,-2028.42471,2020-03-26 00:29:41.970,371899813.41030264,159614407.40048733,33046358.162333157,148538930450.79474,13228562464.028261,5733687347.096156,58934.02062465277
46,2020,3,26,0,44,41.97,-14418602.053000001,-12495056.492,-18561128.068,3258.93676,-1208.6200199999998,-1691.11536,2020-03-26 00:44:41.970,371547256.75632775,160337514.5439496,33389334.02224063,148536771469.01514,13253146748.932526,5744344962.881336,58934.03104131943
46,2020,3,26,0,59,41.97,-11370627.683,-13472859.388999999,-19920032.533,3504.74487,-961.09296,-1324.2415700000001,2020-03-26 00:59:41.970,371192911.4115097,161059836.9936873,33732147.225679405,148534607661.18445,13277730595.66597,5755002390.890597,58934.0414579861
46,2020,3,26,1,14,41.97,-8127950.141,-14219932.468999999,-20937731.318,3690.9560300000003,-696.6054,-933.9440500000001,2020-03-26 01:14:41.970,370836778.9595309,161781371.14621833,34074796.077481516,148532439027.43494,13302314003.393766,5765659630.76042,58934.05187465277
46,2020,3,26,1,29,41.97,-4745823.608,-14722995.694,-21596076.91,3814.14627,-419.61479,-526.80822,2020-03-26 01:29:41.970,370478860.99192005,162502113.40094617,34417278.88293774,148530265567.899,13326896971.281157,5776316682.127314,58934.06229131943
46,2020,3,26,1,44,41.97,-1282116.6760000002,-14972898.536999999,-21883010.213,3871.94072,-134.82811999999998,-109.76035,2020-03-26 01:44:41.970,370119159.10804725,163222060.160172,34759593.94780326,148528087282.709,13351479498.49345,5786973544.627806,58934.0727079861
46,2020,3,26,1,59,41.97,2203659.066,-14964810.589000002,-21792817.046,3863.07139,152.87458,310.04556,2020-03-26 01:59:41.970,369757674.91512007,163941207.82910666,35101739.57830309,148525904171.99805,13376061584.19601,5797630217.898433,58934.08312465277
46,2020,3,26,2,14,41.97,5651364.743,-14698340.716999998,-21326279.299000002,3787.41746,438.52236,725.34847,2020-03-26 02:14:41.970,369394410.02818066,164659552.81588235,35443714.081137575,148523716235.89896,13400643227.554274,5808286701.575762,58934.09354131943
46,2020,3,26,2,29,41.97,9001277.622,-14177580.312,-20490714.603,3646.0263,717.13971,1128.9070299999998,2020-03-26 02:29:41.970,369029366.0701012,165377091.53156468,35785515.763487935,148521523474.54535,13425224427.733734,5818942995.296364,58934.1039579861
46,2020,3,26,2,44,41.97,12195144.061,-13411067.353,-19299900.151,3441.11335,983.83586,1513.6299499999998,2020-03-26 02:44:41.970,368662544.6715806,166093820.39016494,36127142.933021694,148519325888.07043,13449805183.899956,5829599098.696835,58934.11437465277
46,2020,3,26,2,59,41.97,15177222.437,-12411669.455,-17773878.413,3176.03979,1233.8952299999999,1872.70755,2020-03-26 02:59:41.970,368293947.4711394,166809735.80865142,36468593.89789832,148517123476.6085,13474385495.21856,5840255011.413794,58934.12479131943
46,2020,3,26,3,14,41.97,17895295.555,-11196385.695999999,-15938644.936999999,2855.2669499999997,1462.8671499999998,2199.7418199999997,2020-03-26 03:14:41.970,367923576.1151175,167524834.20696196,36809866.966774486,148514916240.2933,13498965360.855238,5850910733.083878,58934.1352079861
46,2020,3,26,3,29,41.97,20301631.538000003,-9786068.846,-13825721.051,2484.2874699999998,1666.65266,2488.8715700000002,2020-03-26 03:29:41.970,367551432.257669,168239112.00801575,37150960.448809855,148512704179.2593,13523544779.975746,5861566263.343733,58934.14562465277
46,2020,3,26,3,44,41.97,22353872.356,-8205071.565,-11471617.168000001,2069.5334500000004,1841.58627,2734.88986,2020-03-26 03:44:41.970,367177517.56075835,168952565.63772482,37491872.653672256,148510487293.64105,13548123751.745897,5872221601.830027,58934.15604131943
46,2020,3,26,3,59,41.97,24015829.899,-6480822.127,-8917195.257,1618.2631000000001,1984.5104600000002,2933.35012,2020-03-26 03:59:41.970,366801833.69415736,169665191.52500638,37832601.89154349,148508265583.57346,13572702275.331581,5882876748.179452,58934.1664579861
46,2020,3,26,4,14,41.97,25258170.974,-4643337.219,-6206941.917,1138.42771,2092.84066,3080.65816,2020-03-26 04:14:41.970,366424382.33544034,170376986.10179478,38173146.473124675,148506039049.19135,13597280349.898745,5893531702.028711,58934.17687465277
46,2020,3,26,4,29,41.97,26058974.818,-2724681.183,-3388166.129,638.52185,2164.619,3174.14718,2020-03-26 04:29:41.970,366045165.1699804,171087945.80305305,38513504.709641665,148503807690.63046,13621857974.613398,5904186463.01454,58934.18729131943
46,2020,3,26,4,44,41.97,26404149.518999998,-758382.7139999999,-510138.053,127.42032,2198.55486,3212.1333600000003,2020-03-26 04:44:41.970,365664183.8909461,171798067.0667851,38853674.912850656,148501571508.02603,13646435148.641628,5914841030.773672,58934.1977079861
46,2020,3,26,4,59,41.97,26287697.191,1221178.664,2376812.8740000003,-385.7942,2194.05127,3193.9505,2020-03-26 04:59:41.970,365281440.1992958,172507346.33404738,39193655.39504364,148499330501.51404,13671011871.14957,5925495404.942877,58934.20812465277
46,2020,3,26,5,14,41.97,25711821.566999998,3179403.092,5222221.074,-892.00825,2151.21617,3119.9624799999997,2020-03-26 05:14:41.970,364896935.8037758,173215780.04896122,39533444.46905389,148497084671.23062,13695588141.303444,5936149585.158933,58934.21854131943
46,2020,3,26,5,29,41.97,24686875.810000002,5082104.113,7976409.073,-1382.25475,2070.85833,2991.55325,2020-03-26 05:29:41.970,364510672.42091495,173923364.65872395,39873040.448261425,148494834017.31198,13720163958.269514,5946803571.058644,58934.2289579861
46,2020,3,26,5,44,41.97,23231152.493,6896131.897,10591392.813000001,-1847.88582,1954.46818,2811.0949,2020-03-26 05:44:41.970,364122651.7750208,174630096.61362153,40212441.646598555,148492578539.89474,13744739321.214134,5957457362.278832,58934.23937465277
46,2020,3,26,5,59,41.97,21370521.79,8589972.656,13021748.757,-2280.7365800000002,1804.1842,2581.8949500000003,2020-03-26 05:59:41.970,363732875.59817576,175335972.36704022,40551646.378555305,148490318239.11575,13769314229.303717,5968110958.456334,58934.24979131943
46,2020,3,26,6,14,41.97,19137927.669,10134311.828,15225424.864,-2673.2763,1622.7462699999999,2308.12471,2020-03-26 06:14:41.970,363341345.63023347,176040988.3754779,40890652.959184855,148488053115.11206,13793888681.704721,5978764359.228008,58934.2602079861
46,2020,3,26,6,29,41.97,16572755.137,11502549.892,17164479.455000002,-3018.7433,1413.4373600000001,1994.7310499999999,2020-03-26 06:29:41.970,362948063.6188138,176745141.09855685,41229459.70410921,148485783168.02097,13818462677.58371,5989417564.230739,58934.27062465277
46,2020,3,26,6,44,41.97,13720084.311,12671261.185999999,18805734.279,-3311.26114,1180.01548,1647.3345299999999,2020-03-26 06:44:41.970,362553031.3193,177448426.99903473,41568064.92952448,148483508397.98013,13843036216.107275,6000070573.101417,58934.28104131943
46,2020,3,26,6,59,41.97,10629849.109000001,13620587.916000001,20121330.765,-3545.93415,926.63807,1272.11658,2020-03-26 06:59:41.970,362156250.49483347,178150842.5428171,41906466.9522064,148481228805.12726,13867609296.442106,6010723385.476965,58934.2914579861
46,2020,3,26,7,14,41.97,7355919.715,14334563.361,21089181.145,-3718.92121,657.78062,875.6992300000001,2020-03-26 07:14:41.970,361757722.91631055,178852384.19896865,42244664.08951587,148478944389.60062,13892181917.754934,6021376000.994315,58934.30187465277
46,2020,3,26,7,29,41.97,3955128.595,14801360.198,21693308.930999998,-3827.4873399999997,378.15196000000003,465.02002,2020-03-26 07:29:41.970,361357450.3623776,179553048.43972576,42582654.659404464,148476655151.53824,13916754079.212578,6032028419.290423,58934.31229131943
46,2020,3,26,7,44,41.97,486259.96400000004,15013461.66,21924075.895999998,-3870.03348,92.60788000000001,47.20528,2020-03-26 07:44:41.970,360955434.619428,180252831.74050763,42920436.98041969,148474361091.07898,13941325779.981907,6042680640.002268,58934.3227079861
46,2020,3,26,7,59,41.97,-2990977.944,14967754.981,21778295.133,-3846.1050499999997,-193.935,-370.55582999999996,2020-03-26 07:59:41.970,360551677.48159677,180951730.5799288,43258009.371710755,148472062208.36157,13965897019.229874,6053332662.766849,58934.33312465277
46,2020,3,26,8,14,41.97,-6416979.312000001,14665548.027,21259232.016999997,-3756.38075,-476.58349,-781.13418,2020-03-26 08:14:41.970,360146180.7507574,181649741.43981,43595370.153033845,148469758503.52496,13990467796.123487,6063984487.221179,58934.34354131943
46,2020,3,26,8,29,41.97,-9733248.633,14112511.416,20376496.727,-3602.64287,-750.54899,-1177.5784700000002,2020-03-26 08:29:41.970,359738946.2365181,182346860.8051909,43932517.64475763,148467449976.70847,14015038109.82983,6074636113.002288,58934.3539579861
46,2020,3,26,8,44,41.97,-12883374.27,13318549.441,19145833.614,-3387.7309,-1011.2243199999999,-1553.22641,2020-03-26 08:44:41.970,359329975.75621575,183043085.1643417,44269450.16786878,148465136628.05176,14039607959.516056,6085287539.747243,58934.36437465277
46,2020,3,26,8,59,41.97,-15813953.428000001,12297604.09,17588813.946,-3115.48029,-1254.25549,-1901.8081,2020-03-26 08:59:41.970,358919271.1349136,183738411.00877458,44606166.04397738,148462818457.69467,14064177344.349377,6095938767.093109,58934.37479131943
46,2020,3,26,9,14,41.97,-18475455.915,11067397.080999998,15732439.546,-2790.64798,-1475.6075600000001,-2217.54052,2020-03-26 09:14:41.970,358506834.2053967,184432834.83325568,44942663.595322445,148460495465.77704,14088746263.497084,6106589794.676991,58934.3852079861
46,2020,3,26,9,29,41.97,-20823015.619999997,9649115.435,13608665.599,-2418.82647,-1671.62418,-2495.21257,2020-03-26 09:29:41.970,358092666.8081671,185126353.1358172,45278941.14477734,148458167652.4394,14113314716.126514,6117240622.136,58934.39562465277
46,2020,3,26,9,44,41.97,-22817140.145,8067046.443,11253851.446,-2006.34814,-1839.08044,-2730.25997,2020-03-26 09:44:41.970,357676770.7914405,185818962.41776848,45614997.015855305,148455835017.8223,14137882701.405115,6127891249.107271,58934.40604131943
46,2020,3,26,9,59,41.97,-24424330.445,6348168.226,8708148.563000001,-1560.18123,-1975.22867,-2918.82991,2020-03-26 09:59:41.970,357259148.0111408,186510659.18370873,45950829.532714866,148453497562.06647,14162450218.500378,6138541675.227972,58934.4164579861
46,2020,3,26,10,14,41.97,-25617603.623,4521702.252,6014835.193,-1087.81883,-2077.83714,-3057.83491,2020-03-26 10:14:41.970,356839800.3308983,187201439.94153792,46286437.0201653,148451155285.3129,14187017266.579845,6149191900.135265,58934.42687465277
46,2020,3,26,10,29,41.97,-26376913.254,2618634.361,3219607.335,-597.1623900000001,-2145.22138,-3144.99594,2020-03-26 10:29:41.970,356418729.6220423,187891301.20246917,46621817.80367214,148448808187.70294,14211583844.811169,6159841923.466359,58934.43729131943
46,2020,3,26,10,44,41.97,-26689462.655,671210.9450000001,369835.887,-96.40052,-2176.26797,-3178.87445,2020-03-26 10:44:41.970,355995937.7635996,188580239.48104,46956970.20936257,148446456269.37823,14236149952.362034,6170491744.858468,58934.4477079861
46,2020,3,26,10,59,41.97,-26549907.745,-1287582.925,-2486200.0560000003,406.11497,-2170.45091,-3158.8933199999997,2020-03-26 10:59:41.970,355571426.64228874,189268251.29512462,47291892.56403092,148444099530.48038,14260715588.400213,6181141363.948836,58934.45812465277
46,2020,3,26,11,14,41.97,-25960447.014000002,-3224556.584,-5300093.671,901.9958300000001,-2127.8400899999997,-3085.34649,2020-03-26 11:14:41.970,355145198.1525163,189955333.16594535,47626583.19514422,148441737971.15164,14285280752.09356,6191790780.374721,58934.46854131943
46,2020,3,26,11,29,41.97,-24930796.998000003,-5106851.027,-8024094.386,1382.9448,-2049.1020999999996,-2959.39708,2020-03-26 11:29:41.970,354717254.19637275,190641481.61808446,47961040.43084745,148439371591.53412,14309845442.609968,6202439993.773404,58934.4789579861
46,2020,3,26,11,44,41.97,-23478053.063,-6902473.2809999995,-10611884.986,1840.8829700000001,-1935.493,-2783.06398,2020-03-26 11:44:41.970,354287596.6836273,191326693.1794959,48295262.599969134,148437000391.77048,14334409659.11742,6213089003.782188,58934.48937465277
46,2020,3,26,11,59,41.97,-21626435.908999998,-8580820.626,-13019341.322,2268.07591,-1788.84296,-2559.19661,2020-03-26 11:59:41.970,353856227.5317255,192010964.38151705,48629248.03202681,148434624372.00333,14358973400.783974,6223737810.038396,58934.49979131943
46,2020,3,26,12,14,41.97,-19406925.922,-10113187.391999999,-15205263.976,2657.25679,-1611.53286,-2291.43776,2020-03-26 12:14:41.970,353423148.66578275,192694291.7588805,48962995.05723245,148432243532.37595,14383536666.777754,6234386412.179371,58934.5102079861
46,2020,3,26,12,29,41.97,-16856788.337,-11473246.905,-17132071.134999998,3001.74553,-1406.46251,-1984.17457,2020-03-26 12:29:41.970,352988362.0185815,193376671.8497256,49296502.006497845,148429857873.0315,14408099456.266937,6245034809.842478,58934.52062465277
46,2020,3,26,12,44,41.97,-14018993.709,-12637501.141,-18766441.911999997,3295.56203,-1177.01064,-1642.47748,2020-03-26 12:44:41.970,352551869.53056675,194058101.1956106,49629767.21144015,148427467394.11337,14432661768.4198,6255683002.665108,58934.53104131943
46,2020,3,26,12,59,41.97,-10941539.713,-13585690.696,-20079899.438,3533.53188,-926.98674,-1272.02743,2020-03-26 12:59:41.970,352113673.1498409,194738576.3415237,49962789.00438733,148425072095.76562,14457223602.40466,6266330990.284664,58934.5414579861
46,2020,3,26,13,14,41.97,-7676681.943,-14301157.758,-21049323.242,3711.3826099999997,-660.57484,-879.03163,2020-03-26 13:14:41.970,351673774.8321605,195418093.8358957,50295565.718383566,148422671978.132,14481784957.38994,6276978772.338581,58934.55187465277
46,2020,3,26,13,29,41.97,-4280083.106,-14771155.048,-21657380.851000004,3825.82838,-382.26974,-470.12834,2020-03-26 13:29:41.970,351232176.54093117,196096650.23061055,50628095.68719466,148420267041.3569,14506345832.544106,6287626348.464306,58934.56229131943
46,2020,3,26,13,44,41.97,-809891.8979999999,-14987094.076,-21892869.127,3874.64122,-96.80601,-52.28172,2020-03-26 13:44:41.970,350788880.24720395,196774242.08101812,50960377.24531371,148417857285.58484,14530906227.03571,6298273718.2993145,58934.5727079861
46,2020,3,26,13,59,41.97,2674235.301,-14944726.597000001,-21750956.767,3856.7065500000003,190.9193,367.33246,2020-03-26 13:59:41.970,350343887.9296704,197450865.94594538,51292408.72796619,148415442710.96054,14555466140.033361,6308920881.481097,58934.58312465277
46,2020,3,26,14,14,41.97,6112154.889,-14644253.972000001,-21233320.533,3772.06095,475.9294,781.44842,2020-03-26 14:14:41.970,349897201.5746581,198126518.38770795,51624188.47111571,148413023317.6291,14580025570.705763,6319567837.647177,58934.59354131943
46,2020,3,26,14,29,41.97,9444281.841,-14090360.106,-20348169.283999998,3621.91043,753.25463,1182.83773,2020-03-26 14:29:41.970,349448823.1761267,198801195.9721225,51955714.81146935,148410599105.73553,14604584518.221668,6330214586.435082,58934.6039579861
46,2020,3,26,14,44,41.97,12612642.477,-13292164.855999999,-19110151.722999997,3408.6274099999996,1018.02204,1564.44001,2020-03-26 14:44:41.970,348998754.73566425,199474895.2685175,52286986.08648305,148408170075.4257,14629142981.749926,6340861127.482381,58934.61437465277
46,2020,3,26,14,59,41.97,15561914.462000001,-12263096.299,-17540145.925,3135.72518,1265.54582,1919.4944300000002,2020-03-26 14:59:41.970,348546998.2624808,200147612.8497454,52618000.63436708,148405736226.8451,14653700960.459429,6351507460.426647,58934.62479131943
46,2020,3,26,15,14,41.97,18240433.469,-11020681.863,-15664931.162999999,2807.80928,1491.4168000000002,2241.66929,2020-03-26 15:14:41.970,348093555.77340573,200819345.29219443,52948756.79409164,148403297560.13986,14678258453.51916,6362153584.905495,58934.6352079861
46,2020,3,26,15,29,41.97,20601145.48,-9586260.232,-13516745.263,2430.5053700000003,1691.58871,2525.18631,2020-03-26 15:29:41.970,347638429.2928833,201490089.17580017,53279252.905392,148400854075.45605,14702815460.098177,6372799500.556542,58934.64562465277
46,2020,3,26,15,44,41.97,22602483.932,-7984617.812000001,-11132733.552,2010.3645000000001,1862.45913,2764.93668,2020-03-26 15:44:41.970,347181620.85296726,202159841.08405697,53609487.30877417,148398405772.94034,14727371979.365604,6383445207.01744,58934.65604131943
46,2020,3,26,15,59,41.97,24209151.79,-6243555.639,-8554298.386,1554.74686,2000.9427999999998,2956.5854200000003,2020-03-26 15:59:41.970,346723132.4933169,202828597.6040301,53939458.345520385,148395952652.73932,14751928010.490643,6394090703.925855,58934.6664579861
46,2020,3,26,16,14,41.97,25392790.182,-4393394.478,-5826361.061,1071.68636,2104.53526,3096.66123,2020-03-26 16:14:41.970,346262966.26119304,203496355.32636675,54269164.3576942,148393494715.00006,14776483552.642555,6404735990.919487,58934.67687465277
46,2020,3,26,16,29,41.97,26132517.53,-2466427.75,-2996550.506,569.7388,2171.3649,3182.62896,2020-03-26 16:29:41.970,345801124.21145326,204163110.8453083,54598603.68814635,148391031959.8698,14801038604.990694,6415381067.636045,58934.68729131943
46,2020,3,26,16,44,41.97,26415326.006,-496333.482,-114335.438,57.81734,2200.23172,3212.94243,2020-03-26 16:44:41.970,345337608.4065472,204828860.75870165,54927774.68051994,148388564387.496,14825593166.704477,6426025933.713267,58934.6977079861
46,2020,3,26,16,59,41.97,26236325.669999998,1482442.247,2769881.6040000003,-454.98079,2190.63177,3187.07609,2020-03-26 16:59:41.970,344872420.91651237,205493601.6680108,55256675.67925589,148386091998.0264,14850147236.953392,6436670588.788914,58934.70812465277
46,2020,3,26,17,14,41.97,25598830.483000003,3435317.045,5605688.715,-959.5515999999999,2142.7663300000004,3105.53437,2020-03-26 17:14:41.970,344405563.8189697,206157330.17832893,55585305.02959848,148383614791.60883,14874700814.907011,6447315032.500771,58934.71854131943
46,2020,3,26,17,29,41.97,24514284.568,5328205.337,8343587.450000001,-1446.96125,2057.53587,2969.8387300000004,2020-03-26 17:29:41.970,343937039.1991194,206820042.8983897,55913661.07760067,148381132768.39166,14899253899.73497,6457959264.486644,58934.7289579861
46,2020,3,26,17,44,41.97,23002031.224,7128139.203,10935894.037,-1908.61781,1936.5188600000001,2782.49275,2020-03-26 17:44:41.970,343466849.1497354,207481736.44057855,56241742.170129634,148378645928.52332,14923806490.60699,6468603284.384357,58934.73937465277
46,2020,3,26,17,59,41.97,21088931.27,8803863.697,13337599.838,-2336.4336799999996,1781.93642,2546.92673,2020-03-26 17:59:41.970,342994995.77116257,208142407.42094523,56569546.654872075,148376154272.15234,14948358586.692846,6479247091.831764,58934.74979131943
46,2020,3,26,18,14,41.97,18808840.959000003,10326394.388,15507173.395,-2722.97462,1596.60395,2267.42366,2020-03-26 18:14:41.970,342521481.1713103,208802052.45921457,56897072.88033977,148373657799.4281,14972910187.162418,6489890686.466739,58934.7602079861
46,2020,3,26,18,29,41.97,16201962.932,11669526.158,17407288.341,-3061.5923500000004,1383.8715100000002,1949.02897,2020-03-26 18:29:41.970,342046307.4656496,209460668.1787985,57224319.19587491,148371156510.4993,14997461291.185627,6500534067.927179,58934.77062465277
46,2020,3,26,18,44,41.97,13314086.29,12810283.874,19005463.865999997,-3346.53802,1147.5546000000002,1597.4469,2020-03-26 18:44:41.970,341569476.7772073,210118251.20680782,57551283.95165561,148368650405.51572,15022011897.932495,6511177235.851009,58934.78104131943
46,2020,3,26,18,59,41.97,10195733.793,13729307.344999999,20274607.047000002,-3573.05487,891.85763,1218.9266,2020-03-26 18:59:41.970,341090991.2365633,210774798.1740633,57877965.498701304,148366139484.62683,15046562006.573116,6521820189.876166,58934.7914579861
46,2020,3,26,19,14,41.97,6901235.48,14411164.821,21193449.130000003,-3737.4489999999996,621.2920899999999,820.1408799999999,2020-03-26 19:14:41.970,340610852.98184353,211430305.71510786,58204362.18887809,148363623747.98267,15071111616.277641,6532462929.640618,58934.80187465277
46,2020,3,26,19,29,41.97,3487748.531,14844591.208,21746870.618,-3837.13803,340.59138,408.06083,2020-03-26 19:29:41.970,340129064.1587178,212084770.4682176,58530472.37490433,148361103195.7335,15095660726.216309,6543105454.78236,58934.81229131943
46,2020,3,26,19,44,41.97,14243.228000000001,15022648.945,21926112.63,-3870.67792,54.624430000000004,-10.17103,2020-03-26 19:44:41.970,339645626.9203937,212738189.075414,58856294.41035595,148358577828.02957,15120209335.559444,6553747764.9394,58934.8227079861
46,2020,3,26,19,59,41.97,-3459525.709,14942811.188,21728874.468999997,-3837.76881,-231.69031,-427.36644,2020-03-26 19:59:41.970,339160543.42761314,213390558.18247527,59181826.64967188,148356047645.02167,15144757443.477417,6564389859.749777,58934.83312465277
46,2020,3,26,20,14,41.97,-6874044.075,14606968.425999999,21159299.450999998,-3739.2411700000002,-513.46876,-836.4136199999999,2020-03-26 20:14:41.970,338673815.84864646,214041874.4389477,59507067.44815954,148353512646.8607,15169305049.14071,6575031738.85155,58934.84354131943
46,2020,3,26,20,29,41.97,-10171042.365,14021360.936999999,20227852.931,-3577.02375,-785.94188,-1230.39435,2020-03-26 20:29:41.970,338185446.35928947,214692134.49815756,59832015.162000164,148350972833.6978,15193852151.719864,6585673401.88281,58934.8539579861
46,2020,3,26,20,44,41.97,-13294463.567,13196440.587,18951097.979,-3354.09509,-1044.53193,-1602.6941100000001,2020-03-26 20:44:41.970,337695437.14285785,215341335.01722252,60156668.148254305,148348428205.6844,15218398750.38548,6596314848.481657,58934.86437465277
46,2020,3,26,20,59,41.97,-16191380.569999998,12146666.317,17351375.406,-3074.42032,-1284.9234000000001,-1947.1043,2020-03-26 20:59:41.970,337203790.3901823,215989472.65706348,60481024.76486731,148345878762.9721,15242944844.308268,6606956078.286226,58934.87479131943
46,2020,3,26,21,14,41.97,-18812850.740999997,10890238.368,15456395.774,-2742.87503,-1503.12811,-2257.9155,2020-03-26 21:14:41.970,336710508.2996049,216636544.08241582,60805083.370674565,148343324505.71283,15267490432.658993,6617597090.934679,58934.8852079861
46,2020,3,26,21,29,41.97,-21114696.814999998,9448776.781000001,13298751.758,-2365.15794,-1695.54391,-2530.00111,2020-03-26 21:29:41.970,336215593.07697403,217282545.96184126,61128842.325407095,148340765434.05884,15292035514.608501,6628237886.0651865,58934.89562465277
46,2020,3,26,21,44,41.97,-23058204.752,7846950.12,10915359.742,-1947.69396,-1859.00654,-2758.89088,2020-03-26 21:44:41.970,335719046.93563956,217927474.96773925,61452299.98969688,148338201548.1623,15316580089.327713,6638878463.315956,58934.90604131943
46,2020,3,26,21,59,41.97,-24610730.581,6112060.608,8346839.887,-1497.5291100000002,-1990.83456,-2940.8340599999997,2020-03-26 21:59:41.970,335220872.0964484,218571327.77635857,61775454.7250823,148335632848.17593,15341124155.987629,6649518822.325211,58934.9164579861
46,2020,3,26,22,14,41.97,-25746209.569,4273592.092,5636844.205,-1022.2187599999999,-2088.86703,-3072.85182,2020-03-26 22:14:41.970,334721070.7877402,219214101.06780902,62098304.89401362,148333059334.2527,15365667713.75934,6660158962.731213,58934.92687465277
46,2020,3,26,22,29,41.97,-26445562.226999998,2362727.397,2831342.313,-529.71038,-2151.4938300000003,-3152.7787599999997,2020-03-26 22:29:41.970,334219645.2453425,219855791.5260729,62420848.859858334,148330481006.54565,15390210761.81398,6670798884.172231,58934.93729131943
46,2020,3,26,22,44,41.97,-26696992.745,411841.72599999997,-22125.257,-28.2219,-2177.6785200000004,-3179.29351,2020-03-26 22:44:41.970,333716597.71256554,220496395.83901656,62743084.98690657,148327897865.2082,15414753299.322796,6681438586.286568,58934.9477079861
46,2020,3,26,22,59,41.97,-26496176.649,-1546021.086,-2875216.2199999997,473.88261,-2166.97361,-3151.93807,2020-03-26 22:59:41.970,333211930.44019866,221135910.6984017,63065011.6403766,148325309910.3939,15439295325.4571,6692078068.712546,58934.95812465277
46,2020,3,26,23,14,41.97,-25846335.297000002,-3477682.6070000003,-5679568.059,968.21992,-2119.52807,-3071.12586,2020-03-26 23:14:41.970,332705645.68650466,221774332.79989782,63386627.18642016,148322717142.2566,15463836839.388268,6702717331.088524,58934.96854131943
46,2020,3,26,23,29,41.97,-24758195.805999998,-5350367.086999999,-8387581.629000001,1446.51505,-2036.0870800000002,-2938.13832,2020-03-26 23:29:41.970,332197745.71721554,222411658.84309268,63707929.992127985,148320119560.95038,15488377840.28778,6713356373.052866,58934.9789579861
46,2020,3,26,23,44,41.97,-23249836.308999997,-7132234.908000001,-10953196.467,1900.72857,-1917.9837,-2755.10981,2020-03-26 23:44:41.970,331688232.8055285,223047885.5315043,64028918.42553508,148317517166.62964,15512918327.327171,6723995194.243973,58934.98937465277
46,2020,3,26,23,59,41.97,-21346417.137000002,-8792904.925999999,-13332647.248,2323.18238,-1767.1225200000001,-2525.00081,2020-03-26 23:59:41.970,331177109.2320999,223683009.57259294,64349590.85562633,148314909959.44904,15537458299.67807,6734633794.300274,58934.99979131943
46,2020,3,27,0,14,41.97,-19079801.665,-10303956.556,-15485188.019,2706.68226,-1585.95534,-2251.55944,2020-03-27 00:14:41.970,330664377.2850418,224317027.67777163,64669945.652341634,148312297939.56342,15561997756.512169,6745272172.860212,58935.0102079861
46,2020,3,27,0,29,41.97,-16488061.223000001,-11639415.585,-17373790.057,3044.63679,-1377.4474599999999,-1939.2696199999998,2020-03-27 00:29:41.970,330150039.2599164,224949936.5624188,64989981.186581634,148309681107.1276,15586536697.001257,6755910329.5622635,58935.02062465277
46,2020,3,27,0,44,41.97,-13614890.391999999,-12776187.216,-18965760.432,3331.16886,-1145.03786,-1593.2901399999998,2020-03-27 00:44:41.970,329634097.4597321,225581732.9458892,65309695.83021297,148307059462.29718,15611075120.31718,6766548264.044922,58935.03104131943
46,2020,3,27,0,59,41.97,-10508910.459,-13694468.329,-20233327.691999998,3561.2208600000004,-892.58915,-1219.3791199999998,2020-03-27 00:59:41.970,329116554.19493836,226212413.5515256,65629087.95607371,148304433005.2275,15635613025.63189,6777185975.946714,58935.0414579861
46,2020,3,27,1,14,41.97,-7222889.909,-14378101.685,-21154140.798,3730.6492900000003,-624.3305,-823.80856,2020-03-27 01:14:41.970,328597411.7834204,226841975.1066701,65948155.93797875,148301801736.0746,15660150412.117393,6787823464.906194,58935.05187465277
46,2020,3,27,1,29,41.97,-3812883.389,-14814877.233,-21711688.898000002,3836.30782,-344.79285999999996,-413.26771,2020-03-27 01:29:41.970,328076672.5504957,227470414.34267622,66266898.150725245,148299165654.99442,15684687278.945786,6798460730.561924,58935.06229131943
46,2020,3,27,1,44,41.97,-337302.018,-14996771.877999999,-21895629.619,3876.11645,-58.7371,5.24347,2020-03-27 01:44:41.970,327554338.8289089,228097727.99491984,66585312.97009809,148296524762.14328,15709223625.28925,6809097772.552509,58935.0727079861
46,2020,3,27,1,59,41.97,3144071.569,-14920121.693,-21702017.413000003,3849.1148000000003,228.92409999999998,424.52966,2020-03-27 01:59:41.970,327030412.9588264,228723912.80281088,66903398.77287526,148293879057.67773,15733759450.32004,6819734590.516576,58935.08312465277
46,2020,3,27,2,14,41.97,6571108.142,-14585721.381,-21133424.722,3755.49731,513.20963,837.3226999999999,2020-03-27 02:14:41.970,326504897.28783244,229348965.509805,67221153.9368332,148291228541.75446,15758294753.210485,6830371184.092767,58935.09354131943
46,2020,3,27,2,29,41.97,9884379.733,-13998846.82,-20198950.273,3596.62873,789.15725,1236.4095399999999,2020-03-27 02:29:41.970,325977794.1709235,229972882.86341518,67538576.8407524,148288573214.5306,15782829533.133005,6841007552.919761,58935.1039579861
46,2020,3,27,2,44,41.97,13026211.841,-13169197.768,-18914110.694,3375.03805,1051.91341,1614.76318,2020-03-27 02:44:41.970,325449105.9705044,230595661.61522287,67855665.86442253,148285913076.1634,15807363789.26009,6851643696.636261,58935.11437465277
46,2020,3,27,2,59,41.97,15941720.125,-12110759.325000001,-17300613.824,3094.3899300000003,1296.8237199999999,1965.6741499999998,2020-03-27 02:59:41.970,324918835.056383,231217298.52088964,68172419.38864823,148283248126.8104,15831897520.764315,6862279614.880993,58935.12479131943
46,2020,3,27,3,14,41.97,18579810.902000003,-10841582.395,-15386014.624,2759.43281,1519.52209,2282.8794700000003,2020-03-27 03:14:41.970,324386983.80576557,231837790.34016925,68488835.79525417,148280578366.6293,15856430726.818344,6872915307.292703,58935.1352079861
46,2020,3,27,3,29,41.97,20894124.448999997,-9383485.316,-13203257.273,2375.9237,1716.0164300000001,2560.686,2020-03-27 03:29:41.970,323853554.6032526,232457133.8369181,68804913.46709067,148277903795.7783,15880963406.59491,6883550773.510174,58935.14562465277
46,2020,3,27,3,44,41.97,22843900.375,-7761680.720000001,-10790109.938,1950.53044,1882.76869,2794.0851000000002,2020-03-27 03:44:41.970,323318549.8408325,233075325.7791076,69120650.78803906,148275224414.41525,15905495559.266823,6894186013.172209,58935.15604131943
46,2020,3,27,3,59,41.97,24394745.339,-6004333.741,-8188501.581,1490.71271,2016.76706,2978.8551399999997,2020-03-27 03:59:41.970,322781971.91787857,233692362.93883562,69436046.14301707,148272540222.69897,15930027184.006983,6904821025.917638,58935.1664579861
46,2020,3,27,4,14,41.97,25519285.002,-4142059.615,-5443772.978,1004.58421,2115.58812,3111.64912,2020-03-27 04:14:41.970,322243823.2411429,234308242.09233746,69751097.91798434,148269851220.7882,15954558279.988377,6915455811.385317,58935.17687465277
46,2020,3,27,4,29,41.97,26197684.528,-2207370.491,-2603856.6890000002,500.75892,2177.4472299999998,3190.06459,2020-03-27 04:29:41.970,321704106.2247524,234922960.0199979,70065804.49994768,148267157408.84177,15979088846.38406,6926090369.214125,58935.18729131943
46,2020,3,27,4,44,41.97,26418024.901,-234082.87000000002,281597.089,-11.81488,2201.23546,3212.69362,2020-03-27 04:44:41.970,321162823.29020345,235536513.50636223,70380164.2769666,148264458787.0189,16003618882.367176,6936724699.04297,58935.1977079861
46,2020,3,27,4,59,41.97,26176525.912,1743301.751,3162130.158,-524.02869,2186.5420000000004,3179.1515,2020-03-27 04:59:41.970,320619976.86635745,236148899.3401484,70694175.63815878,148261755355.4791,16028148387.110947,6947358800.510791,58935.20812465277
46,2020,3,27,5,14,41.97,25477610.575,3690229.594,5987401.728,-1026.79127,2133.6614,3090.08304,2020-03-27 05:14:41.970,320075569.38943547,236760114.31425798,71007836.97370528,148259047114.3822,16052677359.788675,6957992673.256543,58935.21854131943
46,2020,3,27,5,29,41.97,24333809.882000003,5572726.895,8708109.442000002,-1511.2051900000001,2043.5854199999999,2947.14655,2020-03-27 05:29:41.970,319529603.30301446,237370155.2257877,71321146.67485616,148256334063.88794,16077205799.573761,6968626316.919221,58935.2289579861
46,2020,3,27,5,44,41.97,22765510.988,7358018.116,11276886.118,-1968.7375,1917.9799600000001,2752.9760699999997,2020-03-27 05:44:41.970,318982081.058021,237979018.87604108,71634103.13393581,148253616204.15665,16101733705.639658,6979259731.13783,58935.23937465277
46,2020,3,27,5,59,41.97,20800555.891,9015116.957,13649153.251,-2391.3805899999998,1759.1479000000002,2511.1233300000004,2020-03-27 05:59:41.970,318433005.11272746,238586702.07054022,71946704.74434832,148250893535.34875,16126261077.159922,6989892915.551413,58935.24979131943
46,2020,3,27,6,14,41.97,18473701.322,10515378.069,15783913.822,-2771.79918,1569.97917,2225.98133,2020-03-27 06:14:41.970,317882377.93274695,239193201.6190365,72258949.90058313,148248166057.62488,16150787913.308191,7000525869.79904,58935.2602079861
46,2020,3,27,6,29,41.97,15825953.703,11832998.677,17644469.023000002,-3103.46049,1353.88968,1902.6921000000002,2020-03-27 06:29:41.970,317330201.9910285,239798514.3355232,72570836.9982201,148245433771.14597,16175314213.258179,7011158593.519796,58935.27062465277
46,2020,3,27,6,44,41.97,12903795.536,12945460.981,19199045.906,-3380.74499,1114.75109,1547.04152,2020-03-27 06:44:41.970,316776479.7678518,240402637.03824586,72882364.43393499,148242696676.0731,16199839976.183683,7021791086.352811,58935.28104131943
46,2020,3,27,6,59,41.97,9758321.464,13833907.955,20421325.649,-3599.03614,856.8134200000001,1165.34414,2020-03-27 06:59:41.970,316221213.7508228,241005566.54971436,73193530.60550523,148239954772.56778,16224365201.258596,7032423347.93723,58935.2914579861
46,2020,3,27,7,14,41.97,6444303.391000001,14483447.086,21290864.901,-3754.78824,584.62262,764.32127,2020-03-27 07:14:41.970,315664406.4348686,241607299.69671458,73504333.91181497,148237208060.79172,16248889887.65687,7043055377.912222,58935.30187465277
46,2020,3,27,7,29,41.97,3019204.545,14883378.433,21793405.41,-3845.57206,302.93518,350.97513000000004,2020-03-27 07:29:41.970,315106060.3222324,242207833.31031936,73814772.75286065,148234456540.90674,16273414034.552568,7053687175.91699,58935.31229131943
46,2020,3,27,7,44,41.97,-457837.713,15027345.211,21921069.762,-3870.09875,16.63167,-67.53796,2020-03-27 07:44:41.970,314546177.92246914,242807164.22590056,74124845.52975637,148231700213.07483,16297937641.11981,7064318741.590759,58935.3227079861
46,2020,3,27,7,59,41.97,-3927041.166,14913406.733,21672443.459999997,-3828.2229700000003,-269.36906999999997,-484.03290999999996,2020-03-27 07:59:41.970,313984761.7524402,243405289.28313985,74434550.64473939,148228939077.45862,16322460706.532814,7074950074.572794,58935.33312465277
46,2020,3,27,8,14,41.97,-7329001.892,14544035.025999999,21052545.697,-3720.92645,-550.19354,-891.4176,2020-03-27 08:14:41.970,313421814.33630836,244002205.32604113,74743886.50117531,148226173134.2206,16346983229.965893,7085581174.502374,58935.34354131943
46,2020,3,27,8,29,41.97,-10605694.426,13926037.691,20072692.957,-3550.28356,-821.0936399999999,-1282.80899,2020-03-27 08:29:41.970,312857338.20553327,244597909.20294118,75052851.50356385,148223402383.52362,16371505210.593409,7096212041.018803,58935.3539579861
46,2020,3,27,8,44,41.97,-13701433.538999999,13070410.633,18750261.127,-3319.41075,-1077.52229,-1651.6423300000001,2020-03-27 08:44:41.970,312291335.8988666,245192397.76652136,75361444.0575441,148220626825.53076,16396026647.589842,7106842673.761422,58935.36437465277
46,2020,3,27,8,59,41.97,-16563783.812,11992125.111,17108352.932,-3032.4014199999997,-1315.20368,-1991.77217,2020-03-27 08:59:41.970,311723809.96234643,245785667.87381962,75669662.5698998,148217846460.40543,16420547540.129738,7117473072.3696,58935.37479131943
46,2020,3,27,9,14,41.97,-19144404.805,10709854.234000001,15175378.483000001,-2694.2481900000002,-1530.19747,-2297.5643,2020-03-27 09:14:41.970,311154762.94929326,246377716.38624126,75977505.44856496,148215061288.3113,16445067887.387743,7128103236.482724,58935.3852079861
46,2020,3,27,9,29,41.97,-21399821.182,9245644.514,12984557.365,-2310.75416,-1718.95661,-2563.97808,2020-03-27 09:29:41.970,310584197.4203038,246968540.16957104,76284971.10262918,148212271309.4119,16469587688.53857,7138733165.740216,58935.39562465277
46,2020,3,27,9,44,41.97,-23292108.619999997,7624538.442,10573351.221,-1888.4347699999998,-1878.37835,-2786.63852,2020-03-27 09:44:41.970,310012115.94324785,247558136.09398386,76592057.9423432,148209476523.8716,16494106942.757027,7149362859.781528,58935.40604131943
46,2020,3,27,9,59,41.97,-24789487.732,5874154.334,7982836.121,-1434.41173,-2005.8481100000001,-2961.89795,2020-03-27 09:59:41.970,309438521.09326184,248146501.03405723,76898764.37912416,148206676931.85452,16518625649.21801,7159992318.246125,58935.4164579861
46,2020,3,27,10,14,41.97,-25866819.503,4024229.867,5257024.25,-956.30046,-2099.27628,-3086.88691,2020-03-27 10:14:41.970,308863415.45274395,248733631.86878204,77205088.82556108,148203872533.52536,16543143807.09648,7170621540.773518,58935.42687465277
46,2020,3,27,10,29,41.97,-26505996.915,2106135.8770000003,2442144.651,-462.09218000000004,-2157.12751,-3159.5542600000003,2020-03-27 10:29:41.970,308286801.61135036,249319525.48157442,77511029.69542038,148201063329.0489,16567661415.567501,7181250527.0032425,58935.43729131943
46,2020,3,27,10,44,41.97,-26696228.494,152367.11800000002,-414107.118,39.96818,-2178.44256,-3178.69614,2020-03-27 10:44:41.970,307708682.1659888,249904178.76028702,77816585.4036512,148198249318.58994,16592178473.806234,7191879276.574845,58935.4477079861
46,2020,3,27,10,59,41.97,-26434210.737,-1803983.254,-3263340.415,541.5066400000001,-2162.85261,-3143.97381,2020-03-27 10:59:41.970,307129059.72081447,250487588.59722048,78121754.36639073,148195430502.3141,16616694980.987904,7202507789.127926,58935.45812465277
46,2020,3,27,11,14,41.97,-25724187.116,-3729758.534,-6057251.889,1034.14735,-2110.58571,-3055.92012,2020-03-27 11:14:41.970,306547936.88722533,251069751.8891354,78426535.00097013,148192606880.38657,16641210936.287819,7213136064.3020935,58935.46854131943
46,2020,3,27,11,29,41.97,-24577892.453,-5592275.658,-8748408.536,1509.63997,-2022.46546,-2915.93451,2020-03-27 11:29:41.970,305965316.2838559,251650665.53726277,78730925.72591904,148189778452.97336,16665726338.881397,7223764101.736993,58935.4789579861
46,2020,3,27,11,44,41.97,-23014382.661,-7359857.601,-11291021.015,1959.98689,-1899.90167,-2726.26636,2020-03-27 11:44:41.970,305381200.53657323,252230326.4473168,79034924.96097207,148186945220.24045,16690241187.944122,7234391901.072302,58935.48937465277
46,2020,3,27,11,59,41.97,-21059750.624,-9002353.723,-13641696.654,2377.56861,-1744.8729,-2489.98651,2020-03-27 11:59:41.970,304795592.27847195,252808731.52950525,79338531.1270735,148184107182.35394,16714755482.651562,7245019461.947712,58935.49979131943
46,2020,3,27,12,14,41.97,-18746730.652999997,-10491640.74,-15760161.495000001,2755.2659799999997,-1559.9008700000002,-2210.94686,2020-03-27 12:14:41.970,304208494.1498689,253385877.69854182,79641742.64638293,148181264339.48035,16739269222.179394,7255646784.00296,58935.5102079861
46,2020,3,27,12,29,41.97,-16114194.831999999,-11802096.895000001,-17609940.606,3086.5778,-1348.0164699999998,-1893.7280700000001,2020-03-27 12:29:41.970,303619908.7982982,253961761.8736568,79944557.9422807,148178416691.7865,16763782405.703346,7266273866.877799,58935.52062465277
46,2020,3,27,12,44,41.97,-13206546.141,-12911041.881,-19158985.925,3365.7323300000003,-1112.71764,-1543.57528,2020-03-27 12:44:41.970,303029838.8785055,254536380.9786095,80246975.43937348,148175564239.43936,16788295032.399271,7276900710.212017,58935.53104131943
46,2020,3,27,12,59,41.97,-10073014.815000001,-13799135.127,-20380240.977,3587.7905299999998,-857.91904,-1166.32214,2020-03-27 12:59:41.970,302438287.0524451,255109731.9416987,80548993.56349945,148172706982.60593,16812807101.44309,7287527313.6454315,58935.5414579861
46,2020,3,27,13,14,41.97,-6766866.064,-14450725.208,-21252132.093,3748.73944,-587.89375,-768.30354,2020-03-27 13:14:41.970,301845255.98927253,255681811.69577494,80850610.74173397,148169844921.45386,16837318612.010805,7298153676.8178835,58935.55187465277
46,2020,3,27,13,29,41.97,-3344529.0530000003,-14854143.400999999,-21758976.186,3845.57345,-307.20757,-356.2576,2020-03-27 13:29:41.970,301250748.36534077,256252617.17825195,81151825.40239476,148166978056.15082,16861829563.278515,7308779799.369246,58935.56229131943
46,2020,3,27,13,44,41.97,135341.08000000002,-15001934.866,-21891295.831,3876.36147,-20.646230000000003,62.782160000000005,2020-03-27 13:44:41.970,300654766.86419487,256822145.33111736,81452635.97504744,148164106386.86465,16886339954.42241,7319405680.939421,58935.5727079861
46,2020,3,27,13,59,41.97,3612854.503,-14891021.534,-21646033.335,3840.29785,266.86345,481.60323999999997,2020-03-27 13:59:41.970,300057314.1765673,257390393.10094565,81753040.89051126,148161229913.76355,16910849784.618748,7330031321.168338,58935.58312465277
46,2020,3,27,14,14,41.97,7027915.737000001,-14522791.622000001,-21026656.762,3737.7350800000004,550.33757,892.9375200000001,2020-03-27 14:14:41.970,299458393.0003723,257957357.43890777,82053038.58086406,148158348637.0159,16935359053.043898,7340656719.69596,58935.59354131943
46,2020,3,27,14,29,41.97,10321273.227,-13903111.755,-20043152.444,3570.19639,824.82288,1289.58978,2020-03-27 14:29:41.970,298858006.04070127,258523035.30078447,82352627.47944814,148155462556.7905,16959867758.874308,7351281876.162274,58935.6039579861
46,2020,3,27,14,44,41.97,13435570.617999999,-13042258.97,-18711900.46,3340.36674,1085.4868,1664.56888,2020-03-27 14:44:41.970,298256156.00981724,259087423.64697647,82651806.02087533,148152571673.2561,16984375901.286507,7361906790.207298,58935.61437465277
46,2020,3,27,14,59,41.97,16316379.788,-11954771.385,-17055431.779,3052.06112,1327.70784,2011.2190499999997,2020-03-27 14:59:41.970,297652845.6271504,259650519.44251692,82950572.64103268,148149675986.58185,17008883479.45712,7372531461.47108,58935.62479131943
46,2020,3,27,15,14,41.97,18913194.819000002,-10659218.048999999,-15102068.324,2710.16944,1547.16443,2323.34827,2020-03-27 15:14:41.970,297048077.61929274,260212319.65708217,83248925.77708788,148146775496.9371,17033390492.562868,7383155889.5937,58935.6352079861
46,2020,3,27,15,29,41.97,21180365.949,-9177890.366,-12885449.949,2320.5782799999997,1739.9199999999998,2595.3506599999996,2020-03-27 15:29:41.970,296441854.7199927,260772821.2650035,83546863.86749458,148143870204.49146,17057896939.78054,7393780074.215257,58935.64562465277
46,2020,3,27,15,44,41.97,23077952.837,-7536419.439,-10443955.195,1890.07007,1902.50213,2822.31959,2020-03-27 15:44:41.970,295834179.67015094,261332021.24527884,83844385.35199796,148140960109.4149,17082402820.287027,7404404014.975894,58935.65604131943
46,2020,3,27,15,59,41.97,24572477.608000003,-5763325.728,-7820025.596000001,1426.2015,2031.9734899999999,3000.14841,2020-03-27 15:59:41.970,295225055.2178137,261889916.58158416,84141488.67164025,148138045211.87735,17106908133.25931,7415027711.515776,58935.6664579861
46,2020,3,27,16,14,41.97,25637559.85,-3889509.2909999997,-5059406.068999999,937.16329,2125.99258,3125.6157,2020-03-27 16:14:41.970,294614484.1181694,262446504.26228476,84438172.26876588,148135125512.0493,17131412877.874453,7425651163.475095,58935.67687465277
46,2020,3,27,16,29,41.97,26254418.255,-1947690.679,-2210316.466,431.62457,2182.86238,3196.45263,2020-03-27 16:29:41.970,294002469.1335425,263001781.2804472,84734434.58702734,148132201010.10107,17155917053.309612,7436274370.4940815,58935.68729131943
46,2020,3,27,16,44,41.97,26412226.62,28185.94,677428.543,-81.43443,2201.5654,3211.39009,2020-03-27 16:44:41.970,293389013.0333886,263555744.63385046,85030274.07139026,148129271706.20377,17180420658.742043,7446897332.212983,58935.6977079861
46,2020,3,27,16,59,41.97,26108315.582,2003574.695,3553332.412,-592.89714,2181.7841599999997,3170.18433,2020-03-27 16:59:41.970,292774118.59428996,264108391.32499772,85325689.16813916,148126337600.52823,17204923693.349056,7457520048.27209,58935.70812465277
46,2020,3,27,17,14,41.97,25348215.399,3943961.4790000003,6367142.708000001,-1093.6883500000001,2123.9063100000003,3073.62023,2020-03-27 17:14:41.970,292157788.59994894,264659718.3611276,85620678.32488276,148123398693.24588,17229426156.308105,7468142518.311714,58935.71854131943
46,2020,3,27,17,29,41.97,24145539.252,5815495.157000001,9069769.956,-1574.9501500000001,2029.01452,2923.49227,2020-03-27 17:29:41.970,291540025.8411844,265209722.7542258,85915239.9905594,148120454984.5281,17253928046.796684,7478764741.972206,58935.7289579861
46,2020,3,27,17,44,41.97,22521710.718,7585602.922,11614179.563,-2028.21156,1898.86149,2722.56388,2020-03-27 17:44:41.970,290920833.1159255,265758401.52103698,86209372.61544265,148117506474.54675,17278429363.9924,7489386718.893937,58935.73937465277
46,2020,3,27,17,59,41.97,20505542.975,9223576.781,13956238.015999999,-2445.54765,1735.83096,2474.50678,2020-03-27 17:59:41.970,290300213.2292071,266305751.68307537,86503074.65114665,148114553163.47394,17302930107.07296,7500008448.717315,58935.74979131943
46,2020,3,27,18,14,41.97,18132680.93,10701119.228,16055496.164,-2819.7245199999998,1542.88628,2183.82223,2020-03-27 18:14:41.970,289678168.99316484,266851770.26663765,86796344.55063158,148111595051.48178,17327430275.216137,7510629931.08277,58935.7602079861
46,2020,3,27,18,29,41.97,15444920.481999999,11992837.539,17875894.496,-3144.32691,1323.50798,1855.7468900000001,2020-03-27 18:29:41.970,289054703.22702914,267396454.3028132,87089180.76820941,148108632138.7427,17351929867.599804,7521251165.630778,58935.77062465277
46,2020,3,27,18,44,41.97,12489421.582,13076677.752,19386377.785,-3413.86623,1081.6224699999998,1496.1460499999998,2020-03-27 18:44:41.970,288429818.7571208,267939800.82749626,87381581.7595487,148105664425.42966,17376428883.401947,7531872152.001827,58935.78104131943
46,2020,3,27,18,59,41.97,9317833.52,13934291.219999999,20561409.142,-3623.86741,821.52389,1111.3974,2020-03-27 18:59:41.970,287803518.4168451,268481806.8813975,87673545.98168087,148102691911.71536,17400927321.800606,7542492889.836446,58935.7914579861
46,2020,3,27,19,14,41.97,5985351.939,14551328.52,21381376.336000003,-3770.93371,547.7911600000001,708.2683199999999,2020-03-27 19:14:41.970,287175805.04668826,269022469.5100555,87965071.89300515,148099714597.77316,17425425181.973923,7553113378.775197,58935.80187465277
46,2020,3,27,19,29,41.97,2549727.468,14917657.342,21832885.934,-3852.7893999999997,265.20231,293.78983,2020-03-27 19:29:41.970,286546681.4942096,269561785.76384795,88256157.95329428,148096732483.77643,17449922463.10015,7563733618.458666,58935.81229131943
46,2020,3,27,19,44,41.97,-929754.263,15027502.781,21908943.435000002,-3868.30084,-21.35196,-124.87028,2020-03-27 19:44:41.970,285916150.61403865,270099752.6980037,88546802.62369981,148093745569.89886,17474419164.357613,7574353608.527474,58935.8227079861
46,2020,3,27,19,59,41.97,-4393302.162,14879510.078,21609019.930999998,-3817.47684,-306.9539,-540.53239,2020-03-27 19:59:41.970,285284215.2678694,270636367.3726139,88837004.36675783,148090753856.3144,17498915284.924736,7584973348.622271,58935.83312465277
46,2020,3,27,20,14,41.97,-7781640.733,14476731.303000001,20939007.901,-3701.44966,-586.74191,-946.12612,2020-03-27 20:14:41.970,284650878.3244543,271171626.85264415,89126761.6463942,148087757343.19727,17523410823.980026,7595592838.383738,58935.84354131943
46,2020,3,27,20,29,41.97,-11037005.955,13826538.693,19911070.527,-3522.43836,-855.9901199999999,-1334.8056100000001,2020-03-27 20:29:41.970,284016142.6596,271705528.20794547,89416072.92793025,148084756030.72168,17547905780.7021,7606212077.452584,58935.8539579861
46,2020,3,27,20,44,41.97,-14104100.803,12940468.4,18543390.357,-3283.6960799999997,-1110.1833100000001,-1700.05771,2020-03-27 20:44:41.970,283380011.15616196,272238068.51326567,89704936.6780881,148081749919.06244,17572400154.26964,7616831065.469558,58935.86437465277
46,2020,3,27,20,59,41.97,-16930996.797,11833999.203,16859824.312,-2989.4431,-1345.0864,-2035.80175,2020-03-27 20:59:41.970,282742486.7040385,272769244.8482621,89993351.36499621,148078739008.39438,17596893943.861465,7627449802.075434,58935.87479131943
46,2020,3,27,21,14,41.97,-19469969.603,10526271.375,14889472.914,-2644.78749,-1556.80786,-2336.48027,2020-03-27 21:14:41.970,282103572.20016646,273299054.2975116,90281315.45819487,148075723298.8926,17621387148.656425,7638068286.911016,58935.8852079861
46,2020,3,27,21,29,41.97,-21678258.232,9039751.378,12666172.253999999,-2255.63502,-1741.8566099999998,-2597.13989,2020-03-27 21:29:41.970,281463270.5485157,273827493.9505235,90568827.42864174,148072702790.73242,17645879767.833508,7648686519.617143,58935.89562465277
46,2020,3,27,21,44,41.97,-23518738.887,7399848.401000001,10227917.719999999,-1828.58978,-1897.19209,-2813.50202,2020-03-27 21:44:41.970,280821584.6600837,274354560.90175027,90855885.74871735,148069677484.0895,17670371800.571774,7659304499.834679,58935.90604131943
46,2020,3,27,21,59,41.97,-24960505.841,5634489.009,7616228.812,-1370.8471900000002,-2020.2672599999999,-2982.0230300000003,2020-03-27 21:59:41.970,280178517.45289105,274880252.2505995,91142488.89223042,148066647379.13968,17694863246.05039,7669922227.204526,58935.9164579861
46,2020,3,27,22,14,41.97,-25979353.042999998,3773656.35,4875464.622,-890.08064,-2109.06432,-3099.94367,2020-03-27 22:14:41.970,279534071.85197425,275404565.10144544,91428635.33442374,148063612476.05887,17719354103.44861,7680539701.367624,58935.92687465277
46,2020,3,27,22,29,41.97,-26558151.263,1848900.514,2052099.725,-394.3229,-2162.1230800000003,-3165.32763,2020-03-27 22:29:41.970,278888250.78938335,275927496.56364065,91714323.55197918,148060572775.02353,17743844371.945766,7691156921.964927,58935.93729131943
46,2020,3,27,22,44,41.97,-26687116.68,-107173.26,-806029.635,108.15634,-2178.5618000000004,-3177.08894,2020-03-27 22:44:41.970,278241057.2041742,276449043.7515274,91999552.02302356,148057528276.21014,17768334050.721325,7701773888.637435,58935.9477079861
46,2020,3,27,22,59,41.97,-26363968.011,-2061431.7249999999,-3650499.048,608.97554,-2158.09044,-3135.00829,2020-03-27 22:59:41.970,277592494.0424046,276969203.78444976,92284319.22713412,148054478979.79553,17792823138.954796,7712390601.026169,58935.95812465277
46,2020,3,27,23,14,41.97,-25593969.992,-3980749.191,-6433078.976,1099.76855,-2101.01608,-3039.73791,2020-03-27 23:14:41.970,276942564.2571283,277487973.7867642,92568623.64534384,148051424885.95663,17817311635.82582,7723007058.772194,58935.96854131943
46,2020,3,27,23,29,41.97,-24389862.193,-5832544.490999999,-9106517.044,1572.31199,-2008.24063,-2892.79498,2020-03-27 23:29:41.970,276291270.80839056,278005350.88785213,92852463.76014714,148048365994.87076,17841799540.514107,7733623261.516601,58935.9789579861
46,2020,3,27,23,44,41.97,-22771673.262000002,-7585312.203000001,-11625309.146,2018.6524000000002,-1881.25033,-2696.5433399999997,2020-03-27 23:44:41.970,275638616.6632219,278521332.2221315,93135838.05550534,148045302306.71536,17866286852.19947,7744239208.900507,58935.98937465277
46,2020,3,27,23,59,41.97,-20766421.551,-9209140.857,-13946448.805,2431.23112,-1722.09728,-2454.16341,2020-03-27 23:59:41.970,274984604.80782515,279035914.9194979,93418745.01158814,148042233821.66843,17890773570.061703,7754854900.565005,58935.99979131943
46,2020,3,28,0,14,41.97,-18407706.687999997,-10676208.747000001,-16030141.120000001,2803.00589,-1533.3729899999998,-2169.61058,2020-03-28 00:14:41.970,274329238.1988279,279549096.1436421,93701183.12584406,148039160539.90762,17915259693.28105,7765470336.151416,58936.0102079861
46,2020,3,28,0,29,41.97,-15735183.913,-11961262.509,-17840488.711999997,3127.56846,-1318.17235,-1847.5597699999998,2020-03-28 00:29:41.970,273672519.836353,280060873.03456503,93983150.88139552,148036082461.6111,17939745221.037495,7776085515.300889,58936.02062465277
46,2020,3,28,0,44,41.97,-12793955.095999999,-13042038.920000002,-19346092.743,3399.25383,-1080.05185,-1493.34171,2020-03-28 00:44:41.970,273014452.7153207,280571242.7469451,94264646.76812659,148032999586.9575,17964230152.511215,7786700437.654677,58936.03104131943
46,2020,3,28,0,59,41.97,-9633845.195,-13899666.088,-20520620.993,3613.2432599999997,-822.97722,-1112.8639899999998,2020-03-28 00:59:41.970,272355039.8376112,281080202.44055563,94545669.27741602,148029911916.12543,17988714486.882504,7797315102.854066,58936.0414579861
46,2020,3,28,1,14,41.97,-6308600.485,-14519003.617,-21343284.944,3765.6558,-551.26441,-712.52266,2020-03-28 01:14:41.970,271694284.2120577,281587749.28027654,94826216.90214252,148026819449.29376,18013198223.33174,7807929510.540372,58936.05187465277
46,2020,3,28,1,29,41.97,-2875007.7369999997,-14888928.299999999,-21799235.393,3853.62786,-269.51286000000005,-299.10274,2020-03-28 01:29:41.970,271032188.854443,282093880.43610466,95106288.13669047,148023722186.64178,18037681361.039406,7818543660.354945,58936.06229131943
46,2020,3,28,1,44,41.97,608051.8369999999,-15002556.608000001,-21879864.16,3875.3782499999998,17.46817,120.33079000000001,2020-03-28 01:44:41.970,270368756.7874924,282598593.08316684,95385881.4769553,148020620128.34875,18062163899.186073,7829157551.939163,58936.0727079861
46,2020,3,28,1,59,41.97,4080599.929,-14857398.144000001,-21583003.737999998,3830.25679,304.73916,538.5504800000001,2020-03-28 01:59:41.970,269703991.04086965,283101884.4017304,95664995.42034927,148017513274.59448,18086645836.9524,7839771184.934445,58936.08312465277
46,2020,3,28,2,14,41.97,7482594.028000001,-14455435.113,-20913018.046,3718.77434,587.31493,948.2906800000001,2020-03-28 02:14:41.970,269037894.6511705,283603751.5772156,95943628.46580681,148014401625.5586,18111127173.519165,7850384558.982241,58936.09354131943
46,2020,3,28,2,29,41.97,10754978.342,-13803123.962,-19880779.071000002,3542.6126,860.25282,1342.37644,2020-03-28 02:29:41.970,268370470.66191846,284104191.8002072,96221779.11379011,148011285181.42126,18135607908.067215,7860997673.724022,58936.1039579861
46,2020,3,28,2,44,41.97,13840733.8,-12911316.622,-18503526.150000002,3304.61204,1118.74286,1713.85499,2020-03-28 02:44:41.970,267701722.12355903,284603202.266466,96499445.86629479,148008163942.36304,18160088039.77751,7871610528.801311,58936.11437465277
46,2020,3,28,2,59,41.97,16685906.992,-11795100.389999999,-16804606.950000003,3008.73702,1358.1980600000002,2056.1267199999998,2020-03-28 02:59:41.970,267031652.09345374,285100780.17694026,96776627.22685537,148005037908.5643,18184567567.8311,7882223123.855645,58936.12479131943
46,2020,3,28,3,14,41.97,19240597.231,-10473557.186,-14813101.745,2660.0175600000002,1574.34293,2363.07294,2020-03-28 03:14:41.970,266360263.63587585,285596922.7377782,97053321.70055075,148001907080.20587,18209046491.409138,7892835458.528611,58936.1352079861
46,2020,3,28,3,29,41.97,21459880.726,-8969444.85,-12563335.395,2264.46796,1763.29788,2629.17722,2020-03-28 03:29:41.970,265687559.82200417,286091627.16033834,97329527.79401001,147998771457.46884,18233524809.692856,7903447532.461819,58936.14562465277
46,2020,3,28,3,44,41.97,23304651.371,-7308805.088,-10094284.268,1828.98303,1921.65739,2849.63693,2020-03-28 03:44:41.970,265013543.72991788,286584890.6612032,97605244.01541768,147995631040.5345,18258002521.86361,7914059345.296918,58936.15604131943
46,2020,3,28,3,59,41.97,24742358.754,-5520504.731,-7448888.287,1361.21386,2046.55976,3020.46202,2020-03-28 03:59:41.970,264338218.4445915,287076710.4621891,97880468.8745196,147992485829.58432,18282479627.102825,7924670896.675583,58936.1664579861
46,2020,3,28,4,14,41.97,25747625.919,-3635718.8030000003,-4673280.986,869.4252799999999,2135.74625,3138.55801,2020-03-28 04:14:41.970,263661587.05788878,287567083.7903584,98155200.88262834,147989335824.8,18306956124.59204,7935282186.239531,58936.17687465277
46,2020,3,28,4,29,41.97,26302731.902,-1687365.718,-1815952.966,362.33847000000003,2187.60811,3201.79059,2020-03-28 04:29:41.970,262983652.66855815,288056007.878032,98429438.55262876,147986181026.36377,18331432013.5129,7945893213.630505,58936.18729131943
46,2020,3,28,4,44,41.97,26397947.26,290493.672,1073133.819,-151.03761,2201.2196799999997,3209.02998,2020-03-28 04:44:41.970,262304418.3822268,288543479.96280074,98703180.39898357,147983021434.45773,18355907293.047108,7956503978.490284,58936.1977079861
46,2020,3,28,4,59,41.97,26031714.471,2263280.3170000003,3943461.945,-661.5816599999999,2176.35685,3160.17351,2020-03-28 04:59:41.970,261623887.31139526,289029497.2875364,98976424.93773924,147979857049.26434,18380381962.376503,7967114480.460686,58936.20812465277
46,2020,3,28,5,14,41.97,25210669.073000003,4196530.924,6744884.693,-1160.23775,2113.50023,3056.1458,2020-03-28 05:14:41.970,260942062.5754322,289514057.1004043,99249170.68653102,147976687870.9663,18404856020.683014,7977724719.183556,58936.21854131943
46,2020,3,28,5,29,41.97,23949501.59,6056527.850000001,9428542.347000001,-1638.19063,2013.8229299999998,2898.87675,2020-03-28 05:29:41.970,260258947.3005691,289997156.6548747,99521416.16458908,147973513899.74652,18429329467.148632,7988334694.300777,58936.2289579861
46,2020,3,28,5,44,41.97,22270664.422999997,7810911.364,11947748.946,-2087.03419,1879.1637400000002,2691.25806,2020-03-28 05:44:41.970,259574544.6198944,290478793.20973426,99793159.89274384,147970335135.7883,18453802300.955536,7998944405.454263,58936.23937465277
46,2020,3,28,5,59,41.97,20203931.807,9429261.407,14258830.851,-2498.92893,1711.9864,2437.07999,2020-03-28 05:59:41.970,258888857.67334828,290958964.02909875,100064400.39343151,147967151579.2748,18478274521.2859,8009553852.285961,58936.24979131943
46,2020,3,28,6,14,41.97,17785824.424999997,10883637.049,16321900.224000001,-2866.7446499999996,1515.32657,2140.95033,2020-03-28 06:14:41.970,258201889.60771734,291437666.3824239,100335136.19069993,147963963230.38998,18502746127.322063,8020163034.437858,58936.2602079861
46,2020,3,28,6,29,41.97,15058913.281,12149063.295,18101548.621999998,-3184.18564,1292.7281600000001,1808.19839,2020-03-28 06:29:41.970,257513643.57662904,291914897.5445176,100605365.81021401,147960770089.31754,18527217118.24642,8030771951.551968,58936.27062465277
46,2020,3,28,6,44,41.97,12071019.763,13203956.526,19567448.441,-3445.89588,1048.17097,1444.76672,2020-03-28 06:44:41.970,256824122.74054638,292390654.7955518,100875087.77926132,147957572156.24164,18551687493.241497,8041380603.270347,58936.28104131943
46,2020,3,28,6,59,41.97,8874330.51,14030481.722000001,20694852.632999998,-3647.543,785.9918299999999,1057.09385,2020-03-28 06:59:41.970,256133330.266762,292864935.42107344,101144300.62675789,147954369431.34668,18576157251.48991,8051988989.235073,58936.2914579861
46,2020,3,28,7,14,41.97,5524446.661,14614836.476,21464985.895000003,-3785.8800499999998,510.80111999999997,651.9909200000001,2020-03-28 07:14:41.970,255441269.32939342,293337736.7120179,101413002.88325381,147951161914.81717,18600626392.17435,8062597109.088275,58936.30187465277
46,2020,3,28,7,29,41.97,2079387.4270000001,14947458.68,21865323.287,-3858.78528,227.39692,236.51530000000002,2020-03-28 07:29:41.970,254747943.10937694,293809055.9647192,101681193.08093844,147947949606.83795,18625094914.477646,8073204962.472104,58936.31229131943
46,2020,3,28,7,44,41.97,-1401432.348,15023156.524,21889754.751000002,-3865.28031,-59.32145,-182.15609999999998,2020-03-28 07:44:41.970,254053354.79446247,294278890.48092294,101948869.75364667,147944732507.5941,18649562817.582703,8083812549.028748,58936.3227079861
46,2020,3,28,7,59,41.97,-4858231.6620000005,14841161.048,21538636.383,-3805.52781,-344.4388,-596.8514299999999,2020-03-28 07:59:41.970,253357507.57920802,294747237.56779754,102216031.43686414,147941510617.27097,18674030100.67253,8094419868.400435,58936.33312465277
46,2020,3,28,8,14,41.97,-8231881.995,14405102.929000001,20818731.324,-3680.81,-623.10688,-1000.5242800000001,2020-03-28 08:14:41.970,252660404.66497383,295214094.537946,102482676.66773303,147938283936.05392,18698496762.93023,8105026920.22942,58936.34354131943
46,2020,3,28,8,29,41.97,-11464898.621,13722916.356,19743044.876,-3493.48965,-890.62337,-1386.36808,2020-03-28 08:29:41.970,251962049.25991762,295679458.70941794,102748803.98505768,147935052464.12888,18722962803.539024,8115633704.157996,58936.3539579861
46,2020,3,28,8,44,41.97,-14502389.595,12806673.866999999,18330559.847,-3246.9553699999997,-1142.50618,-1747.92321,2020-03-28 08:44:41.970,251262444.57898843,296143327.40572226,103014411.92931028,147931816201.68185,18747428221.682213,8126240219.828496,58936.36437465277
46,2020,3,28,8,59,41.97,-17292949.036999997,11672356.814000001,16605879.276,-2945.55285,-1374.56212,-2079.1756,2020-03-28 08:59:41.970,250561593.84392118,296605697.95583737,103279499.04263636,147928575148.89902,18771893016.54321,8136846466.88328,58936.37479131943
46,2020,3,28,9,14,41.97,-19789482.949,10339566.698,14598784.496,-2594.50394,-1582.9495,-2374.6460800000004,2020-03-28 09:14:41.970,249859500.28323174,297066567.6942241,103544063.86886084,147925329305.96677,18796357187.30552,8147452444.9647455,58936.3852079861
46,2020,3,28,9,29,41.97,-21949957.312999997,8831183.12,12343717.177000001,-2199.81515,-1764.23411,-2629.46992,2020-03-28 09:29:41.970,249156167.13221022,297525933.9608385,103808104.95349306,147922078673.07196,18820820733.152756,8158058153.715326,58936.39562465277
46,2020,3,28,9,44,41.97,-23738059.708,7172974.403999999,9879194.378,-1768.17722,-1915.4383699999998,-2839.4660900000003,2020-03-28 09:44:41.970,248451597.63291684,297983794.1011407,104071620.84373309,147918823250.4015,18845283653.268627,8168663592.7774935,58936.40604131943
46,2020,3,28,9,59,41.97,-25123767.040999997,5393167.163,7247166.016,-1306.8571499999998,-2034.0834,-3001.19596,2020-03-28 09:59:41.970,247745795.0341753,298440145.46611077,104334610.08847699,147915563038.1425,18869745946.83695,8179268761.793749,58936.4164579861
46,2020,3,28,10,14,41.97,-26083813.219,3521981.31,4492324.326,-823.58401,-2118.22372,-3112.01119,2020-03-28 10:14:41.970,247038762.59156775,298894985.4122573,104597071.23832278,147912298036.48242,18894207613.041622,8189873660.406632,58936.42687465277
46,2020,3,28,10,29,41.97,-26602051.759999998,1591137.092,1661375.1030000001,-326.42988,-2166.47466,-3170.09079,2020-03-28 10:29:41.970,246330503.5674291,299348311.3016317,104859002.84557575,147909028245.6088,18918668651.066677,8200478288.258718,58936.43729131943
46,2020,3,28,10,44,41.97,-26669709.372,-366659.11699999997,-1197719.391,176.31316,-2178.03218,-3174.467,2020-03-28 10:44:41.970,245621021.2308413,299800120.5018382,105120403.46425468,147905753665.70975,18943129060.096226,8211082644.992615,58936.4477079861
46,2020,3,28,10,59,41.97,-26285527.765,-2318243.474,-4036515.812,676.25831,-2152.6851100000003,-3125.04001,2020-03-28 10:59:41.970,244910318.8576281,300250410.38604707,105381271.6500969,147902474296.9731,18967588839.31447,8221686730.250969,58936.45812465277
46,2020,3,28,11,14,41.97,-25455791.598,-4230530.825,-6806873.252,1165.05151,-2090.8195699999997,-3022.58131,2020-03-28 11:14:41.970,244198399.7303492,300699178.33300656,105641605.96056458,147899190139.58734,18992047987.905735,8232290543.676463,58936.46854131943
46,2020,3,28,11,29,41.97,-24194241.727,-6071051.3149999995,-9461734.575000001,1634.4986999999999,-1993.41554,-2868.7254599999997,2020-03-28 11:29:41.970,243485267.1382948,301146421.72705394,105901404.95485002,147895901193.74112,19016506505.054443,8242894084.911819,58936.4789579861
46,2020,3,28,11,44,41.97,-22521873.966,-7808480.318,-11955895.135,2076.6928500000004,-1862.03539,-2665.95023,2020-03-28 11:44:41.970,242770924.3774797,301592137.9581283,106160667.1938816,147892607459.62314,19040964389.94513,8253497353.599779,58936.48937465277
46,2020,3,28,11,59,41.97,-20466624.489,-9413154.377999999,-14246748.268,2484.13845,-1698.80431,-2417.5448899999997,2020-03-28 11:59:41.970,242055374.75063813,302036324.4217827,106419391.2403293,147889308937.42252,19065421641.762398,8264100349.383137,58936.49979131943
46,2020,3,28,12,14,41.97,-18062944.662,-10857565.847,-16294996.902,2849.87266,-1506.38246,-2127.5665400000003,2020-03-28 12:14:41.970,241338621.56721798,302478978.51919466,106677575.65861055,147886005627.32846,19089878259.69098,8274703071.904717,58936.5102079861
46,2020,3,28,12,29,41.97,-15351268.909,-12116828.747,-18065320.485,3167.58147,-1287.9289199999998,-1800.7845300000001,2020-03-28 12:29:41.970,240620668.1433749,302920097.65718055,106935219.01489611,147882697529.5305,19114334242.915703,8285305520.807381,58936.52062465277
46,2020,3,28,12,44,41.97,-12377380.973,-13169108.441,-19526986.536000002,3431.70909,-1047.05729,-1442.6129999999998,2020-03-28 12:44:41.970,239901517.80196708,303359679.2482056,107192319.87711535,147879384644.21848,19138789590.62151,8295907695.73403,58936.53104131943
46,2020,3,28,12,59,41.97,-9191685.438000001,-13996007.731,-20654396.211,3637.55876,-787.78331,-1059.03176,2020-03-28 12:59:41.970,239181173.8725494,303797720.71039647,107448876.81496236,147876066971.58237,19163244301.993427,8306509596.327588,58936.5414579861
46,2020,3,28,13,14,41.97,-5848393.107,-14582902.209,-21427553.601,3781.38304,-514.4645399999999,-656.4960199999999,2020-03-28 13:14:41.970,238459639.6913677,304234219.4675538,107704888.39990166,147872744511.81223,19187698376.216606,8317111222.231032,58936.55187465277
46,2020,3,28,13,29,41.97,-2404630.628,-14919217.972000001,-21832449.001000002,3860.4615,-231.73268,-241.83562,2020-03-28 13:29:41.970,237736918.60135332,304669172.949164,107960353.20517379,147869417265.09863,19212151812.476265,8327712573.087366,58936.56229131943
46,2020,3,28,13,44,41.97,1080513.324,-14998645.313000001,-21861347.091,3873.16367,55.580909999999996,177.85530999999997,2020-03-28 13:44:41.970,237013013.9521172,305102578.5904107,108215269.8058012,147866085231.63226,19236604609.957764,8338313648.539633,58936.5727079861
46,2020,3,28,13,59,41.97,4546991.154999999,-14819282.682,-21512972.064000003,3818.99528,342.52552000000003,595.33678,2020-03-28 13:59:41.970,236287929.09994468,305534433.8321879,108469636.77859388,147862748411.6041,19261056767.846565,8348914448.23091,58936.58312465277
46,2020,3,28,14,14,41.97,7934832.73,-14383706.07,-20792583.039,3698.62565,624.11628,1003.348,2020-03-28 14:14:41.970,235561667.40778914,305964736.1211113,108723452.70215541,147859406805.20514,19285508285.328175,8359514971.804315,58936.59354131943
46,2020,3,28,14,29,41.97,11185197.314,-13698960.133000001,-19711934.785,3513.89458,895.4226699999999,1394.7368099999999,2020-03-28 14:29:41.970,234834232.2452669,306393482.9095302,108976716.15688813,147856060412.62683,19309959161.588295,8370115218.903,58936.6039579861
46,2020,3,28,14,44,41.97,14241421.919,-12776468.686,-18289120.835,3267.7973100000004,1151.6588299999999,1762.59116,2020-03-28 14:44:41.970,234105626.9886512,306820671.6555405,109229425.72499971,147852709234.06085,19334409395.812656,8380715189.170148,58936.61437465277
46,2020,3,28,14,59,41.97,17050045.813,-11631863.824000001,-16548298.341000002,2964.44645,1388.27382,2100.36998,2020-03-28 14:59:41.970,233375855.02086648,307246299.82299596,109481579.99050823,147849353269.699,19358858987.187145,8391314882.24899,58936.62479131943
46,2020,3,28,15,14,41.97,19561790.297,-10284734.641999999,-14519296.67,2609.01061,1601.03963,2402.03012,2020-03-28 15:14:41.970,232644919.73148295,307670364.8815212,109733177.53924851,147845992519.73337,19383307934.897713,8401914297.782794,58936.6352079861
46,2020,3,28,15,29,41.97,21732472.77,-8758298.478999998,-12237114.512,2207.62988,1786.1349799999998,2662.14662,2020-03-28 15:29:41.970,231912824.51671052,308092864.3065223,109984216.95887746,147842626984.35626,19407756238.130436,8412513435.414851,58936.64562465277
46,2020,3,28,15,44,41.97,23523834.69,-7078999.586,-9741313.162,1767.3092,1940.22243,2876.02265,2020-03-28 15:44:41.970,231179572.7793933,308513795.5792008,110234696.83888015,147839256663.76028,19432203896.0715,8423112294.7885,58936.65604131943
46,2020,3,28,15,59,41.97,24904264.27,-5276042.109,-7075316.535,1295.79148,2060.5169,3039.7862999999998,2020-03-28 15:59:41.970,230445167.92900386,308933156.18656474,110484615.77057552,147835881558.1381,19456650907.907185,8433710875.547116,58936.6664579861
46,2020,3,28,16,14,41.97,25849396.713999998,-3380866.1689999998,-4285631.159,801.4128099999999,2144.84326,3150.47117,2020-03-28 16:14:41.970,229709613.38163725,309350943.6214412,110733972.34712233,147832501667.6828,19481097272.82388,8444309177.334115,58936.67687465277
46,2020,3,28,16,29,41.97,26342577.453,-1426577.5369999998,-1421001.85,292.94338,2191.68158,3206.07836,2020-03-28 16:29:41.970,228972912.56000546,309767155.38248795,110982765.1635247,147829116992.58768,19505542990.00808,8454907199.79294,58936.68729131943
46,2020,3,28,16,44,41.97,26375177.034,552657.1719999999,1468479.2580000001,-220.58232999999998,2200.19838,3205.61783,2020-03-28 16:44:41.970,228235068.89343175,310181788.9742066,111230992.81663826,147825727533.04614,19529988058.646366,8465504942.5670805,58936.6977079861
46,2020,3,28,16,59,41.97,25946750.107,2522236.8299999996,4332291.171,-730.0415399999999,2170.263,3149.1279900000004,2020-03-28 16:59:41.970,227496085.81784436,310594841.90695417,111478653.90517569,147822333289.2519,19554432477.92547,8476102405.300058,58936.70812465277
46,2020,3,28,17,14,41.97,25065034.901,4447760.004,7120410.017999999,-1226.40079,2102.44878,3037.67283,2020-03-28 17:14:41.970,226755966.77577135,311006311.6969552,111725747.0297127,147818934261.39896,19578876247.032185,8486699587.635436,58936.71854131943
46,2020,3,28,17,29,41.97,23745793.843,6295653.29,9784222.449000001,-1700.8906100000002,1998.0188400000002,2873.31685,2020-03-28 17:29:41.970,226014715.21633443,311416195.8663149,111972270.79269399,147815530449.6813,19603319365.153416,8497296489.216808,58936.7289579861
46,2020,3,28,17,44,41.97,22012500.013,8033780.255,12277406.838000001,-2145.1726999999996,1858.8973600000002,2659.0788700000003,2020-03-28 17:44:41.970,225272334.59524325,311824491.94302964,112218223.79843879,147812121854.2937,19627761831.47622,8507893109.6878195,58936.73937465277
46,2020,3,28,17,59,41.97,19895878.046,9632018.244,14556763.913999999,-2551.49557,1687.6270900000002,2398.86614,2020-03-28 17:59:41.970,224528828.37478969,312231197.4610012,112463604.65314706,147808708475.43048,19652203645.18771,8518489448.692141,58936.74979131943
46,2020,3,28,18,14,41.97,17433311.515,11062791.433,16582980.135999998,-2912.83508,1487.31488,2097.3911900000003,2020-03-28 18:14:41.970,223784200.02384168,312636309.96004796,112708411.96490502,147805290313.28656,19676644805.475105,8529085505.873483,58936.7602079861
46,2020,3,28,18,29,41.97,14668131.727,12301549.982,18321309.374,-3223.01699,1261.56672,1760.07391,2020-03-28 18:29:41.970,223038453.01783797,313039826.98591703,112952644.3436914,147801867368.0572,19701085311.525764,8539681280.875599,58936.77062465277
46,2020,3,28,18,44,41.97,11648805.148,13327186.814000001,19742160.966,-3476.81938,1014.41439,1392.93192,2020-03-28 18:44:41.970,222291590.83878154,313441746.0902972,113196300.40138294,147798439639.93762,19725525162.52713,8550276773.342277,58936.78104131943
46,2020,3,28,18,59,41.97,8428038.219,14122385.412,20821584.96,-3670.05366,750.23589,1002.46222,2020-03-28 18:59:41.970,221543616.9752344,313842064.83083117,113439378.7517605,147795007129.1233,19749964357.66676,8560871982.917342,58936.7914579861
46,2020,3,28,19,14,41.97,5061819.24,14673893.890999999,21541648.116,-3799.62337,473.67152,595.51732,2020-03-28 19:14:41.970,220794534.92231143,314240780.7711269,113681878.01051496,147791569835.81027,19774402896.132324,8571466909.244662,58936.80187465277
46,2020,3,28,19,29,41.97,1608417.24,14972722.465,21890696.970000003,-3863.5609999999997,189.53787,179.17858999999999,2020-03-28 19:29:41.970,220044348.18167445,314637891.48077154,113923796.79525292,147788127760.19446,19798840777.111584,8582061551.968142,58936.81229131943
46,2020,3,28,19,44,41.97,-1872642.545,15014263.161999999,21863506.772,-3861.04331,-97.25860999999999,-239.37026,2020-03-28 19:44:41.970,219293060.26152647,315033394.5353426,114165133.72550291,147784680902.47208,19823277999.792423,8592655910.73172,58936.8227079861
46,2020,3,28,19,59,41.97,-5321607.758,14798332.246,21461317.446000002,-3792.38635,-381.80674,-652.9673799999999,2020-03-28 19:59:41.970,218540674.67660567,315427287.5164204,114405887.42272097,147781229262.83954,19847714563.362816,8603249985.179375,58936.83312465277
46,2020,3,28,20,14,41.97,-8679514.853999998,14329137.165000001,20691759.675,-3659.0215200000002,-659.27296,-1054.5924200000002,2020-03-28 20:14:41.970,217787194.9481796,315819568.01160103,114646056.5102968,147777772841.49377,19872150467.01087,8613843774.955133,58936.84354131943
46,2020,3,28,20,29,41.97,-11889175.577,13615171.048,19568675.941,-3463.45428,-924.97977,-1437.4800500000001,2020-03-28 20:29:41.970,217032624.60403943,316210233.61450887,114885639.61355959,147774311638.63168,19896585709.924778,8624437279.703041,58936.8539579861
46,2020,3,28,20,44,41.97,-14896119.194,12669038.728,18111842.702999998,-3209.20744,-1174.47936,-1795.22596,2020-03-28 20:44:41.970,216276967.17849368,316599281.9248077,115124635.35978408,147770845654.4503,19921020291.29287,8635030499.067207,58936.86437465277
46,2020,3,28,20,59,41.97,-17649477.334,11507219.047,16346600.972000001,-2900.75065,-1403.62146,-2121.88427,2020-03-28 20:59:41.970,215520226.21236232,316986710.5482147,115363042.37819622,147767374889.14725,19945454210.30353,8645623432.691761,58936.87479131943
46,2020,3,28,21,14,41.97,-20102799.851,10149768.769,14303403.386,-2543.41788,-1608.61515,-2412.0555600000002,2020-03-28 21:14:41.970,214762405.25297096,317372517.09651184,115600859.29997937,147763899342.92004,19969887466.145317,8656216080.220873,58936.8852079861
46,2020,3,28,21,29,41.97,-22214791.677,8619973.889,12017286.456,-2143.3146500000003,-1786.08391,-2660.96502,2020-03-28 21:29:41.970,214003507.85414514,317756699.1875587,115838084.75828029,147760419015.9666,19994320058.00684,8666808441.298763,58936.89562465277
46,2020,3,28,21,44,41.97,-23949962.104,6943954.4180000005,9527277.115,-1707.21642,-1933.11387,-2864.5302899999997,2020-03-28 21:44:41.970,213243537.5762038,318139254.4453053,116074717.3882149,147756933908.48505,20018751985.076866,8677400515.569681,58936.90604131943
46,2020,3,28,21,59,41.97,-25279179.238,5150228.996,6875742.989999999,-1242.45975,-2047.29487,-3019.4186200000004,2020-03-28 21:59:41.970,212482497.9859537,318520180.49980366,116310755.82687433,147753444020.67374,20043183246.544228,8687992302.677914,58936.9164579861
46,2020,3,28,22,14,41.97,-26180123.650000002,3269245.787,4107696.01,-756.8273,-2126.75425,-3123.09334,2020-03-28 22:14:41.970,211720392.6566831,318899474.9872213,116546198.71333091,147749949352.73126,20067613841.597904,8698583802.267796,58936.92687465277
46,2020,3,28,22,29,41.97,-26637636.364,1332886.313,1270059.1690000002,-258.42822,-2170.1832,-3173.84932,2020-03-28 22:29:41.970,210957225.1681564,319277135.54985344,116781044.68864426,147746449904.8563,20092043769.42698,8709175013.9837,58936.93729131943
46,2020,3,28,22,44,41.97,-26643957.349,-626051.067,-1589093.6630000002,244.42527,-2176.85562,-3170.83731,2020-03-28 22:44:41.970,210192999.10660726,319653159.83613455,117015292.395867,147742945677.24792,20116473029.220604,8719765937.470036,58936.9477079861
46,2020,3,28,22,59,41.97,-26198851.967,-2574381.2079999996,-4421314.816,743.34348,-2146.63931,-3114.07713,2020-03-28 22:59:41.970,209427718.06473345,320027545.50065297,117248940.48005119,147739436670.10556,20140901620.168095,8730356572.37124,58936.95812465277
46,2020,3,28,23,14,41.97,-25309623.354,-4479068.795,-7178566.608,1229.98673,-2079.9993400000003,-3004.45939,2020-03-28 23:14:41.970,208661385.64169005,320400290.20416105,117481987.58825387,147735922883.6286,20165329541.45886,8740946918.331818,58936.96854131943
46,2020,3,28,23,29,41.97,-23991010.103,-6307764.484999999,-9814001.521,1696.19265,-1977.99361,-2843.73569,2020-03-28 23:29:41.970,207894005.44308367,320771391.61359006,117714432.36954339,147732404318.0167,20189756792.282383,8751536974.996292,58936.9789579861
46,2020,3,28,23,44,41.97,-22264969.569000002,-8029333.4,-12282728.319,2134.10291,-1842.26026,-2634.49714,2020-03-28 23:44:41.970,207125581.08096662,321140847.40206057,117946273.47500522,147728880973.46988,20214183371.82831,8762126742.009224,58936.98937465277
46,2020,3,28,23,59,41.97,-20160348.112,-9614368.683999998,-14542553.473,2536.28733,-1674.9970700000001,-2380.141,2020-03-28 23:59:41.970,206356116.17383075,321508655.2488969,118177509.55774836,147725352850.18835,20238609279.28636,8772716219.015226,58936.99979131943
46,2020,3,29,0,14,41.97,-17712443.161,-11035680.774,-16554684.407000002,2895.8643300000003,-1478.93275,-2084.82579,2020-03-29 00:14:41.970,205585614.346601,321874812.8396387,118408139.27291079,147721819948.37238,20263034513.846394,8783305405.658943,58937.0102079861
46,2020,3,29,0,29,41.97,-14962449.273,-12268767.127999999,-18284401.114,3206.6168,-1257.28884,-1753.41266,2020-03-29 00:29:41.970,204814079.23062986,322239317.8660538,118638161.277666,147718282268.2228,20287459074.698338,8793894301.58507,58937.02062465277
46,2020,3,29,0,44,41.97,-11956822.571,-13292223.955,-19701641.289,3463.09952,-1013.7356799999999,-1391.39837,2020-03-29 00:44:41.970,204041514.4636907,322602168.0261512,118867574.231229,147714739809.94043,20311882961.03229,8804482906.438328,58937.03104131943
46,2020,3,29,0,59,41.97,-8746532.62,-14088134.658000002,-20781548.324,3660.73936,-752.33801,-1004.83334,2020-03-29 00:59:41.970,203267923.68997222,322963361.02419335,119096376.79486223,147711192573.72632,20336306172.03841,8815071219.863483,58937.0414579861
46,2020,3,29,1,14,41.97,-5386238.720000001,-14642395.778,-21504926.239,3795.92382,-477.49387,-600.23015,2020-03-29 01:14:41.970,202493310.5600718,323322894.57070875,119324567.6318815,147707640559.78186,20360728706.906998,8825659241.505352,58937.05187465277
46,2020,3,29,1,29,41.97,-1933390.1800000002,-14944986.61,-21858610.438,3866.0768199999998,-193.866,-184.46143,2020-03-29 01:29:41.970,201717678.73098958,323680766.3825051,119552145.40766248,147704083768.30862,20385150564.828445,8836246971.008774,58937.06229131943
46,2020,3,29,1,44,41.97,1552735.052,-14990174.004,-21835742.216,3869.71958,93.6935,235.35163,2020-03-29 01:44:41.970,200941031.8661227,324036974.1826817,119779108.78964648,147700522199.50833,20409571744.993267,8846834408.018644,58937.0727079861
46,2020,3,29,1,59,41.97,5012038.99,-14776646.717,-21435939.22,3806.51435,380.22422,651.95883,2020-03-29 01:59:41.970,200163373.63525787,324391515.7006424,120005456.44734658,147696955853.583,20433992246.592094,8857421552.179892,58937.08312465277
46,2020,3,29,2,14,41.97,8384643.161,-14307574.621,-20665355.392,3677.28913,660.74312,1058.10665,2020-03-29 02:14:41.970,199384707.71456707,324744388.672108,120231187.05235398,147693384730.73508,20458412068.815636,8868008403.137484,58937.09354131943
46,2020,3,29,2,29,41.97,11611941.214,-13590589.25,-19536625.716,3484.0417,930.33343,1446.66817,2020-03-29 02:29:41.970,198605037.78659955,325095590.8391297,120456299.27834378,147689808831.16675,20482831210.85478,8878594960.53643,58937.1039579861
46,2020,3,29,2,44,41.97,14637645.241,-12637683.518,-18068693.104999997,3229.92145,1184.2350800000002,1810.7746,2020-03-29 02:44:41.970,197824367.54027674,325445119.9501005,120680791.80108133,147686228155.08093,20507249671.900455,8889181224.021786,58937.11437465277
46,2020,3,29,2,59,41.97,17408805.44,-11465030.064000001,-16286517.158,2919.1881999999996,1417.9347200000002,2143.94581,2020-03-29 02:59:41.970,197042700.67088568,325792973.7597702,120904663.29842813,147682642702.68057,20531667451.143753,8899767193.23864,58937.12479131943
46,2020,3,29,3,14,41.97,19876782.196,-10092719.492,-14220667.147,2557.1476199999997,1627.2534,2440.2165299999997,2020-03-29 03:14:41.970,196260040.88007253,326139150.0292558,121127912.45034842,147679052474.16867,20556084547.77586,8910352867.832134,58937.1352079861
46,2020,3,29,3,29,41.97,21998149.64,-8544421.645,-11906804.395,2150.06368,1808.4295399999999,2694.2554,2020-03-29 03:29:41.970,195476391.8758369,326483646.5260566,121350537.93891475,147675457469.74872,20580500960.98807,8920938247.447428,58937.14562465277
46,2020,3,29,3,44,41.97,23735510.408,-6846975.117,-9385062.120000001,1705.04909,1958.19506,2901.4732599999998,2020-03-29 03:44:41.970,194691757.37252504,326826461.02406526,121572538.44831468,147671857689.6244,20604916689.971806,8931523331.729746,58937.15604131943
46,2020,3,29,3,59,41.97,25058202.679,-5029912.129000001,-6699333.663000001,1229.93589,2073.84253,3058.11791,2020-03-29 03:59:41.970,193906141.09082383,327167591.3035813,121793912.66485652,147668253133.9995,20629331733.918575,8942108120.324345,58937.1664579861
46,2020,3,29,4,14,41.97,25942882.625,-3124927.812,-3896482.731,733.1284999999999,2153.2812400000003,3161.35228,2020-03-29 04:14:41.970,193119546.75775436,327507035.1513246,122014659.27697589,147664643803.07812,20653746092.020046,8952692612.876522,58937.17687465277
46,2020,3,29,4,29,41.97,26373968.109,-1165304.5890000002,-1025491.6209999999,223.44293000000002,2195.0806799999996,3209.31364,2020-03-29 04:29:41.970,192331978.10666588,327844790.3604472,122234776.97524153,147661029697.06458,20678159763.467937,8963276809.031616,58937.18729131943
46,2020,3,29,4,44,41.97,26343932.824,814696.2559999999,1863434.632,-290.06408,2198.49979,3201.15212,2020-03-29 04:44:41.970,191543438.877229,328180854.73054737,122454264.4523617,147657410816.1634,20702572747.454136,8973860708.435007,58937.1977079861
46,2020,3,29,4,59,41.97,25853443.772,2780462.741,4719788.912,-798.27154,2163.5014199999996,3137.0471900000002,2020-03-29 04:59:41.970,190753932.81542987,328515226.06768143,122673120.4031905,147653787160.57928,20726985043.17063,8984444310.73212,58937.20812465277
46,2020,3,29,5,14,41.97,24911339.121,4697666.42,7493687.443,-1292.17172,2090.75136,3018.20174,2020-03-29 05:14:41.970,189963463.6735635,328847902.18437785,122891343.52473383,147650158730.5174,20751396649.809513,8995027615.568413,58937.21854131943
46,2020,3,29,5,29,41.97,23534447.588,6532888.9,10136779.895,-1763.04402,1981.60225,2846.81408,2020-03-29 05:29:41.970,189172035.2102275,329178880.8996492,123108932.5161558,147646525526.18286,20775807566.56299,9005610622.589392,58937.2289579861
46,2020,3,29,5,44,41.97,21747254.626000002,8254227.249,12603124.722000001,-2202.62082,1838.06286,2626.02889,2020-03-29 05:44:41.970,188379651.19031578,329508160.0390059,123325886.07878485,147642887547.78107,20800217792.623394,9016193331.440613,58937.23937465277
46,2020,3,29,5,59,41.97,19581424.497,9831865.651,14850011.521,-2603.24126,1662.75406,2359.86893,2020-03-29 05:59:41.970,187586315.38501188,329835737.4344688,123542202.91612014,147639244795.51788,20824627327.18316,9026775741.767656,58937.24979131943
46,2020,3,29,6,14,41.97,17075190.683000002,11238601.883,16838714.049,-2957.98953,1458.85272,2053.14963,2020-03-29 06:14:41.970,186792031.571783,330161610.9245825,123757881.73383749,147635597269.59897,20849036169.43484,9037357853.216154,58937.2602079861
46,2020,3,29,6,29,41.97,14272629.93,12450318.665000001,18535159.758,-3260.81476,1230.02564,1711.37945,2020-03-29 06:29:41.970,185996803.53437302,330485778.3544279,123972921.23979612,147631944970.23065,20873444318.571087,9047939665.43178,58937.27062465277
46,2020,3,29,6,44,41.97,11222837.362,13446391.669,19910504.293,-3506.63069,980.35519,1340.64885,2020-03-29 06:44:41.970,185200635.06279668,330808237.57563645,124187320.14404449,147628287897.6193,20897851773.78474,9058521178.060257,58937.28104131943
46,2020,3,29,6,59,41.97,7979021.6,14210027.802000001,20941602.13,-3691.39363,714.25908,947.51103,2020-03-29 06:59:41.970,184403529.95333248,331128986.4464017,124401077.15882687,147624626051.97128,20922258534.268665,9069102390.74734,58937.2914579861
46,2020,3,29,7,14,41.97,4597539.6389999995,14728529.286,21611367.312,-3812.1583600000004,436.40603,538.85748,2020-03-29 07:14:41.970,183605492.00851676,331448022.83149344,124614190.99858941,147620959433.49377,20946664599.21588,9079683303.138815,58937.30187465277
46,2020,3,29,7,29,41.97,1136891.371,14993480.872,21909020.922,-3867.1119400000002,151.62963,121.79119,2020-03-29 07:29:41.970,182806525.03713685,331765344.6022703,124826660.37998663,147617288042.3935,20971069967.819527,9090263914.88054,58937.31229131943
46,2020,3,29,7,44,41.97,-2343306.679,15000859.289,21830224.452999998,-3855.58626,-135.15808,-296.49973,2020-03-29 07:44:41.970,182006632.85422498,332080949.63669366,125038484.0218876,147613611878.8779,20995474639.272854,9100844225.618397,58937.3227079861
46,2020,3,29,7,59,41.97,-5783349.716,14751065.534,21377100.483,-3778.0503900000003,-419.05138,-708.86569,2020-03-29 07:59:41.970,181205819.28105083,332394835.81934005,125249660.6453823,147609930943.15442,21019878612.76922,9111424234.998306,58937.33312465277
46,2020,3,29,8,14,41.97,-9124457.588,14248882.038,20558144.042,-3636.08416,-695.2328,-1108.3146,2020-03-29 08:14:41.970,180404088.14511633,332707001.0414144,125460188.97378808,147606245235.43094,21044281887.502125,9122003942.666245,58937.34354131943
46,2020,3,29,8,29,41.97,-12309756.138999999,13503357.844,19388029.68,-3432.33471,-959.05104,-1488.12445,2020-03-29 08:29:41.970,179601443.2801481,333017443.2007637,125670067.73265572,147602554755.91507,21068684462.665123,9132583348.268219,58937.3539579861
46,2020,3,29,8,44,41.97,-15285212.438000001,12527625.894000001,17887320.599,-3170.45775,-1206.09376,-1841.94814,2020-03-29 08:44:41.970,178797888.52609107,333326160.2018902,125879295.6497761,147598859504.8153,21093086337.452,9143162451.45029,58937.36437465277
46,2020,3,29,8,59,41.97,-18000510.918,11338657.269,16082087.249,-2855.0453199999997,-1432.25477,-2163.90971,2020-03-29 08:59:41.970,177993427.72910222,333633149.9559636,126087871.45518632,147595159482.3399,21117487511.05654,9153741251.858562,58937.37479131943
46,2020,3,29,9,14,41.97,-20409859.087,9956957.784,14003443.565,-2491.54177,-1633.7949199999998,-2448.6910000000003,2020-03-29 09:14:41.970,177188064.74154386,333938410.38083625,126295793.88117604,147591454688.69763,21141887982.672703,9164319749.139162,58937.3852079861
46,2020,3,29,9,29,41.97,-22472712.972000003,8406212.759,11687009.619,-2086.1496700000002,-1807.39624,-2691.60846,2020-03-29 09:29:41.970,176381803.42197648,334241939.40105474,126503061.66229437,147587745124.09723,21166287751.494568,9174897942.938282,58937.39562465277
46,2020,3,29,9,44,41.97,-24154413.906000003,6712886.117,9172309.858000001,-1645.7271600000001,-1950.20932,-2888.67945,2020-03-29 09:44:41.970,175574647.63515308,334543734.9478737,126709673.53535543,147584030788.74792,21190686816.71631,9185475832.902151,58937.40604131943
46,2020,3,29,9,59,41.97,-25426729.609,4905780.133,6502116.366,-1177.67815,-2059.89332,-3036.6780200000003,2020-03-29 09:59:41.970,174766601.2520117,334843794.95926964,126915628.2394456,147580311682.85873,21215085177.532234,9196053418.677042,58937.4164579861
46,2020,3,29,10,14,41.97,-26268293.733,3015562.368,3721746.8370000003,-689.8366599999999,-2134.6488400000003,-3133.1797899999997,2020-03-29 10:14:41.970,173957668.14966896,335142117.3799536,127120924.51592918,147576587806.63956,21239482833.136753,9206630699.909248,58937.42687465277
46,2020,3,29,10,29,41.97,-26664939.163,1074266.406,878327.04,-190.34658,-2173.24327,-3176.59592,2020-03-29 10:29:41.970,173147852.21141356,335438700.16138536,127325561.10845543,147572859160.29993,21263879782.724426,9217207676.245163,58937.43729131943
46,2020,3,29,10,44,41.97,-26609921.406,-885226.844,-1979972.264,312.46206,-2175.02864,-3166.1959199999997,2020-03-29 10:44:41.970,172337157.32669944,335733541.2617854,127529536.76296467,147569125744.05002,21288276025.48991,9227784347.331161,58937.4477079861
46,2020,3,29,10,59,41.97,-26104029.636,-2829720.4790000003,-4804713.908,810.19901,-2139.95174,-3102.11926,2020-03-29 10:59:41.970,171525587.39113915,336026638.6461501,127732850.22769468,147565387558.09995,21312671560.62797,9238360712.81371,58937.45812465277
46,2020,3,29,11,14,41.97,-25155583.51,-4726238.557,-7547978.191000001,1294.54137,-2068.55654,-2985.37547,2020-03-29 11:14:41.970,170713146.3064967,336317990.2862636,127935500.25318757,147561644602.66006,21337066387.333496,9248936772.339277,58937.46854131943
46,2020,3,29,11,29,41.97,-23780315.292,-6542561.641,-10163141.715,1757.36074,-1961.9786100000001,-2817.8328,2020-03-29 11:29:41.970,169899837.9806816,336607594.1607128,128137485.59229566,147557896877.94125,21361460504.801525,9259512525.554401,58937.4789579861
46,2020,3,29,11,44,41.97,-22001137.707000002,-8247753.741,-12605640.692000002,2190.84985,-1821.93154,-2602.19508,2020-03-29 11:44:41.970,169085666.32774094,336895448.25489885,128338805.0001884,147554144384.1543,21385853912.22717,9270087972.105669,58937.48937465277
46,2020,3,29,11,59,41.97,-19847799.071000002,-9812673.34,-14833708.123,2587.64611,-1650.68515,-2341.96675,2020-03-29 11:59:41.970,168270635.26785377,337181550.5610524,128539457.23435874,147550387121.5103,21410246608.80569,9280663111.639685,58937.49979131943
46,2020,3,29,12,14,41.97,-17356428.748,-11210461.164,-16809074.136,2940.95159,-1451.03557,-2041.40595,2020-03-29 12:14:41.970,167454748.72732362,337465899.0782467,128739441.0546296,147546625090.22067,21434638593.73246,9291237943.80313,58937.5102079861
46,2020,3,29,12,29,41.97,-14568976.945,-12416997.220999999,-18497618.732,3244.64754,-1226.26691,-1705.46568,2020-03-29 12:29:41.970,166638010.63857165,337748491.8124108,128938755.22316028,147542858290.49695,21459029866.202972,9301812468.242695,58937.52062465277
46,2020,3,29,12,44,41.97,-11532554.615999999,-13411319.69,-19869966.233,3493.40157,-980.10479,-1339.7231199999999,2020-03-29 12:44:41.970,165820424.94012997,338029326.7763426,129137398.5044532,147539086722.55093,21483420425.412838,9312386684.60515,58937.53104131943
46,2020,3,29,12,59,41.97,-8298680.782,-14175998.332999999,-20902010.913999997,3682.7658500000002,-716.6618,-950.29746,2020-03-29 12:59:41.970,165001995.57663485,338308401.9897237,129335369.66536029,147535310386.59476,21507810270.557793,9322960592.537283,58937.5414579861
46,2020,3,29,13,14,41.97,-4922446.3379999995,-14697455.291000001,-21575363.658,3809.26421,-440.3752,-543.7566700000001,2020-03-29 13:14:41.970,164182726.49881938,338585715.4791323,129532667.47508949,147531529282.84055,21532199400.833683,9333534191.685944,58937.55187465277
46,2020,3,29,13,29,41.97,-1461605.2440000002,-14966226.515,-21877710.02,3870.466,-155.93734,-127.01399999999998,2020-03-29 13:29:41.970,163362621.6635071,338861265.278057,129729290.70521177,147527743411.5008,21556587815.436478,9344107481.698,58937.56229131943
46,2020,3,29,13,44,41.97,2024394.0909999998,-14977157.567,-21803070.932,3865.04482,131.78039,292.78466,2020-03-29 13:44:41.970,162541685.03360495,339135049.4269095,129925238.12966682,147523952772.78827,21580975513.562286,9354680462.220406,58937.5727079861
46,2020,3,29,13,59,41.97,5475422.564,-14729528.308999998,-21351958.386,3792.81976,417.80942,708.38126,2020-03-29 13:59:41.970,161719920.5780957,339407065.97304016,130120508.52477038,147520157366.91586,21605362494.40731,9365253132.900127,58937.58312465277
46,2020,3,29,14,14,41.97,8831712.779,-14227101.901,-20531419.858000003,3654.7774799999997,697.1701,1112.5320199999999,2020-03-29 14:14:41.970,160897332.2720318,339677312.9707501,130315100.66922058,147516357194.09668,21629748757.16787,9375825493.384176,58937.59354131943
46,2020,3,29,14,29,41.97,12034911.955,-13478094.752999999,-19354967.048,3453.07328,964.96099,1498.1376799999998,2020-03-29 14:29:41.970,160073924.09652787,339945788.4813054,130509013.34410448,147512552254.54422,21654134301.04047,9386397543.31963,58937.6039579861
46,2020,3,29,14,44,41.97,15029125.86,-12495065.474000001,-17842386.571,3191.00985,1216.44931,1858.37513,2020-03-29 14:44:41.970,159249700.03875405,340212490.5729509,130702245.33290477,147508742548.472,21678519125.221634,9396969282.353598,58937.61437465277
46,2020,3,29,14,59,41.97,17761933.274,-11294722.49,-16019432.679,2872.99297,1447.16084,2186.82746,2020-03-29 14:59:41.970,158424664.09192848,340477417.32092446,130894795.42150638,147504928076.09387,21702903228.908096,9407540710.133224,58937.62479131943
46,2020,3,29,15,14,41.97,20185350.025,-9897651.85,-13917404.739,2504.46373,1652.96704,2477.60948,2020-03-29 15:14:41.970,157598820.2553106,340740566.80746937,131086662.39820312,147501108837.62378,21727286611.296673,9418111826.305725,58937.6352079861
46,2020,3,29,15,29,41.97,22256721.685,-8327968.632,-11572615.045,2091.80796,1830.16733,2725.48534,2020-03-29 15:29:41.970,156772172.53419402,341001937.12184936,131277845.05370432,147497284833.2761,21751669271.58431,9428682630.518343,58937.64562465277
46,2020,3,29,15,44,41.97,23939524.817,-6612897.404999999,-9025755.402,1642.24382,1975.56412,2925.9753100000003,2020-03-29 15:44:41.970,155944724.93989924,341261526.36036205,131468342.1811414,147493456063.26538,21776051208.968052,9439253122.418356,58937.65604131943
46,2020,3,29,15,59,41.97,25204058.062,-4782289.153,-6321173.835,1163.6898,2086.5285999999996,3075.44833,2020-03-29 15:59:41.970,155116481.48976687,341519332.6263531,131658152.57607481,147489622527.80637,21800432422.645103,9449823301.65312,58937.6664579861
46,2020,3,29,16,14,41.97,26028006.538000003,-2868083.9310000003,-3506075.339,664.61574,2161.05526,3171.1977,2020-03-29 16:14:41.970,154287446.20714974,341775354.0302288,131847275.03650038,147485784227.11383,21824812911.81278,9460393167.869997,58937.67687465277
46,2020,3,29,16,29,41.97,26396865.827,-903730.154,-629662.997,153.88039,2197.80348,3211.49764,2020-03-29 16:29:41.970,153457623.12140682,342029588.689472,132035708.36285624,147481941161.4032,21849192675.668495,9470962720.71643,58937.68729131943
46,2020,3,29,16,44,41.97,26304215.191999998,1076427.238,2257762.428,-359.44045,2196.12493,3195.63873,2020-03-29 16:44:41.970,152627016.267895,342282034.72865486,132223451.35802954,147478093330.88956,21873571713.409832,9481531959.839884,58937.6977079861
46,2020,3,29,16,59,41.97,25751833.518,3037776.549,5105724.969,-866.23086,2156.07593,3123.94143,2020-03-29 16:59:41.970,151795629.68796262,342532690.2794519,132410502.82736294,147474240735.78873,21897950024.23445,9492100884.887884,58937.70812465277
46,2020,3,29,17,14,41.97,24749655.528,4946073.328000001,7864497.94,-1357.51201,2078.41449,2997.74701,2020-03-29 17:14:41.970,150963467.42894158,342781553.4806557,132596861.57866172,147470383376.31656,21922327607.340153,9502669495.507996,58937.71854131943
46,2020,3,29,17,29,41.97,23315570.033,6768064.849,10486010.399,-1824.61523,1964.58219,2819.38666,2020-03-29 17:29:41.970,150130533.54414082,343028622.4781904,132782526.42220004,147466521252.68912,21946704461.92488,9513237791.34782,58937.7289579861
46,2020,3,29,17,44,41.97,21475066.0,8472091.747,12924716.257,-2259.34642,1816.67169,2592.12971,2020-03-29 17:44:41.970,149296832.09283817,343273895.42512465,132967496.17072822,147462654365.12268,21971080587.186676,9523805772.055033,58937.73937465277
46,2020,3,29,17,59,41.97,19260736.018,10028654.311,15138408.067,-2654.13794,1637.3808999999999,2320.11277,2020-03-29 17:59:41.970,148462367.14027387,343517370.4816869,133151769.63947906,147458782713.83368,21995455982.323704,9534373437.277319,58937.74979131943
46,2020,3,29,18,14,41.97,16711650.029000001,11410932.191,17088959.397,-3002.18447,1429.9555799999998,2008.25232,2020-03-29 18:14:41.970,147627142.75764275,343759045.81527907,133335345.64617498,147454906299.03894,22019830646.53427,9544940786.662437,58937.7602079861
46,2020,3,29,18,29,41.97,13872614.936,12595247.807,18742982.0,-3297.56041,1198.1219700000001,1662.14328,2020-03-29 18:29:41.970,146791163.02208677,343998919.6004901,133518223.01103453,147451025120.95535,22044204579.0168,9555507819.858187,58937.77062465277
46,2020,3,29,18,44,41.97,10793337.777999999,13561465.454,20072386.573,-3535.3165299999996,946.0115900000001,1287.9467,2020-03-29 18:44:41.970,145954432.0166881,344236990.0191108,133700400.5567795,147447139179.80032,22068577778.969837,9566074536.512403,58937.78104131943
46,2020,3,29,18,59,41.97,7527511.533,14293320.0,21054838.691,-3711.5550599999997,678.0803199999999,892.2696100000001,2020-03-29 18:59:41.970,145116953.83046138,344473255.26014733,133881877.10864139,147443248475.791,22092950245.592056,9576640936.27298,58937.7914579861
46,2020,3,29,19,14,41.97,4131843.3619999997,14778670.92,21674104.205,-3823.48255,399.02378999999996,482.04008999999996,2020-03-29 19:14:41.970,144278732.55834633,344707713.5198362,134062651.49436848,147439353009.145,22117321978.082253,9587207018.787848,58937.80187465277
46,2020,3,29,19,29,41.97,665045.1749999999,15009679.269,21920281.126999997,-3869.44083,113.69099,64.38038,2020-03-29 19:29:41.970,143439772.30120048,344940363.0016575,134242722.54423258,147435452780.08044,22141692975.639343,9597772783.704994,58937.81229131943
46,2020,3,29,19,44,41.97,-2813194.0330000003,14982906.859000001,21789917.463999998,-3848.91668,-173.00188,-353.51928,2020-03-29 19:44:41.970,142600077.1657912,345171201.9163495,134422089.0910361,147431547788.8152,22166063237.462376,9608338230.672447,58937.8227079861
46,2020,3,29,19,59,41.97,-6243235.496,14699338.499,21286016.704,-3762.5316199999997,-456.15601,-764.5237999999999,2020-03-29 19:59:41.970,141759651.26478887,345400228.4819231,134600749.97011867,147427638035.56757,22190432762.750538,9618903359.338284,58937.83312465277
46,2020,3,29,20,14,41.97,-9566500.282000002,14164329.433999998,20417934.558000002,-3612.01307,-730.97139,-1161.6714,2020-03-29 20:14:41.970,140918498.71675894,345627440.9236757,134778704.0193639,147423723520.55618,22214801550.703114,9629468169.350624,58937.84354131943
46,2020,3,29,20,29,41.97,-12726445.273,13387481.29,19201172.2,-3400.1487300000003,-992.8240900000001,-1538.28526,2020-03-29 20:29:41.970,140076623.64615425,345852837.4742056,134955950.07920676,147419804243.99973,22239169600.519516,9640032660.357643,58937.8539579861
46,2020,3,29,20,44,41.97,-15669491.167,12382450.728,17657072.495,-3130.72587,-1237.33843,-1888.07725,2020-03-29 20:44:41.970,139234030.18330783,346076416.3734264,135132486.99264017,147415880206.11725,22263536911.399326,9650596832.007553,58937.86437465277
46,2020,3,29,20,59,41.97,-18345889.747,11166695.712000001,15812426.763,-2808.45741,-1460.45329,-2205.24287,2020-03-29 20:59:41.970,138390722.46442515,346298175.8685813,135308313.6052217,147411951407.12778,22287903482.542194,9661160683.94862,58937.87479131943
46,2020,3,29,21,14,41.97,-20710519.282,9761164.887,13699000.344,-2438.8964,-1658.48217,-2484.54664,2020-03-29 21:14:41.970,137546704.63157624,346518114.21425706,135483428.76508114,147408017847.25073,22312269313.147938,9671724215.829165,58937.8852079861
46,2020,3,29,21,29,41.97,-22723598.421,8189935.921,11352985.806,-2028.34065,-1828.1665,-2721.39745,2020-03-29 21:29:41.970,136701980.83268833,346736229.67239887,135657831.32292688,147404079526.706,22336634402.41647,9682287427.297535,58937.89562465277
46,2020,3,29,21,44,41.97,-24351310.374,6479809.0030000005,8814393.019,-1583.72902,-1966.7219300000002,-2911.91346,2020-03-29 21:44:41.970,135856555.22153807,346952520.51232475,135831520.1320533,147400136445.71326,22360998749.547863,9692850318.00215,58937.90604131943
46,2020,3,29,21,59,41.97,-25566330.514000002,4659861.842,6126385.59,-1112.53073,-2071.8775699999997,-3052.97635,2020-03-29 21:59:41.970,135010431.95774367,347166985.0107393,136004494.0483471,147396188604.49237,22385362353.742306,9703412887.591452,58937.9164579861
46,2020,3,29,22,14,41.97,-26348251.714,2760972.736,3334573.3449999997,-622.62899,-2141.9076999999997,-3142.27472,2020-03-29 22:14:41.970,134163615.20675749,347379621.45174885,136176751.93029523,147392236003.264,22409725214.200092,9713975135.713953,58937.92687465277
46,2020,3,29,22,29,41.97,-26683902.893999998,815318.3309999999,486270.683,-122.20021,-2175.65624,-3178.3365,2020-03-29 22:29:41.970,133316109.13985778,347590428.1268759,136348292.63899103,147388278642.24854,22434087330.121666,9724537062.018196,58937.93729131943
46,2020,3,29,22,44,41.97,-26567557.224,-1144147.149,-2370269.218,380.41005,-2172.5535,-3160.55021,2020-03-29 22:44:41.970,132467917.93414144,347799403.33507323,136519115.0381418,147384316521.66666,22458448700.7076,9735098666.15279,58937.9477079861
46,2020,3,29,22,59,41.97,-26001027.733,-3084224.378,-5186634.301,876.81336,-2132.6253699999997,-3089.17497,2020-03-29 22:59:41.970,131619045.7725157,348006545.382738,136689217.99407542,147380349641.73944,22482809325.158577,9745659947.76638,58937.95812465277
46,2020,3,29,23,14,41.97,-24993648.531999998,-4972006.105,-7915037.382,1358.70588,-2056.49458,-2965.33907,2020-03-29 23:14:41.970,130769496.84369063,348211852.5837276,136858600.37574792,147376378002.68805,22507169202.675423,9756220906.507652,58937.96854131943
46,2020,3,29,23,29,41.97,-23562141.398,-6775411.973,-10509093.434,1817.99555,-1945.37417,-2791.0269799999996,2020-03-29 23:29:41.970,129919275.34217098,348415323.2593735,137027261.05474994,147372401604.7338,22531528332.459106,9766781542.025358,58937.9789579861
46,2020,3,29,23,44,41.97,-21730368.202000003,-8463713.765,-12924579.886,2246.92839,-1801.05274,-2569.05458,2020-03-29 23:44:41.970,129068385.46824858,348616955.73849535,137195198.9053143,147368420448.09836,22555886713.710686,9777341853.968283,58937.98937465277
46,2020,3,29,23,59,41.97,-19528971.003,-10008043.79,-15120169.337,2638.2115599999997,-1625.8716900000002,-2303.0326200000004,2020-03-29 23:59:41.970,128216831.42799383,348816748.357416,137362412.80432266,147364434533.00363,22580244345.631367,9787901841.98527,58937.99979131943
46,2020,3,30,0,14,41.97,-16994904.815,-11381877.106,-17058121.319000002,2985.13268,-1422.69435,-1997.31844,2020-03-30 00:14:41.970,127364617.43324848,349014699.4599768,137528901.63131303,147360443859.67163,22604601227.42249,9798461505.72521,58938.0102079861
46,2020,3,30,0,29,41.97,-14170856.019000001,-12561491.828,-18704938.524,3281.67378,-1194.86571,-1656.95423,2020-03-30 00:29:41.970,126511747.70161714,349210807.3975513,137694664.26848665,147356448428.3247,22628957358.285526,9809020844.837038,58938.02062465277
46,2020,3,30,0,44,41.97,-11104580.432999998,-13526370.33,-20031935.652,3522.61673,-946.16621,-1287.59678,2020-03-30 00:44:41.970,125658226.4564593,349405070.52905995,137859699.6007151,147352448239.18524,22653312737.422066,9819579858.969738,58938.03104131943
46,2020,3,30,0,59,41.97,-7848131.470000001,-14259574.398,-21015766.27,3703.64058,-680.75525,-895.43236,2020-03-30 00:59:41.970,124804057.92688133,349597487.22098607,138024006.51554748,147348443292.47598,22677667364.03384,9830138547.772356,58938.0414579861
46,2020,3,30,1,14,41.97,-4457015.228,-14748056.465,-21638854.942,3821.40683,-403.10814,-487.08247,2020-03-30 01:14:41.970,123949246.34772855,349788055.84738874,138187583.90321773,147344433588.42014,22702021237.322693,9840696910.89395,58938.05187465277
46,2020,3,30,1,29,41.97,-989272.799,-14982912.728,-21889742.447,3873.63143,-117.94562,-69.49895000000001,2020-03-30 01:29:41.970,123093795.95957686,349976774.78991926,138350430.65665144,147340419127.24066,22726374356.490616,9851254947.983677,58938.06229131943
46,2020,3,30,1,44,41.97,2495495.3609999996,-14959569.851,-21763332.524,3859.14116,169.84309,350.14979,2020-03-30 01:44:41.970,122237711.00872457,350163642.43783486,138512545.67147344,147336399909.16098,22750726720.739723,9861812658.69071,58938.0727079861
46,2020,3,30,1,59,41.97,5937148.067,-14677899.894,-21261032.643,3777.9125200000003,455.2827,764.6001799999999,2020-03-30 01:59:41.970,121380995.74718454,350348657.188014,138673927.84601468,147332375934.40457,22775078329.272255,9872370042.66429,58938.08312465277
46,2020,3,30,2,14,41.97,9276048.324,-14142259.006000001,-20390782.810000002,3631.09095,733.39858,1166.6206,2020-03-30 02:14:41.970,120523654.43267559,350531817.44497114,138834576.0813198,147328347203.19547,22799429181.290585,9882927099.553673,58938.09354131943
46,2020,3,30,2,29,41.97,12454116.186999999,-13361446.738,-19166968.218000002,3420.98895,999.3062,1549.14197,2020-03-30 02:29:41.970,119665691.3286146,350713121.6208712,138994489.2811537,147324313715.7577,22823779275.997223,9893483829.008217,58938.1039579861
46,2020,3,30,2,44,41.97,15415869.912,-12348584.187,-17610213.724,3151.06182,1248.30172,1905.38929,2020-03-30 02:44:41.970,118807110.70410776,350892568.13554496,139153666.35200962,147320275472.31558,22848128612.594803,9904040230.677286,58938.11437465277
46,2020,3,30,2,59,41.97,18109434.815,-11120910.909,-15747060.568,2825.8601,1475.95161,2229.0113300000003,2020-03-30 02:59:41.970,117947916.83394279,351070155.4165045,139312106.20311567,147316232473.0934,22872477190.286095,9914596304.210304,58938.12479131943
46,2020,3,30,3,14,41.97,20487498.845999997,-9699502.34,-13609528.447,2450.9586799999997,1678.1793,2514.2051699999997,2020-03-30 03:14:41.970,117088113.99858041,351245881.8989568,139469807.7464428,147312184718.316,22896825008.274,9925152049.256771,58938.1352079861
46,2020,3,30,3,29,41.97,22508194.039,-8108911.435,-11234568.897,2032.86319,1851.3465600000002,2755.83261,2020-03-30 03:29:41.970,116227706.48414564,351419746.02581924,139626769.89671123,147308132208.20834,22921172065.761543,9935707465.466194,58938.14562465277
46,2020,3,30,3,44,41.97,24135883.873999998,-6376740.218,-8663418.857,1578.89477,1992.3274900000001,2949.5251,2020-03-30 03:44:41.970,115366698.58242,351591746.2477355,139782991.57139862,147304074942.99564,22945518361.951885,9946262552.48817,58938.15604131943
46,2020,3,30,3,59,41.97,25341838.093,-4533148.929,-5940866.101,1097.05564,2098.57289,3091.7741699999997,2020-03-30 03:59:41.970,114505094.59083253,351761881.02308923,139938471.6907467,147300012922.90308,22969863896.04833,9956817309.972307,58938.1664579861
46,2020,3,30,4,14,41.97,26104778.802,-2610312.2520000003,-3114440.832,595.87802,2168.1632,3180.00463,2020-03-30 04:14:41.970,113642898.8124516,351930148.8180205,140093209.17776904,147295946148.15616,22994208667.25429,9967371737.5683,58938.17687465277
46,2020,3,30,4,29,41.97,26411284.535,-641833.74,-233550.02,84.26022,2199.84818,3212.62831,2020-03-30 04:29:41.970,112780115.5559763,352096548.1064393,140247202.95825812,147291874618.98108,23018552674.773354,9977925834.925858,58938.18729131943
46,2020,3,30,4,44,41.97,26256042.449,1337869.1819999998,2651427.174,-428.70621,2193.07244,3189.07656,2020-03-30 04:44:41.970,111916749.13572797,352261077.3700418,140400451.96079293,147287798335.60355,23042895917.809174,9988479601.694786,58938.1977079861
46,2020,3,30,4,59,41.97,25641942.669,3294196.344,5490063.33,-933.9136599999999,2147.98573,3109.81063,2020-03-30 04:59:41.970,111052803.87164156,352423735.0983254,140552955.11674607,147283717298.25,23067238395.56559,9999033037.524902,58938.20812465277
46,2020,3,30,5,14,41.97,24580012.917,5192998.359,8232805.936000001,-1422.4154099999998,2065.43794,2976.30967,2020-03-30 05:14:41.970,110188284.0892571,352584519.7886032,140704711.3602913,147279631507.14673,23091580107.246563,10009586142.06608,58938.21854131943
46,2020,3,30,5,29,41.97,23089195.723,7001198.832,10831879.843999999,-1885.5977699999999,1946.9590400000002,2791.0368000000003,2020-03-30 05:29:41.970,109323194.11971083,352743429.9460204,140855719.6284111,147275540962.52063,23115921052.056183,10020138914.968262,58938.2289579861
46,2020,3,30,5,44,41.97,21195974.557,8687392.0,13242149.82,-2315.34297,1794.72471,2557.38467,2020-03-30 05:44:41.970,108457538.29972696,352900464.0835678,141005978.8609037,147271445664.5984,23140261229.19868,10030691355.881418,58938.23937465277
46,2020,3,30,5,59,41.97,18933858.924,10222403.475,15421925.458,-2704.1790699999997,1611.5089600000001,2279.60217,2020-03-30 05:59:41.970,107591320.97160839,353055620.7220986,141155488.00039077,147267345613.60724,23164600637.878403,10041243464.455587,58938.24979131943
46,2020,3,30,6,14,41.97,16342741.690000001,11579803.024999999,17333692.659,-3045.41351,1400.62524,1962.70494,2020-03-30 06:14:41.970,106724546.48322852,353208898.39034307,141304245.99232492,147263240809.77438,23188939277.29984,10051795240.34086,58938.2602079861
46,2020,3,30,6,29,41.97,13468144.582,12736359.882000001,18944758.21,-3333.2477,1165.8579300000001,1612.37228,2020-03-30 06:29:41.970,105857219.18802205,353360295.62492365,141452251.78499696,147259131253.32758,23213277146.66763,10062346683.187353,58938.27062465277
46,2020,3,30,6,44,41.97,10360369.751,13672432.856999999,20227796.665000003,-3562.8709,911.3862700000001,1234.83361,2020-03-30 06:44:41.970,104989343.44497631,353509810.9703704,141599504.32954347,147255016944.49457,23237614245.18652,10072897792.645266,58938.28104131943
46,2020,3,30,6,59,41.97,7073576.62,14372289.364,21161291.429,-3730.5323000000003,641.7028700000001,836.74746,2020-03-30 06:59:41.970,104120923.61862248,353657442.979137,141746002.57995436,147250897883.5033,23261950572.0614,10083448568.364828,58938.2914579861
46,2020,3,30,7,14,41.97,3664803.856,14824349.373,21729864.774,-3833.59088,361.52869,425.07612,2020-03-30 07:14:41.970,103251964.0790266,353803190.2116151,141891745.49308035,147246774070.58194,23286286126.497314,10093999009.996332,58938.30187465277
46,2020,3,30,7,29,41.97,192956.321,15021352.102,21924494.1,-3870.54343,75.72667,6.95866,2020-03-30 07:29:41.970,102382469.2017805,353947051.2361498,142036732.02864027,147242645505.95886,23310620907.699425,10104549117.190107,58938.31229131943
46,2020,3,30,7,44,41.97,-3282223.636,14960444.95,21742614.25,-3841.0315299999997,-210.78441,-410.41490000000005,2020-03-30 07:44:41.970,101512443.36799322,354089024.62905616,142180961.14922905,147238512189.86276,23334954914.872993,10115098889.596556,58938.3227079861
46,2020,3,30,7,59,41.97,-6701182.119,14643195.693,21188107.851,-3745.8286799999996,-493.11407,-819.92621,2020-03-30 07:59:41.970,100641890.96428157,354229108.9746337,142324431.82032487,147234374122.52267,23359288147.223515,10125648326.866123,58938.33312465277
46,2020,3,30,8,14,41.97,-10005559.678,14075530.253,20271187.531,-3586.80906,-766.48118,-1214.646,2020-03-30 08:14:41.970,99770816.38276133,354367302.86518216,142467143.0102968,147230231304.1674,23383620603.956516,10136197428.649294,58938.34354131943
46,2020,3,30,8,29,41.97,-13139161.629,13267599.484000001,19008175.426000003,-3366.89983,-1026.29051,-1587.9446500000001,2020-03-30 08:29:41.970,98899224.02103812,354503604.90101695,142609093.6904127,147226083735.0264,23407952284.27773,10146746194.596613,58938.3539579861
46,2020,3,30,8,44,41.97,-16048878.566,12233579.258,17421186.656999998,-3090.0184400000003,-1268.20422,-1933.5948700000001,2020-03-30 08:44:41.970,98027118.28219832,354638013.6904844,142750282.83484632,147221931415.3292,23432283187.39297,10157294624.358686,58938.36437465277
46,2020,3,30,8,59,41.97,-18685544.536000002,10991408.876,15537724.418,-2760.9970599999997,-1488.2073899999998,-2245.86528,2020-03-30 08:59:41.970,97154503.57479976,354770527.84997845,142890709.42068538,147217774345.30545,23456613312.508244,10167842717.58616,58938.37479131943
46,2020,3,30,9,14,41.97,-21004721.928,9562473.33,13390195.041000001,-2385.4956,-1682.66716,-2519.6045599999998,2020-03-30 09:14:41.970,96281384.31286266,354901146.003955,143030372.42793894,147213612525.18515,23480942658.829636,10178390473.929737,58938.3852079861
46,2020,3,30,9,29,41.97,-22967403.653,7971235.338,11015351.96,-1969.90515,-1848.38514,-2750.31529,2020-03-30 09:29:41.970,95407764.91586038,355029866.78494775,143169270.83954492,147209445955.1984,23505271225.563416,10188937893.040163,58938.39562465277
46,2020,3,30,9,44,41.97,-24540624.588999998,6244823.357,8453677.817,-1521.24317,-1982.64283,-2934.2174299999997,2020-03-30 09:44:41.970,94533649.80871004,355156688.83358467,143307403.64137813,147205274635.57574,23529599011.915962,10199484974.568264,58938.40604131943
46,2020,3,30,9,59,41.97,-25697975.601,4412581.975,5748714.266,-1047.04195,-2083.23976,-3068.3010999999997,2020-03-30 09:59:41.970,93659043.4217634,355281610.79860264,143444769.8222579,147201098566.54752,23553926017.093807,10210031718.164885,58938.4164579861
46,2020,3,30,10,14,41.97,-26420014.604,2505591.226,2946349.1629999997,-555.23164,-2148.5243600000003,-3150.36848,2020-03-30 10:14:41.970,92783950.19079722,355404631.33686376,143581368.3739553,147196917748.3448,23578252240.303604,10220578123.48094,58938.42687465277
46,2020,3,30,10,29,41.97,-26694570.293,556161.503,94071.019,-54.01885,-2177.41734,-3179.0646100000004,2020-03-30 10:29:41.970,91908374.55700405,355525749.11337084,143717198.2912014,147192732181.19843,23602577680.75215,10231124190.167395,58938.43729131943
46,2020,3,30,10,44,41.97,-26516935.152,-1402689.161,-2759799.338,448.23771,-2169.42747,-3153.89718,2020-03-30 10:44:41.970,91032320.96698284,355644962.80128354,143852258.57169467,147188541865.3397,23626902337.646393,10241669917.875273,58938.4477079861
46,2020,3,30,10,59,41.97,-25889945.596,-3337768.604,-5566889.773,943.15373,-2124.65971,-3075.2449500000002,2020-03-30 10:59:41.970,90155793.87272912,355762271.0819335,143986548.21610922,147184346801.00015,23651226210.193398,10252215306.255627,58938.45812465277
46,2020,3,30,11,14,41.97,-24823947.608999997,-5216247.799,-8279560.3040000005,1422.44682,-2043.8154700000002,-2944.3547099999996,2020-03-30 11:14:41.970,89278797.73162603,355877672.6448411,144120066.22810164,147180146988.41144,23675549297.6004,10262760354.959597,58938.46854131943
46,2020,3,30,11,29,41.97,-23336647.782,-7006194.83,-10851678.636,1878.06359,-1928.18496,-2763.32668,2020-03-30 11:29:41.970,88401337.00643422,355991166.18772954,144252811.6143197,147175942427.8054,23699871599.074707,10273305063.638351,58938.4789579861
46,2020,3,30,11,44,41.97,-21452850.35,-8677098.323,-13239377.266999999,2302.3056300000003,-1779.63143,-2535.0881200000003,2020-03-30 11:44:41.970,87523416.16528255,356102750.41654336,144384783.38440943,147171733119.4141,23724193113.823837,10283849431.943129,58938.48937465277
46,2020,3,30,11,59,41.97,-19204082.283,-10200373.044,-15401781.529,2687.95212,-1600.56728,-2263.3551500000003,2020-03-30 11:59:41.970,86645039.68165839,356212424.04546213,144515980.55102342,147167519063.4699,23748513841.05542,10294393459.525192,58938.49979131943
46,2020,3,30,12,14,41.97,-16628109.662999999,-11549840.272,-17301697.854999997,3028.37851,-1393.9218600000002,-1952.58251,2020-03-30 12:14:41.970,85766212.0343977,356320185.7969168,144646402.12982848,147163300260.2054,23772833779.977203,10304937146.035902,58938.5102079861
46,2020,3,30,12,29,41.97,-13768349.839,-12702175.489,-18906251.515,3317.6691699999997,-1163.10106,-1607.90155,2020-03-30 12:29:41.970,84886937.70767571,356426034.40160674,144776047.13951352,147159076709.8533,23797152929.797127,10315480491.126633,58938.52062465277
46,2020,3,30,12,44,41.97,-10673185.511,-13637315.969999999,-20187463.178999998,3550.7223599999998,-911.9386400000001,-1235.04632,2020-03-30 12:44:41.970,84007221.19099684,356529968.5985143,144904914.60179728,147154848412.6466,23821471289.723213,10326023494.44883,58938.53104131943
46,2020,3,30,12,59,41.97,-7395188.528,-14338820.998,-21122753.847,3723.34559,-644.6396599999999,-840.26836,2020-03-30 12:59:41.970,83127066.97918485,356631987.13492185,145033003.5414362,147150615368.81842,23845788858.96364,10336566155.653997,58938.5414579861
46,2020,3,30,13,14,41.97,-3990262.937,-14794177.642,-21695368.134,3832.3393499999997,-365.71616,-430.24062000000004,2020-03-30 13:14:41.970,82246479.57237317,356732088.7664273,145160312.98623234,147146377578.60223,23870105636.72675,10347108474.393679,58938.55187465277
46,2020,3,30,13,29,41.97,-516718.688,-14995045.447,-21894706.487,3875.56711,-79.91581000000001,-11.951319999999999,2020-03-30 13:29:41.970,81365463.4759949,356830272.2569604,145286841.9670416,147142135042.23166,23894421622.221004,10357650450.31948,58938.56229131943
46,2020,3,30,13,44,41.97,2965710.6950000003,-14937433.971,-21716557.836,3852.0094999999997,207.85580000000002,407.41095,2020-03-30 13:44:41.970,80484023.20077266,356926536.3787983,145412589.517781,147137887759.9404,23918736814.65501,10368192083.083055,58938.5727079861
46,2020,3,30,13,59,41.97,6396891.2979999995,-14621807.879,-21163225.372,3761.80059,492.61825,820.57954,2020-03-30 13:59:41.970,79602163.26270895,357020879.91258264,145537554.6754373,147133635731.9626,23943051213.237503,10378733372.336123,58938.58312465277
46,2020,3,30,14,14,41.97,9717335.901,-14053115.324000001,-20243539.674,3606.2444299999997,769.40344,1220.33743,2020-03-30 14:14:41.970,78719888.1830758,357113301.6473349,145661736.48007432,147129378958.53247,23967364817.177376,10389274317.730453,58938.59354131943
46,2020,3,30,14,29,41.97,12869256.438000001,-13240736.592,-18972755.28,3387.81019,1033.34537,1599.6481199999998,2020-03-30 14:29:41.970,77837202.48840491,357203800.3804729,145785133.97484136,147125117439.8846,23991677625.683674,10399814918.917866,58938.6039579861
46,2020,3,30,14,44,41.97,15797602.001,-12198351.476,-17372328.979000002,3110.1047999999996,1279.77065,1951.78713,2020-03-30 14:44:41.970,76954110.71047725,357292374.91782653,145907746.2059812,147120851176.25354,24015989637.96553,10410355175.550232,58938.61437465277
46,2020,3,30,14,59,41.97,18451061.742999997,-10943725.52,-15469580.602,2777.82217,1504.2879,2270.47113,2020-03-30 14:59:41.970,76070617.38631311,357379024.07365525,146029572.22283775,147116580167.87418,24040300853.232304,10420895087.279488,58938.62479131943
46,2020,3,30,15,14,41.97,20783011.634,-9498417.129999999,-13297239.809999999,2396.66927,1702.87388,2549.9816100000003,2020-03-30 15:14:41.970,75186727.0581617,357463746.6706624,146150611.07786417,147112304414.9817,24064611270.69339,10431434653.7576,58938.6352079861
46,2020,3,30,15,29,41.97,22752384.332000002,-7887409.535,-10892885.222000001,1973.2694,1871.9539599999998,2785.2798700000003,2020-03-30 15:29:41.970,74302444.27349095,357546541.5400133,146270861.8266311,147108023917.81137,24088920889.558422,10441973874.636642,58938.64562465277
46,2020,3,30,15,44,41.97,24324442.344,-6138673.561,-8298285.159999999,1515.0442699999999,2008.47504,2972.11019,2020-03-30 15:44:41.970,73417773.58497724,357627407.52135074,146390323.5278347,147103738676.59875,24113229709.03712,10452512749.568691,58938.65604131943
46,2020,3,30,15,59,41.97,25471436.301999997,-4282669.143,-5558652.0600000005,1030.0770699999998,2109.9684399999996,3107.08803,2020-03-30 15:59:41.970,72532719.55049482,357706343.4628108,146508995.2433046,147099448691.57965,24137537728.339375,10463051278.205893,58938.6664579861
46,2020,3,30,16,14,41.97,26173132.511,-2351795.318,-2721825.207,526.95946,2174.6011900000003,3187.77069,2020-03-30 16:14:41.970,71647286.73310567,357783348.2210403,146626876.03801164,147095153962.9899,24161844946.67519,10473589460.200464,58938.67687465277
46,2020,3,30,16,29,41.97,26417196.928,-379799.985,162601.383,14.626159999999999,2201.21394,3212.70819,2020-03-30 16:29:41.970,70761479.70104872,357858420.66121286,146743964.98007682,147090854491.06583,24186151363.25474,10484127295.204653,58938.68729131943
46,2020,3,30,16,44,41.97,26199426.211999997,1598838.027,3044187.3559999997,-497.81872,2189.34442,3181.47284,2020-03-30 16:44:41.970,69875303.02772956,357931559.65704507,146860261.14077875,147086550276.04376,24210456977.28833,10494664782.870779,58938.6977079861
46,2020,3,30,16,59,41.97,25523820.426999997,3549541.213,5872571.029,-1001.2791400000001,2139.23571,3094.66651,2020-03-30 16:59:41.970,68988761.29170974,358002764.09081274,146975763.59456176,147082241318.1603,24234761787.986412,10505201922.85122,58938.70812465277
46,2020,3,30,17,14,41.97,24402496.108,5438266.203,8598390.888,-1486.84365,2051.82926,2953.90557,2020-03-30 17:14:41.970,68101859.07669632,358072032.8533676,147090471.41904458,147077927617.65216,24259065794.559566,10515738714.798393,58938.71854131943
46,2020,3,30,17,29,41.97,22855442.545,7232123.46,11174183.66,-1945.95651,1928.74281,2761.78408,2020-03-30 17:29:41.970,67214600.97153099,358139364.84415424,147204383.69502807,147073609174.7565,24283368996.218544,10526275158.364786,58938.7289579861
46,2020,3,30,17,44,41.97,20910128.151,8899970.707,13555239.981,-2370.57907,1772.23427,2521.81664,2020-03-30 17:44:41.970,66326991.570179425,358204758.97122645,147317499.5065033,147069285989.71045,24307671392.174217,10536811253.202934,58938.73937465277
46,2020,3,30,17,59,41.97,18600967.42,10412967.912,15700400.127,-2753.3375800000003,1585.15268,2238.36274,2020-03-30 17:59:41.970,65439035.4717205,358268214.1512628,147429817.94066033,147064958062.75168,24331972981.63762,10547346998.965431,58938.74979131943
46,2020,3,30,18,14,41.97,15968662.15,11745082.957,17572774.334000003,-3087.65431,1370.8779200000001,1916.53523,2020-03-30 18:14:41.970,64550737.28033562,358329729.30958486,147541338.08789575,147060625394.11758,24356273763.8199,10557882395.304932,58938.7602079861
46,2020,3,30,18,29,41.97,13059433.162999999,12873538.716,19140374.585,-3367.85944,1133.25115,1562.09567,2020-03-30 18:29:41.970,63662101.60529757,358389303.3801728,147652059.04182148,147056287984.04614,24380573737.93238,10568417441.874136,58938.77062465277
46,2020,3,30,18,44,41.97,9924160.632,13779194.054,20376647.441,-3589.2820300000003,876.4978799999999,1181.33953,2020-03-30 18:44:41.970,62773133.06095985,358446935.30568177,147761979.8992724,147051945832.77557,24404872903.18654,10578952138.325813,58938.78104131943
46,2020,3,30,18,59,41.97,6617452.353,14446853.116,21260900.194999997,-3748.3190799999998,605.14588,780.97447,2020-03-30 18:59:41.970,61883836.266745515,358502624.0374596,147871099.76031548,147047598940.54395,24429171258.79397,10589486484.312777,58938.7914579861
46,2020,3,30,19,14,41.97,3196659.825,14865499.156,21778615.445,-3842.48245,323.93993,367.99459,2020-03-30 19:14:41.970,60994215.84713628,358556368.5355626,147979417.72825724,147043247307.58987,24453468803.9664,10600020479.487896,58938.80187465277
46,2020,3,30,19,29,41.97,-279138.038,15028450.954,21921651.742,-3870.42399,37.755329999999994,-50.44654,2020-03-30 19:29:41.970,60104276.43166128,358608167.7687727,148086932.90965253,147038890934.1521,24477765537.91573,10610554123.50412,58938.81229131943
46,2020,3,30,19,44,41.97,-3750164.315,14933441.535,21688330.441,-3831.93975,-248.48799,-467.1614,2020-03-30 19:44:41.970,59214022.65488617,358658020.7146142,148193644.4143125,147034529820.4696,24502061459.854015,10621087416.014416,58938.8227079861
46,2020,3,30,19,59,41.97,-7156968.329,14582620.372,21083410.985,-3727.9545399999997,-529.90934,-875.05057,2020-03-30 19:59:41.970,58323459.15640164,358705926.3593701,148299551.3553134,147030163966.78143,24526356568.993435,10631620356.671846,58938.83312465277
46,2020,3,30,20,14,41.97,-10441427.741,13982481.572999999,20117958.707000002,-3560.48841,-801.74774,-1267.21927,2020-03-30 20:14:41.970,57432590.58081249,358751883.6980997,148404652.84900454,147025793373.32693,24550650864.54632,10642152945.129503,58938.84354131943
46,2020,3,30,20,29,41.97,-13547712.974,13143721.58,18809110.755000003,-3332.60673,-1059.4379099999999,-1637.08699,2020-03-30 20:29:41.970,56541421.577725954,358795891.734655,148508948.01501676,147021418040.34576,24574944345.72514,10652685181.040548,58938.8539579861
46,2020,3,30,20,44,41.97,-16423200.027999999,12081030.799,17179746.955,-3048.35578,-1298.68094,-1978.48891,2020-03-30 20:44:41.970,55649956.80174077,358837949.48169714,148612435.97627085,147017037968.0775,24599237011.742527,10663217064.058197,58938.86437465277
46,2020,3,30,20,59,41.97,-19019319.379,10812824.248000002,15258073.383000001,-2712.68538,-1515.5091,-2285.76834,2020-03-30 20:59:41.970,54758200.912435494,358878055.9607141,148715115.8589863,147012653156.76236,24623528861.811234,10673748593.835722,58938.87479131943
46,2020,3,30,21,14,41.97,-21292330.211,9360916.807,13077127.091,-2331.3606,-1706.34403,-2553.8594200000002,2020-03-30 21:14:41.970,53866158.57435705,358916210.20203704,148816986.79268876,147008263606.64044,24647819895.144207,10684279770.026457,58938.8852079861
46,2020,3,30,21,29,41.97,-23204010.755,7750149.045,10674210.974,-1910.8639,-1868.0483299999999,-2778.35957,2020-03-30 21:29:41.970,52973834.45700931,358952411.2448573,148918047.9102196,147003869317.95224,24672110110.95449,10694810592.283787,58938.89562465277
46,2020,3,30,21,44,41.97,-24722256.882999998,6007969.857,8090268.081,-1458.28937,-1997.96994,-2955.59159,2020-03-30 21:44:41.970,52081233.23484151,358986658.13724416,149018298.34774357,146999470290.93823,24696399508.455315,10705341060.261154,58938.90604131943
46,2020,3,30,21,59,41.97,-25821582.438,4163982.3399999994,5369204.937000001,-981.23031,-2093.97939,-3082.65481,2020-03-30 21:59:41.970,51188359.58723658,359018949.93616027,149117737.24475777,146995066525.8393,24720688086.860012,10715871173.612068,58938.9164579861
46,2020,3,30,22,14,41.97,-26483515.943,2249459.474,2557173.63,-487.66159999999996,-2154.49965,-3157.46558,2020-03-30 22:14:41.970,50295218.198499486,359049285.7074802,149216363.74409986,146990658022.89645,24744975845.382137,10726400931.990091,58938.92687465277
46,2020,3,30,22,29,41.97,-26696889.435000002,296836.293,-298177.48699999996,14.182210000000001,-2178.52851,-3178.7864799999998,2020-03-30 22:29:41.970,49401813.75784538,359077664.5260066,149314176.9919566,146986244782.35092,24769262783.23529,10736930335.048834,58938.93729131943
46,2020,3,30,22,44,41.97,-26458016.217,-1660814.6609999998,-3148474.4609999997,515.93157,-2165.65334,-3146.24456,2020-03-30 22:44:41.970,48508150.95938796,359104085.4754876,149411176.13787237,146981826804.4442,24793548899.633316,10747459382.441984,58938.9477079861
46,2020,3,30,22,59,41.97,-25770755.498,-3590317.759,-5945399.677,1009.2086199999999,-2116.0581899999997,-3060.33817,2020-03-30 22:59:41.970,47614234.5021275,359128547.6486342,149507360.33475786,146977404089.4181,24817834193.790146,10757988073.823263,58938.95812465277
46,2020,3,30,23,14,41.97,-24646462.437,-5458931.516,-8641474.812,1485.75476,-2030.52301,-2922.43232,2020-03-30 23:14:41.970,46720069.089939,359151050.1471365,149602728.73889846,146972976637.5141,24842118664.919907,10768516408.846472,58938.96854131943
46,2020,3,30,23,29,41.97,-23103823.654,-7234881.583000001,-11190834.419000002,1937.55758,-1910.4149,-2734.74248,2020-03-30 23:29:41.970,45825659.431560226,359171592.08168167,149697280.50996298,146968544448.97473,24866402312.23684,10779044387.165464,58938.9789579861
46,2020,3,30,23,44,41.97,-21168578.917999998,-8887882.239,-13549979.622000001,2356.97647,-1757.6713399999999,-2500.3065800000004,2020-03-30 23:44:41.970,44931010.24057952,359190172.571971,149791014.81101206,146964107524.04196,24890685134.955326,10789572008.434145,58938.98937465277
46,2020,3,30,23,59,41.97,-18873131.314,-10389639.078,-15678501.292000001,2736.86476,-1574.77515,-2222.94516,2020-03-30 23:59:41.970,44036126.235423826,359206790.74673694,149883930.80850697,146959665862.95847,24914967132.289932,10800099272.306486,58938.99979131943
