SVN,Year,Month,Day,Hour,Minute,Second,X_m,Y_m,Z_m,U_m/s,V_m/s,W_m/s,UTC,x_moon,y_moon,z_moon,x_sun,y_sun,z_sun,MJD
46,2020,3,1,0,14,41.97,-17716369.641000003,17534174.923,8974303.614,-901.67341,-2406.18637,2912.3320599999997,2020-03-01 00:14:41.970,256539930.6351161,290984750.7009797,98606275.5876227,139816049071.06473,-45163004125.3607,-19578839475.07722,58909.0102079861
46,2020,3,1,0,29,41.97,-18371918.73,15222838.95,11509994.105,-552.9814600000001,-2722.6911600000003,2714.3700000000003,2020-03-01 00:29:41.970,255845026.73673162,291454905.24980986,98871910.0131383,139825379936.81064,-45139703054.20363,-19568737772.184673,58909.02062465277
46,2020,3,1,0,44,41.97,-18708843.039,12647492.829,13846027.069,-194.65123,-2992.01722,2469.29414,2020-03-01 00:44:41.970,255148823.005353,291923560.02210027,99137035.26440465,139834706171.47934,-45116400511.20323,-19558635429.523037,58909.03104131943
46,2020,3,1,0,59,41.97,-18721277.909,9852785.312,15941865.572999999,167.0538,-3209.44954,2181.38372,2020-03-01 00:59:41.970,254451322.57875833,292390712.2224116,99401649.85069925,139844027774.8359,-45093096497.17387,-19548532447.448742,58909.0414579861
46,2020,3,1,1,14,41.97,-18409031.142,6887199.631,17761172.555,525.81091,-3371.19503,1855.67822,2020-03-01 01:14:41.970,253752528.6020303,292856359.06021315,99665752.28266515,139853344746.64627,-45069791012.929886,-19538428826.318214,58909.05187465277
46,2020,3,1,1,29,41.97,-17777584.241,3802191.523,19272454.278,875.35383,-3474.45104,1497.88451,2020-03-01 01:29:41.970,253052444.22755584,293320497.7498958,99929341.0723171,139862657086.67627,-45046484059.28568,-19528324566.487873,58909.06229131943
46,2020,3,1,1,44,41.97,-16837990.021,651274.23,20449614.354000002,1209.58691,-3517.45451,1114.27132,2020-03-01 01:44:41.970,252351072.61502546,293783125.510785,100192414.73304643,139871964794.6922,-45023175637.05551,-19518219668.314144,58909.0727079861
46,2020,3,1,1,59,41.97,-15606669.015999999,-2510931.689,21272408.071000002,1522.69548,-3499.51092,711.55364,2020-03-01 01:59:41.970,251648416.9314321,294244239.56715256,100454971.77962711,139881267870.4603,-44999865747.05374,-19508114132.15343,58909.08312465277
46,2020,3,1,2,14,41.97,-14105109.21,-5629665.363,21726788.990000002,1809.2499500000001,-3421.00268,296.76938,2020-03-01 02:14:41.970,250944480.35107133,294703837.1482311,100717010.72822091,139890566313.74753,-44976554390.094604,-19498007958.362198,58909.09354131943
46,2020,3,1,2,29,41.97,-12359475.554000001,-8650990.981999999,21805142.095,2064.30187,-3283.37718,-122.84897000000001,2020-03-01 02:29:41.970,250239266.05553994,295161915.4882249,100978530.09638335,139899860124.32053,-44953241566.99239,-19487901147.29684,58909.1039579861
46,2020,3,1,2,44,41.97,-10400137.446,-11522743.459999999,21506400.207,2283.4699,-3089.11508,-540.005,2020-03-01 02:44:41.970,249532777.23373586,295618471.8263248,101239528.40306872,139909149301.9466,-44929927278.56133,-19477793699.31378,58909.11437465277
46,2020,3,1,2,59,41.97,-8261123.824,-14195437.041,20836042.753999997,2463.01448,-2841.67991,-947.46867,2020-03-01 02:59:41.970,248825017.08185694,296073503.40671927,101500004.16863611,139918433846.39325,-44906611525.615654,-19467685614.769474,58909.12479131943
46,2020,3,1,3,14,41.97,-5979516.722,-16623120.625,19805978.306,2599.8997400000003,-2545.45028,-1338.20392,2020-03-01 03:14:41.970,248115988.80340058,296527007.4786085,101759955.91485494,139927713757.42816,-44883294308.96949,-19457576894.020294,58909.1352079861
46,2020,3,1,3,29,41.97,-3594795.0719999997,-18764164.961,18434314.474,2691.8420300000002,-2205.6365800000003,-1705.49101,2020-03-01 03:29:41.970,247405695.60916346,296978981.29621774,102019382.16491058,139936989034.8191,-44859975629.43709,-19447467537.422684,58909.14562465277
46,2020,3,1,3,44,41.97,-1148141.1639999999,-20581968.523,16745020.813,2737.3443,-1828.18396,-2043.04162,2020-03-01 03:44:41.970,246694140.7172401,297429422.1188088,102278281.44340958,139946259678.33432,-44836655487.83256,-19437357545.33308,58909.15604131943
46,2020,3,1,3,59,41.97,1318277.4260000002,-22045570.697,14767492.156,2735.7162399999997,-1419.6636799999999,-2345.10468,2020-03-01 03:59:41.970,245981327.3530228,297878327.2106951,102536652.27638616,139955525687.7424,-44813333884.97,-19427246918.107887,58909.1664579861
46,2020,3,1,4,14,41.97,3762037.562,-23130162.857,12536021.446999999,2687.08003,-987.1552399999999,-2606.56142,2020-03-01 04:14:41.970,245267258.74920064,298325693.84125257,102794493.19130716,139964787062.81183,-44790010821.66355,-19417135656.103523,58909.17687465277
46,2020,3,1,4,29,41.97,6141189.134000001,-23817489.988,10089192.455,2592.36214,-538.12145,-2823.00817,2020-03-01 04:29:41.970,244551938.14575887,298771519.2849349,103051802.71707784,139974043803.31155,-44766686298.72724,-19407023759.67641,58909.18729131943
46,2020,3,1,4,44,41.97,8414970.124,-24096137.566,7469203.89,2453.27159,-80.27871999999999,-2990.82582,2020-03-01 04:44:41.970,243835368.7899786,299215800.8212851,103308579.3840481,139983295909.01086,-44743360316.97519,-19396911229.182976,58909.1977079861
46,2020,3,1,4,59,41.97,10544496.271,-23961700.503,4721137.281,2272.26538,378.53495999999996,-3107.2352300000002,2020-03-01 04:59:41.970,243117553.93643534,299658535.73495054,103564821.72401743,139992543379.6791,-44720032877.22135,-19386798064.97961,58909.20812465277
46,2020,3,1,5,14,41.97,12493414.248,-23416832.98,1892181.5690000001,2052.50214,830.4922300000001,-3170.33795,2020-03-01 05:14:41.970,242398496.8469992,300099721.315694,103820528.27024128,140001786215.08588,-44696703980.279785,-19376684267.422768,58909.21854131943
46,2020,3,1,5,29,41.97,14228508.105,-22471179.993,-969172.245,1797.7848000000001,1267.90676,-3179.14203,2020-03-01 05:29:41.970,241678200.7908336,300539354.85840845,104075697.55743656,140011024415.0013,-44673373626.96445,-19366569836.868813,58909.2289579861
46,2020,3,1,5,44,41.97,15720249.741,-21141193.215,-3813952.966,1512.4937499999999,1683.35958,-3133.57289,2020-03-01 05:44:41.970,240956669.04439476,300977433.66313034,104330328.12178741,140020257979.19547,-44650041818.0893,-19356454773.674202,58909.23937465277
46,2020,3,1,5,59,41.97,16943285.286,-19449835.571,-6593534.193,1201.5114899999999,2069.81975,-3034.46947,2020-03-01 05:59:41.970,240233904.89143088,301413955.03505254,104584418.50095099,140029486907.43875,-44626708554.46826,-19346339078.195328,58909.24979131943
46,2020,3,1,6,14,41.97,17876850.406000003,-17426180.428,-9260449.354,870.14023,2420.75762,-2883.5660199999998,2020-03-01 06:14:41.970,239509911.62298197,301848916.2845382,104837967.23406337,140038711199.5019,-44603373836.91527,-19336222750.788586,58909.2602079861
46,2020,3,1,6,29,41.97,18505108.739,-15104912.741,-11769184.114,524.01372,2730.24924,-2683.46016,2020-03-01 06:29:41.970,238784692.5373781,302282314.72713363,105090972.86174543,140047930855.1558,-44580037666.24417,-19326105791.810417,58909.27062465277
46,2020,3,1,6,44,41.97,18817408.909,-12525740.744,-14076934.091,169.00467,2993.0705199999998,-2437.56786,2020-03-01 06:44:41.970,238058250.94023985,302714147.6835825,105343433.92610839,140057145874.17157,-44556700043.26881,-19315988201.6172,58909.28104131943
46,2020,3,1,6,59,41.97,18808456.742999997,-9732727.825,-16144316.508,-188.87086,3204.78024,-2150.06619,2020-03-01 06:59:41.970,237330590.14447668,303144412.4798386,105595348.97076008,140066356256.3207,-44533360968.80307,-19305869980.565353,58909.2914579861
46,2020,3,1,7,14,41.97,18478400.537,-6773555.211,-17936025.186,-543.55087,3361.79072,-1825.82487,2020-03-01 07:14:41.970,236601713.47028688,303573106.44708014,105846716.54081042,140075562001.37488,-44510020443.660706,-19295751129.01128,58909.30187465277
46,2020,3,1,7,29,41.97,17832828.373,-3698726.8159999996,-19421419.183000002,-889.02522,3461.42548,-1470.32746,2020-03-01 07:29:41.970,235871624.2451563,304000226.92172384,106097535.1828777,140084763109.10605,-44486678468.65551,-19285631647.311382,58909.31229131943
46,2020,3,1,7,44,41.97,16882677.644,-560728.329,-20575036.273000002,-1219.43273,3501.9632,-1089.58327,2020-03-01 07:44:41.970,235140325.80385807,304425771.2454367,106347803.44509432,140093959579.2862,-44463335044.60128,-19275511535.822037,58909.3227079861
46,2020,3,1,7,59,41.97,15644058.047,2586846.878,-21377023.482,-1529.15617,3482.66741,-690.0313500000001,2020-03-01 07:59:41.970,234407821.4884513,304849736.76515216,106597519.87711269,140103151411.6881,-44439990172.31167,-19265390794.899666,58909.33312465277
46,2020,3,1,8,14,41.97,14137990.436,5690191.927,-21813477.897,-1812.91406,3403.80139,-278.43733999999995,2020-03-01 08:14:41.970,233674114.64828104,305272120.8330815,106846683.03011124,140112338606.08405,-44416643852.60043,-19255269424.900658,58909.34354131943
46,2020,3,1,8,29,41.97,12390064.995000001,8696187.312,-21876692.07,-2065.8479399999997,3266.6280300000003,138.21524,2020-03-01 08:29:41.970,232939208.6399767,305692920.8067299,107095291.45680045,140121521162.2472,-44393296086.281204,-19245147426.1814,58909.3539579861
46,2020,3,1,8,44,41.97,10430023.292,11553294.734,-21565299.503999997,-2283.6040199999998,3073.39437,552.83806,2020-03-01 08:44:41.970,232203106.82745212,306112134.0489085,107343343.71142873,140130699079.95062,-44369946874.16763,-19235024799.098286,58909.36437465277
46,2020,3,1,8,59,41.97,8291269.877,14212430.066000002,-20884316.913,-2462.40795,2827.30064,958.35402,2020-03-01 08:59:41.970,231465812.58190405,306529757.9277493,107590838.3497885,140139872358.96774,-44346596217.07341,-19224901544.007706,58909.37479131943
46,2020,3,1,9,14,41.97,6010320.1790000005,16627801.490999999,-19845081.314999998,-2599.1313800000003,2532.45384,1347.8147000000001,2020-03-01 09:14:41.970,230727329.2818118,306945789.8167185,107837773.92922236,140149040999.07236,-44323244115.812035,-19214777661.266026,58909.3852079861
46,2020,3,1,9,29,41.97,3626192.5719999997,18757698.987,-18465081.441,-2691.34926,2193.80609,1714.51747,2020-03-01 09:29:41.970,229987660.31293663,307360227.0946313,108084149.00862874,140158205000.03818,-44299890571.19713,-19204653151.22966,58909.39562465277
46,2020,3,1,9,44,41.97,1179753.56,20565221.592,-16767684.486999998,-2737.38653,1817.07811,2052.1205999999997,2020-03-01 09:44:41.970,229246809.06832024,307773067.14566505,108329962.14846851,140167364361.6395,-44276535584.0422,-19194528014.254967,58909.40604131943
46,2020,3,1,9,59,41.97,-1286973.885,22018929.346,-14781760.944,-2736.3531199999998,1408.66849,2354.75437,2020-03-01 09:59:41.970,228504778.94828445,308184307.3593731,108575211.9107706,140176519083.65067,-44253179155.16075,-19184402250.698322,58909.4164579861
46,2020,3,1,10,14,41.97,-3731527.85,23093407.55,-12541211.975,-2688.16628,975.54975,2617.12613,2020-03-01 10:14:41.970,227761573.3604305,308593945.1307009,108819896.85913837,140185669165.84644,-44229821285.36631,-19174275860.91612,58909.42687465277
46,2020,3,1,10,29,41.97,-6111738.983999999,23769732.005000003,-10084405.683999998,-2593.55916,525.15247,2834.61738,2020-03-01 10:29:41.970,227017195.71963808,309001977.8599974,109064015.55875567,140194814608.00165,-44206461975.4723,-19164148845.264698,58909.43729131943
46,2020,3,1,10,44,41.97,-8386463.374000001,24035825.218000002,-7453530.498,-2454.0752,65.2392,3003.37053,2020-03-01 10:44:41.970,226271649.44806415,309408402.9530312,109307566.57639305,140203955409.89154,-44183101226.29214,-19154021204.100452,58909.4477079861
46,2020,3,1,10,59,41.97,-10516303.705,23886695.218000002,-4693875.748000001,-2272.04764,-396.22997,3120.36357,2020-03-01 10:59:41.970,225524937.97514263,309813217.82100356,109550548.48041378,140213091571.29153,-44159739038.639244,-19143892937.779728,58909.45812465277
46,2020,3,1,11,14,41.97,-12464305.318999998,23324550.59,-1853051.333,-2050.56425,-851.23762,3183.4705200000003,2020-03-01 11:14:41.970,224777064.7375832,310216419.8805643,109792959.84078018,140222223091.97723,-44136375413.326935,-19133764046.658916,58909.46854131943
46,2020,3,1,11,29,41.97,-14196613.891999999,22358787.621,1019840.073,-1793.4173700000001,-1291.85254,3191.50612,2020-03-01 11:29:41.970,224028033.17937034,310618006.5538242,110034799.22905986,140231349971.72452,-44113010351.16861,-19123634531.094337,58909.4789579861
46,2020,3,1,11,44,41.97,-15683081.782,21005847.923,3875063.3600000003,-1505.03996,-1710.37351,3144.25331,2020-03-01 11:44:41.970,223277846.75176308,311017975.2683706,110276065.21843167,140240472210.3096,-44089643852.97756,-19113504391.44237,58909.48937465277
46,2020,3,1,11,59,41.97,-16897810.875,19288947.592,6663127.932,-1190.4286,-2099.4704500000003,3042.47251,2020-03-01 11:59:41.970,222526508.91329333,311416323.45728135,110516756.38369235,140249589807.5089,-44066275919.56706,-19103373628.059364,58909.49979131943
46,2020,3,1,12,14,41.97,-17819620.808,17237681.735,9335664.598,-855.05496,-2452.31978,2887.89216,2020-03-01 12:14:41.970,221774023.12976533,311813048.55914,110756871.30126253,140258702763.099,-44042906551.750374,-19093242241.30167,58909.5102079861
46,2020,3,1,12,29,41.97,-18432432.888,14887510.946,11846285.435,-504.76730000000003,-2762.73088,2683.1803600000003,2020-03-01 12:29:41.970,221020392.8742547,312208148.01804894,110996408.54919305,140267811076.85696,-44019535750.34071,-19083110231.525623,58909.52062465277
46,2020,3,1,12,44,41.97,-18725561.726,12279138.96,14151409.824000001,-145.68421,-3025.26096,2431.8981700000004,2020-03-01 12:44:41.970,220265621.6271078,312601619.2836452,111235366.70717132,140276914748.55984,-43996163516.15125,-19072977599.08756,58909.53104131943
46,2020,3,1,12,59,41.97,-18693908.533999998,9457793.186999999,16211040.429000001,215.9172,-3235.31565,2138.43528,2020-03-01 12:59:41.970,219509712.87593997,312993459.81111425,111473744.35652758,140286013777.9851,-43972789849.995155,-19062844344.34383,58909.5414579861
46,2020,3,1,13,14,41.97,-18338052.182,6472421.953,17989473.954,573.71631,-3389.23317,1807.92964,2020-03-01 13:14:41.970,218752670.11563563,313383667.0612057,111711540.08024144,140295108164.91034,-43949414752.68556,-19052710467.650753,58909.55187465277
46,2020,3,1,13,29,41.97,-17664236.293,3374824.103,19455932.895000003,921.46459,-3484.35021,1446.17263,2020-03-01 13:29:41.970,217994496.8483466,313772238.5002462,111948752.46294802,140304197909.1135,-43926038225.035576,-19042575969.36468,58909.56229131943
46,2020,3,1,13,44,41.97,-16684252.932,218727.97499999998,20585106.317,1253.09938,-3519.04838,1059.50206,2020-03-01 13:44:41.970,217235196.5834913,314159171.60015607,112185380.09094447,140313283010.3727,-43902660267.85827,-19032440849.841904,58909.5727079861
46,2020,3,1,13,59,41.97,-15415225.614,-2941162.323,21357589.663,1562.85347,-3492.78033,654.6852399999999,2020-03-01 13:59:41.970,216474772.8377538,314544463.8384631,112421421.55219638,140322363468.46637,-43879280881.96667,-19022305109.438766,58909.58312465277
46,2020,3,1,14,14,41.97,-13879296.42,-6050134.901000001,21760215.905,1845.35825,-3406.07535,238.79485,2020-03-01 14:14:41.970,215713229.13508293,314928112.6983171,112656875.43634406,140331439283.17325,-43855900068.17378,-19012168748.51159,58909.59354131943
46,2020,3,1,14,29,41.97,-12103223.945,-9054433.942,21786272.641,2095.7384,-3260.52465,-180.91987,2020-03-01 14:29:41.970,214950569.00669098,315310115.6685059,112891740.33470927,140340510454.2722,-43832517827.29257,-19002031767.416656,58909.6039579861
46,2020,3,1,14,44,41.97,-10117900.46,-11902201.413999999,21435602.194,2309.69644,-3058.74699,-597.16391,2020-03-01 14:44:41.970,214186795.9910529,315690470.2434689,113126014.8403015,140349576981.5423,-43809134160.13599,-18991894166.510292,58909.61437465277
46,2020,3,1,14,59,41.97,-7957798.108,-14544379.412,20714584.123,2483.5857,-2804.33583,-1002.7266,2020-03-01 14:59:41.970,213421913.63390493,316069173.923313,113359697.54782446,140358638864.76297,-43785749067.51697,-18981755946.148815,58909.62479131943
46,2020,3,1,15,14,41.97,-5660355.144,-16935557.099000003,19636001.876,2614.47043,-2501.78932,-1390.60853,2020-03-01 15:14:41.970,212655925.4882442,316446224.2138276,113592787.05368271,140367696103.71387,-43762362550.24836,-18971617106.688496,58909.6352079861
46,2020,3,1,15,29,41.97,-3265314.0749999997,-19034747.601,18218797.472999997,2700.17241,-2156.42492,-1754.14305,2020-03-01 15:29:41.970,211888835.114327,316821618.62649876,113825281.95598823,140376748698.17502,-43738974609.14301,-18961477648.485645,58909.64562465277
46,2020,3,1,15,44,41.97,-814024.2030000001,-20806081.899,16487720.125,2739.3034100000004,-1774.28072,-2087.1101900000003,2020-03-01 15:44:41.970,211120646.07966784,317195354.67852527,114057180.85456654,140385796647.9264,-43715585245.01374,-18951337571.89653,58909.65604131943
46,2020,3,1,15,59,41.97,1651278.6160000002,-22219408.623,14472876.454,2731.28338,-1362.0053599999999,-2383.8411100000003,2020-03-01 15:59:41.970,210351361.95903835,317567429.8928336,114288482.35096411,140394839952.74863,-43692194458.67334,-18941196877.27745,58909.6664579861
46,2020,3,1,16,14,41.97,4088202.1119999997,-23250790.597,12209191.57,2676.34425,-926.73905,-2639.31146,2020-03-01 16:14:41.970,209580986.3344666,317937841.79809284,114519185.04845409,140403878612.42212,-43668802250.93457,-18931055564.98471,58909.67687465277
46,2020,3,1,16,29,41.97,6454924.9,-23882891.079,9735791.589,2575.5199000000002,-475.98782,-2849.2224300000003,2020-03-01 16:29:41.970,208809522.79523507,318306587.9287298,114749287.55204369,140412912626.72784,-43645408622.610085,-18920913635.37453,58909.68729131943
46,2020,3,1,16,44,41.97,8710908.606999999,-24105244.682,7095319.201,2430.62259,-17.49339,-3010.06832,2020-03-01 16:44:41.970,208036974.93788043,318673665.82494485,114978788.46848014,140421941995.44696,-43622013574.51262,-18910771088.803207,58909.6977079861
46,2020,3,1,16,59,41.97,10817583.064000001,-23914410.079,4333194.773999999,2244.2068000000004,440.89903000000004,-3119.1899,2020-03-01 16:59:41.970,207263346.3661916,319039073.0327272,115207686.40625797,140430966718.36102,-43598617107.45481,-18900627925.62701,58909.70812465277
46,2020,3,1,17,14,41.97,12738993.572999999,-23314003.59,1496836.014,2019.5213,891.37289,-3174.8130699999997,2020-03-01 17:14:41.970,206488640.6912088,319402807.1038696,115435979.97562522,140439986795.2514,-43575219222.249306,-18890484146.202183,58909.71854131943
46,2020,3,1,17,29,41.97,14442400.136,-22314614.7,-1365150.483,1760.4505100000001,1326.27018,-3176.07266,2020-03-01 17:29:41.970,205712861.53122297,319764865.5959844,115663667.78859052,140449002225.9002,-43551819919.7086,-18880339750.884983,58909.7289579861
46,2020,3,1,17,44,41.97,15898819.569,-20933606.412,-4203792.311,1471.44639,1738.2171600000001,-3123.02117,2020-03-01 17:44:41.970,204936012.5117735,320125246.07251906,115890748.45892964,140458013010.08957,-43528419200.64531,-18870194740.03164,58909.73937465277
46,2020,3,1,17,59,41.97,17083502.520999998,-19194804.990000002,-6970575.629,1157.45216,2120.24413,-3016.62294,2020-03-01 17:59:41.970,204158097.2656476,320483946.1027716,116117220.6021922,140467019147.60168,-43505017065.87194,-18860049113.99842,58909.74979131943
46,2020,3,1,18,14,41.97,17976338.568,-17128085.246999998,-9618257.793000001,823.81896,2465.89755,-2858.734,2020-03-01 18:14:41.970,203379119.43287885,320840963.2619058,116343082.83570853,140476020638.21948,-43481613516.200935,-18849902873.141552,58909.7602079861
46,2020,3,1,18,29,41.97,18562183.781,-14768858.879999999,-12101655.650999999,476.21709,2769.34313,-2652.06823,2020-03-01 18:29:41.970,202599082.66074592,321196295.1309673,116568333.77859673,140485017481.7256,-43458208552.44473,-18839756017.817257,58909.77062465277
46,2020,3,1,18,44,41.97,18831106.351999998,-12157474.602,-14378397.513,120.54297,3025.45856,-2400.1506099999997,2020-03-01 18:44:41.970,201817990.60377154,321549939.2968992,116792972.05176882,140494009677.90332,-43434802175.41581,-18829608548.381756,58909.78104131943
46,2020,3,1,18,59,41.97,18778547.09,-9338539.858000001,-16409627.544,-237.17683,3229.9148299999997,-2107.25841,2020-03-01 18:59:41.970,201035846.9237207,321901893.35255754,117016996.27793837,140502997226.5361,-43411394385.926445,-18819460465.191288,58909.7914579861
46,2020,3,1,19,14,41.97,18405392.788000003,-6360174.859,-18160652.093000002,-590.88302,3379.2452399999997,-1778.35112,2020-03-01 19:14:41.970,200252655.28959954,322252154.8967276,117240405.08162683,140511980127.40744,-43387985184.78904,-18809311768.602024,58909.80187465277
46,2020,3,1,19,29,41.97,17717961.623,-3273210.4,-19601518.398000002,-934.5813899999999,3470.90114,-1418.9904099999999,2020-03-01 19:29:41.970,199468419.37765405,322600721.53413886,117463197.08917081,140520958380.30124,-43364574572.815865,-18799162458.9702,58909.81229131943
46,2020,3,1,19,44,41.97,16727900.899,-130341.59500000002,-20707517.005999997,-1262.43963,3503.29406,-1035.25084,2020-03-01 19:44:41.970,198683142.8713687,322947590.8754819,117685370.92872849,140529931985.00162,-43341162550.81923,-18789012536.652,58909.8227079861
46,2020,3,1,19,59,41.97,15451998.551,3014749.785,-21459600.246000003,-1568.88195,3475.82332,-633.6228000000001,2020-03-01 19:59:41.970,197896829.46146485,323292760.5374237,117906925.2302872,140538900941.29315,-43317749119.61128,-18778862002.00362,58909.83312465277
46,2020,3,1,20,14,41.97,13911910.941,6108291.283,-21844710.15,-1848.68027,3388.88895,-220.90854,2020-03-01 20:14:41.970,197109482.84589934,323636228.14262366,118127858.62566985,140547865248.96036,-43294334280.00426,-18768710855.381252,58909.84354131943
46,2020,3,1,20,29,41.97,12133810.547999999,9097320.543,-21856010.283999998,-2097.04084,3243.88951,195.88718999999998,2020-03-01 20:29:41.970,196321106.72986323,323977991.31975,118348169.7485422,140556824907.78796,-43270918032.81029,-18758559097.14106,58909.8539579861
46,2020,3,1,20,44,41.97,10147958.263,11930577.222,-21493017.14,-2309.6849599999996,3043.20447,609.67073,2020-03-01 20:44:41.970,195531704.82578024,324318047.7034949,118567857.23441985,140565779917.56134,-43247500378.841545,-18748406727.63924,58909.86437465277
46,2020,3,1,20,59,41.97,7988206.086,14559372.113,-20761627.965,-2482.92271,2790.1612,1013.3757999999999,2020-03-01 20:59:41.970,194741280.853305,324656394.93459255,118786919.72067514,140574730278.06577,-43224081318.91006,-18738253747.231934,58909.87479131943
46,2020,3,1,21,14,41.97,5691437.13,16938419.569000002,-19674043.269,-2613.71836,2488.98645,1400.08103,2020-03-01 21:14:41.970,193949838.5393221,324993030.6598326,119005355.84654433,140583675989.08688,-43200660853.82787,-18728100156.275288,58909.8852079861
46,2020,3,1,21,29,41.97,3296950.935,19026619.419,-18248583.692,-2699.74625,2144.74264,1763.12688,2020-03-01 21:29:41.970,193157381.61794376,325327952.53207886,119223164.25313465,140592617050.4106,-43177238984.40703,-18717945955.12549,58909.89562465277
46,2020,3,1,21,44,41.97,845803.2050000001,20787774.829000004,-16509402.49,-2739.43604,1763.24938,2096.23032,2020-03-01 21:44:41.970,192363913.83050916,325661158.2102842,119440343.58343145,140601553461.8231,-43153815711.459465,-18707791144.138657,58909.90604131943
46,2020,3,1,21,59,41.97,-1619889.89,22191233.111,-14486096.595,-2732.00601,1350.99082,2393.5952500000003,2020-03-01 21:59:41.970,191569438.92558196,325992645.3595074,119656892.48230521,140610485223.11063,-43130391035.79712,-18697635723.67094,58909.9164579861
46,2020,3,1,22,14,41.97,-4057671.715,23212437.218,-12213220.986,-2677.4835700000003,915.01005,2650.01663,2020-03-01 22:14:41.970,190773960.65894946,326322411.6509295,119872809.59651873,140619412334.0599,-43106964958.23186,-18687479694.078457,58909.92687465277
46,2020,3,1,22,29,41.97,-6425477.484,23833376.752,-9729712.956,-2576.71202,462.79163,2860.9761599999997,2020-03-01 22:29:41.970,189977482.7936203,326650454.76187027,120088093.5747346,140628334794.45773,-43083537479.57559,-18677323055.71732,58909.93729131943
46,2020,3,1,22,44,41.97,-8682366.212000001,24042928.672999997,-7078234.781,-2431.3429100000003,2.13426,3022.72763,2020-03-01 22:44:41.970,189180009.0998234,326976772.375804,120302743.0675219,140637252604.0913,-43060108600.64009,-18667165808.94368,58909.9477079861
46,2020,3,1,22,59,41.97,-10789239.138,23837079.59,-4304445.108,-2243.81354,-458.98461000000003,3132.36964,2020-03-01 22:59:41.970,188381543.35500574,327301362.18237704,120516756.72736369,140646165762.74805,-43036678322.237114,-18657007954.11359,58909.95812465277
46,2020,3,1,23,14,41.97,-12709531.263,23219023.562,-1456211.194,-2017.3097200000002,-912.5497,3187.90401,2020-03-01 23:14:41.970,187582089.34383106,327624221.8774237,120730133.2086644,140655074270.21548,-43013246645.178444,-18646849491.5832,58909.96854131943
46,2020,3,1,23,29,41.97,-14409862.706,22199131.592,1417224.325,-1755.71388,-1350.65157,3188.2781699999996,2020-03-01 23:29:41.970,186781650.85817772,327945349.16298354,120942871.16775684,140663978126.2814,-42989813570.27571,-18636690421.708576,58909.9789579861
46,2020,3,1,23,44,41.97,-15860637.061999999,20794791.562,4266107.076,-1463.53922,-1765.63037,3133.41018,2020-03-01 23:44:41.970,185980231.6971374,328264741.7473172,121154969.26290968,140672877330.73416,-42966379098.34065,-18626530744.84581,58909.98937465277
46,2020,3,1,23,59,41.97,-17036574.665,19030120.046,7041048.933,-1145.8512,-2150.2163,3024.1954,2020-03-01 23:59:41.970,185177835.6670129,328582397.34492373,121366426.15433465,140681771883.36206,-42942943230.18484,-18616370461.350975,58909.99979131943
46,2020,3,2,0,14,41.97,-17917168.520999998,16935554.476,9693898.819,-808.17788,-2497.6635699999997,2862.4947500000003,2020-03-02 00:14:41.970,184374466.58131635,328898313.6765573,121577240.50419402,140690661783.95364,-42919505966.61985,-18606209571.580128,58910.0102079861
46,2020,3,2,0,29,41.97,-18487061.860999998,14547307.304,12178618.291000001,-456.40851,-2801.8773600000004,2651.10276,2020-03-02 00:29:41.970,183570128.2607678,329212488.4692441,121787410.9766078,140699547032.29782,-42896067308.457245,-18596048075.889324,58910.02062465277
46,2020,3,2,0,44,41.97,-18736317.384000003,11906754.022,14452072.245,-96.68907999999999,-3057.52393,2393.6996599999998,2020-03-02 00:44:41.970,182764824.53329265,329524919.45629936,121996936.2376613,140708427628.1837,-42872627256.50849,-18585885974.63463,58910.03104131943
46,2020,3,2,0,59,41.97,-18660603.472,9059685.483,16474816.53,264.69184,-3260.13114,2094.784,2020-03-02 00:59:41.970,181958559.2340206,329835604.3773429,122205814.95541257,140717303571.4007,-42849185811.585045,-18575723268.172073,58910.0414579861
46,2020,3,2,1,14,41.97,-18261269.418,6055498.643,18211793.611,621.41786,-3406.16971,1759.59027,2020-03-02 01:14:41.970,181151336.2052825,330144540.9783188,122414045.79989968,140726174861.73828,-42825742974.49832,-18565559956.857704,58910.05187465277
46,2020,3,2,1,29,41.97,-17545318.419999998,2946318.0609999998,19632952.422,967.26028,-3493.1165100000003,1393.9923000000001,2020-03-02 01:29:41.970,180343159.29660955,330451727.0115101,122621627.4431483,140735041498.98648,-42802298746.05972,-18555396041.04753,58910.06229131943
46,2020,3,2,1,44,41.97,-16525277.415000001,-213930.816,20713775.711,1296.1914000000002,-3519.4982999999997,1004.39466,2020-03-02 01:44:41.970,179534032.36473107,330757160.23555684,122828558.55917922,140743903482.93536,-42778853127.080536,-18545231521.09758,58910.0727079861
46,2020,3,2,1,59,41.97,-15218966.776999999,-3370478.5609999998,21435705.213,1602.49337,-3484.91499,597.61464,2020-03-02 01:59:41.970,178723959.27357182,331060838.4154733,123034837.82401583,140752760813.37515,-42755406118.372086,-18535066397.363853,58910.08312465277
46,2020,3,2,2,14,41.97,-13649174.957999999,-6468680.418,21786457.259,1880.86022,-3390.04246,180.75723,2020-03-02 02:14:41.970,177912943.89425057,331362759.32266533,123240463.91569166,140761613490.09662,-42731957720.745575,-18524900670.20235,58910.09354131943
46,2020,3,2,2,29,41.97,-11843245.013,-9454978.299,21760223.778,2126.49131,-3236.61509,-238.9141,2020-03-02 02:29:41.970,177100990.10507792,331662920.73494625,123445435.51425804,140770461512.89072,-42708507935.01225,-18514734339.96905,58910.1039579861
46,2020,3,2,2,44,41.97,-9832581.625,-12277838.224,21357756.065,2335.17435,-3027.38879,-654.10824,2020-03-02 02:44:41.970,176288101.79155385,331961320.4365568,123649751.30179152,140779304881.5483,-42685056761.98328,-18504567407.019943,58910.11437465277
46,2020,3,2,2,59,41.97,-7652088.614,-14888646.102999998,20586331.07,2503.3566,-2766.0856200000003,-1057.63627,2020-03-02 02:59:41.970,175474282.84636623,332257956.21818006,123853409.96240178,140788143595.86096,-42661604202.46973,-18494399871.711002,58910.12479131943
46,2020,3,2,3,14,41.97,-5339548.068,-17242546.023,19459602.248,2628.20325,-2457.32166,-1442.53774,2020-03-02 03:14:41.970,174659537.1693876,332552825.8769595,124056410.18223897,140796977655.62,-42638150257.282715,-18484231734.39817,58910.1352079861
46,2020,3,2,3,29,41.97,-2934953.068,-19299206.588,17997339.134000003,2707.64206,-2106.51961,-1802.2013,2020-03-02 03:29:41.970,173843868.66767415,332845927.21651715,124258750.64950158,140805807060.6176,-42614694927.23329,-18474062995.437424,58910.14562465277
46,2020,3,2,3,44,41.97,-479806.54099999997,-21023502.628999997,16225061.826,2740.39395,-1719.80844,-2130.47732,2020-03-02 03:44:41.970,173027281.25546268,333137258.0469711,124460430.05444415,140814631810.64566,-42591238213.132385,-18463893655.18469,58910.15604131943
46,2020,3,2,3,59,41.97,1983600.9039999999,-22386101.428000003,14173578.262,2725.9891199999997,-1303.9119400000002,-2421.7809300000004,2020-03-02 03:59:41.970,172209778.85416836,333426816.1849521,124661447.0893848,140823451905.49664,-42567780115.790985,-18453723713.99589,58910.1664579861
46,2020,3,2,4,14,41.97,4412921.298,-23363944.601,11878433.753999999,2664.76904,-866.0286600000001,-2671.18378,2020-03-02 04:14:41.970,171391365.39238295,333714599.45362175,124861800.44871335,140832267344.9631,-42544320636.020004,-18443553172.22697,58910.17687465277
46,2020,3,2,4,29,41.97,6766475.086999999,-23940618.847000003,9379283.513,2557.87449,-413.70542,-2874.4932200000003,2020-03-02 04:29:41.970,170572044.80587187,334000605.6826908,125061488.82889874,140841078128.83777,-42520859774.63027,-18433382030.23383,58910.18729131943
46,2020,3,2,4,44,41.97,9003960.11,-24106610.866,6719199.917,2407.22028,45.293260000000004,-3028.31796,2020-03-02 04:44:41.970,169751821.03757203,334284832.7084359,125260510.92849694,140849884256.9139,-42497397532.43262,-18423210288.372375,58910.1977079861
46,2020,3,2,4,59,41.97,11087132.109,-23859443.785,3943927.091,2215.45741,503.11746999999997,-3130.1194,2020-03-02 04:59:41.970,168930698.0375895,334567278.3737178,125458865.44815898,140858685728.98483,-42473933910.2378,-18413037946.99849,58910.20812465277
46,2020,3,2,5,14,41.97,12980445.893,-23203694.51,1101095.885,1985.92364,951.96391,-3178.24829,2020-03-02 05:14:41.970,168108679.76319697,334847940.52799946,125656551.09063846,140867482544.8441,-42450468908.856514,-18402865006.46807,58910.21854131943
46,2020,3,2,5,29,41.97,14651647.189,-22150893.279,-1760587.389,1722.58357,1384.2053,-3171.96633,2020-03-02 05:29:41.970,167285770.17883134,335126817.02736366,125853566.56079984,140876274704.2855,-42427002529.099525,-18392691467.13697,58910.2289579861
46,2020,3,2,5,44,41.97,16072306.236,-20719308.567,-4592164.9799999995,1429.9592699999998,1792.51541,-3111.4529700000003,2020-03-02 05:44:41.970,166461973.25609097,335403905.734531,126049910.56562594,140885062207.10324,-42403534771.77738,-18382517329.361057,58910.23937465277
46,2020,3,2,5,59,41.97,17218285.324,-18933622.146,-7345251.204999999,1113.05304,2169.9879100000003,-2997.79749,2020-03-02 05:59:41.970,165637292.97373345,335679204.5188778,126245581.81422623,140893845053.0915,-42380065637.7007,-18372342593.49619,58910.24979131943
46,2020,3,2,6,14,41.97,18070133.584,-16824500.610999998,-9972842.412,777.2633,2510.24728,-2832.97696,2020-03-02 06:14:41.970,164811733.3176727,335952711.2564545,126440579.01784462,140902623242.04495,-42356595127.680016,-18362167259.898193,58910.2602079861
46,2020,3,2,6,29,41.97,18613403.619,-14428071.092,-12430100.928,428.29518,2807.55064,-2619.82057,2020-03-02 06:29:41.970,163985298.2809766,336224423.8300034,126634900.8898674,140911396773.75858,-42333123242.52587,-18351991328.922928,58910.27062465277
46,2020,3,2,6,44,41.97,18838885.708,-11785310.025999999,-14675101.078,72.06698,3056.87893,-2361.96113,2020-03-02 06:44:41.970,163157991.863864,336494340.12897736,126828546.1458315,140920165648.02716,-42309649983.04863,-18341814800.926167,58910.28104131943
46,2020,3,2,6,59,41.97,18742756.569000002,-8941354.924999999,-16669526.12,-285.38594,3254.01662,-2063.77465,2020-03-02 06:59:41.970,162329818.07370263,336762458.04955745,127021513.5034322,140928929864.64642,-42286175350.05876,-18331637676.263737,58910.2914579861
46,2020,3,2,7,14,41.97,18326640.830000002,-5944749.974,-18379305.756,-638.0087599999999,3395.61898,-1730.3089,2020-03-02 07:14:41.970,161500780.9250053,337028775.49467146,127213801.68253148,140937689423.4115,-42262699344.366585,-18321459955.29145,58910.30187465277
46,2020,3,2,7,29,41.97,17597584.539,-2846637.0310000004,-19775184.76,-979.82494,3479.266,-1367.20191,2020-03-02 07:29:41.970,160670884.4394281,337293290.3740122,127405409.40516602,140946444324.11847,-42239221966.78244,-18311281638.365074,58910.31229131943
46,2020,3,2,7,44,41.97,16567941.154,300095.757,-20833214.198999997,-1305.0327100000002,3503.50254,-980.59167,2020-03-02 07:44:41.970,159840132.64576697,337556000.6040562,127596335.3955553,140955194566.56345,-42215743218.116554,-18301102725.840374,58910.3227079861
46,2020,3,2,7,59,41.97,15255171.606,3441694.985,-21535157.745,-1608.09933,3467.864,-577.01793,2020-03-02 07:59:41.970,159008529.57995552,337816904.10808176,127786578.3801098,140963940150.54263,-42192263099.17917,-18290923218.07314,58910.33312465277
46,2020,3,2,8,14,41.97,13681561.084999999,6524439.494999999,-21868806.595,-1883.8517200000001,3372.8872,-163.3175,2020-03-02 08:14:41.970,158176079.28506112,338075998.81618774,127976137.08743916,140972681075.85257,-42168781610.78043,-18280743115.419094,58910.34354131943
46,2020,3,2,8,29,41.97,11873856.32,9495540.857,-21828197.635,-2127.56227,3220.10606,253.48584000000002,2020-03-02 08:29:41.970,157342785.81128278,338333282.66531193,128165010.24836037,140981417342.29025,-42145298753.73046,-18270562418.23399,58910.3539579861
46,2020,3,2,8,44,41.97,9862828.206,12304033.068999998,-21413730.67,-2335.0287500000004,3012.03193,666.2953299999999,2020-03-02 08:44:41.970,156508653.2159478,338588753.5992498,128353196.59590605,140990148949.65256,-42121814528.839355,-18260381126.873543,58910.36437465277
46,2020,3,2,8,59,41.97,7682765.712,14901637.571999999,-20632181.768,-2502.64688,2752.1184000000003,1068.0577899999998,2020-03-02 08:59:41.970,155673685.5635088,338842409.5686724,128540694.86533278,140998875897.7369,-42098328936.91707,-18250199241.693485,58910.37479131943
46,2020,3,2,9,14,41.97,5370908.14,17243589.68,-19496611.163000003,-2627.47456,2444.71077,1451.88116,2020-03-02 09:14:41.970,154837886.92554063,339094248.53114694,128727503.79412916,141007598186.3409,-42074841978.773636,-18240016763.049503,58910.3852079861
46,2020,3,2,9,29,41.97,2966823.8729999997,19289412.625,-18026165.608,-2707.28639,2094.98026,1811.15121,2020-03-02 09:29:41.970,154001261.38073742,339344268.4511539,128913622.12202434,141016315815.26224,-42051353655.21895,-18229833691.2973,58910.39562465277
46,2020,3,2,9,44,41.97,511744.855,21003625.757999998,-16245776.661,-2740.61728,1708.84353,2139.64576,2020-03-02 09:44:41.970,153163813.014909,339592467.3001059,129099048.59099634,141025028784.299,-42027863967.06288,-18219650026.792538,58910.40604131943
46,2020,3,2,9,59,41.97,-1952132.898,22356373.971,-14185758.098000001,-2726.7941499999997,1292.86827,2431.6443099999997,2020-03-02 09:59:41.970,152325545.92097813,339838843.05636793,129283781.9452803,141033737093.2497,-42004372915.115265,-18209465769.890892,58910.4164579861
46,2020,3,2,10,14,41.97,-4382371.535,23323966.22,-11881307.423,-2665.9546600000003,854.1658100000001,2682.03114,2020-03-02 10:14:41.970,151486464.19897708,340083393.70527476,129467820.93137692,141042440741.91254,-41980880500.18585,-18199280920.94804,58910.42687465277
46,2020,3,2,10,29,41.97,-6737024.249,23889312.14,-9371918.346,-2559.05198,400.27230000000003,2886.38977,2020-03-02 10:29:41.970,150646571.95604435,340326117.23915106,129651164.29806127,141051139730.0865,-41957386723.08438,-18189095480.319576,58910.43729131943
46,2020,3,2,10,44,41.97,-8975366.05,24042247.123,-6700712.944,-2407.84525,-60.97997,3041.08657,2020-03-02 10:44:41.970,149805873.3064213,340567011.6573298,129833810.79639043,141059834057.57065,-41933891584.62054,-18178909448.36115,58910.4477079861
46,2020,3,2,10,59,41.97,-11058609.227,23779738.022,-3913704.119,-2214.87509,-521.59884,3143.34177,2020-03-02 10:59:41.970,148964372.37144884,340806074.9661712,130015759.17971288,141068523724.1643,-41910395085.60391,-18168722825.428394,58910.45812465277
46,2020,3,2,11,14,41.97,-12950590.123,23105963.668,-1059000.661,-1983.4243199999999,-973.57372,3191.28569,2020-03-02 11:14:41.970,148122073.27956375,341043305.17908317,130197008.20367627,141077208729.6669,-41886897226.8441,-18158535611.876896,58910.46854131943
46,2020,3,2,11,29,41.97,-14618413.981,22032266.718,1814031.149,-1717.4642099999999,-1409.01962,3183.99884,2020-03-02 11:29:41.970,147278980.1662956,341278700.31653875,130377556.62623654,141085889073.87842,-41863398009.15058,-18148347808.062233,58910.4789579861
46,2020,3,2,11,44,41.97,-16033045.089,20576975.948,4655634.205,-1421.58679,-1820.32054,3121.53446,2020-03-02 11:44:41.970,146435097.17426306,341512258.40609676,130557403.207666,141094564756.59863,-41839897433.33289,-18138159414.340004,58910.48937465277
46,2020,3,2,11,59,41.97,-17169830.305999998,18765100.781,7416539.297,-1100.92471,-2200.26945,3004.9226400000002,2020-03-02 11:59:41.970,145590428.45317027,341743977.4824208,130736546.71056236,141103235777.62805,-41816395500.200356,-18127970431.06575,58910.49979131943
46,2020,3,2,12,14,41.97,-18008945.198000003,16627902.648,10048839.094,-761.05971,-2542.20155,2836.1556499999997,2020-03-02 12:14:41.970,144744978.1598031,341973855.58729756,130914985.89985709,141111902136.76703,-41792892210.56239,-18117780858.59503,58910.5102079861
46,2020,3,2,12,29,41.97,-18535753.533,14202350.5,12506840.408,-407.92191,-2840.11791,2618.15443,2020-03-02 12:29:41.970,143898750.4580256,342201890.7696587,131092719.54282404,141120563833.81656,-41769387565.22833,-18107590697.283386,58910.52062465277
46,2020,3,2,12,44,41.97,-18741072.668,11530470.427000001,14747878.047,-47.6818,-3088.79673,2354.71682,2020-03-02 12:44:41.970,143051749.51877692,342428081.0855972,131269746.40908846,141129220868.57758,-41745881565.0074,-18097399947.486347,58910.53104131943
46,2020,3,2,12,59,41.97,-18621339.342,8658601.692,16733074.273999998,313.36269,-3283.88969,2050.44869,2020-03-02 12:59:41.970,142203979.520066,342652424.59838957,131446065.27063517,141137873240.8513,-41722374210.70883,-18087208609.559395,58910.5414579861
46,2020,3,2,13,14,41.97,-18178672.555,5636573.575999999,18428029.042,668.9015400000001,-3422.0012199999996,1710.6792799999998,2020-03-02 13:14:41.970,141355444.64696935,342874919.37851447,131621674.90181792,141146520950.4394,-41698865503.141716,-18077016683.85805,58910.55187465277
46,2020,3,2,13,29,41.97,-17420832.456,2516819.1010000003,19803427.7,1012.72798,-3500.7492899999997,1341.3627900000001,2020-03-02 13:29:41.970,140506149.09162655,343095563.50367194,131796574.07936756,141155163997.1433,-41675355443.115166,-18066824170.737778,58910.56229131943
46,2020,3,2,13,44,41.97,-16361076.375,-646557.037,20835554.711,1338.8513,-3518.80625,948.96832,2020-03-02 13:44:41.970,139656097.05323598,343314355.0588038,131970761.58240144,141163802380.76553,-41651844031.438286,-18056631070.554043,58910.5727079861
46,2020,3,2,13,59,41.97,-15017915.315,-3798738.217,21506704.035,1641.60485,-3475.91937,540.3607099999999,2020-03-02 13:59:41.970,138805292.73805147,343531292.13611317,132144236.19243164,141172436101.10806,-41628331268.92002,-18046437383.662315,58910.58312465277
46,2020,3,2,14,14,41.97,-13414776.243,-6885164.832,21805479.092,1915.74704,-3372.91083,122.67478,2020-03-02 14:14:41.970,137953740.35937786,343746372.8350839,132316996.69337414,141181065157.97333,-41604817156.36929,-18036243110.418015,58910.59354131943
46,2020,3,2,14,29,41.97,-11579577.377,-9852494.098,21726977.612,2156.55344,-3211.65749,-296.81426999999996,2020-03-02 14:29:41.970,137101444.13756704,343959595.26250154,132489041.87155779,141189689551.16425,-41581301694.59505,-18026048251.176582,58910.6039579861
46,2020,3,2,14,44,41.97,-9544225.258000001,-12649532.885,21272859.078,2359.89815,-2995.0513499999997,-710.82174,2020-03-02 14:44:41.970,136248408.3000142,344170957.5324724,132660370.51573306,141198309280.4838,-41557784884.40606,-18015852806.29341,58910.61437465277
46,2020,3,2,14,59,41.97,-7344043.791,-15228126.646,20451294.842,2522.32345,-2726.9417599999997,-1112.1828600000001,2020-03-02 14:59:41.970,135394637.08115298,344380457.7664433,132830981.41708098,141206924345.7352,-41534266726.6111,-18005656776.123894,58910.62479131943
46,2020,3,2,15,14,41.97,-5017146.5,-17543988.764000002,19276803.242000002,2641.09621,-2412.06106,-1493.97847,2020-03-02 15:14:41.970,134540134.7224516,344588094.0932227,133000873.36922215,141215534746.72192,-41510747222.0189,-17995460161.023422,58910.6352079861
46,2020,3,2,15,29,41.97,-2603764.066,-19557456.110999998,17769974.215,2714.25071,-2055.9353300000002,-1849.6546,2020-03-02 15:29:41.970,133684905.47240873,344793864.6490002,133170045.1682258,141224140483.24786,-41487226371.438126,-17985262961.34736,58910.64562465277
46,2020,3,2,15,44,41.97,-145539.738,-21234158.366,15957089.791000001,2740.61721,-1664.78231,-2173.13393,2020-03-02 15:44:41.970,132828953.58654891,344997767.5773662,133338495.61261864,141232741555.1169,-41463704175.67739,-17975065177.451027,58910.65604131943
46,2020,3,2,15,59,41.97,2315194.5209999997,-22545590.505,13869648.626,2719.83615,-1245.3987,-2458.91729,2020-03-02 15:59:41.970,131972283.32741821,345199801.0293331,133506223.50339422,141241337962.13318,-41440180635.54519,-17964866809.689804,58910.6664579861
46,2020,3,2,16,14,41.97,4736148.301999999,-23469579.898,11543804.203,2652.35826,-805.03903,-2702.17377,2020-03-02 16:14:41.970,131114898.9645798,345399963.1633553,133673227.64402162,141249929704.10144,-41416655751.85009,-17954667858.41898,58910.67687465277
46,2020,3,2,16,29,41.97,7075796.783,-23990641.497,9019727.599,2539.43071,-351.28848,-2898.81808,2020-03-02 16:29:41.970,130256804.7746095,345598252.1453491,133839506.84045495,141258516780.82617,-41393129525.40049,-17944468323.993866,58910.68729131943
46,2020,3,2,16,44,41.97,9294086.351,-24100216.69,6340906.698,2383.0701099999997,108.06807,-3045.57427,2020-03-02 16:44:41.970,129398005.04109114,345794666.14871335,134005059.90114215,141267099192.11252,-41369601957.00476,-17934268206.769737,58910.6977079861
46,2020,3,2,16,59,41.97,11353110.237000002,-23796793.474999998,3553394.5,2186.0230500000002,565.1784399999999,-3140.02502,2020-03-02 16:59:41.970,128538504.05461188,345989203.35435,134169885.63703455,141275676937.76566,-41346073047.47124,-17924067507.10189,58910.70812465277
46,2020,3,2,17,14,41.97,13217743.411,-23085907.597000003,705019.66,1951.7152,1012.25494,-3180.64626,2020-03-02 17:14:41.970,127678306.11275771,346181861.95068455,134333982.86159566,141284250017.59103,-41322542797.608185,-17913866225.345566,58910.71854131943
46,2020,3,2,17,29,41.97,14856226.906,-21980026.201,-2155427.341,1684.19001,1441.70331,-3166.82671,2020-03-02 17:29:41.970,126817415.52010864,346372640.1336869,134497350.39081082,141292818431.39444,-41299011208.22383,-17903664361.856,58910.7289579861
46,2020,3,2,17,44,41.97,16240692.775,-20498317.394,-4979018.944999999,1388.03831,1846.24703,-3098.87258,2020-03-02 17:44:41.970,125955836.58823384,346561536.1068911,134659987.0431959,141301382178.98175,-41275478280.12627,-17893461916.98842,58910.73937465277
46,2020,3,2,17,59,41.97,17347622.022,-18666310.702,-7717512.9120000005,1068.3199699999998,2219.04513,-2977.9977299999996,2020-03-02 17:59:41.970,125093573.63568686,346748548.08141726,134821891.63980728,141309941260.1593,-41251944014.12364,-17883258891.09803,58910.74979131943
46,2020,3,2,18,14,41.97,18158229.005000003,-16515454.983,-10324159.416000001,730.47907,2553.80206,-2806.29965,2020-03-02 18:14:41.970,124230630.98800066,346933674.2759909,134983063.00425074,141318495674.73343,-41228408411.02395,-17873055284.540043,58910.7602079861
46,2020,3,2,18,29,41.97,18658767.038000003,-14082581.639,-12754480.422,380.25383,2844.8680600000002,-2586.72194,2020-03-02 18:29:41.970,123367012.97768286,347116912.9169653,135143499.96269065,141327045422.51096,-41204871471.63517,-17862851097.6696,58910.77062465277
46,2020,3,2,18,44,41.97,18840751.11,-11409282.196,-14967009.542,23.58275,3087.32884,-2323.0041699999997,2020-03-02 18:44:41.970,122502723.94421026,347298262.23834085,135303201.3438601,141335590503.29874,-41181333196.76523,-17852646330.84189,58910.78104131943
46,2020,3,2,18,59,41.97,18701094.861,-8541210.304,-16923981.32,-333.49188000000004,3277.0837199999996,-2019.6197900000002,2020-03-02 18:59:41.970,121637768.23402423,347477720.48178685,135462165.9790692,141344130916.9039,-41157793587.222,-17842440984.41204,58910.7914579861
46,2020,3,2,19,14,41.97,18242160.134000003,-5527319.11,-18591959.72,-684.92154,3410.911,-1681.70326,2020-03-02 19:14:41.970,120772150.2005251,347655285.8966624,135620392.70221567,141352666663.13412,-41134252643.8132,-17832235058.735176,58910.80187465277
46,2020,3,2,19,29,41.97,17471718.582000002,-2419045.669,-19942396.493,-1024.74914,3486.52011,-1314.96733,2020-03-02 19:29:41.970,119905874.20406748,347830956.7400368,135777880.34979346,141361197741.79694,-41110710367.34665,-17822028554.166405,58910.81229131943
46,2020,3,2,19,44,41.97,16402825.943,730545.3169999999,-20952111.047,-1347.20525,3502.5898,-925.6114600000001,2020-03-02 19:44:41.970,119038944.61195439,348004731.27671134,135934627.7609026,141369724152.70038,-41087166758.629974,-17811821471.060818,58910.8227079861
46,2020,3,2,19,59,41.97,15053610.706,3867645.622,-21603684.452,-1646.80186,3458.79178,-520.22278,2020-03-02 19:59:41.970,118171365.79843234,348176607.7792405,136090633.77725887,141378245895.65247,-41063621818.47081,-17801613809.773487,58910.83312465277
46,2020,3,2,20,14,41.97,13446979.975,6938602.288,-21885761.256,-1918.42246,3355.7995699999997,-105.67051,2020-03-02 20:14:41.970,117303142.14468575,348346584.52795196,136245897.2432029,141386762970.4618,-41040075547.67667,-17791405570.65947,58910.84354131943
46,2020,3,2,20,29,41.97,11610246.448,9890817.509,-21793253.914,-2157.40706,3195.2821,311.0047,2020-03-02 20:29:41.970,116434278.03883156,348514659.8109692,136400417.00571018,141395275376.93692,-41016527947.05507,-17781196754.073807,58910.8539579861
46,2020,3,2,20,44,41.97,9574681.499,12673635.871000001,-21327445.798,-2359.63117,2979.88193,722.70522,2020-03-02 20:44:41.970,115564777.87591353,348680831.92423236,136554191.9144007,141403783114.88687,-40992979017.41347,-17770987360.371517,58910.86437465277
46,2020,3,2,20,59,41.97,7375000.447000001,15239205.011,-20495990.048,-2521.57731,2713.17802,1122.39321,2020-03-02 20:59:41.970,114694646.05789687,348845099.17151904,136707220.82154804,141412286184.1207,-40969428759.5592,-17760777389.907604,58910.87479131943
46,2020,3,2,21,14,41.97,5048787.221,17543295.805999998,-19312802.874,-2640.39799,2399.63301,1503.20814,2020-03-02 21:14:41.970,113823886.99366242,349007459.8644662,136859502.58208975,141420784584.4478,-40945877174.29957,-17750566843.037056,58910.8852079861
46,2020,3,2,21,29,41.97,2635866.698,19546068.319000002,-17797851.422,-2713.96878,2044.52546,1858.58325,2020-03-02 21:29:41.970,112952505.0990008,349167912.3225918,137011036.0536368,141429278315.67807,-40922324262.44183,-17740355720.11484,58910.89562465277
46,2020,3,2,21,44,41.97,177634.123,21212770.110000003,-15976837.909,-2740.93044,1653.86744,2182.3593,2020-03-02 21:44:41.970,112080504.79660693,349326454.87331575,137161820.09648284,141437767377.62122,-40898770024.79313,-17730144021.4959,58910.90604131943
46,2020,3,2,21,59,41.97,-2283648.0,22514354.046,-13880783.455999998,-2720.7189,1234.30819,2468.8934,2020-03-02 21:59:41.970,111207890.51607396,349483085.851982,137311853.57361504,141446251770.08737,-40875214462.16065,-17719931747.53517,58910.9164579861
46,2020,3,2,22,14,41.97,-4705574.158000001,23428003.636,-11545516.861,-2653.58211,793.02518,2713.16103,2020-03-02 22:14:41.970,110334666.6938872,349637803.6018799,137461135.35072267,141454731492.88705,-40851657575.35141,-17709718898.587563,58910.92687465277
46,2020,3,2,22,29,41.97,-7046329.052,23937555.036999997,-9011075.412,-2540.58299,337.60369000000003,2910.84915,2020-03-02 22:29:41.970,109460837.77341843,349790606.4742657,137609664.29620782,141463206545.83072,-40828099365.17239,-17699505475.00796,58910.93729131943
46,2020,3,2,22,44,41.97,-9265416.938000001,24033806.327,-6321026.745,-2383.58781,-124.09294,3058.43824,2020-03-02 22:44:41.970,108586408.20491952,349941492.82838494,137757439.28119493,141471676928.7295,-40804539832.43053,-17689291477.151268,58910.9477079861
46,2020,3,2,22,59,41.97,-11324373.868999999,23714706.469,-3521722.591,-2185.23975,-584.06053,3153.27126,2020-03-02 22:59:41.970,107711382.4455164,350090461.0314933,137904459.17954046,141480142641.3943,-40780978977.93267,-17679076905.372314,58910.95812465277
46,2020,3,2,23,14,41.97,-13187449.447,22985418.441000003,-661496.958,-1948.91763,-1034.29606,3193.60789,2020-03-02 23:14:41.970,106835764.95920296,350237509.4588796,138050722.86784348,141488603683.63657,-40757416802.48564,-17668861760.025944,58910.96854131943
46,2020,3,2,23,29,41.97,-14822244.884,21858253.405,2210177.127,-1678.6802,-1466.94173,3178.6621400000004,2020-03-02 23:29:41.970,105959560.21683466,350382636.49388623,138196229.22545478,141497060055.2679,-40733853306.896164,-17658646041.466976,58910.9789579861
46,2020,3,2,23,44,41.97,-16200294.717,20352475.377,5043556.954,-1379.1968,-1874.42818,3108.62252,2020-03-02 23:44:41.970,105082772.6961221,350525840.5279327,138340977.1344875,141505511756.10037,-40710288491.97091,-17648429750.050213,58910.98937465277
46,2020,3,2,23,59,41.97,-17297580.365999997,18493978.571,7789509.243000001,-1055.66545,-2249.6137,2984.6535099999996,2020-03-02 23:59:41.970,104205406.88162462,350667119.96053594,138484965.4798268,141513958785.94568,-40686722358.51648,-17638212886.130444,58910.99979131943
46,2020,3,3,0,14,41.97,-18094963.754,16314846.957,10400377.264,-713.72062,-2585.91597,2808.87858,2020-03-03 00:14:41.970,103327467.26474395,350806473.1993347,138628193.1491398,141522401144.61655,-40663154907.33942,-17627995450.06241,58911.0102079861
46,2020,3,3,0,29,41.97,-18578539.754,13852776.675999999,12830848.728,-359.32931,-2877.43611,2584.34302,2020-03-03 00:29:41.970,102448958.34371737,350943898.66010886,138770659.0328864,141530838831.92535,-40639586139.24616,-17617777442.200867,58911.02062465277
46,2020,3,3,0,44,41.97,-18739879.566,11150438.209,15038732.841,1.3147499999999999,-3119.06501,2314.9612500000003,2020-03-03 00:44:41.970,101569884.62361129,351079394.7668038,138912362.02432814,141539271847.6851,-40616016055.04315,-17607558862.900517,58911.03104131943
46,2020,3,3,0,59,41.97,-18576188.957,8254703.590999999,16985731.424000002,361.90642,-3306.57962,2005.44472,2020-03-03 00:59:41.970,100690250.6163144,351212959.95155156,139053301.01953965,141547700191.70874,-40592444655.53672,-17597339712.516094,58911.0414579861
46,2020,3,3,1,14,41.97,-18090355.378,5215817.626,18638113.406,716.1441699999999,-3436.71923,1661.2154699999999,2020-03-03 01:14:41.970,99810060.8405309,351344592.6546933,139193474.9174178,141556123863.80972,-40568871941.53315,-17587119991.402233,58911.05187465277
46,2020,3,3,1,29,41.97,-17290892.778,2086504.1700000002,19967310.173,1057.84522,-3507.24358,1288.3058899999999,2020-03-03 01:29:41.970,98929319.82177353,351474291.3248024,139332882.61969227,141564542863.80154,-40545297913.83863,-17576899699.913647,58911.06229131943
46,2020,3,3,1,44,41.97,-16191783.921,-1078970.962,20950415.513,1381.05779,-3516.97102,893.2473,2020-03-03 01:44:41.970,98048032.09235685,351602054.418705,139471523.03093606,141572957191.49805,-40521722573.2593,-17566678838.40493,58911.0727079861
46,2020,3,3,1,59,41.97,-14812223.772,-4225762.22,21570581.074,1680.1682899999998,-3465.79615,482.94966,2020-03-03 01:59:41.970,97166202.19138996,351727880.401505,139609395.0585752,141581366846.71332,-40498145920.601234,-17556457407.230743,58911.08312465277
46,2020,3,3,2,14,41.97,-13176269.582999999,-7299413.239,21817300.612,1950.00117,-3354.68705,64.57513,2020-03-03 02:14:41.970,96283834.66476957,351851767.7466038,139746497.6128996,141589771829.26163,-40474567956.67042,-17546235406.745647,58911.09354131943
46,2020,3,3,2,29,41.97,-11312405.097000001,-10246814.103999998,21686578.652,2185.90961,-3185.6623,-354.59188,2020-03-03 02:29:41.970,95400934.0651727,351973714.93572545,139882829.60707256,141598172138.95752,-40450988682.2728,-17536012837.30426,58911.1039579861
46,2020,3,3,2,44,41.97,-9253027.862000002,-13017129.272,21180981.61,2383.8554099999997,-2961.74889,-767.27554,2020-03-03 02:44:41.970,94517504.95204937,352093720.4589373,140018389.95714208,141606567775.61575,-40427408098.21427,-17525789699.261112,58911.11437465277
46,2020,3,3,2,59,41.97,-7033870.012,-15562679.343,20309571.774,2540.47681,-2686.9220600000003,-1166.33765,2020-03-03 02:59:41.970,93633551.89161551,352211782.8146737,140153177.5820505,141614958739.05154,-40403826205.30057,-17515565992.970753,58911.12479131943
46,2020,3,3,3,14,41.97,-4693363.873000001,-17839761.206,19087726.798,2653.14312,-2366.02873,-1544.90262,2020-03-03 03:14:41.970,92749079.45684533,352327900.5097583,140287191.40364543,141623345029.08008,-40380243004.337456,-17505341718.78769,58911.1352079861
46,2020,3,3,3,29,41.97,-2271964.552,-19809392.579,17536849.450999998,2719.99559,-2004.6964100000002,-1896.47601,2020-03-03 03:29:41.970,91864092.22746377,352442072.0594273,140420430.34668964,141631726645.5168,-40356658496.1306,-17495116877.066418,58911.14562465277
46,2020,3,3,3,44,41.97,188557.853,-21437968.733000003,15683974.304,2739.97402,-1609.2295100000001,-2215.05472,2020-03-03 03:44:41.970,90978594.78993909,352554295.98735136,140552893.338872,141640103588.17752,-40333072681.485565,-17484891468.161434,58911.15604131943
46,2020,3,3,3,59,41.97,2645843.557,-22697821.091000002,13561279.691,2712.82905,-1186.49532,-2495.227,2020-03-03 03:59:41.970,90092591.73747501,352664570.82565916,140684579.31081772,141648475856.87833,-40309485561.207886,-17474665492.427162,58911.1664579861
46,2020,3,3,4,14,41.97,5057673.0600000005,-23567669.418,11205514.794,2639.1203100000002,-743.80195,-2732.26086,2020-03-03 04:14:41.970,89206087.6700032,352772895.1149607,140815487.1960991,141656843451.4355,-40285897136.10299,-17464438950.21803,58911.17687465277
46,2020,3,3,4,29,41.97,7382689.220000001,-24032961.349,8657352.876999998,2520.2008,-288.77047,-2922.17956,2020-03-03 04:29:41.970,88319087.19417521,352879267.40436906,140945615.9312457,141665206371.6654,-40262307406.97628,-17454211841.88849,58911.18729131943
46,2020,3,3,4,44,41.97,9581099.293,-24086095.157,5960682.694,2358.18811,170.79639,-3061.82342,2020-03-03 04:44:41.970,87431594.92335483,352983686.2515245,141074964.45575535,141673564617.38477,-40238716374.63305,-17443984167.792862,58911.1977079861
46,2020,3,3,4,59,41.97,11615345.5,-23726523.636,3161850.776,2155.9234300000003,627.0467,-3148.89705,2020-03-03 04:59:41.970,86543615.47760972,353086150.22261757,141203531.71210447,141681918188.41077,-40215124039.878525,-17433755928.28556,58911.20812465277
46,2020,3,3,5,14,41.97,13450733.465,-22960739.064000003,308867.806,1916.91908,1072.21083,-3182.0018800000003,2020-03-03 05:14:41.970,85655153.48370378,353186657.89241093,141331316.64575905,141690267084.56055,-40191530403.51786,-17423527123.720917,58911.21854131943
46,2020,3,3,5,29,41.97,15056008.849,-21802141.018,-2549407.509,1645.29603,1498.7298899999998,-3160.6536699999997,2020-03-03 05:29:41.970,84766213.57508849,353285207.84426427,141458318.20518482,141698611305.65155,-40167935466.35617,-17413297754.453255,58911.2289579861
46,2020,3,3,5,44,41.97,16403873.521000002,-20270790.687,-5364093.637,1345.71229,1899.37928,-3085.2851499999997,2020-03-03 05:44:41.970,83876800.39189516,353381798.6701566,141584535.3418584,141706950851.50153,-40144339229.19846,-17403067820.836857,58911.23937465277
46,2020,3,3,5,59,41.97,17471433.781,-18393056.875,-8087107.240999999,1023.28369,2267.3855,-2957.2341899999997,2020-03-03 05:59:41.970,82986918.58092624,353476428.9707096,141709967.01027793,141715285721.92834,-40120741692.849655,-17392837323.22601,58911.24979131943
46,2020,3,3,6,14,41.97,18240574.285,-16201160.459,-10671967.154,683.49824,2596.5348000000004,-2778.71785,2020-03-03 06:14:41.970,82096572.79564698,353569097.35521114,141834612.16797373,141723615916.7504,-40097142858.11468,-17382606261.97495,58911.2602079861
46,2020,3,3,6,29,41.97,18698252.57,-13732625.298,-13074568.966,332.12555,2881.27216,-2552.79313,2020-03-03 06:29:41.970,81205767.69617705,353659802.4416384,141958469.77551928,141731941435.786,-40073542725.79826,-17372374637.437927,58911.27062465277
46,2020,3,3,6,44,41.97,18836710.263,-11029644.827,-15253918.509,-24.877509999999997,3116.7895,-2283.30502,2020-03-03 06:44:41.970,80314507.94928174,353748542.8566817,142081538.79654184,141740262278.85376,-40049941296.70522,-17362142449.969135,58911.28104131943
46,2020,3,3,6,59,41.97,18653598.264,-8138374.506,-17172813.314,-381.46344,3299.1020999999996,-1974.8229900000001,2020-03-03 06:59:41.970,79422798.2283634,353835317.2357682,142203818.19773343,141748578445.7727,-40026338571.64011,-17351909699.92276,58911.2914579861
46,2020,3,3,7,14,41.97,18152014.398,-5108161.179,-18798461.918,-731.59177,3425.1122299999997,-1632.56661,2020-03-03 07:14:41.970,78530643.21345264,353920124.22308445,142325306.9488619,141756889936.36218,-40002734551.407555,-17341676387.65295,58911.30187465277
46,2020,3,3,7,29,41.97,17340453.152999997,-1990721.117,-20103031.849,-1069.32654,3492.65945,-1262.32151,2020-03-03 07:29:41.970,77638047.5911994,354002962.4716011,142446004.02278122,141765196750.44125,-39979129236.812065,-17331442513.513855,58911.31229131943
46,2020,3,3,7,44,41.97,16232668.271,1160720.899,-21064118.013,-1388.93229,3500.5568,-870.34681,2020-03-03 07:44:41.970,76745016.05486426,354083830.64309597,142565908.39544353,141773498887.8298,-39955522628.658066,-17321208077.85959,58911.3227079861
46,2020,3,3,7,59,41.97,14847450.066,4292318.5819999995,-21665124.294,-1684.96737,3448.61249,-463.27499,2020-03-03 07:59:41.970,75851553.30430892,354162727.4081776,142685019.0459088,141781796348.34766,-39931914727.749886,-17310973081.04423,58911.33312465277
46,2020,3,3,8,14,41.97,13208320.433,7350503.964000001,-21895552.167000003,-1952.37331,3337.63665,-48.00561,2020-03-03 08:14:41.970,74957664.04598755,354239651.4463098,142803334.95635715,141790089131.815,-39908305534.89182,-17300737523.421844,58911.34354131943
46,2020,3,3,8,29,41.97,11343149.595,10282886.461,-21751191.299999997,-2186.55918,3169.43288,368.40602,2020-03-03 08:29:41.970,74063352.99293709,354314601.44583476,142920855.1120987,141798377238.05215,-39884695050.88807,-17290501405.346478,58911.3539579861
46,2020,3,3,8,44,41.97,9283699.735,13039137.375,-21234208.293,-2383.4795299999996,2946.77428,778.8636300000001,2020-03-03 08:44:41.970,73168624.8647685,354387576.10399646,143037578.50158536,141806660666.87982,-39861083276.542755,-17280264727.17214,58911.36437465277
46,2020,3,3,8,59,41.97,7065101.75,15571845.927000001,-20353130.983,-2539.70482,2673.3641399999997,1176.34698,2020-03-03 08:59:41.970,72273484.38765687,354458574.12696654,143153504.11642212,141814939418.11884,-39837470212.65994,-17270027489.25282,58911.37479131943
46,2020,3,3,9,14,41.97,4725272.475,17837332.917,-19122727.145,-2652.48309,2353.7812,1554.0293000000001,2020-03-03 09:14:41.970,71377936.29433188,354527594.2298653,143268630.95137754,141823213491.59024,-39813855860.04356,-17259789691.9425,58911.3852079861
46,2020,3,3,9,29,41.97,2304280.802,19796408.305,-17563777.904999997,-2719.7916800000003,1993.40976,1905.39353,2020-03-03 09:29:41.970,70481985.32406855,354594635.136789,143382958.00439522,141831482887.11542,-39790240219.49757,-17249551335.595093,58911.39562465277
46,2020,3,3,9,44,41.97,-156327.763,21415059.353,-15702747.805000002,-2740.37765,1598.35539,2224.34542,2020-03-03 09:44:41.970,69585636.22267744,354659695.58083093,143496484.27660492,141839747604.51602,-39766623291.825745,-17239312420.56454,58911.40604131943
46,2020,3,3,9,59,41.97,-2614237.583,22665056.601,-13571355.19,-2713.78616,1175.34681,2505.32159,2020-03-03 09:59:41.970,68688893.74249455,354722774.30410755,143609208.772334,141848007643.61374,-39743005077.83182,-17229072947.20473,58911.4164579861
46,2020,3,3,10,14,41.97,-5027088.923,23524465.812,-11206048.396,-2640.37543,731.6252800000001,2743.3904199999997,2020-03-03 10:14:41.970,67791762.64237182,354783870.05778164,143721130.4991188,141856263004.23074,-39719385578.31949,-17218832915.86954,58911.42687465277
46,2020,3,3,10,29,41.97,-7353211.255,23978055.216000002,-8647395.116,-2521.31777,274.82279,2934.3438100000003,2020-03-03 10:29:41.970,66894247.68766699,354842981.6020869,143832248.46771502,141864513686.18945,-39695764794.09232,-17208592326.912777,58911.43729131943
46,2020,3,3,10,44,41.97,-9552350.94,24017588.871,-5939394.176,-2358.58601,-187.16885,3074.7774799999997,2020-03-03 10:44:41.970,65996353.65023337,354900107.706352,143942561.69211024,141872759689.31226,-39672142725.9538,-17198351180.688286,58911.4477079861
46,2020,3,3,10,59,41.97,-11586380.011,23641998.810000002,-3128720.817,-2154.92506,-646.3360799999999,3162.1580900000004,2020-03-03 10:59:41.970,65098085.30840994,354955247.14902514,144052069.18953446,141881001013.4219,-39648519374.707375,-17188109477.549854,58911.45812465277
46,2020,3,3,11,14,41.97,-13419972.675,22857430.766000003,-263918.26200000005,-1913.80864,-1094.68601,3194.87522,2020-03-03 11:14:41.970,64199447.44701065,355008398.7176982,144160769.98047167,141889237658.3416,-39624894741.15641,-17177867217.85124,58911.46854131943
46,2020,3,3,11,29,41.97,-15021236.397,21677160.669,2605450.1289999997,-1639.38173,-1524.39064,3172.27677,2020-03-03 11:29:41.970,63300444.8573146,355059561.209131,144268663.08867142,141897469623.89447,-39601268826.104126,-17167624401.946188,58911.4789579861
46,2020,3,3,11,44,41.97,-16362284.983,20121381.737,5429672.593,-1336.38941,-1927.92977,3094.68645,2020-03-03 11:44:41.970,62401082.33705504,355108733.42927605,144375747.54116017,141905696909.90408,-39577641630.35373,-17157381030.188408,58911.48937465277
46,2020,3,3,11,59,41.97,-17419741.996,18216864.716000002,8159768.168,-1010.09343,-2298.22942,2963.4028,2020-03-03 11:59:41.970,61501364.69040909,355155914.19330305,144482022.36825246,141913919516.19434,-39554013154.70837,-17147137102.931593,58911.49979131943
46,2020,3,3,12,14,41.97,-18175164.150000002,15996496.627,10748356.467,-666.1781100000001,-2628.7929,2780.67922,2020-03-03 12:14:41.970,60601296.7279869,355201102.325623,144587486.60356295,141922137442.58893,-39530383399.971,-17136892620.529387,58911.5102079861
46,2020,3,3,12,29,41.97,-18615375.857,13498706.061999999,13150501.066000002,-310.64734999999996,-2913.82138,2549.68537,2020-03-03 12:29:41.970,59700883.26682099,355244296.65991324,144692139.2840176,141930350688.91235,-39506752366.944626,-17126647583.335442,58911.52062465277
46,2020,3,3,12,44,41.97,-18732707.981,10766785.690000001,15324509.962,50.284870000000005,-3148.3213299999998,2274.4505400000003,2020-03-03 12:44:41.970,58800129.13035515,355285496.0391417,144795979.44986516,141938559254.98895,-39483120056.43209,-17116401991.70335,58911.53104131943
46,2020,3,3,12,59,41.97,-18525135.909,7848124.871,17232677.375,410.30834,-3328.19641,1959.79014,2020-03-03 12:59:41.970,57899039.148433775,355324699.3155922,144899006.14468896,141946763140.64343,-39459486469.236176,-17106155845.98671,58911.5414579861
46,2020,3,3,13,14,41.97,-17996314.207,4793367.311,18841952.454,763.13216,-3450.32194,1611.21709,2020-03-03 13:14:41.970,56997618.15729043,355361905.3508886,145001218.41541845,141954962345.70074,-39435851606.15958,-17095909146.539051,58911.55187465277
46,2020,3,3,13,29,41.97,-17155507.405,1655510.2110000001,20124522.058,1102.59959,-3512.6002,1234.83988,2020-03-03 13:29:41.970,56095870.999536864,355397113.01601964,145102615.312341,141963156869.9862,-39412215468.00492,-17085661893.713919,58911.56229131943
46,2020,3,3,13,44,41.97,-16017418.64,-1511037.48,21058296.722,1422.7998,-3513.99588,837.2496900000001,2020-03-03 13:44:41.970,55193802.52415155,355430321.19136363,145203195.88911295,141971346713.32513,-39388578055.57471,-17075414087.864815,58911.5727079861
46,2020,3,3,13,59,41.97,-14601920.064,-4651419.438,21627291.064,1718.17407,-3454.5509,425.39919,2020-03-03 13:59:41.970,54291417.586468466,355461528.7667141,145302959.20277223,141979531875.54315,-39364939369.67145,-17065165729.345198,58911.58312465277
46,2020,3,3,14,14,41.97,-12933690.863,-7711300.479,21821892.217,1983.61454,-3335.37879,6.475339999999999,2020-03-03 14:14:41.970,53388721.048165366,355490734.6413036,145401904.31374937,141987712356.46637,-39341299411.097466,-17054916818.508509,58911.59354131943
46,2020,3,3,14,29,41.97,-11041770.558,-10637820.958,21639012.268999998,2214.55345,-3158.63911,-412.23076,2020-03-03 14:29:41.970,52485717.7772523,355517937.72382975,145500030.28587976,141995888155.92075,-39317658180.655075,-17044667355.708185,58911.6039579861
46,2020,3,3,14,44,41.97,-8959036.773,-13380519.442,21082123.071999997,2407.04149,-2927.49268,-823.45464,2020-03-03 14:44:41.970,51582412.648059815,355543136.9324793,145597336.18641487,142004059273.73273,-39294015679.14647,-17034417341.297585,58911.61437465277
46,2020,3,3,14,59,41.97,-6721617.972,-15892207.039,20161174.153,2557.81383,-2646.03917,-1220.08708,2020-03-03 14:59:41.970,50678810.54122711,355566331.1949536,145693821.08603463,142012225709.72885,-39270371907.37379,-17024166775.63009,58911.62479131943
46,2020,3,3,15,14,41.97,-4368252.647,-18129778.069,18892396.676,2664.34288,-2319.23836,-1595.29831,2020-03-03 15:14:41.970,49774916.34369009,355587519.44849336,145789484.05885908,142020387463.73615,-39246726866.139015,-17013915659.059027,58911.6352079861
46,2020,3,3,15,29,41.97,-1939607.209,-20054943.357,17297998.479999997,2724.8772799999997,-1952.81722,-1942.65551,2020-03-03 15:29:41.970,48870734.948669314,355606700.6399048,145884324.18246022,142028544535.58157,-39223080556.24413,-17003663991.937693,58911.64562465277
46,2020,3,3,15,44,41.97,522434.774,-21634874.167999998,15405757.116999999,2738.4665099999997,-1553.16467,-2256.2317,2020-03-03 15:44:41.970,47966271.255657844,355623873.72558355,145978340.53787354,142036696925.09256,-39199432978.491,-16993411774.619389,58911.65604131943
46,2020,3,3,15,59,41.97,2975499.0790000004,-22842746.770999998,13248519.455,2704.97128,-1127.2163,-2530.70419,2020-03-03 15:59:41.970,47061530.170408905,355639037.67154056,146071532.2096109,142044844632.09653,-39175784133.68139,-16983159007.457323,58911.6664579861
46,2020,3,3,16,14,41.97,5377450.285,-23658179.595000003,10863617.86,2625.05978,-682.3314,-2761.44128,2020-03-03 16:14:41.970,46156516.604923524,355652191.4534269,146163898.28567156,142052987656.42163,-39152134022.617004,-16972905690.804743,58911.67687465277
46,2020,3,3,16,29,41.97,7687111.654999999,-24067557.052,8292214.153000001,2500.1902099999998,-226.16447,-2944.57591,2020-03-03 16:29:41.970,45251235.47743809,355663334.05655956,146255437.85755455,142061125997.8955,-39128482646.09942,-16962651825.014816,58911.68729131943
46,2020,3,3,16,44,41.97,9864963.397,-24064236.167999998,5578583.45,2332.58035,233.46636,-3077.0654799999998,2020-03-03 16:44:41.970,44345691.71241164,355672464.47594684,146346150.02027094,142069259656.3468,-39104830004.930145,-16952397410.440712,58911.6977079861
46,2020,3,3,16,59,41.97,11873807.977,-23648634.218,2769350.693,2125.16493,688.7118300000001,-3156.73708,2020-03-03 16:59:41.970,43439890.240512945,355679581.7163131,146436033.8723553,142077388631.60376,-39081176099.9107,-16942142447.435568,58911.70812465277
46,2020,3,3,17,14,41.97,13679391.944,-22828197.542000003,-87306.892,1881.54178,1131.82271,-3182.31792,2020-03-03 17:14:41.970,42533835.998608135,355684684.79212475,146525088.51587838,142085512923.49524,-39057520931.84232,-16931886936.352465,58911.71854131943
46,2020,3,3,17,29,41.97,15250974.726,-21617253.615000002,-2942477.988,1605.90804,1555.27774,-3153.45079,2020-03-03 17:29:41.970,41627533.92974745,355687772.7276153,146613313.05645886,142093632531.8503,-39033864501.52635,-16921630877.544498,58911.7289579861
46,2020,3,3,17,44,41.97,16561835.906,-20036750.197,-5747342.592,1302.98749,1951.9063800000001,-3070.69472,2020-03-03 17:44:41.970,40720988.98315205,355688844.5568115,146700706.60327533,142101747456.49817,-39010206809.763916,-16911374271.364689,58911.73937465277
46,2020,3,3,17,59,41.97,17589713.623,-18113887.009999998,-8453991.447,977.95034,2315.0045800000003,-2935.51107,2020-03-03 17:59:41.970,39814206.11420096,355687899.32355785,146787268.26907906,142109857697.26834,-38986547857.35607,-16901117118.166046,58911.74979131943
46,2020,3,3,18,14,41.97,18317167.937,-15881646.862,-11016226.68,636.32691,2638.44219,-2750.23579,2020-03-03 18:14:41.970,38907190.28441787,355684936.0815436,146872997.17020577,142117963253.99048,-38962887645.10387,-16890859418.301567,58911.7602079861
46,2020,3,3,18,29,41.97,18731864.199,-13378234.413,-13390331.382000001,283.91643999999997,2916.76063,-2518.03827,2020-03-03 18:29:41.970,37999946.46145751,355679953.89432716,146957892.42658773,142126064126.49448,-38939226173.80817,-16880601172.124197,58911.77062465277
46,2020,3,3,18,44,41.97,18826772.691,-10646431.949,-15535796.521,-73.30757,3145.25947,-2242.8678099999997,2020-03-03 18:44:41.970,37092479.61909221,355672951.83536214,147041953.1617663,142134160314.6106,-38915563444.269806,-16870342379.986853,58911.78104131943
46,2020,3,3,18,59,41.97,18600281.984,-7732882.465,-17415994.366,-429.29422,3320.07118,-1929.38845,2020-03-03 18:59:41.970,36184794.73719811,355663928.9880234,147125178.50290415,142142251818.1692,-38891899457.28946,-16860083042.242424,58911.7914579861
46,2020,3,3,19,14,41.97,18056224.664,-4687311.24,-18998788.441,-778.01289,3438.2229899999998,-1582.90327,2020-03-03 19:14:41.970,35276896.80174174,355652884.4456319,147207567.58079752,142150338637.00107,-38868234213.66783,-16849823159.243774,58911.80187465277
46,2020,3,3,19,29,41.97,17203815.213999998,-1561697.7340000002,-20257070.933,-1113.55056,3497.68527,-1209.26905,2020-03-03 19:29:41.970,34368790.80476553,355639817.31148195,147289119.52988836,142158420770.9369,-38844567714.20543,-16839562731.343721,58911.81229131943
46,2020,3,3,19,44,41.97,16057500.958,1590589.7310000001,-21169219.467,-1430.2074499999999,3497.4057900000003,-814.8026000000001,2020-03-03 19:44:41.970,33460481.74437425,355624726.6988657,147369833.4882771,142166498219.80792,-38820899959.70269,-16829301758.895075,58911.8227079861
46,2020,3,3,19,59,41.97,14636728.103,4715683.586,-21719466.163000003,-1722.58987,3437.3294,-406.17973,2020-03-03 19:59:41.970,32551974.624720838,355607611.7310998,147449708.5977347,142174570983.44562,-38797230950.96003,-16819040242.250591,58911.83312465277
46,2020,3,3,20,14,41.97,12965625.974000001,7760117.62,-21898172.961,-1985.69898,3318.4026700000004,9.67184,2020-03-03 20:14:41.970,31643274.45599193,355588471.5415503,147528744.00371528,142182639061.68134,-38773560688.77765,-16808778181.763008,58911.84354131943
46,2020,3,3,20,29,41.97,11072613.649,10671724.957,-21702008.334999997,-2215.0142499999997,3142.56338,425.68428,2020-03-03 20:29:41.970,30734386.254393373,355567305.2736598,147606938.85536832,142190702454.34705,-38749889173.955765,-16798515577.785023,58911.8539579861
46,2020,3,3,20,44,41.97,8989934.278,13400519.57,-21134021.72,-2406.57051,2912.71448,834.76491,2020-03-03 20:44:41.970,29825315.042136192,355544112.08097297,147684292.3055515,142198761161.27478,-38726216407.29448,-16788252430.669312,58911.86437465277
46,2020,3,3,20,59,41.97,6753123.4569999995,15899547.447999999,-20203613.270000003,-2557.02722,2632.68262,1229.91329,2020-03-03 20:59:41.970,28916065.847421482,355518891.127162,147760803.5108427,142206815182.29703,-38702542389.593765,-16777988740.768528,58911.87479131943
46,2020,3,3,21,14,41.97,4400419.170999999,18125693.497,-18926397.966000002,-2663.72886,2307.16135,1604.33863,2020-03-03 21:14:41.970,28006643.70442593,355491641.5860537,147836471.63155308,142214864517.24606,-38678867121.6535,-16767724508.435244,58911.8852079861
46,2020,3,3,21,29,41.97,1972121.8590000002,20040430.520000003,-17323964.61,-2724.7551799999997,1941.63924,1951.57567,2020-03-03 21:29:41.970,27097053.65328672,355462362.64165443,147911295.8317392,142222909165.9547,-38655190604.27354,-16757459734.022058,58911.89562465277
46,2020,3,3,21,44,41.97,-490085.718,21610496.98,-15423531.875,-2738.9601,1542.3136399999999,2265.5972100000004,2020-03-03 21:44:41.970,26187300.74008666,355431053.48817694,147985275.27921575,142230949128.2561,-38631512838.253555,-16747194417.881495,58911.90604131943
46,2020,3,3,21,59,41.97,-2943848.139,22808490.912,-13257505.321,-2705.99824,1115.9907600000001,2540.9213400000003,2020-03-03 21:59:41.970,25277390.016839106,355397713.33006674,148058409.1455682,142238984403.98334,-38607833824.39319,-16736928560.366093,58911.9164579861
46,2020,3,3,22,14,41.97,-5346864.9290000005,23613368.267,-10862941.122,-2626.3381200000003,669.97342,2772.71118,2020-03-03 22:14:41.970,24367326.541472413,355362341.38202715,148130696.60616553,142247014992.9699,-38584153563.49199,-16726662161.828318,58911.92687465277
46,2020,3,3,22,29,41.97,-7657623.722,24010835.188,-8280924.123000001,-2501.2612,211.93788999999998,2956.8651400000003,2020-03-03 22:29:41.970,23457115.377814785,355324936.86904657,148202136.8401724,142255040895.04962,-38560472056.34935,-16716395222.620594,58911.93729131943
46,2020,3,3,22,44,41.97,-9836126.021,23993625.282,-5555869.743,-2332.8463500000003,-250.19816,3090.09557,2020-03-03 22:44:41.970,22546761.595578916,355285499.02642477,148272729.0305625,142263062110.0564,-38536789303.76463,-16706127743.095352,58911.9477079861
46,2020,3,3,22,59,41.97,-11844592.269000001,23561654.821,-2734761.034,-2123.93936,-708.4144799999999,3169.9939,2020-03-03 22:59:41.970,21636270.270345755,355244027.09979844,148342472.3641309,142271078637.8243,-38513105306.53704,-16695859723.604965,58911.95812465277
46,2020,3,3,23,14,41.97,-13648132.841,22722050.962,133666.081,-1878.10776,-1154.73114,3195.0803699999997,2020-03-03 23:14:41.970,20725646.48354939,355200520.34516776,148411366.0315067,142279090478.18777,-38489420065.465805,-16685591164.501764,58911.96854131943
46,2020,3,3,23,29,41.97,-15215371.89,21489050.555000003,2999774.9159999997,-1599.58136,-1581.35275,3164.83707,2020-03-03 23:29:41.970,19814895.322460648,355154978.02892315,148479409.22716615,142287097630.98145,-38465733581.3499,-16675322066.13808,58911.9789579861
46,2020,3,3,23,44,41.97,-16519011.558999998,19883769.694,5813901.796,-1293.17937,-1980.81093,3079.72291,2020-03-03 23:44:41.970,18904021.880171355,355107399.4278711,148546601.14944506,142295100096.04034,-38442045854.98827,-16665052428.866182,58911.98937465277
46,2020,3,3,23,59,41.97,-17536325.071,17933846.966000002,8527235.005,-964.2254300000001,-2346.10201,2941.17002,2020-03-03 23:59:41.970,17993031.317724116,355057783.8327151,148612940.99605542,142303097870.67056,-38418356894.66423,-16654782256.28284,58911.99979131943
46,2020,3,4,0,14,41.97,-18249567.457000002,15672970.663,11092677.326000001,-618.45274,-2670.81637,2751.56153,2020-03-04 00:14:41.970,17081928.61551988,355006130.53440344,148678427.98214164,142311090959.76663,-38394666686.20812,-16644511542.251375,58912.0102079861
46,2020,3,4,0,29,41.97,-18646302.088,13140271.441000002,13465703.32,-261.898,-2949.25922,2514.1892700000003,2020-03-04 00:29:41.970,16170718.946154142,354952438.84446543,148743061.31314093,142319079360.63388,-38370975237.902596,-16634240290.368317,58912.02062465277
46,2020,3,4,0,44,41.97,-18719618.332999997,10379657.805000002,15605124.02,99.20577999999999,-3176.5532799999996,2233.1962500000004,2020-03-04 00:44:41.970,15259407.425838895,354896708.0816375,148806840.20295686,142327063073.1079,-38347282550.546265,-16623968500.985817,58912.03104131943
46,2020,3,4,0,59,41.97,-18468261.262,7439020.451,17473838.764,458.54545,-3348.73036,1913.50007,2020-03-04 00:59:41.970,14347999.176524786,354838937.57520485,148869763.86941668,142335042097.02496,-38323588624.93752,-16613696174.455973,58912.0414579861
46,2020,3,4,1,14,41.97,-17896650.700999998,4369384.913,19039487.917999998,809.8428399999999,-3462.80276,1560.70251,2020-03-04 01:14:41.970,13436499.325884432,354779126.66502804,148931831.53428498,142343016432.22116,-38299893461.874756,-16603423311.13085,58912.05187465277
46,2020,3,4,1,29,41.97,-17014798.024,1224003.9309999999,20275022.892,1146.96934,-3516.8159600000004,1180.9858900000002,2020-03-04 01:29:41.970,12524913.00729521,354717274.70156926,148993042.42327604,142350986078.53305,-38276197062.1563,-16593149911.362495,58912.06229131943
46,2020,3,4,1,44,41.97,-15838121.227,-1942588.6290000002,21159177.981000002,1464.0569400000002,-3509.8812399999997,780.9989499999999,2020-03-04 01:44:41.970,11613245.359822413,354653381.04591864,149053395.76606733,142358951035.7974,-38252499426.58026,-16582875975.5029,58912.0727079861
46,2020,3,4,1,59,41.97,-14387162.462,-5075543.933,21676835.599999998,1755.6036,-3442.1877,367.73455,2020-03-04 01:59:41.970,10701501.52820193,354587445.0698223,149112890.79631194,142366911303.85107,-38228800555.94473,-16572601503.90404,58912.08312465277
46,2020,3,4,2,14,41.97,-12687214.14,-8120665.961,21819278.847000003,2016.5707199999997,-3314.99386,-51.59805,2020-03-04 02:14:41.970,9789686.662822615,354519466.1557073,149171526.7516524,142374866882.53137,-38205100451.04769,-16562326496.917841,58912.09354131943
46,2020,3,4,2,29,41.97,-10767861.5,-11025362.709999999,21584327.684,2242.47104,-3130.5993399999998,-469.70357,2020-03-04 02:29:41.970,8877805.919709135,354449443.69670904,149229302.8737331,142382817771.67557,-38181399112.68702,-16552050954.896181,58912.1039579861
46,2020,3,4,2,44,41.97,-8662451.03,-13739563.308999998,20976357.457,2429.44528,-2892.29765,-879.3314,2020-03-04 02:44:41.970,7965864.460503996,354377377.0966985,149286218.40821362,142390763971.1215,-38157696541.66045,-16541774878.19094,58912.11437465277
46,2020,3,4,2,59,41.97,-6407495.372,-16216584.604,20006200.791,2574.32643,-2604.31137,-1273.40369,2020-03-04 02:59:41.970,7053867.452449975,354303265.7703084,149342272.60478187,142398705480.70685,-38133992738.76571,-16531498267.153934,58912.12479131943
46,2020,3,4,3,14,41.97,-4042026.336,-18413932.104,18690936.125,2674.6907,-2271.71136,-1645.1387399999999,2020-03-04 03:14:41.970,6141820.068371871,354227109.1429598,149397464.71716723,142406642300.26984,-38110287704.80031,-16521221122.136942,58912.1352079861
46,2020,3,4,3,29,41.97,-1606908.319,-20294021.788999997,17053568.174,2728.89445,-1900.32206,-1988.1674600000001,2020-03-04 03:29:41.970,5229727.486658836,354148906.65088934,149451794.00315374,142414574429.6487,-38086581440.56177,-16510943443.491724,58912.14562465277
46,2020,3,4,3,44,41.97,855875.1680000001,-21824811.08,15122607.489,2736.09697,-1496.61468,-2296.6408399999996,2020-03-04 03:44:41.970,4317594.891245792,354068657.7411757,149505259.7245931,142422501868.68222,-38062873946.84742,-16500665231.56999,58912.15604131943
46,2020,3,4,3,59,41.97,3303948.9699999997,-22980329.199,12931557.892,2696.26888,-1067.5908000000002,-2565.32691,2020-03-04 03:59:41.970,3405427.471595142,353986361.8717672,149557861.14741802,142430424617.20908,-38039165224.45455,-16490386486.723425,58912.1664579861
46,2020,3,4,4,14,41.97,5695274.9860000005,-23741099.199,10518321.991999999,2610.1864899999996,-620.65843,-2789.69567,2020-03-04 04:14:41.970,2493230.422678444,353902018.5115078,149609597.54165578,142438342675.06808,-38015455274.18032,-16480107209.303648,58912.17687465277
46,2020,3,4,4,29,41.97,7988869.637,-24094445.991,7924536.083,2479.41256,-163.50297999999998,-2965.99086,2020-03-04 04:29:41.970,1581008.9449575217,353815627.14016384,149660468.1814407,142446256042.09882,-37991744096.82176,-16469827399.662283,58912.18729131943
46,2020,3,4,4,44,41.97,10145498.138,-24034686.819,5194846.682,2306.26415,296.04452999999995,-3091.28779,2020-03-04 04:44:41.970,668768.2443658387,353727187.24845225,149710472.3450282,142454164718.14053,-37968031693.175865,-16459547058.150883,58912.1977079861
46,2020,3,4,4,59,41.97,12128334.354,-23563202.631,2376141.565,2093.76843,750.14,-3163.53654,2020-03-04 04:59:41.970,-243486.46771058088,353636698.33806574,149759609.3148078,142462068703.03305,-37944318064.03948,-16449266185.12099,58912.20812465277
46,2020,3,4,5,14,41.97,13903575.837000001,-22688390.805,-483251.426,1845.60748,1191.05705,-3181.59035,2020-03-04 05:14:41.970,-1155749.974452145,353544159.92170167,149807878.3773162,142469967996.61633,-37920603210.20933,-16438984780.924082,58912.21854131943
46,2020,3,4,5,29,41.97,15441004.627,-21425501.538,-3334384.347,1566.05314,1611.31438,-3145.21899,2020-03-04 05:29:41.970,-2068017.0536249115,353449571.5230871,149855278.82325107,142477862598.7304,-37896887132.48208,-16428702845.911615,58912.2289579861
46,2020,3,4,5,44,41.97,16714485.497999998,-19796361.961,-6128514.509,1259.89336,2003.79766,-3055.10735,2020-03-04 05:44:41.970,-2980282.477600046,353352932.67700684,149901809.94748428,142485752509.21576,-37873169831.65424,-16418420380.435009,58912.23937465277
46,2020,3,4,5,59,41.97,17702394.446999997,-17828993.636,-8817922.049999999,932.35109,2361.87428,-2912.83967,2020-03-04 05:59:41.970,-3892541.013373342,353254242.9293308,149947471.049075,142493637727.91312,-37849451308.52229,-16408137384.845648,58912.24979131943
46,2020,3,4,6,14,41.97,18387971.416,-15557130.526,-11356706.987,588.99722,2679.4995099999996,-2720.8698400000003,2020-03-04 06:14:41.970,-4804787.422584817,353153501.8370402,149992261.43128362,142501518254.66302,-37825731563.882515,-16397853859.494846,58912.2602079861
46,2020,3,4,6,29,41.97,18759592.479,-13019645.823,-13701553.579,235.65886999999998,2951.31272,-2482.47851,2020-03-04 06:29:41.970,-5717016.461538582,353050708.9682545,150036180.40158474,142509394089.3069,-37802010598.53119,-16387569804.733936,58912.27062465277
46,2020,3,4,6,44,41.97,18810957.896,-10259897.112,-15812450.466,-121.67561,3172.72243,-2201.71792,2020-03-04 06:44:41.970,-6629222.881222811,352945863.9022597,150079227.27168098,142517265231.68585,-37778288413.264366,-16377285220.914156,58912.28104131943
46,2020,3,4,6,59,41.97,18541193.651,-7325000.312,-17653355.905,-476.95365,3339.97937,-1883.34519,2020-03-04 06:59:41.970,-7541401.427329847,352838966.22953403,150121401.357516,142525131681.6415,-37754565008.8781,-16367000108.38675,58912.2914579861
46,2020,3,4,7,14,41.97,17954865.289,-4265043.673,-19192798.207,-824.1561800000001,3450.23655,-1532.7451999999998,2020-03-04 07:14:41.970,-8453546.840276496,352730015.5517757,150162701.97928876,142532993439.01538,-37730840386.16827,-16356714467.50288,58912.30187465277
46,2020,3,4,7,29,41.97,17061903.965,-1132253.754,-20404402.466,-1157.3947799999999,3501.5957200000003,-1155.84411,2020-03-04 07:29:41.970,-9365653.85522443,352619011.4819299,150203128.46146607,142540850503.64978,-37707114545.93069,-16346428298.613703,58912.31229131943
46,2020,3,4,7,44,41.97,15877445.803000001,2019874.079,-21267335.599999998,-1471.00695,3493.13974,-759.0145,2020-03-04 07:44:41.970,-10277717.202100743,352505953.6442164,150242680.13279706,142548702875.3867,-37683387488.96105,-16336141602.070328,58912.3227079861
46,2020,3,4,7,59,41.97,14421586.701,5137467.669,-21766662.768,-1759.64853,3424.95015,-348.97347,2020-03-04 07:59:41.970,-11189731.60561875,352390841.67415583,150281356.3263261,142556550554.06863,-37659659216.05491,-16325854378.223818,58912.33312465277
46,2020,3,4,8,14,41.97,12719055.866999999,8167179.214,-21893609.322,-2018.3817099999999,3298.1098,67.32516,2020-03-04 08:14:41.970,-12101691.785298713,352273675.2185973,150319156.37940675,142564393539.5382,-37635929728.00773,-16315566627.425201,58912.34354131943
46,2020,3,4,8,29,41.97,10798812.422,11057081.906,-21645723.553,-2242.75775,3114.6902,482.80326,2020-03-04 08:29:41.970,-13013592.455489079,352154453.9357454,150356079.63371512,142572231831.63843,-37612199025.614914,-16305278350.02546,58912.3539579861
46,2020,3,4,8,44,41.97,8693570.497000001,13757548.213,-21026936.756,-2428.89298,2877.72337,890.37397,2020-03-04 08:44:41.970,-13925428.32538735,352033177.4951878,150392125.43526366,142580065430.21207,-37588467109.67168,-16294989546.375551,58912.36437465277
46,2020,3,4,8,59,41.97,6439259.376,16222095.89,-20047518.402999997,-2573.5369299999998,2591.1582700000004,1283.0589,2020-03-04 08:59:41.970,-14837194.099061921,351909845.5779217,150427293.1344148,142587894335.1028,-37564733980.97325,-16284700216.826378,58912.37479131943
46,2020,3,4,9,14,41.97,4074426.299,18408187.858000003,-18723925.671,-2674.13139,2259.8019,1654.1054399999998,2020-03-04 09:14:41.970,-15748884.475472936,351784457.8763822,150461582.0858945,142595718546.1541,-37540999640.31458,-16274410361.728794,58912.3852079861
46,2020,3,4,9,29,41.97,1639590.667,20277972.308000002,-17078548.060000002,-2728.8592,1889.2454400000001,1997.10227,2020-03-04 09:29:41.970,-16660494.148494517,351657014.0944678,150494991.64880604,142603538063.20966,-37517264088.4906,-16264119981.433647,58912.39562465277
46,2020,3,4,9,44,41.97,-823440.564,21798949.831,-15139349.524,-2736.6815,1485.77609,2306.0913,2020-03-04 09:44:41.970,-17572017.806936253,351527513.94756943,150527521.18664384,142611352886.11356,-37493527326.29612,-16253829076.291708,58912.40604131943
46,2020,3,4,9,59,41.97,-3272285.4990000003,22944555.051,-12939412.247,-2697.36254,1056.27539,2575.67389,2020-03-04 09:59:41.970,-18483450.13456513,351395957.1625963,150559170.06730664,142619163014.70984,-37469789354.5259,-16243537646.653734,58912.4164579861
46,2020,3,4,10,14,41.97,-5664716.2360000005,23694641.174,-10516388.083,-2611.4809999999998,608.1053899999999,2801.10954,2020-03-04 10:14:41.970,-19394785.810127858,351262343.4780041,150589937.6631121,142626968448.8433,-37446050173.97448,-16233245692.870419,58912.42687465277
46,2020,3,4,10,29,41.97,-7959391.642,24035857.164,-7911865.517999999,-2480.42711,148.98420000000002,2978.40456,2020-03-04 10:29:41.970,-20306019.50737311,351126672.6438213,150619823.3508096,142634769188.3583,-37422309785.43637,-16222953215.292423,58912.43729131943
46,2020,3,4,10,44,41.97,-10116580.970999999,23961908.821000002,-5170661.917,-2306.3851099999997,-313.14723,3104.38906,2020-03-04 10:44:41.970,-21217145.895073663,350988944.4216774,150648826.5115951,142642565233.09988,-37398568189.705925,-16212660214.270374,58912.4477079861
46,2020,3,4,10,59,41.97,-12098864.975,23473696.974,-2340052.621,-2092.30078,-770.26457,3176.7800500000003,2020-03-04 10:59:41.970,-22128159.637049407,350849158.58482987,150676946.5311238,142650356582.91302,-37374825387.57739,-16202366690.154848,58912.45812465277
46,2020,3,4,11,14,41.97,-13871801.184,22579328.184,531049.889,-1841.83432,-1214.4034399999998,3194.2289800000003,2020-03-04 11:14:41.970,-23039055.392189886,350707314.9181907,150704182.799525,142658143237.6432,-37351081379.84496,-16192072643.296387,58912.46854131943
46,2020,3,4,11,29,41.97,-15404540.305,21293995.871,3392952.081,-1559.2990300000001,-1637.8036,3156.35235,2020-03-04 11:29:41.970,-23949827.81447718,350563413.2183546,150730534.711415,142665925197.13596,-37327336167.30262,-16181778074.045475,58912.4789579861
46,2020,3,4,11,44,41.97,-16670381.387000002,19639732.379,6196054.918,-1249.58668,-2033.051,3063.74417,2020-03-04 11:44:41.970,-24860471.553009104,350417453.2936258,150756001.6659117,142673702461.23694,-37303589750.74428,-16171482982.75258,58912.48937465277
46,2020,3,4,11,59,41.97,-17647254.396,17645035.327,8891732.242,-918.0811,-2393.21463,2917.96978,2020-03-04 11:59:41.970,-25770981.252022326,350269434.96404546,150780583.06664798,142681475029.79227,-37279842130.96376,-16161187369.768105,58912.49979131943
46,2020,3,4,12,14,41.97,-18318120.226999998,15344374.33,11433195.044,-570.5614300000001,-2711.97498,2721.54063,2020-03-04 12:14:41.970,-26681351.550915934,350119358.0614192,150804278.32178584,142689242902.64822,-37256093308.75476,-16150891235.442417,58912.5102079861
46,2020,3,4,12,29,41.97,-18671279.807,12777586.874,13776324.704,-213.09721000000002,-2983.74142,2477.8706700000002,2020-03-04 12:29:41.970,-27591577.084274758,349967222.4293439,150827086.8440302,142697006079.65106,-37232343284.91085,-16140594580.12584,58912.52062465277
46,2020,3,4,12,44,41.97,-18700585.889999997,9989174.667,15880458.844,148.06256000000002,-3203.75561,2191.2148500000003,2020-03-04 12:44:41.970,-28501652.481893383,349813027.9232352,150849008.05064294,142704764560.64767,-37208592060.22551,-16130297404.168667,58912.53104131943
46,2020,3,4,12,59,41.97,-18405553.220999997,7027513.960999999,17709114.369,506.60393999999997,-3368.1788899999997,1866.59123,2020-03-04 12:59:41.970,-29411572.368799765,349656774.4103548,150870041.36345667,142712518345.48468,-37184839635.49205,-16119999707.921131,58912.5414579861
46,2020,3,4,13,14,41.97,-17791364.967,3943995.241,19230633.655,856.2636,-3474.16161,1509.68848,2020-03-04 13:14:41.970,-30321331.365279514,349498461.769838,150890186.20888865,142720267434.0094,-37161086011.503685,-16109701491.733429,58912.55187465277
46,2020,3,4,13,29,41.97,-16868775.543,792109.1340000001,20418741.577,1190.9431,-3519.89311,1126.7605800000001,2020-03-04 13:29:41.970,-31230924.08689998,349338089.89272034,150909442.01795483,142728011826.06903,-37137331189.053604,-16099402755.955715,58912.56229131943
46,2020,3,4,13,44,41.97,-15653912.200000001,-2373503.636,21253003.04,1504.81923,-3504.63153,724.51141,2020-03-04 13:44:41.970,-32140345.14453469,349175658.68196565,150927808.22628418,142735751521.51114,-37113575168.93474,-16089103500.938107,58912.5727079861
46,2020,3,4,13,59,41.97,-14167979.798,-5498019.849,21719172.925,1792.44838,-3428.71301,309.97157,2020-03-04 13:59:41.970,-33049589.144387893,349011168.0524931,150945284.27413204,142743486520.18353,-37089817951.939995,-16078803727.030647,58912.58312465277
46,2020,3,4,14,14,41.97,-12436875.161,-8527400.477,21809432.691999998,2048.86284,-3293.5405100000003,-109.62991,2020-03-04 14:14:41.970,-33958650.68801928,348844617.93120396,150961869.6063946,142751216821.93417,-37066059538.86215,-16068503434.583384,58912.59354131943
46,2020,3,4,14,29,41.97,-10490719.102,-11409338.343,21522510.287,2269.6571900000004,-3101.55286,-526.99615,2020-03-04 14:29:41.970,-34867524.37236893,348676008.2570095,150977563.6726225,142758942426.61124,-37042299930.493835,-16058202623.946285,58912.6039579861
46,2020,3,4,14,44,41.97,-8363315.697,-14094169.361,20863682.394,2451.06331,-2856.1749999999997,-934.89285,2020-03-04 14:44:41.970,-35776204.78978226,348505338.9808582,150992365.92703554,142766663334.06302,-37018539127.62756,-16047901295.469273,58912.61437465277
46,2020,3,4,14,59,41.97,-6091549.603,-16535731.093999999,19844660.388,2590.0129,-2561.75088,-1326.2759099999998,2020-03-04 14:59:41.970,-36684686.52803524,348332610.0657626,151006275.8285362,142774379544.13837,-36994777131.055756,-16037599449.502249,58912.62479131943
46,2020,3,4,15,14,41.97,-3714733.123,-18692153.708,18483363.553,2684.18651,-2223.46066,-1694.41396,2020-03-04 15:14:41.970,-37592964.17036004,348157821.48682684,151019292.84072375,142782091056.686,-36971013941.57073,-16027297086.39506,58912.6352079861
46,2020,3,4,15,29,41.97,-1273915.402,-20526570.084,16803585.12,2732.0486,-1847.22419,-2033.0036599999999,2020-03-04 15:29:41.970,-38501032.29547029,347980973.23127425,151031416.4319086,142789797871.5551,-36947249559.96466,-16016994206.497494,58912.64562465277
46,2020,3,4,15,44,41.97,1188833.5159999998,-22007733.623,14834558.527999999,2732.8683100000003,-1439.5927900000002,-2336.27584,2020-03-04 15:44:41.970,-39408885.47758694,347802065.2984742,151042646.07512614,142797499988.59476,-36923483987.02959,-16006690810.159311,58912.65604131943
46,2020,3,4,15,59,41.97,3631150.8819999998,-23110534.277,12610432.918,2686.72595,-1007.6316400000001,-2599.0908,2020-03-04 15:59:41.970,-40316518.286464214,347621097.69996905,151052981.24815065,142805197407.6546,-36899717223.55741,-15996386897.730223,58912.6664579861
46,2020,3,4,16,14,41.97,6011108.956,-23816405.338,10169668.19,2594.5054999999998,-558.79505,-2817.0215500000004,2020-03-04 16:14:41.970,-41223925.28741556,347438070.45950234,151062421.43351045,142812890128.58438,-36875949270.33999,-15986082469.559885,58912.67687465277
46,2020,3,4,16,29,41.97,8287929.839000001,-24113615.633,7554361.116,2457.87358,-100.79693,-2986.42366,2020-03-04 16:29:41.970,-42131101.04134017,347252983.6130449,151070966.11850056,142820578151.2339,-36852180128.16903,-15975777525.997925,58912.68729131943
46,2020,3,4,16,44,41.97,10422675.558999998,-23997443.816,4809514.824,2279.24565,358.52134,-3104.49108,2020-03-04 16:44:41.970,-43038040.10474897,347065837.2088231,151078614.79519793,142828261475.45337,-36828409797.8361,-15965472067.393911,58912.6977079861
46,2020,3,4,16,59,41.97,12378902.298999999,-23470233.509999998,1982264.592,2061.74026,811.32318,-3169.29737,2020-03-04 16:59:41.970,-43944737.02979167,346876631.307345,151085366.9604752,142835940101.09317,-36804638280.13265,-15955166094.097364,58912.70812465277
46,2020,3,4,17,14,41.97,14123268.478,-22541330.004,-878926.734,1809.12243,1249.90741,-3179.82195,2020-03-04 17:14:41.970,-44851186.364283204,346685365.9814287,151091222.11601493,142843614028.0039,-36780865575.84997,-15944859606.45777,58912.71854131943
46,2020,3,4,17,29,41.97,15626087.438000001,-21226901.044,-3725090.247,1525.73738,1666.8348799999999,-3135.9614800000004,2020-03-04 17:29:41.970,-45757382.65173083,346492041.3162286,151096179.76832372,142851283256.03632,-36757091685.77931,-15934552604.82457,58912.7289579861
46,2020,3,4,17,44,41.97,16861816.543,-19549646.027,-6507576.039,1216.4357400000001,2055.04958,-3038.52641,2020-03-04 17:44:41.970,-46663320.4313613,346296657.40926296,151100239.42874646,142858947785.04144,-36733316610.71177,-15924245089.547123,58912.73937465277
46,2020,3,4,17,59,41.97,17809475.649,-17538399.434,-9178868.704,886.49158,2407.99226,-2889.22327,2020-03-04 17:59:41.970,-47568994.238147974,346099214.3704409,151103400.61348063,142866607614.87033,-36709540351.43832,-15913937060.974802,58912.74979131943
46,2020,3,4,18,14,41.97,18452989.123,-15227635.803,-11693380.586,541.51468,2719.7053800000003,-2690.62306,2020-03-04 18:14:41.970,-48474398.60283847,345899712.3220899,151105662.84359038,142874262745.3747,-36685762908.749756,-15903628519.456879,58912.7602079861
46,2020,3,4,18,29,41.97,18781446.764,-12656884.764,-14008210.712,187.35835,2984.92783,-2446.1166799999996,2020-03-04 18:29:41.970,-49379528.05198224,345698151.3989824,151107025.6450206,142881913176.40594,-36661984283.43682,-15893319465.342606,58912.77062465277
46,2020,3,4,18,44,41.97,18789280.228,-9870065.773,-16083857.961,-169.97601,3199.17848,-2159.85802,2020-03-04 18:44:41.970,-50284377.107958294,345494531.7483633,151107488.54861173,142889558907.81613,-36638204476.29016,-15883009898.981188,58912.78104131943
46,2020,3,4,18,59,41.97,18476352.726,-6914753.122,-17884877.908999998,-524.43597,3358.82743,-1836.69581,2020-03-04 18:59:41.970,-51188940.28900339,345288853.5299769,151107051.0901132,142897199939.45712,-36614423488.10019,-15872699820.721775,58912.7914579861
46,2020,3,4,19,14,41.97,17847960.953,-3841382.571,-19380473.582,-870.0158,3461.15434,-1482.0951200000002,2020-03-04 19:14:41.970,-52093212.109240174,345081116.9160939,151105712.81019837,142904836271.1813,-36590641319.65729,-15862389230.913462,58912.80187465277
46,2020,3,4,19,29,41.97,16914749.343,-702411.653,-20545011.335,-1200.85339,3504.39299,-1102.04959,2020-03-04 19:29:41.970,-52997187.07870541,344871322.09153867,151103473.25447842,142912467902.84128,-36566857971.751656,-15852078129.905308,58912.81229131943
46,2020,3,4,19,44,41.97,15692537.877,2448553.77,-21358454.019,-1511.32525,3487.76159,-702.98565,2020-03-04 19:44:41.970,-53900859.7033786,344659469.25371593,151100331.97351673,142920094834.28964,-36543073445.17342,-15841766518.046333,58912.8227079861
46,2020,3,4,19,59,41.97,14202065.738,5557653.647,-21806704.66,-1796.13826,3411.47842,-291.65962,2020-03-04 19:59:41.970,-54804224.48521076,344445558.61263824,151096288.52284324,142927717065.37924,-36519287740.71255,-15831454395.68548,58912.83312465277
46,2020,3,4,20,14,41.97,12468654.246,8571675.177,-21881854.949,-2050.41716,3276.76236,124.95074000000001,2020-03-04 20:14:41.970,-55707275.92215318,344229590.3909526,151091342.46296853,142935334595.96335,-36495500859.1589,-15821141763.171665,58912.84354131943
46,2020,3,4,20,29,41.97,10521793.546999998,11438947.858,-21582333.974,-2269.78627,3085.81811,539.7591900000001,2020-03-04 20:29:41.970,-56610008.508186705,344011564.8239677,151085493.35939837,142942947425.89502,-36471712801.30216,-15810828620.85375,58912.8539579861
46,2020,3,4,20,44,41.97,8394658.631000001,14110218.287,-20912953.897,-2450.4445800000003,2841.80597,945.6868499999999,2020-03-04 20:44:41.970,-57512416.73335081,343791482.1596803,151078740.78264782,142950555555.02823,-36447923567.931984,-15800514969.080563,58912.86437465277
46,2020,3,4,20,59,41.97,6123561.374,16539490.79,-19884850.547,-2589.2326799999996,2548.7961499999997,1335.77959,2020-03-04 20:59:41.970,-58414495.08377311,343569342.6588028,151071084.30825546,142958158983.21643,-36424133159.83781,-15790200808.20085,58912.87479131943
46,2020,3,4,21,14,41.97,3747346.372,18684820.049000002,-18515318.379,-2683.6905,2211.70781,1703.32512,2020-03-04 21:14:41.970,-59316238.04169888,343345146.5947903,151062523.51679835,142965757710.31366,-36400341577.80896,-15779886138.563337,58912.8852079861
46,2020,3,4,21,29,41.97,1306739.438,20509042.116,-16827540.761,-2732.10457,1836.2332,2041.96819,2020-03-04 21:29:41.970,-60217640.085521184,343118894.25386626,151053057.993905,142973351736.17422,-36376548822.63466,-15769570960.51669,58912.89562465277
46,2020,3,4,21,44,41.97,-1156341.2989999999,21980430.692,-14850218.233,-2733.54369,1428.74758,2345.82178,2020-03-04 21:44:41.970,-61118695.6898105,342890585.9350506,151042687.33027154,142980941060.6523,-36352754895.10404,-15759255274.409525,58912.90604131943
46,2020,3,4,21,59,41.97,-3599500.772,23073266.255,-12617099.141999999,-2687.88193,996.2058000000001,2609.57251,2020-03-04 21:59:41.970,-62019399.325345024,342660221.9501862,151031411.12167436,142988525683.60248,-36328959796.006035,-15748939080.590403,58912.9164579861
46,2020,3,4,22,14,41.97,-5980597.022,23768306.615000002,-10166418.901999999,-2595.80807,546.02693,2828.5779500000003,2020-03-04 22:14:41.970,-62919745.4591411,342427802.6239651,151019228.96898556,142996105604.87982,-36305163526.129486,-15738622379.407846,58912.92687465277
46,2020,3,4,22,29,41.97,-8258473.3610000005,24053148.781,-7540256.024,-2458.82081,85.9684,2998.95391,2020-03-04 22:29:41.970,-63819728.554483645,342193328.29395586,151006140.4781867,143003680824.33908,-36281366086.26304,-15728305171.210325,58912.93729131943
46,2020,3,4,22,44,41.97,-10393679.584999999,23922473.686,-4783814.918,-2279.20914,-376.00813,3117.64955,2020-03-04 22:44:41.970,-64719343.07095698,341956799.31063026,150992145.26038337,143011251341.8356,-36257567477.19538,-15717987456.346252,58912.9477079861
46,2020,3,4,22,59,41.97,-12349168.878,23378167.233,-1944647.2750000001,-2060.01796,-831.87701,3182.50844,2020-03-04 22:59:41.970,-65618583.46447567,341718216.0373896,150977242.9318196,143018817157.22473,-36233767699.71483,-15707669235.163996,58912.95812465277
46,2020,3,4,23,14,41.97,-14090957.111,22429313.414,928174.536,-1804.9989500000001,-1273.6922,3192.31388,2020-03-04 23:14:41.970,-66517444.18731565,341477578.8505918,150961433.113892,143026378270.3621,-36209966754.60981,-15697350508.011873,58912.96854131943
46,2020,3,4,23,29,41.97,-15588731.544,21092057.74,3784917.225,-1518.5474199999999,-1693.73137,3146.81705,2020-03-04 23:29:41.970,-67415919.68814547,341234888.13957745,150944715.43316457,143033934681.1037,-36186164642.66843,-15687031275.238146,58912.9789579861
46,2020,3,4,23,44,41.97,-16816396.717,19389341.88,6576063.522000001,-1205.62607,-2084.63749,3046.74693,2020-03-04 23:44:41.970,-68314004.41205782,340990144.3066971,150927089.52138242,143041486389.30536,-36162361364.67879,-15676711537.19103,58912.98937465277
46,2020,3,4,23,59,41.97,-17752546.329,17350513.232,9253189.66,-871.677,-2439.55467,2893.80148,2020-03-04 23:59:41.970,-69211692.80060117,340743347.7673373,150908555.0154865,143049033394.82343,-36138556921.42878,-15666391294.21869,58912.99979131943
46,2020,3,5,0,14,41.97,-18380850.512000002,15010820.126,11769822.196999999,-522.5243,-2752.255,2690.62021,2020-03-05 00:14:41.970,-70108979.29181166,340494498.9499478,150889111.5576283,143056575697.5142,-36114751313.706215,-15656070546.669231,58913.0102079861
46,2020,3,5,0,29,41.97,-18690355.725,12410776.612,14082282.74,-164.26625,-3017.2557100000004,2440.7368699999997,2020-03-05 00:29:41.970,-71005858.32024503,340243598.2960665,150868758.79518345,143064113297.23465,-36090944542.298744,-15645749294.890718,58913.02062465277
46,2020,3,5,0,44,41.97,-18675676.803999998,9595470.667,16150440.12,196.83336,-3229.91813,2148.51715,2020-03-05 00:44:41.970,-71902324.3170088,339990646.26034784,150847496.38076684,143071646193.84143,-36067136607.993904,-15635427539.231157,58913.03104131943
46,2020,3,5,0,59,41.97,-18337097.654000003,6613747.823,17938441.125,554.4619299999999,-3386.5344099999998,1819.07774,2020-03-05 00:59:41.970,-72798371.70979494,339735643.31058776,150825323.97224632,143079174387.1916,-36043327511.5791,-15625105280.038515,58913.0414579861
46,2020,3,5,1,14,41.97,-17680562.348,3517346.252,19415340.672,902.37311,-3484.39386,1458.1920799999998,2020-03-05 01:14:41.970,-73693994.92291228,339478589.92775095,150802241.23275778,143086697877.14243,-36019517253.84156,-15614782517.660675,58913.05187465277
46,2020,3,5,1,29,41.97,-16717564.063000001,359976.549,20555645.661,1234.5006,-3521.83021,1072.18354,2020-03-05 01:29:41.970,-74589188.37731932,339219486.60599613,150778247.83071905,143094216663.55142,-35995705835.56846,-15604459252.445507,58913.06229131943
46,2020,3,5,1,44,41.97,-15464933.268000001,-2803631.9400000004,21339758.063,1545.06787,-3498.24862,667.8087499999999,2020-03-05 01:44:41.970,-75483946.49065712,338958333.852704,150753343.43984416,143101730746.27618,-35971893257.546745,-15594135484.740799,58913.0727079861
46,2020,3,5,1,59,41.97,-13944529.874,-5918699.808999999,21754309.469,1828.69151,-3414.13205,252.13353,2020-03-05 01:59:41.970,-76378263.67728265,338695132.1885014,150727527.73915857,143109240125.17462,-35948079520.56337,-15583811214.894299,58913.08312465277
46,2020,3,5,2,14,41.97,-12182845.978,-8931362.851,21792381.677,2080.4762100000003,-3271.02732,-167.59584,2020-03-05 02:14:41.970,-77272134.34830207,338429882.1472895,150700800.41301224,143116744800.10498,-35924264625.404945,-15573486443.253704,58913.09354131943
46,2020,3,5,2,29,41.97,-10210527.534,-11789615.852,21453610.31,2296.09972,-3071.5115,-584.0834,2020-03-05 02:29:41.970,-78165552.91160432,338162584.27626836,150673161.15109515,143124244770.92526,-35900448572.85815,-15563161170.166655,58913.1039579861
46,2020,3,5,2,44,41.97,-8061824.692,-14444217.648,20744170.826,2471.8861699999998,-2819.13969,-990.11366,2020-03-05 02:44:41.970,-79058513.77189472,337893239.1359643,150644609.64845115,143131740037.49417,-35876631363.709404,-15552835395.980734,58913.11437465277
46,2020,3,5,2,59,41.97,-5773981.736,-16849541.362,19676648.604000002,2604.8668,-2518.37563,-1378.6786399999999,2020-03-05 02:59:41.970,-79951011.33072911,337621847.3002544,150615145.60549226,143139230599.67017,-35852812998.745056,-15542509121.043482,58913.12479131943
46,2020,3,5,3,14,41.97,-3386578.4469999997,-18964355.119,18269796.95,2692.82708,-2174.50693,-1743.09951,2020-03-05 03:14:41.970,-80843039.9865479,337348409.3563943,150584768.72801337,143146716457.31226,-35828993478.751305,-15532182345.702377,58913.1352079861
46,2020,3,5,3,29,41.97,-940835.3200000001,-20752520.237,16548188.862,2734.33985,-1793.5468,-2077.14075,2020-03-05 03:29:41.970,-81734594.1347103,337072925.90504295,150553478.72720647,143154197610.2796,-35805172804.51413,-15521855070.30483,58913.14562465277
46,2020,3,5,3,44,41.97,1521104.607,-22183595.697,14541770.173999999,2728.78411,-1382.1244100000001,-2375.11483,2020-03-05 03:44:41.970,-82625668.16752897,336795397.560289,150521275.31967476,143161674058.43118,-35781350976.81958,-15511527295.198238,58913.15604131943
46,2020,3,5,3,59,41.97,3956904.4250000003,-23233339.695,12285323.303,2676.34962,-947.36618,-2631.97594,2020-03-05 03:59:41.970,-83516256.47430468,336515824.94967616,150488158.2274474,143169145801.62686,-35757527996.45332,-15501199020.729908,58913.1664579861
46,2020,3,5,4,14,41.97,6324759.850000001,-23884101.095999997,9817852.093,2578.02754,-496.77027000000004,-2843.40142,2020-03-05 04:14:41.970,-84406353.44136111,336234208.7142299,150454127.17799386,143176612839.72604,-35733703864.20104,-15490870247.247097,58913.17687465277
46,2020,3,5,4,29,41.97,8584111.199000001,-24125095.721,7181899.3719999995,2435.5876099999996,-38.07649,-3005.8597,2020-03-05 04:29:41.970,-85295953.45208025,335950549.5084818,150419181.90423766,143184075172.58868,-35709878580.848274,-15480540975.097025,58913.18729131943
46,2020,3,5,4,44,41.97,10696329.076,-23952564.443,4422809.642999999,2251.5426899999998,420.86584999999997,-3116.66415,2020-03-05 04:44:41.970,-86185050.88693729,335664848.0004973,150383322.14457184,143191532800.0748,-35686052147.18035,-15470211204.626842,58913.1977079861
46,2020,3,5,4,59,41.97,12625362.778,-23369812.108999997,1587949.917,2029.10154,872.23025,-3174.0122300000003,2020-03-05 04:59:41.970,-87073640.12353638,335377104.871899,150346547.64287195,143198985722.04474,-35662224563.982544,-15459880936.183641,58913.20812465277
46,2020,3,5,5,14,41.97,14338341.254,-22387128.257,-1274097.9910000002,1772.1108100000001,1308.3431,-3177.0097,2020-03-05 05:14:41.970,-87961715.53664622,335087320.817894,150308858.1485117,143206433938.35904,-35638395832.03987,-15449550170.11448,58913.21854131943
46,2020,3,5,5,29,41.97,15806117.524,-21021592.406,-4114360.221,1484.98757,1721.80971,-3125.6799100000003,2020-03-05 05:29:41.970,-88849271.49823608,334795496.5472985,150270253.41637638,143213877448.8781,-35614565952.13735,-15439218906.76633,58913.2289579861
46,2020,3,5,5,44,41.97,17003748.506,-19296768.453,-6884295.371,1172.6435,2105.63449,-3020.95841,2020-03-05 05:44:41.970,-89736302.37751155,334501632.7825635,150230733.20687753,143221316253.46298,-35590734925.05982,-15428887146.486137,58913.23937465277
46,2020,3,5,5,59,41.97,17910903.39,-17242294.214,-9536607.657,840.40211,2453.3334999999997,-2864.6732500000003,2020-03-05 05:59:41.970,-90622802.54095119,334205730.25980073,150190297.2859673,143228750351.9747,-35566902751.59189,-15418554889.620779,58913.24979131943
46,2020,3,5,6,14,41.97,18512194.882,-14893373.579,-12026036.128,493.91034,2759.03807,-2659.5115699999997,2020-03-05 06:14:41.970,-91508766.35234268,333907789.7288069,150148945.42515254,143236179744.2744,-35543069432.51815,-15408222136.517073,58913.2602079861
46,2020,3,5,6,29,41.97,18797428.841000002,-12290179.970999999,-14310107.945,139.04586,3017.5880899999997,-2408.97327,2020-03-05 06:29:41.970,-92394188.17281982,333607811.9530898,150106677.40150946,143243604430.2237,-35519234968.622986,-15397888887.521784,58913.27062465277
46,2020,3,5,6,44,41.97,18761769.074,-9477180.876,-16349844.408000002,-218.17856999999998,3224.61396,-2117.31248,2020-03-05 06:44:41.970,-93279062.36089905,333305797.7098938,150063492.9976977,143251024409.68402,-35495399360.690636,-15387555142.98163,58913.28104131943
46,2020,3,5,6,59,41.97,18405815.204,-6502394.12,-18110409.239,-571.7123899999999,3376.60617,-1789.46797,2020-03-05 06:59:41.970,-94163383.2725167,333001747.7902237,150019392.00197467,143258439682.5174,-35471562609.50524,-15377220903.243254,58913.2914579861
46,2020,3,5,7,14,41.97,17735592.737999998,-3416587.3740000003,-19561689.527,-915.56489,3470.97174,-1430.98325,2020-03-05 07:14:41.970,-95047145.26106623,332695662.9988711,149974374.20820972,143265850248.58585,-35447724715.85077,-15366886168.65325,58913.30187465277
46,2020,3,5,7,29,41.97,16762455.563,-272432.993,-20678800.630999997,-1243.90191,3506.07695,-1047.91766,2020-03-05 07:29:41.970,-95930342.6774356,332387544.15443885,149928439.41589862,143273256107.75134,-35423885680.51105,-15356550939.558168,58913.31229131943
46,2020,3,5,7,44,41.97,15502902.259,2876369.147,-21442507.383,-1551.14049,3481.27564,-646.74949,2020-03-05 07:44:41.970,-96812969.87004513,332077392.08936626,149881587.43017763,143280657259.87656,-35400045504.26979,-15346215216.304482,58913.3227079861
46,2020,3,5,7,59,41.97,13978308.667,5975987.699999999,-21839554.928000003,-1832.0401,3396.92284,-234.27226000000002,2020-03-05 07:59:41.970,-97695021.18488505,331765207.6499537,149833818.06183803,143288053704.82385,-35376204187.91053,-15335878999.238632,58913.33312465277
46,2020,3,5,8,14,41.97,12214580.291000001,8973361.349000001,-21862903.675,-2081.78936,3254.37316,182.51445999999999,2020-03-05 08:14:41.970,-98576490.96555385,331450991.6963875,149785131.1273401,143295445442.4562,-35352361732.21672,-15325542288.706968,58913.34354131943
46,2020,3,5,8,29,41.97,10241729.156,11817092.02,-21511863.95,-2296.0869900000002,3055.96398,596.51847,2020-03-05 08:29:41.970,-99457373.55329636,331134745.1027647,149735526.4488272,143302832472.63644,-35328518137.97154,-15315205085.055815,58913.3539579861
46,2020,3,5,8,44,41.97,8093380.861,14458315.940000001,-20792127.231,-2471.21579,2804.98303,1000.67116,2020-03-05 08:44:41.970,-100337663.28704217,330816468.757118,149685003.85414082,143310214795.22787,-35304673405.958206,-15304867388.631407,58913.36437465277
46,2020,3,5,8,59,41.97,5806218.656,16851538.63,-19715692.15,-2604.10841,2505.62064,1388.0448299999998,2020-03-05 08:59:41.970,-101217354.50344437,330496163.56143993,149633563.17683348,143317592410.09393,-35280827536.95966,-15294529199.779955,58913.37479131943
46,2020,3,5,9,14,41.97,3419372.461,18955419.997,-18300684.895,-2692.40369,2162.9067,1751.96974,2020-03-05 09:14:41.970,-102096441.53691863,330173830.4317076,149581204.25618422,143324965317.0979,-35256980531.75872,-15284190518.84759,58913.3852079861
46,2020,3,5,9,29,41.97,973761.855,20733496.002,-16571075.224,-2734.49244,1782.63283,2086.14876,2020-03-05 09:29:41.970,-102974918.71968165,329849470.29790735,149527926.9372119,143332333516.1037,-35233132391.13813,-15273851346.18039,58913.39562465277
46,2020,3,5,9,44,41.97,-1488596.91,22154823.849,-14556290.956,-2729.55143,1371.26037,2384.76796,2020-03-05 09:44:41.970,-103852780.3817909,329523084.1040586,149473731.07068986,143339697006.97522,-35209283115.88042,-15263511682.124378,58913.40604131943
46,2020,3,5,9,59,41.97,-3925308.8200000003,23194538.400000002,-12290735.601,-2677.56463,935.8153299999999,2642.60096,2020-03-05 09:59:41.970,-104730020.85118406,329194672.8082383,149418616.51315978,143347055789.5765,-35185432706.76796,-15253171527.025513,58913.4164579861
46,2020,3,5,10,14,41.97,-6294331.022,23834308.553999998,-9813215.629,-2579.33074,483.7714,2855.1049900000003,2020-03-05 10:14:41.970,-105606634.45371838,328864237.382606,149362583.1269461,143354409863.77203,-35161581164.58306,-15242830881.229696,58913.42687465277
46,2020,3,5,10,29,41.97,-8554704.137,24062683.687,-7166285.767,-2436.45641,22.92291,3018.5066699999998,2020-03-05 10:29:41.970,-106482615.51321076,328531778.8134261,149305630.78016984,143361759229.4261,-35137728490.10782,-15232489745.082771,58913.43729131943
46,2020,3,5,10,44,41.97,-10667270.834,23875321.919999998,-4395522.594,-2251.33471,-438.75033,3129.87524,2020-03-05 10:44:41.970,-107357958.35147785,328197298.1010943,149247759.34676293,143369103886.40353,-35113874684.1242,-15222148118.930523,58913.4477079861
46,2020,3,5,10,59,41.97,-12595368.311,23275093.974,-1548738.458,-2027.10868,-893.2239400000001,3187.18163,2020-03-05 10:59:41.970,-108232657.28837602,327860796.26016,149188968.70648238,143376443834.5691,-35090019747.414024,-15211806003.118673,58913.45812465277
46,2020,3,5,11,14,41.97,-14305481.391999999,22272058.69,1324850.644,-1767.62029,-1332.57279,3189.3414500000003,2020-03-05 11:14:41.970,-109106706.64184223,327522274.3193499,149129258.7449241,143383779073.78796,-35066163680.75898,-15201463397.992893,58913.46854131943
46,2020,3,5,11,29,41.97,-15767843.348000001,20883308.777,4175488.192,-1477.3455099999999,-1749.11504,3136.24072,2020-03-05 11:29:41.970,-109980100.72793429,327181733.3215933,149068629.35353705,143391109603.92505,-35042306484.94061,-15191120303.898785,58913.4789579861
46,2020,3,5,11,44,41.97,-16956972.32,19132688.09,6953755.219,-1161.31633,-2135.55307,3028.7432,2020-03-05 11:44:41.970,-110852833.86087196,326839174.324044,149007080.42963755,143398435424.84613,-35018448160.740265,-15180776721.1819,58913.48937465277
46,2020,3,5,11,59,41.97,-17852132.330000002,17050384.515,9611446.578,-825.03138,-2485.1084600000004,2868.67902,2020-03-05 11:59:41.970,-111724900.35307805,326494598.39810616,148944611.8764229,143405756536.41666,-34994588708.93922,-15170432650.18771,58913.49979131943
46,2020,3,5,12,14,41.97,-18437709.312,14672405.302,12102428.395000001,-474.35683,-2791.64776,2658.81428,2020-03-05 12:14:41.970,-112596294.5152195,326148006.62945575,148881223.6029858,143413072938.5025,-34970728130.31857,-15160088091.26165,58913.5102079861
46,2020,3,5,12,29,41.97,-18703494.316,12039944.359,14383459.908,-115.41957,-3049.7963600000003,2402.8023900000003,2020-03-05 12:29:41.970,-113467010.65624891,325799400.1180649,148816915.5243278,143420384630.96948,-34946866425.65923,-15149743044.749079,58913.52062465277
46,2020,3,5,12,44,41.97,-18644868.047,9198653.441,16414963.515999999,245.50485,-3255.03777,2105.1179,2020-03-05 12:44:41.970,-114337043.08344635,325448779.9782252,148751687.56137413,143427691613.68384,-34923003595.74199,-15139397510.995302,58913.53104131943
46,2020,3,5,12,59,41.97,-18262882.991,6197831.328,18161727.964,602.1073,-3403.79625,1770.97432,2020-03-05 12:59:41.970,-115206386.10246105,325096147.33857113,148685539.64098665,143434993886.51193,-34899139641.34752,-15129051490.345568,58913.5414579861
46,2020,3,5,13,14,41.97,-17564241.652,3089546.819,19593531.071000002,948.16046,-3493.50103,1406.2278399999998,2020-03-05 13:14:41.970,-116075034.0173537,324741503.34210324,148618471.69597867,143442291449.32022,-34875274563.25634,-15118704983.14505,58913.55187465277
46,2020,3,5,13,29,41.97,-16561171.63,-72287.26000000001,20685670.186,1277.63223,-3522.63079,1017.26897,2020-03-05 13:29:41.970,-116942981.13063838,324384849.14621055,148550483.6651281,143449584301.9754,-34851408362.24874,-15108357989.73887,58913.56229131943
46,2020,3,5,13,44,41.97,-15271200.507,-3232871.005,21419390.662,1584.79467,-3490.73787,610.90467,2020-03-05 13:44:41.970,-117810221.74332543,324026185.9226945,148481575.4931921,143456872444.34445,-34827541039.10496,-15098010510.472092,58913.5727079861
46,2020,3,5,13,59,41.97,-13716835.495,-6337486.851,21782204.900000002,1864.32625,-3398.4518000000003,194.23349000000002,2020-03-05 13:59:41.970,-118676750.15496387,323665514.8577914,148411747.13092032,143464155876.29437,-34803672594.60504,-15087662545.68971,58913.58312465277
46,2020,3,5,14,14,41.97,-11925154.758000001,-9332463.064,21768096.854,2111.40564,-3247.46267,-225.48362,2020-03-05 14:14:41.970,-119542560.66368444,323302837.1521949,148340998.53506908,143471434597.69226,-34779803029.52887,-15077314095.736664,58913.59354131943
46,2020,3,5,14,29,41.97,-9927318.909,-12166113.316000002,21377609.347000003,2321.79503,-3040.48479,-640.95415,2020-03-05 14:29:41.970,-120407647.56624255,322938154.02107954,148269329.66841522,143478708608.40564,-34755932344.65627,-15066965160.957815,58913.6039579861
46,2020,3,5,14,44,41.97,-7758012.63,-14789635.256,20617813.876000002,2491.91186,-2781.20212,-1044.98388,2020-03-05 14:44:41.970,-121272005.15806189,322571466.6941223,148196740.4997697,143485977908.30222,-34732060540.76675,-15056615741.697998,58913.61437465277
46,2020,3,5,14,59,41.97,-5454827.473999999,-17157952.148000002,19502164.915000003,2618.88768,-2474.19659,-1430.60331,2020-03-05 14:59:41.970,-122135627.73327759,322202776.41552603,148123231.0039913,143493242497.2496,-34708187618.639786,-15046265838.301939,58913.62479131943
46,2020,3,5,15,14,41.97,-3057597.756,-19230483.093,18050242.832,2700.6133999999997,-2124.8614,-1791.1883500000001,2020-03-05 15:14:41.970,-122998509.58477984,321832084.44404083,148048801.1620012,143500502375.11584,-34684313579.054726,-15035915451.114336,58913.6352079861
46,2020,3,5,15,29,41.97,-607702.0310000001,-20971829.091,16287391.536999999,2735.7704799999997,-1739.30102,-2120.5733,2020-03-05 15:29:41.970,-123860645.00425828,321459392.05298775,147973450.96079537,143507757541.76892,-34660438422.79065,-15025564580.479813,58913.64562465277
46,2020,3,5,15,44,41.97,1852657.047,-22352363.996,14244258.703,2723.84775,-1324.22025,-2413.15405,2020-03-05 15:44:41.970,-124722028.28224583,321084700.5302795,147897180.39345935,143515007997.07736,-34636562150.626595,-15015213226.742926,58913.65604131943
46,2020,3,5,15,59,41.97,4281181.6559999995,-23348721.459,11956247.984,2665.1441600000003,-886.8043799999999,-2663.98019,2020-03-05 15:59:41.970,-125582653.70816277,320708011.17844343,147819989.45918158,143522253740.9095,-34612684763.34139,-15004861390.248178,58913.6664579861
46,2020,3,5,16,14,41.97,6636203.844,-23944170.962,9462893.879999999,2560.7574799999998,-434.59294,-2868.83464,2020-03-05 16:14:41.970,-126442515.57036173,320329325.3146433,147741878.16326705,143529494773.13394,-34588806261.71373,-14994509071.340008,58913.67687465277
46,2020,3,5,16,29,41.97,8877394.437,-24128878.154999997,6807170.999,2412.55983,24.650760000000002,-3024.29965,2020-03-05 16:29:41.970,-127301608.15617216,319948644.270701,147662846.51715067,143536731093.6197,-34564926646.522156,-14984156270.36278,58913.68729131943
46,2020,3,5,16,44,41.97,10966444.139999999,-23900046.748,4034750.214,2223.16053,483.07199,-3127.80867,2020-03-05 16:44:41.970,-128159925.75194524,319565969.39311814,147582894.53841156,143543962702.23557,-34541045918.54505,-14973802987.660799,58913.6977079861
46,2020,3,5,16,59,41.97,12867705.941,-23261941.252,1193214.7820000001,1995.8574099999998,932.85667,-3177.6834599999997,2020-03-05 16:59:41.970,-129017462.64309901,319181302.0430984,147502022.25078583,143551189598.8508,-34517164078.56066,-14963449223.578321,58913.70812465277
46,2020,3,5,17,14,41.97,14548788.805,-22225791.784,-1668750.2110000001,1734.57744,1366.36109,-3173.15621,2020-03-05 17:14:41.970,-129874213.11416373,318794643.5965682,147420229.68418062,143558411783.33496,-34493281127.34703,-14953094978.459517,58913.71854131943
46,2020,3,5,17,29,41.97,15981093.691,-20809583.952,-4502181.641,1443.80814,1776.23718,-3114.37684,2020-03-05 17:29:41.970,-130730171.44882767,318405995.4441986,147337516.87468758,143565629255.55728,-34469397065.68213,-14942740252.648506,58913.7289579861
46,2020,3,5,17,44,41.97,17140284.011,-19037738.564,-7258662.042,1128.52071,2155.55183,-3002.40556,2020-03-05 17:44:41.970,-131585331.92998241,318015358.9914265,147253883.8645962,143572842015.38742,-34445511894.343704,-14932385046.489347,58913.73937465277
46,2020,3,5,17,59,41.97,18006683.808999997,-16940687.413,-9891130.208,794.08647,2497.89828,-2839.1913099999997,2020-03-05 17:59:41.970,-132439688.8397691,317622735.65847564,147169330.70240712,143580050062.6955,-34421625614.1094,-14922029360.32602,58913.74979131943
46,2020,3,5,18,14,41.97,18565598.152999997,-14554352.76,-12354666.159,446.18782,2797.49845,-2627.5364799999998,2020-03-05 18:14:41.970,-133293236.45962438,317228126.88037795,147083857.44284612,143587253397.35138,-34397738225.756645,-14911673194.502445,58913.7602079861
46,2020,3,5,18,29,41.97,18807551.441,-11919539.383,-14607238.563000001,90.72508,3049.2947599999998,-2371.04884,2020-03-05 18:29:41.970,-134145969.07032704,316831534.10699433,146997464.14687708,143594452019.2254,-34373849730.062744,-14901316549.362492,58913.77062465277
46,2020,3,5,18,44,41.97,18728440.511,-9081249.084999999,-16610403.404000001,-266.27946000000003,3249.03044,-2074.08148,2020-03-05 18:44:41.970,-134997880.9520443,316432958.8030355,146910150.88171518,143601645928.1877,-34349960127.80486,-14890959425.249931,58913.78104131943
46,2020,3,5,18,59,41.97,18329600.678,-6087928.46,-18329943.535,-618.7788800000001,3393.31739,-1741.66163,2020-03-05 18:59:41.970,-135848966.3843787,316032402.44808227,146821917.72084066,143608835124.10904,-34326069419.760048,-14880601822.508522,58913.7914579861
46,2020,3,5,19,14,41.97,17617783.932,-2990661.489,-19736439.622,-960.79925,3479.69083,-1379.4095399999999,2020-03-05 19:14:41.970,-136699219.646415,315629866.53660715,146732764.74401203,143616019606.8602,-34302177606.705093,-14870243741.481905,58913.80187465277
46,2020,3,5,19,29,41.97,16605049.723,157680.846,-20805763.929,-1286.53609,3506.65004,-993.44838,2020-03-05 19:29:41.970,-137548635.0167675,315225352.5779938,146642692.03727898,143623199376.3119,-34278284689.41667,-14859885182.513683,58913.81229131943
46,2020,3,5,19,44,41.97,15308569.826000001,3303321.1799999997,-21519489.422,-1590.44858,3473.68471,-590.30631,2020-03-05 19:44:41.970,-138397206.7736272,314818862.0965576,146551699.69299617,143630374432.3351,-34254390668.671368,-14849526145.947386,58913.8227079861
46,2020,3,5,19,59,41.97,13750349.919,6392473.478,-21865207.681,-1867.3503,3381.28656,-176.81194,2020-03-05 19:59:41.970,-139244929.19480944,314410396.6315664,146459787.80983588,143637544774.80127,-34230495545.245483,-14839166632.126492,58913.83312465277
46,2020,3,5,20,14,41.97,11956871.553000001,9372244.33,-21836750.235,-2112.4951699999997,3230.94561,240.01547000000002,2020-03-05 20:14:41.970,-140091796.5578019,313999957.7372593,146366956.49280155,143644710403.5816,-34206599319.915314,-14828806641.39438,58913.84354131943
46,2020,3,5,20,29,41.97,9958659.314000001,12191524.091,-21434309.099999998,-2321.65753,3025.13129,653.0799900000001,2020-03-05 20:29:41.970,-140937803.13981223,313587546.9828683,146273205.85324076,143651871318.5478,-34182701993.456863,-14818446174.094398,58913.8539579861
46,2020,3,5,20,44,41.97,7789779.039,14801853.966,-20664453.564,-2491.2050799999997,2767.25792,1055.32539,2020-03-05 20:44:41.970,-141782943.21781626,313173165.9526371,146178536.0088584,143659027519.5714,-34158803566.64604,-14808085230.569815,58913.86437465277
46,2020,3,5,20,59,41.97,5487274.077,17158255.127,-19540041.59,-2618.16343,2461.63486,1439.85263,2020-03-05 20:59:41.970,-142627211.06860697,312756816.24584,146082947.08372945,143666179006.52448,-34134904040.25861,-14797723811.163815,58913.87479131943
46,2020,3,5,21,14,41.97,3090547.651,19220006.07,-18080025.696000002,-2700.27111,2113.40137,1800.03661,2020-03-05 21:14:41.970,-143470600.96884218,312338499.4768038,145986439.2083123,143673325779.27896,-34111003415.070164,-14787361916.219551,58913.8852079861
46,2020,3,5,21,29,41.97,640700.4940000001,20951354.711,-16309154.73,-2736.0237700000002,1728.44685,2129.64043,2020-03-05 21:29:41.970,-144313107.195094,311918217.27492434,145889012.51946187,143680467837.70694,-34087101691.856102,-14776999546.080078,58913.89562465277
46,2020,3,5,21,44,41.97,-1820166.044,22322152.276,-14257574.659,-2724.70649,1313.31694,2422.92521,2020-03-05 21:44:41.970,-145154724.02389765,311495971.28468794,145790667.160442,143687605181.68097,-34063198871.391727,-14766636701.088394,58913.90604131943
46,2020,3,5,21,59,41.97,-4249670.245999999,23308396.777999997,-11960333.283,-2666.41327,875.1067,2674.75346,2020-03-05 21:59:41.970,-145995445.73180065,311071763.16568965,145691403.2809387,143694737811.07358,-34039294954.452137,-14756273381.587442,58913.9164579861
46,2020,3,5,22,14,41.97,-6605881.617,23892675.027000003,-9456795.628,-2562.05259,421.34222,2880.68379,2020-03-05 22:14:41.970,-146835266.5954119,310645594.5926521,145591221.0370732,143701865725.75726,-34015389941.812263,-14745909587.92008,58913.92687465277
46,2020,3,5,22,29,41.97,-8848051.113,24064493.437000003,-6789978.699,-2413.33872,-40.14779,3037.05511,2020-03-05 22:29:41.970,-147674180.89145198,310217467.25544477,145490120.59141415,143708988925.60516,-33991483834.246902,-14735545320.42912,58913.93729131943
46,2020,3,5,22,44,41.97,-10937326.824,23820489.677,-4005816.0640000002,-2222.76808,-501.36803,3141.05801,2020-03-05 22:44:41.970,-148512182.89680222,309787382.8591025,145388102.1129912,143716107410.4901,-33967576632.530754,-14725180579.457262,58913.9477079861
46,2020,3,5,22,59,41.97,-12837441.772,23164519.225,-1152364.576,-1993.5809,-954.2981000000001,3190.79166,2020-03-05 22:59:41.970,-149349266.88855514,309355343.1238441,145285165.77730724,143723221180.28534,-33943668337.438255,-14714815365.347204,58913.95812465277
46,2020,3,5,23,14,41.97,-14515360.548,22107613.211,1721032.949,-1729.70823,-1391.03658,3185.30456,2020-03-05 23:14:41.970,-150185427.14406455,308921349.7850905,145181311.76635084,143730330234.86414,-33919758949.743687,-14704449678.441513,58913.96854131943
46,2020,3,5,23,29,41.97,-15941872.004999999,20667806.498000003,4564613.907,-1435.70514,-1803.94481,3124.61771,2020-03-05 23:29:41.970,-151020657.94099602,308485404.59348357,145076540.2686095,143737434574.09995,-33895848470.221222,-14694083519.082733,58913.9789579861
46,2020,3,5,23,44,41.97,-17092115.999,18869837.661000002,7329074.745,-1116.6712,-2185.7872700000003,3009.72945,2020-03-05 23:44:41.970,-151854953.55737713,308047509.3149038,144970851.47908214,143744534197.86658,-33871936899.64489,-14683716887.613302,58913.98937465277
46,2020,3,5,23,59,41.97,-17946033.347,16744725.331000002,9966445.66,-778.15967,-2529.86542,2842.60142,2020-03-05 23:59:41.970,-152688308.27164885,307607665.7304883,144864245.59929144,143751629106.03775,-33848024238.788483,-14673349784.375624,58913.99979131943
46,2020,3,6,0,14,41.97,-18488729.04,14329232.268,12430940.176,-426.07766000000004,-2830.1417899999997,2626.1259,2020-03-06 00:14:41.970,-153520716.36271608,307165875.6366487,144756722.83729622,143758719298.4875,-33824110488.425694,-14662982209.712015,58914.0102079861
46,2020,3,6,0,29,41.97,-18710745.235999998,11665202.254,14679786.985000001,-66.57673,-3081.35333,2364.0736100000004,2020-03-06 00:29:41.970,-154352172.1099991,306722140.8450894,144648283.4077043,143765804775.08975,-33800195649.330025,-14652614163.964733,58914.02062465277
46,2020,3,6,0,44,41.97,-18608227.115000002,8798843.326,16673966.992000002,294.05708000000004,-3279.10646,2061.0266699999997,2020-03-06 00:44:41.970,-155182669.79348478,306276463.1828237,144538927.53168496,143772885535.71896,-33776279722.274837,-14642245647.475945,58914.03104131943
46,2020,3,6,0,59,41.97,-18182994.678,5779891.031,18378922.826,649.52021,-3419.9587500000002,1722.29351,2020-03-06 00:59:41.970,-156012203.69377837,305828844.49219275,144428655.43698087,143779961580.24954,-33752362708.033318,-14631876660.587774,58914.0414579861
46,2020,3,6,1,14,41.97,-17442505.895999998,2660727.412,19765165.29,993.60649,-3501.48015,1353.81092,2020-03-06 01:14:41.970,-156840768.09215522,305379286.6308817,144317467.35792086,143787032908.5559,-33728444607.378483,-14621507203.642265,58914.05187465277
46,2020,3,6,1,29,41.97,-16399718.018,-504550.428,20808790.256,1320.31998,-3522.2947599999998,962.0342400000001,2020-03-06 01:29:41.970,-157668357.2706127,304927791.4719373,144205363.53543186,143794099520.5131,-33704525421.083225,-14611137276.981396,58914.06229131943
46,2020,3,6,1,44,41.97,-15072849.241,-3661090.204,21491892.403,1623.9831199999999,-3482.10214,553.81832,2020-03-06 01:44:41.970,-158494965.51192263,304474360.903784,144092344.21705157,143801161415.9957,-33680605149.920227,-14600766880.947058,58914.0727079861
46,2020,3,6,1,59,41.97,-13485046.012,-6754254.263,21802868.647,1899.33799,-3381.6780999999996,136.29193,2020-03-06 01:59:41.970,-159320587.0996834,304018996.8302421,143978409.6569403,143808218594.87903,-33656683794.66201,-14590396015.881096,58914.08312465277
46,2020,3,6,2,14,41.97,-11663963.069,-9730580.957,21736606.53,2141.63866,-3222.85529,-283.27185,2020-03-06 02:14:41.970,-160145216.31837276,303561701.170543,143863560.1158932,143815271057.03796,-33632761356.080967,-14580024682.125273,58914.09354131943
46,2020,3,6,2,29,41.97,-9641264.966,-12538719.695,21294555.226,2346.73304,-3008.48427,-697.58648,2020-03-06 02:29:41.970,-160968847.45340058,303102475.8593465,143747795.86135247,143822318802.34814,-33608837834.949352,-14569652880.021278,58914.1039579861
46,2020,3,6,2,44,41.97,-7452059.180000001,-15130322.726,20484679.184,2511.13289,-2742.37648,-1099.48146,2020-03-06 02:44:41.970,-161791474.79116157,302641322.846756,143631117.16741902,143829361830.68503,-33584913232.039146,-14559280609.910742,58914.11437465277
46,2020,3,6,2,59,41.97,-5134271.993000001,-17460877.891,19321296.720999997,2632.07083,-2429.23044,-1482.02811,2020-03-06 02:59:41.970,-162613092.61908904,302178244.098336,143513524.31486517,143836400141.92413,-33560987548.12229,-14548907872.135223,58914.12479131943
46,2020,3,6,3,14,41.97,-2727979.159,-19490468.123999998,17824807.975,2707.54369,-2074.54302,-1838.65929,2020-03-06 03:14:41.970,-163433695.22570756,301713241.59512687,143395017.591146,143843433735.94135,-33537060783.970474,-14538534667.036196,58914.1352079861
46,2020,3,6,3,29,41.97,-274703.89,-21184445.16,16021318.585,2736.3417499999996,-1684.5079,-2163.2810799999997,2020-03-06 03:29:41.970,-164253276.90068728,301246317.3336614,143275597.2904112,143850462612.61258,-33513132940.355293,-14528160994.955065,58914.14562465277
46,2020,3,6,3,44,41.97,2183305.031,-22514006.819,13942167.182,2718.06364,-1265.9032,-2450.3746,2020-03-06 03:44:41.970,-165071831.93489712,300777473.32597953,143155263.7135173,143857486771.81387,-33489204018.048115,-14517786856.233187,58914.15604131943
46,2020,3,6,3,59,41.97,4603802.176999999,-23456669.204,11623366.276,2653.11716,-825.9707,-2695.0863799999997,2020-03-06 03:59:41.970,-165889354.6204589,300306711.59964424,143034017.1680394,143864506213.42157,-33465274017.82017,-14507412251.211823,58914.1664579861
46,2020,3,6,4,14,41.97,6945268.842,-23996627.217,9104967.383,2542.70614,-372.28886,-2893.30617,2020-03-06 04:14:41.970,-166705839.2508017,299834034.19775736,142911857.96828264,143871520937.31198,-33441342940.442543,-14497037180.23218,58914.17687465277
46,2020,3,6,4,29,41.97,9167618.656000001,-24124998.89,6430362.231,2388.80428,87.35807,-3041.73104,2020-03-06 04:29:41.970,-167521280.12071583,299359443.17897373,142788786.43529382,143878530943.36172,-33417410786.68613,-14486661643.635372,58914.18729131943
46,2020,3,6,4,44,41.97,11232873.899,-23839951.058,3645532.652,2194.11633,545.11242,-3137.91522,2020-03-06 04:44:41.970,-168335671.52640784,298882940.6175164,142664802.8968734,143885536231.44742,-33393477557.321655,-14476285641.762474,58914.1977079861
46,2020,3,6,4,59,41.97,13105801.708999999,-23146705.942,798262.26,1962.02795,993.17503,-3180.30511,2020-03-06 04:59:41.970,-169149007.76555482,298404528.6031912,142539907.68758684,143892536801.4458,-33369543253.119705,-14465909174.954454,58914.20812465277
46,2020,3,6,5,14,41.97,14754500.349,-22057430.09,-2062676.6849999998,1696.5450799999999,1423.93444,-3168.25942,2020-03-06 05:14:41.970,-169961283.13735983,297924209.2414019,142414101.148776,143899532653.23398,-33345607874.850693,-14455532243.552227,58914.21854131943
46,2020,3,6,5,29,41.97,16150926.681000002,-20591008.97,-4888347.8,1402.2241,1830.09149,-3102.0543799999996,2020-03-06 05:29:41.970,-170772491.94260636,297441984.65316373,142287383.6285707,143906523786.68903,-33321671423.284843,-14445154847.896637,58914.2289579861
46,2020,3,6,5,44,41.97,17271357.133,-18772712.121,-7630473.212,1084.09411,2204.77758,-2982.87435,2020-03-06 05:44:41.970,-171582628.4837141,296957856.97511834,142159755.48190016,143913510201.68814,-33297733899.192238,-14434776988.328453,58914.23937465277
46,2020,3,6,5,59,41.97,18096775.614,-16633755.353,-10242241.338,747.57254,2541.6650299999997,-2812.78832,2020-03-06 05:59:41.970,-172391687.06479472,296471828.3595469,142031217.07050422,143920491898.10883,-33273795303.34277,-14424398665.188372,58914.24979131943
46,2020,3,6,6,14,41.97,18613183.0,-14210767.756,-12679087.361,398.37547,2835.06798,-2594.71286,2020-03-06 06:14:41.970,-173199661.99170664,295983900.97438526,141901768.76294473,143927468875.82843,-33249855636.5062,-14414019878.817003,58914.2602079861
46,2020,3,6,6,29,41.97,18811824.086,-11545172.554000001,-14899434.591,42.42411,3080.03279,-2332.36235,2020-03-06 06:29:41.970,-174006547.57211193,295494077.0032358,141771410.93461666,143934441134.72476,-33225914899.452114,-14403640629.554914,58914.27062465277
46,2020,3,6,6,44,41.97,18689329.028,-8682491.806,-16865385.6,-314.25144,3272.4166600000003,-2030.18735,2020-03-06 06:44:41.970,-174812338.11553168,295002358.6453827,141640143.96775904,143941408674.67563,-33201973092.94989,-14393260917.742579,58914.28104131943
46,2020,3,6,6,59,41.97,18247767.559,-5671585.886,-18543352.88,-665.6096299999999,3408.95385,-1693.30195,2020-03-06 06:59:41.970,-175617027.93340272,294508748.1158037,141507968.25146687,143948371495.55905,-33178030217.7688,-14382880743.72039,58914.2914579861
46,2020,3,6,7,14,41.97,17494615.373,-2563839.3809999996,-19904619.662,-1005.6949500000001,3487.30839,-1327.40141,2020-03-06 07:14:41.970,-176420611.3391337,294013247.64518434,141374884.18170077,143955329597.253,-33154086274.67792,-14372500107.8287,58914.30187465277
46,2020,3,6,7,29,41.97,16442633.233000001,587694.289,-20925822.479,-1328.7341900000001,3506.11301,-938.67081,2020-03-06 07:29:41.970,-177223082.64816186,293515859.47992975,141240892.16129935,143962282979.6357,-33130141264.44615,-14362119010.40775,58914.31229131943
46,2020,3,6,7,44,41.97,15109660.461,3729176.7399999998,-21589348.062000003,-1629.23023,3464.99346,-533.68623,2020-03-06 07:44:41.970,-178024436.1780102,293016585.88217866,141105992.5999893,143969231642.58557,-33106195187.842216,-14351737451.797735,58914.3227079861
46,2020,3,6,7,59,41.97,13518325.576,6806883.775,-21883638.239,-1902.05217,3364.57805,-119.30933,2020-03-06 07:59:41.970,-178824666.24834377,292515429.12981427,140970185.91439614,143976175585.98114,-33082248045.63472,-14341355432.338762,58914.33312465277
46,2020,3,6,8,14,41.97,11695677.92,9768106.243,-21803397.580000002,-2142.52061,3206.49192,297.42312,2020-03-06 08:14:41.970,-179623767.18102777,292012391.51647794,140833472.5280557,143983114809.701,-33058299838.592045,-14330972952.370867,58914.34354131943
46,2020,3,6,8,29,41.97,9672745.205,12562038.854,-21349699.761,-2346.48675,2993.33591,709.4136199999999,2020-03-06 08:29:41.970,-180421733.30018413,291507475.35158086,140695852.87142396,143990049313.62405,-33034350567.482437,-14320590012.234018,58914.3539579861
46,2020,3,6,8,44,41.97,7484023.021,15140643.041,-20529989.853,-2510.40429,2728.65006,1109.62059,2020-03-06 08:44:41.970,-181218558.93224934,291000682.96031576,140557327.38188854,143996979097.6289,-33010400233.073982,-14310206612.26811,58914.36437465277
46,2020,3,6,8,59,41.97,5166903.407,17459469.933000002,-19357981.122,-2631.39276,2416.8615099999997,1491.17583,2020-03-06 08:59:41.970,-182014238.40603268,290492016.6836685,140417896.5037784,144003904161.59494,-32986448836.134544,-14299822752.812948,58914.37479131943
46,2020,3,6,9,14,41.97,2761050.735,19478429.71,-17853446.409,-2707.29106,2063.2174499999996,1847.5010599999998,2020-03-06 09:14:41.970,-182808766.05277312,289981478.8784303,140277560.68837517,144010824505.40115,-32962496377.431908,-14289438434.208284,58914.3852079861
46,2020,3,6,9,29,41.97,307734.188,21162493.875,-16041905.738,-2736.70019,1673.70328,2172.4216699999997,2020-03-06 09:29:41.970,-183602136.20619875,289469071.91720814,140136320.39392292,144017740128.927,-32938542857.733597,-14279053656.79378,58914.39562465277
46,2020,3,6,9,44,41.97,-2150872.8299999996,22482317.607,-13954213.512,-2719.01381,1254.94692,2460.27578,2020-03-06 09:44:41.970,-184394343.20258394,288954798.18843675,139994176.08563906,144024651032.05157,-32914588277.807022,-14268668420.90903,58914.40604131943
46,2020,3,6,9,59,41.97,-4572415.051,23414770.116,-11626050.459,-2654.43591,814.11033,2706.0164699999996,2020-03-06 09:59:41.970,-185185381.3808084,288438660.09638846,139851128.23572418,144031557214.65485,-32890632638.419422,-14258282726.893553,58914.4164579861
46,2020,3,6,10,14,41.97,-6915087.368000001,23943362.103,-9097327.344999999,-2543.98452,358.76957999999996,2905.3053,2020-03-06 10:14:41.970,-185975245.08241564,287920660.0611853,139707177.32337245,144038458676.61627,-32866675940.337837,-14247896575.086788,58914.42687465277
46,2020,3,6,10,29,41.97,-9138363.737,24058560.822,-6411509.369,-2389.4809499999997,-103.21469,3054.5947,2020-03-06 10:29:41.970,-186763928.6516721,287400800.5188086,139562323.8347822,144045355417.8158,-32842718184.329185,-14237509965.828117,58914.43729131943
46,2020,3,6,10,44,41.97,-11203709.753999999,23757985.032,-3614872.001,-2193.5242599999997,-563.83421,3151.19761,2020-03-06 10:44:41.970,-187551426.43562567,286879083.9211084,139416568.26316515,144052247438.1334,-32818759371.160156,-14227122899.45682,58914.4477079861
46,2020,3,6,10,59,41.97,-13075265.544,23046474.194,-755700.739,-1959.45083,-1015.0751799999999,3193.3421599999997,2020-03-06 10:59:41.970,-188337732.78416526,286355512.73581564,139269911.1087574,144059134737.449,-32794799501.597305,-14216735376.312122,58914.45812465277
46,2020,3,6,11,14,41.97,-14720485.735,21936028.641000003,2116551.142,-1691.27953,-1449.06245,3180.2101199999997,2020-03-06 11:14:41.970,-189122842.0500804,285830089.4465505,139122352.87882844,144066017315.64294,-32770838576.40704,-14206347396.733166,58914.46854131943
46,2020,3,6,11,29,41.97,-16110723.824000001,20445620.009999998,4952131.535,-1393.64312,-1858.2030599999998,3111.95758,2020-03-06 11:29:41.970,-189906748.58911985,285302816.55283225,138973894.08769166,144072895172.59564,-32746876596.355534,-14195958961.059015,58914.4789579861
46,2020,3,6,11,44,41.97,-17221749.059,18600873.994000003,7701868.814,-1071.7071199999998,-2235.3259799999996,2989.71721,2020-03-06 11:44:41.970,-190689446.76005256,284773696.57008934,138824535.2567138,144079768308.1874,-32722913562.208847,-14185570069.628668,58914.48937465277
46,2020,3,6,11,59,41.97,-18034185.181,16433630.241999999,10318044.671,-731.0775900000001,-2573.81486,2815.58158,2020-03-06 11:59:41.970,-191470930.9247268,284242732.0296681,138674276.91432527,144086636722.2989,-32698949474.73285,-14175180722.781036,58914.49979131943
46,2020,3,6,12,14,41.97,-18533861.917,13981386.987,12755243.447999999,-377.69975999999997,-2867.73091,2592.5676700000004,2020-03-06 12:14:41.970,-192251195.44813016,283709925.4788414,138523119.59602866,144093500414.81088,-32674984334.693237,-14164790920.854973,58914.5102079861
46,2020,3,6,12,29,41.97,-18712071.873,11286640.624,14971161.309999999,-17.7496,-3111.92306,2324.56325,2020-03-06 12:29:41.970,-193030234.69845027,283175279.4808186,138371063.84440956,144100359385.60406,-32651018142.85556,-14154400664.189224,58914.52062465277
46,2020,3,6,12,44,41.97,-18565727.557,8396132.788999999,16927359.316,342.47929999999997,-3302.12295,2016.25607,2020-03-06 12:44:41.970,-193808043.0471349,282638796.6147527,138218110.20914525,144107213634.5595,-32627050899.98516,-14144009953.122486,58914.53104131943
46,2020,3,6,12,59,41.97,-18097415.388,5360019.569,18589945.691,696.69112,-3435.02272,1673.0476,2020-03-06 12:59:41.970,-194584614.86895287,282100479.47574985,138064259.24701446,144114063161.55826,-32603082606.84723,-14133618787.993376,58914.5414579861
46,2020,3,6,13,14,41.97,-17315345.82,2230979.088,19930174.158999998,1038.7028599999999,-3508.3338799999997,1300.95314,2020-03-06 13:14:41.970,-195359944.54205433,281560330.67487687,137909511.52190647,144120907966.4815,-32579113264.20678,-14123227169.140427,58914.55187465277
46,2020,3,6,13,29,41.97,-16233200.932,-936725.026,20924947.074,1362.55673,-3520.8263899999997,906.49056,2020-03-06 13:29:41.970,-196134026.4480321,281018352.83916926,137753867.60483056,144127748049.21063,-32555142872.828674,-14112835096.902092,58914.56229131943
46,2020,3,6,13,44,41.97,-14869883.002,-4088206.096,21557214.258,1662.62741,-3472.3471,496.56018,2020-03-06 13:44:41.970,-196906854.9719825,280474548.6116391,137597328.07392538,144134583409.62704,-32531171433.477573,-14102442571.61677,58914.5727079861
46,2020,3,6,13,59,41.97,-13249169.594,-7168924.248000001,21816260.73,1933.72224,-3363.81779,78.31846,2020-03-06 13:59:41.970,-197678424.502567,279928920.65128213,137439893.51446745,144141414047.61234,-32507198946.91801,-14092049593.622753,58914.58312465277
46,2020,3,6,14,14,41.97,-11399282.498,-10125645.327,21697878.928999998,2171.17215,-3197.21295,-340.95194000000004,2020-03-06 14:14:41.970,-198448729.43207332,279381471.63308567,137281564.5188807,144148239963.0482,-32483225413.91428,-14081656163.258266,58914.59354131943
46,2020,3,6,14,29,41.97,-9352379.486,-12907371.098,21204423.4,2370.91199,-2975.5183500000003,-753.97295,2020-03-06 14:29:41.970,-199217764.15647697,278832204.2480342,137122341.68674543,144155061155.81635,-32459250835.230576,-14071262280.861479,58914.6039579861
46,2020,3,6,14,44,41.97,-7143979.121,-15466223.933,20344748.336,2529.5487900000003,-2702.67157,-1153.6002299999998,2020-03-06 14:44:41.970,-199985523.0755034,278281121.2031184,136962225.62480676,144161877625.7987,-32435275211.63087,-14060867946.77045,58914.61437465277
46,2020,3,6,14,59,41.97,-4812329.9569999995,-17758270.426,19134030.547,2644.41696,-2383.48602,-1532.94825,2020-03-06 14:59:41.970,-200752000.59268963,277728225.22133934,136801216.94698378,144168689372.87762,-32411298543.879013,-14050473161.323196,58914.62479131943
46,2020,3,6,15,14,41.97,-2397736.211,-19744269.918,17593482.58,2713.61968,-2023.5604,-1885.50894,2020-03-06 15:14:41.970,-201517191.1154464,277173519.0417163,136639316.27437812,144175496396.93475,-32387320832.738625,-14040077924.85762,58914.6352079861
46,2020,3,6,15,29,41.97,58147.501,-21390335.663999997,15749962.597,2736.05623,-1629.17548,-2205.26215,2020-03-06 15:29:41.970,-202281089.0551206,276617005.41929215,136476524.23528248,144182298697.85266,-32363342078.973183,-14029682237.711578,58914.64562465277
46,2020,3,6,15,44,41.97,2513039.554,-22668498.275999997,13635489.321999999,2711.43496,-1207.18047,-2486.77592,2020-03-06 15:44:41.970,-203043688.82705766,276058687.12513936,136312841.4651893,144189096275.51367,-32339362283.346004,-14019286100.222824,58914.65604131943
46,2020,3,6,15,59,41.97,4924760.014,-23557163.052,11286671.83,2640.27215,-764.87127,-2725.2951900000003,2020-03-06 15:59:41.970,-203804984.8506637,275498566.94636625,136148268.60679898,144195889129.8002,-32315381446.62022,-14008889512.729053,58914.6664579861
46,2020,3,6,16,14,41.97,7251952.100000001,-24041454.902000003,8744065.163999999,2523.87716,-309.86282,-2916.81773,2020-03-06 16:14:41.970,-204564971.54946882,274936647.6861209,135982806.31002873,144202677260.595,-32291399569.558784,-13998492475.567883,58914.67687465277
46,2020,3,6,16,29,41.97,9454784.311999999,-24113446.632,6051463.739,2364.32442,150.0421,-3058.15634,2020-03-06 16:29:41.970,-205323643.35118982,274372932.1635978,135816455.23201996,144209460667.7807,-32267416652.924496,-13988094989.076836,58914.68729131943
46,2020,3,6,16,44,41.97,11495621.751999998,-23772268.402999997,3255145.224,2164.4131500000003,606.98532,-3146.98663,2020-03-06 16:44:41.970,-206080994.68779317,273807423.21404165,135649216.03714764,144216239351.24002,-32243432697.47996,-13977697053.593369,58914.6977079861
46,2020,3,6,16,59,41.97,13339655.993,-23024098.187,403078.04,1927.61567,1053.18496,-3181.88001,2020-03-06 16:59:41.970,-206837019.99555832,273240123.6887527,135481089.3970272,144223013310.8561,-32219447703.987637,-13967298669.454855,58914.70812465277
46,2020,3,6,17,14,41.97,14955483.76,-21882034.930999998,-2455894.113,1658.01556,1481.06407,-3162.3217600000003,2020-03-06 17:14:41.970,-207591713.7151411,272671036.4550909,135312075.99052334,144229782546.5119,-32195461673.209774,-13956899836.9986,58914.71854131943
46,2020,3,6,17,29,41.97,16315625.74,-20365857.928000003,-5272877.276000001,1360.23665,1883.37453,-3088.71424,2020-03-06 17:29:41.970,-208345070.29163694,272100164.39647955,135142176.50375775,144236547058.0906,-32171474605.908485,-13946500556.56182,58914.7289579861
46,2020,3,6,17,44,41.97,17396977.96,-18501677.544999998,-7999748.56,1039.36439,2253.3143099999998,-2962.3655000000003,2020-03-06 17:44:41.970,-209097084.17464513,271527510.4124106,134971391.63011667,144243306845.47534,-32147486502.8457,-13936100828.481657,58914.73937465277
46,2020,3,6,17,59,41.97,18181189.335,-16321483.956,-10589960.882,700.86065,2584.63666,-2785.46389,2020-03-06 17:59:41.970,-209847749.81833214,270953077.4184463,134799722.07025903,144250061908.54965,-32123497364.78317,-13925700653.095171,58914.74979131943
46,2020,3,6,18,14,41.97,18654960.191999998,-13862601.832,-12999318.744,350.47352,2871.7496100000003,-2561.03926,2020-03-06 18:14:41.970,-210597061.68149588,270376868.3462247,134627168.53212377,144256812247.19693,-32099507192.48247,-13915300030.739351,58914.7602079861
46,2020,3,6,18,29,41.97,18810257.795,-11167060.166,-15186713.313000001,-5.856680000000001,3109.8049300000002,-2292.91143,2020-03-06 18:29:41.970,-211345014.22762957,269798886.1434611,134453731.73093754,144263557861.30072,-32075515986.705013,-13904898961.751095,58914.77062465277
46,2020,3,6,18,44,41.97,18644446.1,-8280887.369,-17114805.815,-362.09383,3294.77509,-1985.62703,2020-03-06 18:44:41.970,-212091601.9249863,269219133.77395207,134279412.3892223,144270298750.7447,-32051523748.212032,-13894497446.467241,58914.78104131943
46,2020,3,6,18,59,41.97,18160328.125,-5253342.66,-18750649.125,-712.20353,3423.51766,-1644.38547,2020-03-06 18:59:41.970,-212836819.24664322,268637614.2175779,134104211.23680222,144277034915.41272,-32027530477.764603,-13884095485.224525,58914.7914579861
46,2020,3,6,19,14,41.97,17366100.541,-2136095.522,-20066238.274,-1050.2504399999998,3493.82627,-1274.9551999999999,2020-03-06 19:14:41.970,-213580660.67056638,268054330.4703044,133928129.0108116,144283766355.18878,-32003536176.123596,-13873693078.359629,58914.80187465277
46,2020,3,6,19,29,41.97,16275221.139999999,1017634.442,-21038981.64,-1370.49431,3504.46753,-883.58136,2020-03-06 19:29:41.970,-214323120.67967528,267469285.54418576,133751166.45570157,144290493069.95673,-31979540844.04973,-13863290226.209124,58914.81229131943
46,2020,3,6,19,44,41.97,14906191.024,4153964.3690000004,-21652085.527,-1667.48333,3455.2034200000003,-476.8859,2020-03-06 19:44:41.970,-215064193.76190764,266882482.4673662,133573324.32324728,144297215059.60056,-31955544482.303574,-13852886929.109535,58914.8227079861
46,2020,3,6,19,59,41.97,13282254.391,7219248.452,-21894845.943,-1936.1436299999998,3346.79873,-61.76139,2020-03-06 19:59:41.970,-215803874.41028467,266293924.2840815,133394603.37255488,144303932324.00476,-31931547091.645466,-13842483187.397284,58914.83312465277
46,2020,3,6,20,14,41.97,11431019.936,10160978.122000001,-21762842.512,-2171.8638100000003,3181.0132900000003,354.74002,2020-03-06 20:14:41.970,-216542157.12297586,265703614.05466032,133215004.37006871,144310644863.0534,-31907548672.83562,-13832079001.408728,58914.84354131943
46,2020,3,6,20,29,41.97,9384008.917,12928668.304000001,-21258030.615,-2370.5731299999998,2960.5787600000003,765.52147,2020-03-06 20:29:41.970,-217279036.40336472,265111554.8555258,133034528.08957765,144317352676.6309,-31883549226.63406,-13821674371.480143,58914.8539579861
46,2020,3,6,20,44,41.97,7176136.08,15474715.798999999,-20388729.18,-2528.81235,2689.1599300000003,1163.5582,2020-03-06 20:44:41.970,-218014506.76011363,264517749.77919593,132853175.31222199,144324055764.62186,-31859548753.800644,-13811269297.94771,58914.86437465277
46,2020,3,6,20,59,41.97,4845130.711,17755215.918,-19169502.892,-2643.79574,2371.30062,1542.01503,2020-03-06 20:59:41.970,-218748562.70723006,263922201.93428427,132670946.82650015,144330754126.9108,-31835547255.095028,-13800863781.147543,58914.87479131943
46,2020,3,6,21,14,41.97,2430906.179,19730723.6,-17620939.097,-2713.4633099999996,2012.35452,1894.36263,2020-03-06 21:14:41.970,-219481198.76413184,263324914.44550034,132487843.42827508,144337447763.38235,-31811544731.27673,-13790457821.415678,58914.8852079861
46,2020,3,6,21,29,41.97,-25112.582,21366945.661999997,-15769321.287999999,-2736.52189,1618.4014300000001,2214.49075,2020-03-06 21:29:41.970,-220212409.45571306,262725890.45364967,132303865.92078066,144344136673.9214,-31787541183.105083,-13780051419.088074,58914.89562465277
46,2020,3,6,21,44,41.97,-2480693.1629999997,22635351.386,-13646202.774,-2712.4740300000003,1196.14969,2496.81645,2020-03-06 21:44:41.970,-220942189.31241006,262125133.11563358,132119015.11462796,144350820858.4129,-31763536611.33924,-13769644574.500597,58914.90604131943
46,2020,3,6,21,59,41.97,-4893519.971,23513689.542,-11287885.953000002,-2641.6337900000003,752.82602,2736.3853,2020-03-06 21:59:41.970,-221670532.87026772,261522645.60444865,131933291.8278115,144357500316.74164,-31739531016.738194,-13759237287.98903,58914.9164579861
46,2020,3,6,22,14,41.97,-7221926.456,23986401.091,-8734814.480999999,-2525.12853,296.05417,2928.96342,2020-03-06 22:14:41.970,-222397434.6710054,260918431.10918608,131746696.88571537,144364175048.79272,-31715524400.060738,-13748829559.889103,58914.92687465277
46,2020,3,6,22,29,41.97,-9425622.455999998,24044918.314999998,-6030887.496,-2364.88619,-166.2758,3071.11825,2020-03-06 22:29:41.970,-223122889.2620834,260312492.83503085,131559231.12111922,144370845054.45142,-31691516762.065536,-13738421390.53644,58914.93729131943
46,2020,3,6,22,44,41.97,-11466403.416,23687842.91,-3222706.919,-2163.6076599999997,-626.14536,3160.28623,2020-03-06 22:44:41.970,-223846891.19676954,259704834.00326008,131370895.37420401,144377510333.6029,-31667508103.51102,-13728012780.26659,58914.9477079861
46,2020,3,6,22,59,41.97,-13308828.099,22920997.725,-358770.54099999997,-1924.72448,-1075.5500200000001,3194.82532,2020-03-06 22:59:41.970,-224569435.03420576,259095457.85124156,131181690.49255805,144384170886.13245,-31643498425.15551,-13717603729.415024,58914.95812465277
46,2020,3,6,23,14,41.97,-14920851.65,21757349.203,2511374.857,-1652.34202,-1506.6436700000002,3174.0510099999997,2020-03-06 23:14:41.970,-225290515.33947486,258484367.63243222,130991617.3311824,144390826711.92563,-31619487727.757107,-13707194238.31714,58914.96854131943
46,2020,3,6,23,29,41.97,-16274401.393,20216800.188,5338004.8610000005,-1351.16916,-1911.8818099999999,3098.25457,2020-03-06 23:29:41.970,-226010126.68366706,257871566.61637568,130800676.75249681,144397477810.8679,-31595476012.07376,-13696784307.308247,58914.9789579861
46,2020,3,6,23,44,41.97,-17345883.637,18325855.533000004,8072096.862000001,-1026.43558,-2284.16045,2968.7026699999997,2020-03-06 23:44:41.970,-226728263.64394784,257257058.08869988,130608869.62634464,144404124182.84497,-31571463278.863224,-13686373936.723564,58914.98937465277
46,2020,3,6,23,59,41.97,-18116611.045,16117165.709999999,10666200.658,-683.7982099999999,-2616.94782,2787.61808,2020-03-06 23:59:41.970,-227444920.80362403,256640845.35111487,130416196.82999898,144410765827.74246,-31547449528.88313,-13675963126.898247,58914.99979131943
46,2020,3,7,0,14,41.97,-18573141.185,13628960.321,13075279.598,-329.23922,-2904.40533,2558.14196,2020-03-07 00:14:41.970,-228160092.75221175,256022931.72140932,130222659.24816719,144417402745.4461,-31523434762.890858,-13665551878.167366,58915.0102079861
46,2020,3,7,0,29,41.97,-18707522.366,10904358.599,15257527.754,31.044900000000002,-3141.4970399999997,2284.2767,2020-03-07 00:29:41.970,-228873774.0855033,255403320.5334479,130028257.77299659,144424034935.84183,-31499418981.643692,-13655140190.865902,58915.02062465277
46,2020,3,7,0,44,41.97,-18517432.908,7990627.829,17175091.503,390.75432,-3324.08056,1970.81434,2020-03-07 00:44:41.970,-229585959.40563512,254782015.13716695,129832993.30407904,144430662398.81552,-31475402185.898685,-13644728065.328772,58915.03104131943
46,2020,3,7,0,59,41.97,-18006224.083,4938328.008,18794756.2,743.6030300000001,-3448.98364,1623.24744,2020-03-07 00:59:41.970,-230296643.32115507,254159018.8985717,129636866.74845639,144437285134.2534,-31451384376.412766,-13634315501.890795,58915.0414579861
46,2020,3,7,1,14,41.97,-17182855.401,1800415.899,20088528.139,1083.43326,-3514.06012,1247.66761,2020-03-07 01:14:41.970,-231005820.44708997,253534335.19973138,129439879.02062479,144443903142.0414,-31427365553.94265,-13623902500.886703,58915.05187465277
46,2020,3,7,1,29,41.97,-16061728.565,-1368696.269,21034123.768000003,1404.3272499999998,-3518.2261399999998,850.6529,2020-03-07 01:29:41.970,-231713485.4050141,252907967.43877527,129242031.0425399,144450516422.06592,-31403345719.244884,-13613489062.651173,58915.06229131943
46,2020,3,7,1,44,41.97,-14662423.065000001,-4514105.492,21615353.51,1700.7137500000001,-3461.47582,439.14666,2020-03-07 01:44:41.970,-232419632.82311606,252279919.02988812,129043323.74362095,144457124974.21317,-31379324873.075863,-13603075187.518782,58915.0727079861
46,2020,3,7,1,59,41.97,-13009339.184,-7581387.545,21822393.715,1967.4669099999999,-3344.87651,20.330540000000003,2020-03-07 01:59:41.970,-233124257.336268,251650193.40330496,128843758.06075588,144463728798.36945,-31355303016.191795,-13592660875.824026,58915.08312465277
46,2020,3,7,2,14,41.97,-11131256.023,-10517553.115999999,21651942.668,2199.99594,-3170.54378,-398.50573,2020-03-07 02:14:41.970,-233827353.58609277,251018794.0053063,128643334.93830511,144470327894.42123,-31331280149.348717,-13582246127.901339,58915.09354131943
46,2020,3,7,2,29,41.97,-9060813.659,-13271972.85,21107258.993,2394.32382,-2941.59753,-810.0950700000001,2020-03-07 02:29:41.970,-234528916.2210328,250385724.2982123,128442055.32810625,144476922262.2551,-31307256273.30249,-13571830944.08504,58915.1039579861
46,2020,3,7,2,44,41.97,-6833929.882,-15797254.654000001,20198083.114,2547.15378,-2662.10008,-1207.32171,2020-03-07 02:44:41.970,-235228939.89641812,249750987.7603769,128239920.18947811,144483511901.75775,-31283231388.808792,-13561415324.709396,58915.11437465277
46,2020,3,7,2,59,41.97,-4489162.927,-18050057.905,18940444.703,2655.92268,-2336.9781000000003,-1583.3455299999998,2020-03-07 02:59:41.970,-235927419.27453503,249114587.88618225,128036930.48922455,144490096812.81573,-31259205496.623177,-13550999270.108564,58915.12479131943
46,2020,3,7,3,14,41.97,-2067032.392,-19991830.775,17356361.089,2718.84049,-1971.9301899999998,-1931.7196999999999,2020-03-07 03:14:41.970,-236624349.02469465,248476528.18603185,127833087.20163883,144496676995.31583,-31235178597.50095,-13540582780.616657,58915.1352079861
46,2020,3,7,3,29,41.97,390689.04400000005,-21589458.663000003,15473433.492,2734.91564,-1573.32211,-2246.49978,2020-03-07 03:29:41.970,-237319723.82330135,247836812.18634412,127628391.30850698,144503252449.145,-31211150692.19729,-13530165856.567678,58915.14562465277
46,2020,3,7,3,44,41.97,2841700.271,-22815813.631,13324349.61,2703.9660799999997,-1148.0719100000001,-2522.34244,2020-03-07 03:44:41.970,-238013538.35392177,247195443.4295455,127422843.79911184,144509823174.19006,-31187121781.467194,-13519748498.295557,58915.15604131943
46,2020,3,7,3,59,41.97,5243899.992,-23650196.748,10946302.514999999,2626.61623,-703.5272500000001,-2754.59252,2020-03-07 03:59:41.970,-238705787.30735368,246552425.47406274,127216445.67023648,144516389170.338,-31163091866.065514,-13509330706.134132,58915.1664579861
46,2020,3,7,4,14,41.97,7556106.063,-24078667.333,8380336.987999999,2504.2803400000003,-247.33709000000002,-2939.35704,2020-03-07 04:14:41.970,-239396465.38169467,245907761.89431626,127009197.9261677,144522950437.47598,-31139060946.746864,-13498912480.417181,58915.17687465277
46,2020,3,7,4,29,41.97,9738753.912,-24094255.141000003,5670635.3719999995,2339.13278,212.67974,-3073.5654600000003,2020-03-07 04:29:41.970,-240085567.28241163,245261456.2807114,126801101.5786993,144529506975.4911,-31115029024.265747,-13488493821.478384,58915.18729131943
46,2020,3,7,4,44,41.97,11754562.68,-23697053.59,2863755.698,2134.06615,668.66709,-3155.0154300000004,2020-03-07 04:44:41.970,-240773087.7224096,244613512.23963076,126592157.64713548,144536058784.27045,-31090996099.37645,-13478074729.651339,58915.1977079861
46,2020,3,7,4,59,41.97,13569158.555,-22894194.117,7835.271,1892.63822,1112.86275,-3182.40371,2020-03-07 04:59:41.970,-241459021.4221011,243963933.39342564,126382367.15829389,144542605863.70148,-31066962172.833134,-13467655205.269567,58915.20812465277
46,2020,3,7,5,14,41.97,15151645.708,-21699703.617,-2848226.854,1619.00877,1537.72668,-3155.34218,2020-03-07 05:14:41.970,-242143363.10947528,243312723.3804072,126171731.14650859,144549148213.67148,-31042927245.389725,-13457235248.666504,58915.21854131943
46,2020,3,7,5,29,41.97,16475116.308,-20134248.702,-5655595.111,1317.86757,1936.06399,-3074.3590200000003,2020-03-07 05:29:41.970,-242826107.52016753,242659885.85483766,125960250.65363277,144555685834.06796,-31018891317.800045,-13446814860.17551,58915.2289579861
46,2020,3,7,5,44,41.97,17517092.191,-18224772.143,-8366317.181000001,994.35473,2301.14128,-2940.88542,2020-03-07 05:44:41.970,-243507249.39752898,242005424.48692083,125747926.72904184,144562218724.77826,-30994854390.817688,-13436394040.12984,58915.23937465277
46,2020,3,7,5,59,41.97,18259891.972000003,-16004028.296,-10934125.43,653.97487,2626.79453,-2757.2282600000003,2020-03-07 05:59:41.970,-244186783.49269617,241349342.9627922,125534760.4296359,144568746885.68997,-30970816465.196117,-13425972788.862713,58915.24979131943
46,2020,3,7,6,14,41.97,18690918.556,-13510025.686,-13315207.749,302.50633,2907.5273300000003,-2526.52954,2020-03-07 06:14:41.970,-244864704.56466034,240691644.98450956,125320752.81984209,144575270316.6909,-30946777541.688602,-13415551106.707222,58915.2602079861
46,2020,3,7,6,29,41.97,18802863.226,-10785386.004,-15468936.15,-54.09323,3138.59819,-2252.71325,2020-03-07 06:29:41.970,-245541007.3803375,240032334.270042,125105904.9716172,144581789017.66864,-30922737621.04821,-13405128993.996384,58915.27062465277
46,2020,3,7,6,44,41.97,18593823.702000003,-7876629.8100000005,-17358542.253,-409.78340000000003,3316.09598,-1940.42058,2020-03-07 06:44:41.970,-246215686.7146385,239371414.55326033,124890217.96444988,144588302988.51086,-30898696704.027897,-13394706451.063166,58915.28104131943
46,2020,3,7,6,59,41.97,18067334.718,-4833400.069999999,-18951729.628000002,-758.5386,3437.0024799999997,-1594.93461,2020-03-07 06:59:41.970,-246888737.350538,238708889.5839249,124673692.88536283,144594812229.10547,-30874654791.380405,-13384283478.240404,58915.2914579861
46,2020,3,7,7,14,41.97,17232310.831,-1707635.371,-20221213.89,-1094.44536,3499.2415499999997,-1222.09524,2020-03-07 07:14:41.970,-247560154.0791457,238044763.12767553,124456330.82891458,144601316739.34036,-30850611883.858353,-13373860075.860899,58915.30187465277
46,2020,3,7,7,29,41.97,16102902.325,1447294.7610000002,-21145182.386,-1411.79797,3501.71409,-828.20573,2020-03-07 07:29:41.970,-248229931.69977537,237379038.96601972,124238132.89720175,144607816519.10352,-30826567982.214108,-13363436244.257338,58915.31229131943
46,2020,3,7,7,44,41.97,14698266.133,4577479.484999999,-21707666.355,-1705.1914299999999,3444.3184499999998,-419.93191,2020-03-07 07:44:41.970,-248898065.02001545,236711720.8963204,124019100.1998604,144614311568.2827,-30802523087.19992,-13353011983.762325,58915.3227079861
46,2020,3,7,7,59,41.97,13042254.858000001,7629367.916999999,-21898819.509,-1969.61034,3327.9558100000004,-4.195189999999999,2020-03-07 07:59:41.970,-249564548.8557994,236042812.73178455,123799233.85406816,144620801886.76642,-30778477199.56787,-13342587294.708406,58915.33312465277
46,2020,3,7,8,14,41.97,11163028.018000001,10550668.386,-21715098.121,-2200.51264,3154.52031,411.93913,2020-03-07 08:14:41.970,-250229378.03147537,235372318.30144992,123578534.98454526,144627287474.4425,-30754430320.06985,-13332162177.42803,58915.34354131943
46,2020,3,7,8,29,41.97,9092590.73,13291231.871,-21159338.894,-2393.9069,2926.8737499999997,821.3770000000001,2020-03-07 08:29:41.970,-250892547.37987724,234700241.45017305,123357004.72355627,144633768331.19922,-30730382449.45759,-13321736632.253555,58915.3539579861
46,2020,3,7,8,44,41.97,6866266.184,15803905.661999999,-20240732.218000002,-2546.42196,2648.80471,1217.11275,2020-03-07 08:44:41.970,-251554051.74239436,234026586.03861585,123134644.21091121,144640244456.92493,-30706333588.48264,-13311310659.517265,58915.36437465277
46,2020,3,7,8,59,41.97,4522109.314,18045343.362,-18974689.779,-2655.3677599999996,2324.97244,1592.34645,2020-03-07 08:59:41.970,-252213885.96904263,233351355.9432321,122911454.59396666,144646715851.5079,-30682283737.89638,-13300884259.551373,58915.37479131943
46,2020,3,7,9,14,41.97,2100270.183,19976757.52,-17382607.032,-2718.7860800000003,1960.8355900000001,1940.5998900000002,2020-03-07 09:14:41.970,-252872044.91853434,232674555.05625424,122687437.02762696,144653182514.83627,-30658232898.45006,-13290457432.687988,58915.3852079861
46,2020,3,7,9,29,41.97,-357683.31799999997,21564601.591,-15491522.640999999,-2735.49001,1562.5665099999999,2255.82921,2020-03-07 09:29:41.970,-253528523.45834956,231996187.28567883,122462592.6743447,144659644446.79868,-30634181070.894665,-13280030179.259142,58915.39562465277
46,2020,3,7,9,44,41.97,-2809472.871,22781168.551,-13333678.741,-2705.0911800000003,1136.95193,2532.5323399999997,2020-03-07 09:44:41.970,-254183316.46480596,231316256.55525234,122236922.70412202,144666101647.28357,-30610128255.9811,-13269602499.5968,58915.40604131943
46,2020,3,7,9,59,41.97,-5212835.688,23605094.380999997,-10945987.702,-2628.0136399999997,691.2810900000001,2765.8490100000004,2020-03-07 09:59:41.970,-254836418.82313004,230634766.8044569,122010428.29451069,144672554116.17953,-30586074454.460045,-13259174394.03282,58915.4164579861
46,2020,3,7,10,14,41.97,-7526256.728,24021755.865,-8369412.939,-2505.49377,233.22303,2951.65138,2020-03-07 10:14:41.970,-255487825.4275279,229951721.98849472,121783110.63061285,144679001853.3751,-30562019667.08206,-13248745862.898996,58915.42687465277
46,2020,3,7,10,29,41.97,-9709694.255,24023553.67,-5648273.188,-2339.56551,-229.30527,3086.62314,2020-03-07 10:29:41.970,-256137531.18125555,229267126.07827353,121554970.90508142,144685444858.75888,-30537963894.597496,-13238316906.52704,58915.43729131943
46,2020,3,7,10,44,41.97,-11725285.454,23610073.511,-2829481.511,-2133.0308,-688.2775800000001,3168.32514,2020-03-07 10:44:41.970,-256785530.99669006,228580983.06039035,121326010.31812024,144691883132.21967,-30513907137.756527,-13227887525.248558,58915.4477079861
46,2020,3,7,10,59,41.97,-13538018.770000001,22788120.388,38268.036,-1889.41523,-1135.70131,3195.24581,2020-03-07 10:59:41.970,-257431819.7954008,227893296.93711582,121096230.0774841,144698316673.6461,-30489849397.309208,-13217457719.395102,58915.45812465277
46,2020,3,7,11,14,41.97,-15116359.845999999,21571623.296,2905351.635,-1612.9094,-1563.76197,3166.83473,2020-03-07 11:14:41.970,-258076392.50821963,227204071.72637787,120865631.39847879,144704745482.927,-30465790674.00536,-13207027489.298122,58915.46854131943
46,2020,3,7,11,29,41.97,-16432818.556999998,19981410.448,5722089.2020000005,-1308.29681,-1964.96597,3083.51835,2020-03-07 11:29:41.970,-258719244.0753126,226513311.46174523,120634215.50396097,144711169559.9513,-30441730968.594685,-13196596835.288996,58915.4789579861
46,2020,3,7,11,44,41.97,-17464445.577,18044857.811,8439623.637999998,-980.86963,-2332.2788100000002,2946.69701,2020-03-07 11:44:41.970,-259360369.4462504,225821020.19241053,120401983.62433761,144717588904.60776,-30417670281.82667,-13186165757.699018,58915.48937465277
46,2020,3,7,11,59,41.97,-18193248.198000003,15795416.547,11010788.907,-636.33383,-2659.25549,2758.72306,2020-03-07 11:59:41.970,-259999763.5800801,225127201.983173,120168936.99756593,144724003516.78525,-30393608614.45069,-13175734256.859386,58915.49979131943
46,2020,3,7,12,14,41.97,-18606516.748,13272027.681,13390949.944,-280.70566,-2940.16023,2522.8602499999997,2020-03-07 12:14:41.970,-260637421.4453955,224431860.91442108,119935076.86915247,144730413396.37305,-30369545967.215916,-13165302333.101227,58915.5102079861
46,2020,3,7,12,29,41.97,-18697054.812,10518434.887,15538797.91,79.79819,-3170.07273,2243.22525,2020-03-07 12:29:41.970,-261273338.02040863,223735001.08211416,119700404.49215269,144736818543.25995,-30345482340.871346,-13154869986.755594,58915.52062465277
46,2020,3,7,12,44,41.97,-18463308.533,7582408.5370000005,17417085.139,438.87458000000004,-3344.97871,1924.71237,2020-03-07 12:44:41.970,-261907508.293021,223036626.5977649,119464921.1271697,144743218957.33505,-30321417736.165813,-13144437218.15344,58915.53104131943
46,2020,3,7,12,59,41.97,-17909392.479,4514896.157000001,18993285.461,790.2494,-3461.84269,1572.9033,2020-03-07 12:59:41.970,-262539927.26089483,222336741.58842018,119228628.04235372,144749614638.48752,-30297352153.847996,-13134004027.625637,58915.5414579861
46,2020,3,7,13,14,41.97,-17045011.79,1369115.919,20240167.262,1127.79214,-3518.66154,1193.96386,2020-03-07 13:14:41.970,-263170589.9315239,221635350.196643,118991526.51340076,144756005586.60666,-30273285594.666397,-13123570415.502993,58915.55187465277
46,2020,3,7,13,29,41.97,-15885282.582,-1800389.071,21136268.588999998,1445.62706,-3514.4979599999997,794.52996,2020-03-07 13:29:41.970,-263799491.3223054,220932456.580492,118753617.8235512,144762391801.58133,-30249218059.369335,-13113136382.116198,58915.56229131943
46,2020,3,7,13,44,41.97,-14450454.668,-4938717.351,21666265.816999998,1738.23868,-3449.49332,381.58551,2020-03-07 13:44:41.970,-264426626.4606107,220228064.91350347,118514903.2635888,144768773283.30103,-30225149548.705,-13102701927.795902,58915.5727079861
46,2020,3,7,13,59,41.97,-12765542.652,-7991578.013,21821229.747,2000.56959,-3324.86009,-37.665150000000004,2020-03-07 13:59:41.970,-265051990.38385686,219522179.3846703,118275384.13183875,144775150031.6551,-30201080063.421364,-13092267052.872637,58915.58312465277
46,2020,3,7,14,14,41.97,-10859873.204,-10906243.718,21598765.369,2228.10867,-3142.85419,-455.92776000000003,2020-03-07 14:14:41.970,-265675578.13957816,218814804.19842216,118035061.73416625,144781522046.53262,-30177009604.26629,-13081831757.676867,58915.59354131943
46,2020,3,7,14,29,41.97,-8766557.838000001,-13632470.277,21003033.983000003,2416.96812,-2906.72852,-865.94866,2020-03-07 14:29:41.970,-266297384.78549707,218105943.57460546,117793937.38397448,144787889327.82312,-30152938171.98742,-13071396042.538979,58915.6039579861
46,2020,3,7,14,44,41.97,-6521901.784,-16123366.284,20044658.663,2563.9483,-2620.6687500000003,-1260.64306,2020-03-07 14:44:41.970,-266917405.3895959,217395601.74846196,117552012.40220293,144794251875.41602,-30128865767.33226,-13060959907.789257,58915.61437465277
46,2020,3,7,14,59,41.97,-4164760.4899999998,-18336197.67,18740516.266999997,2666.5891500000002,-2289.71312,-1633.2185,2020-03-07 14:59:41.970,-267535635.0301883,216683782.97060743,117309288.11732505,144800609689.20074,-30104792391.048138,-13050523353.757921,58915.62479131943
46,2020,3,7,15,14,41.97,-1735856.0050000001,-20233113.603,17113421.276,2723.20779,-1919.6582600000002,-1977.29149,2020-03-07 15:14:41.970,-268152068.79599002,215970491.50701082,117065765.86534609,144806962769.06665,-30080718043.8822,-13040086380.775116,58915.6352079861
46,2020,3,7,15,29,41.97,722934.078,-21781782.003,15191708.543000001,2732.9219500000004,-1516.9528400000002,-2286.99514,2020-03-07 15:29:41.970,-268766701.78619117,215255731.63897175,116821446.98980084,144813311114.90338,-30056642726.581474,-13029648989.170877,58915.64562465277
46,2020,3,7,15,44,41.97,3169302.313,-22955924.81,13008723.72,2695.65902,-1088.58152,-2557.07648,2020-03-07 15:44:41.970,-269379529.1105272,214539507.6630988,116576332.841751,144819654726.6005,-30032566439.892796,-13019211179.275171,58915.65604131943
46,2020,3,7,15,59,41.97,5561238.9629999995,-23735745.244000003,10602231.469,2612.1512,-641.94136,-2782.9816100000003,2020-03-07 15:59:41.970,-269990545.88934994,213821823.89128655,116330424.77978243,144825993604.04752,-30008489184.5628,-13008772951.417887,58915.6664579861
46,2020,3,7,16,14,41.97,7857749.003,-24108241.281,8013752.757,2483.91703,-184.713,-2960.92798,2020-03-07 16:14:41.970,-270599747.2537004,213102684.650693,116083724.1700025,144832327747.13403,-29984410961.338017,-12998334305.928818,58915.67687465277
46,2020,3,7,16,29,41.97,10019546.636,-24067401.713999998,5287843.393,2313.2300099999998,275.27114,-3087.96256,2020-03-07 16:29:41.970,-271207128.34537816,212382094.28371638,115836232.38603723,144838657155.7497,-29960331770.964775,-12987895243.137686,58915.68729131943
46,2020,3,7,16,44,41.97,12009716.075000001,-23614283.15,2471326.646,2103.07512,730.15926,-3162.00562,2020-03-07 16:44:41.970,-271812684.3170145,211660057.1479716,115587950.80902785,144844981829.78427,-29936251614.189236,-12977455763.374128,58915.6977079861
46,2020,3,7,16,59,41.97,13794328.18,-22756968.303000003,-387506.826,1857.09444,1172.21119,-3181.8796100000004,2020-03-07 16:59:41.970,-272416410.3321434,210936577.61626628,115338880.82762794,144851301769.12735,-29912170491.757423,-12967015866.967691,58915.70812465277
46,2020,3,7,17,14,41.97,15343003.518,-21510407.773,-3239718.317,1579.52263,1593.92599,-3147.32306,2020-03-07 17:14:41.970,-273018301.56527245,210211660.07657632,115089023.83799984,144857616973.6687,-29888088404.41516,-12956575554.247852,58915.71854131943
46,2020,3,7,17,29,41.97,16629413.44,-19896149.279000003,-6036546.297,1275.11392,1988.16418,-3058.98979,2020-03-07 17:29:41.970,-273618353.2019547,209485308.93202195,114838381.24381109,144863927443.2981,-29864005352.90815,-12946134825.544,58915.7289579861
46,2020,3,7,17,44,41.97,17631711.958,-17941959.914,-8730224.365,949.06159,2348.26296,-2918.4336700000003,2020-03-07 17:44:41.970,-274216560.43886036,208757528.60084245,114586954.4562311,144870233177.90543,-29839921337.981865,-12935693681.185432,58915.73937465277
46,2020,3,7,17,59,41.97,18332892.316,-15681348.409,-11274779.165,606.91135,2668.1429200000002,-2728.07941,2020-03-07 17:59:41.970,-274812918.4838472,208028323.51637074,114334744.89392677,144876534177.38028,-29815836360.381706,-12925252121.501371,58915.74979131943
46,2020,3,7,18,14,41.97,18721063.408000004,-13152995.736000001,-13626796.07,254.47006,2942.40486,-2491.1802199999997,2020-03-07 18:14:41.970,-275407422.5560331,207297698.12700823,114081753.98305914,144882830441.61273,-29791750420.852833,-12914810146.820969,58915.7602079861
46,2020,3,7,18,29,41.97,18789642.384,-10400103.454,-15746141.076,-102.28903,3166.41554,-2211.76305,2020-03-07 18:29:41.970,-276000067.8858672,206565656.89619857,113827983.15727878,144889121970.49246,-29767663520.14028,-12904367757.473269,58915.77062465277
46,2020,3,7,18,44,41.97,18537460.971,-7469670.221,-17596628.17,-457.32300999999995,3336.3814399999997,-1894.56231,2020-03-07 18:44:41.970,-276590849.71520025,205832204.3024018,113573433.85772191,144895408763.90952,-29743575658.9889,-12893924953.787254,58915.78104131943
46,2020,3,7,18,59,41.97,17968784.233999997,-4411707.686,-19146622.242000002,-804.61695,3449.40958,-1544.9431,2020-03-07 18:59:41.970,-277179763.297357,205097344.8390671,113318107.53300565,144901690821.7538,-29719486838.143417,-12883481736.091825,58915.7914579861
46,2020,3,7,19,14,41.97,17093241.638,-1278407.702,-20369568.572,-1138.28098,3503.5547399999996,-1168.81498,2020-03-07 19:14:41.970,-277766803.89720774,204361083.01460665,113062005.6392239,144907968143.915,-29695397058.348335,-12873038104.71577,58915.80187465277
46,2020,3,7,19,29,41.97,15925671.410999998,1876726.635,-21244440.877,-1452.6456400000002,3497.8525600000003,-772.5374,2020-03-07 19:29:41.970,-278351966.79123807,203623423.35236764,112805129.63994226,144914240730.28357,-29671306320.348053,-12862594059.987839,58915.81229131943
46,2020,3,7,19,44,41.97,14485880.293,4999773.119,-21756100.924,-1742.3543399999999,3432.33789,-362.81798,2020-03-07 19:44:41.970,-278935247.2676221,202884370.390605,112547481.00619337,144920508580.74893,-29647214624.886772,-12852149602.236664,58915.8227079861
46,2020,3,7,19,59,41.97,12798321.876,8037292.389,-21895563.827999998,-2002.45163,3308.04814,53.39518,2020-03-07 19:59:41.970,-279516640.62629205,202143928.68245345,112289061.2164719,144926771695.20154,-29623121972.708576,-12841704731.790817,58915.83312465277
46,2020,3,7,20,14,41.97,10891697.814,10937226.011,-21660164.248,-2228.4661300000002,3127.01135,469.02576,2020-03-07 20:14:41.970,-280096142.1790107,201402102.79589924,112029871.75672938,144933030073.53116,-29599028364.557312,-12831259448.978783,58915.84354131943
46,2020,3,7,20,29,41.97,8798487.27,13649776.85,-21053619.962,-2416.4868699999997,2892.21872,876.98482,2020-03-07 20:29:41.970,-280673747.2494416,200658897.31375116,111769914.12036897,144939283715.6278,-29574933801.176735,-12820813754.128952,58915.8539579861
46,2020,3,7,20,44,41.97,6554411.071,16128257.766999999,-20085990.577,-2563.23184,2607.5817300000003,1270.28795,2020-03-07 20:44:41.970,-281249451.17322123,199914316.8336117,111509189.80823989,144945532621.38177,-29550838283.31043,-12810367647.569643,58915.86437465277
46,2020,3,7,20,59,41.97,4197838.1559999995,18329894.776,-18773530.557,-2666.10746,2277.8738,1642.17267,2020-03-07 20:59:41.970,-281823249.29802877,199168365.967848,111247700.32863201,144951776790.68277,-29526741811.701782,-12799921129.629107,58915.87479131943
46,2020,3,7,21,14,41.97,1769142.96,20216570.963,-17138437.289,-2723.2579299999998,1908.6571299999998,1986.2140100000001,2020-03-07 21:14:41.970,-282395136.9836585,198421049.34356195,110985447.19726995,144958016223.42126,-29502644387.09406,-12789474200.635475,58915.8852079861
46,2020,3,7,21,29,41.97,-689976.503,21755497.945,-15208496.525,-2733.6031,1506.19495,2296.43663,2020-03-07 21:29:41.970,-282965109.60208994,197672371.60255983,110722431.93730737,144964250919.48706,-29478546010.230354,-12779026860.916845,58915.89562465277
46,2020,3,7,21,44,41.97,-3137209.156,22919802.281,-13016629.317000002,-2696.86389,1077.3504,2567.42126,2020-03-07 21:44:41.970,-283533162.5375592,196922337.40132248,110458656.07932065,144970480878.77048,-29454446681.85361,-12768579110.801178,58915.90604131943
46,2020,3,7,21,59,41.97,-5530358.2930000005,23689015.206,-10600346.379,-2613.57439,629.4731,2794.40366,2020-03-07 21:59:41.970,-284099291.1866302,196170951.4109744,110194121.16130309,144976706101.16153,-29430346402.706585,-12758130950.616411,58915.9164579861
46,2020,3,7,22,14,41.97,-7828073.552,24049455.323,-8001117.679,-2485.07973,170.275,2973.3636699999997,2020-03-07 22:14:41.970,-284663490.95826447,195418218.3172524,109928828.72865796,144982926586.5503,-29406245173.531902,-12747682380.690357,58915.92687465277
46,2020,3,7,22,29,41.97,-9990574.436999999,23994495.441999998,-5263666.968,-2313.51933,-292.30262,3101.10261,2020-03-07 22:29:41.970,-285225757.2738932,194664142.82047445,109662780.33419277,144989142334.82718,-29382142995.07202,-12737233401.350763,58915.93729131943
46,2020,3,7,22,44,41.97,-11980352.086000001,23524706.669999998,-2435202.728,-2101.7953399999997,-750.22847,3175.3069,2020-03-07 22:44:41.970,-285786085.5674877,193908729.6355081,109395977.53811206,144995353345.882,-29358039868.069256,-12726784012.925295,58915.9477079861
46,2020,3,7,22,59,41.97,-13762835.965,22647875.058000002,435401.28900000005,-1853.52631,-1195.5247,3194.59618,2020-03-07 22:59:41.970,-286344471.2856294,193151983.49173784,109128421.90801084,145001559619.60516,-29333935793.265747,-12716334215.741537,58915.95812465277
46,2020,3,7,23,14,41.97,-15307012.427,21378888.545,3298461.316,-1572.98667,-1620.41118,3158.5545,2020-03-07 23:14:41.970,-286900909.8875815,192393909.13303313,108860115.01886751,145007761155.88684,-29309830771.403465,-12705884010.126976,58915.96854131943
46,2020,3,7,23,29,41.97,-16585982.761,19739494.634,6104358.847,-1265.03293,-2017.4479600000002,3067.7434799999996,2020-03-07 23:29:41.970,-287455396.84535915,191634511.3177153,108591058.45303679,145013957954.61703,-29285724803.224255,-12695433396.409056,58915.9789579861
46,2020,3,7,23,44,41.97,-17577449.302,17757931.961,8804419.352,-935.01791,-2379.67254,2923.6967,2020-03-07 23:44:41.970,-288007927.64379907,190873794.81852478,108321253.80024254,145020150015.68622,-29261617889.46981,-12684982374.915104,58915.98937465277
46,2020,3,7,23,59,41.97,-18264119.555,15468441.74,11351777.451,-588.69462,-2700.72906,2728.89527,2020-03-07 23:59:41.970,-288558497.74739033,190111764.46871835,108050702.67395729,145026337338.98474,-29237510030.88106,-12674530945.972178,58915.99979131943
46,2020,3,8,0,14,41.97,-18634019.537,12910671.553,13702208.301,-232.11219,-2974.9860400000002,2486.7249,2020-03-08 00:14:41.970,-289107102.73342985,189348424.97758505,107779406.64588986,145032519924.40204,-29213401228.200516,-12664079109.907852,58916.0102079861
46,2020,3,8,0,29,41.97,-18680712.355,10128960.102,15814928.980999999,128.49632,-3197.64172,2201.41406,2020-03-08 00:29:41.970,-289653738.0922834,188583781.20696846,107507367.3441667,145038697771.8289,-29189291482.16882,-12653626867.049025,58916.02062465277
46,2020,3,8,0,44,41.97,-18403410.321,7171572.379,17653303.264999997,486.82577,-3364.8106599999996,1877.95792,2020-03-08 00:44:41.970,-290198399.36078113,187817837.98694697,107234586.38791278,145044870881.15533,-29165180793.527023,-12643174217.722704,58916.03104131943
46,2020,3,8,0,59,41.97,-17806989.309,4089826.67,19185504.6,836.6160500000001,-3473.59511,1522.02532,2020-03-08 00:59:41.970,-290741082.0889271,187050600.16184643,106961065.40358327,145051039252.27164,-29141069163.01603,-12632721162.255836,58916.0414579861
46,2020,3,8,1,14,41.97,-16901896.272000004,937185.066,20385072.682,1171.76587,-3522.13564,1139.85401,2020-03-08 01:14:41.970,-291281781.8399697,186282072.59020534,106686806.0249554,145057202885.0681,-29116956591.37659,-12622267700.975266,58916.05187465277
46,2020,3,8,1,29,41.97,-15703956.184,-2231696.335,21231374.319,1486.44337,-3509.64173,738.13542,2020-03-08 01:29:41.970,-291820494.1904719,185512260.14473897,106411809.89312048,145063361779.43472,-29092843079.3493,-12611813834.207767,58916.06229131943
46,2020,3,8,1,44,41.97,-14234082.009,-5361935.552,21709956.842,1775.1905800000002,-3436.40188,323.8916,2020-03-08 01:44:41.970,-292357214.73038,184741167.7123034,106136078.65647504,145069515935.262,-29068728627.674603,-12601359562.280031,58916.0727079861
46,2020,3,8,1,59,41.97,-12517894.037,-8399392.659,21812788.273,2033.02008,-3303.77319,-95.65293,2020-03-08 01:59:41.970,-292891939.0630952,183968800.19385982,105859613.9707123,145075665352.43988,-29044613237.092785,-12590904885.518675,58916.08312465277
46,2020,3,8,2,14,41.97,-10585256.58,-11291619.374,21538380.842,2255.50169,-3114.15114,-513.2018400000001,2020-03-08 02:14:41.970,-293424662.8055426,183195162.5044369,105582417.4988135,145081810030.85876,-29020496908.34399,-12580449804.250229,58916.09354131943
46,2020,3,8,2,29,41.97,-8469741.565,-13988772.874,20891796.837,2438.838,-2870.92047,-921.51737,2020-03-08 02:29:41.970,-293955381.5882396,182420259.57309523,105304490.91103853,145087949970.40884,-28996379642.168194,-12569994318.801144,58916.1039579861
46,2020,3,8,2,44,41.97,-6208029.751,-16444477.488,19884538.126,2579.92732,-2578.38877,-1313.54804,2020-03-08 02:44:41.970,-294484091.0553675,181644096.3428887,105025835.88491744,145094085170.98022,-28972261439.305244,-12559538429.497782,58916.11437465277
46,2020,3,8,2,59,41.97,-3839261.2130000005,-18616619.348,18534322.835,2676.41331,-2241.70422,-1682.55132,2020-03-08 02:59:41.970,-295010786.8648405,180866677.77082756,104746454.10524063,145100215632.4632,-28948142300.49482,-12549082136.666441,58916.12479131943
46,2020,3,8,3,14,41.97,-1404347.436,-20468060.654,16864754.732,2726.72062,-1866.75951,-2022.20907,2020-03-08 03:14:41.970,-295535464.68837357,180088008.82784018,104466347.26404956,145106341354.74802,-28924022226.47644,-12538625440.633337,58916.1352079861
46,2020,3,8,3,29,41.97,1054742.309,-21967262.078,14904892.664,2730.0763300000003,-1460.08418,-2326.7339100000004,2020-03-08 03:29:41.970,-296058120.2115538,179308094.49873495,104185517.06062733,145112462337.72464,-28899901217.989517,-12528168341.724592,58916.14562465277
46,2020,3,8,3,44,41.97,3495707.453,-23088803.739,12688728.992,2686.51717,-1028.72725,-2590.96482,2020-03-08 03:44:41.970,-296578749.13390845,178526939.78216124,103903965.20148878,145118578581.28348,-28875779275.773273,-12517710840.266262,58916.15604131943
46,2020,3,8,3,59,41.97,5876642.794000001,-23813797.239,10254587.329,2596.88274,-580.13288,-2810.45066,2020-03-08 03:59:41.970,-297097347.1689741,177744549.69057077,103621693.40037045,145124690085.3146,-28851656400.5668,-12507252936.584318,58916.1664579861
46,2020,3,8,4,14,41.97,8156752.947,-24130183.302,7644451.005,2462.7952299999997,-122.01091,-2981.5204400000002,2020-03-08 04:14:41.970,-297613910.0443657,176960929.2501777,103338703.37822096,145130796849.7083,-28827532593.10901,-12496794631.004654,58916.17687465277
46,2020,3,8,4,29,41.97,10297042.76,-24032911.66,4903234.536,2286.62642,337.79506,-3101.33957,2020-03-08 04:29:41.970,-298128433.5018457,176176083.5009193,103054996.86319019,145136898874.35458,-28803407854.138725,-12486335923.853075,58916.18729131943
46,2020,3,8,4,44,41.97,12260972.527,-23524001.799000002,2078010.983,2071.45267,791.44002,-3167.95158,2020-03-08 04:44:41.970,-298640913.2973929,175390017.49641597,102770575.5906195,145142996159.1437,-28779282184.39457,-12475876815.455322,58916.1977079861
46,2020,3,8,4,59,41.97,14015067.77,-22612485.209,-782791.514,1820.9990599999999,1231.20827,-3180.30489,2020-03-08 04:59:41.970,-299151345.20127004,174602736.30393025,102485441.30303071,145149088703.96573,-28755155584.615044,-12465417306.137047,58916.20812465277
46,2020,3,8,5,14,41.97,15529474.239,-21314231.564000003,-3630210.6180000002,1539.57378,1649.64031,-3138.26472,2020-03-08 05:14:41.970,-299659724.99809366,173814245.0043266,102199595.75011571,145155176508.7108,-28731028055.538486,-12454957396.223825,58916.21854131943
46,2020,3,8,5,29,41.97,16778449.944,-19651663.025000002,-6415574.729,1231.9940000000001,2039.6542200000001,-3042.61024,2020-03-08 05:29:41.970,-300166048.486902,173024548.69203,101913040.68872538,145161259573.2691,-28706899597.903107,-12444497086.041153,58916.2289579861
46,2020,3,8,5,44,41.97,17740787.108,-17653362.441,-9091318.867,903.5044800000001,2394.65985,-2895.0174,2020-03-08 05:44:41.970,-300670311.48122287,172233652.4749847,101625777.88285889,145167337897.5307,-28682770212.446957,-12434036375.914444,58916.23937465277
46,2020,3,8,5,59,41.97,18400158.129,-15353582.62,-11611778.815,559.69033,2708.66421,-2698.0278900000003,2020-03-08 05:59:41.970,-301172509.809142,171441561.47461203,101337809.10365216,145173411481.3857,-28658639899.907955,-12423575266.169052,58916.24979131943
46,2020,3,8,6,14,41.97,18745380.867,-12791665.136,-13933951.413,206.38519,2976.36693,-2455.0050699999997,2020-03-08 06:14:41.970,-301672639.3133723,170648280.82576877,101049136.12936677,145179480324.72406,-28634508661.02386,-12413113757.130219,58916.2602079861
46,2020,3,8,6,29,41.97,18770599.73,-10011378.237000002,-16018209.547,-150.42385,3193.24437,-2170.07755,2020-03-08 06:29:41.970,-302170695.851319,169853815.67670408,100759760.74537839,145185544427.43594,-28610376496.532295,-12402651849.123135,58916.27062465277
46,2020,3,8,6,44,41.97,18475380.275,-7060184.37,-17828961.213999998,-504.69313999999997,3355.6217899999997,-1848.07142,2020-03-08 06:44:41.970,-302666675.2951508,169058171.18901706,100469684.74416524,145191603789.4114,-28586243407.170727,-12392189542.472898,58916.28104131943
46,2020,3,8,6,59,41.97,17864716.164,-3988448.648,-19335242.848,-850.4201,3460.73228,-1494.43219,2020-03-08 06:59:41.970,-303160573.5318647,168261352.53761375,100178909.9252959,145197658410.54047,-28562109393.67652,-12381726837.50454,58916.2914579861
46,2020,3,8,7,14,41.97,16948948.522,-848600.284,-20511238.069,-1181.7401,3506.7622499999998,-1115.13725,2020-03-08 07:14:41.970,-303652386.4633549,167463364.9106628,99887438.09541811,145203708290.71307,-28537974456.786835,-12371263734.54301,58916.30187465277
46,2020,3,8,7,29,41.97,15743598.801,2305740.4329999997,-21336713.956,-1493.0215600000001,3492.88242,-716.60033,2020-03-08 07:29:41.970,-304142110.00648016,166664213.5095524,99595271.0682457,145209753429.81912,-28513838597.23874,-12360800233.913166,58916.31229131943
46,2020,3,8,7,44,41.97,14269117.406,5420656.555,-21797368.022,-1778.95783,3419.2643199999998,-305.56881000000004,2020-03-08 07:44:41.970,-304629740.0931303,165863903.5488457,99302410.66454713,145215793827.74872,-28489701815.769135,-12350336335.939804,58916.3227079861
46,2020,3,8,7,59,41.97,12550551.429,8442836.875,-21885080.108999997,-2034.6548800000003,3287.08145,110.98464,2020-03-08 07:59:41.970,-305115272.6702939,165062440.25623634,99008858.71213248,145221829484.39188,-28465564113.11478,-12339872040.947643,58916.33312465277
46,2020,3,8,8,14,41.97,10617135.908,11320472.584999999,-21598064.637,-2255.71335,3098.49533,525.97496,2020-03-08 08:14:41.970,-305598703.70012546,164259828.87250346,98714617.0458412,145227860399.63834,-28441425490.012306,-12329407349.261322,58916.34354131943
46,2020,3,8,8,29,41.97,8501814.133,14004134.316,-20940919.81,-2438.30398,2856.62588,932.32052,2020-03-08 08:29:41.970,-306080029.16001105,163456074.6514667,98419687.50752908,145233886573.37805,-28417285947.198204,-12318942261.205383,58916.3539579861
46,2020,3,8,8,44,41.97,6240693.626,16447615.605999999,-19924571.75,-2579.2349099999997,2565.5063999999998,1323.06051,2020-03-08 08:44:41.970,-306559245.04263604,162651182.85994035,98124071.94605553,145239908005.501,-28393145485.408825,-12308476777.104324,58916.36437465277
46,2020,3,8,8,59,41.97,3872445.5130000003,18608728.923,-18566112.952,-2676.00995,2230.0232100000003,1691.4721100000002,2020-03-08 08:59:41.970,-307036347.3560514,161845158.77768734,97827772.21727048,145245924695.897,-28369004105.380337,-12298010897.282541,58916.37479131943
46,2020,3,8,9,14,41.97,1437656.1160000002,20450040.604999997,-16888535.985,-2726.8763599999997,1855.8404,2031.1857999999997,2020-03-08 09:14:41.970,-307511332.12373877,161038007.69737354,97530790.18400097,145251936644.45575,-28344861807.84886,-12287544622.064373,58916.3852079861
46,2020,3,8,9,29,41.97,-1021859.3949999999,21939531.562,-14920365.035,-2730.8611300000002,1449.3102,2336.29678,2020-03-08 09:29:41.970,-307984195.38467914,160229734.92452058,97233127.71603796,145257943851.06717,-28320718593.550293,-12277077951.77406,58916.39562465277
46,2020,3,8,9,44,41.97,-3463770.378,23051171.266000003,-12695189.641,-2687.79462,1017.37006,2601.47052,2020-03-08 09:44:41.970,-308454933.1934163,159420345.77745908,96934786.6901227,145263946315.621,-28296574463.22042,-12266610886.73577,58916.40604131943
46,2020,3,8,9,59,41.97,-5845959.414,23765393.548,-10251106.819,-2598.32082,567.42769,2822.04043,2020-03-08 09:59:41.970,-308923541.6201238,158609845.58728173,96635768.98993291,145269944038.0071,-28272429417.59493,-12256143427.273619,58916.4164579861
46,2020,3,8,10,14,41.97,-8127253.784,24069464.027999997,-7630079.657000001,-2463.8932,107.23545,2994.0954899999997,2020-03-08 10:14:41.970,-309390016.7506711,157798239.6977949,96336076.50606906,145275937018.11487,-28248283457.40931,-12245675573.711622,58916.42687465277
46,2020,3,8,10,29,41.97,-10268146.73,23957730.617000002,-4877222.305000001,-2286.75605,-355.24354000000005,3114.5558300000002,2020-03-08 10:29:41.970,-309854354.6866878,156985533.46547168,96035711.1360402,145281925255.83432,-28224136583.398956,-12235207326.373716,58916.43729131943
46,2020,3,8,10,44,41.97,-12231495.144000001,23431750.463,-2040023.128,-2069.9108100000003,-811.9756,3181.23431,2020-03-08 10:44:41.970,-310316551.5456301,156171732.25940272,95734674.78424996,145287908751.05502,-28199988796.299133,-12224738685.583776,58916.4477079861
46,2020,3,8,10,59,41.97,-13983180.401,22500288.974,832480.625,-1817.06787,-1255.0001399999999,3192.88236,2020-03-08 10:59:41.970,-310776603.4608456,155356841.4612481,95432969.36198185,145293887503.66663,-28175840096.844917,-12214269651.665592,58916.45812465277
46,2020,3,8,11,14,41.97,-15492719.343999999,21179189.015,3690561.822,-1532.58413,-1676.57401,3149.21877,2020-03-08 11:14:41.970,-311234506.58163756,154540866.46518824,95130596.78738512,145299861513.5586,-28151690485.771297,-12203800224.942894,58916.46854131943
46,2020,3,8,11,29,41.97,-16733813.148000002,19491111.072,6484680.218,-1221.38759,-2069.31338,3050.94027,2020-03-08 11:29:41.970,-311690257.07333124,153723812.67787486,94827558.98545986,145305830780.6207,-28127539963.813126,-12193330405.739311,58916.4789579861
46,2020,3,8,11,44,41.97,-17684822.810000002,17465147.952999998,9166360.322,-888.8899799999999,-2426.3301500000002,2899.71331,2020-03-08 11:44:41.970,-312143851.1173367,152905685.51838073,94523857.88804229,145311795304.74237,-28103388531.705112,-12182860194.37842,58916.48937465277
46,2020,3,8,11,59,41.97,-18329161.424000002,15136320.366,11689053.373000002,-540.88947,-2741.35974,2698.14698,2020-03-08 11:59:41.970,-312595284.91121465,152086490.41815034,94219495.43378963,145317755085.8131,-28079236190.181835,-12172389591.183702,58916.49979131943
46,2020,3,8,12,14,41.97,-18655595.049,12544962.42,14008966.534,-183.46526,-3008.87745,2449.74735,2020-03-08 12:14:41.970,-313044554.6687399,151266232.82094932,93914473.56816505,145323710123.7223,-28055082939.977737,-12161918596.478584,58916.5102079861
46,2020,3,8,12,29,41.97,-18658445.930999998,9736008.594999999,16085842.991,177.13365000000002,-3224.20068,2158.8542199999997,2020-03-08 12:29:41.970,-313491656.61996555,150444918.1828139,93608794.24342237,145329660418.35956,-28030928781.82714,-12151447210.586401,58916.52062465277
46,2020,3,8,12,44,41.97,-18337693.94,6758195.903,17883677.657,534.60302,-3383.5748099999996,1830.5615500000001,2020-03-08 12:44:41.970,-313936587.0112874,149622551.97200012,93302459.41859047,145335605969.6141,-28006773716.464233,-12140975433.830423,58916.53104131943
46,2020,3,8,12,59,41.97,-17698974.312,3663196.829,19371354.563,882.6988,-3484.24086,1470.62331,2020-03-08 12:59:41.970,-314379342.105507,148799139.66893217,92995471.05945803,145341546777.37555,-27982617744.62306,-12130503266.533848,58916.5414579861
46,2020,3,8,13,14,41.97,-16753472.030000001,504700.065,20523193.822,1215.35097,-3524.4837,1085.3470300000001,2020-03-08 13:14:41.970,-314819918.18189514,147974686.76615107,92687831.13855705,145347482841.5329,-27958460867.03754,-12120030709.019787,58916.55187465277
46,2020,3,8,13,29,41.97,-15517715.378999999,-2662543.023,21319398.059,1526.77338,-3503.6598900000004,681.4773299999999,2020-03-08 13:29:41.970,-315258311.5362552,147149198.7682627,92379541.63514763,145353414161.9756,-27934303084.44149,-12109557761.611288,58916.56229131943
46,2020,3,8,13,44,41.97,-14013273.317,-5783687.714,21746390.459,1811.56734,-3422.20492,266.07193,2020-03-08 13:44:41.970,-315694518.4809866,146322681.19188562,92070604.53520152,145359340738.59293,-27910144397.56855,-12099084424.631315,58916.5727079861
46,2020,3,8,13,59,41.97,-12266363.187,-8804762.563000001,21797038.943,2064.81689,-3281.62005,-153.62697,2020-03-08 13:59:41.970,-316128535.3451471,145495139.56559822,91761021.83138579,145365262571.27393,-27885984807.152298,-12088610698.40278,58916.58312465277
46,2020,3,8,14,14,41.97,-10307377.043,-11673615.236,21470763.408999998,2282.17415,-3084.43941,-570.32344,2020-03-08 14:14:41.970,-316560358.47451574,144666579.4298861,91450795.5230466,145371179659.90802,-27861824313.926117,-12078136583.248493,58916.59354131943
46,2020,3,8,14,29,41.97,-8170336.251,-14340820.264,20773525.358,2459.93314,-2834.17848,-976.79803,2020-03-08 14:29:41.970,-316989984.23165554,143837006.33708858,91139927.61619249,145377092004.38412,-27837662918.623287,-12067662079.49122,58916.6039579861
46,2020,3,8,14,44,41.97,-5892285.2700000005,-16760532.532000002,19717701.531,2595.09096,-2535.26533,-1366.03491,2020-03-08 14:44:41.970,-317417408.995975,143006425.8513454,90828420.12347788,145382999604.5913,-27813500621.977005,-12057187187.453613,58916.61437465277
46,2020,3,8,14,59,41.97,-3512636.346,-18891271.783,18321845.367000002,2685.3955699999997,-2192.9563399999997,-1731.3436499999998,2020-03-08 14:59:41.970,-317842629.1637907,142174843.54854253,90516275.06418571,145388902460.41873,-27789337424.720272,-12046711907.458294,58916.62479131943
46,2020,3,8,15,14,41.97,-1072477.524,-20696625.045,16610342.076000001,2729.3794500000004,-1813.2384399999999,-2066.47352,2020-03-08 15:14:41.970,-318265641.14838964,141342265.01625836,90203494.46421084,145394800571.7553,-27765173327.58601,-12036236239.827793,58916.6352079861
46,2020,3,8,15,29,41.97,1386143.2959999999,-22145855.755,14612964.915000001,2726.37915,-1402.71992,-2365.71843,2020-03-08 15:29:41.970,-318686441.3800888,140508695.85370886,89890080.35604271,145400693938.49014,-27741008331.307022,-12025760184.884562,58916.64562465277
46,2020,3,8,15,44,41.97,3820945.445,-23214410.291,12364341.834999999,2676.5405800000003,-968.51198,-2624.0109500000003,2020-03-08 15:44:41.970,-319105026.3062993,139674141.67169276,89576034.77874783,145406582560.51196,-27716842436.615948,-12015283742.950989,58916.65604131943
46,2020,3,8,15,59,41.97,6190141.028,-23884314.692,9903342.946,2580.81031,-518.1035499999999,-2837.0040099999997,2020-03-08 15:59:41.970,-319521392.39158523,138838608.09253672,89261359.77795254,145412466437.70963,-27692675644.24532,-12004806914.34939,58916.6664579861
46,2020,3,8,16,14,41.97,8453146.631,-24144456.396,7272400.389,2440.91363,-59.231359999999995,-3001.13931,2020-03-08 16:14:41.970,-319935536.1177258,138002100.75003934,88946057.40582508,145418345569.97208,-27668507954.92758,-11994329699.40201,58916.67687465277
46,2020,3,8,16,29,41.97,10571269.428,-23990747.905,4516772.953,2259.3197800000003,400.25217000000004,-3113.70154,2020-03-08 16:29:41.970,-320347453.98377556,137164625.28941578,88630129.72105771,145424219957.1879,-27644339369.395027,-11983852098.431007,58916.68729131943
46,2020,3,8,16,44,41.97,12508356.682,-23426171.306,1683768.4309999999,2039.1954700000001,852.51122,-3172.85804,2020-03-08 16:44:41.970,-320757142.5061248,136326187.36724135,88313578.78884904,145430089599.246,-27620169888.379818,-11973374111.758495,58916.6977079861
46,2020,3,8,16,59,41.97,14231398.49,-22460704.493,-1178063.02,1784.3476899999998,1289.8568,-3177.68353,2020-03-08 16:59:41.970,-321164598.21856034,135486792.6513955,87996406.68088561,145435954496.03497,-27595999512.61403,-11962895739.70649,58916.70812465277
46,2020,3,8,17,14,41.97,15711074.608000001,-21111131.81,-4019751.0609999998,1499.15683,1704.87307,-3128.16996,2020-03-08 17:14:41.970,-321569817.6723248,134646446.82100448,87678615.4753237,145441814647.44336,-27571828242.829575,-11952416982.596956,58916.71854131943
46,2020,3,8,17,29,41.97,16922237.299,-19400743.509,-6792729.593,1188.50157,2090.53781,-3025.22169,2020-03-08 17:29:41.970,-321972797.43617684,133805155.56638482,87360207.2567708,145447670053.35995,-27547656079.758278,-11941937840.751774,58916.7289579861
46,2020,3,8,17,44,41.97,17844323.254,-17358929.987,-9449650.337,857.67665,2440.3355100000003,-2870.6362799999997,2020-03-08 17:44:41.970,-322373534.09645057,132962924.58898573,87041184.116267,145453520713.67297,-27523483024.131863,-11931458314.492758,58916.73937465277
46,2020,3,8,17,59,41.97,18461688.862,-15020678.180000002,-11945172.988,512.30492,2748.36147,-2667.07173,2020-03-08 17:59:41.970,-322772024.2571143,132119759.60133144,86721548.1512664,145459366628.27094,-27499309076.681885,-11920978404.141651,58916.74979131943
46,2020,3,8,18,14,41.97,18763864.263,-12425978.723,-14236719.884,158.24507,3009.4158,-2418.0005699999997,2020-03-08 18:14:41.970,-323168264.5398305,131275666.32696334,86401301.46561785,145465207797.04254,-27475134238.139805,-11910498110.020132,58916.7602079861
46,2020,3,8,18,29,41.97,18745722.868,-9619153.581,-16285183.881000001,-198.50373,3219.08599,-2127.65191,2020-03-08 18:29:41.970,-323562251.5840138,130430650.50038138,86080446.16954616,145471044219.87598,-27450958509.237003,-11900017432.449795,58916.77062465277
46,2020,3,8,18,44,41.97,18407564.181,-6648114.781,-18055578.893000003,-551.89891,3373.8172799999998,-1800.94212,2020-03-08 18:44:41.970,-323953982.0468898,129584717.86698593,85758984.37963279,145476875896.65955,-27426781890.70469,-11889536371.752184,58916.78104131943
46,2020,3,8,18,59,41.97,17755108.958,-3563565.676,-19517623.437999997,-895.9520399999999,3470.9699,-1443.3954600000002,2020-03-08 18:59:41.970,-324343452.6035536,128737874.1830185,85436918.21879645,145482702827.2814,-27402604383.27397,-11879054928.248756,58916.7914579861
46,2020,3,8,19,14,41.97,16799406.847999997,-418156.842,-20646248.454,-1224.82556,3508.86254,-1061.0553599999998,2020-03-08 19:14:41.970,-324730659.94702685,127890125.2155026,85114249.81627339,145488525011.6298,-27378425987.675903,-11868573102.260912,58916.80187465277
46,2020,3,8,19,29,41.97,15556657.817,2734390.747,-21422021.661,-1532.92743,3486.80148,-660.38784,2020-03-08 19:29:41.970,-325115600.7883169,127041476.7421845,84790981.30759808,145494342449.593,-27354246704.64133,-11858090894.109966,58916.81229131943
46,2020,3,8,19,44,41.97,14047949.728,5840182.158,-21831481.746000003,-1815.0025999999998,3405.0949899999996,-248.17795,2020-03-08 19:44:41.970,-325498271.8564733,126191934.55147305,84467114.83458297,145500155141.05893,-27330066534.901043,-11847608304.117193,58916.8227079861
46,2020,3,8,19,59,41.97,12298915.558999998,8846051.068,-21867376.797000002,-2066.2199100000003,3265.0525300000004,168.57928,2020-03-08 19:59:41.970,-325878669.89864516,125341504.4423799,84142652.54529874,145505963085.91574,-27305885479.185715,-11837125332.603764,58916.83312465277
46,2020,3,8,20,14,41.97,10339314.841,11700454.734000001,-21528802.513,-2282.2534100000003,3068.9686300000003,582.79224,2020-03-08 20:14:41.970,-326256791.68013823,124490192.22445877,83817596.59405404,145511766284.05136,-27281703538.2259,-11826641979.890804,58916.84354131943
46,2020,3,8,20,29,41.97,8202544.954000001,14354347.458,-20821237.021,-2459.35669,2820.09118,987.3889,2020-03-08 20:29:41.970,-326632633.9844725,123638003.71774502,83491949.14137523,145517564735.35376,-27257520712.752052,-11816158246.29937,58916.8539579861
46,2020,3,8,20,44,41.97,5925089.086,16762018.576,-19756470.434,-2594.4291200000002,2522.5743199999997,1375.4342399999998,2020-03-08 20:44:41.970,-327006193.61343664,122784944.75269453,83165712.35398588,145523358439.71063,-27233337003.494484,-11805674132.150434,58916.86437465277
46,2020,3,8,20,59,41.97,3545908.693,18881881.112,-18352428.735000003,-2685.0727,2181.416,1740.2474000000002,2020-03-08 20:59:41.970,-327377467.38714564,121931021.17012227,82838888.40478617,145529147397.00983,-27209152411.183445,-11795189637.764917,58916.87479131943
46,2020,3,8,21,14,41.97,1105789.437,20677197.515,-16632893.153,-2729.63841,1802.38069,2075.5164499999996,2020-03-08 21:14:41.970,-327746452.1440967,121076238.82114103,82511479.47283222,145534931607.1392,-27184966936.54904,-11784704763.46367,58916.8852079861
46,2020,3,8,21,29,41.97,-1353349.3739999998,22116729.377,-14627117.86,-2727.2608,1391.90785,2375.4092299999998,2020-03-08 21:29:41.970,-328113144.74122417,120220603.56709924,82183487.74331509,145540711069.98633,-27160780580.321293,-11774219509.567467,58916.89562465277
46,2020,3,8,21,44,41.97,-3789170.861,23175298.769,-12369350.592999998,-2677.87992,957.00726,2634.6779100000003,2020-03-08 21:44:41.970,-328477542.05395514,119364121.27951902,81854915.40753953,145546485785.4388,-27136593343.23008,-11763733876.397022,58916.90604131943
46,2020,3,8,21,59,41.97,-6159650.291,23834249.881,-9898262.667000001,-2582.24958,505.1424,2848.7554,2020-03-08 21:59:41.970,-328839640.9762649,118506797.84003335,81525764.66290319,145552255753.3842,-27112405226.005234,-11753247864.272984,58916.9164579861
46,2020,3,8,22,14,41.97,-8423805.839,24081800.993,-7256296.721,-2441.93132,44.10365,3013.84146,2020-03-08 22:14:41.970,-329199438.4207311,117648639.14032373,81196037.71287501,145558020973.71002,-27088216229.376427,-11742761473.515936,58916.92687465277
46,2020,3,8,22,29,41.97,-10542417.316,23913278.454,-4488942.401000001,-2259.27366,-418.12671,3126.97637,2020-03-08 22:29:41.970,-329556931.31858844,116789651.0820571,80865736.76697358,145563781446.3036,-27064026354.07324,-11732274704.446388,58916.93729131943
46,2020,3,8,22,44,41.97,-12478719.532,23331226.352999996,-1643951.9640000002,-2037.37646,-873.51536,3186.10045,2020-03-08 22:44:41.970,-329912116.61978334,115929839.57682216,80534864.04074578,145569537171.05237,-27039835600.82516,-11721787557.38478,58916.9477079861
46,2020,3,8,22,59,41.97,-14199056.998,22345387.844,1229490.615,-1780.04074,-1314.12181,3190.0976299999998,2020-03-08 22:59:41.970,-330264991.29302686,115069210.5460661,80203421.75574468,145575288147.84357,-27015643970.361588,-11711300032.651516,58916.95812465277
46,2020,3,8,23,14,41.97,-15673487.081,20972556.577,4081632.0500000003,-1491.70446,-1732.2426500000001,3138.82174,2020-03-08 23:14:41.970,-330615552.3258494,114207769.92103061,79871412.13950795,145581034376.5645,-26991451463.41178,-11700812130.56689,58916.96854131943
46,2020,3,8,23,29,41.97,-16876319.459,19236299.413000003,6863027.643,-1177.36537,-2120.55287,3033.10448,2020-03-08 23:29:41.970,-330963796.724653,113345523.64268768,79538837.4255352,145586775857.10223,-26967258080.704926,-11690323851.45116,58916.9789579861
46,2020,3,8,23,44,41.97,-17786580.808,17166554.379,9525417.943,-842.4922700000001,-2472.24125,2874.74464,2020-03-08 23:44:41.970,-331309721.5147653,112482477.66167517,79205699.8532664,145592512589.3439,-26943063822.970066,-11679835195.624512,58916.98937465277
46,2020,3,8,23,59,41.97,-18388395.068,14799110.569,12022587.158,-492.92648,-2781.13681,2666.4783899999998,2020-03-08 23:59:41.970,-331653323.74049187,111618637.93823212,78872001.66805899,145598244573.17654,-26918868690.936226,-11669346163.40707,58916.99979131943
46,2020,3,9,0,14,41.97,-18671271.052,12174983.067,14311183.536,-134.77593,-3041.8231699999997,2411.9314200000003,2020-03-09 00:14:41.970,-331994600.46516824,110754010.4421336,78537745.1211654,145603971808.48715,-26894672685.332245,-11658856755.11889,58917.0102079861
46,2020,3,9,0,29,41.97,-18630293.726,9339672.842,16351503.548,225.69816,-3249.73949,2115.55236,2020-03-09 00:29:41.970,-332333548.77121246,109888601.15262581,78202932.46971047,145609694295.16235,-26870475806.886917,-11648366971.07997,58917.02062465277
46,2020,3,9,0,44,41.97,-18266208.675,6342379.987000001,18108179.057,582.19376,-3401.26269,1782.53245,2020-03-09 00:44:41.970,-332670165.7601771,109022416.0583598,77867565.97666878,145615412033.08923,-26846278056.32891,-11637876811.610222,58917.03104131943
46,2020,3,9,0,59,41.97,-17585408.169999998,3235114.234,19550815.422,928.48497,-3493.7735000000002,1418.70874,2020-03-09 00:59:41.970,-333004448.55280006,108155461.15732646,77531647.91084126,145621125022.15445,-26822079434.38679,-11627386277.029526,58917.0414579861
46,2020,3,9,1,14,41.97,-16599811.077999998,71773.267,20654521.963,1258.5349800000001,-3525.70161,1030.45632,2020-03-09 01:14:41.970,-333336394.2890567,107287742.45679006,77195180.5468323,145626833262.24472,-26797879941.789093,-11616895367.657673,58917.05187465277
46,2020,3,9,1,29,41.97,-15326643.152,-3092814.187,21400343.837,1566.60522,-3496.55082,624.57058,2020-03-09 01:29:41.970,-333666000.12821025,106419265.9732218,76858166.1650266,145632536753.2464,-26773679579.26415,-11606404083.814402,58917.06229131943
46,2020,3,9,1,44,41.97,-13788121.912,-6203858.556,21775584.629,1847.35789,-3406.90337,208.14249,2020-03-09 01:44:41.970,-333993263.2488618,105550037.73223321,76520607.05156542,145638235495.04645,-26749478347.54029,-11595912425.819399,58917.0727079861
46,2020,3,9,1,59,41.97,-12011052.91,-9207574.417,21774014.488,2095.95002,-3258.4041300000004,-211.57050999999998,2020-03-09 01:59:41.970,-334318180.84900135,104680063.76850955,76182505.49832344,145643929487.53098,-26725276247.345707,-11585420393.992264,58917.08312465277
46,2020,3,9,2,14,41.97,-10026345.847000001,-12052122.274,21395961.09,2308.1173000000003,-3053.72502,-627.27539,2020-03-09 02:14:41.970,-334640750.14605784,103809350.1257423,75843863.80288461,145649618730.5865,-26701073279.408493,-11574927988.652552,58917.09354131943
46,2020,3,9,2,29,41.97,-7868460.390000001,-14688509.964000002,20648283.064,2480.24622,-2796.51106,-1031.7734,2020-03-09 02:29:41.970,-334960968.37694794,102937902.85656187,75504684.26851882,145655303224.09924,-26676869444.456688,-11564435210.11975,58917.1039579861
46,2020,3,9,2,44,41.97,-5574792.715,-17071437.676000003,19544227.822,2609.4335,-2491.30931,-1418.0866700000001,2020-03-09 02:44:41.970,-335278832.7981265,102065728.02247007,75164969.20415734,145660982967.9555,-26652664743.218204,-11553942058.71329,58917.11437465277
46,2020,3,9,2,59,41.97,-3185014.636,-19160072.082,18103177.896,2693.5319299999996,-2143.48267,-1779.57903,2020-03-09 02:59:41.970,-335594340.6856341,101192831.69377188,74824720.92436926,145666657962.04144,-26628459176.42086,-11543448534.752522,58917.12479131943
46,2020,3,9,3,14,41.97,-740377.7649999999,-20918736.724,16350291.829,2731.18217,-1759.11038,-2110.06917,2020-03-09 03:14:41.970,-335907489.3351472,100319219.94950765,74483941.7493367,145672328206.243,-26604252744.792404,-11532954638.556768,58917.1352079861
46,2020,3,9,3,29,41.97,1717004.545,-22317507.680999998,14316047.462000001,2721.83032,-1344.8773700000002,-2403.93413,2020-03-09 03:29:41.970,-336218276.062025,99444898.87738413,74142634.00483102,145677993700.44647,-26580045449.06051,-11522460370.445257,58917.14562465277
46,2020,3,9,3,44,41.97,4144884.648,-23332705.532,12035696.953,2665.73125,-907.95484,-2656.20165,2020-03-09 03:44:41.970,-336526698.20135915,98569874.57370631,73800800.02218758,145683654444.53763,-26555837289.952713,-11511965730.737177,58917.15604131943
46,2020,3,9,3,59,41.97,6501604.823,-23947276.644,9548644.191,2563.93815,-455.87414,-2862.6301399999998,2020-03-09 03:59:41.970,-336832753.10801923,97694153.14330824,73458442.13828161,145689310438.4022,-26531628268.196507,-11501470719.751648,58917.1664579861
46,2020,3,9,4,14,41.97,8746806.022,-24151058.935000002,6897756.268,2418.27873,3.6034800000000002,-3019.7751,2020-03-09 04:14:41.970,-337136438.1567022,96817740.69948375,73115562.69550316,145694961681.9261,-26507418384.519283,-11490975337.807728,58917.17687465277
46,2020,3,9,4,29,41.97,10842109.482,-23940929.28,4128621.5009999997,2231.31886,462.61924999999997,-3125.04137,2020-03-09 04:29:41.970,-337437750.74197775,95940643.36391713,72772164.0417321,145700608174.99493,-26483207639.648323,-11480479585.22442,58917.18729131943
46,2020,3,9,4,44,41.97,12751760.312,-23320831.772,1288767.003,2006.3145699999998,913.3489000000001,-3176.72068,2020-03-09 04:44:41.970,-337736688.27833605,95062867.26661347,72428248.53031327,145706249917.49442,-26458996034.31087,-11469983462.320675,58917.1977079861
46,2020,3,9,4,59,41.97,14443223.035,-22301687.957999997,-1573150.844,1747.1535099999999,1348.13258,-3174.01436,2020-03-09 04:59:41.970,-338033248.2002334,94184418.54582858,72083818.52003087,145711886909.30997,-26434783569.23405,-11459486969.415363,58917.20812465277
46,2020,3,9,5,14,41.97,15887720.083,-20901191.996000003,-4408169.628,1458.2868899999999,1759.6003899999998,-3117.0410699999998,2020-03-09 05:14:41.970,-338327427.96213865,93305303.34799899,71738876.37508367,145717519150.3272,-26410570245.144897,-11448990106.827309,58917.21854131943
46,2020,3,9,5,29,41.97,17060705.323999997,-19143495.356,-7167844.53,1144.65338,2140.7919699999998,-3006.8300200000003,2020-03-09 05:29:41.970,-338619225.0385782,92425527.82767147,71393424.46505858,145723146640.43124,-26386356062.77042,-11438492874.875288,58917.2289579861
46,2020,3,9,5,44,41.97,17942265.852,-17058787.235,-9805059.357,811.59603,2485.26845,-2845.29984,2020-03-09 05:44:41.970,-338908636.924182,91545098.1474322,71047465.16490614,145728769379.50757,-26362141022.837475,-11427995273.878002,58917.23937465277
46,2020,3,9,5,59,41.97,18517446.477,-14682778.23,-12274812.447,464.77378000000004,2787.21525,-2635.22397,2020-03-09 05:59:41.970,-339195661.13372785,90664020.47783631,70701000.85491385,145734387367.44144,-26337925126.07285,-11417497304.154093,58917.24979131943
46,2020,3,9,6,14,41.97,18776492.505999997,-12056096.036,-14534965.496000001,110.06862000000001,3041.5345399999997,-2380.18304,2020-03-09 06:14:41.970,-339480295.2021864,89782300.99733627,70354033.92068085,145740000604.11768,-26313708373.20331,-11406998966.022165,58917.2602079861
46,2020,3,9,6,29,41.97,18715007.663,-9223602.995,-16546944.108,-246.50996,3243.92631,-2084.50533,2020-03-09 06:29:41.970,-339762536.6847652,88899945.89221102,70006566.75309145,145745609089.42178,-26289490764.95547,-11396500259.800741,58917.27062465277
46,2020,3,9,6,44,41.97,18334025.141999997,-6233646.25,-18276379.637,-598.9222199999999,3390.9569500000002,-1753.19601,2020-03-09 06:44:41.970,-340042383.15695226,88016961.35649383,69658601.74828939,145751212823.23828,-26265272302.0559,-11386001185.808302,58917.28104131943
46,2020,3,9,6,59,41.97,17639990.964,-3137252.019,-19693682.779999997,-941.19561,3480.1146599999997,-1391.85643,2020-03-09 06:59:41.970,-340319832.21456033,87133353.5919012,69310141.30765116,145756811805.45227,-26241052985.2311,-11375501744.363264,58917.2914579861
46,2020,3,9,7,14,41.97,16644659.948,12723.835,-20774540.333,-1267.52128,3509.8511000000003,-1006.5942400000001,2020-03-09 07:14:41.970,-340594881.4737691,86249128.80776013,68961187.83775969,145762406035.9485,-26216832815.20749,-11365001935.783993,58917.30187465277
46,2020,3,9,7,29,41.97,15364905.724,3162476.204,-21500327.496000003,-1572.34841,3479.6085,-603.92581,2020-03-09 07:29:41.970,-340867528.571169,85364293.2209363,68611743.75037807,145767995514.6117,-26192611792.711376,-11354501760.388796,58917.31229131943
46,2020,3,9,7,44,41.97,13822447.314,6258148.953,-21858429.171,-1850.4750800000002,3389.83202,-190.6718,2020-03-09 07:44:41.970,-341137771.16380227,84478853.05576149,68261811.46242252,145773580241.32632,-26168389918.469044,-11344001218.495928,58917.3227079861
46,2020,3,9,7,59,41.97,12043495.915,9246737.423,-21842464.809,-2097.13453,3241.96692,226.15258999999998,2020-03-09 07:59:41.970,-341405606.9292068,83592814.54396072,67911393.39593555,145779160215.97714,-26144167193.206673,-11333500310.423582,58917.33312465277
46,2020,3,9,8,14,41.97,10058326.583,12076981.45,-21452412.516,-2308.07557,3038.44027,639.45146,2020-03-09 08:14:41.970,-341671033.56545645,82706183.92457962,67560491.97805935,145784735438.44846,-26119943617.650375,-11322999036.489897,58917.34354131943
46,2020,3,9,8,29,41.97,7900780.652000001,14700234.968,-20694629.411999997,-2479.6358999999998,2782.62717,1042.1646600000001,2020-03-09 08:29:41.970,-341934048.7912023,81818967.44391102,67209109.64100845,145790305908.6247,-26095719192.526176,-11312497397.01295,58917.3539579861
46,2020,3,9,8,44,41.97,5607705.7930000005,17071298.234,-19581766.582,-2608.80715,2478.80153,1427.38535,2020-03-09 08:44:41.970,-342194650.34571505,80931171.35542183,66857248.82204263,145795871626.39005,-26071493918.56007,-11301995392.310791,58917.36437465277
46,2020,3,9,8,59,41.97,3218341.7399999998,19149198.834,-18132578.404,-2693.29039,2132.0715,1788.47682,2020-03-09 08:59:41.970,-342452835.9889239,80042801.91967924,66504911.96343954,145801432591.6287,-26047267796.477955,-11291493022.701384,58917.37479131943
46,2020,3,9,9,14,41.97,773660.792,20897907.935,-16371627.661,-2731.54092,1748.30024,2119.1869699999997,2020-03-09 09:14:41.970,-342708603.5014579,79153865.40427728,66152101.51246731,145806988804.22482,-26023040827.00564,-11280990288.502653,58917.3852079861
46,2020,3,9,9,29,41.97,-1684326.764,22286978.759,-14328889.489,-2722.80125,1334.01249,2413.7583299999997,2020-03-09 09:29:41.970,-342961950.68468535,78264368.08376251,65798819.921357,145812540264.06238,-25998813010.86888,-11270487190.032467,58917.39562465277
46,2020,3,9,9,44,41.97,-4113291.174,23292095.051,-12039259.034999998,-2667.1211700000003,896.2881299999999,2667.03163,2020-03-09 09:44:41.970,-343212875.3607537,77374316.23956001,65445069.64727474,145818086971.02518,-25974584348.79339,-11259983727.608639,58917.40604131943
46,2020,3,9,9,59,41.97,-6471313.714,23895518.387,-9541969.541000001,-2565.36416,442.64409,2874.54096,2020-03-09 09:59:41.970,-343461375.37262756,76483716.1598991,65090853.15229415,145823628924.99722,-25950354841.504776,-11249479901.548937,58917.4164579861
46,2020,3,9,10,14,41.97,-8717616.488,24086424.533,-6879929.458,-2419.1993799999996,-19.09376,3032.5981899999997,2020-03-09 10:14:41.970,-343707448.5841286,75592574.13973843,64736172.903368235,145829166125.8621,-25926124489.72859,-11238975712.171068,58917.42687465277
46,2020,3,9,10,29,41.97,-10813278.404000001,23861120.813,-4098989.0560000003,-2231.07886,-480.92656999999997,3138.3648900000003,2020-03-09 10:29:41.970,-343951092.8799737,74700896.48069158,64381031.372301444,145834698573.50354,-25901893294.190342,-11228471159.79269,58917.43729131943
46,2020,3,9,10,44,41.97,-12721923.961000001,23223138.454,-1247148.733,-2004.19993,-934.8239699999999,3189.90969,2020-03-09 10:44:41.970,-344192306.165812,73808689.49095187,64025431.03572128,145840226267.805,-25877661255.61544,-11217966244.731411,58917.4477079861
46,2020,3,9,10,59,41.97,-14410371.618999999,22183196.177,1626277.158,-1742.45308,-1372.8682299999998,3186.24953,2020-03-09 10:59:41.970,-344431086.3682635,72915959.48521699,63669374.3750503,145845749208.65015,-25853428374.729244,-11207460967.304789,58917.45812465277
46,2020,3,9,11,14,41.97,-15849228.92,20759033.898999996,4471525.85,-1450.35591,-1787.39824,3127.37345,2020-03-09 11:14:41.970,-344667431.43495566,72022712.78461425,63312863.87647744,145851267395.92203,-25829194652.25707,-11196955327.83031,58917.46854131943
46,2020,3,9,11,29,41.97,-17013422.348,18975118.053999998,7239264.889,-1132.97434,-2171.15031,3014.2479999999996,2020-03-09 11:29:41.970,-344901339.3345608,71128955.71662447,62955902.03092965,145856780829.5042,-25804960088.924137,-11186449326.625435,58917.4789579861
46,2020,3,9,11,44,41.97,-17882651.038,16862222.895999998,9881467.284,-795.83244,-2517.39247,2848.80382,2020-03-09 11:44:41.970,-345132808.0568313,70234694.61500615,62598491.334043145,145862289509.27963,-25780724685.45564,-11175942964.00757,58917.48937465277
46,2020,3,9,11,59,41.97,-18441754.9,14456894.876,12352266.045,-444.81279,-2820.0494599999997,2633.9033600000002,2020-03-09 11:59:41.970,-345361835.61263686,69339935.81972021,62240634.28613459,145867793435.13156,-25756488442.5767,-11165436240.294062,58917.49979131943
46,2020,3,9,12,14,41.97,-18680989.503000002,11800809.836000001,14608771.376,-86.04925,-3073.81554,2373.2902299999996,2020-03-09 12:14:41.970,-345588420.0339999,68444685.67685322,61882333.39217238,145873292606.9428,-25732251361.01234,-11154929155.802206,58917.5102079861
46,2020,3,9,12,29,41.97,-18596202.023999996,8940035.183,16611834.421,274.18525999999997,-3274.2524,2071.52133,2020-03-09 12:29:41.970,-345812559.37412965,67548950.53854138,61523591.16174748,145878787024.5965,-25708013441.48758,-11144421710.849262,58917.52062465277
46,2020,3,9,12,44,41.97,-18188904.722,5924211.34,18326742.623999998,629.59385,-3417.8703100000002,1733.8830300000002,2020-03-09 12:44:41.970,-346034251.70745903,66652736.76289411,61164410.10904445,145884276687.9751,-25683774684.72735,-11133913905.752422,58917.53104131943
46,2020,3,9,12,59,41.97,-17466244.634,2805668.459,19723833.262000002,973.97079,-3502.19063,1366.29346,2020-03-09 12:59:41.970,-346253495.12967694,65756050.71391724,60804792.75281199,145889761596.9617,-25659535091.456535,-11123405740.828848,58917.5414579861
46,2020,3,9,13,14,41.97,-16440870.416000001,-361504.273,20779013.54,1301.3144699999998,-3525.78847,975.193,2020-03-09 13:14:41.970,-346470287.7577635,64858898.76143628,60444741.61633392,145895241751.4386,-25635294662.399975,-11112897216.395638,58917.55187465277
46,2020,3,9,13,29,41.97,-15130699.453,-3522418.595,21474177.753,1605.9357599999998,-3488.3149900000003,567.42547,2020-03-09 13:29:41.970,-346684627.7300238,63961287.28101938,60084259.22739943,145900717151.2885,-25611053398.28242,-11102388332.76984,58917.56229131943
46,2020,3,9,13,44,41.97,-13558590.399999999,-6622357.884,21797514.318,1882.55946,-3390.4990000000003,150.11264999999997,2020-03-09 13:44:41.970,-346896513.20612055,63063222.65390024,59723348.11827368,145906187796.39365,-25586811299.828613,-11091879090.268475,58917.5727079861
46,2020,3,9,13,59,41.97,-11751928.161,-9607740.177,21743697.819000002,2126.41706,-3234.12839,-269.47529,2020-03-09 13:59:41.970,-347105942.36710703,62164711.26690071,59362010.82566812,145911653686.63663,-25562568367.76321,-11081369489.208506,58917.58312465277
46,2020,3,9,14,14,41.97,-9742129.987,-12427055.577,21313963.69,2333.32906,-3022.01196,-684.05066,2020-03-09 14:14:41.970,-347312913.4154599,61265759.51235328,59000249.89071058,145917114821.8993,-25538324602.81082,-11070859529.906828,58917.59354131943
46,2020,3,9,14,29,41.97,-7564082.719,-15031761.019,20516065.479000002,2499.77547,-2757.92301,-1086.43782,2020-03-09 14:29:41.970,-347517424.575111,60366373.78802353,58638067.85891559,145922571202.06406,-25514080005.69602,-11060349212.680317,58917.6039579861
46,2020,3,9,14,44,41.97,-5255522.316,-17377116.566,19364116.957999997,2622.95339,-2446.52612,-1469.69912,2020-03-09 14:44:41.970,-347719474.0914786,59466560.497032255,58275467.28015421,145928022827.01282,-25489834577.143295,-11049838537.845793,58917.61437465277
46,2020,3,9,14,59,41.97,-2856367.6300000004,-19422948.930999998,17878323.445,2700.8210099999997,-2093.2889800000003,-1827.25483,2020-03-09 14:59:41.970,-347919060.2314992,58566326.04777736,57912450.70862403,145933469696.62744,-25465588317.877132,-11039327505.720032,58917.62479131943
46,2020,3,9,15,14,41.97,-408020.937,-21134329.627,16084608.671,2732.12744,-1704.38119,-2152.9949699999997,2020-03-09 15:14:41.970,-348116181.28365815,57665676.8538559,57549020.702818826,145938911810.79,-25441341228.62193,-11028816116.619751,58917.6352079861
46,2020,3,9,15,29,41.97,2047352.005,-22482157.028,14014145.229,2716.4283400000004,-1286.56227,-2441.38148,2020-03-09 15:29:41.970,-348310835.5580199,56764619.33398576,57185179.8254984,145944349169.38196,-25417093310.102074,-11018304370.86164,58917.64562465277
46,2020,3,9,15,44,41.97,4467549.557999999,-23443633.618,11702798.183,2654.0874099999996,-847.06115,-2687.5388199999998,2020-03-09 15:44:41.970,-348503021.3862578,55863159.91192724,56820930.64365811,145949781772.28503,-25392844563.041866,-11007792268.762337,58917.65604131943
46,2020,3,9,15,59,41.97,6811056.888,-24002631.771,9190492.616,2546.26401,-393.44935,-2887.33217,2020-03-09 15:59:41.970,-348692737.12168455,54961305.01640433,56456275.72849826,145955209619.3807,-25368594988.165577,-10997279810.63843,58917.6664579861
46,2020,3,9,16,14,41.97,9037751.556,-24149943.469,6520516.943,2394.8876600000003,66.48974000000001,-3037.43187,2020-03-09 16:14:41.970,-348879981.1392801,54059061.08102615,56091217.65539365,145960632710.55045,-25344344586.197433,-10986766996.80646,58917.67687465277
46,2020,3,9,16,29,41.97,11109580.457,-23883411.435999997,3738774.548,2202.62004,524.89328,-3135.3636699999997,2020-03-09 16:29:41.970,-349064751.83572143,53156434.544208005,55725759.00386274,145966051045.67557,-25320093357.861664,-10976253827.582949,58917.68729131943
46,2020,3,9,16,44,41.97,12991197.327,-23207941.146,892996.825,1972.80553,973.95095,-3179.54427,2020-03-09 16:44:41.970,-349247047.62941015,52253431.849092275,55359902.3575367,145971464624.63733,-25295841303.882362,-10965740303.284332,58917.6977079861
46,2020,3,9,16,59,41.97,14650550.934999999,-22135395.107,-1968069.037,1709.41125,1406.03425,-3169.3018300000003,2020-03-09 16:59:41.970,-349426866.9605009,51350059.443469495,54993650.30412886,145976873447.31683,-25271588424.98365,-10955226424.227045,58917.70812465277
46,2020,3,9,17,14,41.97,16059415.103,-20684372.584,-4795484.098,1416.95796,1813.8214500000001,-3104.8818100000003,2020-03-09 17:14:41.970,-349604208.2909285,50446323.779698916,54627005.43540326,145982277513.59503,-25247334721.88958,-10944712190.727463,58917.71854131943
46,2020,3,9,17,29,41.97,17193852.798,-18879879.624,-7540940.289,1100.44289,2190.41614,-2987.43802,2020-03-09 17:29:41.970,-349779070.1044354,49542231.31462904,54259970.347143814,145987676823.3528,-25223080195.324165,-10934197603.101896,58917.7289579861
46,2020,3,9,17,44,41.97,18034607.682,-16752895.742,-10157568.669,765.25589,2529.45809,-2819.00971,2020-03-09 17:44:41.970,-349951450.9065978,48637788.50951809,53892547.639123,145993071376.4712,-25198824846.011402,-10923682661.66665,58917.73937465277
46,2020,3,9,17,59,41.97,18567417.713,-14339844.986,-12600720.852,417.0903,2825.22464,-2602.48505,2020-03-09 17:59:41.970,-350121349.2248522,47733001.829954445,53524739.91507058,145998461172.83075,-25174568674.67522,-10913167366.73797,58917.74979131943
46,2020,3,9,18,14,41.97,18783246.576,-11681980.310999999,-14828711.783,61.84972,3072.7217699999997,-2341.55181,2020-03-09 18:14:41.970,-350288763.6085214,46827877.74577672,53156549.78264208,146003846212.31204,-25150311682.03953,-10902651718.632061,58917.7602079861
46,2020,3,9,18,29,41.97,18678429.936,-8824691.220999999,-16803512.728,-294.44786,3267.7633899999996,-2040.63623,2020-03-09 18:29:41.970,-350453692.6288393,45922422.73099389,52787979.85338754,146009226494.7956,-25126053868.828205,-10892135717.665077,58917.77062465277
46,2020,3,9,18,44,41.97,18254734.67,-5816745.533,-18491384.207,-645.76732,3407.03828,-1704.83086,2020-03-09 18:44:41.970,-350616134.8789762,45016643.26370522,52419032.74271962,146014602020.16187,-25101795235.765068,-10881619364.153154,58917.78104131943
46,2020,3,9,18,59,41.97,17519330.414,-2709476.878,-19863439.434,-986.15383,3488.1636399999998,-1339.81248,2020-03-09 18:59:41.970,-350776088.9740635,44110545.82602001,52049711.06988213,146019972788.29102,-25077535783.573914,-10871102658.412374,58917.7914579861
46,2020,3,9,19,14,41.97,16484673.868999999,444069.792,-20896129.822,-1309.82907,3509.72476,-951.75113,2020-03-09 19:14:41.970,-350933553.5512172,43204136.90397739,51680017.45791819,146025338799.06354,-25053275512.97851,-10860585600.758776,58917.80187465277
46,2020,3,9,19,29,41.97,15168307.450000001,3590021.929,-21571645.084,-1611.28516,3471.30021,-547.21151,2020-03-09 19:29:41.970,-351088527.2695624,42297422.98746595,51309954.533638336,146030700052.35925,-25029014424.702606,-10850068191.508356,58917.81229131943
46,2020,3,9,19,44,41.97,13592574.946,6674579.109,-21878221.507999998,-1885.3749500000001,3373.47215,-133.04777,2020-03-09 19:44:41.970,-351241008.8102556,41390410.570143245,50939524.92758863,146036056548.05814,-25004752519.469887,-10839550430.977095,58917.8227079861
46,2020,3,9,19,59,41.97,11784257.958,9644915.194,-21810353.134,-2127.39758,3217.82141,283.70691,2020-03-09 19:59:41.970,-351390996.8765081,40483106.14935501,50568731.27401858,146041408286.0402,-24980489798.004005,-10829032319.480906,58917.83312465277
46,2020,3,9,20,14,41.97,9774137.968999999,12450069.132000001,-21368901.685000002,-2333.1779699999997,3006.9071,695.9546,2020-03-09 20:14:41.970,-351538490.1936083,39575516.22605446,50197576.210849024,146046755266.18512,-24956226261.02864,-10818513857.335688,58917.84354131943
46,2020,3,9,20,29,41.97,7596490.010000001,15041810.442,-20561102.446000002,-2499.13914,2744.23077,1096.64932,2020-03-09 20:29:41.970,-351683487.5089434,38667647.30472167,49826062.37963982,146052097488.37247,-24931961909.267387,-10807995044.857275,58917.8539579861
46,2020,3,9,20,44,41.97,5288514.982,17375465.426,-19400464.592,-2622.3660099999997,2434.185,1478.9146500000002,2020-03-09 20:44:41.970,-351825987.5920214,37759505.893282466,49454192.42555777,146057434952.4821,-24907696743.443813,-10797475882.361483,58917.86437465277
46,2020,3,9,20,59,41.97,2889718.807,19410690.285,-17906565.985,-2700.65954,2081.9868600000004,1836.16032,2020-03-09 20:59:41.970,-351965989.23449165,36851098.50302749,49081968.99734407,146062767658.39316,-24883430764.281494,-10786956370.164082,58917.87479131943
46,2020,3,9,21,14,41.97,441247.657,21112177.641999997,-16104744.052,-2732.58001,1693.59659,2162.19622,2020-03-09 21:14:41.970,-352103491.25016534,35942431.64853086,48709394.747281834,146068095605.9851,-24859163972.50396,-10776436508.58082,58917.8852079861
46,2020,3,9,21,29,41.97,-2014810.438,22450283.55,-14025686.051,-2717.47828,1275.62236,2451.3416700000002,2020-03-09 21:29:41.970,-352238492.47503674,35033511.84756916,48336472.33116368,146073418795.1373,-24834896368.8347,-10765916297.927395,58917.89562465277
46,2020,3,9,21,44,41.97,-4436146.3549999995,23401562.851999998,-11704923.856999999,-2655.51409,835.2120600000001,2698.52797,2020-03-09 21:44:41.970,-352370991.76730186,34124345.62104019,47963204.40825898,146078737225.72864,-24810627953.997223,-10755395738.519466,58917.90604131943
46,2020,3,9,21,59,41.97,-6780960.928,23949201.93,-9182240.254,-2547.6605,379.93373,2899.39212,2020-03-09 21:59:41.970,-352500988.0073776,33214939.492881216,47589593.641281195,146084050897.6383,-24786358728.714954,-10744874830.672655,58917.9164579861
46,2020,3,9,22,14,41.97,-9008693.543,24083339.26,-6500995.600000001,-2395.69389,-82.35381,3050.35975,2020-03-09 22:14:41.970,-352628480.09792227,32305299.989987873,47215642.696355045,146089359810.74515,-24762088693.711357,-10734353574.702572,58917.92687465277
46,2020,3,9,22,29,41.97,-11080735.084,23801266.0,-3707385.58,-2202.16916,-543.63785,3148.7149900000004,2020-03-09 22:29:41.970,-352753466.9638519,31395433.642132446,46841354.242983796,146094663964.92807,-24737817849.709835,-10723831970.924759,58917.93729131943
46,2020,3,9,22,44,41.97,-12961111.892,23107500.877,-849642.517,-1970.3801700000001,-995.8938,3192.65573,2020-03-09 22:44:41.970,-352875947.5523605,30485346.981882107,46466730.95401612,146099963360.06558,-24713546197.433804,-10713310019.654745,58917.9477079861
46,2020,3,9,22,59,41.97,-14617127.524,22013736.008,2022805.791,-1704.30558,-1431.22948,3181.3325200000004,2020-03-09 22:59:41.970,-352995920.83293533,29575046.544517368,46091775.50561327,146105257996.03647,-24689273737.60661,-10702787721.208015,58917.95812465277
46,2020,3,9,23,14,41.97,-16019949.602,20538652.853,4860204.373,-1408.54114,-1842.02893,3114.86979,2020-03-09 23:14:41.970,-353113385.79737544,28664538.86795015,45716490.57721578,146110547872.71902,-24665000470.951626,-10692265075.900036,58917.96854131943
46,2020,3,9,23,29,41.97,-17145129.855,18707610.232,7613350.295,-1088.21918,-2221.0924099999997,2994.36875,2020-03-09 23:29:41.970,-353228341.4598087,27753830.49264195,45340878.85151058,146115832989.99182,-24640726398.1922,-10681742084.046211,58917.9789579861
46,2020,3,9,23,44,41.97,-17973046.663000003,16552209.125000002,10234465.921,-748.91717,-2561.76968,2821.89128,2020-03-09 23:44:41.970,-353340786.85670614,26842927.961521972,44964943.014397316,146121113347.73312,-24616451520.051643,-10671218745.961943,58917.98937465277
46,2020,3,9,23,59,41.97,-18489260.904999997,14109741.717999998,12678049.236000001,-396.55686000000003,-2858.08346,2600.42508,2020-03-09 23:59:41.970,-353450721.0469001,25931837.819904946,44588685.754955634,146126388945.82083,-24592175837.25327,-10660695061.962584,58917.99979131943
46,2020,3,10,0,14,41.97,-18684777.461999997,11422538.176,14901681.923,-37.29665,-3104.84019,2333.83087,2020-03-10 00:14:41.970,-353558143.1115978,25020566.615409266,44212109.765411355,146131659784.13324,-24567899350.52038,-10650171032.363455,58918.0102079861
46,2020,3,10,0,29,41.97,-18556208.684,8537203.4,16866795.225,322.58246,-3297.72649,2026.77124,2020-03-10 00:29:41.970,-353663052.1543973,24109120.897874597,43835217.741103135,146136925862.5482,-24543622060.576252,-10639646657.479847,58918.02062465277
46,2020,3,10,0,44,41.97,-18105831.558999997,5503808.518,18539338.333,676.7900599999999,-3433.38673,1684.62618,2020-03-10 00:44:41.970,-353765447.3013012,23197507.21927989,43458012.38044903,146142187180.94345,-24519343968.144154,-10629121937.627012,58918.03104131943
46,2020,3,10,0,59,41.97,-17341545.259999998,2374986.863,19890390.770000003,1019.1427,-3509.48372,1313.3927700000002,2020-03-10 00:59:41.970,-353865327.70073146,22285732.133661028,43080496.38491279,146147443739.1969,-24495065073.94735,-10618596873.120195,58918.0414579861
46,2020,3,10,1,14,41.97,-16276723.793,-794998.697,20896665.970999997,1343.67594,-3524.7384300000003,919.57443,2020-03-10 01:14:41.970,-353962692.5235422,21373802.197028562,42702672.45897043,146152695537.18613,-24470785378.709076,-10608071464.27459,58918.05187465277
46,2020,3,10,1,29,41.97,-14929970.042000001,-3951218.4269999997,21540913.619,1644.7518699999998,-3478.9494799999998,510.06102,2020-03-10 01:29:41.970,-354057540.9630333,20461723.967285212,42324543.3100762,146157942574.7884,-24446504883.15258,-10597545711.405355,58918.06229131943
46,2020,3,10,1,44,41.97,-13324776.092,-7039046.615999999,21812211.02,1917.15956,-3372.99197,92.00265,2020-03-10 01:44:41.970,-354149872.2349627,19549504.004143715,41946111.64862907,146163184851.88135,-24422223588.001083,-10587019614.827635,58918.0727079861
46,2020,3,10,1,59,41.97,-11489097.093,-10005122.306,21706139.033,2156.20641,-3208.79615,-327.32025999999996,2020-03-10 01:59:41.970,-354239685.57755953,18637148.86904404,41567380.187938794,146168422368.3421,-24397941493.977818,-10576493174.85654,58918.08312465277
46,2020,3,10,2,14,41.97,-9454847.52,-12798282.021000002,21224840.464,2357.7990099999997,-2989.30672,-740.62779,2020-03-10 02:14:41.970,-354326980.2515344,17724665.125071216,41188351.64419196,146173655124.04785,-24373658601.80599,-10565966391.807138,58918.09354131943
46,2020,3,10,2,29,41.97,-7257330.039000001,-15370447.602,20376961.217,2518.51189,-2718.42402,-1140.76981,2020-03-10 02:29:41.970,-354411755.5400921,16812059.336872507,40809028.7364181,146178883118.8758,-24349374912.208817,-10555439265.9945,58918.1039579861
46,2020,3,10,2,44,41.97,-4934608.232,-17677453.52,19177476.758,2635.64331,-2400.92859,-1520.8511600000002,2020-03-10 02:44:41.970,-354494010.7489419,15899338.070575029,40429414.18645567,146184106352.70276,-24325090425.909496,-10544911797.73362,58918.11437465277
46,2020,3,10,2,59,41.97,-2526835.247,-19679799.571,17647408.542,2707.2573599999996,-2042.39113,-1874.3506599999998,2020-03-10 02:59:41.970,-354573745.20630777,14986507.89370296,40049510.71891781,146189324825.40558,-24300805143.63125,-10534383987.339516,58918.12479131943
46,2020,3,10,3,14,41.97,-75550.925,-21343316.587,15813436.984,2732.2119,-1649.06962,-2195.23168,2020-03-10 03:14:41.970,-354650958.262939,14073575.375095114,39669321.061158486,146194538536.8609,-24276519066.097244,-10523855835.127138,58918.1352079861
46,2020,3,10,3,29,41.97,2377039.807,-22639734.728,13707419.258,2710.17218,-1227.7960400000002,-2478.04277,2020-03-10 03:29:41.970,-354725649.2921188,13160547.084821997,39288847.943238094,146199747486.9455,-24252232194.030697,-10513327341.41144,58918.14562465277
46,2020,3,10,3,44,41.97,4788794.471,-23547145.898,11365821.661,2641.6105000000002,-785.85479,-2718.00671,2020-03-10 03:44:41.970,-354797817.689675,12247429.594103327,38908094.09788919,146204951675.53577,-24227944528.154793,-10502798506.507326,58918.15604131943
46,2020,3,10,3,59,41.97,7118353.972,-24050353.908,8829077.514,2527.79194,-330.85521,-2911.0967,2020-03-10 03:59:41.970,-354867462.8739864,11334229.475225164,38527062.26048234,146210151102.50812,-24203656069.19274,-10492269330.729687,58918.1664579861
46,2020,3,10,4,14,41.97,9325844.831,-24141108.094,6140882.528,2370.74718,129.39958,-3054.09902,2020-03-10 04:14:41.970,-354934584.2859932,10420953.301457165,38145755.16899156,146215345767.73895,-24179366817.86775,-10481739814.39338,58918.17687465277
46,2020,3,10,4,29,41.97,11373551.251,-23818218.134999998,3347440.301,2173.23282,587.04514,-3144.66114,2020-03-10 04:29:41.970,-354999181.3892031,9507607.646969842,37764175.563960165,146220535671.10425,-24155076774.902985,-10471209957.81323,58918.18729131943
46,2020,3,10,4,44,41.97,13226546.364,-23087549.807,496671.05700000003,1938.68048,1034.28746,-3181.32517,2020-03-10 04:44:41.970,-355061253.66969955,8594199.086751778,37382326.188466005,146225720812.48013,-24130785941.021675,-10460679761.304066,58918.1977079861
46,2020,3,10,4,59,41.97,14853272.9,-21961903.345,-2362602.977,1671.13556,1463.53179,-3163.5464,2020-03-10 04:59:41.970,-355120800.636148,7680734.196526759,37000209.788087204,146230901191.74252,-24106494316.94703,-10450149225.180658,58918.20812465277
46,2020,3,10,5,14,41.97,16226064.59,-20460777.802,-5181482.174,1375.1869100000001,1867.5067999999999,-3091.69693,2020-03-10 05:14:41.970,-355177821.8198032,6767219.55267102,36617829.11086745,146236076808.7672,-24082201903.402252,-10439618349.75778,58918.21854131943
46,2020,3,10,5,29,41.97,17321600.689999998,-18610026.498,-7911810.859,1055.8888,2239.38222,-2967.05489,2020-03-10 05:29:41.970,-355232316.77451354,5853661.7321303105,36235186.907281466,146241247663.43,-24057908701.11056,-10429087135.350164,58918.2289579861
46,2020,3,10,5,44,41.97,18121287.186,-16441410.113999998,-10506982.532,718.67625,2572.8783599999997,-2791.7794900000004,2020-03-10 05:44:41.970,-355284285.07672787,4940067.312337212,35852285.930200376,146246413755.60657,-24033614710.79519,-10418555582.272518,58918.23937465277
46,2020,3,10,5,59,41.97,18611559.445,-13992055.317,-12922716.592,369.27531000000005,2862.36632,-2568.87271,2020-03-10 05:59:41.970,-355333726.3255004,4026442.8711281503,35469128.93485679,146251575085.17218,-24009319933.179363,-10408023690.839529,58918.24979131943
46,2020,3,10,6,14,41.97,18784102.242000002,-11303827.993999999,-15117794.829,13.60943,3102.95739,-2302.12836,2020-03-10 06:14:41.970,-355380640.14249474,3112794.9866606737,35085718.678810395,146256731652.0024,-23985024368.98633,-10397491461.365877,58918.2602079861
46,2020,3,10,6,29,41.97,18635984.324,-8422631.177,-17054746.672000002,-342.29662,3290.5807600000003,-1996.06934,2020-03-10 06:29:41.970,-355425026.1719881,2199130.237330451,34702057.92191296,146261883455.97253,-23960728018.939346,-10386958894.166199,58918.27062465277
46,2020,3,10,6,44,41.97,18169705.816999998,-5397638.625,-18700473.023,-692.41413,3422.0487,-1655.8740300000002,2020-03-10 06:44:41.970,-355466884.0808755,1285455.2016886212,34318149.42627353,146267030496.95755,-23936430883.76167,-10376425989.55512,58918.28104131943
46,2020,3,10,6,59,41.97,17393157.974000003,-2280475.775,-20026799.395999998,-1030.80768,3495.10826,-1287.29298,2020-03-10 06:59:41.970,-355506213.55867255,371776.458358799,33933995.956223555,146272172774.8326,-23912132964.176575,-10365892747.84725,58918.2914579861
46,2020,3,10,7,14,41.97,16319495.838000001,875639.616,-21010950.027,-1351.73119,3508.47899,-896.55679,2020-03-10 07:14:41.970,-355543014.31751776,-541899.4140456107,33549600.278282028,146277310289.47263,-23887834260.907368,-10355359169.357159,58918.30187465277
46,2020,3,10,7,29,41.97,14966925.565,4016784.282,-21635935.637,-1649.72136,3461.87617,-490.27652,2020-03-10 07:29:41.970,-355577286.09217614,-1455565.8370043186,33164965.161120508,146282443040.7525,-23863534774.677334,-10344825254.39941,58918.31229131943
46,2020,3,10,7,44,41.97,13358409.207999999,7089230.437,-21890848.571,-1919.68741,3356.01903,-75.33773000000001,2020-03-10 07:44:41.970,-355609028.6400403,-2369216.2321729134,32780093.375528138,146287571028.54675,-23839234506.209793,-10334291003.28855,58918.3227079861
46,2020,3,10,7,59,41.97,11521290.881000001,10040347.341,-21771060.189,-2156.99585,3192.62377,341.21063000000004,2020-03-10 07:59:41.970,-355638241.7411311,-3282844.021465685,32394987.69437662,146292694252.73013,-23814933456.228096,-10323756416.339098,58918.33312465277
46,2020,3,10,8,14,41.97,9486849.298999999,12819489.610000001,-21278316.556,-2357.54914,2974.3810599999997,752.2708700000001,2020-03-10 08:14:41.970,-355664925.19810027,-4196442.627138271,32009650.89258515,146297812713.17715,-23790631625.45557,-10313221493.865551,58918.34354131943
46,2020,3,10,8,29,41.97,7289782.81,15378858.293,-20420729.764,-2517.85684,2704.918,1150.81352,2020-03-10 08:29:41.970,-355689078.8362296,-5110005.471870536,31624085.747085307,146302926409.762,-23766329014.6156,-10302686236.1824,58918.3539579861
46,2020,3,10,8,44,41.97,4967634.131,17674320.781,-19212663.625,-2635.0982,2388.74472,1529.9949,2020-03-10 08:44:41.970,-355710702.50343144,-6023525.978849124,31238295.03678599,146308035342.35907,-23742025624.43157,-10292150643.604095,58918.36437465277
46,2020,3,10,8,59,41.97,2560163.1010000003,19666175.732,-17674513.959,-2707.1749299999997,2031.18568,1883.27345,2020-03-10 08:59:41.970,-355729796.0702485,-6936997.571850341,30852281.542538244,146313139510.84253,-23717721455.626892,-10281614716.445095,58918.37479131943
46,2020,3,10,9,14,41.97,108676.849,21319849.599,-15832385.298999999,-2732.7528700000003,1638.29646,2204.52323,2020-03-10 09:14:41.970,-355746359.42985266,-7850413.675322626,30466048.04710001,146318238915.08633,-23693416508.924984,-10271078455.019812,58918.3852079861
46,2020,3,10,9,29,41.97,-2344672.179,22606511.908,-13717667.598,-2711.29158,1216.76658,2488.1423800000002,2020-03-10 09:29:41.970,-355760392.498044,-8763767.714469295,30079597.335101,146323333554.9645,-23669110785.049297,-10260541859.642683,58918.39562465277
46,2020,3,10,9,44,41.97,-4757608.989999999,23503597.307,-11366518.299999999,-2643.06077,773.8097200000001,2729.15455,2020-03-10 09:44:41.970,-355771895.2132486,-9677053.115331024,29692932.19300739,146328423430.35077,-23644804284.723316,-10250004930.628075,58918.40604131943
46,2020,3,10,9,59,41.97,-7088467.401,23995223.577,-8819257.026999999,-2529.1428499999997,317.04257,2923.3013300000002,2020-03-10 09:59:41.970,-355780867.53651726,-10590263.304868463,29306055.409086566,146333508541.1187,-23620497008.670532,-10239467668.290382,58918.4164579861
46,2020,3,10,10,14,41.97,-9296917.173,24072496.255999997,-6119682.0200000005,-2371.42096,-145.64565,3067.12336,2020-03-10 10:14:41.970,-355787309.4515212,-11503391.711044744,28918969.773371805,146338588887.14227,-23596188957.614452,-10228930072.943962,58918.42687465277
46,2020,3,10,10,29,41.97,-11344673.703,23733692.357,-3314319.293,-2172.5521099999996,-606.2309700000001,3158.02842,2020-03-10 10:29:41.970,-355791220.964551,-12416431.76290797,28531678.07762703,146343664468.2945,-23571880132.27866,-10218392144.903156,58918.43729131943
46,2020,3,10,10,44,41.97,-13196176.915,22984317.762,-451617.177,-1935.92565,-1056.69721,3194.3444099999997,2020-03-10 10:44:41.970,-355792602.10451186,-13329376.890673494,28144183.115311332,146348735284.449,-23547570533.386677,-10207853884.4823,58918.4477079861
46,2020,3,10,10,59,41.97,-14819226.208,21837035.244999997,2418899.523,-1665.6072399999998,-1489.18043,3175.3559099999998,2020-03-10 10:59:41.970,-355791452.922919,-14242220.525806442,27756487.68154376,146353801335.47906,-23523260161.66215,-10197315291.9957,58918.45812465277
46,2020,3,10,11,14,41.97,-16185558.819,20311462.73,5247500.334000001,-1366.26928,-1896.11236,3101.32291,2020-03-10 11:14:41.970,-355787773.49389523,-15154956.101103967,27368594.57306778,146358862621.25766,-23498949017.82869,-10186776367.757675,58918.46854131943
46,2020,3,10,11,29,41.97,-17271359.867,18433844.057,7985128.495,-1043.10893,-2270.35971,2973.48101,2020-03-10 11:29:41.970,-355781563.91416395,-16067577.050777523,26980506.58821594,146363919141.65787,-23474637102.609955,-10176237112.0825,58918.4789579861
46,2020,3,10,11,44,41.97,-18057693.572,16236597.39,10584272.035,-701.7552000000001,-2605.3563,2794.0227800000002,2020-03-10 11:44:41.970,-355772824.30304503,-16980076.81053504,26592226.526874445,146368970896.55276,-23450324416.729633,-10165697525.284454,58918.48937465277
46,2020,3,10,11,59,41.97,-18530846.680999998,13757749.095999999,12999809.564,-348.16706,-2895.22496,2566.0603,2020-03-10 11:59:41.970,-355761554.8024485,-17892448.817663107,26203757.190447684,146374017885.81473,-23426010960.91147,-10155157607.677788,58918.49979131943
46,2020,3,10,12,14,41.97,-18682576.950999998,11040263.53,15189814.188000001,11.47523,-3134.88651,2293.56965,2020-03-10 12:14:41.970,-355747755.57686913,-18804686.511108987,25815101.381822757,146379060109.31696,-23401696735.87918,-10144617359.576765,58918.5102079861
46,2020,3,10,12,29,41.97,-18510261.589,8131281.492,17116299.726,370.88337,-3320.15334,1981.3184800000001,2020-03-10 12:29:41.970,-355731426.81337816,-19716783.331562832,25426261.905334048,146384097566.93173,-23377381742.356575,-10134076781.295612,58918.52062465277
46,2020,3,10,12,44,41.97,-18016942.69,5081282.163,18745894.684,723.77626,-3447.8056,1634.77819,2020-03-10 12:44:41.970,-355712568.72161835,-20628732.721539404,25037241.566727627,146389130258.5316,-23353065981.06746,-10123535873.14856,58918.53104131943
46,2020,3,10,12,59,41.97,-17211268.983000003,1943184.891,20050431.008,1063.99477,-3515.6484200000004,1260.02272,2020-03-10 12:59:41.970,-355691181.5337944,-21540528.12546,24648043.17312585,146394158183.9889,-23328749452.735733,-10112994635.44981,58918.5414579861
46,2020,3,10,13,14,41.97,-16107335.408000002,-1228591.556,21007436.583,1385.6136299999998,-3522.54914,863.6162499999999,2020-03-10 13:14:41.970,-355667265.5046655,-22452162.989734504,24258669.532991745,146399181343.17572,-23304432158.085262,-10102453068.513575,58918.55187465277
46,2020,3,10,13,29,41.97,-14724424.192,-4379094.001,21600522.588,1683.04803,-3468.4539,452.4923,2020-03-10 13:29:41.970,-355640820.91153795,-23363630.762842726,23869123.45609356,146404199735.9645,-23280114097.839954,-10091911172.654041,58918.56229131943
46,2020,3,10,13,44,41.97,-13086653.106,-7453805.584,21819659.131,1951.15295,-3354.38379,33.8268,2020-03-10 13:44:41.970,-355611848.05425495,-24274924.895416517,23479407.753469147,146409213362.22702,-23255795272.723797,-10081368948.185385,58918.5727079861
46,2020,3,10,13,59,41.97,-11222538.378999999,-10399603.85,21661335.007999998,2185.31322,-3182.41077,-385.09205000000003,2020-03-10 13:59:41.970,-355580347.25518787,-25186038.84032084,23089525.237390496,146414222221.83533,-23231475683.460804,-10070826395.421793,58918.58312465277
46,2020,3,10,14,14,41.97,-9164481.323,-13165688.48,21128599.823,2381.52271,-2955.61442,-796.99457,2020-03-10 14:14:41.970,-355546318.8592264,-26096966.05273582,22699478.721328028,146419226314.66116,-23207155330.77503,-10060283514.677408,58918.59354131943
46,2020,3,10,14,29,41.97,-6948189.033,-15704461.911,20230989.077,2536.45148,-2678.0207800000003,-1194.7585199999999,2020-03-10 14:29:41.970,-355509763.23376775,-27007699.990237743,22309271.01991518,146424225640.57614,-23182834215.39055,-10049740306.266394,58918.6039579861
46,2020,3,10,14,44,41.97,-4612040.533000001,-17972347.399,18984335.07,2647.49972,-2354.5248,-1571.53353,2020-03-10 14:44:41.970,-355470680.7687071,-27918234.11288044,21918904.94891277,146429220199.45187,-23158512338.031487,-10039196770.502895,58918.61437465277
46,2020,3,10,14,59,41.97,-2196410.528,-19930530.658,17410468.567,2712.83792,-1990.7983199999999,-1920.85905,2020-03-10 14:59:41.970,-355429071.87642527,-28828561.883276816,21528383.325173393,146434209991.15985,-23134189699.42204,-10028652907.701044,58918.62479131943
46,2020,3,10,15,14,41.97,257036.652,-21545612.948000003,15536818.029,2731.43288,-1593.18572,-2236.77372,2020-03-10 15:14:41.970,-355384936.99177825,-29738676.766679622,21137708.966605905,146439195015.57156,-23109866300.28643,-10018108718.174973,58918.6352079861
46,2020,3,10,15,29,41.97,2706070.086,-22790165.436,13395914.938,2703.0595000000003,-1168.58926,-2513.91442,2020-03-10 15:29:41.970,-355338276.5720844,-30648572.231062762,20746884.69213977,146444175272.558,-23085542141.348877,-10007564202.238796,58918.64562465277
46,2020,3,10,15,44,41.97,5108619.518999999,-23643176.661000002,11024815.128,2628.2983799999997,-724.34654,-2747.6036599999998,2020-03-10 15:44:41.970,-355289091.09711236,-31558241.747202106,20355913.321689505,146449150761.99045,-23061217223.333748,-9997019360.206638,58918.65604131943
46,2020,3,10,15,59,41.97,7423494.337,-24090387.007000003,8464447.25,2508.51989,-268.10235,-2933.92396,2020-03-10 15:59:41.970,-355237381.0690684,-32467678.78875638,19964797.676119134,146454121483.73993,-23036891546.965355,-9986474192.392595,58918.6664579861
46,2020,3,10,16,14,41.97,9611082.246,-24124506.171,5758900.43,2345.8551700000003,192.3228,-3069.77843,2020-03-10 16:14:41.970,-355183147.01258224,-33376876.832348004,19573540.57720652,146459087437.6773,-23012565112.968136,-9975928699.11079,58918.67687465277
46,2020,3,10,16,29,41.97,11634016.29,-23745311.658999998,2954663.8469999996,2143.15489,649.06525,-3152.93698,2020-03-10 16:29:41.970,-355126389.4746945,-34285829.35764362,19182144.847607855,146464048623.67337,-22988237922.06652,-9965382880.6753,58918.68729131943
46,2020,3,10,16,44,41.97,13457799.665000001,-22959628.315,99831.41399999999,1903.93687,1094.34962,-3182.0676,2020-03-10 16:44:41.970,-355067109.0248414,-35194529.84743465,18790613.310822107,146469005041.59882,-22963909974.98502,-9954836737.40022,58918.6977079861
46,2020,3,10,16,59,41.97,15051378.736000001,-21781190.794999998,-2756715.037,1632.32358,1520.61718,-3156.7528500000003,2020-03-10 16:59:41.970,-355005306.2548412,-36102971.78771778,18398948.79115533,146473956691.32437,-22939581272.448193,-9944290269.59964,58918.70812465277
46,2020,3,10,17,14,41.97,16387655.681,-20230392.639999997,-5566130.687,1332.9706800000001,1920.6491800000001,-3077.4914999999996,2020-03-10 17:14:41.970,-354940981.77887857,-37011148.66777521,18007154.113685235,146478903572.7203,-22915251815.180637,-9933743477.587645,58918.71854131943
46,2020,3,10,17,29,41.97,17443933.329,-18333927.233,-8280427.598,1010.9879900000001,2287.68352,-2945.68563,2020-03-10 17:29:41.970,-354874136.23348844,-37919053.980255015,17615232.104225513,146483845685.657,-22890921603.90701,-9923196361.67831,58918.7289579861
46,2020,3,10,17,44,41.97,18202285.925,-16124327.394,-10853276.683,671.85414,2615.52307,-2763.6138899999996,2020-03-10 17:44:41.970,-354804770.2775417,-38826681.221250996,17223185.589290366,146488783030.0049,-22866590639.352036,-9912648922.185719,58918.73937465277
46,2020,3,10,17,59,41.97,18649850.72,-13639411.696999999,-13240779.513,321.32624,2898.63443,-2534.39135,2020-03-10 17:59:41.970,-354732884.5922277,-39734023.890382744,16831017.396058906,146493715605.63403,-22842258922.240463,-9902101159.423923,58918.74979131943
46,2020,3,10,18,14,41.97,18779036.523,-10921646.703,-15402198.3,-34.65415,3132.23583,-2261.9168,2020-03-10 18:14:41.970,-354658479.88103724,-40641075.49087558,16438730.3523397,146498643412.4145,-22817926453.297115,-9891553073.70701,58918.7602079861
46,2020,3,10,18,29,41.97,18587646.505,-8017435.346,-17300633.188,-390.05731,3312.3731799999996,-1950.80854,2020-03-10 18:29:41.970,-354581556.86974657,-41547829.529640116,16046327.286535174,146503566450.2161,-22793593233.24689,-9881004665.349045,58918.77062465277
46,2020,3,10,18,44,41.97,18078913.755000003,-4976342.536,-18903636.783000004,-738.86272,3435.98342,-1606.32933,2020-03-10 18:44:41.970,-354502116.3063988,-42454279.51735203,15653811.02760611,146508484718.90875,-22769259262.81469,-9870455934.66409,58918.78104131943
46,2020,3,10,18,59,41.97,17261449.195,-1850269.777,-20183756.793,-1075.15626,3500.94433,-1234.3017599999998,2020-03-10 18:59:41.970,-354420158.9612857,-43360418.96853133,15261184.405036183,146513398218.36212,-22744924542.725544,-9859906881.96621,58918.7914579861
46,2020,3,10,19,14,41.97,16149102.635,1307408.7950000002,-21118998.565,-1393.2258399999998,3506.11037,-841.01514,2020-03-10 19:14:41.970,-354335685.6269303,-44266241.401621774,14868450.24879652,146518306948.44592,-22720589073.70447,-9849357507.569471,58918.80187465277
46,2020,3,10,19,29,41.97,14760738.809,4442736.049,-21693200.360999998,-1687.65449,3451.33383,-433.12489999999997,2020-03-10 19:29:41.970,-354248697.1180666,-45171740.33907014,14475611.38931009,146523210909.02963,-22696252856.47662,-9838807811.787931,58918.81229131943
46,2020,3,10,19,44,41.97,13119931.363,7502073.841,-21896315.246999998,-1953.4094,3337.47104,-17.54581,2020-03-10 19:44:41.970,-354159194.27162147,-46076909.30740522,14082670.657416414,146528110099.98248,-22671915891.767128,-9828257794.935654,58918.8227079861
46,2020,3,10,19,59,41.97,11254578.848,10433003.716,-21724594.611,-2185.9259899999997,3166.3733,398.65956,2020-03-10 19:59:41.970,-354067177.9466938,-46981741.837316684,13689630.884336082,146533004521.17404,-22647578180.301258,-9817707457.32671,58918.83312465277
46,2020,3,10,20,14,41.97,9196447.856999999,13185212.452,-21180669.549999997,-2381.18555,2940.8622100000002,808.3960500000001,2020-03-10 20:14:41.970,-353972649.0245356,-47886231.46373391,13296494.901635302,146537894172.47314,-22623239722.804287,-9807156799.27515,58918.84354131943
46,2020,3,10,20,29,41.97,6980649.564,15711348.481999999,-20273527.617,-2535.78537,2664.68963,1204.6529699999999,2020-03-10 20:29:41.970,-353875608.40853,-48790371.72590483,12903265.541190527,146542779053.74918,-22598900520.001587,-9796605821.09505,58918.8539579861
46,2020,3,10,20,44,41.97,4645057.018,17967835.242000002,-19018383.879,-2647.0000800000003,2342.4820799999998,1580.62161,2020-03-10 20:44:41.970,-353776057.02417094,-49694156.16747393,12509945.63515317,146547659164.87088,-22574560572.61859,-9786054523.100471,58918.86437465277
46,2020,3,10,20,59,41.97,2229671.673,19915627.669,-17436446.696,-2712.83293,1979.67002,1929.81139,2020-03-10 20:59:41.970,-353673995.8190419,-50597578.33656108,12116538.015914094,146552534505.70728,-22550219881.380787,-9775502905.605492,58918.87479131943
46,2020,3,10,21,14,41.97,-224051.329,21520898.489,-15554580.319999998,-2732.0559399999997,1582.40269,2246.1626899999997,2020-03-10 21:14:41.970,-353569425.7627939,-51500631.78583954,11723045.516068447,146557405076.12708,-22525878447.013718,-9764950968.924166,58918.8852079861
46,2020,3,10,21,29,41.97,-2673908.5270000002,22755641.529,-13404868.099,-2704.23773,1157.44906,2524.15452,2020-03-10 21:29:41.970,-353462347.84712297,-52403310.07261395,11329470.968380293,146562270875.99884,-22501536270.243034,-9754398713.370571,58918.89562465277
46,2020,3,10,21,44,41.97,-5077672.695,23598180.223,-11024081.936,-2629.75814,712.0863899999999,2758.90487,2020-03-10 21:44:41.970,-353352763.0857474,-53305606.7588983,10935817.2057473,146567131905.19122,-22477193351.794422,-9743846139.258793,58918.90604131943
46,2020,3,10,21,59,41.97,-7393824.268,24033570.663,-8453065.531,-2509.8088199999997,253.97765,2946.26159,2020-03-10 21:59:41.970,-353240672.5143856,-54207515.41149359,10542087.061165603,146571988163.57257,-22452849692.393654,-9733293246.902905,58918.9164579861
46,2020,3,10,22,14,41.97,-9582276.771000002,24053890.106,-5736040.776,-2346.37919,-208.96016,3082.88189,2020-03-10 22:14:41.970,-353126077.1907308,-55109029.6020655,10148283.367694493,146576839651.01147,-22428505292.766544,-9722740036.616999,58918.92687465277
46,2020,3,10,22,29,41.97,-11605082.980999999,23658403.661,-2919848.551,-2142.22768,-668.6945800000001,3166.29839,2020-03-10 22:29:41.970,-353008978.19442946,-56010142.90722165,9754408.958421236,146581686367.37585,-22404160153.639023,-9712186508.715157,58918.93729131943
46,2020,3,10,22,44,41.97,-13427108.49,22853604.076,-53136.805,-1900.8381000000002,-1117.2206899999999,3194.96988,2020-03-10 22:44:41.970,-352889376.6270542,-56910848.90858904,9360466.666425977,146586528312.5339,-22379814275.737053,-9701632663.511473,58918.9477079861
46,2020,3,10,22,59,41.97,-15016659.564,21653121.944,2814489.668,-1626.3617800000002,-1546.70559,3168.3154600000003,2020-03-10 22:59:41.970,-352767273.61208177,-57811141.19289094,8966459.32474655,146591365486.35376,-22355467659.78669,-9691078501.320051,58918.95812465277
46,2020,3,10,23,14,41.97,-16346052.787,20077506.262,5633342.169,-1323.54624,-1949.6315,3086.73075,2020-03-10 23:14:41.970,-352642670.29486585,-58711013.352023944,8572389.766343389,146596197888.7033,-22331120306.514053,-9680524022.454998,58918.96854131943
46,2020,3,10,23,29,41.97,-17392114.893999998,18153878.059,8354527.291,-997.6516600000001,-2318.93423,2951.58547,2020-03-10 23:29:41.970,-352515567.84261256,-59610458.98313458,8178260.824064496,146601025519.4504,-22306772216.645348,-9669969227.230417,58918.9789579861
46,2020,3,10,23,44,41.97,-18136602.485,15915462.565,10930815.447,-654.3566400000001,-2648.13411,2765.20215,2020-03-10 23:44:41.970,-352385967.44435465,-60509471.68869593,7784075.330610399,146605848378.46262,-22282423390.90685,-9659414115.96043,58918.98937465277
46,2020,3,10,23,59,41.97,-18566532.897,13401008.134,13317481.794,-299.65533999999997,-2931.45622,2530.81618,2020-03-10 23:59:41.970,-352253870.3109239,-61408045.07658415,7389836.118499157,146610666465.60767,-22258073830.024906,-9648858688.95916,58918.99979131943
46,2020,3,11,0,14,41.97,-18674419.214,10654105.651,15473100.806,60.25173,-3163.93737,2252.51806,2020-03-11 00:14:41.970,-352119277.67492527,-62306172.760154486,6995546.020031386,146615479780.7531,-22233723534.725967,-9638302946.540741,58919.0102079861
46,2020,3,11,0,29,41.97,-18458405.663000003,7722403.751,17360292.42,419.0723,-3341.51788,1935.17793,2020-03-11 00:29:41.970,-351982190.7907102,-63203848.35831736,6601207.867255362,146620288323.7661,-22209372505.736504,-9627746889.019314,58919.02062465277
46,2020,3,11,0,44,41.97,-17922297.476,4656778.993,18946370.952,770.5361200000001,-3461.11444,1584.35701,2020-03-11 00:44:41.970,-351842610.934348,-64101065.49561436,6206824.491932138,146625092094.5144,-22185020743.783134,-9617190516.709017,58919.03104131943
46,2020,3,11,0,59,41.97,-17075489.979999997,1510419.148,20203930.637000002,1108.51047,-3520.6753000000003,1206.2039399999999,2020-03-11 00:59:41.970,-351700539.4035983,-64997817.802293636,5812398.725500695,146629891092.86487,-22160668249.59251,-9606633829.924023,58919.0414579861
46,2020,3,11,1,14,41.97,-15932794.271000002,-1662119.231,21111321.655,1427.11118,-3519.2145,807.34136,2020-03-11 01:14:41.970,-351555977.517883,-65894098.91438574,5417933.399043169,146634685318.68472,-22136315023.89138,-9596076828.97849,58919.05187465277
46,2020,3,11,1,29,41.97,-14514165.435999999,-4805877.818,21653022.391999997,1720.80839,-3456.82576,394.74399,2020-03-11 01:29:41.970,-351408926.61825687,-66789902.47377859,5023431.343250031,146639474771.84094,-22111961067.406597,-9585519514.186594,58919.06229131943
46,2020,3,11,1,44,41.97,-12844338.878,-7866466.728,21819899.25,1984.52465,-3334.6757500000003,-24.388859999999998,2020-03-11 01:44:41.970,-351259388.0673788,-67685222.1282928,4628895.388385437,146644259452.20047,-22087606380.865044,-9574961885.86251,58919.0727079861
46,2020,3,11,1,59,41.97,-10952382.446,-10791019.637,21609350.206,2213.72365,-3154.97741,-442.76373,2020-03-11 01:59:41.970,-351107363.2494828,-68580051.5317564,4234328.364252527,146649039359.62994,-22063250964.99373,-9564403944.320452,58919.08312465277
46,2020,3,11,2,14,41.97,-8871173.618999999,-13529116.197999999,21025330.663000003,2404.48782,-2920.94415,-853.12369,2020-03-11 02:14:41.970,-350952853.57034653,-69474384.34407991,3839733.100158784,146653814493.99637,-22038894820.51975,-9553845689.874607,58919.09354131943
46,2020,3,11,2,29,41.97,-6636812.234,-16033655.155000001,20078262.525,2553.5837300000003,-2636.72634,-1248.3767599999999,2020-03-11 02:29:41.970,-350795860.4572628,-70368214.23133035,3445112.424881446,146658584855.16608,-22014537948.170246,-9543287122.839205,58919.1039579861
46,2020,3,11,2,44,41.97,-4287980.296,-18261662.895,18784829.634999998,2658.51422,-2307.3316400000003,-1621.7196000000001,2020-03-11 02:44:41.970,-350636385.3590073,-71261534.86580598,3050469.1666330467,146663350443.00586,-21990180348.672478,-9532728243.528473,58919.11437465277
46,2020,3,11,2,59,41.97,-1865261.0480000002,-20175023.796,17167664.792,2717.55668,-1938.5312,-1966.7544500000001,2020-03-11 02:59:41.970,-350474429.7458087,-72154339.92611013,2655806.153026853,146668111257.38184,-21965822022.753788,-9522169052.256641,58919.12479131943
46,2020,3,11,3,14,41.97,589570.015,-21741120.501000002,15254935.408,2729.7871,-1536.7536799999998,-2277.5971099999997,2020-03-11 03:14:41.970,-350309995.1093163,-73046623.0972256,2261126.2110424,146672867298.1605,-21941462971.141613,-9511609549.337975,58919.1352079861
46,2020,3,11,3,29,41.97,3034269.394,-22933374.191999998,13079836.536999999,2695.08992,-1108.96938,-2548.97455,2020-03-11 03:29:41.970,-350143082.9625688,-73938378.0705878,1866432.1669912,146677618565.208,-21917103194.56348,-9501049735.086731,58919.14562465277
46,2020,3,11,3,44,41.97,5426852.323,-23731676.983000003,10680001.374,2614.1538299999997,-662.56675,-2776.3104799999996,2020-03-11 03:44:41.970,-349973694.8399614,-74829598.54415852,1471726.8464823083,146682365058.3906,-21892742693.746964,-9490489609.817188,58919.15604131943
46,2020,3,11,3,59,41.97,7726309.573,-24122710.617000002,8096840.509,2488.45393,-205.22362999999999,-2955.79793,2020-03-11 03:59:41.970,-349801832.29721415,-75720278.22249925,1077013.0743881473,146687106777.57407,-21868381469.419807,-9479929173.843647,58919.1664579861
46,2020,3,11,4,14,41.97,9893302.364,-24100147.733000003,5374822.101,2320.22107,255.22458999999998,-3084.4578399999996,2020-03-11 04:14:41.970,-349627496.9113378,-76610410.81684433,682293.6748101397,146691843722.6245,-21844019522.309746,-9469368427.480404,58919.17687465277
46,2020,3,11,4,29,41.97,11890824.14,-23664734.018,2560705.79,2112.3990400000002,710.9174700000001,-3160.18321,2020-03-11 04:29:41.970,-349450690.2806014,-77499990.04517359,287571.47104464454,146696575893.40765,-21819656853.144714,-9458807371.041784,58919.18729131943
46,2020,3,11,4,44,41.97,13684818.78,-22824251.53,-297256.423,1868.5907200000001,1154.1007000000002,-3181.76832,2020-03-11 04:44:41.970,-349271414.0244975,-78389009.63228542,-107150.71445127115,146701303289.7894,-21795293462.652645,-9448246004.842112,58919.1977079861
46,2020,3,11,4,59,41.97,15244745.78,-21593365.336,-3150138.9250000003,1592.99433,1577.2539199999999,-3148.92312,2020-03-11 04:59:41.970,-349089669.78370947,-79277463.30986877,-501870.06009380147,146706025911.63516,-21770929351.56164,-9437684329.195757,58919.20812465277
46,2020,3,11,5,14,41.97,16544084.008000001,-19993357.387,-5949167.485,1290.33084,1973.21321,-3062.2728,2020-03-11 05:14:41.970,-348905459.2200755,-80165344.81657563,-896583.7452064825,146710743758.81076,-21746564520.599854,-9427122344.417068,58919.21854131943
46,2020,3,11,5,29,41.97,17560766.745,-18051753.098,-8646537.378,965.76409,2335.28672,-2923.34297,2020-03-11 05:29:41.970,-348718784.016555,-81052647.89809313,-1291288.9500541005,146715456831.18137,-21722198970.49554,-9416560050.820433,58919.2289579861
46,2020,3,11,5,44,41.97,18277541.903,-15801847.615,-11196211.863,624.81465,2657.36175,-2734.53096,2020-03-11 05:44:41.970,-348529645.8771924,-81939366.30721502,-1685982.8558766618,146720165128.61252,-21697832701.97705,-9405997448.720253,58919.23937465277
46,2020,3,11,5,59,41.97,18682252.515,-13282139.981,-13554688.834,273.26894000000004,2934.0021300000003,-2499.0639300000003,2020-03-11 05:59:41.970,-348338046.52708185,-82825493.80391361,-2080662.6449230965,146724868650.96945,-21673465715.77285,-9395434538.430931,58919.24979131943
46,2020,3,11,6,14,41.97,18768033.755,-10535684.571,-15681724.102,-82.91508,3160.5344999999998,-2220.94449,2020-03-11 06:14:41.970,-348143987.71233183,-83711024.15541084,-2475325.5004852097,146729567398.11734,-21649098012.6115,-9384871320.266907,58919.2602079861
46,2020,3,11,6,29,41.97,18533423.987999998,-7609370.136,-17541000.536,-437.70447,3333.12271,-1904.88493,2020-03-11 06:29:41.970,-347947471.20002764,-84595951.13624947,-2869968.6069312566,146734261369.9211,-21624729593.221626,-9374307794.542622,58919.27062465277
46,2020,3,11,6,44,41.97,17982388.448000003,-4553137.638,-19100733.132000003,-785.0887,3448.8293799999997,-1556.23082,2020-03-11 06:44:41.970,-347748498.7781962,-85480268.5283639,-3264589.1497396175,146738950566.246,-21600360458.33201,-9363743961.572554,58919.28104131943
46,2020,3,11,6,59,41.97,17124255.369999997,-1419148.7449999999,-20334201.0,-1119.17661,3505.66382,-1180.87513,2020-03-11 06:59:41.970,-347547072.25576776,-86363970.12115104,-3659184.3155324548,146743634986.95676,-21575990608.671486,-9353179821.671186,58919.2914579861
46,2020,3,11,7,14,41.97,15973565.433,1739082.521,-21220198.205000002,-1434.2918300000001,3502.61592,-785.16398,2020-03-11 07:14:41.970,-347343193.4625389,-87247049.71154061,-4053751.2921091756,146748314631.91824,-21551620044.969013,-9342615375.153025,58919.30187465277
46,2020,3,11,7,29,41.97,14549836.561,4867582.017,-21743396.424,-1725.06531,3439.6752500000002,-375.79517,2020-03-11 07:29:41.970,-347136864.2491354,-88129501.10406515,-4448287.268479914,146752989500.99512,-21527248767.95365,-9332050622.33258,58919.31229131943
46,2020,3,11,7,44,41.97,12877247.163,7912818.223999999,-21894613.476,-1986.52382,3317.83525,40.28936,2020-03-11 07:44:41.970,-346928086.4869726,-89011318.11093032,-4842789.434898927,146757659594.0521,-21502876778.354553,-9321485563.524403,58919.3227079861
46,2020,3,11,7,59,41.97,10984242.02,10822601.81,-21670982.873,-2214.17312,3139.08199,456.01568999999995,2020-03-11 07:59:41.970,-346716862.0682188,-89892494.55208415,-5237254.982897848,146762324910.95358,-21478504076.90098,-9310920199.043055,58919.33312465277
46,2020,3,11,8,14,41.97,8903066.117,13546968.156000001,-21076020.821,-2404.0747300000003,2906.36743,864.2934300000001,2020-03-11 08:14:41.970,-346503192.90575504,-90773024.25528717,-5631681.105319127,146766985451.5641,-21454130664.322323,-9300354529.203115,58919.34354131943
46,2020,3,11,8,29,41.97,6669232.803,16039028.817,-20119588.345,-2552.91489,2623.56723,1258.13297,2020-03-11 08:29:41.970,-346287080.93313676,-91652901.0561809,-6026064.996348983,146771641215.74805,-21429756541.348038,-9289788554.319195,58919.3539579861
46,2020,3,11,8,44,41.97,4320933.816,18255778.023,-18817747.699,-2658.06458,2295.4230199999997,1630.7629100000001,2020-03-11 08:44:41.970,-346068528.10455376,-92532118.79835743,-6420403.851550685,146776292203.3695,-21405381708.70771,-9279222274.705912,58919.36437465277
46,2020,3,11,8,59,41.97,1898399.758,20158840.456,-17192513.68,-2717.62941,1927.46972,1975.7458299999998,2020-03-11 08:59:41.970,-345847536.3947907,-93410671.33342783,-6814694.867897559,146780938414.29297,-21381006167.13103,-9268655690.67791,58919.37479131943
46,2020,3,11,9,14,41.97,-556779.281,21715147.033,-15271502.188000001,-2730.4881100000002,1525.94834,2287.0905900000002,2020-03-11 09:14:41.970,-345624107.7991869,-94288552.5210908,-7208935.243805996,146785579848.38226,-21356629917.347805,-9258088802.549862,58919.3852079861
46,2020,3,11,9,29,41.97,-3002362.258,22897526.004,-13087480.056,-2696.3186499999997,1097.7052,2559.35902,2020-03-11 09:29:41.970,-345398244.3335953,-95165756.2292007,-7603122.1791682085,146790216505.50153,-21332252960.087914,-9247521610.636463,58919.39562465277
46,2020,3,11,9,44,41.97,-5396183.266,23685197.717,-10677822.075,-2615.61099,650.07881,2787.7651600000004,2020-03-11 09:44:41.970,-345169948.0343423,-96042276.33383599,-7997252.875385307,146794848385.5146,-21307875296.081394,-9236954115.252417,58919.40604131943
46,2020,3,11,9,59,41.97,-7696882.786,24064162.552,-8083882.972999999,-2489.66571,190.77595,2968.26467,2020-03-11 09:59:41.970,-344939220.95818615,-96918106.71936645,-8391324.535399823,146799475488.2853,-21283496926.058372,-9226386316.712456,58919.4164579861
46,2020,3,11,10,14,41.97,-9864631.159,24027473.181,-5350294.01,-2320.57802,-272.26116,3097.63257,2020-03-11 10:14:41.970,-344706065.182276,-97793241.27852097,-8785334.363728488,146804097813.67758,-21259117850.74909,-9215818215.331347,58919.42687465277
46,2020,3,11,10,29,41.97,-11861830.991999999,23575384.163,-2524195.651,-2111.20692,-730.99419,3173.5272600000003,2020-03-11 10:29:41.970,-344470482.8041083,-98667673.91245496,-9179279.56649495,146808715361.55487,-21234738070.883873,-9205249811.423866,58919.43729131943
46,2020,3,11,10,44,41.97,-13653785.159,22715374.089,345580.554,-1865.12965,-1177.43213,3194.53911,2020-03-11 10:44:41.970,-344232475.9414872,-99541398.53081694,-9573157.351462107,146813328131.78085,-21210357587.1932,-9194681105.30483,58919.4477079861
46,2020,3,11,10,59,41.97,-15209317.370000001,21462037.959000003,3209366.295,-1586.58196,-1603.7757900000001,3160.2221,2020-03-11 10:59:41.970,-343992046.73247963,-100414409.05181536,-9966964.928064588,146817936124.21906,-21185976400.40765,-9184112097.289062,58919.45812465277
46,2020,3,11,11,14,41.97,-16501332.889,19836850.097,6017531.3040000005,-1280.3850000000002,-2002.56043,3071.1074900000003,2020-03-11 11:14:41.970,-343749197.3353741,-101286699.40228517,-10360699.507441262,146822539338.73285,-21161594511.25792,-9173542787.691412,58919.46854131943
46,2020,3,11,11,29,41.97,-17507307.975,17867800.708,8721362.058999998,-951.8602699999999,-2366.79342,2928.69884,2020-03-11 11:29:41.970,-343503929.9286366,-102158263.51775429,-10754358.302467449,146827137775.18555,-21137211920.474796,-9162973176.826773,58919.4789579861
46,2020,3,11,11,44,41.97,-18209697.936,15588911.927,11273927.477,-606.73414,-2690.08386,2735.4480099999996,2020-03-11 11:44:41.970,-343256246.71086746,-103029095.34250896,-11147938.527787087,146831731433.44046,-21112828628.789215,-9152403265.010044,58919.48937465277
46,2020,3,11,11,59,41.97,-18596255.301000003,13039641.954,13630914.652999999,-251.03396,-2966.76123,2494.7127,2020-03-11 11:59:41.970,-343006149.90075713,-103899188.82965977,-11541437.399844885,146836320313.3606,-21088444636.932217,-9141833052.556164,58919.49979131943
46,2020,3,11,12,14,41.97,-18660251.531999998,10264188.354,15751418.247,109.02207999999999,-3191.98036,2210.6961100000003,2020-03-11 12:14:41.970,-342753641.7370426,-104768537.94120707,-11934852.136918472,146840904414.8092,-21064059945.634956,-9131262539.78009,58919.5102079861
46,2020,3,11,12,29,41.97,-18400597.716000002,7310703.898,17598668.03,467.13885999999997,-3361.81046,1888.37007,2020-03-11 12:29:41.970,-342498724.4784628,-105637136.64810608,-12328179.9591502,146845483737.6493,-21039674555.62871,-9120691726.996807,58919.52062465277
46,2020,3,11,12,44,41.97,-17821861.921,4230440.195,19140680.434,817.05962,-3473.30631,1533.38336,2020-03-11 12:44:41.970,-342241400.4037137,-106504978.93033178,-12721418.088579157,146850058281.74365,-21015288467.64485,-9110120614.521326,58919.53104131943
46,2020,3,11,12,59,41.97,-16934183.110999998,1076835.889,20350821.655,1152.68015,-3524.56004,1151.9572,2020-03-11 12:59:41.970,-341981671.81140286,-107372058.77694343,-13114563.749172913,146854628046.95517,-20990901682.41493,-9099549202.668697,58919.5414579861
46,2020,3,11,13,14,41.97,-15753083.721,-2095432.772,21208271.838,1468.15941,-3514.73284,750.7703700000001,2020-03-11 13:14:41.970,-341719541.02000475,-108238370.18614897,-13507614.166859206,146859193033.14682,-20966514200.670567,-9088977491.753979,58919.55187465277
46,2020,3,11,13,29,41.97,-14299185.144,-5231420.586,21698382.091,1758.02431,-3444.06596,336.83635,2020-03-11 13:29:41.970,-341455010.36781436,-109103907.16536914,-13900566.569557624,146863753240.1809,-20942126023.1435,-9078405482.092276,58919.56229131943
46,2020,3,11,13,44,41.97,-12597832.262,-8276882.737,21812918.392,2017.2666800000002,-3313.87131,-82.62471000000001,2020-03-11 13:44:41.970,-341188082.21290207,-109968663.73130117,-14293418.18721114,146868308667.9204,-20917737150.565636,-9067833173.998705,58919.5727079861
46,2020,3,11,13,59,41.97,-10678634.98,-11179226.601,21550188.902000003,2241.4305200000003,-3126.5020200000004,-500.31662,2020-03-11 13:59:41.970,-340918758.9330661,-110832633.90998235,-14686166.251817506,146872859316.22772,-20893347583.66895,-9057260567.788437,58919.58312465277
46,2020,3,11,14,14,41.97,-8574936.162,-13888428.521,20915053.562000003,2426.68804,-2885.3042,-908.99767,2020-03-11 14:14:41.970,-340647042.9257872,-111695811.73685339,-15078807.997460686,146877405184.9652,-20868957323.185585,-9046687663.776644,58919.59354131943
46,2020,3,11,14,29,41.97,-6323216.625,-16357899.11,19918817.218,2569.90331,-2594.55111,-1301.60853,2020-03-11 14:29:41.970,-340372936.6081809,-112558191.25682096,-15471340.660342079,146881946273.9954,-20844566369.84779,-9036114462.278536,58919.6039579861
46,2020,3,11,14,44,41.97,-3962448.8249999997,-18545282.033999998,18579009.693,2668.68253,-2259.36144,-1671.39519,2020-03-11 14:44:41.970,-340096442.4169503,-113419766.52432087,-15863761.478811776,146886482583.18048,-20820174724.38792,-9025540963.609371,58919.61437465277
46,2020,3,11,14,59,41.97,-1533411.504,-20413172.836999997,16919058.296,2721.4103999999998,-1885.60367,-2012.0247400000003,2020-03-11 14:59:41.970,-339817562.80833876,-114280531.60338016,-16256067.693399498,146891014112.38275,-20795782387.538494,-9014967168.084414,58919.62479131943
46,2020,3,11,15,14,41.97,922022.0090000001,-21929746.204,14967860.081,2727.27231,-1479.78864,-2317.6920499999997,2020-03-11 15:14:41.970,-339536300.2580828,-115140480.56767939,-16648256.546845844,146895540861.46432,-20771389360.03213,-9004393076.01896,58919.6352079861
46,2020,3,11,15,29,41.97,3361609.005,-23069282.003,12759262.77,2686.2621799999997,-1048.95239,-2583.21578,2020-03-11 15:29:41.970,-339252657.26136243,-115999607.50061436,-17040325.284132987,146900062830.28723,-20746995642.601578,-8993818687.728374,58919.64562465277
46,2020,3,11,15,44,41.97,5743463.395,-23812582.496,10331464.649,2599.17641,-600.53185,-2804.12226,2020-03-11 15:44:41.970,-338966636.33275425,-116857906.49535763,-17432271.152515553,146904580018.71368,-20722601235.97972,-8983244003.528,58919.65604131943
46,2020,3,11,15,59,41.97,8026770.124,-24147275.191,7726344.845,2467.59431,-142.23547,-2976.71615,2020-03-11 15:59:41.970,-338678240.0061818,-117715371.65491995,-17824091.4015514,146909092426.6054,-20698206140.899586,-8972669023.73325,58919.6664579861
46,2020,3,11,16,14,41.97,10172476.124,-24067997.884,4988736.257999999,2293.84568,318.08889,-3098.13708,2020-03-11 16:14:41.970,-338387470.8348673,-118571997.092211,-18215783.283132188,146913600053.82434,-20673810358.094296,-8962093748.65956,58919.67687465277
46,2020,3,11,16,29,41.97,12143946.661,-23576464.482,2165654.0530000003,2080.96647,772.58642,-3166.40171,2020-03-11 16:29:41.970,-338094331.3912818,-119427776.93010034,-18607344.05151399,146918102900.23236,-20649413888.29712,-8951518178.62238,58919.68729131943
46,2020,3,11,16,44,41.97,13907576.781,-22681412.155,-694507.023,1832.64351,1213.52625,-3180.43095,2020-03-11 16:44:41.970,-337798824.2670964,-120282705.30147761,-18998770.963347606,146922600965.69104,-20625016732.241455,-8940942313.937214,58919.6977079861
46,2020,3,11,16,59,41.97,15433348.53,-21398432.216000002,-3542793.091,1553.14948,1633.42861,-3140.06217,2020-03-11 16:59:41.970,-337500952.0731316,-121136776.34931277,-19390061.27770903,146927094250.062,-20600618890.66085,-8930366154.919601,58919.70812465277
46,2020,3,11,17,14,41.97,16695325.685,-19749688.868,-6330515.978,1247.2693100000001,2025.1865699999998,-3046.04684,2020-03-11 17:14:41.970,-337200717.439308,-121989984.22671568,-19781212.25612955,146931582753.207,-20576220364.28895,-8919789701.885109,58919.71854131943
46,2020,3,11,17,29,41.97,17672078.887,-17763531.527,-9010069.369,920.2193100000001,2382.1805600000002,-2900.03366,2020-03-11 17:29:41.970,-336898123.0145951,-122842323.09699605,-20172221.162626106,146936066474.9875,-20551821153.859585,-8909212955.149319,58919.7289579861
46,2020,3,11,17,44,41.97,18347035.227,-15474007.867,-11535723.587000001,577.56038,2698.38421,-2704.5380200000004,2020-03-11 17:44:41.970,-336593171.46696186,-123693787.13372222,-20563085.263731148,146940545415.2649,-20527421260.10664,-8898635915.027874,58919.73937465277
46,2020,3,11,17,59,41.97,18708747.532,-12920285.981,-13864386.875,225.1066,2968.4602600000003,-2462.89824,2020-03-11 17:59:41.970,-336285865.48332447,-124544370.52078035,-20953801.82852271,146945019573.90054,-20503020683.764214,-8888058581.836452,58919.74979131943
46,2020,3,11,18,14,41.97,18751079.804,-10145995.172999999,-15956321.765999999,-131.16948,3187.84532,-2179.2196599999997,2020-03-11 18:14:41.970,-335976207.76949686,-125394067.45243286,-21344368.12865411,146949488950.75568,-20478619425.566498,-8877480955.890749,58919.7602079861
46,2020,3,11,18,29,41.97,18473306.44,-7198495.855,-17775805.865,-485.23352,3352.82248,-1858.30721,2020-03-11 18:29:41.970,-335664201.0501371,-126242872.13337703,-21734781.438383866,146953953545.69186,-20454217486.247807,-8866903037.506498,58919.77062465277
46,2020,3,11,18,44,41.97,17880124.032,-4128089.809,-19291727.265,-831.08677,3460.5811000000003,-1505.58771,2020-03-11 18:44:41.970,-335349848.0686978,-127090778.7788031,-22125039.03460528,146958413358.56985,-20429814866.54264,-8856324826.999483,58919.78104131943
46,2020,3,11,18,59,41.97,16981575.684,-987182.807,-20478105.694000002,-1162.86286,3509.26281,-1127.0227399999999,2020-03-11 18:59:41.970,-335033151.587373,-127937781.61445136,-22515138.196875934,146962868389.25113,-20405411567.185604,-8845746324.685518,58919.7914579861
46,2020,3,11,19,14,41.97,15792888.896,2170587.885,-21314531.499,-1474.92291,3497.99341,-729.01336,2020-03-11 19:14:41.970,-334714114.38704616,-128783874.87667046,-22905076.20744717,146967318637.5965,-20381007588.911438,-8835167530.880447,58919.80187465277
46,2020,3,11,19,29,41.97,14334229.173,5291248.067000001,-21786515.565,-1761.9474799999998,3426.89998,-318.29768,2020-03-11 19:29:41.970,-334392739.2672379,-129629052.81247382,-23294850.351293482,146971764103.46707,-20356602932.45503,-8824588445.900148,58919.81229131943
46,2020,3,11,19,44,41.97,12630372.605,8321389.841,-21885744.363,-2019.02448,3297.11294,98.15733999999999,2020-03-11 19:44:41.970,-334069029.0460535,-130473309.67959712,-23684457.91614164,146976204786.72363,-20332197598.551376,-8814009070.060545,58919.8227079861
46,2020,3,11,19,59,41.97,10710301.765,11209069.781,-21610235.479,-2241.7314899999997,3110.75275,513.26861,2020-03-11 19:59:41.970,-333742986.5601292,-131316639.74655427,-24073896.19249991,146980640687.2272,-20307791587.935703,-8803429403.677612,58919.83312465277
46,2020,3,11,20,14,41.97,8606730.346,13904688.161,-20964390.175,-2426.21155,2870.90107,919.95276,2020-03-11 20:14:41.970,-333414614.66457975,-132159037.29269393,-24463162.473687064,146985071804.8384,-20283384901.343246,-8792849447.06733,58919.84354131943
46,2020,3,11,20,29,41.97,6355563.105,16361835.22,-19958940.886,-2569.2409500000003,2581.55638,1311.2435,2020-03-11 20:29:41.970,-333083916.23294455,-133000496.6082552,-24852254.055861212,146989498139.41818,-20258977539.50949,-8782269200.545736,58919.8539579861
46,2020,3,11,20,44,41.97,3995298.753,18538090.563,-18610792.974,-2668.28802,2247.57422,1680.40894,2020-03-11 20:44:41.970,-332750894.15713406,-133841011.99442382,-25241168.2380488,146993919690.8269,-20234569503.170017,-8771688664.428917,58919.86437465277
46,2020,3,11,20,59,41.97,1566384.553,20395761.992,-16942761.615,-2721.5614499999997,1874.59247,2021.0670400000001,2020-03-11 20:59:41.970,-332415551.3473759,-134680577.76338658,-25629902.322173107,146998336458.92548,-20210160793.060543,-8761107839.032972,58919.87479131943
46,2020,3,11,21,14,41.97,-889467.5449999999,21902550.525,-14983206.359,-2728.04727,1468.94217,2327.2972099999997,2020-03-11 21:14:41.970,-332077890.7321606,-135519188.2383871,-26018453.613082964,147002748443.5743,-20185751409.916943,-8750526724.674059,58919.8852079861
46,2020,3,11,21,29,41.97,-3329992.4,23032129.073,-12765567.678,-2687.53311,1037.54501,2593.74613,2020-03-11 21:29:41.970,-331737915.25818723,-136356837.75378007,-26406819.41858122,147007155644.63388,-20161341354.475246,-8739945321.668373,58919.89562465277
46,2020,3,11,21,44,41.97,-5713099.091,23764623.217,-10327811.658,-2600.61913,587.7985,2815.72575,2020-03-11 21:44:41.970,-331395627.89030874,-137193520.65508595,-26794997.049453113,147011558061.96475,-20136930627.471584,-8729363630.332136,58919.90604131943
46,2020,3,11,21,59,41.97,-7997601.759000001,24086983.821999997,-7711790.881,-2468.71465,127.45075,2989.3012,2020-03-11 21:59:41.970,-331051031.611477,-138029231.29904476,-27182983.819494613,147015955695.42703,-20112519229.642296,-8718781650.981632,58919.9164579861
46,2020,3,11,22,14,41.97,-10143940.865,23993242.873,-4962531.413,-2294.02016,-335.53342000000004,3111.3667,2020-03-11 22:14:41.970,-330704129.42268807,-138863964.05366978,-27570777.045540337,147020348544.88135,-20088107161.723812,-8708199383.933165,58919.92687465277
46,2020,3,11,22,29,41.97,-12114881.565,23484645.827,-2127457.611,-2079.49446,-793.11263,3179.7075499999996,2020-03-11 22:29:41.970,-330354924.3429261,-139697713.29830146,-27958374.047491975,147024736610.18784,-20063694424.45273,-8697616829.5031,58919.93729131943
46,2020,3,11,22,44,41.97,-13876175.889,22569656.031999998,744431.905,-1828.80712,-1237.31261,3193.0464399999996,2020-03-11 22:44:41.970,-330003419.40910834,-140530473.42366,-28345772.14834592,147029119891.2067,-20039281018.56578,-8687033988.00782,58919.9477079861
46,2020,3,11,22,59,41.97,-15397175.758,21263829.248999998,3603422.356,-1546.27691,-1660.37069,3151.07259,2020-03-11 22:59:41.970,-329649617.6760293,-141362238.83189863,-28732968.674221255,147033498387.798,-20014866944.799877,-8676450859.763763,58919.95812465277
46,2020,3,11,23,14,41.97,-16651384.541,19589558.968000002,6399959.103,-1236.79703,-2054.87792,3054.45294,2020-03-11 23:14:41.970,-329293522.2163049,-142193003.93665564,-29119960.954387352,147037872099.82208,-19990452203.892044,-8665867445.087412,58919.96854131943
46,2020,3,11,23,29,41.97,-17616935.897,17575695.998999998,9085525.523,-905.7484900000001,-2413.91582,2904.8244099999997,2020-03-11 23:29:41.970,-328935136.1203153,-143022763.16310695,-29506746.321291573,147042241027.1387,-19966036796.57945,-8655283744.295282,58919.9789579861
46,2020,3,11,23,44,41.97,-18276989.997,15257048.579,11613505.492,-558.90343,-2731.18467,2704.76742,2020-03-11 23:44:41.970,-328574462.4961498,-143851510.94801784,-29893322.110586755,147046605169.60806,-19941620723.599453,-8644699757.70395,58919.98937465277
46,2020,3,11,23,59,41.97,-18620038.889,12673771.930000002,13940013.613,-202.32029,-3001.1204000000002,2457.76082,2020-03-11 23:59:41.970,-328211504.48865956,-144679241.69637656,-30279685.640885174,147050964527.08987,-19917203985.68901,-8634115485.629753,58919.99979131943
46,2020,3,12,0,14,41.97,-18640114.578,9870662.086000001,16024674.545,157.76665,-3218.99743,2168.11951,2020-03-12 00:14:41.970,-327846265.20308113,-145505949.95517635,-30665834.294892423,147055319099.44427,-19892786583.586807,-8623530928.38985,58920.0102079861
46,2020,3,12,0,29,41.97,-18336896.454,6896347.373,17831350.424,515.0627,-3381.0159299999996,1840.91432,2020-03-12 00:29:41.970,-327478747.81928,-146331630.15279236,-31051765.39775909,147059668886.53104,-19868368518.030083,-8612946086.300684,58920.02062465277
46,2020,3,12,0,44,41.97,-17715713.173,3802443.3800000004,19328766.003000002,863.3262000000001,-3484.3694,1481.87999,2020-03-12 00:44:41.970,-327108955.51561004,-147156276.77286172,-31437476.298233293,147064013888.20993,-19843949789.756798,-8602360959.67898,58920.03104131943
46,2020,3,12,0,59,41.97,-16787443.936,642621.6819999999,20491068.725,1196.48352,-3527.29459,1097.30811,2020-03-12 00:59:41.970,-326736891.48784775,-147979884.31086642,-31822964.34840451,147068354104.3408,-19819530399.505028,-8591775548.841536,58920.0414579861
46,2020,3,12,1,14,41.97,-15568317.304,-2528340.1659999997,21298275.926999997,1508.7387,-3509.1001300000003,693.93123,2020-03-12 01:14:41.970,-326362558.94913596,-148802447.27418184,-32208226.903730273,147072689534.78308,-19795110348.01303,-8581189854.105167,58920.05187465277
46,2020,3,12,1,29,41.97,-14079614.044,-5655528.57,21736616.487,1794.67727,-3430.17473,278.79913,2020-03-12 01:29:41.970,-325985961.12992436,-149623960.1821279,-32593261.32306285,147077020179.3966,-19770689636.0192,-8570603875.786746,58920.06229131943
46,2020,3,12,1,44,41.97,-12347280.027,-8684862.015999999,21798758.759,2049.36197,-3291.97503,-140.84972000000002,2020-03-12 01:44:41.970,-325607101.27791256,-150444417.56601754,-32978064.968675982,147081346038.04095,-19746268264.262062,-8560017614.203178,58920.0727079861
46,2020,3,12,1,59,41.97,-10401457.323,-11564039.225,21483921.609,2268.41856,-3096.99355,-557.71893,2020-03-12 01:59:41.970,-325225982.65799093,-151263813.96920568,-33362635.206291117,147085667110.5756,-19721846233.480328,-8549431069.671444,58920.08312465277
46,2020,3,12,2,14,41.97,-8275943.0879999995,-14243449.965,20797867.774,2448.11027,-2848.7079,-964.58451,2020-03-12 02:14:41.970,-324842608.5521824,-152082143.94713852,-33746969.40510389,147089983396.8601,-19697423544.41287,-8538844242.50853,58920.09354131943
46,2020,3,12,2,29,41.97,-6007587.047,-16677032.25,19752781.084,2585.3996,-2551.5127500000003,-1354.4222,2020-03-12 02:29:41.970,-324456982.25958437,-152899402.06740153,-34131064.93781038,147094294896.754,-19673000197.79869,-8528257133.031494,58920.1039579861
46,2020,3,12,2,44,41.97,-3635639.2890000003,-18823061.073,18367031.283,2677.9968099999996,-2210.63602,-1720.52958,2020-03-12 02:44:41.970,-324069107.09630895,-153715582.90976748,-34514919.180632986,147098601610.11646,-19648576194.376953,-8517669741.557433,58920.11437465277
46,2020,3,12,2,59,41.97,-1201060.725,-20644855.483,16664832.163999999,2724.39438,-1832.0415400000002,-2056.6406700000002,2020-03-12 02:59:41.970,-323678986.3954243,-154530681.06624404,-34898529.51334663,147102903536.8071,-19624151534.887005,-8507082068.4035,58920.12479131943
46,2020,3,12,3,14,41.97,1254191.0580000002,-22111392.649,14675800.592,2723.88718,-1422.32007,-2357.03131,2020-03-12 03:14:41.970,-323286623.50689554,-155344691.14112166,-35281893.31930467,147107200676.6851,-19599726220.068314,-8496494113.886871,58920.1352079861
46,2020,3,12,3,29,41.97,3687887.7320000003,-23197819.509,12434425.535,2676.5785100000003,-988.57108,-2616.61352,2020-03-12 03:29:41.970,-322892021.79752517,-156157607.75102028,-35665007.98546436,147111493029.60977,-19575300250.66051,-8485905878.324799,58920.14562465277
46,2020,3,12,3,44,41.97,6058255.255,-23885854.687,9979457.57,2583.37214,-538.27753,-2831.0176399999996,2020-03-12 03:44:41.970,-322495184.6508931,-156969425.5249361,-36047870.90241262,147115780595.4405,-19550873627.403416,-8475317362.034566,58920.15604131943
46,2020,3,12,3,59,41.97,8324685.663000001,-24164075.435,7353230.414,2445.95093,-79.17593000000001,-2996.6611,2020-03-12 03:59:41.970,-322096115.4672977,-157780139.1042881,-36430479.464391716,147120063374.03632,-19526446351.036972,-8464728565.333501,58920.1664579861
46,2020,3,12,4,14,41.97,10448423.852,-24028086.404999997,4600926.874,2266.7428,380.87591,-3110.8030599999997,2020-03-12 04:14:41.970,-321694817.66369474,-158589743.1429642,-36812831.069324404,147124341365.25647,-19502018422.301296,-8454139488.538991,58920.17687465277
46,2020,3,12,4,29,41.97,12393218.305,-23480569.15,1769802.18,2048.8747900000003,834.03132,-3171.5844,2020-03-12 04:29:41.970,-321291294.6736387,-159398232.3073668,-37194923.11883916,147128614568.95993,-19477589841.93668,-8443550131.968458,58920.18729131943
46,2020,3,12,4,44,41.97,14125925.589,-22531213.139,-1091622.003,1796.1164199999998,1272.58531,-3178.05288,2020-03-12 04:44:41.970,-320885549.9472209,-160205601.2764585,-37576753.018295534,147132882985.00598,-19453160610.683544,-8432960495.939394,58920.1977079861
46,2020,3,12,4,59,41.97,15617059.454,-21196530.957,-3934379.434,1512.8134499999999,1689.10107,-3130.17327,2020-03-12 04:59:41.970,-320477586.95101047,-161011844.7418072,-37958318.176809005,147137146613.25354,-19428730729.282486,-8422370580.769323,58920.20812465277
46,2020,3,12,5,14,41.97,16841276.414,-19499562.044999998,-6709883.725,1203.81321,2076.5308400000004,-3028.82296,2020-03-12 05:14:41.970,-320067409.1679929,-161816957.40763065,-38339616.00727594,147141405453.56174,-19404300198.47428,-8411780386.775817,58920.21854131943
46,2020,3,12,5,29,41.97,17777790.866,-17469470.904000003,-9370742.270000001,874.3828500000001,2428.32935,-2875.77312,2020-03-12 05:29:41.970,-319655020.09750897,-162620933.99084115,-38720643.92639824,147145659505.78943,-19379869018.99983,-8401189914.276505,58920.2289579861
46,2020,3,12,5,44,41.97,18410713.969,-15141047.097000001,-11871547.071,530.12192,2738.55836,-2673.6563,2020-03-12 05:44:41.970,-319240423.25519454,-163423769.22108963,-39101399.35470821,147149908769.7956,-19355437191.600227,-8390599163.589069,58920.23937465277
46,2020,3,12,5,59,41.97,18729311.683,-12554115.594999999,-14169630.449000001,176.87037999999998,3001.9811299999997,-2425.92094,2020-03-12 05:59:41.970,-318823622.17291933,-164225457.84080964,-39481879.71659285,147154153245.43918,-19331004717.01672,-8380008135.031225,58920.24979131943
46,2020,3,12,6,14,41.97,18728178.599,-9752867.136,-16225774.300999999,-179.38637,3214.1455699999997,-2136.77374,2020-03-12 06:14:41.970,-318404620.39872503,-165025994.60526055,-39862082.4403184,147158392932.57895,-19306571595.99072,-8369416828.920765,58920.2602079861
46,2020,3,12,6,29,41.97,18407325.336000003,-6785119.176,-18004862.363,-532.61433,3371.45516,-1811.11085,2020-03-12 06:29:41.970,-317983421.496765,-165825374.28257087,-40242004.95805458,147162627831.0738,-19282137829.26379,-8358825245.5755,58920.27062465277
46,2020,3,12,6,44,41.97,17772178.464,-3701518.801,-19476465.818,-876.82826,3471.22688,-1454.43868,2020-03-12 06:44:41.970,-317560029.0472414,-166623591.65378082,-40621644.70589862,147166857940.7826,-19257703417.57768,-8348233385.313322,58920.28104131943
46,2020,3,12,6,59,41.97,16833493.042,-554699.6749999999,-20615353.481,-1206.18829,3511.73531,-1072.78569,2020-03-12 06:59:41.970,-317134446.6463443,-167420641.51288542,-41000999.12389949,147171083261.56396,-19233268361.67428,-8337641248.452153,58920.2914579861
46,2020,3,12,7,14,41.97,15607178.968,2601594.372,-21401918.799,-1515.09464,3492.24259,-672.6059300000001,2020-03-12 07:14:41.970,-316706677.90618944,-168216518.66687626,-41380065.65608167,147175303793.27676,-19208832662.295654,-8327048835.309982,58920.30187465277
46,2020,3,12,7,29,41.97,14114043.443,5713406.017999999,-21822516.916,-1798.2791300000001,3413.0134399999997,-260.67584,2020-03-12 07:29:41.970,-316276726.4547569,-169011217.9357829,-41758841.750468895,147179519535.77966,-19184396320.184055,-8316456146.20484,58920.31229131943
46,2020,3,12,7,44,41.97,12379452.945999999,8727467.922,-21869706.155,-2050.8923,3275.31513,156.01473,2020-03-12 07:44:41.970,-315844595.9358281,-169804734.15271592,-42137324.859107845,147183730488.9313,-19159959336.081886,-8305863181.454804,58920.3227079861
46,2020,3,12,7,59,41.97,10432919.215,11592099.254999999,-21542389.426000003,-2268.58498,3081.4021000000002,570.37572,2020-03-12 07:59:41.970,-315410290.00892365,-170597062.163906,-42515512.43809176,147187936652.5904,-19135521710.731686,-8295269941.37802,58920.33312465277
46,2020,3,12,8,14,41.97,8307614.799000001,14258081.35,-20845852.290999997,-2447.5830300000002,2834.48494,975.33303,2020-03-12 08:14:41.970,-314973812.3492414,-171388196.8287466,-42893401.94758358,147192138026.6155,-19111083444.8762,-8284676426.292673,58920.34354131943
46,2020,3,12,8,29,41.97,6039824.904,16679498.492999999,-19791695.796,-2584.7539500000003,2538.68391,1363.94596,2020-03-12 08:29:41.970,-314535166.64759374,-172178133.01983324,-43270990.85183949,147196334610.8653,-19086644539.25835,-8274082636.517017,58920.3539579861
46,2020,3,12,8,44,41.97,3668343.319,18814529.931,-18397663.573999997,-2677.6643400000003,2198.9671,1729.5244,2020-03-12 08:44:41.970,-314094356.61034435,-172966865.62300453,-43648276.6192319,147200526405.1983,-19062204994.62118,-8263488572.369341,58920.36437465277
46,2020,3,12,8,59,41.97,1233821.326,20626179.47,-16687364.353,-2724.6267199999998,1821.07365,2065.7438300000003,2020-03-12 08:59:41.970,-313651385.95934606,-173754389.53738168,-44025256.72227245,147204713409.47296,-19037764811.70794,-8252894234.167994,58920.37479131943
46,2020,3,12,9,14,41.97,-1221920.434,22082929.491,-14689892.613,-2724.73482,1411.42272,2366.75624,2020-03-12 09:14:41.970,-313206258.4318778,-174540699.67540783,-44401928.637634955,147208895623.54794,-19013323991.26204,-8242299622.231378,58920.3852079861
46,2020,3,12,9,29,41.97,-3656606.1840000004,23159306.963999998,-12439351.987,-2677.8861699999998,977.00913,2627.29506,2020-03-12 09:29:41.970,-312758977.78058106,-175325790.96288788,-44778289.84617819,147213073047.2817,-18988882534.02704,-8231704736.877958,58920.39562465277
46,2020,3,12,9,44,41.97,-6028233.505,23836350.052,-9974287.795,-2584.79103,525.2870800000001,2842.7717700000003,2020-03-12 09:44:41.970,-312309547.77339685,-176109658.3390267,-45154337.832968384,147217245680.53262,-18964440440.746723,-8221109578.426235,58920.40604131943
46,2020,3,12,9,59,41.97,-8295803.511,24101965.271,-7337037.039,-2446.96711,64.04352,3009.36236,2020-03-12 09:59:41.970,-311857972.1935032,-176892296.75646797,-45530070.087301806,147221413523.15927,-18939997712.16496,-8210514147.194783,58920.4164579861
46,2020,3,12,10,14,41.97,-10420039.664,23951166.791,-4573006.016,-2266.71955,-398.73677000000004,3124.0814,2020-03-12 10:14:41.970,-311404254.8392503,-177673701.18133268,-45905484.10272715,147225576575.01996,-18915554349.025883,-8199918443.502219,58920.42687465277
46,2020,3,12,10,29,41.97,-12364081.889999999,23386191.485,-1729887.502,-2047.1061000000002,-855.01194,3184.84197,2020-03-12 10:29:41.970,-310948399.524098,-178453866.59325656,-46280577.37706785,147229734835.9731,-18891110352.073708,-8189322467.66722,58920.43729131943
46,2020,3,12,10,44,41.97,-14094142.707999999,22416485.604000002,1143168.923,-1791.88757,-1296.8271300000001,3190.49958,2020-03-12 10:44:41.970,-310490410.07655144,-179232787.98542774,-46655347.4124439,147233888305.87717,-18866665722.05291,-8178726220.008528,58920.4477079861
46,2020,3,12,10,59,41.97,-15580112.493,21058561.456,3996418.4839999997,-1505.4644500000002,-1716.45877,3140.87901,2020-03-12 10:59:41.970,-310030290.34009844,-180010460.36462426,-47029791.715294145,147238036984.59045,-18842220459.708065,-8168129700.844907,58920.45812465277
46,2020,3,12,11,14,41.97,-16796101.68,19335725.166,6780398.732,-1192.80041,-2106.55625,3036.78274,2020-03-12 11:14:41.970,-309568044.1731439,-180786878.75125057,-47403907.79639802,147242180871.9714,-18817774565.78396,-8157532910.49522,58920.46854131943
46,2020,3,12,11,29,41.97,-17720908.830000002,17277679.395,9446806.288,-859.3342899999999,-2460.27766,2879.98072,2020-03-12 11:29:41.970,-309103675.44894713,-181562038.17937446,-47777693.17089728,147246319967.87814,-18793328041.025528,-8146935849.278356,58920.4789579861
46,2020,3,12,11,44,41.97,-18338404.86,14920007.627999999,11949355.829,-510.88210999999995,-2771.41666,2673.18115,2020-03-12 11:44:41.970,-308637188.05555737,-182335933.6967628,-48151145.3583175,147250454272.16916,-18768880886.177902,-8136338517.51327,58920.48937465277
46,2020,3,12,11,59,41.97,-18637825.468,12303549.333,14244604.501,-153.53141,-3034.51769,2419.983,2020-03-12 11:59:41.970,-308168585.89574933,-183108560.3649184,-48524261.88258973,147254583784.70267,-18744433101.986378,-8125740915.518976,58920.49979131943
46,2020,3,12,12,14,41.97,-18613965.681,9473677.753,16292725.575000001,206.47016000000002,-3244.97676,2124.8109,2020-03-12 12:14:41.970,-307697872.8869589,-183879913.25911456,-48897040.27207167,147258708505.33682,-18719984689.196434,-8115143043.614539,58920.5102079861
46,2020,3,12,12,29,41.97,-18267272.613,6479494.229,18058216.184,562.82928,-3399.12576,1792.83404,2020-03-12 12:29:41.970,-307225052.9612195,-184649987.46843076,-49269478.05956891,147262828433.93005,-18695535648.553688,-8104544902.119082,58920.52062465277
46,2020,3,12,12,44,41.97,-17603834.696999997,3372954.784,19510525.463000003,909.32212,-3494.29846,1429.87068,2020-03-12 12:44:41.970,-306750130.0650963,-185418778.0957875,-49641572.78235613,147266943570.34064,-18671085980.80401,-8093946491.351792,58920.53104131943
46,2020,3,12,12,59,41.97,-16635267.890999999,207946.053,20624591.137,1239.90774,-3528.87689,1042.2806,2020-03-12 12:59:41.970,-306273108.15962267,-186186280.2579811,-50013321.98219773,147271053914.42664,-18646635686.693336,-8083347811.631916,58920.5414579861
46,2020,3,12,13,14,41.97,-15378501.56,-2960671.425,21381274.713,1548.8372399999998,-3502.3174099999997,636.84775,2020-03-12 13:14:41.970,-305793991.220235,-186952489.08571783,-50384723.20536899,147275159466.04636,-18622184766.967873,-8072748863.27873,58920.55187465277
46,2020,3,12,13,29,41.97,-13855468.8,-6078034.069999999,21767687.634000003,1830.75662,-3415.15611,220.65573,2020-03-12 13:29:41.970,-305312783.236708,-187717399.72364745,-50755774.00267664,147279260225.05807,-18597733222.37395,-8062149646.61161,58920.56229131943
46,2020,3,12,13,44,41.97,-12092707.842,-9090241.802000001,21777403.150999997,2080.80118,-3268.9938399999996,-199.04123,2020-03-12 13:44:41.970,-304829488.21309,-188481007.3303978,-51126471.92947923,147283356191.31992,-18573281053.658096,-8051550161.949959,58920.5727079861
46,2020,3,12,13,59,41.97,-10120882.905000001,-11945302.197,21410551.051999997,2294.6799,-3066.4616100000003,-614.9491,2020-03-12 13:59:41.970,-304344110.1676376,-189243307.07860702,-51496814.545707755,147287447364.68997,-18548828261.56703,-8040950409.613251,58920.58312465277
46,2020,3,12,14,14,41.97,-7974234.244999999,-14594034.995,20673794.816,2468.7481500000004,-2811.1673299999998,-1019.8640800000001,2020-03-12 14:14:41.970,-303856653.1327512,-190004294.15495688,-51866799.41588585,147291533745.02667,-18524374846.847595,-8030350389.92102,58920.59354131943
46,2020,3,12,14,29,41.97,-5689968.352,-16990920.902000003,19580193.002,2600.0678399999997,-2507.6255,-1406.79939,2020-03-12 14:29:41.970,-303367121.15490955,-190763963.76020575,-52236424.10915002,147295615332.188,-18499920810.24688,-8019750103.192848,58920.6039579861
46,2020,3,12,14,44,41.97,-3307600.09,-19094880.01,18148948.917000003,2686.4539299999997,-2161.17147,-1769.10644,2020-03-12 14:44:41.970,-302875518.29460394,-191522311.10922042,-52605686.19926956,147299692126.03198,-18475466152.512104,-8009149549.74839,58920.61437465277
46,2020,3,12,14,59,41.97,-868259.228,-20869966.895,16405054.548,2726.50703,-1777.8623300000002,-2100.58826,2020-03-12 14:59:41.970,-302381848.6262744,-192279331.4310081,-52974583.26466647,147303764126.41708,-18451010874.390663,-7998548729.907355,58920.62479131943
46,2020,3,12,15,14,41.97,1586025.922,-22285971.281,14378836.527999999,2719.6316399999996,-1364.36654,-2395.60348,2020-03-12 15:14:41.970,-301886116.2382433,-193035019.96874866,-53343112.888435274,147307831333.20123,-18426554976.63018,-7987947643.989503,58920.6352079861
46,2020,3,12,15,29,41.97,4013054.9179999996,-23318915.167,12105413.486,2666.0402400000003,-927.84462,-2649.15905,2020-03-12 15:29:41.970,-301388325.23264974,-193789371.9798248,-53711272.65836266,147311893746.24258,-18402098459.978405,-7977346292.314674,58920.64562465277
46,2020,3,12,15,44,41.97,6371179.001,-23951439.35,9624075.404,2566.74355,-475.82306,-2856.99064,2020-03-12 15:44:41.970,-300888479.7253849,-194542382.7358543,-54079060.16694686,147315951365.3993,-18377641325.183273,-7966744675.2027445,58920.65604131943
46,2020,3,12,15,59,41.97,8620010.054,-24173074.389000002,6977596.658000001,2423.52736,-16.06397,-3015.62947,2020-03-12 15:59:41.970,-300386583.84602576,-195294047.52271992,-54446473.01141705,147320004190.5295,-18353183572.99292,-7956142792.973667,58920.6664579861
46,2020,3,12,16,14,41.97,10721103.009,-23980393.116,4211495.235,2238.91681,443.56738,-3122.4549599999996,2020-03-12 16:14:41.970,-299882641.73777014,-196044361.64059934,-54813508.79375267,147324052221.4914,-18328725204.155666,-7945540645.94745,58920.67687465277
46,2020,3,12,16,29,41.97,12638600.773,-23377043.836,1373251.1649999998,2016.12898,895.23494,-3175.73269,2020-03-12 16:29:41.970,-299376657.5573698,-196793320.40399647,-55180165.120702446,147328095458.1432,-18304266219.420006,-7934938234.444165,58920.68729131943
46,2020,3,12,16,44,41.97,14339831.628,-22373665.269,-1488502.518,1759.01491,1331.26189,-3174.63743,2020-03-12 16:44:41.970,-298868635.4750667,-197540919.14176992,-55546439.603803456,147332133900.34262,-18279806619.534595,-7924335558.783935,58920.6977079861
46,2020,3,12,16,59,41.97,15795850.066000002,-20987686.154,-4324802.825,1471.99207,1744.25665,-3119.2613100000003,2020-03-12 16:59:41.970,-298358579.6745255,-198287153.19716278,-55912329.85939973,147336167547.94812,-18255346405.24827,-7913732619.286953,58920.70812465277
46,2020,3,12,17,14,41.97,16981913.110000003,-19243014.091000002,-7087180.585,1159.96871,2127.2327400000004,-3010.60729,2020-03-12 17:14:41.970,-297846494.3527679,-199032017.92783207,-56277833.508661196,147340196400.81778,-18230885577.31009,-7903129416.273475,58920.71854131943
46,2020,3,12,17,29,41.97,17877885.315,-17169619.745,-9728471.94,828.2612700000001,2473.72116,-2850.56849,2020-03-12 17:29:41.970,-297332383.7201074,-199775508.70587638,-56642948.17760215,147344220458.80975,-18206424136.46928,-7892525950.063815,58920.7289579861
46,2020,3,12,17,44,41.97,18468566.847999997,-14803023.941,-12203605.012,482.50625,2777.87362,-2641.89383,2020-03-12 17:44:41.970,-296816252.00008285,-200517620.91786537,-57007671.49709967,147348239721.78192,-18181962083.475185,-7881922220.978345,58920.73937465277
46,2020,3,12,17,59,41.97,18743940.212,-12183696.356,-14470349.826,128.56778999999997,3034.55553,-2388.1408300000003,2020-03-12 17:59:41.970,-296298103.42939305,-201258349.96486723,-57372001.10291196,147352254189.59262,-18157499419.07743,-7871318229.337507,58920.74979131943
46,2020,3,12,18,14,41.97,18699332.41,-9356375.620000001,-16490020.252999999,-227.55767,3239.42751,-2093.61634,2020-03-12 18:14:41.970,-295777942.2578293,-201997691.26247635,-57735934.63569653,147356263862.10004,-18133036144.025738,-7860713975.461797,58920.7602079861
46,2020,3,12,18,29,41.97,18335490.474999998,-6369321.516,-18228117.562,-579.83828,3389.0146099999997,-1763.30625,2020-03-12 18:29:41.970,-295255772.7482111,-202735640.2408413,-58099469.74102824,147360268739.16214,-18108572259.07011,-7850109459.67178,58920.77062465277
46,2020,3,12,18,44,41.97,17658569.514,-3273510.77,-19654906.031999998,-922.30413,3480.76234,-1402.79494,2020-03-12 18:44:41.970,-294731599.1763184,-203472192.34469116,-58462604.069417134,147364268820.63715,-18084107764.960613,-7839504682.288083,58920.78104131943
46,2020,3,12,18,59,41.97,16680033.468000002,-121788.566,-20745912.009,-1249.14365,3513.07892,-1018.17589,2020-03-12 18:59:41.970,-294205425.83082616,-204207343.0333627,-58825335.27632628,147368264106.38324,-18059642662.447598,-7828899643.631389,58920.7914579861
46,2020,3,12,19,14,41.97,15416469.975,3032011.523,-21482338.777000003,-1554.79788,3485.36313,-615.95424,2020-03-12 19:14:41.970,-293677257.0132386,-204941087.78082693,-59187661.02218941,147372254596.2585,-18035176952.281536,-7818294344.022452,58920.80187465277
46,2020,3,12,19,29,41.97,13889321.762,6133966.0540000005,-21851390.666,-1834.05153,3398.0174,-202.94263,2020-03-12 19:29:41.970,-293147097.03782207,-205673422.075715,-59549578.97242837,147376240290.1211,-18010710635.21312,-7807688783.782087,58920.81229131943
46,2020,3,12,19,44,41.97,12124538.106,9130965.17,-21846500.871,-2082.11929,3252.44563,213.8483,2020-03-12 19:44:41.970,-292614950.2315382,-206404341.42134383,-59911086.79747062,147380221187.8292,-17986243711.9932,-7797082963.231167,58920.8227079861
46,2020,3,12,19,59,41.97,10152151.014999999,11971607.213,-21467458.689999998,-2294.72664,3051.0357,627.32374,2020-03-12 19:59:41.970,-292080820.93397945,-207133841.33574218,-60272182.17276632,147384197289.241,-17961776183.37283,-7786476882.690636,58920.83312465277
46,2020,3,12,20,14,41.97,8005781.83,14607070.563,-20720433.067,-2468.18344,2797.1263400000003,1030.42107,2020-03-12 20:14:41.970,-291544713.4973015,-207861917.3516752,-60632862.77880563,147388168594.21457,-17937308050.10325,-7775870542.481503,58920.84354131943
46,2020,3,12,20,29,41.97,5722085.115,16991948.697,-19617890.744,-2599.4495,2494.9585399999996,1416.22738,2020-03-12 20:29:41.970,-291006632.2861564,-208588565.01666963,-60993126.30113546,147392135102.60815,-17912839312.935867,-7765263942.924831,58920.8539579861
46,2020,3,12,20,44,41.97,3340137.773,19085034.577,-18178408.744,-2686.1905199999997,2149.61159,1778.09653,2020-03-12 20:44:41.970,-290466581.6776271,-209313779.89303818,-61352970.43037652,147396096814.28018,-17888369972.6223,-7754657084.341757,58920.86437465277
46,2020,3,12,20,59,41.97,900782.4369999999,20850040.788,-16426382.524,-2726.8235600000003,1766.92434,2109.76363,2020-03-12 20:59:41.970,-289924566.06116056,-210037557.5579039,-61712392.86223992,147400053729.08862,-17863900029.914326,-7744049967.053476,58920.87479131943
46,2020,3,12,21,14,41.97,-1554064.7489999998,22256242.309,-14391632.797,-2720.55056,1353.40221,2405.4553300000002,2020-03-12 21:14:41.970,-289380589.8385014,-210759893.6032237,-62071391.29754376,147404005846.8917,-17839429485.56393,-7733442591.381251,58920.8852079861
46,2020,3,12,21,29,41.97,-3982130.892,23279029.645,-12108915.867,-2667.3791300000003,916.1111199999999,2659.99366,2020-03-12 21:29:41.970,-288834657.4236252,-211480783.63581243,-62429963.44222966,147407953167.54782,-17814958340.323257,-7722834957.64641,58920.89562465277
46,2020,3,12,21,44,41.97,-6341515.69,23900361.048,-9617344.139999999,-2568.12964,462.55961,2868.89145,2020-03-12 21:44:41.970,-288286773.242672,-212200223.27736574,-62788107.007379025,147411895690.9151,-17790486594.944675,-7712227066.170345,58920.90604131943
46,2020,3,12,21,59,41.97,-8591420.717,24109104.009,-6959725.393,-2424.4279,0.57095,3028.4370900000004,2020-03-12 21:59:41.970,-287736941.7338803,-212918208.16448322,-63145819.70922916,147415833416.85187,-17766014250.180717,-7701618917.274511,58920.9164579861
46,2020,3,12,22,14,41.97,-10692865.527,23901257.865,-4181831.225,-2238.68315,-461.85277,3135.7668,2020-03-12 22:14:41.970,-287185167.34751934,-213634733.94869086,-63503099.26918946,147419766345.2164,-17741541306.784084,-7691010511.280434,58920.92687465277
46,2020,3,12,22,29,41.97,-12609377.245,23280051.426000003,-1331606.885,-2014.0511499999998,-916.67204,3188.92236,2020-03-12 22:29:41.970,-286631454.5458236,-214349796.29646358,-63859943.41385723,147423694475.86697,-17717067765.50772,-7680401848.509695,58920.93729131943
46,2020,3,12,22,44,41.97,-14307640.389,22255911.826,1541663.758,-1754.38282,-1355.95423,3186.89281,2020-03-12 22:44:41.970,-286075807.8029257,-215063390.889247,-64216349.87503353,147427617808.66193,-17692593627.1047,-7669792929.2839575,58920.9477079861
46,2020,3,12,22,59,41.97,-15758094.123000002,20846303.360999998,4388222.987,-1464.15892,-1772.01769,3129.63864,2020-03-12 22:59:41.970,-285518231.60478985,-215775513.42347953,-64572316.38973881,147431536343.45966,-17668118892.328312,-7659183753.924933,58920.95812465277
46,2020,3,12,23,14,41.97,-16935464.882,19075437.758,7158717.637,-1148.41193,-2157.57283,3018.09778,2020-03-12 23:14:41.970,-284958730.44914603,-216486159.6106132,-64927840.70022836,147435450080.11844,-17643643561.932026,-7648574322.754411,58920.96854131943
46,2020,3,12,23,29,41.97,-17819223.466,16973860.145999998,9805074.351,-812.63663,-2505.85681,2854.17261,2020-03-12 23:29:41.970,-284397308.8454219,-217195325.17713496,-65282920.55400795,147439359018.49667,-17619167636.66953,-7637964636.09424,58920.9789579861
46,2020,3,12,23,44,41.97,-18393957.134,14577917.709999999,12281354.727,-462.69095,-2810.7589900000003,2640.6982399999997,2020-03-12 23:44:41.970,-283833971.3146772,-217903005.8645876,-65637553.703848764,147443263158.4528,-17594691117.29463,-7627354694.266338,58920.98937465277
46,2020,3,12,23,59,41.97,-18649648.965,11929120.692,14544573.586000001,-104.68938999999999,-3066.93428,2381.39246,2020-03-12 23:59:41.970,-283268722.3895367,-218609197.42959002,-65991737.90780281,147447162499.8453,-17570214004.5614,-7616744497.592694,58920.99979131943
46,2020,3,13,0,14,41.97,-18581858.718,9073411.588000001,16555461.826,255.10854,-3269.90171,2080.78869,2020-03-13 00:14:41.970,-282701566.6141244,-219313895.64385736,-66345470.92921767,147451057042.53247,-17545736299.224056,-7606134046.395353,58921.0102079861
46,2020,3,13,0,29,41.97,-18191801.875,6060334.095,18279174.139,610.41435,-3416.1269,1744.15146,2020-03-13 00:29:41.970,-282132508.5439959,-220017096.29422075,-66698750.53675164,147454946786.3728,-17521258002.037014,-7595523340.996442,58921.02062465277
46,2020,3,13,0,44,41.97,-17486323.866,2942174.034,19685889.217,955.0235299999999,-3503.0844,1377.38102,2020-03-13 00:44:41.970,-281561552.74607205,-220718795.18264705,-67051574.50438827,147458831731.2249,-17496779113.75489,-7584912381.718139,58921.03104131943
46,2020,3,13,0,59,41.97,-16477773.438000001,-226985.094,20751343.635,1282.92988,-3529.30211,986.9030600000001,2020-03-13 00:59:41.970,-280988703.7985729,-221418988.12625825,-67403940.61145101,147462711876.94727,-17472299635.132454,-7574301168.882694,58921.0414579861
46,2020,3,13,1,14,41.97,-15183774.995,-3392218.298,21457249.539,1588.4335,-3494.38431,579.55055,2020-03-13 01:14:41.970,-280413966.2909502,-222117670.95734945,-67755846.64261778,147466587223.3983,-17447819566.924725,-7563689702.812437,58921.05187465277
46,2020,3,13,1,29,41.97,-13626906.508,-6498730.539999999,21791605.195,1866.2426400000002,-3399.01424,162.43837,2020-03-13 01:29:41.970,-279837344.8238217,-222814839.5234084,-68107290.38793513,147470457770.43668,-17423338909.886852,-7553077983.829749,58921.06229131943
46,2020,3,13,1,44,41.97,-11834289.591999998,-9492821.346,21748890.739,2111.56679,-3244.93642,-257.16599,2020-03-13 01:44:41.970,-279258844.00890434,-223510489.68713355,-68458269.64283262,147474323517.92096,-17398857664.774216,-7542466012.257088,58921.0727079861
46,2020,3,13,1,59,41.97,-9837100.276999999,-12322824.619,21330146.582000002,2320.19951,-3034.91937,-671.97341,2020-03-13 01:59:41.970,-278678468.4689468,-224204617.32645178,-68808782.20813699,147478184465.70978,-17374375832.34235,-7531853788.416975,58921.08312465277
46,2020,3,13,2,14,41.97,-7670010.429,-14940006.540000001,20542934.369,2488.58953,-2772.70001,-1074.80278,2020-03-13 02:14:41.970,-278096222.8376645,-224897218.33453625,-69158825.89008571,147482040613.66187,-17349893413.347034,-7521241312.631996,58921.09354131943
46,2020,3,13,2,29,41.97,-5370570.879,-17299405.663000003,19401182.619,2613.89902,-2462.9110600000004,-1458.7071899999999,2020-03-13 02:29:41.970,-277512111.7596719,-225588288.61982384,-69508398.5003414,147485891961.63574,-17325410408.544197,-7510628585.224825,58921.1039579861
46,2020,3,13,2,44,41.97,-2978548.1679999996,-19360600.756,17924921.348,2694.04829,-2110.99341,-1817.09411,2020-03-13 02:44:41.970,-276926139.8904162,-226277824.10603228,-69857497.85600483,147489738509.4903,-17300926818.689953,-7500015606.518174,58921.11437465277
46,2020,3,13,2,59,41.97,-535227.378,-21088393.697,16139911.937,2727.7464,-1723.09529,-2143.83765,2020-03-13 02:59:41.970,-276338311.89611095,-226965820.7321766,-70206121.77962917,147493580257.08417,-17276442644.540623,-7489402376.834847,58921.12479131943
46,2020,3,13,3,14,41.97,1917306.178,-22453396.551000003,14077180.243,2714.50755,-1305.96059,-2433.38104,2020-03-13 03:14:41.970,-275748632.45367026,-227652274.45258594,-70554268.09923288,147497417204.2762,-17251957886.85273,-7478788896.49771,58921.1352079861
46,2020,3,13,3,29,41.97,4336893.595,-23432514.028,11772462.47,2654.6532100000004,-866.8084,-2680.82778,2020-03-13 03:29:41.970,-275157106.25064075,-228337181.23691955,-70901934.64831342,147501249350.92505,-17227472546.38295,-7468175165.82969,58921.14562465277
46,2020,3,13,3,44,41.97,6682024.747,-24009314.504,9265574.608000001,2549.3005700000003,-413.20624,-2882.02016,2020-03-13 03:44:41.970,-274563737.9851367,-229020537.07018292,-71249119.26586019,147505076696.8898,-17202986623.888214,-7457561185.153797,58921.15604131943
46,2020,3,13,3,59,41.97,8912544.172,-24174284.958,6599717.2360000005,2400.3376,47.06076,-3033.60423,2020-03-13 03:59:41.970,-273968532.36577314,-229702337.95274305,-71595819.79636759,147508899242.0291,-17178500120.125574,-7446946954.7931,58921.1664579861
46,2020,3,13,4,14,41.97,10990328.893,-23924967.189999998,3820728.281,2210.38573,506.12248000000005,-3133.0804,2020-03-13 04:14:41.970,-273371494.1115989,-230382579.90034378,-71942034.08984795,147512716986.202,-17154013035.85234,-7436332475.070737,58921.17687465277
46,2020,3,13,4,29,41.97,12879927.351,-23265974.735,976296.801,1982.7509599999998,956.15596,-3178.83937,2020-03-13 04:29:41.970,-272772627.9520312,-231061258.944121,-72287760.00184464,147516529929.2674,-17129525371.825947,-7425717746.309918,58921.18729131943
46,2020,3,13,4,44,41.97,14549149.522,-22208891.803999998,-1884848.803,1721.36445,1389.51506,-3170.18304,2020-03-13 04:44:41.970,-272171938.6267887,-231738371.13061723,-72632995.39344409,147520338071.08426,-17105037128.804073,-7415102768.833926,58921.1977079861
46,2020,3,13,4,59,41.97,15969599.351000002,-20772057.380999997,-4713764.761,1430.7139200000001,1798.85571,-3107.33069,2020-03-13 04:59:41.970,-271569430.8858254,-232413912.52179578,-72977738.1312889,147524141411.51175,-17080548307.544563,-7404487542.96611,58921.20812465277
46,2020,3,13,5,14,41.97,17117141.677,-18980239.3,-7462114.778,1115.7669400000002,2177.25488,-2991.41039,2020-03-13 05:14:41.970,-270965109.48926455,-233087879.1950555,-73321986.08758995,147527939950.4087,-17056058908.805473,-7393872069.029889,58921.21854131943
46,2020,3,13,5,29,41.97,17972297.035,-16864204.625,-10082978.841,781.88753,2518.32179,-2824.43642,2020-03-13 05:29:41.970,-270358979.20733225,-233760267.24324366,-73665737.14013885,147531733687.6344,-17031568933.345045,-7383256347.348754,58921.2289579861
46,2020,3,13,5,44,41.97,18520558.873000003,-14460194.020000001,-12531635.491999999,434.74742,2816.2998,-2609.27307,2020-03-13 05:44:41.970,-269751044.8202917,-234431072.7746704,-74008989.17231989,147535522623.04785,-17007078381.921692,-7372640378.246261,58921.23937465277
46,2020,3,13,5,59,41.97,18752628.934,-11809309.004,-14766305.757,80.23311,3066.1579699999998,-2349.58573,2020-03-13 05:59:41.970,-269141311.11837626,-235100291.91312122,-74351740.07312219,147539306756.5084,-16982587255.294054,-7362024162.046038,58921.24979131943
46,2020,3,13,6,14,41.97,18664567.73,-8956821.997,-16748847.597,-275.64961,3263.6708799999997,-2049.78001,2020-03-13 06:14:41.970,-268529782.9017246,-235767920.7978705,-74693987.73715173,147543086087.87515,-16958095554.220945,-7351407699.071789,58921.2602079861
46,2020,3,13,6,29,41.97,18257858.238,-5951420.0030000005,-18445390.59,-626.87283,3405.48614,-1714.92994,2020-03-13 06:29:41.970,-267916464.98031354,-236433955.58369374,-75035730.06464279,147546860617.00745,-16933603279.461369,-7340790989.647279,58921.27062465277
46,2020,3,13,6,44,41.97,17539382.064000003,-2844393.482,-19826901.408999998,-967.4836700000001,3489.17858,-1350.6961900000001,2020-03-13 06:44:41.970,-267301362.1738924,-237098392.44088036,-75376964.96146983,147550630343.7645,-16909110431.774534,-7330174034.096354,58921.28104131943
46,2020,3,13,6,59,41.97,16521308.48,311217.339,-20869671.637,-1291.70052,3513.2905299999998,-963.23542,2020-03-13 06:59:41.970,-266684479.31191757,-237761227.55524495,-75717690.33915901,147554395268.00565,-16884617011.919851,-7319556832.742926,58921.2914579861
46,2020,3,13,7,14,41.97,15220897.831,3461505.985,-21555720.404,-1594.0068999999999,3477.35774,-559.10188,2020-03-13 07:14:41.970,-266065821.23348603,-238422457.12814024,-76057904.1148995,147558155389.59048,-16860123020.656887,-7308939385.9109745,58921.30187465277
46,2020,3,13,7,29,41.97,13660221.901999999,6552599.859,-21873105.425,-1869.24189,3381.9203199999997,-145.14243,2020-03-13 07:29:41.970,-265445392.7872697,-239082077.3764676,-76397604.21155468,147561910708.37823,-16835628458.745432,-7298321693.924549,58921.31229131943
46,2020,3,13,7,44,41.97,11865804.946,9531563.435,-21816137.086999997,-2112.68588,3228.51856,271.61372,2020-03-13 07:44:41.970,-264823198.83144987,-239740084.5326887,-76736788.55767347,147565661224.22855,-16811133326.945467,-7287703757.107781,58921.3227079861
46,2020,3,13,7,59,41.97,9868190.134,12347290.708,-21385491.429,-2320.1403,3019.67319,684.06917,2020-03-13 07:59:41.970,-264199244.23365098,-240396474.84483677,-77075455.08750126,147569406937.00095,-16786637626.017176,-7277085575.784864,58921.33312465277
46,2020,3,13,8,14,41.97,7701437.326,14951372.939000001,-20588219.123,-2488.00029,2758.85023,1085.17503,2020-03-13 08:14:41.970,-263573533.87087575,-241051244.57652634,-77413601.74099065,147573147846.5549,-16762141356.720901,-7266467150.280065,58921.34354131943
46,2020,3,13,8,29,41.97,5402559.142,17298927.702,-19437648.933000002,-2613.31897,2450.41019,1468.04847,2020-03-13 08:29:41.970,-262946072.62943858,-241704390.0069645,-77751226.46381243,147576883952.7501,-16737644519.817217,-7255848480.91772,58921.3539579861
46,2020,3,13,8,44,41.97,3010903.441,19349375.376,-17953185.589,-2693.8620499999997,2099.5420999999997,1826.08946,2020-03-13 08:44:41.970,-262316865.40490082,-242355907.4309607,-78088327.20736626,147580615255.4463,-16713147116.066887,-7245229568.02224,58921.36437465277
46,2020,3,13,8,59,41.97,567491.3910000001,21067149.542,-16160003.658,-2728.15168,1712.1827,2153.09486,2020-03-13 08:59:41.970,-261685917.10200498,-243005793.1589362,-78424901.92879078,147584341754.50308,-16688649146.230839,-7234610411.918111,58921.37479131943
46,2020,3,13,9,14,41.97,-1885678.615,22422328.283999998,-14088640.639999999,-2715.49838,1294.92167,2443.36793,2020-03-13 09:14:41.970,-261053232.63460904,-243654043.5169344,-78760948.59097447,147588063449.7805,-16664150611.07022,-7223991012.929884,58921.3852079861
46,2020,3,13,9,29,41.97,-4306350.017,23391174.21,-11774494.392,-2656.01996,854.89375,2691.82111,2020-03-13 09:29:41.970,-260418816.92562163,-244300654.84662926,-79096465.16256565,147591780341.13818,-16639651511.346375,-7213371371.382179,58921.39562465277
46,2020,3,13,9,44,41.97,-6652738.039,23956572.136,-9257231.797,-2550.64669,399.65943,2894.07005,2020-03-13 09:44:41.970,-259782674.90693602,-244945623.50533503,-79431449.6179828,147595492428.436,-16615151847.820822,-7202751487.599703,58921.40604131943
46,2020,3,13,9,59,41.97,-8884257.838,24108354.775,-6580117.529,-2401.11204,-62.924240000000005,3046.51686,2020-03-13 09:59:41.970,-259144811.51936576,-245588945.86601424,-79765899.93742438,147599199711.5339,-16590651621.255308,-7192131361.90722,58921.4164579861
46,2020,3,13,10,14,41.97,-10962237.664,23843508.57,-3789273.572,-2209.9286199999997,-524.84044,3146.4204,2020-03-13 10:14:41.970,-258505231.71257886,-246230618.3172869,-80099814.10687892,147602902190.2921,-16566150832.411741,-7181510994.629574,58921.42687465277
46,2020,3,13,10,29,41.97,-12850603.706,23166253.849,-932881.9469999999,-1980.34931,-978.05465,3191.95192,2020-03-13 10:29:41.970,-257863940.44503242,-246870637.26343808,-80433190.11813462,147606599864.5704,-16541649482.052225,-7170890386.091673,58921.43729131943
46,2020,3,13,10,44,41.97,-14516523.391999999,22087995.856000002,1939655.4109999998,-1716.31393,-1414.65905,3182.23437,2020-03-13 10:44:41.970,-257220942.68390888,-247508999.1244258,-80766025.96878913,147610292734.22906,-16517147570.939072,-7160269536.618511,58921.4477079861
46,2020,3,13,10,59,41.97,-15930994.432,20627145.759999998,4778584.321,-1422.38211,-1827.01651,3117.36413,2020-03-13 10:59:41.970,-256576243.40504962,-248145700.33588916,-81098319.6622591,147613980799.1282,-16492645099.83481,-7149648446.535145,58921.45812465277
46,2020,3,13,11,14,41.97,-17069367.676999997,18808813.507,7534677.347,-1103.6535999999999,-2207.9009300000002,2998.41435,2020-03-13 11:14:41.970,-255929847.59289107,-248780737.34915525,-81430069.2077895,147617664059.1281,-16468142069.50211,-7139027116.166707,58921.46854131943
46,2020,3,13,11,29,41.97,-17911793.081,16664377.137,10160107.282000002,-765.6773300000001,-2550.63086,2827.41933,2020-03-13 11:29:41.970,-255281760.24039912,-249414106.63124663,-81761272.62046276,147621342514.089,-16443638480.70388,-7128405545.838401,58921.4789579861
46,2020,3,13,11,44,41.97,-18443579.495,14230935.953,12609298.148,-414.35122,-2849.19353,2607.3402300000002,2020-03-13 11:44:41.970,-254631986.34900534,-250045804.6648874,-82091927.92120847,147625016163.87122,-16419134334.20321,-7117783735.875501,58921.48937465277
46,2020,3,13,11,59,41.97,-18655460.856999997,11550657.545,14839737.035,-55.8147,-3098.35627,2342.01249,2020-03-13 11:59:41.970,-253980530.92854133,-250675827.9485106,-82422033.13681182,147628685008.33514,-16394629630.76339,-7107161686.603369,58921.49979131943
46,2020,3,13,12,14,41.97,-18543763.266999997,8670031.057,16812730.838,303.66363,-3293.7630000000004,2036.0761599999998,2020-03-13 12:14:41.970,-253327398.9971749,-251304172.99626404,-82751586.29992293,147632349047.34125,-16370124371.147879,-7096539398.347418,58921.5102079861
46,2020,3,13,12,29,41.97,-18110469.645,5639041.151000001,18494093.128,657.80089,-3432.0137,1694.89059,2020-03-13 12:29:41.970,-252672595.5813451,-251930836.33801654,-83080585.44906536,147636008280.75012,-16345618556.120382,-7085916871.43315,58921.52062465277
46,2020,3,13,12,44,41.97,-17363180.827,2510278.797,19854747.897,1000.41471,-3510.7250900000004,1324.43539,2020-03-13 12:44:41.970,-252016125.71569827,-252555814.51936314,-83409028.62864506,147639662708.42236,-16321112186.444735,-7075294106.1861315,58921.53104131943
46,2020,3,13,12,59,41.97,-16314974.239,-661993.71,20871238.847,1325.53566,-3528.5715099999998,931.19994,2020-03-13 12:59:41.970,-251357994.44302326,-253179104.10163167,-83736913.8889588,147643312330.2185,-16296605262.885025,-7064671102.932007,58921.5414579861
46,2020,3,13,13,14,41.97,-14984163.405,-3822805.33,21526134.931,1627.5148100000001,-3485.30531,522.0637700000001,2020-03-13 13:14:41.970,-250698206.81418732,-253800701.66188663,-84064239.2862027,147646957145.99933,-16272097786.205505,-7054047861.996496,58921.55187465277
46,2020,3,13,13,29,41.97,-13393963.578000002,-6917447.931,21808325.194000002,1901.12445,-3381.75665,104.17060000000001,2020-03-13 13:29:41.970,-250036767.88807225,-254420603.79293573,-84391002.8824804,147650597155.62567,-16247589757.170631,-7043424383.705383,58921.56229131943
46,2020,3,13,13,44,41.97,-11572070.636,-9892438.616,21713198.322,2141.64982,-3219.8130499999997,-315.20144,2020-03-13 13:44:41.970,-249373682.73150986,-255038807.10333264,-84717202.74581148,147654232358.95834,-16223081176.545053,-7032800668.384536,58921.5727079861
46,2020,3,13,13,59,41.97,-9550161.977,-12696454.849,21242704.722999997,2344.97045,-3002.37959,-728.7706400000001,2020-03-13 13:59:41.970,-248708956.41921842,-255655308.21738353,-85042836.95013934,147657862755.85812,-16198572045.09362,-7022176716.359892,58921.58312465277
46,2020,3,13,14,14,41.97,-7363329.523,-15281225.427,20405301.32,2507.6295,-2733.3208299999997,-1129.3810799999999,2020-03-13 14:14:41.970,-248042594.03373867,-256270103.7751498,-85367903.57533945,147661488346.1862,-16174062363.58138,-7011552527.95746,58921.59354131943
46,2020,3,13,14,29,41.97,-5049456.014,-17602361.573999997,19215781.523000002,2626.89027,-2417.38607,-1510.12807,2020-03-13 14:29:41.970,-247374600.6653695,-256883190.4324527,-85692400.70722695,147665109129.80344,-16149552132.77355,-7000928103.503328,58921.6039579861
46,2020,3,13,14,44,41.97,-2648546.596,-19620113.950999998,17694994.936,2700.77897,-2060.1197899999997,-1864.47733,2020-03-13 14:44:41.970,-246704981.41210535,-257494564.86087656,-86016326.4375645,147668725106.57117,-16125041353.43558,-6990303443.323656,58921.61437465277
46,2020,3,13,14,59,41.97,-202028.208,-21300043.119000003,15869463.324000001,2728.11345,-1667.75927,-2186.37605,2020-03-13 14:59:41.970,-246033741.37957132,-258104223.7477729,-86339678.86406985,147672336276.35046,-16100530026.333088,-6979678547.744673,58921.62479131943
46,2020,3,13,15,14,41.97,2247970.426,-22613592.864,13770901.059,2708.51757,-1247.12147,-2470.35384,2020-03-13 15:14:41.970,-245360885.68096069,-258712163.79626304,-86662456.09042352,147675942639.00238,-16076018152.231913,-6969053417.092687,58921.6352079861
46,2020,3,13,15,29,41.97,4659345.427999999,-23538557.833,11435649.743,2642.42155,-805.48162,-2711.61222,2020-03-13 15:29:41.970,-244686419.43697104,-259318381.72524095,-86984656.22627603,147679544194.3885,-16051505731.898058,-6958428051.694083,58921.64562465277
46,2020,3,13,15,44,41.97,6990738.441000001,-24059438.985,8904037.976,2531.0485400000002,-350.44577999999996,-2906.10135,2020-03-13 15:44:41.970,-244010347.77574086,-259922874.26937684,-87306277.3872551,147683140942.37018,-16026992766.09774,-6947802451.875317,58921.65604131943
46,2020,3,13,15,59,41.97,9202239.239,-24167682.448,6219678.179,2376.38796,110.18046,-3050.58301,2020-03-13 15:59:41.970,-243332675.83278674,-260525638.17911848,-87627317.69497314,147686732882.80865,-16002479255.597366,-6937176617.962915,58921.6664579861
46,2020,3,13,16,14,41.97,11256058.755,-23861799.452,3428713.146,2181.15661,568.5245799999999,-3142.67925,2020-03-13 16:14:41.970,-242653408.7509398,-261126670.22069395,-87947775.2770339,147690320015.56586,-15977965201.16355,-6926550550.283483,58921.67687465277
46,2020,3,13,16,29,41.97,13117161.848,-23147367.007,579025.463,1948.74822,1016.7791900000001,-3180.9062099999996,2020-03-13 16:29:41.970,-241972551.68028268,-261725967.17611343,-88267648.26703975,147693902340.50314,-15953450603.563086,-6915924249.163701,58921.68729131943
46,2020,3,13,16,44,41.97,14753849.99,-22036910.903,-2280576.805,1683.17286,1447.33115,-3164.69304,2020-03-13 16:44:41.970,-241290109.77808732,-262323525.8431712,-88586934.80459827,147697479857.4823,-15928935463.56297,-6905297714.93032,58921.6977079861
46,2020,3,13,16,59,41.97,16138285.159,-20549674.408,-5101184.756,1388.98704,1852.8861299999999,-3094.38596,2020-03-13 16:59:41.970,-240606088.20875123,-262919343.03544676,-88905633.03532904,147701052566.365,-15904419781.93039,-6894670947.910168,58921.70812465277
46,2020,3,13,17,14,41.97,17246947.271,-18711277.696000002,-7834610.347,1071.2161099999998,2226.58661,-2971.23772,2020-03-13 17:14:41.970,-239920492.14373544,-263513415.582306,-89223741.11087027,147704620467.01306,-15879903559.43274,-6884043948.430152,58921.71854131943
46,2020,3,13,17,29,41.97,18061018.675,-16553274.534,-10434192.287,735.27008,2562.1219499999997,-2797.38311,2020-03-13 17:29:41.970,-239233326.76150158,-264105740.3289027,-89541257.1888852,147708183559.28864,-15855386796.837597,-6873416716.817247,58921.7289579861
46,2020,3,13,17,44,41.97,18566690.435,-14112614.087,-12855573.707,386.85417,2853.8289200000004,-2575.8008800000002,2020-03-13 17:44:41.970,-238544597.2474495,-264696314.1361783,-89858179.43306854,147711741843.05347,-15830869494.91274,-6862789253.398506,58921.73937465277
46,2020,3,13,17,59,41.97,18755386.296,-11431016.888,-15057439.893000001,31.875519999999998,3096.78175,-2310.2631499999998,2020-03-13 17:59:41.970,-237854308.7938546,-265285133.88086352,-90174506.01315264,147715295318.16977,-15806351654.42614,-6852161558.501053,58921.74979131943
46,2020,3,13,18,14,41.97,18623901.437,-8554275.041000001,-17002205.035,-323.65261,3286.87032,-2005.2729299999999,2020-03-13 18:14:41.970,-237162466.5998064,-265872196.45547786,-90490235.1049138,147718843984.4996,-15781833276.145962,-6841533632.452093,58921.7602079861
46,2020,3,13,18,29,41.97,18174454.289,-5531487.576,-18656637.855,-673.70803,3420.8658600000003,-1665.9908699999999,2020-03-13 18:29:41.970,-236469075.87114564,-266457498.76832962,-90805364.89017804,147722387841.9053,-15757314360.84058,-6830905475.578903,58921.77062465277
46,2020,3,13,18,44,41.97,17414650.836,-2414242.6599999997,-19992416.78,-1012.3567300000001,3496.47331,-1298.15219,2020-03-13 18:44:41.970,-235774141.82040206,-267041037.74351618,-91119893.55682726,147725926890.24915,-15732794909.278547,-6820277088.208836,58921.78104131943
46,2020,3,13,18,59,41.97,16357361.943,744241.0680000001,-20986606.351999998,-1333.8488,3512.36965,-907.97484,2020-03-13 18:59:41.970,-235077669.6667332,-267622810.32092294,-91433819.29880507,147729461129.39346,-15708274922.228611,-6809648470.669319,58921.7914579861
46,2020,3,13,19,14,41.97,15020515.368,3890001.185,-21622047.507,-1632.71191,3468.22779,-502.06016,2020-03-13 19:14:41.970,-234379664.63586223,-268202813.4562232,-91747140.31612228,147732990559.20068,-15683754400.459726,-6799019623.287849,58921.80187465277
46,2020,3,13,19,29,41.97,13426805.192,6969232.958,-21887655.446000002,-1903.84117,3364.72548,-87.28708,2020-03-13 19:29:41.970,-233680131.96001574,-268781044.1208768,-92059854.81486258,147736515179.53363,-15659233344.741037,-6788390546.392013,58921.81229131943
46,2020,3,13,19,44,41.97,11603322.507000001,9929192.011,-21778619.915,-2142.58403,3203.53898,329.29873,2020-03-13 19:44:41.970,-232979076.87786338,-269357499.3021294,-92371961.00718814,147740034990.25467,-15634711755.841887,-6777761240.309457,58921.8227079861
46,2020,3,13,19,59,41.97,9581112.275,12719084.348000001,-21296503.892,-2344.81923,2987.32127,740.59952,2020-03-13 19:59:41.970,-232276504.63445494,-269932176.00301045,-92683457.11134489,147743549991.22665,-15610189634.531797,-6767131705.367916,58921.83312465277
46,2020,3,13,20,14,41.97,7394662.392,15290929.762,-20449237.992999997,-2507.0283299999996,2719.66471,1139.58235,2020-03-13 20:14:41.970,-231572420.4811603,-270505071.2423322,-92994341.35166772,147747060182.3124,-15585666981.580513,-6756501941.8951845,58921.84354131943
46,2020,3,13,20,29,41.97,5081332.105,17600384.634999998,-19251009.234,-2626.35871,2405.04817,1519.3966,2020-03-13 20:29:41.970,-230866829.67560714,-271076182.0546875,-93304611.95858571,147750565563.37473,-15561143797.757936,-6745871950.219147,58921.8539579861
46,2020,3,13,20,44,41.97,2680728.002,19607510.299000002,-17722044.342,-2700.67689,2048.7689699999996,1873.49053,2020-03-13 20:44:41.970,-230159737.48162064,-271645505.490448,-93614267.16862726,147754066134.27673,-15536620083.834211,-6735241730.667759,58921.86437465277
46,2020,3,13,20,59,41.97,234036.93999999997,21277473.474999998,-15888289.376,-2728.6107199999997,1656.8601,2195.72486,2020-03-13 20:59:41.970,-229451149.16916192,-272213038.6157619,-93923305.22442497,147757561894.88153,-15512095840.579636,-6724611283.569048,58921.87479131943
46,2020,3,13,21,14,41.97,-2216673.7290000003,22581165.866,-13780989.178,-2709.5796600000003,1235.99354,2480.48138,2020-03-13 21:14:41.970,-228741070.01426756,-272778778.5125508,-94231724.37472038,147761052845.0521,-15487571068.764727,-6713980609.251124,58921.8852079861
46,2020,3,13,21,29,41.97,-4629177.291,23495730.867,-11436171.986,-2643.81185,793.37071,2722.7648000000004,2020-03-13 21:29:41.970,-228029505.29898867,-273342722.27850777,-94539522.87436882,147764538984.65182,-15463045769.160187,-6703349708.04217,58921.89562465277
46,2020,3,13,21,44,41.97,-6961818.026,24004986.487,-8894046.402,-2532.34735,336.60166000000004,2918.2953,2020-03-13 21:44:41.970,-227316460.31133023,-273904867.0270941,-94846698.98434407,147768020313.5439,-15438519942.53691,-6692718580.270434,58921.90604131943
46,2020,3,13,21,59,41.97,-9174237.962,24099735.06,-6198319.83,-2377.02688,-126.42533999999999,3063.5901099999996,2020-03-13 21:59:41.970,-226601940.34519088,-274465209.8875359,-95153250.97174263,147771496831.59186,-15413993589.665995,-6682087226.264252,58921.9164579861
46,2020,3,13,22,14,41.97,-11228086.846,23777952.149,-3395449.307,-2180.46573,-587.68149,3156.0319200000004,2020-03-13 22:14:41.970,-225885950.70030203,-275023748.0048213,-95459177.10978854,147774968538.65933,-15389466711.318724,-6671455646.352037,58921.92687465277
46,2020,3,13,22,29,41.97,-13087701.971,23044849.130999997,-533837.385,-1946.0129100000001,-1039.14002,3193.92226,2020-03-13 22:29:41.970,-225168496.68216828,-275580478.53969556,-95764475.67783739,147778435434.60983,-15364939308.266571,-6660823840.862273,58921.93729131943
46,2020,3,13,22,44,41.97,-14720744.7,21912806.347000003,2337012.7569999998,-1677.69586,-1472.92078,3176.51847,2020-03-13 22:44:41.970,-224449583.60200676,-276135398.6686591,-96069144.96138048,147781897519.30695,-15340411381.281229,-6650191810.123519,58921.9477079861
46,2020,3,13,22,59,41.97,-16098781.059,20401176.326,5167367.553,-1380.1516000000001,-1881.4338799999998,3104.0529,2020-03-13 22:59:41.970,-223729216.77668744,-276688505.5839619,-96373183.25204925,147785354792.6146,-15315882931.134567,-6639559554.464407,58921.95812465277
46,2020,3,13,23,14,41.97,-17197794.616,18535959.288999997,7908142.271,-1058.54536,-2257.51933,2977.73361,2020-03-13 23:14:41.970,-223007401.52867332,-277239796.49360013,-96676588.84761888,147788807254.3967,-15291353958.598637,-6628927074.213653,58921.96854131943
46,2020,3,13,23,29,41.97,-17998621.127,16349355.972,10511772.374,-718.4783500000001,-2594.57953,2799.72615,2020-03-13 23:29:41.970,-222284143.18596023,-277789268.6213113,-96979360.05201249,147792254904.51715,-15266824464.445705,-6618294369.7000475,58921.9789579861
46,2020,3,13,23,44,41.97,-18487295.904999997,13879205.503999999,12933060.046,-365.88642,-2886.7017100000003,2573.1166399999997,2020-03-13 23:44:41.970,-221559447.08201793,-278336919.2065693,-97281495.17530493,147795697742.84012,-15242294449.448221,-6607661441.25245,58921.98937465277
46,2020,3,13,23,59,41.97,-18655306.737,11168318.718,15129979.277,-6.9318100000000005,-3128.76749,2301.8568099999998,2020-03-13 23:59:41.970,-220833318.55573052,-278882745.5045805,-97582992.53372616,147799135769.22974,-15217763914.378834,-6597028289.1998005,58921.99979131943
46,2020,3,14,0,14,41.97,-18499747.311,8263723.661,17064421.097,352.10922999999997,-3316.54697,1990.69235,2020-03-14 00:14:41.970,-220105762.95133653,-279426744.78627753,-97883850.44966514,147802568983.5504,-15193232860.01039,-6586394913.8711195,58922.0102079861
46,2020,3,14,0,29,41.97,-18023367.399,5215813.473999999,18702880.476,704.96303,-3446.77636,1645.0741600000001,2020-03-14 00:29:41.970,-219376785.61837018,-279968914.33831483,-98184067.25167325,147805997385.66623,-15168701287.115913,-6575761315.595495,58922.02062465277
46,2020,3,14,0,44,41.97,-17234519.968000002,2077474.099,20017030.759,1045.47072,-3517.21493,1271.0596999999998,2020-03-14 00:44:41.970,-218646391.9116024,-280509251.4630625,-98483641.27446775,147809420975.44186,-15144169196.468643,-6565127494.702099,58922.03104131943
46,2020,3,14,0,59,41.97,-16147006.493,-1096871.689,20984230.528,1367.70163,-3526.68386,875.1996800000001,2020-03-14 00:59:41.970,-217914587.1909821,-281047753.4786006,-98782570.85893476,147812839752.74182,-15119636588.841995,-6554493451.52017,58922.0414579861
46,2020,3,14,1,14,41.97,-14779823.238000002,-4252225.319,21587911.164,1666.0597,-3475.08364,464.41782,2020-03-14 01:14:41.970,-217181376.82157657,-281584417.7187143,-99080854.35213281,147816253717.43097,-15095103465.009586,-6543859186.37903,58922.05187465277
46,2020,3,14,1,29,41.97,-13156814.743999999,-7333983.954,21817855.887000002,1935.38294,-3363.39098,45.88412,2020-03-14 01:29:41.970,-216446766.17351356,-282119241.5328862,-99378490.10729575,147819662869.37378,-15070569825.745222,-6533224699.608084,58922.06229131943
46,2020,3,14,1,44,41.97,-11306241.695,-10288900.184,21670363.06,2171.0338899999997,-3193.63574,-373.11514,2020-03-14 01:44:41.970,-215710760.62192276,-282652222.2862912,-99675476.4838359,147823067208.43512,-15046035671.822905,-6522589991.536793,58922.0727079861
46,2020,3,14,1,59,41.97,-9260272.118,-13066012.147,21148291.93,2368.97935,-2968.85844,-785.30822,2020-03-14 01:59:41.970,-214973365.54687732,-283183357.35978955,-99971811.84734659,147826466734.4803,-15021501004.01684,-6511955062.494718,58922.08312465277
46,2020,3,14,2,14,41.97,-7054406.183,-15617527.254,20260991.303999998,2525.8579999999997,-2693.0498900000002,-1183.56681,2020-03-14 02:14:41.970,-214234586.33333516,-283712644.1499193,-100267494.56960541,147829861447.37405,-14996965823.101406,-6501319912.811475,58922.09354131943
46,2020,3,14,2,29,41.97,-4726845.887,-17899644.0,19024113.926999997,2639.0350599999997,-2371.0742800000003,-1561.03078,2020-03-14 02:29:41.970,-213494428.37108162,-284240080.06889135,-100562523.0285766,147833251346.98172,-14972430129.851189,-6490684542.816769,58922.1039579861
46,2020,3,14,2,44,41.97,-2317821.723,-19873297.891,17459321.399,2706.64318,-2008.5777500000002,-1911.22631,2020-03-14 02:44:41.970,-212752897.05467132,-284765662.54458034,-100856895.60841365,147836636433.16858,-14947893925.04096,-6480048952.840378,58922.11437465277
46,2020,3,14,2,59,41.97,131111.116,-21504819.259,15593886.406,2727.6092,-1611.8844000000001,-2228.17562,2020-03-14 02:59:41.970,-212009997.78337008,-285289389.02051866,-101150610.69946209,147840016705.8,-14923357209.445683,-6469413143.212153,58922.12479131943
46,2020,3,14,3,14,41.97,2577794.2029999997,-22766492.654000003,13460200.679,2701.6666699999996,-1187.88193,-2506.4964600000003,2020-03-14 03:14:41.970,-211265735.9610974,-285811256.955888,-101443666.69826159,147843392164.7414,-14898819983.840525,-6458777114.262033,58922.1352079861
46,2020,3,14,3,29,41.97,4980192.243000001,-23637009.538,11095198.598000001,2629.35425,-743.89927,-2741.4899,2020-03-14 03:29:41.970,-210520116.99636906,-286331263.8255125,-101736062.0075483,147846762809.85855,-14874282249.000832,-6448140866.32002,58922.14562465277
46,2020,3,14,3,44,41.97,7297111.824,-24101808.058,8539707.522,2512.00048,-287.57841,-2929.21517,2020-03-14 03:44:41.970,-209773146.30223966,-286849407.1198501,-102027795.03625725,147850128641.01703,-14849744005.702152,-6437504399.716202,58922.15604131943
46,2020,3,14,3,59,41.97,9488900.514,-24153295.781,5837736.887,2351.6954600000004,173.25713000000002,-3066.55073,2020-03-14 03:59:41.970,-209024829.29624563,-287365684.34498525,-102318864.19952439,147853489658.08258,-14825205254.720217,-6426867714.780726,58922.1664579861
46,2020,3,14,4,14,41.97,11518114.897,-23790953.329,3035718.828,2151.25028,630.73508,-3151.24089,2020-03-14 04:14:41.970,-208275171.40034777,-287880093.0226196,-102609267.91868857,147856845860.92123,-14800665996.830969,-6416230811.843842,58922.17687465277
46,2020,3,14,4,29,41.97,13350146.967999998,-23021318.845000003,181713.5,1914.1452299999999,1077.06608,-3181.92756,2020-03-14 04:29:41.970,-207524178.04087454,-288392630.69006497,-102899004.62129347,147860197249.39905,-14776126232.810516,-6405593691.235852,58922.18729131943
46,2020,3,14,4,44,41.97,14953799.231,-21857855.131,-2675407.468,1644.46783,1504.67245,-3158.16713,2020-03-14 04:44:41.970,-206771854.64846525,-288903294.90023327,-103188072.74108957,147863543823.38208,-14751585963.435173,-6394956353.287153,58922.1977079861
46,2020,3,14,4,59,41.97,16301799.904,-20320703.052,-5486786.001,1346.84187,1906.31186,-3080.43245,2020-03-14 04:59:41.970,-206018206.6580136,-289412083.22162855,-103476470.7180357,147866885582.73663,-14727045189.481445,-6384318798.32821,58922.20812465277
46,2020,3,14,5,14,41.97,17371250.737999998,-18436326.467,-8204397.865000001,1026.34884,2275.1944000000003,-2950.10037,2020-03-14 05:14:41.970,-205263239.508611,-289918993.23833734,-103764196.99830087,147870222527.32904,-14702503911.726028,-6373681026.689559,58922.21854131943
46,2020,3,14,5,29,41.97,18144001.134,-16237055.397,-10781855.385000002,688.44297,2605.0914399999997,-2769.42531,2020-03-14 05:29:41.970,-204506958.64348984,-290424022.5500204,-104051250.03426583,147873554657.0257,-14677962130.945808,-6363043038.701822,58922.2289579861
46,2020,3,14,5,44,41.97,18606943.433000002,-13760535.468,-13175180.294,338.86122,2890.4348400000003,-2541.4993799999997,2020-03-14 05:44:41.970,-203749369.50996852,-290927168.7719025,-104337628.28452432,147876881971.6934,-14653419847.917864,-6352404834.695691,58922.23937465277
46,2020,3,14,5,59,41.97,18752225.444,-11049092.815,-15343535.05,-16.470399999999998,3126.40538,-2270.20013,2020-03-14 05:59:41.970,-202990477.55939406,-291428429.5347633,-104623330.21388477,147880204471.1986,-14628877063.419472,-6341766415.00194,58922.24979131943
46,2020,3,14,6,14,41.97,18577377.474,-8149024.658,-17249901.733,-371.53294999999997,3309.00938,-1960.12648,2020-03-14 06:14:41.970,-202230288.24708712,-291927802.4849271,-104908354.29337125,147883522155.4083,-14604333778.22809,-6331127779.951418,58922.2602079861
46,2020,3,14,6,29,41.97,18085352.293,-5109826.564,-18861698.452,-720.31169,3435.14264,-1616.52406,2020-03-14 06:29:41.970,-201468807.03228566,-292425285.28425395,-105192699.00022511,147886835024.18924,-14579789993.121363,-6320488929.875044,58922.27062465277
46,2020,3,14,6,44,41.97,17284477.593,-1983368.1979999999,-20151324.09,-1056.89315,3502.6408500000002,-1245.20082,2020-03-14 06:44:41.970,-200706039.37809005,-292920875.61012834,-105476362.81790572,147890143077.40863,-14555245708.87714,-6309849865.103825,58922.28104131943
46,2020,3,14,6,59,41.97,16188321.661,1176970.0729999999,-21096623.195,-1375.56082,3510.31607,-852.43414,2020-03-14 06:59:41.970,-199941990.75140694,-293414571.1554498,-105759344.23609148,147893446314.9335,-14530700926.273455,-6299210585.968832,58922.2914579861
46,2020,3,14,7,14,41.97,14815474.033,4317186.825,-21681263.803000003,-1670.8881,3457.97851,-444.87044,2020-03-14 07:14:41.970,-199176666.62289435,-293906369.62862164,-106041641.75068113,147896744736.63123,-14506155646.088526,-6288571092.801219,58922.30187465277
46,2020,3,14,7,29,41.97,13189244.054000001,7383562.164,-21895022.044,-1937.82761,3346.44346,-29.41864,2020-03-14 07:29:41.970,-198410072.46690682,-294396268.75354207,-106323253.86379415,147900038342.36914,-14481609869.100763,-6277931385.9322195,58922.31229131943
46,2020,3,14,7,44,41.97,11337281.295,10323559.613,-21733968.538000003,-2171.79533,3177.52276,386.86135,2020-03-14 07:44:41.970,-197642213.76143974,-294884266.2695909,-106604179.08377191,147903327132.0147,-14457063596.088781,-6267291465.693139,58922.3227079861
46,2020,3,14,7,59,41.97,9291122.921,13086713.453,-21200552.737000003,-2368.74859,2954.0009600000003,796.87364,2020-03-14 07:59:41.970,-196873095.98807526,-295370359.9316205,-106884415.92517798,147906611105.43564,-14432516827.831373,-6256651332.415358,58922.33312465277
46,2020,3,14,8,14,41.97,7085674.177,15625487.515,-20303582.703,-2525.25651,2679.59575,1193.60348,2020-03-14 08:14:41.970,-196102724.6319272,-295854547.50994414,-107163962.90879898,147909890262.49957,-14407969565.107515,-6246010986.430336,58922.34354131943
46,2020,3,14,8,29,41.97,4758629.283,17896091.452,-19058099.194,-2638.5617300000004,2358.90304,1570.23473,2020-03-14 08:29:41.970,-195331105.18158674,-296336826.7903246,-107442818.56164499,147913164603.07446,-14383421808.696383,-6235370428.069609,58922.3539579861
46,2020,3,14,8,44,41.97,2349841.136,19859240.698000003,-17485144.429,-2706.63229,1997.3268500000001,1920.2661,2020-03-14 08:44:41.970,-194558243.12906802,-296817195.5739627,-107720981.41694997,147916434127.02823,-14358873559.377337,-6224729657.664791,58922.36437465277
46,2020,3,14,8,59,41.97,-99350.704,21480846.678999998,-15611427.564,-2728.20227,1600.99452,2237.62417,2020-03-14 08:59:41.970,-193784143.96975386,-297295651.6774856,-107998450.01417203,147919698834.22894,-14334324817.929934,-6214088675.547569,58922.37479131943
46,2020,3,14,9,14,41.97,-2546823.246,22732624.478,-13468890.614,-2702.8002899999997,1176.6581899999999,2516.7712,2020-03-14 09:14:41.970,-193008813.20234215,-297772192.9329355,-108275222.89899379,147922958724.54498,-14309775585.133904,-6203447482.0497055,58922.3852079861
46,2020,3,14,9,29,41.97,-4950393.046,23592606.033,-11094180.423,-2630.7648,731.58366,2752.8058,2020-03-14 09:29:41.970,-192232256.32879156,-298246817.18775684,-108551298.62332247,147926213797.84454,-14285225861.769196,-6192806077.503048,58922.39562465277
46,2020,3,14,9,44,41.97,-7268546.707,24045548.141,-8528034.137,-2513.24536,273.42807000000005,2941.55414,2020-03-14 09:44:41.970,-191454478.85426766,-298719522.3047852,-108826675.74528979,147929464053.9961,-14260675648.615913,-6182164462.239505,58922.40604131943
46,2020,3,14,9,59,41.97,-9461166.024,24083226.097,-5814587.542,-2352.18939,-189.89166,3079.6497600000002,2020-03-14 09:59:41.970,-190675486.28709024,-299190306.1622344,-109101352.82925247,147932709492.86838,-14236124946.454361,-6171522636.591079,58922.4164579861
46,2020,3,14,10,14,41.97,-11490234.511,23704605.586999997,-3000617.445,-2150.31405,-650.33734,3164.60003,2020-03-14 10:14:41.970,-189895284.13867894,-299659166.6536843,-109375328.44579159,147935950114.3299,-14211573756.065054,-6160880600.889837,58922.42687465277
46,2020,3,14,10,29,41.97,-13320512.009,22915887.681,-134730.972,-1911.0634200000002,-1099.8926,3194.8374,2020-03-14 10:29:41.970,-189113877.9235006,-300126101.68806773,-109648601.17171262,147939185918.2497,-14187022078.22865,-6150238355.467927,58922.43729131943
46,2020,3,14,10,44,41.97,-14920164.225,21730424.115000002,2733483.821,-1638.55134,-1530.70752,3169.75388,2020-03-14 10:44:41.970,-188331273.15901604,-300591109.18965846,-109921169.59004526,147942416904.4966,-14162469913.726036,-6139595900.657566,58922.4477079861
46,2020,3,14,10,59,41.97,-16261334.676,20168502.767,5554330.472,-1337.49071,-1935.242,3089.7177899999997,2020-03-14 10:59:41.970,-187547475.36562738,-301054187.0980577,-110193032.29004297,147945643072.9398,-14137917263.338268,-6128953236.791065,58922.45812465277
46,2020,3,14,11,14,41.97,-17320647.421,18257005.897,8278883.294,-1013.1106100000001,-2306.40457,2956.07175,2020-03-14 11:14:41.970,-186762490.0666246,-301515333.368182,-110464187.86718264,147948864423.44836,-14113364127.846592,-6118310364.2007885,58922.46854131943
46,2020,3,14,11,29,41.97,-18079630.226,16028946.59,10859856.313000001,-671.0627099999999,-2637.68373,2771.1119000000003,2020-03-14 11:29:41.970,-185976322.7881339,-301974545.9702485,-110734634.92316416,147952080955.8918,-14088810508.03245,-6107667283.219191,58922.4789579861
46,2020,3,14,11,44,41.97,-18525049.379,13522891.521,13252445.023,-317.31881,-2923.26878,2538.04837,2020-03-14 11:44:41.970,-185188979.05906448,-302431822.88976294,-111004372.06590952,147955292670.13953,-14064256404.677456,-6097023994.178808,58922.48937465277
46,2020,3,14,11,59,41.97,-18649149.222,10782280.737,15415124.433999998,41.93803,-3158.15741,2260.94783,2020-03-14 11:59:41.970,-184400464.411057,-302887162.1275061,-111273397.90956251,147958499566.06113,-14039701818.563414,-6086380497.412237,58922.49979131943
46,2020,3,14,12,14,41.97,-18449791.498999998,7854657.454999999,17310387.761,400.42685,-3338.2477000000003,1944.65927,2020-03-14 12:14:41.970,-183610784.37843066,-303340561.6995185,-111541711.0744879,147961701643.52628,-14015146750.472336,-6075736793.25216,58922.5102079861
46,2020,3,14,12,29,41.97,-17930491.802,4790822.841999999,18905411.389000002,751.8837000000001,-3460.41253,1594.7246799999998,2020-03-14 12:29:41.970,-182819944.49813235,-303792019.6370887,-111809310.18727033,147964898902.40494,-13990591201.186388,-6065092882.031333,58922.52062465277
46,2020,3,14,12,44,41.97,-17100352.614,1643932.3099999998,20172633.356,1090.17608,-3522.55494,1217.2766,2020-03-14 12:44:41.970,-182027950.30968362,-304241533.9867383,-112076193.88071392,147968091342.56705,-13966035171.487947,-6054448764.082589,58922.53104131943
46,2020,3,14,12,59,41.97,-15973894.656,-1531449.028,21090234.580000002,1409.4141200000001,-3523.6433800000004,818.92478,2020-03-14 12:59:41.970,-181234807.3551298,-304689102.8102081,-112342360.7938409,147971278963.8829,-13941478662.15957,-6043804439.738844,58922.5414579861
46,2020,3,14,13,14,41.97,-14570790.4,-4680313.403,21642514.191,1704.05643,-3463.72647,406.63468,2020-03-14 13:14:41.970,-180440521.17898875,-305134724.1844432,-112607809.57189077,147974461766.22244,-13916921673.983994,-6033159909.333074,58922.55187465277
46,2020,3,14,13,29,41.97,-12915505.529,-7748181.4290000005,21820152.665000003,1969.00849,-3343.92711,-12.39993,2020-03-14 13:29:41.970,-179645097.32819936,-305578396.20158,-112872538.86631905,147977639749.45624,-13892364207.744146,-6022515173.198343,58922.56229131943
46,2020,3,14,13,44,41.97,-11036855.96,-10682058.829,21620358.851,2199.7116,-3166.4167,-430.88716999999997,2020-03-14 13:44:41.970,-178848541.35207012,-306020116.9689302,-113136547.33479603,147980812913.45483,-13867806264.223139,-6011870231.667789,58922.5727079861
46,2020,3,14,13,59,41.97,-8967489.546999998,-13431361.206,21046899.371,2392.22109,-2934.3701100000003,-841.5677499999999,2020-03-14 13:59:41.970,-178050858.80222854,-306459884.60896707,-113399833.6412058,147983981258.08884,-13843247844.204279,-6001225085.074632,58922.58312465277
46,2020,3,14,14,14,41.97,-6743302.88,-15948790.225000001,20110011.232,2543.2721300000003,-2651.9029600000003,-1237.34342,2020-03-14 14:14:41.970,-177252055.23257026,-306897697.2593101,-113662396.45564467,147987144783.229,-13818688948.47104,-5990579733.752152,58922.59354131943
46,2020,3,14,14,29,41.97,-4402804.609,-18191145.868,18826200.709,2650.33263,-2323.99259,-1611.40088,2020-03-14 14:29:41.970,-176452136.19920862,-307333553.0727109,-113924234.45441951,147990303488.74622,-13794129577.807096,-5979934178.033716,58922.6039579861
46,2020,3,14,14,44,41.97,-1986437.4239999999,-20120061.029,17217933.603,2711.64214,-1956.38483,-1957.32888,2020-03-14 14:44:41.970,-175651107.26042366,-307767450.2170365,-114185346.32004681,147993457374.51163,-13769569732.9963,-5969288418.252772,58922.61437465277
46,2020,3,14,14,59,41.97,464128.67799999996,-21702646.48,15313223.903,2726.2367200000003,-1555.48841,-2269.22661,2020-03-14 14:59:41.970,-174848973.97661263,-308199386.87525624,-114445730.7412507,147996606440.39648,-13745009414.822691,-5958642454.742832,58922.62479131943
46,2020,3,14,15,14,41.97,2906719.0719999997,-22912036.167,13145129.471,2693.95949,-1128.25946,-2541.80165,2020-03-14 15:14:41.970,-174045741.9102394,-308629361.2454246,-114705386.41296136,147999750686.27194,-13720448624.070484,-5947996287.837492,58922.6352079861
46,2020,3,14,15,29,41.97,5299380.363,-23727824.835,10751164.844,2615.4572200000002,-682.07812,-2770.4559799999997,2020-03-14 15:29:41.970,-173241416.6257844,-309057371.54066706,-114964312.03631337,148002890112.0096,-13695887361.524097,-5937349917.870421,58922.64562465277
46,2020,3,14,15,44,41.97,7601096.993,-24136392.06,8172642.376,2492.16329,-224.61983999999998,-2951.35904,2020-03-14 15:44:41.970,-172436003.68969518,-309483415.9891632,-115222506.31864391,148006024717.48096,-13671325627.968113,-5926703345.175363,58922.65604131943
46,2020,3,14,15,59,41.97,9772486.606,-24131108.821000002,5453953.875,2326.26763,236.27649,-3081.50684,2020-03-14 15:59:41.970,-171629508.67033648,-309907492.8341319,-115479967.97349077,148009154502.55795,-13646763424.187317,-5916056570.086138,58922.6664579861
46,2020,3,14,16,14,41.97,11776462.907,-23712424.857,2641805.542,2120.67466,692.74126,-3158.76647,2020-03-14 16:14:41.970,-170821937.1379412,-310329600.3338152,-115736695.72059077,148012279467.11224,-13622200750.966654,-5905409592.936645,58922.67687465277
46,2020,3,14,16,29,41.97,13578855.514,-22887836.969,-215580.529,1878.9500400000002,1137.0056299999999,-3181.90589,2020-03-14 16:29:41.970,-170013294.6645608,-310749736.76146257,-115992688.28587724,148015399611.0159,-13597637609.09127,-5894762414.06085,58922.68729131943
46,2020,3,14,16,44,41.97,15148977.317000002,-21671740.371,-3069284.899,1605.2574200000001,1561.52961,-3150.6086999999998,2020-03-14 16:44:41.970,-169203586.82401592,-311167900.4053138,-116247944.4014783,148018514934.14133,-13573073999.346497,-5884115033.792811,58922.6977079861
46,2020,3,14,16,59,41.97,16460130.879,-20085166.908,-5870515.955,1304.2864,1959.12509,-3065.47415,2020-03-14 16:59:41.970,-168392819.1918484,-311584089.56858397,-116502462.80571465,148021625436.3604,-13548509922.51783,-5873467452.466643,58922.70812465277
46,2020,3,14,17,14,41.97,17490046.527,-18155415.606,-8571428.553,981.17305,2323.0718,-2928.00268,2020-03-14 17:14:41.970,-167580997.34527123,-311998302.5694464,-116756242.24309729,148024731117.5459,-13523945379.390974,-5862819670.416553,58922.71854131943
46,2020,3,14,17,29,41.97,18221246.001,-15915582.464,-11125923.352,641.4141599999999,2647.2250000000004,-2740.56755,2020-03-14 17:29:41.970,-166768126.8631212,-312410537.7410158,-117009281.46432531,148027831977.57034,-13499380370.751783,-5852171687.9768095,58922.7289579861
46,2020,3,14,17,44,41.97,18641326.672,-13403997.686,-13490414.617,290.77669000000003,2926.1133,-2506.37329,2020-03-14 17:44:41.970,-165954213.3258096,-312820793.4313324,-117261579.22628342,148030928016.3063,-13474814897.386328,-5841523505.481762,58922.73937465277
46,2020,3,14,17,59,41.97,18743162.581,-10663579.707999999,-15624554.922,-64.7963,3155.02553,-2229.40163,2020-03-14 17:59:41.970,-165139262.31527394,-313229068.0033454,-117513134.29203965,148034019233.62677,-13450248960.08084,-5830875123.265845,58922.74979131943
46,2020,3,14,18,14,41.97,18525019.699,-7741116.329000001,-17491905.987,-419.28196,3330.08572,-1914.34598,2020-03-14 18:14:41.970,-164323279.41493076,-313635359.8348945,-117763945.4308428,148037105629.4048,-13425682559.621733,-5820226541.663556,58922.7602079861
46,2020,3,14,18,29,41.97,17990584.022,-4686484.115,-19060545.678,-766.67486,3448.31516,-1566.53532,2020-03-14 18:29:41.970,-163506270.2096265,-314039667.3186944,-118014011.41811988,148040187203.51364,-13401115696.795614,-5809577761.00946,58922.77062465277
46,2020,3,14,18,44,41.97,17148902.208,-1551817.929,-20303602.158,-1101.0838999999999,3507.68105,-1191.84854,2020-03-14 18:44:41.970,-162688240.2855908,-314441988.8623174,-118263331.0354735,148043263955.82626,-13376548372.389263,-5798928781.6382265,58922.78104131943
46,2020,3,14,18,59,41.97,16014235.611,1609356.939,-21199707.108,-1416.8276600000002,3507.1309,-796.6204700000001,2020-03-14 18:59:41.970,-161869195.23038802,-314842322.8881758,-118511903.07067923,148046335886.2164,-13351980587.189644,-5788279603.884575,58922.7914579861
46,2020,3,14,19,14,41.97,14605829.672,4743017.107,-21733360.963999998,-1708.52696,3446.61238,-387.54053999999996,2020-03-14 19:14:41.970,-161049140.63287038,-315240667.8335047,-118759726.31768267,148049402994.55753,-13327412341.983892,-5777630228.0833025,58922.80187465277
46,2020,3,14,19,29,41.97,12947601.679,7795544.521,-21895204.188,-1971.19345,3327.07808,28.45451,2020-03-14 19:29:41.970,-160228082.08313078,-315637022.1503447,-119006799.5765969,148052465280.7234,-13302843637.55934,-5766980654.569295,58922.81229131943
46,2020,3,14,19,44,41.97,11067751.048,10714627.312,-21682189.707000002,-2200.31305,3150.47499,444.29269999999997,2020-03-14 19:44:41.970,-159406025.17245528,-316031384.3055244,-119253121.65369935,148055522744.58798,-13278274474.703482,-5756330883.677505,58922.8227079861
46,2020,3,14,19,59,41.97,8998297.318,13450144.183,-21097652.884,-2391.92292,2919.71844,852.8822700000001,2020-03-14 19:59:41.970,-158582975.49327633,-316423752.7806417,-119498691.36142899,148058575386.02527,-13253704854.20401,-5745680915.742959,58922.83312465277
46,2020,3,14,20,14,41.97,6774552.211,15955018.35,-20151276.673,-2542.6807999999996,2638.6504400000003,1247.22884,2020-03-14 20:14:41.970,-157758938.63912654,-316814126.072048,-119743507.51838326,148061623204.9093,-13229134776.84879,-5735030751.100758,58922.84354131943
46,2020,3,14,20,29,41.97,4434533.166,18186027.047,-18858951.031,-2649.9255000000003,2311.98267,1620.5529299999998,2020-03-14 20:29:41.970,-156933920.20459113,-317202502.6908278,-119987568.94931501,148064666201.11472,-13204564243.425848,-5724380390.086082,58922.8539579861
46,2020,3,14,20,44,41.97,2018326.916,20104552.852,-17242527.193,-2711.72727,1945.2243,1966.40583,2020-03-14 20:44:41.970,-156107925.78526247,-317588881.16278285,-120230874.48512936,148067704374.51575,-13179993254.723429,-5713729833.034185,58922.86437465277
46,2020,3,14,20,59,41.97,-432587.299,21677263.456,-15329469.047,-2726.92693,1544.5952300000001,2278.78205,2020-03-14 20:59:41.970,-155280960.97769344,-317973260.02841294,-120473422.96288049,148070737724.98712,-13155421811.529917,-5703079080.2803955,58922.87479131943
46,2020,3,14,21,14,41.97,-2876044.213,22876707.172,-13152405.623,-2695.16253,1116.9258,2552.22624,2020-03-14 21:14:41.970,-154453031.37935132,-318355637.8428973,-120715213.22576848,148073766252.4036,-13130849914.633911,-5692428132.160115,58922.8852079861
46,2020,3,14,21,29,41.97,-5269917.156,23681812.405,-10748590.533,-2616.88287,669.54389,2781.93272,2020-03-14 21:29:41.970,-153624142.58857208,-318736013.17607737,-120956244.12313564,148076789956.64017,-13106277564.82415,-5681776989.0088215,58922.89562465277
46,2020,3,14,21,44,41.97,-7572848.474,24078280.553,-8159276.109999999,-2493.34676,210.15129,2963.8352,2020-03-14 21:44:41.970,-152794300.20451447,-319114384.61243767,-121196514.51046357,148079808837.5717,-13081704762.889584,-5671125651.16207,58922.90604131943
46,2020,3,14,21,59,41.97,-9744972.793000001,24058863.378999997,-5429011.844,-2326.60778,-253.30906,3094.68488,2020-03-14 21:59:41.970,-151963509.82711464,-319490750.7510873,-121436023.24936947,148082822895.0737,-13057131509.619331,-5660474118.955482,58922.9164579861
46,2020,3,14,22,14,41.97,-11748619.871000001,23623517.783999998,-2604878.5590000004,-2119.4841699999997,-712.79234,3172.1148700000003,2020-03-14 22:14:41.970,-151131777.05704057,-319865110.2057409,-121674769.20760272,148085832129.02148,-13032557805.802673,-5649822392.724766,58922.92687465277
46,2020,3,14,22,29,41.97,-13548983.706999999,22779433.104,264328.57300000003,-1875.514,-1160.29538,3194.68919,2020-03-14 22:29:41.970,-150299107.4956473,-320237461.6047011,-121912751.2590411,148088836539.2905,-13007983652.229084,-5639170472.805696,58922.93729131943
46,2020,3,14,22,44,41.97,-15114744.843,21540928.526,3128953.609,-1598.89608,-1588.00132,3161.93489,2020-03-14 22:44:41.970,-149465506.74493143,-320607803.590838,-122149968.28368753,148091836125.75665,-12983409049.688213,-5628518359.534122,58922.9477079861
46,2020,3,14,22,59,41.97,-16418633.441000002,19929220.841,5939354.294,-1294.4176300000001,-1988.4225,3074.35614,2020-03-14 22:59:41.970,-148630980.4074863,-320976134.8215718,-122386419.16766614,148094830888.29556,-12958833998.969896,-5617866053.24597,58922.95812465277
46,2020,3,14,23,14,41.97,-17437921.658,17972065.546,8646780.842,-967.36977,-2354.53856,2933.4297,2020-03-14 23:14:41.970,-147795534.08645767,-321342453.9688528,-122622102.80321841,148097820826.78333,-12934258500.864115,-5607213554.277242,58922.96854131943
46,2020,3,14,23,29,41.97,-18154835.176,15703277.083999999,11204242.11,-623.45262,-2679.9264,2741.58143,2020-03-14 23:29:41.970,-146959173.38549867,-321706759.71914196,-122857018.08869973,148100805941.09616,-12909682556.161064,-5596560862.964007,58922.9789579861
46,2020,3,14,23,44,41.97,-18556875.337,13162136.708,13567342.249,-268.67191,-2958.87944,2502.14426,2020-03-14 23:44:41.970,-146121903.908726,-322069050.77339274,-123091163.9285753,148103786231.11026,-12885106165.65109,-5585907979.642417,58922.98937465277
46,2020,3,14,23,59,41.97,-18637045.232,10392699.013,15695071.412999999,90.77066,-3186.5131899999997,2219.29831,2020-03-14 23:59:41.970,-145283731.26067546,-322429325.84703076,-123324539.23341621,148106761696.70218,-12860529330.124743,-5575254904.648701,58922.99979131943
46,2020,3,15,0,14,41.97,-18393975.450999998,7443014.541999999,17550532.465,448.59072,-3358.85481,1897.99484,2020-03-15 00:14:41.970,-144444661.04625773,-322787583.6699352,-123557142.91989553,148109732337.7486,-12835952050.372696,-5564601638.319146,58923.0102079861
46,2020,3,15,0,29,41.97,-17831945.404,4364259.034,19101605.209000003,798.53779,-3472.91556,1543.86347,2020-03-15 00:29:41.970,-143604698.8707152,-323143822.9864184,-123788973.91078426,148112698154.12616,-12811374327.185852,-5553948180.990133,58923.02062465277
46,2020,3,15,0,44,41.97,-16960803.382,1209847.3939999999,20321495.539,1134.50695,-3526.74248,1163.11025,2020-03-15 00:44:41.970,-142763850.3395773,-323498042.5552068,-124020031.13494736,148115659145.71204,-12786796161.355263,-5543294532.9981,58923.03104131943
46,2020,3,15,0,59,41.97,-15795784.053,-1965531.241,21189213.650999997,1450.65103,-3519.4515499999998,762.40165,2020-03-15 00:59:41.970,-141922121.05861792,-323850241.14942074,-124250313.52733932,148118615312.38315,-12762217553.672165,-5532640694.679568,58923.0414579861
46,2020,3,15,1,14,41.97,-14357229.114,-5106878.294,21689931.206,1741.4851600000002,-3451.2394099999997,348.74240000000003,2020-03-15 01:14:41.970,-141079516.6338118,-324200417.55655557,-124479820.02900036,148121566654.01678,-12737638504.92796,-5521986666.371134,58923.05187465277
46,2020,3,15,1,29,41.97,-12670216.883,-8159855.95,21815228.489,2001.9838399999999,-3323.3746800000004,-70.65245,2020-03-15 01:29:41.970,-140236042.6712912,-324548570.57846063,-124708549.58705184,148124513170.49045,-12713059015.914232,-5511332448.409459,58923.06229131943
46,2020,3,15,1,44,41.97,-10764108.626,-11071740.594,21563225.123,2227.6686099999997,-3138.16946,-488.48792000000003,2020-03-15 01:44:41.970,-139391704.77730304,-324894699.0313203,-124936501.1546921,148127454861.68155,-12688479087.422737,-5500678041.131289,58923.0727079861
46,2020,3,15,1,59,41.97,-8672020.957,-13792341.921,20938593.150000002,2414.68447,-2898.93181,-897.51965,2020-03-15 01:59:41.970,-138546508.55816615,-325238801.74563265,-125163673.69119225,148130391727.46805,-12663898720.245398,-5490023444.873437,58923.08312465277
46,2020,3,15,2,14,41.97,-6430234.856,-16274871.277,19952453.631,2559.8641,-2609.9006400000003,-1290.68185,2020-03-15 02:14:41.970,-137700459.62022847,-325580877.56619054,-125390066.16189142,148133323767.72778,-12639317915.174326,-5479368659.972793,58923.09354131943
46,2020,3,15,2,29,41.97,-4077552.841,-18476744.09,18622160.122,2660.7787599999997,-2276.16472,-1661.21032,2020-03-15 02:29:41.970,-136853563.56982458,-325920925.35206145,-125615677.53819263,148136250982.33878,-12614736673.00179,-5468713686.766316,58923.1039579861
46,2020,3,15,2,44,41.97,-1654616.5180000002,-20360302.904,16970974.414,2715.77533,-1903.5675299999998,-2002.7584699999998,2020-03-15 02:44:41.970,-136005826.01323363,-326258943.97656465,-125840506.79755813,148139173371.17923,-12590154994.520245,-5458058525.5910425,58923.11437465277
46,2020,3,15,2,59,41.97,796802.861,-21893449.296,15027641.783,2723.99923,-1498.60026,-2309.50436,2020-03-15 02:59:41.970,-135157252.5566372,-326594932.32725537,-126064552.92350484,148142090934.12766,-12565572880.522306,-5447403176.784084,58923.12479131943
46,2020,3,15,3,14,41.97,3234528.0360000003,-23050174.915,12825874.602,2685.40306,-1068.28506,-2576.24704,2020-03-15 03:14:41.970,-134307848.80607682,-326928889.30589956,-126287814.9055997,148145003671.06253,-12540990331.800772,-5436747640.682622,58923.1352079861
46,2020,3,15,3,29,41.97,5616700.86,-23810983.926,10403754.555,2600.74134,-620.0508500000001,-2798.49086,2020-03-15 03:29:41.970,-133457620.36741292,-327260813.8284563,-126510291.73945509,148147911581.8626,-12516407349.148613,-5426091917.623911,58923.14562465277
46,2020,3,15,3,44,41.97,7902496.515,-24163201.201,7803064.830999999,2471.55161,-161.60399,-2972.51661,2020-03-15 03:44:41.970,-132606572.84628253,-327590704.82505596,-126731982.42672412,148150814666.40668,-12491823933.35896,-5415436007.945284,58923.15604131943
46,2020,3,15,3,59,41.97,10052814.949,-24101162.707,5068564.545999999,2300.12282,299.20381000000003,-3095.43865,2020-03-15 03:59:41.970,-131754711.84805836,-327918561.2399801,-126952885.97509578,148153712924.57388,-12467240085.225134,-5404779911.9841385,58923.1664579861
46,2020,3,15,4,14,41.97,12030938.33,-23626286.563,2247218.289,2089.45163,754.50819,-3165.24744,2020-03-15 04:14:41.970,-130902042.97780713,-328244382.0316399,-127173001.39829028,148156606356.24347,-12442655805.5406,-5394123630.077953,58923.17687465277
46,2020,3,15,4,29,41.97,13803144.186999999,-22747025.223,-612605.954,1843.18777,1196.5632699999999,-3180.8372,2020-03-15 04:29:41.970,-130048571.84024884,-328568166.1725561,-127392327.71605387,148159494961.2947,-12418071095.099024,-5383467162.564275,58923.18729131943
46,2020,3,15,4,44,41.97,15339264.862,-21478701.115,-3461957.037,1565.56959,1617.86919,-3142.0187,2020-03-15 04:44:41.970,-129194304.03971554,-328889912.6493371,-127610863.95415428,148162378739.60718,-12393485954.69422,-5372810509.7807255,58923.1977079861
46,2020,3,15,4,59,41.97,16613184.958000002,-19843229.787,-6252125.709,1261.35095,2011.2942299999997,-3049.51717,2020-03-15 04:59:41.970,-128339245.18011034,-329209620.4626591,-127828609.14437565,148165257691.06064,-12368900385.120186,-5362153672.065002,58923.20812465277
46,2020,3,15,5,14,41.97,17603269.614,-17868736.234,-8935461.34,935.72077,2370.18984,-2904.95595,2020-03-15 05:14:41.970,-127483400.86486748,-329527288.6272441,-128045562.32451345,148168131815.53494,-12344314387.171091,-5351496649.754869,58923.21854131943
46,2020,3,15,5,29,41.97,18292717.595999997,-15589071.491999999,-11466167.618999999,594.21669,2688.49697,-2710.8262600000003,2020-03-15 05:29:41.970,-126626776.69691122,-329842916.17183876,-128261722.53836943,148171001112.91016,-12319727961.641262,-5340839443.188169,58923.2289579861
46,2020,3,15,5,44,41.97,18669834.408999998,-13043237.869,-13801065.088,242.63388999999998,2960.84258,-2470.4438299999997,2020-03-15 05:44:41.970,-125769378.27861615,-330156502.1391935,-128477088.83574666,148173865583.06647,-12295141109.325209,-5330182052.702812,58923.23937465277
46,2020,3,15,5,59,41.97,18728221.82,-10274732.303000001,-15900309.038999999,-113.0693,3182.62489,-2187.8932400000003,2020-03-15 05:59:41.970,-124911211.21176653,-330468045.5860412,-128691660.27244411,148176725225.88428,-12270553831.017591,-5319524478.636786,58923.24979131943
46,2020,3,15,6,14,41.97,18466881.361,-7330818.29,-17728052.109,-466.8679,3350.08669,-1867.96081,2020-03-15 06:14:41.970,-124052281.09751672,-330777545.5830753,-128905435.91025181,148179580041.24417,-12245966127.51327,-5308866721.328149,58923.2602079861
46,2020,3,15,6,29,41.97,17890230.575000003,-4261737.634,-19253041.737999998,-812.76752,3460.3756799999996,-1516.0571499999999,2020-03-15 06:29:41.970,-123192593.53635144,-331085001.2149286,-129118414.8169453,148182430029.02676,-12221377999.60724,-5298208781.115029,58923.27062465277
46,2020,3,15,6,44,41.97,17008031.858999997,-1119873.9980000001,-20449143.586999997,-1144.90112,3511.59109,-1138.13029,2020-03-15 06:44:41.970,-122332154.12804593,-331390411.5801523,-129330596.06628054,148185275189.11295,-12196789448.094694,-5287550658.335632,58923.28104131943
46,2020,3,15,6,59,41.97,15835234.922,2041119.2280000001,-21295782.983000003,-1457.62401,3502.81627,-740.57054,2020-03-15 06:59:41.970,-121470968.47162652,-331693775.7911936,-129541978.73798852,148188115521.38394,-12172200473.770966,-5276892353.328231,58923.2914579861
46,2020,3,15,7,14,41.97,14391734.941000002,5167213.705999999,-21778297.477,-1745.60599,3434.13638,-330.10829,2020-03-15 07:14:41.970,-120609042.16533186,-331995092.97437423,-129752561.91776991,148190951025.7209,-12147611077.431581,-5266233866.431172,58923.30187465277
46,2020,3,15,7,29,41.97,12702049.615,8204910.1790000005,-21888194.676,-2003.9192500000001,3306.6411599999997,86.29405,2020-03-15 07:29:41.970,-119746380.8065733,-332294362.2698688,-129962344.69728957,148193781702.0052,-12123021259.872217,-5255575197.982883,58923.31229131943
46,2020,3,15,7,44,41.97,10794919.368999999,11102138.026,-21623310.665,-2228.1209999999996,3122.41222,501.55467,2020-03-15 07:44:41.970,-118882989.99189597,-332591582.83168316,-130171326.17417116,148196607550.11835,-12098431021.888727,-5244916348.321844,58923.3227079861
46,2020,3,15,7,59,41.97,8702836.103,13809136.44,-20987865.544,-2414.3294800000003,2884.49487,908.58816,2020-03-15 07:59:41.970,-118018875.31694052,-332886753.8276323,-130379505.4519916,148199428569.94244,-12073840364.277136,-5234257317.786631,58923.33312465277
46,2020,3,15,8,14,41.97,6461506.944,16279303.225,-19992413.941999998,-2559.29215,2596.85436,1300.42282,2020-03-15 08:14:41.970,-117154042.37640393,-333179874.43931884,-130586881.64027557,148202244761.3589,-12049249287.83361,-5223598106.715867,58923.34354131943
46,2020,3,15,8,29,41.97,4109260.5970000005,18469997.26,-18653689.773,-2660.44488,2264.3167000000003,1670.31805,2020-03-15 08:29:41.970,-116288496.76400161,-333470943.86211014,-130793453.8544899,148205056124.25018,-12024657793.354515,-5212938715.448276,58923.3539579861
46,2020,3,15,8,44,41.97,1686404.9749999999,20343280.918,-16994346.064000003,-2715.96078,1892.49448,2011.87988,2020-03-15 08:44:41.970,-115422244.07242878,-333759961.3051172,-130999221.21603791,148207862658.4984,-12000065881.636358,-5202279144.3226185,58923.36437465277
46,2020,3,15,8,59,41.97,-765454.128,21866589.133,-15042592.341,-2724.7877900000003,1487.69821,2319.17272,2020-03-15 08:59:41.970,-114555289.89332254,-334046925.9911724,-131204182.85225382,148210664363.98608,-11975473553.475838,-5191619393.677759,58923.37479131943
46,2020,3,15,9,14,41.97,-3204122.543,23013312.536000002,-12831733.823,-2686.67356,1056.8341699999999,2586.8254899999997,2020-03-15 09:14:41.970,-113687639.81722386,-334331837.1568067,-131408337.89639692,148213461240.5958,-11950880809.66979,-5180959463.852615,58923.3852079861
46,2020,3,15,9,29,41.97,-5587543.7469999995,23763283.018999998,-10399618.529,-2602.17706,607.28998,2810.12977,2020-03-15 09:29:41.970,-112819299.43354002,-334614694.05222815,-131611685.48764591,148216253288.21033,-11926287651.015224,-5170299355.186181,58923.39562465277
46,2020,3,15,9,44,41.97,-7874528.948999999,24103151.39,-7788000.279,-2472.6659799999998,146.80953,2985.1281900000004,2020-03-15 09:44:41.970,-111950274.33050653,-334895495.9412994,-131814224.77109313,148219040506.71277,-11901694078.30933,-5159639068.017522,58923.40604131943
46,2020,3,15,9,59,41.97,-10025478.252999999,24026648.393,-5041827.477,-2300.2994,-316.64077000000003,3108.69068,2020-03-15 09:59:41.970,-111080570.09515065,-335174242.10151494,-132015954.8977386,148221822895.98605,-11877100092.34944,-5148978602.685776,58923.4164579861
46,2020,3,15,10,14,41.97,-12003079.592,23534722.297,-2208469.335,-2087.99571,-775.0121399999999,3178.57686,2020-03-15 10:14:41.970,-110210192.31325303,-335450931.8239796,-132216875.02448435,148224600455.9137,-11852505693.933071,-5138317959.530153,58923.42687465277
46,2020,3,15,10,29,41.97,-13772972.137,22635548.503000002,663107.127,-1839.38582,-1220.3172,3193.48284,2020-03-15 10:29:41.970,-109339146.56931117,-335725564.41338503,-132416984.31412825,148227373186.37906,-11827910883.857895,-5127657138.889933,58923.43729131943
46,2020,3,15,10,44,41.97,-15304361.158,21344409.098,3523194.5810000002,-1558.7522099999999,-1644.7747100000001,3153.07084,2020-03-15 10:44:41.970,-108467438.44650269,-335998139.1879883,-132616281.9353583,148230141087.26578,-11803315662.921741,-5116996141.104462,58923.4477079861
46,2020,3,15,10,59,41.97,-16570572.048999999,19683442.964,6322221.488999999,-1250.95483,-2040.95199,3057.98077,2020-03-15 10:59:41.970,-107595073.52664813,-336268655.4795884,-132814767.06274661,148232904158.45798,-11778720031.922607,-5106334966.513165,58923.45812465277
46,2020,3,15,11,14,41.97,-17549532.179,17681269.837,9011630.205,-921.34511,-2401.9020699999996,2909.82304,2020-03-15 11:14:41.970,-106722057.39017454,-336537112.633504,-133012438.87674312,148235662399.83945,-11754123991.65866,-5095673615.455532,58923.46854131943
46,2020,3,15,11,29,41.97,-18224170.644,15372494.469999999,11544740.087,-575.6697899999999,-2721.2924900000003,2711.15245,2020-03-15 11:29:41.970,-105848395.61607912,-336803510.00855106,-133209296.5636699,148238415811.2945,-11729527542.928226,-5085012088.271134,58923.4789579861
46,2020,3,15,11,44,41.97,-18582727.606,12797099.793,13877578.75,-219.96653,-2993.5227,2465.42362,2020-03-15 11:44:41.970,-104974093.78189278,-337067846.9770205,-133405339.31571482,148241164392.7075,-11704930686.529787,-5074350385.299596,58923.48937465277
46,2020,3,15,11,59,41.97,-18618966.834,9999740.414,15969665.154000001,139.54639999999998,-3213.8277199999998,2176.92866,2020-03-15 11:59:41.970,-104099157.46364398,-337330122.92465353,-133600566.33092557,148243908143.963,-11680333423.261992,-5063688506.880629,58923.49979131943
46,2020,3,15,12,14,41.97,-18332287.142,7028950.057,17784729.152,496.5841,-3378.36537,1850.71864,2020-03-15 12:14:41.970,-103223592.23582333,-337590337.2506214,-133794976.81320319,148246647064.94568,-11655735753.923672,-5053026453.354003,58923.5102079861
46,2020,3,15,12,29,41.97,-17727730.605,3936278.394,19291353.594,844.91004,-3484.28569,1492.51028,2020-03-15 12:29:41.970,-102347403.67134683,-337848489.36750084,-133988569.97229636,148249381155.54077,-11631137679.313782,-5042364225.059569,58923.52062465277
46,2020,3,15,12,44,41.97,-16815887.676,775374.142,20463526.724,1178.4497199999998,-3529.78074,1108.5803,2020-03-15 12:44:41.970,-101470597.3415213,-338104578.70125175,-134181345.02379471,148252110415.63297,-11606539200.23145,-5031701822.337244,58923.53104131943
46,2020,3,15,12,59,41.97,-15612701.513,-2398967.662,21281094.696,1491.4006200000001,-3514.11431,705.64955,2020-03-15 12:59:41.970,-100593178.81600817,-338358604.6911942,-134373301.18912262,148254834845.10785,-11581940317.47598,-5021039245.527006,58923.5414579861
46,2020,3,15,13,14,41.97,-14139175.921,-5531775.7979999995,21730106.209000003,1778.33609,-3437.63088,290.75953999999996,2020-03-15 13:14:41.970,-99715153.66278838,-338610566.78998554,-134564437.69553328,148257554443.85077,-11557341031.84684,-5010376494.968925,58923.55187465277
46,2020,3,15,13,29,41.97,-12420993.213,-8568871.898,21803043.632,2034.30132,-3301.7442899999996,-128.85587,2020-03-15 13:29:41.970,-98836527.44812743,-338860464.4635971,-134754753.7761017,148260269211.74744,-11532741344.143637,-4999713571.003122,58923.56229131943
46,2020,3,15,13,44,41.97,-10488050.041000001,-11457820.243,21498937.376999997,2254.89938,-3108.90645,-545.90114,2020-03-15 13:44:41.970,-97957305.73654023,-339108297.19129175,-134944248.66971904,148262979148.6837,-11508141255.166138,-4989050473.969789,58923.5727079861
46,2020,3,15,13,59,41.97,-8373920.683,-14148840.909,20823362.686,2436.36616,-2862.55738,-953.1492900000001,2020-03-15 13:59:41.970,-97077494.09075642,-339354064.4655999,-135132921.62108555,148265684254.54562,-11483540765.714298,-4978387204.209202,58923.58312465277
46,2020,3,15,14,14,41.97,-6115258.495,-16595669.980999999,19788320.289,2575.63268,-2567.0578100000002,-1343.5692999999999,2020-03-15 14:14:41.970,-96197098.07168539,-339597765.79229677,-135320771.88070467,148268384529.21924,-11458939876.588205,-4967723762.061689,58923.59354131943
46,2020,3,15,14,29,41.97,-3751147.176,-18756351.905,18412004.580000002,2670.37419,-2227.6061,-1710.44832,2020-03-15 14:29:41.970,-95316123.2383823,-339839400.6903796,-135507798.70487612,148271079972.59113,-11434338588.588112,-4957060147.86767,58923.6039579861
46,2020,3,15,14,44,41.97,-1322414.1030000001,-20593950.735999998,16718464.98,2719.04527,-1850.14141,-2047.5064500000003,2020-03-15 14:44:41.970,-94434575.14801326,-340078968.69204414,-135694001.3556899,148273770584.54776,-11409736902.514431,-4946396361.967608,58923.61437465277
46,2020,3,15,14,59,41.97,1129081.567,-22077168.82,14737167.958,2720.9008099999996,-1441.23517,-2349.00244,2020-03-15 14:59:41.970,-93552459.3558214,-340316469.34266067,-135879379.10101885,148276456364.97595,-11385134819.167751,-4935732404.702057,58923.62479131943
46,2020,3,15,15,14,41.97,3561173.265,-23180863.429,12502468.764999999,2676.0027499999997,-1007.9732400000001,-2609.82841,2020-03-15 15:14:41.970,-92669781.41509296,-340551902.2007517,-136063931.21451312,148279137313.76263,-11360532339.348787,-4925068276.411633,58923.6352079861
46,2020,3,15,15,29,41.97,5932111.165,-23886453.917,10053003.292,2585.2128900000002,-557.83086,-2825.59237,2020-03-15 15:29:41.970,-91786546.87712307,-340785266.8379686,-136247656.97559303,148281813430.7949,-11335929463.858437,-4914403977.437017,58923.64562465277
46,2020,3,15,15,44,41.97,8201273.797,-24182214.016000003,7431011.56,2450.1723700000002,-98.54284000000001,-2992.68752,2020-03-15 15:44:41.970,-90902761.29118252,-341016562.83906704,-136430555.66944224,148284484715.96017,-11311326193.497738,-4903739508.118962,58923.65604131943
46,2020,3,15,15,59,41.97,10329855.341,-24063446.002,4681605.181,2273.26827,362.02879,-3108.34733,2020-03-15 15:59:41.970,-90018430.20448384,-341245789.801885,-136612626.58700165,148287151169.14566,-11286722529.067907,-4893074868.798304,58923.6664579861
46,2020,3,15,16,14,41.97,12281517.511,-23532535.49,1851991.753,2057.5884499999997,816.02733,-3170.6861000000004,2020-03-15 16:14:41.970,-89133559.1621479,-341472947.33731854,-136793869.02496225,148289812790.23935,-11262118471.370287,-4882410059.815919,58923.67687465277
46,2020,3,15,16,29,41.97,14022995.811,-22598887.536,-1009330.518,1806.8655099999999,1255.73224,-3178.72454,2020-03-15 16:29:41.970,-88248153.70717122,-341698035.0692985,-136974282.28575855,148292469579.12918,-11237514021.20642,-4871745081.512779,58923.68729131943
46,2020,3,15,16,44,41.97,15524650.945,-21278746.648000002,-3853394.526,1525.4111500000001,1673.68603,-3132.40048,2020-03-15 16:44:41.970,-87362219.38039225,-341921052.6347669,-137153865.67756158,148295121535.7029,-11212909179.377966,-4861079934.229918,58923.6977079861
46,2020,3,15,16,59,41.97,16760957.197,-19594904.964,-6631588.9520000005,1218.04198,2062.81554,-3032.5648499999998,2020-03-15 16:59:41.970,-86475761.72045879,-342141999.6836534,-137332618.514273,148297768659.84897,-11188303946.686752,-4850414618.308429,58923.70812465277
46,2020,3,15,17,14,41.97,17710920.769,-17576304.47,-9296472.852,889.99824,2416.5459,-2880.96333,2020-03-15 17:14:41.970,-85588786.2637953,-342360875.87885207,-137510540.1155168,148300410951.45584,-11163698323.934767,-4839749134.089481,58923.71854131943
46,2020,3,15,17,29,41.97,18358422.235999998,-15257540.538999999,-11802567.501,546.8566900000001,2728.90561,-2680.2042699999997,2020-03-15 17:29:41.970,-84701298.54457004,-342577680.896197,-137687629.80663383,148303048410.41196,-11139092311.924158,-4829083481.914314,58923.7289579861
46,2020,3,15,17,44,41.97,18692478.472,-12678275.32,-14107113.437,194.43901,2994.6216,-2433.71357,2020-03-15 17:44:41.970,-83813304.09466287,-342792414.4244395,-137863886.91867423,148305681036.60635,-11114485911.457218,-4818417662.124232,58923.73937465277
46,2020,3,15,17,59,41.97,18707420.604,-9882570.605999999,-16170781.344,-161.28304,3209.20293,-2145.67735,2020-03-15 17:59:41.970,-82924808.44363289,-343005076.16522354,-138039310.7883905,148308308829.9279,-11089879123.336388,-4807751675.060613,58923.74979131943
46,2020,3,15,18,14,41.97,18402985.722000003,-6918150.762999999,-17958326.202,-514.28416,3369.0123399999998,-1820.9733800000001,2020-03-15 18:14:41.970,-82035817.11868614,-343215665.83306336,-138213900.7582311,148310931790.26587,-11065271948.364298,-4797085521.064896,58923.7602079861
46,2020,3,15,18,29,41.97,17784321.256,-3835607.062,-19439175.014,-858.5828399999999,3471.32481,-1465.09222,2020-03-15 18:29:41.970,-81146335.64464413,-343424183.15531796,-138387656.1763329,148313549917.5096,-11040664387.343687,-4786419200.478589,58923.77062465277
46,2020,3,15,18,44,41.97,16861902.057,-687555.49,-20587939.323,-1188.33787,3514.3723,-1084.0491299999999,2020-03-15 18:44:41.970,-80256369.54391135,-343630627.8721689,-138560576.39651453,148316163211.54874,-11016056441.077475,-4775752713.643278,58923.78104131943
46,2020,3,15,18,59,41.97,15651361.314,2472239.369,-21384844.737999998,-1497.9430499999999,3497.37427,-684.2878999999999,2020-03-15 18:59:41.970,-79365924.33644392,-343834999.73659575,-138732660.77826935,148318771672.27298,-10991448110.368732,-4765086060.90061,58923.7914579861
46,2020,3,15,19,14,41.97,14173237.563000001,5589761.295,-21816070.692,-1782.1187400000001,3420.55344,-272.57776,2020-03-15 19:14:41.970,-78475005.5397183,-344037298.5143525,-138903908.68675816,148321375299.57233,-10966839396.020676,-4754419242.592292,58923.80187465277
46,2020,3,15,19,29,41.97,12452641.123,8611646.785,-21873994.761,-2035.99919,3285.1364,144.0954,2020-03-15 19:29:41.970,-77583618.66869958,-344237523.98394346,-139074319.49280277,148323974093.33688,-10942230298.836681,-4743752259.060116,58923.81229131943
46,2020,3,15,19,44,41.97,10518844.36,11486083.047,-21557337.011,-2255.21425,3093.33883,558.6421799999999,2020-03-15 19:44:41.970,-76691769.23581047,-344435675.9365997,-139243892.57287797,148326568053.45706,-10917620819.620275,-4733085110.645932,58923.8227079861
46,2020,3,15,19,59,41.97,8404801.324000001,14163685.707,-20871201.091,-2435.9644399999997,2848.33518,963.98577,2020-03-15 19:59:41.970,-75799462.7509,-344631754.1762548,-139412627.30910543,148329157179.82327,-10893010959.175133,-4722417797.691652,58923.83312465277
46,2020,3,15,20,14,41.97,6146603.347,16598342.225,-19827010.099,-2575.08794,2554.21281,1353.17937,2020-03-15 20:14:41.970,-74906704.72121301,-344825758.51952153,-139580523.0892458,148331741472.32645,-10868400718.305092,-4711750320.539273,58923.84354131943
46,2020,3,15,20,29,41.97,3782878.372,18748007.08,-18442336.707,-2670.1184599999997,2215.91071,1719.5234600000001,2020-03-15 20:29:41.970,-74013500.65135907,-345017688.79566765,-139747579.30669203,148334320930.8573,-10843790097.814121,-4701082679.530839,58923.8539579861
46,2020,3,15,20,44,41.97,1354142.809,20575435.046,-16740628.599,-2719.33267,1839.14329,2056.68092,2020-03-15 20:44:41.970,-73119856.04328212,-345207544.84659106,-139913795.36046195,148336895555.3071,-10819179098.50636,-4690414875.008477,58923.86437465277
46,2020,3,15,20,59,41.97,-1097884.143,22048839.348,-14750831.932,-2721.7860100000003,1430.30978,2358.78811,2020-03-15 20:59:41.970,-72225776.39622967,-345395326.52679753,-140079170.65519086,148339465345.56714,-10794567721.186092,-4679746907.314373,58923.87479131943
46,2020,3,15,21,14,41.97,-3530992.839,23142462.195,-12506917.335,-2677.3359,996.39031,2620.56008,2020-03-15 21:14:41.970,-71331267.2067229,-345581033.70337534,-140243704.60112518,148342030301.52884,-10769955966.65777,-4669078776.790785,58923.8852079861
46,2020,3,15,21,29,41.97,-5903210.3719999995,23837046.23,-10047314.805,-2586.6514500000003,544.82991,2837.38746,2020-03-15 21:29:41.970,-70436333.96852612,-345764666.25597155,-140407396.61411396,148344590423.08383,-10745343835.725954,-4658410483.780035,58923.89562465277
46,2020,3,15,21,44,41.97,-8173530.103,24120196.748999998,-7414265.763,-2451.20883,83.41206,3005.42328,2020-03-15 21:44:41.970,-69540982.17261732,-345946224.07676846,-140570246.11560258,148347145710.12424,-10720731329.195393,-4647742028.624511,58923.90604131943
46,2020,3,15,21,59,41.97,-10302630.46,23986626.209,-4653102.393999999,-2273.27202,-379.87609,3121.65744,2020-03-15 21:59:41.970,-68645217.30715765,-346125707.07045895,-140732252.53262526,148349696162.542,-10696118447.870964,-4637073411.666671,58923.9164579861
46,2020,3,15,22,14,41.97,-12253569.7,23438274.515,-1811466.185,-2055.8586299999997,-836.98452,3183.97703,2020-03-15 22:14:41.970,-67749044.8574621,-346303115.154223,-140893415.29779714,148352241780.22952,-10671505192.557705,-4626404633.24904,58923.92687465277
46,2020,3,15,22,29,41.97,-13992443.348000001,22484300.873,1061520.7920000001,-1802.6912,-1279.9445,3191.21078,2020-03-15 22:29:41.970,-66852470.30597017,-346478448.25770295,-141053733.8493077,148354782563.07907,-10646891564.060804,-4615735693.71421,58923.93729131943
46,2020,3,15,22,44,41.97,-15488991.382,21140945.491,3916116.947,-1518.1344100000001,-1701.01318,3143.15629,2020-03-15 22:44:41.970,-65955499.132215746,-346651706.3229797,-141213207.63091317,148357318510.9835,-10622277563.18559,-4605066593.40483,58923.9477079861
46,2020,3,15,22,59,41.97,-16717142.98,19431262.114,6702838.575,-1207.1192500000002,-2092.81549,3040.5889899999997,2020-03-15 22:59:41.970,-65058136.81279862,-346822889.3045486,-141371836.09192896,148359849623.83566,-10597663190.737547,-4594397332.663636,58923.95812465277
46,2020,3,15,23,14,41.97,-17655487.667,17384725.17,9373336.911,-875.0556,-2448.4803699999998,2885.25232,2020-03-15 23:14:41.970,-64160388.82135482,-346991997.1692956,-141529618.68722236,148362375901.52853,-10573048447.522293,-4583727911.833407,58923.96854131943
46,2020,3,15,23,29,41.97,-18287663.143999998,15036718.066,11881257.836000001,-527.73479,-2761.76816,2679.82905,2020-03-15 23:29:41.970,-63262260.62852791,-347159029.8964721,-141686554.8772052,148364897343.95554,-10548433334.345612,-4573058331.257005,58923.9789579861
46,2020,3,15,23,44,41.97,-18602651.728,12427911.874,14183067.416,-171.22431,-3027.18633,2427.89414,2020-03-15 23:44:41.970,-62363757.701940134,-347323987.47767216,-141842644.12782642,148367413951.00998,-10523817852.013435,-4562388591.277348,58923.98937465277
46,2020,3,15,23,59,41.97,-18594979.308999997,9603546.093,16238827.067,188.24311,-3240.09095,2133.85012,2020-03-15 23:59:41.970,-61464885.5459546,-347486869.90964437,-141997885.90371236,148369925722.5852,-10499202001.33174,-4551718692.237344,58923.99979131943
46,2020,3,16,0,14,41.97,-18264813.229,6612629.159,18012900.845,544.3834400000001,-3396.77162,1802.84668,2020-03-16 00:14:41.970,-60565649.542500526,-347647677.2230119,-142152279.6956054,148372432658.57593,-10474585783.106909,-4541048634.480214,58924.0102079861
46,2020,3,16,0,29,41.97,-17617954.955000002,3507051.556,19474595.369999997,890.97766,-3494.5185300000003,1440.6841399999998,2020-03-16 00:29:41.970,-59666055.18974087,-347806409.43899524,-142305824.9791312,148374934758.87573,-10449969198.145231,-4530378418.348992,58924.02062465277
46,2020,3,16,0,44,41.97,-16665733.011,340685.53,20598684.023000002,1221.98291,-3531.66893,1053.7083,2020-03-16 00:44:41.970,-58766107.94292793,-347963066.5983145,-142458521.24231222,148377432023.3789,-10425352247.253239,-4519708044.1868725,58924.03104131943
46,2020,3,16,0,59,41.97,-15424793.131000001,-2831586.24,21365855.12,1531.64314,-3507.63451,648.69196,2020-03-16 00:59:41.970,-57865813.2541508,-348117648.7539103,-142610367.97867042,148379924451.9799,-10400734931.237541,-4509037512.337096,58924.0414579861
46,2020,3,16,1,14,41.97,-13916793.711000001,-5954838.091,21763038.427,1814.5916900000002,-3422.9073900000003,232.71102,2020-03-16 01:14:41.970,-56965176.57230741,-348270155.9709206,-142761364.68721953,148382412044.57346,-10376117250.904963,-4498366823.142986,58924.05187465277
46,2020,3,16,1,29,41.97,-12168012.099,-8975068.918000001,21783620.188,2065.94587,-3279.0460000000003,-186.98438000000002,2020-03-16 01:29:41.970,-56064203.34307678,-348420588.32665545,-142911510.87245786,148384894801.05435,-10351499207.062462,-4487695976.947932,58924.06229131943
46,2020,3,16,1,44,41.97,-10208870.087,-11840148.024,21427541.162,2281.39168,-3078.64112,-603.1006100000001,2020-03-16 01:44:41.970,-55162899.00889128,-348568945.910573,-143060806.04436082,148387372721.3177,-10326880800.517117,-4477024974.095371,58924.0727079861
46,2020,3,16,1,59,41.97,-8073388.29,-14500721.993999999,20701277.135,2457.25692,-2825.2634900000003,-1008.4304900000001,2020-03-16 01:59:41.970,-54261269.00890921,-348715228.8242557,-143209249.7183727,148389845805.25864,-10302262032.076172,-4466353814.92882,58924.08312465277
46,2020,3,16,2,14,41.97,-5798580.248000001,-16911066.507,19617703.705,2590.57183,-2523.39408,-1395.9801300000001,2020-03-16 02:14:41.970,-53359318.77898729,-348859437.1813854,-143356841.41539958,148392314052.7728,-10277642902.547,-4455682499.791859,58924.09354131943
46,2020,3,16,2,29,41.97,-3423797.9930000002,-19029868.365,18195849.27,2679.11624,-2178.33904,-1759.0901800000001,2020-03-16 02:29:41.970,-52457053.75165341,-349001571.10771936,-143503580.66180146,148394777463.75574,-10253023412.737135,-4445011029.028131,58924.1039579861
46,2020,3,16,2,44,41.97,-990041.421,-20820924.737,16460542.152000003,2721.45276,-1796.13114,-2091.54947,2020-03-16 02:44:41.970,-51554479.35607988,-349141630.7410658,-143649466.9893847,148397236038.10342,-10228403563.45424,-4434339402.981349,58924.11437465277
46,2020,3,16,2,59,41.97,1460755.839,-22253748.426,14441959.556,2716.94579,-1383.4198900000001,-2387.69924,2020-03-16 02:59:41.970,-50651601.01805599,-349279616.2312601,-143794499.93539426,148399689775.71185,-10203783355.506134,-4423667621.995277,58924.12479131943
46,2020,3,16,3,14,41.97,3886451.285,-23304069.963000003,12175087.625,2665.7664099999997,-947.35248,-2642.52626,2020-03-16 03:14:41.970,-49748424.159961544,-349415527.7401399,-143938679.0425061,148402138676.4773,-10179162789.700766,-4412995686.413765,58924.1352079861
46,2020,3,16,3,29,41.97,6245416.496,-23954229.351999998,9699103.156,2568.88332,-495.44802,-2851.74356,2020-03-16 03:29:41.970,-48844954.20073991,-349549365.4415211,-144082003.85881934,148404582740.29623,-10154541866.84623,-4402323596.580709,58924.14562465277
46,2020,3,16,3,44,41.97,8497245.929000001,-24193452.413,7056688.6219999995,2428.04052,-35.46725,-3011.8577800000003,2020-03-16 03:44:41.970,-47941196.55587177,-349681129.52117324,-144224473.9378489,148407021967.06534,-10129920587.75077,-4391651352.84007,58924.15604131943
46,2020,3,16,3,59,41.97,10603439.856999999,-24018008.689999998,4293292.924000001,2245.72231,424.71999999999997,-3120.22231,2020-03-16 03:59:41.970,-47037156.637348495,-349810820.1767959,-144366088.83851707,148409456356.68152,-10105298953.222775,-4380978955.535895,58924.1664579861
46,2020,3,16,4,14,41.97,12528050.482,-23431249.970000003,1456350.902,2025.1066500000002,877.26721,-3175.07573,2020-03-16 04:14:41.970,-46132839.85364607,-349938437.6179936,-144506848.1251465,148411885909.0419,-10080676964.070759,-4370306405.012274,58924.17687465277
46,2020,3,16,4,29,41.97,14238281.139,-22443530.362,-1405525.079,1770.00771,1314.48161,-3175.5654099999997,2020-03-16 04:29:41.970,-45228251.60969874,-350063982.0662519,-144646751.36745206,148414310624.0437,-10056054621.103384,-4359633701.61336,58924.18729131943
46,2020,3,16,4,44,41.97,15705029.495000001,-21072010.755,-4243368.018,1484.8090599999998,1728.95043,-3121.75612,2020-03-16 04:44:41.970,-44323397.3068732,-350187453.7549125,-144785798.14053306,148416730501.58444,-10031431925.129467,-4348960845.683387,58924.1977079861
46,2020,3,16,4,59,41.97,16903366.736,-19340352.141,-7008680.33,1174.38847,2113.66123,-3014.62403,2020-03-16 04:59:41.970,-43418282.34294276,-350308852.9291502,-144923988.0248655,148419145541.56186,-10006808876.957952,-4338287837.566639,58924.20812465277
46,2020,3,16,5,14,41.97,17812945.871,-17278303.89,-9654246.031000001,844.0358,2462.1148200000002,-2856.03643,2020-03-16 05:14:41.970,-42512912.1120615,-350428179.84594727,-145061320.6062945,148421555743.87378,-9982185477.397915,-4327614677.607472,58924.21854131943
46,2020,3,16,5,29,41.97,18418333.474999998,-14921194.41,-12134918.48,499.3652,2768.4290100000003,-2648.71781,2020-03-16 05:29:41.970,-41607292.004738756,-350545434.7740695,-145197795.47602606,148423961108.41843,-9957561727.258589,-4316941366.150297,58924.2289579861
46,2020,3,16,5,44,41.97,18709260.397,-12309332.904000001,-14408371.714000002,146.22304,3027.43224,-2396.2030200000004,2020-03-16 05:44:41.970,-40701427.40781381,-350660617.9940426,-145333412.23061937,148426361635.09396,-9932937627.349342,-4306267903.539598,58924.23937465277
46,2020,3,16,5,59,41.97,18680788.121000003,-9487331.968,-16435804.121000001,-209.40721000000002,3234.74566,-2102.77832,2020-03-16 05:59:41.970,-39795323.70443022,-350773729.7981265,-145468170.47197935,148428757323.79898,-9908313178.479696,-4295594290.119917,58924.24979131943
46,2020,3,16,6,14,41.97,18333388.699,-6503361.733,-18182583.976999998,-561.50176,3386.85305,-1773.41132,2020-03-16 06:14:41.970,-38888986.2740111,-350884770.49029225,-145602069.80734813,148431148174.43246,-9883688381.459269,-4284920526.235861,58924.2602079861
46,2020,3,16,6,29,41.97,17672937.290000003,-3408347.0149999997,-19618827.299,-904.09365,3481.15744,-1413.67077,2020-03-16 06:29:41.970,-37982420.492233776,-350993740.3861969,-145735109.8492977,148433534186.89288,-9859063237.097858,-4274246612.2320986,58924.27062465277
46,2020,3,16,6,44,41.97,16710617.504000003,-255119.61,-20719899.329,-1231.36922,3516.0240200000003,-1029.6373,2020-03-16 06:44:41.970,-37075631.73100498,-351100639.8131602,-145867290.21572182,148435915361.0796,-9834437746.20539,-4263572548.4533696,58924.28104131943
46,2020,3,16,6,59,41.97,15462740.828,2902461.588,-21466832.028,-1537.76233,3490.8086900000003,-627.80618,2020-03-16 06:59:41.970,-36168625.35843605,-351205469.1101388,-145998610.52982822,148438291696.89203,-9809811909.591911,-4252898335.2444634,58924.2914579861
46,2020,3,16,7,14,41.97,13950482.554,6010409.489,-21846650.941,-1818.0455,3405.87171,-214.98338999999999,2020-03-16 07:14:41.970,-35261406.73881835,-351308228.6277029,-146129070.4201304,148440663194.22955,-9785185728.067633,-4242223972.9502454,58924.30187465277
46,2020,3,16,7,29,41.97,12199537.659,9015513.24,-21852605.906,-2067.41647,3262.57625,201.82390999999998,2020-03-16 07:29:41.970,-34353981.23259866,-351408918.7280122,-146258669.52044022,148443029852.9922,-9760559202.442892,-4231549461.915634,58924.31229131943
46,2020,3,16,7,44,41.97,10239701.231999999,11866234.393000001,-21484301.266999997,-2281.5790800000004,3063.27149,615.5209699999999,2020-03-16 07:44:41.970,-33446354.19635485,-351507539.7847908,-146387407.4698597,148445391673.0797,-9735932333.528154,-4220874802.485615,58924.3227079861
46,2020,3,16,7,59,41.97,8104379.100000001,14513580.87,-20747722.465,-2456.8173199999997,2811.26014,1019.0418800000001,2020-03-16 07:59:41.970,-32538530.982771717,-351604092.1833034,-146515283.91277274,148447748654.39246,-9711305122.134026,-4210199995.0052385,58924.33312465277
46,2020,3,16,8,14,41.97,5830035.43,16911944.706,-19655157.246999998,-2590.0611200000003,2510.75046,1405.46703,2020-03-16 08:14:41.970,-31630516.940616593,-351698576.3203304,-146642298.49883783,148450100796.83057,-9686677569.071262,-4199525039.8196173,58924.34354131943
46,2020,3,16,8,29,41.97,3455585.2,19019889.676,-18225011.19,-2678.9428700000003,2166.7929,1768.1402,2020-03-16 08:29:41.970,-30722317.414715845,-351790992.60414475,-146768450.88297963,148452448100.2949,-9662049675.150743,-4188849937.2739205,58924.3539579861
46,2020,3,16,8,44,41.97,1021740.495,20800875.158999998,-16481518.813,-2721.84332,1785.20188,2100.78324,2020-03-16 08:44:41.970,-29813937.745930515,-351881341.4544866,-146893740.72538126,148454790564.68607,-9637421441.183483,-4178174687.7133837,58924.36437465277
46,2020,3,16,8,59,41.97,-1429679.31,22223903.126000002,-14454353.231999999,-2717.92574,1372.46331,2397.6064699999997,2020-03-16 08:59:41.970,-28905383.271132756,-351969623.3025393,-147018167.69147608,148457128189.90518,-9612792867.980642,-4167499291.483309,58924.37479131943
46,2020,3,16,9,14,41.97,-3856462.473,23264075.871,-12178139.121,-2667.15739,935.6288999999999,2653.4128199999996,2020-03-16 09:14:41.970,-27996659.32318249,-352055838.5909053,-147141731.45193976,148459460975.85345,-9588163956.353495,-4156823748.9290524,58924.3852079861
46,2020,3,16,9,29,41.97,-6216733.0030000005,23903053.171,-9691875.601,-2570.31725,482.19863000000004,2863.69351,2020-03-16 09:29:41.970,-27087771.230903596,-352139987.773582,-147264431.6826827,148461788922.43234,-9563534707.11349,-4146148060.39604,58924.39562465277
46,2020,3,16,9,44,41.97,-8469679.378,24129398.947,-7038277.566,-2428.9895,19.993029999999997,3024.7132500000002,2020-03-16 09:44:41.970,-26178724.319060683,-352222071.3159367,-147386268.0648411,148464112029.54352,-9538905121.072159,-4135472226.2297506,58924.40604131943
46,2020,3,16,9,59,41.97,-10576270.749,23938809.171,-4263045.831,-2245.54223,-442.98261,3133.58292,2020-03-16 09:59:41.970,-25269523.90833592,-352302089.6946835,-147507240.28476992,148466430297.08875,-9514275199.041212,-4124796246.7757316,58924.4164579861
46,2020,3,16,10,14,41.97,-12499947.305,23334214.825,-1414078.251,-2023.0912999999998,-898.67969,3188.31774,2020-03-16 10:14:41.970,-24360175.31530591,-352380043.39785844,-147627348.03403446,148468743724.97012,-9489644941.832474,-4114120122.3795953,58924.42687465277
46,2020,3,16,10,29,41.97,-14207271.534,22325755.998,1459364.4449999998,-1765.44966,-1339.15073,3187.87948,2020-03-16 10:29:41.970,-23450683.85241866,-352455932.9247948,-147746591.0094022,148471052313.09006,-9465014350.257902,-4103443853.387008,58924.43729131943
46,2020,3,16,10,44,41.97,-15668527.542,20930625.768999998,4307523.005,-1477.06274,-1756.69382,3132.2011700000003,2020-03-16 10:44:41.970,-22541054.827970903,-352529758.78610003,-147864968.9128347,148473356061.3509,-9440383425.12959,-4092767440.143701,58924.4477079861
46,2020,3,16,10,59,41.97,-16858256.336999997,19172785.242999997,7081018.076,-1162.93098,-2143.99395,3022.1935000000003,2020-03-16 10:59:41.970,-21631293.546085283,-352601521.50363034,-147982481.45148,148475654969.65536,-9415752167.259762,-4082090882.9954634,58924.45812465277
46,2020,3,16,11,14,41.97,-17755716.122,17082553.903,9731725.913,-828.5209,-2494.25826,2859.73237,2020-03-16 11:14:41.970,-20721405.30668766,-352671221.61046726,-148099128.33766428,148477949037.9064,-9391120577.460775,-4071414182.288147,58924.46854131943
46,2020,3,16,11,29,41.97,-18345258.055,14696082.189000001,12213634.386,-479.66654,-2801.342,2647.62759,2020-03-16 11:29:41.970,-19811395.405484866,-352738859.6508933,-148214909.28888345,148480238266.0071,-9366488656.545132,-4060737338.3676763,58924.4789579861
46,2020,3,16,11,44,41.97,-18616609.7,12054715.915000001,14483662.512,-122.46321,-3059.86249,2389.5732500000004,2020-03-16 11:44:41.970,-18901269.133942213,-352804436.1803674,-148329824.0277959,148482522653.8608,-9341856405.325453,-4050060351.580021,58924.48937465277
46,2020,3,16,11,59,41.97,-18565060.305,9204264.522,16502427.418,236.84402,-3265.2984699999997,2090.08073,2020-03-16 11:59:41.970,-17991031.779261246,-352867951.7655015,-148443872.28221372,148484802201.37112,-9317223824.614477,-4039383222.2712173,58924.49979131943
46,2020,3,16,12,14,41.97,-18191544.225,6194187.318,18234943.729,591.9747199999999,-3414.0726400000003,1754.39584,2020-03-16 12:14:41.970,-17080688.624357875,-352929406.98403543,-148557053.78509474,148487076908.44177,-9292590915.225101,-4028705950.7873626,58924.5102079861
46,2020,3,16,12,29,41.97,-17502620.963,3076713.621,19651241.895999998,936.72802,-3503.6158,1388.40183,2020-03-16 12:29:41.970,-16170244.947840048,-352988802.42481333,-148669368.2745349,148489346774.97675,-9267957677.970346,-4018028537.474616,58924.52062465277
46,2020,3,16,12,44,41.97,-16510352.575000001,-94086.007,20726893.773,1265.0954199999999,-3532.4112,998.51068,2020-03-16 12:44:41.970,-15259706.02398619,-353046138.6877598,-148780815.49375919,148491611800.88028,-9243324113.663364,-4007350982.6791954,58924.53104131943
46,2020,3,16,12,59,41.97,-15232081.34,-3263259.301,21443435.835,1571.3691800000001,-3500.01854,591.54478,2020-03-16 12:59:41.970,-14349077.122723378,-353101416.3838551,-148891395.19111502,148493871986.05664,-9218690223.117424,-3996673286.747384,58924.5414579861
46,2020,3,16,13,14,41.97,-13690112.617999999,-6375944.148,21788682.724,1850.24429,-3407.0773,174.61192,2020-03-16 13:14:41.970,-13438363.509605622,-353154636.1351114,-149001107.12006226,148496127330.41074,-9194056007.145945,-3985995450.0255175,58924.55187465277
46,2020,3,16,13,29,41.97,-11911309.733000001,-9378334.288,21756926.134,2096.9117100000003,-3255.28985,-245.02397000000002,2020-03-16 13:29:41.970,-12527570.44579259,-353205798.5745485,-149109951.03916708,148498377833.84695,-9169421466.562452,-3975317472.859998,58924.56229131943
46,2020,3,16,13,44,41.97,-9926609.323,-12218620.886999998,21349016.498,2307.14159,-3047.38489,-660.07363,2020-03-16 13:44:41.970,-11616703.188028026,-353254904.3461702,-149217926.71209204,148500623496.27075,-9144786602.180613,-3964639355.5972824,58924.5727079861
46,2020,3,16,13,59,41.97,-7770467.006,-14847892.859,20572327.277,2477.3547200000003,-2787.06254,-1063.3520899999999,2020-03-16 13:59:41.970,-10705766.988618637,-353301954.10493946,-149325033.90758926,148502864317.58713,-9120151414.814238,-3953961098.583898,58924.58312465277
46,2020,3,16,14,14,41.97,-5480244.3549999995,-17220979.995,19440603.953,2604.68131,-2478.92244,-1447.90488,2020-03-16 14:14:41.970,-9794767.095412862,-353346948.5167555,-149431272.39949176,148505100297.7018,-9095515905.277239,-3943282702.166419,58924.59354131943
46,2020,3,16,14,29,41.97,-3095548.996,-19297224.436,17973701.947,2687.00632,-2128.37673,-1807.12829,2020-03-16 14:29:41.970,-8883708.75177992,-353389888.2584281,-149536641.96670508,148507331436.52036,-9070880074.38368,-3932604166.6914873,58924.6039579861
46,2020,3,16,14,44,41.97,-657540.241,-21041167.705,16197219.651999999,2723.00063,-1741.54975,-2134.88185,2020-03-16 14:44:41.970,-7972597.196588913,-353430774.0176556,-149641142.3931998,148509557733.94852,-9046243922.94774,-3921925492.5058064,58924.61437465277
46,2020,3,16,14,59,41.97,1791787.041,-22423142.397,14142034.514999999,2712.13821,-1325.16685,-2425.59103,2020-03-16 14:59:41.970,-7061437.664187967,-353469606.49299896,-149744773.46800286,148511779189.8927,-9021607451.783726,-3911246679.956128,58924.62479131943
46,2020,3,16,15,14,41.97,4210327.548,-23419759.582,11843751.614,2654.69904,-886.43425,-2674.33874,2020-03-16 15:14:41.970,-6150235.38438368,-353506386.3938591,-149847534.98518968,148513995804.25897,-8996970661.706081,-3900567729.3892803,58924.6352079861
46,2020,3,16,15,29,41.97,6556587.087,-24014285.074,9342075.467,2551.75822,-432.91253,-2876.94427,2020-03-16 15:29:41.970,-5238995.582420478,-353541114.44045234,-149949426.74387574,148516207576.95425,-8972333553.52936,-3889888641.1521325,58924.64562465277
46,2020,3,16,15,44,41.97,8790388.343,-24196899.743,6680116.813,2405.16194,27.61412,-3030.02867,2020-03-16 15:44:41.970,-4327723.478960198,-353573791.36378706,-150050448.54820862,148518414507.88498,-8947696128.068264,-3879209415.591631,58924.65604131943
46,2020,3,16,15,59,41.97,10873549.268000001,-23964841.167,3903646.913,2217.4908699999996,487.27046,-3131.06593,2020-03-16 15:59:41.970,-3416424.2900617877,-353604417.9056384,-150150600.2073598,148520616596.95822,-8923058386.137611,-3868530053.0547667,58924.6664579861
46,2020,3,16,16,14,41.97,12770523.259,-23322425.897,1060312.415,1992.0119300000001,938.22258,-3178.41936,2020-03-16 16:14:41.970,-2505103.227161126,-353632994.81852585,-150249881.53551683,148522813844.08142,-8898420328.55234,-3857850553.888601,58924.67687465277
46,2020,3,16,16,29,41.97,14448991.144,-22280953.564,-1801175.839,1732.61967,1372.8077999999998,-3171.3631100000002,2020-03-16 16:29:41.970,-1593765.497050914,-353659522.8656886,-150348292.3518743,148525006249.1617,-8873781956.127523,-3847170918.440243,58924.68729131943
46,2020,3,16,16,44,41.97,15880396.049,-20858495.860999998,-4631866.657,1443.7681499999999,1783.6602500000001,-3110.0888,2020-03-16 16:44:41.970,-682416.301860613,-353684002.82106185,-150445832.48062652,148527193812.1068,-8849143269.678352,-3836491147.056869,58924.6977079861
46,2020,3,16,16,59,41.97,17040413.262,-19079575.116,-7383391.682,1130.39481,2163.83035,-2995.6974600000003,2020-03-16 16:59:41.970,228939.16096328953,-353706435.4692525,-150542501.75095913,148529376532.82465,-8824504270.020157,-3825811240.0857153,58924.70812465277
46,2020,3,16,17,14,41.97,17909348.404,-16974738.737,-10008774.94,797.8375199999999,2506.8965099999996,-2830.1774,2020-03-16 17:14:41.970,1140295.6986770895,-353726821.6055167,-150638299.99704048,148531554411.2232,-8799864957.968376,-3815131197.874069,58924.71854131943
46,2020,3,16,17,29,41.97,18472458.377,-14580037.136,-12463216.264999999,451.74614,2807.06767,-2616.36838,2020-03-16 17:29:41.970,2051648.1232595276,-353745162.0357336,-150733227.05801424,148533727447.21088,-8775225334.338594,-3804451020.7692795,58924.7289579861
46,2020,3,16,17,44,41.97,18720190.768,-11936414.011,-14704836.709999999,97.98995000000001,3059.27536,-2357.91311,2020-03-16 17:44:41.970,2962991.2514312933,-353761457.5763842,-150827282.7779903,148535895640.69617,-8750585399.94649,-3793770709.118757,58924.73937465277
46,2020,3,16,17,59,41.97,18648338.581,-9089018.858,-16695374.786,-257.43769,3259.25424,-2059.19665,2020-03-16 17:59:41.970,3874319.9046744867,-353775709.05452573,-150920467.00603744,148538058991.5878,-8725945155.60788,-3783090263.2699666,58924.74979131943
46,2020,3,16,18,14,41.97,18258108.343,-6086452.542,-18400823.2,-608.51628,3403.6101900000003,-1725.2749199999998,2020-03-16 18:14:41.970,4785628.909251853,-353787917.3077686,-151012779.59617448,148540217499.79465,-8701304602.138725,-3772409683.5704355,58924.7602079861
46,2020,3,16,18,29,41.97,17556100.815,-2979957.493,-19791996.623,-949.29529,3489.8751899999997,-1361.79312,2020-03-16 18:29:41.970,5696913.096225985,-353798083.18425256,-151104220.40736264,148542371165.226,-8676663740.355078,-3761728970.3677435,58924.77062465277
46,2020,3,16,18,44,41.97,16554204.609000001,177435.261,-20845021.994999997,-1273.99034,3516.54824,-974.89531,2020-03-16 18:44:41.970,6608167.301478479,-353806207.542623,-151194789.30349705,148544519987.79126,-8652022571.073135,-3751048124.009534,58924.78104131943
46,2020,3,16,18,59,41.97,15269404.198,3331789.463,-21541743.837,-1577.0771,3483.12192,-571.12622,2020-03-16 18:59:41.970,7519386.365728888,-353812291.25200707,-151284486.1533984,148546663967.3999,-8627381095.1092,-3740367144.843502,58924.7914579861
46,2020,3,16,19,14,41.97,13723504.825,6429164.202,-21870038.110000003,-1853.3817900000001,3390.09399,-157.32638,2020-03-16 19:14:41.970,8430565.13455355,-353816335.19199055,-151373310.83080503,148548803103.96176,-8602739313.279715,-3729686033.217407,58924.80187465277
46,2020,3,16,19,29,41.97,11942777.952,9416518.149,-21824029.248999998,-2098.1671199999996,3238.9638800000002,259.47798,2020-03-16 19:29:41.970,9341698.458404433,-353818340.2525934,-151461263.21436486,148550937397.38705,-8578097226.401226,-3719004789.479059,58924.81229131943
46,2020,3,16,19,44,41.97,9957531.972000001,12242603.633000001,-21404206.19,-2307.21223,3032.2136,672.18903,2020-03-16 19:44:41.970,10252781.192627702,-353818307.33424664,-151548343.18762684,148553066847.586,-8553454835.290428,-3708323413.9763365,58924.8227079861
46,2020,3,16,19,59,41.97,7801613.973999999,14858836.605,-20617434.443,-2476.88571,2773.2732300000002,1073.7540000000001,2020-03-16 19:59:41.970,11163808.19748235,-353816237.3477687,-151634550.63903287,148555191454.46906,-8528812140.764106,-3697641907.0571632,58924.83312465277
46,2020,3,16,20,14,41.97,5511849.505,17220128.474,-19476862.662,-2604.21018,2466.47075,1457.28272,2020-03-16 20:14:41.970,12074774.338158531,-353812131.21434194,-151719885.46190968,148557311217.94684,-8504169143.639192,-3686960269.0695267,58924.84354131943
46,2020,3,16,20,29,41.97,3127428.347,19285665.930999998,-18001723.592,-2686.91749,2116.9666500000003,1816.16445,2020-03-16 20:29:41.970,12985674.484796,-353805989.86548823,-151804347.55446073,148559426137.93042,-8479525844.732709,-3676278500.3614655,58924.8539579861
46,2020,3,16,20,44,41.97,689245.43,21019625.18,-16217030.908,-2723.49303,1730.67366,2144.18214,2020-03-16 20:44:41.970,13896503.512502342,-353797814.2430469,-151887936.8197577,148561536214.33084,-8454882244.861847,-3665596601.281089,58924.86437465277
46,2020,3,16,20,59,41.97,-1760792.9340000001,22391807.533,-14153175.146,-2713.20825,1314.16244,2435.62206,2020-03-16 20:59:41.970,14807256.301371034,-353787605.29915017,-151970653.1657326,148563641447.0597,-8430238344.843866,-3654914572.1765494,58924.87479131943
46,2020,3,16,21,14,41.97,-4180486.345,23378184.112,-11845423.733,-2656.1403299999997,874.55411,2685.37692,2020-03-16 21:14:41.970,15717927.736499522,-353775363.9961992,-152052496.50516957,148565741836.02832,-8405594145.49617,-3644232413.3960586,58924.8852079861
46,2020,3,16,21,29,41.97,-6528069.146,23961338.523,-9333332.015,-2553.17797,419.40121000000005,2889.04021,2020-03-16 21:29:41.970,16628512.708007094,-353761091.30684245,-152133466.75569624,148567837381.14865,-8380949647.6363,-3633550125.287893,58924.89562465277
46,2020,3,16,21,44,41.97,-8762938.08,24130797.763,-6660074.041,-2406.01294,-43.44124,3042.98978,2020-03-16 21:44:41.970,17539006.111052707,-353744788.2139504,-152213563.83977628,148569928082.33292,-8356304852.081881,-3622867708.2003775,58924.90604131943
46,2020,3,16,21,59,41.97,-10846365.648,23883243.389,-3871703.756,-2217.11671,-505.95255,3144.45864,2020-03-16 21:59:41.970,18449402.84585276,-353726455.7105928,-152292787.68470052,148572013939.493,-8331659759.650681,-3612185162.481897,58924.9164579861
46,2020,3,16,22,14,41.97,-12742185.807,23222597.035,-1016358.98,-1989.70234,-960.08834,3191.59098,2020-03-16 22:14:41.970,19359697.81769859,-353706094.8000158,-152371138.22257918,148574094952.54156,-8307014371.16057,-3601502488.4808893,58924.92687465277
46,2020,3,16,22,29,41.97,-14417438.808,22159976.711,1856577.883,-1727.67192,-1397.9252,3183.48208,2020-03-16 22:29:41.970,20269885.936974153,-353683706.4956178,-152448615.39033353,148576171121.39148,-8282368687.429555,-3590819686.5458503,58924.93729131943
46,2020,3,16,22,44,41.97,-15842962.394,20713522.897,4697347.144,-1435.55008,-1811.80489,3120.20044,2020-03-16 22:44:41.970,21179962.119173184,-353659291.82092625,-152525219.12968752,148578242445.95538,-8257722709.2757435,-3580136757.02534,58924.9477079861
46,2020,3,16,22,59,41.97,-16993917.428,18908096.173,7456690.899,-1118.4049499999999,-2194.47509,3002.79169,2020-03-16 22:59:41.970,22089921.284916755,-353632851.8095748,-152600949.3871601,148580308926.14667,-8233076437.517368,-3569453700.26796,58924.95812465277
46,2020,3,16,23,14,41.97,-17850237.143999998,16774850.925999999,10086727.042000001,-781.75777,-2539.22353,2833.26346,2020-03-16 23:14:41.970,22999758.35997028,-353604387.5052791,-152675806.11405647,148582370561.8785,-8208429872.972785,-3558770516.6223817,58924.96854131943
46,2020,3,16,23,29,41.97,-18396990.729000002,14350692.434,12541801.231999999,-431.48322,-2840.00253,2614.5515100000002,2020-03-16 23:29:41.970,23909468.275260817,-353573899.96181536,-152749789.26646015,148584427353.06482,-8183783016.460473,-3548087206.4373236,58924.9789579861
46,2020,3,16,23,44,41.97,-18624653.686,11677627.268000001,14779300.096,-73.70233,-3091.54108,2350.4676299999996,2020-03-16 23:44:41.970,24819045.966893833,-353541390.24299437,-152822898.80522504,148586479299.61914,-8159135868.798989,-3537403770.0615573,58924.98937465277
46,2020,3,16,23,59,41.97,-18529279.416,8802019.333,16760409.715000002,285.32957,-3289.44204,2045.6303500000001,2020-03-16 23:59:41.970,25728486.376170356,-353506859.42264074,-152895134.6959666,148588526401.4556,-8134488430.807061,-3526720207.8439255,58924.99979131943
46,2020,3,17,0,14,41.97,-18112569.202,5773769.7,18450802.341,639.33712,-3430.26227,1705.3803400000002,2020-03-17 00:14:41.970,26637784.449603617,-353470308.58456904,-152966496.90905425,148590568658.48856,-8109840703.303485,-3516036520.133306,58925.0102079861
46,2020,3,17,0,29,41.97,-17381836.154,2645413.981,19821251.737999998,982.14103,-3511.57431,1335.6802500000001,2020-03-17 00:29:41.970,27546935.13893585,-353431738.8225594,-153036985.41960296,148592606070.6323,-8085192687.107206,-3505352707.2786436,58925.02062465277
46,2020,3,17,0,44,41.97,-16349871.49,-528789.593,20848130.777999997,1307.76833,-3532.0075,943.00657,2020-03-17 00:44:41.970,28455933.40115479,-353391151.2403362,-153106600.20746526,148594638637.80182,-8060544383.037277,-3494668769.6289396,58925.03104131943
46,2020,3,17,0,59,41.97,-15034707.593999999,-3693837.359,21513829.68,1610.56142,-3491.26955,534.22888,2020-03-17 00:59:41.970,29364774.198510386,-353348546.95154357,-153175341.25722262,148596666359.91193,-8035895791.9128475,-3483984707.5332465,58925.0414579861
46,2020,3,17,1,14,41.97,-13459288.823,-6794948.776000001,21807051.346,1885.2785199999998,-3390.14697,116.48441,2020-03-17 01:14:41.970,30273452.498531044,-353303927.0797232,-153243208.5581779,148598689236.87775,-8011246914.553207,-3473300521.340674,58925.05187465277
46,2020,3,17,1,29,41.97,-11651055.132,-9778529.973000001,21722994.073000003,2127.18572,-3230.4853599999997,-302.95163,2020-03-17 01:29:41.970,31181963.274040043,-353257292.7582912,-153310202.10434648,148600707268.6147,-7986597751.777744,-3462616211.400384,58925.06229131943
46,2020,3,17,1,44,41.97,-9641447.453000002,-12593110.742999999,21263416.897,2332.13852,-3015.1503000000002,-716.79679,2020-03-17 01:44:41.970,32090301.503171686,-353208645.13051426,-153376321.8944487,148602720455.03845,-7961948304.405967,-3451931778.061594,58925.0727079861
46,2020,3,17,1,59,41.97,-7465344.863,-15190238.016999999,20436587.703,2496.65168,-2747.9699499999997,-1117.89071,2020-03-17 01:59:41.970,32998462.169387545,-353157985.3494879,-153441567.93190143,148604728796.06488,-7937298573.257504,-3441247221.673579,58925.08312465277
46,2020,3,17,2,14,41.97,-5160444.636999999,-17525310.058,19257116.501000002,2617.95617,-2433.66101,-1499.3205999999998,2020-03-17 02:14:41.970,33906440.261492416,-353105314.57811224,-153505940.22480997,148606732291.61002,-7912648559.152083,-3430562542.5856686,58925.09354131943
46,2020,3,17,2,29,41.97,-2766597.104,-19558337.138,17745678.398,2694.04252,-2077.73972,-1854.54054,2020-03-17 02:29:41.970,34814230.77365031,-353050633.9890702,-153569438.7859598,148608730941.59018,-7887998262.909557,-3419877741.147243,58925.1039579861
46,2020,3,17,2,44,41.97,-325107.77,-21254616.163,15928632.683,2723.69017,-1686.41999,-2177.48267,2020-03-17 02:44:41.970,35721828.70540023,-352993944.7648038,-153632063.6328085,148610724745.92178,-7863347685.349891,-3409192817.707738,58925.11437465277
46,2020,3,17,2,59,41.97,2121980.5769999996,-22585308.613,13837546.208,2706.48263,-1266.50074,-2462.6584500000004,2020-03-17 02:59:41.970,36629229.06167205,-352935248.09749204,-153693814.78747785,148612713704.52176,-7838696827.293156,-3398507772.6166477,58925.12479131943
46,2020,3,17,3,14,41.97,4532613.034,-23527913.139,11508630.687,2642.8084799999997,-825.24488,-2705.24845,2020-03-17 03:14:41.970,37536426.85280211,-352874545.18902695,-153754692.27674493,148614697817.3069,-7814045689.559528,-3387822606.223511,58925.1352079861
46,2020,3,17,3,29,41.97,6865442.484999999,-24066626.238,8982104.805000002,2533.8487600000003,-370.25201000000004,-2901.17947,2020-03-17 03:29:41.970,38443417.09454882,-352811837.250992,-153814696.13203487,148616677084.1946,-7789394272.969328,-3377137318.8779335,58925.14562465277
46,2020,3,17,3,44,41.97,9080532.123000002,-24192586.487,6301493.008,2381.5511100000003,90.67267,-3047.18797,2020-03-17 03:44:41.970,39350194.80810805,-352747125.50463855,-153873826.38941213,148618651505.10208,-7764742578.342955,-3366451910.9295673,58925.15604131943
46,2020,3,17,3,59,41.97,11140029.108000001,-23903999.902,3512873.586,2188.59156,549.65109,-3140.86923,2020-03-17 03:59:41.970,40256755.020128615,-352680411.1808632,-153932083.08957273,148620621079.94717,-7740090606.500939,-3355766382.728115,58925.1664579861
46,2020,3,17,4,14,41.97,13008798.601,-23206145.965,664089.174,1958.32491,998.86436,-3180.71171,2020-03-17 04:14:41.970,41163092.76272762,-352611695.5201855,-153989466.2778358,148622585808.64777,-7715438358.263914,-3345080734.6233454,58925.17687465277
46,2020,3,17,4,29,41.97,14655008.373,-22111265.794,-2196066.972,1694.7247,1430.68231,-3166.1164400000002,2020-03-17 04:29:41.970,42069203.07350562,-352540979.7727244,-154045976.00413567,148624545691.12186,-7690785834.452612,-3334394966.965064,58925.18729131943
46,2020,3,17,4,44,41.97,16050655.181,-20638335.742,-5018675.478,1402.314,1837.78826,-3097.40167,2020-03-17 04:44:41.970,42975080.995561674,-352468265.19817674,-154101612.3230136,148626500727.2878,-7666133035.887909,-3323709080.1031446,58925.1977079861
46,2020,3,17,4,59,41.97,17172025.196,-18812731.343,-7755512.902000001,1086.08833,2213.29761,-2975.7928100000004,2020-03-17 04:59:41.970,43880721.577508464,-352393553.0657934,-154156375.29360983,148628450917.06427,-7641479963.390751,-3313023074.387507,58925.20812465277
46,2020,3,17,5,14,41.97,18000081.942,-16665788.085,-10359858.394000001,751.4318599999999,2550.86832,-2803.39838,2020-03-17 05:14:41.970,44786119.8734872,-352316844.6543579,-154210264.97965533,148630396260.37003,-7616826617.782237,-3302336950.168128,58925.21854131943
46,2020,3,17,5,29,41.97,18520776.384,-14234266.785,-12787272.558999998,404.02841,2844.80215,-2583.17241,2020-03-17 05:29:41.970,45691270.94318251,-352238141.2521629,-154263281.44946387,148632336757.12402,-7592172999.8835335,-3291650707.795029,58925.2289579861
46,2020,3,17,5,44,41.97,18725275.001000002,-11559732.595999999,-14996336.719999999,49.76842,3090.1352,-2318.8642,2020-03-17 05:44:41.970,46596169.85183723,-352157444.15698797,-154315424.7759235,148634272407.24545,-7567519110.515948,-3280964347.6182976,58925.23937465277
46,2020,3,17,5,59,41.97,18610102.867000002,-8687857.658000002,-16949341.547,-305.34666,3282.71685,-2014.9561399999998,2020-03-17 05:59:41.970,47500811.67026701,-352074754.676077,-154366695.03648898,148636203210.65396,-7542864950.500876,-3270277869.9880652,58925.24979131943
46,2020,3,17,6,14,41.97,18177199.961999997,-5667658.317000001,-18612914.814,-655.30135,3419.27613,-1676.59083,2020-03-17 06:14:41.970,48405191.47487492,-351990074.1261164,-154417092.31317338,148638129167.26926,-7518210520.6598425,-3259591275.254515,58925.2602079861
46,2020,3,17,6,29,41.97,17433890.058000002,-2550678.586,-19958578.956,-994.16327,3497.47466,-1309.4881300000002,2020-03-17 06:29:41.970,49309304.34766603,-351903403.83321166,-154466616.6925401,148640050277.01114,-7493555821.814466,-3248904563.767894,58925.27062465277
46,2020,3,17,6,44,41.97,16392762.673,609867.85,-20963230.051999997,-1316.17897,3515.9457399999997,-919.85367,2020-03-17 06:44:41.970,50213145.37626182,-351814745.13286555,-154515268.26569474,148641966539.7998,-7468900854.786471,-3238217735.8784885,58925.28104131943
46,2020,3,17,6,59,41.97,15071469.692,3759984.269,-21609530.853,-1615.86751,3474.31884,-514.2795500000001,2020-03-17 06:59:41.970,51116709.65391443,-351724099.36995554,-154563047.128277,148643877955.55576,-7444245620.397704,-3227530791.9366446,58925.2914579861
46,2020,3,17,7,14,41.97,13492439.334,6845792.912,-21886211.531,-1888.11039,3373.22919,-99.63875,2020-03-17 07:14:41.970,52019992.27952102,-351631467.8987111,-154609953.3804525,148645784524.19946,-7419590119.470112,-3216843732.292761,58925.30187465277
46,2020,3,17,7,29,41.97,11682511.242,9814438.771,-21788272.956,-2128.2366700000002,3214.31211,317.02565999999996,2020-03-17 07:29:41.970,52922988.35763789,-351536852.0826924,-154655987.12690526,148647686245.65192,-7394934352.825747,-3206156557.297285,58925.31229131943
46,2020,3,17,7,44,41.97,9672497.574000001,12614981.314000001,-21317088.463,-2332.1021100000003,3000.18185,728.61504,2020-03-17 07:44:41.970,53825692.99849451,-351440253.29476726,-154701148.47682875,148649583119.8342,-7370278321.286757,-3195469267.3007154,58925.3227079861
46,2020,3,17,7,59,41.97,7496676.0370000005,15199260.161,-20480401.381,-2496.16103,2734.39486,1128.09207,2020-03-17 07:59:41.970,54728101.318007685,-351341672.9170889,-154745437.54391864,148651475146.66748,-7345622025.675432,-3184781862.6536117,58925.33312465277
46,2020,3,17,8,14,41.97,5192221.954,17522720.726999998,-19292216.941999998,-2617.52975,2421.39757,1508.59829,2020-03-17 08:14:41.970,55630208.437795244,-351241112.3410737,-154788854.44636425,148653362326.07352,-7320965466.814129,-3174094343.706573,58925.34354131943
46,2020,3,17,8,29,41.97,2798587.536,19545185.961,-17772588.701,-2694.0403,2066.45892,1863.5707,2020-03-17 08:29:41.970,56532009.4851902,-351138572.9673798,-154831399.306841,148655244657.97372,-7296308645.525336,-3163406710.8102636,58925.3539579861
46,2020,3,17,8,44,41.97,356837.62200000003,21231560.678999998,-15947301.179,-2724.2832,1675.5881100000001,2186.85543,2020-03-17 08:44:41.970,57433499.5932541,-351034056.20588386,-154873072.25250158,148657122142.29056,-7271651562.63164,-3152718964.3153887,58925.36437465277
46,2020,3,17,8,59,41.97,-2091047.8039999998,22552455.521,-13847452.194,-2707.63834,1255.4383899999998,2472.8166499999998,2020-03-17 08:59:41.970,58334673.900791,-350927563.4756595,-154913873.41496873,148658994778.94592,-7246994218.955732,-3142031104.5727115,58925.37479131943
46,2020,3,17,9,14,41.97,-4502893.046999999,23484718.431,-11508940.141999999,-2644.29276,813.1980100000001,2716.4385700000003,2020-03-17 09:14:41.970,59235527.55236101,-350819096.2049554,-154953802.93032688,148660862567.86246,-7222336615.3203945,-3131343131.9330354,58925.3852079861
46,2020,3,17,9,29,41.97,-6837055.976,24011862.674,-8971863.353,-2535.2446,356.46959,2913.41843,2020-03-17 09:29:41.970,60136055.698293686,-350708655.83117247,-154992860.93911403,148662725508.96277,-7197678752.548558,-3120655046.74724,58925.39562465277
46,2020,3,17,9,44,41.97,-9053154.402,24124381.884999998,-6279840.579,-2382.2925999999998,-106.85995,3060.24845,2020-03-17 09:44:41.970,61036253.49470157,-350596243.8008432,-155031047.5863139,148664583602.16974,-7173020631.463207,-3109966849.366227,58925.40604131943
46,2020,3,17,9,59,41.97,-11112776.338,23819944.426,-3479263.485,-2188.01079,-568.7571300000001,3154.28467,2020-03-17 09:59:41.970,61936116.10349359,-350481861.5696081,-155068363.02134788,148666436847.4067,-7148362252.88746,-3099278540.1409698,58925.4164579861
46,2020,3,17,10,14,41.97,-12980160.823,23103461.430999998,-618493.745,-1955.7084,-1021.1844100000001,3193.8009100000004,2020-03-17 10:14:41.970,62835638.692388125,-350365510.60219485,-155104807.398067,148668285244.59683,-7123703617.6445265,-3088590119.4224796,58925.42687465277
46,2020,3,17,10,29,41.97,-14622836.122000001,21987025.323000003,2252981.092,-1689.37535,-1456.24507,3178.0262000000002,2020-03-17 10:29:41.970,63734816.434926346,-350247192.3723961,-155140380.8747441,148670128793.66394,-7099044726.5577345,-3077901587.5618315,58925.43729131943
46,2020,3,17,10,44,41.97,-16012202.622000001,20489718.162,5085417.555,-1393.61398,-1866.32707,3107.16457,2020-03-17 10:44:41.970,64633644.5104854,-350126908.3630474,-155175083.6140653,148671967494.53168,-7074385580.450508,-3067212944.9101434,58925.4477079861
46,2020,3,17,10,59,41.97,-17124048.623999998,18637291.954,7829695.687,-1073.55844,-2244.24319,2982.3962,2020-03-17 10:59:41.970,65532118.10429131,-350004660.0660053,-155208915.78312305,148673801347.12433,-7049726180.146368,-3056524191.8185806,58925.45812465277
46,2020,3,17,11,14,41.97,-17938988.411,16461725.843,10438191.059999999,-734.78289,-2583.36399,2805.8597800000002,2020-03-17 11:14:41.970,66430232.40743201,-349880448.98212606,-155241877.553407,148675630351.36603,-7025066526.468938,-3045835328.6383686,58925.46854131943
46,2020,3,17,11,29,41.97,-18442813.513,14000667.866,12865622.402,-383.2007,-2877.74089,2580.6160299999997,2020-03-17 11:29:41.970,67327982.61687021,-349754276.62124354,-155273969.100797,148677454507.1815,-7000406620.24196,-3035146355.7207766,58925.4789579861
46,2020,3,17,11,44,41.97,-18626749.894,11296771.548,15069858.185999999,-24.95657,-3122.21635,2310.5931100000003,2020-03-17 11:44:41.970,68225363.93545613,-349626144.5021471,-155305190.60555425,148679273814.49533,-6975746462.28926,-3024457273.4171267,58925.48937465277
46,2020,3,17,11,59,41.97,-18487615.768,8396939.989,17012666.349999998,333.68599,-3312.51884,2000.5150600000002,2020-03-17 11:59:41.970,69122371.57194044,-349496054.1525607,-155335542.25231442,148681088273.2326,-6951086053.434772,-3013768082.0787897,58925.49979131943
46,2020,3,17,12,14,41.97,-18027876.958,5351492.113,18660392.531,686.45943,-3445.34058,1655.81481,2020-03-17 12:14:41.970,70019000.74098665,-349364007.1091205,-155365024.2300786,148682897883.31866,-6926425394.502545,-3003078782.057191,58925.5102079861
46,2020,3,17,12,29,41.97,-17255598.889000002,2213267.401,19984553.768999998,1027.20667,-3518.39628,1282.5337000000002,2020-03-17 12:29:41.970,70915246.66318393,-349230004.91735333,-155393636.73220617,148684702644.6789,-6901764486.316704,-2992389373.7037983,58925.52062465277
46,2020,3,17,12,44,41.97,-16184296.554000001,-963313.374,20962336.569,1349.9929200000001,-3530.4620099999997,887.20977,2020-03-17 12:44:41.970,71811104.56505945,-349094049.13165575,-155421379.9564065,148686502557.23898,-6877103329.701505,-2981699857.3701386,58925.53104131943
46,2020,3,17,12,59,41.97,-14832685.932,-4123213.1550000003,21576990.319000002,1649.2124999999999,-3481.39352,476.7574,2020-03-17 12:59:41.970,72706569.67909083,-348956141.31527144,-155448254.10473105,148688297620.92493,-6852441925.481283,-2971010233.407786,58925.5414579861
46,2020,3,17,13,14,41.97,-13224342.326,-7211750.815,21818109.404999997,1919.68852,-3372.12394,58.34075,2020-03-17 13:14:41.970,73601637.24371864,-348816283.0402707,-155474259.38356572,148690087835.66278,-6827780274.480473,-2960320502.168355,58925.55187465277
46,2020,3,17,13,29,41.97,-11387272.904,-10175562.207,21681799.707,2156.76354,-3204.64139,-360.75615,2020-03-17 13:29:41.970,74496302.50335856,-348674475.8875282,-155499396.0036224,148691873201.37915,-6803118377.523625,-2949630664.0035233,58925.56229131943
46,2020,3,17,13,44,41.97,-9353412.315,-12963532.275,21170727.617,2356.37965,-2981.94722,-773.26013,2020-03-17 13:44:41.970,75390560.70841363,-348530721.4467015,-155523664.17993182,148693653718.00058,-6778456235.435381,-2938940719.265009,58925.5727079861
46,2020,3,17,13,59,41.97,-7158051.557,-15527681.388,20294052.018999998,2515.1465000000003,-2707.9963000000002,-1172.03781,2020-03-17 13:59:41.970,76284407.11528629,-348385021.31621057,-155547064.13183504,148695429385.45386,-6753793849.040478,-2928250668.3045845,58925.58312465277
46,2020,3,17,14,14,41.97,-4839211.327,-17823990.347,19067241.956,2630.3965,-2387.62074,-1550.2203100000002,2020-03-17 14:14:41.970,77177836.98639056,-348237377.10321516,-155569596.0829759,148697200203.6661,-6729131219.163759,-2917560511.4740696,58925.59354131943
46,2020,3,17,14,29,41.97,-2436971.867,-19813150.04,17511784.765,2700.22623,-2026.4390300000002,-1901.3216,2020-03-17 14:29:41.970,78070845.59016411,-348087790.42359424,-155591260.26129293,148698966172.56482,-6704468346.6301775,-2906870249.125336,58925.6039579861
46,2020,3,17,14,44,41.97,7228.199,-21461223.469,15654791.39,2723.52387,-1630.75253,-2219.34832,2020-03-17 14:44:41.970,78963428.20108007,-347936262.9019242,-155612056.8990116,148700727292.07745,-6679805232.264753,-2896179881.6103,58925.61437465277
46,2020,3,17,14,59,41.97,2451311.302,-22740209.783,13528507.237,2699.98238,-1207.43158,-2498.89961,2020-03-17 14:59:41.970,79855580.09965879,-347782796.17145836,-155631986.23263672,148702483562.13177,-6655141876.892634,-2885489409.280927,58925.62479131943
46,2020,3,17,15,14,41.97,4853285.916,-23628501.947,11169738.41,2630.0987099999998,-763.79341,-2735.2551,2020-03-17 15:14:41.970,80747296.5724798,-347627391.87410456,-155651048.50294405,148704234982.65594,-6630478281.339058,-2874798832.489238,58925.6352079861
46,2020,3,17,15,29,41.97,7171964.606,-24111231.744,8619204.344,2515.15926,-307.47426,-2924.45027,2020-03-17 15:29:41.970,81638572.9121935,-347470051.66040456,-155669243.95497292,148705981553.57812,-6605814446.429357,-2864108151.5872946,58925.64562465277
46,2020,3,17,15,44,41.97,9367663.115,-24180497.896,5920828.839,2357.21238,153.70211,-3063.33791,2020-03-17 15:44:41.970,82529404.41753283,-347310777.18951344,-155686572.83801812,148707723274.8269,-6581150372.988962,-2853417366.927214,58925.65604131943
46,2020,3,17,15,59,41.97,11402869.092,-23835475.117000002,3120982.179,2159.02858,611.8571499999999,-3149.63523,2020-03-17 15:59:41.970,83419786.39332457,-347149570.12917715,-155703035.40562218,148709460146.33102,-6556486061.843416,-2842726478.861158,58925.6664579861
46,2020,3,17,16,14,41.97,13242869.83,-23082403.928,267687.49700000003,1924.04938,1059.1894,-3181.9561599999997,2020-03-17 16:14:41.970,84309714.15050136,-346986432.1557128,-155718631.91556767,148711192168.01938,-6531821513.818325,-2832035487.741336,58925.67687465277
46,2020,3,17,16,29,41.97,14856329.345,-21934462.96,-2590195.22,1656.3260799999998,1488.10345,-3159.82874,2020-03-17 16:29:41.970,85199183.00611258,-346821364.9539858,-155733362.6298694,148712919339.82138,-6507156729.739426,-2821344393.9200106,58925.68729131943
46,2020,3,17,16,44,41.97,16215806.136,-20411527.241,-5403794.078,1360.44938,1891.3340300000002,-3083.69768,2020-03-17 16:44:41.970,86088188.28333604,-346654370.21739125,-155747227.8147661,148714641661.66614,-6482491710.432543,-2810653197.749491,58925.6977079861
46,2020,3,17,16,59,41.97,17298204.057,-18539817.615,-8125045.956,1041.47134,2262.06353,-2954.91235,2020-03-17 16:59:41.970,86976725.31148937,-346485449.64783096,-155760227.7407135,148716359133.48355,-6457826456.72358,-2799961899.5821266,58925.70812465277
46,2020,3,17,17,14,41.97,18085149.93,-16351447.962,-10707500.049,704.82083,2594.0314,-2775.70085,2020-03-17 17:14:41.970,87864789.42604102,-346314604.95569277,-155772362.68237573,148718071755.2036,-6433160969.438566,-2789270499.7703285,58925.71854131943
46,2020,3,17,17,29,41.97,18563292.68,-13883878.171,-13107091.951,356.21391,2881.63395,-2549.13054,2020-03-17 17:29:41.970,88752375.96862155,-346141837.8598302,-155783632.91861826,148719779526.7564,-6408495249.403592,-2778578998.666547,58925.7289579861
46,2020,3,17,17,44,41.97,18724520.011,-11179282.031000001,-15282876.555000002,1.56043,3120.0134199999998,-2279.05617,2020-03-17 17:44:41.970,89639480.28703466,-345967150.0875419,-155794038.7324995,148721482448.0723,-6383829297.44487,-2767887396.623278,58925.73937465277
46,2020,3,17,17,59,41.97,18566089.792,-8283840.204,-17197708.853,-353.13187,3305.1352500000003,-1970.05613,2020-03-17 17:59:41.970,90526097.73526844,-345790543.37454945,-155803580.41126359,148723180519.08194,-6359163114.388707,-2757195693.9930773,58925.74979131943
46,2020,3,17,18,14,41.97,18090674.534999996,-5246969.318,-18818862.513,-701.8543999999999,3433.85264,-1627.35805,2020-03-17 18:14:41.970,91412223.67350587,-345612019.4649776,-155812258.24633217,148724873739.71616,-6334496701.061489,-2746503891.1285324,58925.7602079861
46,2020,3,17,18,29,41.97,17306318.469,-2120498.924,-20118577.035,-1038.69468,3503.9577,-1256.75472,2020-03-17 18:29:41.970,92297853.46813653,-345431580.1113335,-155820072.53329694,148726562109.90598,-6309830058.289705,-2735811988.3822904,58925.77062465277
46,2020,3,17,18,44,41.97,16226307.858000001,1042191.2669999999,-21074525.257,-1357.93199,3514.21851,-864.51132,2020-03-17 18:44:41.970,93182982.49176665,-345249227.0744849,-155827023.57191196,148728245629.58282,-6285163186.8999405,-2725119986.1070404,58925.78104131943
46,2020,3,17,18,59,41.97,14868956.294,4187061.009,-21670193.955,-1654.1304400000001,3464.40163,-457.26528,2020-03-17 18:59:41.970,94067606.12323031,-345064962.1236407,-155833111.66608602,148729924298.6783,-6260496087.718877,-2714427884.6555233,58925.7914579861
46,2020,3,17,19,14,41.97,13257307.818,7260312.678,-21895171.391,-1922.22834,3355.2796599999997,-41.91984,2020-03-17 19:14:41.970,94951719.74759996,-344878787.03633,-155838337.12387434,148731598117.1242,-6235828761.573278,-2703735684.3805227,58925.80187465277
46,2020,3,17,19,29,41.97,11418761.763,10209294.343,-21745336.755,-2157.6225400000003,3188.6234,374.46731,2020-03-17 19:29:41.970,95835318.7561973,-344690703.5983803,-155842700.25747165,148733267084.8525,-6211161209.290016,-2693043385.634868,58925.81229131943
46,2020,3,17,19,44,41.97,9384624.358,12983388.861,-21222947.642,-2356.24665,2967.1786199999997,784.79901,2020-03-17 19:44:41.970,96718398.54660375,-344500713.60389864,-155846201.38320407,148734931201.79556,-6186493431.696047,-2682350988.771441,58925.8227079861
46,2020,3,17,19,59,41.97,7189593.1790000005,15534875.033,-20336623.018,-2514.64184,2694.62721,1182.05563,2020-03-17 19:59:41.970,97600954.52267085,-344308818.85524964,-155848840.82152137,148736590467.88583,-6161825429.6184225,-2671658494.1431694,58925.83312465277
46,2020,3,17,20,14,41.97,4871181.681,17819746.799,-19101220.494000003,-2630.01901,2375.53281,1559.41269,2020-03-17 20:14:41.970,98482982.094531,-344115021.163036,-155850618.89698964,148738244883.05597,-6137157203.884274,-2660965902.103019,58925.84354131943
46,2020,3,17,20,29,41.97,2469092.135,19798476.669,-17537608.240000002,-2700.31107,2015.27133,1910.35706,2020-03-17 20:29:41.970,99364476.6786077,-343919322.3460771,-155851535.93828315,148739894447.23917,-6112488755.320857,-2650273213.0040193,58925.8539579861
46,2020,3,17,20,44,41.97,24546.365,21436709.922,-15672333.500999998,-2724.21421,1619.94668,2228.8001799999997,2020-03-17 20:44:41.970,100245433.69762589,-343721724.2313888,-155851592.27817735,148741539160.36853,-6087820084.755488,-2639580427.1992297,58925.86437465277
46,2020,3,17,20,59,41.97,-2420415.2509999997,22705876.706,-13537191.413,-2701.21702,1196.2927699999998,2509.18612,2020-03-17 20:59:41.970,101125848.58062224,-343522228.65416396,-155850788.25354066,148743179022.3775,-6063151193.015598,-2628887545.041767,58925.87479131943
46,2020,3,17,21,14,41.97,-4823655.14,23583710.073,-11168699.636,-2631.61645,751.5627000000001,2746.59242,2020-03-17 21:14:41.970,102005716.76295558,-343320837.45775026,-155849124.20532683,148744814033.19986,-6038482080.9286785,-2618194566.8847837,58925.8852079861
46,2020,3,17,21,29,41.97,-7143668.042,24054659.142,-8607486.216,-2516.51982,293.40677999999997,2936.82173,2020-03-17 21:29:41.970,102885033.68631671,-343117552.4936318,-155846600.47856796,148746444192.76953,-6013812749.322356,-2607501493.0814977,58925.89562465277
46,2020,3,17,21,44,41.97,-9340305.834999999,24110188.103,-5897599.96,-2357.8323499999997,-170.25879999999998,3076.48203,2020-03-17 21:44:41.970,103763794.79873878,-342912375.62140685,-155843217.42236614,148748069501.02072,-5989143199.024313,-2596808323.985149,58925.90604131943
46,2020,3,17,21,59,41.97,-11375484.459999999,23748953.619,-3085754.477,-2158.22985,-631.3905,3163.05349,2020-03-17 21:59:41.970,104641995.55460721,-342705308.70876914,-155838975.38988626,148749689957.8877,-5964473430.862338,-2586115059.9490385,58925.9164579861
46,2020,3,17,22,14,41.97,-13213859.597000001,22976855.321,-220518.69,-1921.11659,-1081.96048,3194.94029,2020-03-17 22:14:41.970,105519631.41466972,-342496353.63148725,-155833874.7383483,148751305563.3051,-5939803445.6643095,-2575421701.3265123,58925.92687465277
46,2020,3,17,22,29,41.97,-14823457.975,21806956.503000002,2648531.814,-1650.56895,-1514.10146,3171.50562,2020-03-17 22:29:41.970,106396697.84604625,-342285512.27338356,-155827915.82901967,148752916317.2081,-5915133244.258178,-2564728248.4709554,58925.93729131943
46,2020,3,17,22,44,41.97,-16176251.735,20259274.766999997,5471687.051,-1351.26542,-1920.25036,3093.08895,2020-03-17 22:44:41.970,107273190.32223892,-342072786.5263149,-155821099.02720785,148754522219.53152,-5890462827.472015,-2554034701.735809,58925.9477079861
46,2020,3,17,22,59,41.97,-17248664.187999997,18360445.123,8199982.066000001,-1028.40433,-2293.2876,2961.00464,2020-03-17 22:59:41.970,108149104.3231417,-341858178.29015255,-155813424.70225275,148756123270.21075,-5865792196.133965,-2543341061.47455,58925.95812465277
46,2020,3,17,23,14,41.97,-18021996.531,16143260.836,10786066.6,-687.61078,-2626.66895,2777.52158,2020-03-17 23:14:41.970,109024435.33505026,-341641689.4727612,-155804893.22751883,148757719469.1816,-5841121351.072258,-2532647328.040706,58925.96854131943
46,2020,3,17,23,29,41.97,-18482766.692,13646100.076000001,13185048.036,-334.83479,-2914.54698,2545.8242699999996,2020-03-17 23:29:41.970,109899178.85067153,-341423321.9899802,-155795504.98038816,148759310816.3796,-5816450293.115221,-2521953501.78785,58925.9789579861
46,2020,3,17,23,44,41.97,-18622953.261,10912248.98,15355291.063000001,23.75739,-3151.8793299999998,2269.9557499999996,2020-03-17 23:44:41.970,110773330.36913359,-341203077.76560205,-155785260.3422524,148760897311.7412,-5791779023.091262,-2511259583.069598,58925.98937465277
46,2020,3,17,23,59,41.97,-18440139.528,7989134.081,17259158.373,381.89617999999996,-3334.52153,1954.74378,2020-03-17 23:59:41.970,111646885.39599517,-340980958.7313538,-155774159.69850537,148762478955.20245,-5767107541.828886,-2500565572.239613,58925.99979131943
46,2020,3,18,0,14,41.97,-17937555.445,4927482.527,18863675.968,733.3232800000001,-3459.30209,1605.7122399999998,2020-03-18 00:14:41.970,112519839.44325508,-340756966.8268761,-155762203.4385359,148764055746.7,-5742435850.156684,-2489871469.651604,58926.0102079861
46,2020,3,18,0,29,41.97,-17124013.403,1780405.605,20141122.486,1071.90718,-3524.07887,1228.97759,2020-03-18 00:29:41.970,113392188.02936165,-340531103.999704,-155749391.95571953,148765627686.17056,-5717763948.903337,-2479177275.659324,58926.02062465277
46,2020,3,18,0,44,41.97,-16013747.553,-1397524.322,21069500.475,1391.75246,-3527.77472,831.13775,2020-03-18 00:44:41.970,114263926.67922243,-340303372.2052462,-155735725.64741197,148767194773.55124,-5693091838.897604,-2468482990.616571,58926.03104131943
46,2020,3,18,0,59,41.97,-14626150.605,-4551254.933,21632923.559,1687.30708,-3470.39333,419.14942,2020-03-18 00:59:41.970,115135050.92421326,-340073773.4067665,-155721204.91494095,148768757008.7793,-5668419520.968343,-2457788614.877184,58926.0414579861
46,2020,3,18,1,14,41.97,-12985420.453,-7626222.402000001,21821880.453,1953.46061,-3353.01401,0.20124,2020-03-18 01:14:41.970,116005556.30218776,-339842309.5753625,-155705830.16359878,148770314391.79224,-5643746995.944488,-2447094148.7950525,58926.05187465277
46,2020,3,18,1,29,41.97,-11120121.806,-10569309.638,21633385.239,2185.63348,-3177.7666,-418.41642,2020-03-18 01:29:41.970,116875438.35748658,-339608982.6899469,-155689601.80263552,148771866922.52774,-5619074264.65507,-2436399592.7241073,58926.06229131943
46,2020,3,18,1,44,41.97,-9062672.214,-13329773.209,21071010.057,2379.8554900000004,-2947.78715,-829.44213,2020-03-18 01:44:41.970,117744692.64094642,-339373794.73722744,-155672520.2452507,148773414600.92377,-5594401327.929208,-2425704947.0183306,58926.0727079861
46,2020,3,18,1,59,41.97,-6848762.848,-15860122.264,20144801.025000002,2532.83212,-2667.1558,-1225.77183,2020-03-18 01:59:41.970,118613314.70990948,-339136747.71168715,-155654585.90858626,148774957426.91873,-5569728186.596095,-2415010212.0317335,58926.08312465277
46,2020,3,18,2,14,41.97,-4516725.365999999,-18116934.092,18871080.373,2641.99788,-2340.8183999999997,-1600.58282,2020-03-18 02:14:41.970,119481300.12823245,-338897843.61556447,-155635799.21371922,148776495400.45102,-5545054841.485028,-2404315388.1183896,58926.09354131943
46,2020,3,18,2,29,41.97,-2106856.969,-20061592.533999998,17272139.883,2705.55582,-1974.49379,-1947.45099,2020-03-18 02:29:41.970,120348644.46629532,-338657084.45883435,-155616160.5856541,148778028521.45923,-5520381293.425377,-2393620475.6324077,58926.1039579861
46,2020,3,18,2,44,41.97,339283.817,-21660937.228,15375832.575000001,2722.50301,-1574.56869,-2260.45944,2020-03-18 02:44:41.970,121215343.30101083,-338414472.2591876,-155595670.45331556,148779556789.88257,-5495707543.24659,-2382925474.927938,58926.11437465277
46,2020,3,18,2,59,41.97,2779597.895,-22887813.577,13215071.217999998,2692.64181,-1147.9826,-2534.29659,2020-03-18 02:59:41.970,122081392.21583304,-338170009.04201263,-155574329.24954087,148781080205.65985,-5471033591.778223,-2372230386.3591795,58926.12479131943
46,2020,3,18,3,14,41.97,5172170.172,-23721515.367,10827243.700000001,2616.5771699999996,-702.1047500000001,-2764.3426600000003,2020-03-18 03:14:41.970,122946786.80076633,-337923696.84037435,-155552137.41107282,148782598768.73074,-5446359439.849903,-2361535210.2803745,58926.1352079861
46,2020,3,18,3,29,41.97,7475985.552,-24148114.02,8253556.416999999,2495.70031,-244.60554000000002,-2946.74298,2020-03-18 03:29:41.970,123811522.6523744,-337675537.69499636,-155529095.378552,148784112479.03482,-5421685088.291337,-2350839947.0458083,58926.14562465277
46,2020,3,18,3,44,41.97,9651624.37,-24160670.527,5538317.776,2332.15949,216.67516,-3078.46756,2020-03-18 03:44:41.970,124675595.37378874,-337425533.6542399,-155505203.5965094,148785621336.5121,-5397010537.932327,-2340144597.009807,58926.15604131943
46,2020,3,18,3,59,41.97,11661925.996,-23759328.192,2728174.604,2128.8186800000003,673.86084,-3157.3562,2020-03-18 03:59:41.970,125539000.57471777,-337173686.77408606,-155480462.51335967,148787125341.10248,-5372335789.602765,-2329449160.52675,58926.1664579861
46,2020,3,18,4,14,41.97,13472610.095,-22951286.248,-128685.35499999998,1889.2049399999999,1119.16989,-3182.14864,2020-03-18 04:14:41.970,126401733.87145516,-336919999.1181152,-155454872.5813928,148788624492.7467,-5347660844.1326065,-2318753637.951048,58926.17687465277
46,2020,3,18,4,29,41.97,15052846.013,-21750656.337,-2983351.4420000003,1617.44595,1545.04404,-3152.49997,2020-03-18 04:29:41.970,127263790.8868889,-336664472.7574876,-155428434.25676775,148790118791.3851,-5322985702.351904,-2308058029.637162,58926.18729131943
46,2020,3,18,4,44,41.97,16375761.773,-20178205.588,-5787015.19,1318.1985300000001,1944.27163,-3068.98106,2020-03-18 04:44:41.970,128125167.25050947,-336407109.7709252,-155401147.99950445,148791608236.95877,-5298310365.090797,-2297362335.939595,58926.1977079861
46,2020,3,18,4,59,41.97,17418885.283,-18260991.64,-8491789.370000001,996.56966,2310.1041699999996,-2933.06473,2020-03-18 04:59:41.970,128985858.59841844,-336147912.2446912,-155373014.27347684,148793092829.40848,-5273634833.179503,-2286666557.212897,58926.20812465277
46,2020,3,18,5,14,41.97,18164511.53,-16031896.468,-11051508.166,658.03119,2636.36445,-2747.09776,2020-03-18 05:14:41.970,129845860.57333732,-335886882.27257156,-155344033.54640508,148794572568.6759,-5248959107.448314,-2275970693.811648,58926.21854131943
46,2020,3,18,5,29,41.97,18599990.717,-13529067.143000001,-13422496.234000001,308.32971,2917.5449900000003,-2514.25981,2020-03-18 05:29:41.970,130705168.82461584,-335624021.95585525,-155314206.28984886,148796047454.70245,-5224283188.727624,-2265274746.0904884,58926.2289579861
46,2020,3,18,5,44,41.97,18717933.503,-10795272.819,-15564295.037,-46.60731,3148.89559,-2238.50975,2020-03-18 05:44:41.970,131563779.00824007,-335359333.40331584,-155283532.97919995,148797517487.43005,-5199607077.847898,-2254578714.404091,58926.23937465277
46,2020,3,18,5,59,41.97,18516330.697,-7877188.244,-17440335.623999998,-400.76761,3326.4989100000003,-1924.5204600000002,2020-03-18 05:59:41.970,132421686.78684111,-335092818.73119175,-155252014.09367457,148798982666.8007,-5174930775.639681,-2243882599.107176,58926.24979131943
46,2020,3,18,6,14,41.97,17998585.919,-4824614.939,-19018547.871999998,-748.1511800000001,3447.33327,-1577.6029899999999,2020-03-18 06:14:41.970,133278887.82970335,-334824480.063167,-155219650.11630628,148800442992.75677,-5150254282.933596,-2233186400.5544996,58926.2602079861
46,2020,3,18,6,29,41.97,17173460.889999997,-1689651.887,-20271897.101999998,-1082.86718,3509.3219200000003,-1203.62119,2020-03-18 06:29:41.970,134135377.81277268,-334554319.53035253,-155186441.5339393,148801898465.24075,-5125577600.560367,-2222490119.100871,58926.27062465277
46,2020,3,18,6,44,41.97,16054934.153,1474171.779,-21178839.974999998,-1399.22923,3511.3681699999997,-808.8978999999999,2020-03-18 06:44:41.970,134991152.41866452,-334282339.27126765,-155152388.83722016,148803349084.1954,-5100900729.3507805,-2211793755.1011286,58926.28104131943
46,2020,3,18,6,59,41.97,14661975.1,4612789.167,-21723692.566999998,-1691.84808,3453.37584,-400.11381,2020-03-18 06:59:41.970,135846207.33667246,-334008541.43182015,-155117492.52059165,148804794849.56384,-5076223670.135712,-2201097308.9101663,58926.2914579861
46,2020,3,18,7,14,41.97,13018236.3,7672499.688,-21896904.609,-1955.72031,3336.2547600000003,15.799719999999999,2020-03-18 07:14:41.970,136700538.26277587,-333732928.1652877,-155081753.0822846,148806235761.28937,-5051546423.746129,-2190400780.8829155,58926.30187465277
46,2020,3,18,7,29,41.97,11151668.183,10600871.158,-21695235.012000002,-2186.31198,3161.91084,431.77263999999997,2020-03-18 07:29:41.970,137554140.8996483,-333455501.6322991,-155045171.0243112,148807671819.3154,-5026868991.013051,-2179704171.3743477,58926.31229131943
46,2020,3,18,7,44,41.97,9094061.253,13347626.002999999,-21121824.999,-2379.63582,2933.22066,840.7115200000001,2020-03-18 07:44:41.970,138407010.95666564,-333176264.00081533,-155007746.85245776,148809103023.58575,-5002191372.767604,-2169007480.739475,58926.3227079861
46,2020,3,18,7,59,41.97,6880522.096,15865497.599,-20186166.472,-2532.32096,2653.9905099999996,1235.61678,2020-03-18 07:59:41.970,139259144.14991337,-332895217.4461103,-154969481.0762773,148810529374.0443,-4977513569.8409815,-2158310709.3333573,58926.33312465277
46,2020,3,18,8,14,41.97,4548890.529,18111042.747,-18903964.652,-2641.67375,2328.89992,1609.70012,2020-03-18 08:14:41.970,140110536.20219567,-332612364.1507531,-154930374.20908272,148811950870.6355,-4952835583.064459,-2147613857.5110908,58926.34354131943
46,2020,3,18,8,29,41.97,2139106.39,20045396.508,-17296895.536,-2705.72871,1963.4301,1956.50055,2020-03-18 08:29:41.970,140961182.84304225,-332327706.304588,-154890426.76793933,148813367513.30374,-4928157413.269397,-2136916925.6278205,58926.3539579861
46,2020,3,18,8,44,41.97,-307464.506,21634956.009,-15392260.378,-2723.28811,1563.77779,2269.99687,2020-03-18 08:44:41.970,141811079.8087168,-332041246.10471606,-154849639.2736576,148814779301.99374,-4903479061.287231,-2126219914.0387263,58926.36437465277
46,2020,3,18,8,59,41.97,-2748734.659,22851980.459,-13222541.124,-2693.9494,1136.75538,2544.71494,2020-03-18 08:59:41.970,142660222.84222475,-331752985.75547683,-154808012.25078624,148816186236.65033,-4878800527.949478,-2115522823.0990317,58926.37479131943
46,2020,3,18,9,14,41.97,-5142617.916,23675095.542,-10824862.582,-2618.1193500000004,689.67849,2775.82732,2020-03-18 09:14:41.970,143508607.69332054,-331462927.46843004,-154765546.22760534,148817588317.21896,-4854121814.087727,-2104825653.164002,58926.3852079861
46,2020,3,18,9,29,41.97,-7447758.97,24089691.575,-8240368.988,-2497.0141099999996,230.24263,2959.24349,2020-03-18 09:29:41.970,144356230.11851618,-331171073.46233535,-154722241.73611832,148818985543.6449,-4829442920.533652,-2094128404.5889456,58926.39562465277
46,2020,3,18,9,44,41.97,-9624256.399,24088206.369,-5513524.523,-2332.64473,-233.60932,3091.6883300000004,2020-03-18 09:44:41.970,145203085.88108853,-330877425.96313566,-154678099.3120459,148820377915.87396,-4804763848.119016,-2083431077.7292118,58926.40604131943
46,2020,3,18,9,59,41.97,-11634366.018000001,23670285.613,-2691349.1410000003,-2127.78789,-693.8263999999999,3170.76706,2020-03-18 09:59:41.970,146049170.75108665,-330581987.20393693,-154633119.49481818,148821765433.85214,-4780084597.675632,-2072733672.940189,58926.4164579861
46,2020,3,18,10,14,41.97,-13443171.193,22842815.786,177397.223,-1885.94183,-1142.39305,3195.01473,2020-03-18 10:14:41.970,146894480.50533983,-330284759.4249912,-154587302.82756796,148823148097.52533,-4755405170.035414,-2062036190.5773065,58926.42687465277
46,2020,3,18,10,29,41.97,-15019207.064,21619827.058,3043067.5489999996,-1611.26804,-1571.47406,3163.9289599999997,2020-03-18 10:29:41.970,147739010.92746505,-329985744.8736765,-154540649.8571236,148824525906.84012,-4730725566.0303545,-2051338630.9960392,58926.43729131943
46,2020,3,18,10,44,41.97,-16335026.185999999,20022266.288,5856002.013,-1308.51961,-1973.5578,3077.98458,2020-03-18 10:44:41.970,148582757.80787417,-329684945.8044797,-154493161.1340017,148825898861.74323,-4706045786.492499,-2040640994.551893,58926.4477079861
46,2020,3,18,10,59,41.97,-17367694.080000002,18077642.994000003,8567407.115,-982.9573700000001,-2341.59474,2938.62968,2020-03-18 10:59:41.970,149425716.94378215,-329382364.4789773,-154444837.21240023,148827266962.1815,-4681365832.2540045,-2029943281.6004286,58926.45812465277
46,2020,3,18,11,14,41.97,-18099204.458,15819554.0,11130222.695,-640.2555199999999,-2669.12802,2748.26266,2020-03-18 11:14:41.970,150267884.13921368,-329078003.16581756,-154395678.6501917,148828630208.10208,-4656685704.147077,-2019245492.4972384,58926.46854131943
46,2020,3,18,11,29,41.97,-18516805.520000003,13287095.152,13499959.905,-286.39873,-2950.41336,2510.19069,2020-03-18 11:29:41.970,151109255.20501104,-328771864.1407015,-154345686.00891545,148829988599.4524,-4632005403.004007,-2008547627.5979545,58926.4789579861
46,2020,3,18,11,44,41.97,-18613230.543,10524171.067,15635493.649,72.42723,-3180.5253599999996,2228.57027,2020-03-18 11:44:41.970,151949825.9588414,-328463949.68636554,-154294859.85377142,148831342136.17993,-4607324929.657181,-1997849687.2582574,58926.48937465277
46,2020,3,18,11,59,41.97,-18386828.085,7578716.1729999995,17499793.975,429.94883,-3355.44794,1908.33125,2020-03-18 11:59:41.970,152789592.22520405,-328154262.09256196,-154243200.7536126,148832690818.23282,-4582644284.939032,-1987151671.8338575,58926.49979131943
46,2020,3,18,12,14,41.97,-17841589.284,4501842.192,19060582.175,779.9196900000001,-3472.1470600000002,1555.0858,2020-03-18 12:14:41.970,153628549.83543774,-327842803.6560419,-154190709.28093812,148834034645.55902,-4557963469.682077,-1976453581.6805124,58926.5102079861
46,2020,3,18,12,29,41.97,-16987071.962,1346928.7859999998,20290899.055999998,1116.23456,-3528.62415,1175.0246399999999,2020-03-18 12:29:41.970,154466694.62772804,-327529576.6805361,-154137386.0118864,148835373618.10693,-4533282484.718922,-1965755417.1540208,58926.52062465277
46,2020,3,18,12,44,41.97,-15838223.48,-1831324.866,21169574.846,1433.03999,-3523.94934,774.80262,2020-03-18 12:44:41.970,155304022.44711405,-327214583.4767376,-154083231.52622783,148836707735.82507,-4508601330.882233,-1955057178.6102157,58926.53104131943
46,2020,3,18,12,59,41.97,-14415106.363,-4977869.160999999,21681592.346,1724.83932,-3458.27417,361.41634,2020-03-18 12:59:41.970,156140529.14549622,-326897826.36228275,-154028246.40735808,148838036998.66254,-4483920009.0047655,-1944358866.4049778,58926.5414579861
46,2020,3,18,13,14,41.97,-12742532.689,-8038275.304,21818337.327,1986.5901399999998,-3332.82369,-57.92358,2020-03-18 13:14:41.970,156976210.58164334,-326579307.6617338,-153972431.24229124,148839361406.56808,-4459238519.919336,-1933660480.8942213,58926.55187465277
46,2020,3,18,13,29,41.97,-10849614.981,-10959690.418,21577732.541,2213.79209,-3149.8686199999997,-475.92295,2020-03-18 13:29:41.970,157811062.62119892,-326259029.7065603,-153915786.6216524,148840680959.49124,-4434556864.458847,-1922962022.433904,58926.56229131943
46,2020,3,18,13,44,41.97,-8769242.859,-13691758.968,20964254.129,2402.5637899999997,-2912.67857,-885.33448,2020-03-18 13:44:41.970,158645081.1366894,-325936994.83512145,-153858313.13967118,148841995657.38162,-4409875043.456266,-1912263491.3800194,58926.5727079861
46,2020,3,18,13,59,41.97,-6537495.93,-16187493.989,19988831.531,2549.70747,-2625.4575099999997,-1279.0858,2020-03-18 13:59:41.970,159478262.0075302,-325613205.39264786,-153800011.3941744,148843305500.18896,-4385193057.744637,-1901564888.0886042,58926.58312465277
46,2020,3,18,14,14,41.97,-4193004.404,-18404082.956,18668634.203,2652.76033,-2293.26336,-1650.40259,2020-03-18 14:14:41.970,160310601.12003303,-325287663.73122334,-153740881.98657945,148844610487.86343,-4360510908.157092,-1890866212.9157376,58926.59354131943
46,2020,3,18,14,29,41.97,-1776269.581,-20303614.739,17026750.49,2710.03229,-1921.91335,-1992.9247400000002,2020-03-18 14:29:41.970,161142094.36741313,-324960372.2097677,-153680925.52188715,148845910620.35526,-4335828595.526813,-1880167466.2175322,58926.6039579861
46,2020,3,18,14,44,41.97,671043.1989999999,-21853715.87,15091765.851,2720.6294199999998,-1517.87752,-2300.8136,2020-03-18 14:44:41.970,161972737.64979577,-324631333.19401765,-153620142.60867506,148847205897.61487,-4311146120.687072,-1869468648.35014,58926.61437465277
46,2020,3,18,14,59,41.97,3106826.389,-23028086.31,12897249.229999999,2684.46335,-1088.16225,-2568.8485499999997,2020-03-18 14:59:41.970,162802526.87422305,-324300549.0565104,-153558533.85909036,148848496319.59332,-4286463484.4712114,-1858769759.6697605,58926.62479131943
46,2020,3,18,15,14,41.97,5489254.204,-23806926.907,10481157.766,2602.24667,-640.18641,-2792.5117,2020-03-18 15:14:41.970,163631457.95466125,-323968022.1765644,-153496099.888843,148849781886.24152,-4261780687.7126336,-1848070800.5326176,58926.6352079861
46,2020,3,18,15,29,41.97,7777496.325,-24177252.821,7885171.159,2475.47485,-181.65221,-2968.0593599999997,2020-03-18 15:29:41.970,164459526.8120073,-323633754.9402622,-153432841.31719926,148851062597.51083,-4237097731.244836,-1837371771.2949915,58926.64562465277
46,2020,3,18,15,44,41.97,9932409.503999999,-24133089.25,5153967.901,2306.3952799999997,279.58682,-3092.57964,2020-03-18 15:44:41.970,165286729.3740953,-323297749.74043304,-153368758.7669741,148852338453.35275,-4212414615.9013743,-1826672672.3131907,58926.65604131943
46,2020,3,18,15,59,41.97,11917195.861,-23675547.858999997,2334456.202,2097.96438,735.65857,-3164.03544,2020-03-18 15:59:41.970,166113061.57570368,-322960008.9766341,-153303852.86452478,148853609453.71902,-4187731342.5158796,-1815973503.943565,58926.6664579861
46,2020,3,18,16,14,41.97,13698017.508000001,-22812784.237,-525027.1279999999,1853.7936399999999,1178.8036399999999,-3181.29264,2020-03-18 16:14:41.970,166938519.35856158,-322620535.05513364,-153238124.23974416,148854875598.56165,-4163047911.922047,-1805274266.542499,58926.67687465277
46,2020,3,18,16,29,41.97,15244558.101,-21559838.619,-3375536.457,1578.08584,1601.50313,-3144.1333999999997,2020-03-18 16:29:41.970,167763098.67135596,-322279330.38889277,-153171573.5260535,148856136887.83292,-4138364324.953662,-1794574960.4664261,58926.68729131943
46,2020,3,18,16,44,41.97,16530522.948,-19938363.829,-6168342.364,1275.5624599999999,1996.60117,-3053.25457,2020-03-18 16:44:41.970,168586795.4697374,-321936397.3975484,-153104201.3603959,148857393321.48532,-4113680582.4445643,-1783875586.0718102,58926.6977079861
46,2020,3,18,16,59,41.97,17534070.442,-17976246.022,-8855748.825000001,951.3838900000001,2357.42038,-2910.2519,2020-03-18 16:59:41.970,169409605.71632758,-321591738.50739485,-153036008.3832292,148858644899.47177,-4088996685.22867,-1773176143.7151537,58926.70812465277
46,2020,3,18,17,14,41.97,18238168.741,-15707125.233000001,-11391889.795,611.0633600000001,2677.86876,-2717.5901900000003,2020-03-18 17:14:41.970,170231525.3807254,-321245356.15136695,-152966995.23851946,148859891621.74506,-4064312634.139969,-1762476633.7530017,58926.71854131943
46,2020,3,18,17,29,41.97,18630872.822,-13169824.071999999,-13733493.023,260.37622,2952.53676,-2478.56041,2020-03-18 17:29:41.970,171052550.4395135,-320897252.7690217,-152897162.5737341,148861133488.25845,-4039628430.0125246,-1751777056.5419364,58926.7289579861
46,2020,3,18,17,44,41.97,18705518.226,-10407693.97,-15840599.601,-94.73421,3176.78322,-2197.22437,2020-03-18 17:44:41.970,171872676.87626496,-320547430.80652165,-152826511.03983513,148862370498.96558,-4014944073.6804585,-1741077412.4385757,58926.73937465277
46,2020,3,18,17,59,41.97,18460829.012,-7467889.432,-17677228.518,-448.25292,3346.8093099999996,-1878.3480100000002,2020-03-18 17:59:41.970,172691900.68154913,-320195892.716617,-152755041.29127213,148863602653.82013,-3990259565.977975,-1730377701.799577,58926.74979131943
46,2020,3,18,18,14,41.97,17900938.582,-4400581.513,-19211976.358,-794.19034,3459.71947,-1527.3241500000001,2020-03-18 18:14:41.970,173510217.85293904,-319842640.9586279,-152682753.9859758,148864829952.776,-3965574907.7393365,-1719677924.9816363,58926.7602079861
46,2020,3,18,18,29,41.97,17035323.203,-1258122.4919999999,-20418543.205000002,-1126.6790099999998,3513.56881,-1150.0859,2020-03-18 18:29:41.970,174327624.3950171,-319487677.99842715,-152609649.7853513,148866052395.78748,-3940890099.7988987,-1708978082.3414903,58926.77062465277
46,2020,3,18,18,44,41.97,15878649.165000001,1905825.745,-21276176.769,-1440.06865,3507.39629,-753.01176,2020-03-18 18:44:41.970,175144116.31938168,-319131006.30842304,-152535729.35427082,148867269982.80893,-3916205142.9910574,-1698278174.2359085,58926.78104131943
46,2020,3,18,18,59,41.97,14450535.615,5037186.566000001,-21770027.808,-1729.01827,3441.24314,-342.82359,2020-03-18 18:59:41.970,175959689.6446531,-318772628.3675418,-152460993.36106765,148868482713.79517,-3891520038.1502953,-1687578201.0216968,58926.7914579861
46,2020,3,18,19,14,41.97,12775236.183999998,8082373.316000001,-21891410.972000003,-1988.5842499999999,3316.1562400000003,73.52134000000001,2020-03-18 19:14:41.970,176774340.39648092,-318412546.6612102,-152385442.47752926,148869690588.70123,-3866834786.1111584,-1676878163.0557067,58926.80187465277
46,2020,3,18,19,29,41.97,10881243.64,10989190.158,-21637966.349,-2214.30321,3134.17614,488.94284,2020-03-18 19:29:41.970,177588064.6075487,-318050763.68133867,-152309077.37889022,148870893607.48212,-3842149387.7082605,-1666178060.6948202,58926.81229131943
46,2020,3,18,19,44,41.97,8800822.848,13707715.148,-21013718.22,-2402.26822,2898.30948,896.35348,2020-03-18 19:44:41.970,178400858.31758162,-317687281.9263029,-152231898.74382576,148872091770.0934,-3817463843.7762985,-1655477894.2959642,58926.8227079861
46,2020,3,18,19,59,41.97,6569478.468,16191151.502999999,-20029028.819,-2549.19736,2612.48596,1288.77594,2020-03-18 19:59:41.970,179212717.5733518,-317322103.9009282,-152153907.25444514,148873285076.49084,-3792778155.150014,-1644777664.216093,58926.83312465277
46,2020,3,18,20,14,41.97,4225364.898,18396633.124,-18700446.362,-2652.49336,2281.4997,1659.4604,2020-03-18 20:14:41.970,180023638.42868498,-316955232.1164711,-152075103.59628505,148874473526.63028,-3768092322.664231,-1634077370.812205,58926.84354131943
46,2020,3,18,20,29,41.97,1808647.073,20285970.603,-17050448.085,-2710.29297,1910.93572,2002.0001,2020-03-18 20:29:41.970,180833616.94446635,-316586669.0906023,-151995488.45830247,148875657120.4679,-3743406347.1538405,-1623377014.4413352,58926.8539579861
46,2020,3,18,20,44,41.97,-639178.175,21826324.411000002,-15107080.749,-2721.505,1507.08179,2310.44332,2020-03-18 20:44:41.970,181642649.18864676,-316216417.3473905,-151915062.5328685,148876835857.96014,-3718720229.453805,-1612676595.4605565,58926.86437465277
46,2020,3,18,20,59,41.97,-3075989.508,22990792.606,-12903502.780000001,-2685.83602,1076.82675,2579.39966,2020-03-18 20:59:41.970,182450731.23624885,-315844479.41728365,-151833826.51576164,148878009739.06372,-3694033970.3991327,-1601976114.2269726,58926.87479131943
46,2020,3,18,21,14,41.97,-5459765.578,23758901.364,-10477434.1,-2603.80258,627.5465099999999,2804.1385299999997,2020-03-18 21:14:41.970,183257859.16937342,-315470857.837093,-151751781.1061608,148879178763.73547,-3669347570.8249354,-1591275571.097732,58926.8852079861
46,2020,3,18,21,29,41.97,-7749314.276,24116987.936,-7870521.568,-2476.72934,166.97929,2980.67783,2020-03-18 21:29:41.970,184064029.07720456,-315095555.14997625,-151668927.00663918,148880342931.93268,-3644661031.5663657,-1580574966.430018,58926.89562465277
46,2020,3,18,21,44,41.97,-9904993.742,24058467.184,-5127629.831,-2306.73266,-296.90797000000003,3105.86071,2020-03-18 21:44:41.970,184869237.05601647,-314718573.9054198,-151585264.9231571,148881502243.61276,-3619974353.4586406,-1569874300.5810437,58926.90604131943
46,2020,3,18,21,59,41.97,-11889411.878,23583974.819,-2296069.219,-2096.68921,-756.05963,3177.41841,2020-03-18 21:59:41.970,185673479.20917916,-314339916.6592217,-151500795.56505597,148882656698.73334,-3595287537.337065,-1559173573.908072,58926.9164579861
46,2020,3,18,22,14,41.97,-13668091.043,22701382.654,575226.071,-1850.19002,-1202.4752700000001,3194.01758,2020-03-18 22:14:41.970,186476751.64716437,-313959585.97347504,-151415519.6450512,148883806297.25223,-3570600584.0369864,-1548472786.7683895,58926.92687465277
46,2020,3,18,22,29,41.97,-15210084.939000001,21425683.689000003,3436554.767,-1571.4803200000001,-1628.3545100000001,3155.2905400000004,2020-03-18 22:29:41.970,187279050.48755136,-313577584.41655165,-151329437.8792259,148884951039.1277,-3545913494.393837,-1537771939.5193276,58926.93729131943
46,2020,3,18,22,44,41.97,-16488535.296999998,19778747.512000002,6238324.47,-1265.3861200000001,-2026.2398799999999,3061.84738,2020-03-18 22:44:41.970,188080371.85503316,-313193914.5630837,-151242550.98702416,148886090924.31815,-3521226269.2430983,-1527071032.518247,58926.9477079861
46,2020,3,18,22,59,41.97,-17481157.037,17788949.275,8931930.123,-937.2289000000001,-2389.1543899999997,2915.26941,2020-03-18 22:59:41.970,188880711.88142192,-312808578.9939478,-151154859.6912445,148887225952.78214,-3496538909.4203386,-1516370066.122555,58926.95812465277
46,2020,3,18,23,14,41.97,-18170641.847999997,15490678.309,11470618.017,-592.72999,-2710.7309,2718.08362,2020-03-18 23:14:41.970,189680066.7056555,-312421580.2962484,-151066364.71803352,148888356124.47867,-3471851415.7611637,-1505669040.6896837,58926.96854131943
46,2020,3,18,23,29,41.97,-18544971.826,12923735.146000002,13810318.451,-237.90663,-2985.33027,2473.71862,2020-03-18 23:29:41.970,190478432.47380203,-312032921.06330013,-150977066.79687896,148889481439.3668,-3447163789.1012745,-1494967956.5771108,58926.9789579861
46,2020,3,18,23,44,41.97,-18597636.669,10132628.237000002,15910430.656000001,121.03803,-3208.1457,2186.44283,2020-03-18 23:44:41.970,191275805.339067,-311642603.8946117,-150886966.66060337,148890601897.40588,-3422476030.2764187,-1484266814.142346,58926.98937465277
46,2020,3,18,23,59,41.97,-18327750.032,7165783.897,17734544.616,477.82859,-3375.2908700000003,1861.28629,2020-03-18 23:59:41.970,192072181.46179822,-311250631.3958686,-150796065.0453578,148891717498.55566,-3397788140.122402,-1473565613.742929,58926.99979131943
46,2020,3,19,0,14,41.97,-17740063.482,4074688.053,19251084.019,826.23208,-3483.87012,1503.9480800000001,2020-03-19 00:14:41.970,192867557.00949186,-310857006.178917,-150704362.69061488,148892828242.77603,-3373100119.4751205,-1462864355.7364483,58927.0102079861
46,2020,3,19,0,29,41.97,-16844874.3,912957.6359999999,20433868.727,1160.1727500000002,-3532.0292000000004,1120.6897,2020-03-19 00:29:41.970,193661928.15679786,-310461730.8617463,-150611860.3391624,148893934130.027,-3348411969.170508,-1452163040.4805186,58927.02062465277
46,2020,3,19,0,44,41.97,-15657838.178,-2264592.8570000003,21262559.176999997,1473.8403,-3518.9855900000002,718.22113,2020-03-19 00:44:41.970,194455291.08552578,-310064808.06847316,-150518558.73709717,148895035160.26898,-3323723690.0445714,-1441461668.3327882,58927.03104131943
46,2020,3,19,0,59,41.97,-14199680.229,-5402934.649,21723011.963,1761.7951999999998,-3445.03851,303.57643,2020-03-19 00:59:41.970,195247641.9846505,-309666240.4293243,-150424458.63381803,148896131333.4625,-3299035282.933385,-1430760239.650951,58927.0414579861
46,2020,3,19,1,14,41.97,-12495818.030000001,-8447791.78,21807512.290999997,2019.06454,-3311.5582099999997,-116.0143,2020-03-19 01:14:41.970,196038977.05031794,-309266030.5806206,-150329560.78201962,148897222649.56863,-3274346748.6730933,-1420058754.7927299,58927.05187465277
46,2020,3,19,1,29,41.97,-10575901.954,-11346592.761,21514891.722,2241.2285399999996,-3120.9554700000003,-533.25553,2020-03-19 01:29:41.970,196829292.48584998,-308864181.16475964,-150233865.93768603,148898309108.54837,-3249658088.099889,-1409357214.1158838,58927.06229131943
46,2020,3,19,1,44,41.97,-8473282.628,-14049386.209,20850528.318,2424.49574,-2876.6322299999997,-940.91658,2020-03-19 01:44:41.970,197618584.50175092,-308460694.8301994,-150137374.8600839,148899390710.3631,-3224969302.0500283,-1398655617.9782047,58927.0727079861
46,2020,3,19,1,59,41.97,-6224416.155,-16509704.106,19826230.604000002,2565.76592,-2582.91487,-1331.95908,2020-03-19 01:59:41.970,198406849.31571248,-308055574.23144245,-150040088.31175664,148900467454.97437,-3200280391.359844,-1387953966.7375233,58927.08312465277
46,2020,3,19,2,14,41.97,-3868218.689,-18685357.73,18460008.968,2662.67965,-2244.97159,-1699.65931,2020-03-19 02:14:41.970,199194083.15261933,-307648822.02901864,-149942007.05851716,148901539342.34412,-3175591356.8657184,-1377252260.751706,58927.09354131943
46,2020,3,19,2,29,41.97,-1445382.5890000002,-20539152.929,16775740.108000001,2713.65402,-1868.71613,-2037.72322,2020-03-19 02:29:41.970,199980282.24455476,-307240440.8894686,-149843131.86944246,148902606372.43436,-3150902199.404107,-1366550500.3786535,58927.1039579861
46,2020,3,19,2,44,41.97,1002333.2309999999,-22039513.244999997,14802731.95,2717.9042299999996,-1460.69964,-2340.39225,2020-03-19 02:44:41.970,200765442.83080587,-306830433.485328,-149743463.5168659,148903668545.2074,-3126212919.811519,-1355848685.976299,58927.11437465277
46,2020,3,19,2,59,41.97,3432825.997,-23161001.325,12575198.07,2675.45103,-1027.99315,-2602.5383899999997,2020-03-19 02:59:41.970,201549561.15786964,-306418802.4951106,-149643002.7763721,148904725860.6261,-3101523518.924525,-1345146817.9026117,58927.12479131943
46,2020,3,19,3,14,41.97,5804372.198,-23884731.103,10131651.949,2587.11425,-578.0627900000001,-2819.74702,2020-03-19 03:14:41.970,202332633.47945738,-306005550.6032919,-149541750.42678958,148905778318.653,-3076833997.57976,-1334444896.5155954,58927.1352079861
46,2020,3,19,3,29,41.97,8076338.808,-24198665.322,7514232.549000001,2454.49296,-118.64010999999999,-2988.3866000000003,2020-03-19 03:29:41.970,203114656.05650103,-305590680.5002927,-149439707.25018513,148906825919.25128,-3052144356.6139336,-1323742922.1732934,58927.14562465277
46,2020,3,19,3,44,41.97,10209870.839,-24097795.01,4767973.501999999,2279.93284,342.41019,-3105.66413,2020-03-19 03:44:41.970,203895625.15715793,-305174194.8824634,-149336874.03185642,148907868662.38452,-3027454596.8637886,-1313040895.2337742,58927.15604131943
46,2020,3,19,3,59,41.97,12168544.146,-23584199.575,1940028.821,2066.48174,797.2228799999999,-3169.66623,2020-03-19 03:59:41.970,204675537.0568165,-304756096.4520666,-149233251.5603267,148908906548.01593,-3002764719.1661506,-1302338816.05515,58927.1664579861
46,2020,3,19,4,14,41.97,13918973.238,-22666988.134,-921131.579,1817.8343,1238.06317,-3179.38518,2020-03-19 04:14:41.970,205454388.038101,-304336387.9172622,-149128840.6273379,148909939576.10953,-2978074724.3578987,-1291636684.995559,58927.17687465277
46,2020,3,19,4,29,41.97,15431364.831999999,-21362124.539,-3766543.149,1538.2669799999999,1657.4539,-3134.73013,2020-03-19 04:29:41.970,206232174.39087772,-303915071.99208987,-149023642.02784422,148910967746.6294,-2953384613.2759743,-1280934502.4131815,58927.18729131943
46,2020,3,19,4,44,41.97,16680008.947999999,-19692140.295,-6547571.402,1232.5644300000001,2048.2971700000003,-3036.52361,2020-03-19 04:44:41.970,207008892.41225973,-303492151.3964532,-148917656.5600058,148911991059.5398,-2928694386.757383,-1270232268.666229,58927.1977079861
46,2020,3,19,4,59,41.97,17643700.449,-17685741.150999997,-9216726.963,905.93876,2403.9887200000003,-2886.48365,2020-03-19 04:59:41.970,207784538.40661177,-303067628.8561042,-148810885.02518266,148913009514.80542,-2904004045.6391797,-1259529984.1129436,58927.20812465277
46,2020,3,19,5,14,41.97,18306085.14,-15377314.554000001,-11728458.313,563.94286,2718.52362,-2687.19218,2020-03-19 05:14:41.970,208559108.68555635,-302641507.1026263,-148703328.227928,148914023112.39093,-2879313590.758484,-1248827649.111607,58927.21854131943
46,2020,3,19,5,29,41.97,18655925.685999997,-12806346.462,-14039910.135,212.37912,2986.5918100000004,-2442.05033,2020-03-19 05:29:41.970,209332599.56797835,-302213788.8734185,-148594986.97598213,148915031852.26157,-2854623022.9524865,-1238125264.0205343,58927.2289579861
46,2020,3,19,5,44,41.97,18687283.847999997,-10016757.071,-16111635.867,-142.79503,3203.66254,-2155.22152,2020-03-19 05:44:41.970,210105007.38003,-301784476.91167974,-148485862.08026627,148916035734.38254,-2829932343.0584097,-1227422829.1980674,58927.23937465277
46,2020,3,19,5,59,41.97,18399616.693,-7056166.015,-17908253.854,-495.56361,3366.05658,-1831.5632,2020-03-19 05:59:41.970,210876328.45513684,-301353573.9663912,-148375954.3548757,148917034758.7194,-2805241551.9135714,-1216720345.0025916,58927.24979131943
46,2020,3,19,6,14,41.97,17797785.608,-3975098.3729999997,-19399037.359,-839.94918,3471.00537,-1476.54827,2020-03-19 06:14:41.970,211646559.1340022,-300921082.7923023,-148265264.61707395,148918028925.23807,-2780550650.355319,-1206017811.7925186,58927.2602079861
46,2020,3,19,6,29,41.97,16891978.084999997,-826143.532,-20558429.603,-1170.1093700000001,3516.69651,-1096.17729,2020-03-19 06:29:41.970,212415695.76461232,-300487006.1499141,-148153793.6872866,148919018233.90454,-2755859639.221071,-1195315229.9262981,58927.27062465277
46,2020,3,19,6,44,41.97,15697543.366,2336920.4899999998,-21366476.022,-1480.43156,3502.30497,-696.88244,2020-03-19 06:44:41.970,213183734.70224193,-300051346.8054616,-148041542.38909444,148920002684.68515,-2731168519.3483105,-1184612599.7624137,58927.28104131943
46,2020,3,19,6,59,41.97,14234744.129999999,5460024.166,-21809166.917999998,-1765.62457,3428.00948,-285.42467999999997,2020-03-19 06:59:41.970,213950672.30945876,-299614107.53090054,-147928511.5492277,148920982277.54636,-2706477291.574562,-1173909921.659378,58927.2914579861
46,2020,3,19,7,14,41.97,12528427.5,8489711.58,-21878684.817,-2020.8060900000003,3294.99382,131.21495,2020-03-19 07:14:41.970,214716504.95612907,-299175291.10388863,-147814701.99755976,148921957012.45514,-2681785956.737424,-1163207195.9757397,58927.30187465277
46,2020,3,19,7,29,41.97,10607619.731999999,11374039.776,-21573551.958,-2241.5846199999996,3105.4327000000003,545.94837,2020-03-19 07:29:41.970,215481229.01942235,-298734900.3077721,-147700114.56710067,148922926889.37848,-2657094515.6745377,-1152504423.0700798,58927.31229131943
46,2020,3,19,7,44,41.97,8505050.038999999,14063458.41,-20898674.612,-2424.1347800000003,2862.46208,951.69645,2020-03-19 07:44:41.970,216244840.88381642,-298292937.93156826,-147584750.09399092,148923891908.28363,-2632402969.223615,-1141801603.301014,58927.3227079861
46,2020,3,19,7,59,41.97,6256610.12,16511655.685999999,-19865282.222000003,-2565.26472,2570.13393,1341.50642,2020-03-19 07:59:41.970,217007336.94110242,-297849406.7699498,-147468609.4174956,148924852069.13818,-2607711318.222433,-1131098737.0271928,58927.33312465277
46,2020,3,19,8,14,41.97,3900757.0500000003,18676356.624,-18490760.818,-2662.47434,2233.35563,1708.66916,2020-03-19 08:14:41.970,217768713.59038985,-297404309.6232295,-147351693.37999746,148925807371.90988,-2583019563.5088015,-1120395824.607295,58927.34354131943
46,2020,3,19,8,29,41.97,1477868.2899999998,20520059.986,-16798381.700999998,-2714.00327,1857.81427,2046.83436,2020-03-19 08:29:41.970,218528967.23811156,-296957649.2973439,-147234002.82699147,148926757816.56696,-2558327705.920598,-1109692866.4000335,58927.3539579861
46,2020,3,19,8,44,41.97,-970441.34,22010700.580000002,-14816928.066,-2718.86726,1449.88672,2350.12179,2020-03-19 08:44:41.970,219288094.29802835,-296509428.6038378,-147115538.60707816,148927703403.07745,-2533635746.295762,-1098989862.7641544,58927.36437465277
46,2020,3,19,8,59,41.97,-3402029.9060000004,23122224.434,-12580224.0,-2676.88208,1016.5360800000001,2613.22663,2020-03-19 08:59:41.970,220046091.1912342,-296059650.3598484,-146996301.57195744,148928644131.41013,-2508943685.472286,-1088286814.0584388,58927.37479131943
46,2020,3,19,9,14,41.97,-5774954.094,23835065.303,-10126572.15,-2588.6739,565.19621,2831.51678,2020-03-19 09:14:41.970,220802954.34616107,-295608317.3880893,-146876292.5764225,148929580001.53375,-2484251524.2882237,-1077583720.6417022,58927.3852079861
46,2020,3,19,9,29,41.97,-8048197.959,24136512.263,-7498108.252,-2455.67551,103.64553,3001.1199500000002,2020-03-19 09:29:41.970,221558680.1985839,-295155432.5168351,-146755512.47835377,148930511013.4173,-2459559263.581675,-1066880582.8727846,58927.39562465277
46,2020,3,19,9,44,41.97,-10182391.669,24020959.838999998,-4740082.56,-2280.10785,-360.12754,3118.99863,2020-03-19 09:44:41.970,222313265.19162518,-294700998.5799057,-146633962.13871238,148931437167.03,-2434866904.190803,-1056177401.1105627,58927.40604131943
46,2020,3,19,9,59,41.97,-12140506.96,23490034.034,-1900080.052,-2064.94669,-818.0653,3183.01094,2020-03-19 09:59:41.970,223066705.77575988,-294245018.4166502,-146511642.4215345,148932358462.3416,-2410174446.953829,-1045474175.7139516,58927.4164579861
46,2020,3,19,10,14,41.97,-13888515.998000002,22552589.907,972807.1270000001,-1813.87469,-1262.18504,3191.9556000000002,2020-03-19 10:14:41.970,223818998.4088203,-293787494.8719318,-146388554.19392458,148933274899.32166,-2385481892.709014,-1034770907.0418843,58927.42687465277
46,2020,3,19,10,29,41.97,-15396000.723,21224578.865,3828840.093,-1531.21945,-1684.7238399999999,3145.5998200000004,2020-03-19 10:29:41.970,224570139.5560012,-293328430.7961115,-146264698.32604966,148934186477.94028,-2360789242.2946963,-1024067595.4533436,58927.43729131943
46,2020,3,19,10,44,41.97,-16636700.408,19528786.523,6618510.5309999995,-1221.87835,-2078.28085,3044.68883,2020-03-19 10:44:41.970,225320125.68986365,-292867829.0450339,-146140075.69113326,148935093198.16794,-2336096496.5492578,-1013364241.3073301,58927.4477079861
46,2020,3,19,10,59,41.97,-17588986.25,17494444.778,9293418.214,-891.23181,-2435.95399,2890.93669,2020-03-19 10:59:41.970,226068953.2903408,-292405692.48000914,-146014687.16544873,148935995059.97498,-2311403656.311127,-1002660844.9628837,58927.45812465277
46,2020,3,19,11,14,41.97,-18236253.165999997,15156724.535,11807131.701,-545.04635,-2751.46799,2686.9981799999996,2020-03-19 11:14:41.970,226816618.84474188,-291942023.96780026,-145888533.62831378,148936892063.33234,-2286710722.418811,-991957406.7790766,58927.46854131943
46,2020,3,19,11,29,41.97,-18567220.656,12556118.219,14116015.381,-189.36982999999998,-3019.29083,2436.4222099999997,2020-03-19 11:29:41.970,227563118.84775755,-291476826.3806051,-145761615.96208405,148937784208.21085,-2262017695.710842,-981253927.1150068,58927.4789579861
46,2020,3,19,11,44,41.97,-18576136.519,9737723.688,16180006.587,169.57928,-3234.73597,2143.5876500000004,2020-03-19 11:44:41.970,228308449.80146417,-291010102.5960427,-145633935.05214685,148938671494.58188,-2237324577.025831,-970550406.3298118,58927.48937465277
46,2020,3,19,11,59,41.97,-18262879.303000003,6750443.354,17963327.569000002,525.5258299999999,-3394.04821,1813.62302,2020-03-19 11:59:41.970,229052608.21532822,-290541855.4971368,-145505491.78691524,148939553922.417,-2212631367.2024226,-959846844.782655,58927.49979131943
46,2020,3,19,12,14,41.97,-17632957.587,3646114.161,19435118.512000002,872.25289,-3494.4712400000003,1452.31167,2020-03-19 12:14:41.970,229795590.60621163,-290072087.9723005,-145376287.0578222,148940431491.68817,-2187938067.0793304,-949143242.832732,58927.5102079861
46,2020,3,19,12,29,41.97,-16697406.402,478585.473,20569979.606000002,1203.7150000000001,-3534.2956499999996,1065.98484,2020-03-19 12:29:41.970,230537393.4983762,-289600802.9153208,-145246321.75931403,148941304202.36703,-2163244677.4953194,-938439600.8392755,58927.52062465277
46,2020,3,19,12,44,41.97,-15472583.319,-2697237.137,21348412.162,1514.14751,-3512.88661,661.4047400000001,2020-03-19 12:44:41.970,231278013.42348793,-289128003.22534364,-145115596.7888446,148942172054.42615,-2138551199.2892032,-927735919.1615431,58927.53104131943
46,2020,3,19,12,59,41.97,-13979868.773,-5826363.701,21757151.075999998,1798.1697199999999,-3430.69085,245.6404,2020-03-19 12:59:41.970,232017446.92062193,-288653691.8068581,-144984113.0468691,148943035047.83798,-2113857633.2998457,-917032198.1588256,58927.5414579861
46,2020,3,19,13,14,41.97,-12245277.112,-8854688.76,21789383.258,2050.8798,-3289.2233,-174.0611,2020-03-19 13:14:41.970,232755690.5362667,-288177871.5696812,-144851871.43683854,148943893182.57535,-2089163980.3661754,-906328438.1904459,58927.55187465277
46,2020,3,19,13,29,41.97,-10298986.554,-11729939.238000002,21444849.088999998,2267.9397799999997,-3091.0338899999997,-590.4053799999999,2020-03-19 13:29:41.970,233492740.8243294,-287700545.42894214,-144718872.86519265,148944746458.6112,-2064470241.3271692,-895624639.6157621,58927.56229131943
46,2020,3,19,13,44,41.97,-8174797.659,-14402583.979,20729826.333,2445.6492500000004,-2839.65572,-996.1808,2020-03-19 13:44:41.970,234228594.34613934,-287221716.30506766,-144585118.24135482,148945594875.91885,-2039776417.021842,-884920802.7941537,58927.5727079861
46,2020,3,19,13,59,41.97,-5909531.096,-16826688.766,19656998.233,2581.00635,-2539.53602,-1384.38535,2020-03-19 13:59:41.970,234963247.67045358,-286741387.12376577,-144450608.47772565,148946438434.47186,-2015082508.289278,-874216928.0850393,58927.58312465277
46,2020,3,19,14,14,41.97,-3542376.4099999997,-18960702.063,18245209.706,2671.7555700000003,-2195.95157,-1748.3481000000002,2020-03-19 14:14:41.970,235696697.3734606,-286259560.8160119,-144315344.48967692,148947277134.24408,-1990388515.9686098,-863513015.8478639,58927.59354131943
46,2020,3,19,14,29,41.97,-1114204.065,-20768158.408999998,16519117.502,2716.42151,-1814.9106100000001,-2081.8430399999997,2020-03-19 14:29:41.970,236428940.03878558,-285776240.3180323,-144179327.19554552,148948110975.20932,-1965694440.899016,-852809066.4421057,58927.6039579861
46,2020,3,19,14,44,41.97,1333146.573,-22218288.212,14508742.002999999,2714.3285499999997,-1403.04329,-2379.19354,2020-03-19 14:44:41.970,237159972.257494,-285291428.5712895,-144042557.51662788,148948939957.34213,-1941000283.9197383,-842105080.2272764,58927.61437465277
46,2020,3,19,14,59,41.97,3757590.574,-23286524.664,12248929.878999999,2665.60637,-967.48301,-2635.36572,2020-03-19 14:59:41.970,237889790.62809712,-284805128.52246654,-143905036.37717316,148949764080.61682,-1916306045.870059,-831401057.5629125,58927.62479131943
46,2020,3,19,15,14,41.97,6117519.498,-23954900.557,9778738.123,2571.18163,-515.74076,-2846.04961,2020-03-19 15:14:41.970,238618391.7565556,-284317343.12345296,-143766764.7043783,148950583345.00824,-1891611727.589312,-820696998.8085825,58927.6352079861
46,2020,3,19,15,29,41.97,8372509.929,-24212329.835,7140751.069,2432.75638,-55.57503,-3007.72678,2020-03-19 15:29:41.970,239345772.25628448,-283828075.33132815,-143627743.42838058,148951397750.49146,-1866917329.9168854,-809992904.3238887,58927.64562465277
46,2020,3,19,15,44,41.97,10484006.793,-24054770.797000002,4380342.773999999,2252.77373,405.14068,-3117.72397,2020-03-19 15:44:41.970,240071928.74815682,-283337328.1083471,-143487973.48225346,148952207297.04178,-1842222853.692227,-799288774.4684643,58927.65604131943
46,2020,3,19,15,59,41.97,12415970.493999999,-23485269.878,1544897.7680000002,2034.3719199999998,858.55045,-3174.25199,2020-03-19 15:59:41.970,240796857.86050966,-282845104.42192507,-143347455.8019992,148953011984.63458,-1817528299.7548199,-788584609.6019661,58927.6664579861
46,2020,3,19,16,14,41.97,14135477.754999999,-22513886.887000002,-1316996.545,1781.32759,1296.94641,-3176.4297500000002,2020-03-19 16:14:41.970,241520556.22914684,-282351407.24462247,-143206191.32654327,148953811813.2459,-1792833668.944197,-777880410.0840856,58927.67687465277
46,2020,3,19,16,29,41.97,15613267.047,-21157504.411000002,-4156372.4110000003,1497.9895299999998,1712.89535,-3124.2933900000003,2020-03-19 16:29:41.970,242243020.4973437,-281856239.5541293,-143064180.99772874,148954606782.8515,-1768138962.099957,-767176176.2745454,58927.68729131943
46,2020,3,19,16,44,41.97,16824220.536000002,-19439525.798,-6924705.850000001,1189.20412,2099.35947,-3018.79081,2020-03-19 16:44:41.970,242964247.31585228,-281359604.33325166,-142921425.76030988,148955396893.42783,-1743444180.0617375,-756471908.533098,58927.6977079861
46,2020,3,19,16,59,41.97,17747775.645999998,-17389467.699,-9574729.351,860.23364,2449.80962,-2861.7618199999997,2020-03-19 16:59:41.970,243684233.34290484,-280861504.5698942,-142777926.56194645,148956182144.95126,-1718749323.6692286,-745767607.2195239,58927.70812465277
46,2020,3,19,17,14,41.97,18368260.463,-15042454.568,-12061220.547,516.66898,2758.3297500000003,-2655.90468,2020-03-19 17:14:41.970,244402975.2442183,-280361943.2570482,-142633684.353198,148956962537.3988,-1694054393.7621694,-735063272.6936349,58927.71854131943
46,2020,3,19,17,29,41.97,18675148.455,-12438623.737,-14341754.874,164.33786,3019.71096,-2404.72969,2020-03-19 17:29:41.970,245120469.6929991,-279860923.3927729,-142488700.08751702,148957738070.74728,-1669359391.180346,-724358905.3152728,58927.7289579861
46,2020,3,19,17,44,41.97,18663229.137,-9622450.802,-16377410.914,-190.79,3229.5343500000004,-2112.50061,2020-03-19 17:44:41.970,245836713.36994666,-279358447.9801841,-142342974.72124436,148958508744.97415,-1644664316.7635999,-713654505.4443061,58927.73937465277
46,2020,3,19,17,59,41.97,18332692.5,-6642005.973,-18133417.942,-542.69944,3384.24148,-1784.16493,2020-03-19 17:59:41.970,246551702.9632585,-278854520.0274366,-142196509.21360224,148959274560.05682,-1619969171.351817,-702950073.4406404,58927.74979131943
46,2020,3,19,18,14,41.97,17689126.207000002,-3548152.833,-19579736.042,-885.42695,3481.19172,-1425.27396,2020-03-19 18:14:41.970,247265435.16863403,-278349142.5477114,-142049304.52668875,148960035515.97296,-1595273955.7849286,-692245609.664201,58927.7602079861
46,2020,3,19,18,29,41.97,16743425.657,-393701.642,-20691560.130999997,-1213.1570000000002,3518.70582,-1041.89381,2020-03-19 18:29:41.970,247977906.68927854,-277842318.559198,-141901361.62547195,148960791612.701,-1570578670.902926,-681541114.4749509,58927.77062465277
46,2020,3,19,18,44,41.97,15511618.162,2767470.14,-21449740.178,-1520.31635,3496.09512,-640.5083999999999,2020-03-19 18:44:41.970,248689114.23590833,-277334051.0850827,-141752681.477784,148961542850.21884,-1545883317.5458295,-670836588.2328763,58927.78104131943
46,2020,3,19,18,59,41.97,14014603.572,5881316.967,-21841110.985,-1801.66524,3413.67591,-227.91563000000002,2020-03-19 18:59:41.970,249399054.52675414,-276824343.15353143,-141603265.05431527,148962289228.50522,-1521187896.5537186,-660132031.2979984,58927.7914579861
46,2020,3,19,19,14,41.97,12277814.759000001,8894530.456,-21858725.967,-2052.38409,3272.76862,188.88189,2020-03-19 19:14:41.970,250107724.2875656,-276313197.79767555,-141453113.3286082,148963030747.5388,-1496492408.76674,-649427444.0303664,58927.80187465277
46,2020,3,19,19,29,41.97,10330802.467,11755436.979,-21501990.534,-2268.15463,3075.6816,602.7904,2020-03-19 19:29:41.970,250815120.2516156,-275800618.05559707,-141302227.27705187,148963767407.29868,-1471796855.0250554,-638722826.7900529,58927.81229131943
46,2020,3,19,19,44,41.97,8206750.142000001,14414873.647,-20776691.955,-2445.23421,2825.6793199999997,1006.7413,2020-03-19 19:44:41.970,251521239.15970433,-275286606.970314,-141150607.87887573,148964499207.76416,-1447101236.1688855,-628018179.9371672,58927.8227079861
46,2020,3,19,19,59,41.97,5941925.4350000005,16827028.665000003,-19694923.865000002,-2580.5219899999997,2526.9350099999997,1393.80863,2020-03-19 19:59:41.970,252226077.76016325,-274771167.589766,-140998256.11614406,148965226148.91467,-1422405553.0385115,-617313503.8318455,58927.83312465277
46,2020,3,19,20,14,41.97,3575076.196,18950232.132,-18274905.1,-2671.61589,2184.46793,1757.32618,2020-03-19 20:14:41.970,252929632.80885977,-274254302.966798,-140845172.97374985,148965948230.73013,-1397709806.4742327,-606608798.8342452,58927.84354131943
46,2020,3,19,20,29,41.97,1146779.8669999999,20747683.632,-16540694.063,-2716.85905,1804.06575,2091.00219,2020-03-19 20:29:41.970,253631901.06920087,-273736016.1591466,-140691359.43940917,148966665453.19052,-1373013997.3164346,-595904065.3045669,58927.8539579861
46,2020,3,19,20,44,41.97,-1301243.7540000002,22188103.45,-14521801.526999999,-2715.37454,1392.19256,2389.02999,2020-03-19 20:44:41.970,254332879.31213745,-273216310.22942567,-140536816.50365528,148967377816.27615,-1348318126.4055092,-585199303.6030276,58927.86437465277
46,2020,3,19,20,59,41.97,-3726845.4230000004,23246294.991,-12252706.583999999,-2667.08752,955.88373,2646.19232,2020-03-19 20:59:41.970,255032564.31616837,-272695188.2451111,-140381545.15983278,148968085319.96756,-1323622194.581921,-574494514.0898783,58927.87479131943
46,2020,3,19,21,14,41.97,-6088173.1959999995,23903607.026,-9772282.28,-2572.73375,502.62870999999996,2857.95729,2020-03-19 21:14:41.970,255730952.86734498,-272172653.27852535,-140225546.40409148,148968787964.2455,-1298926202.686181,-563789697.1254008,58927.8852079861
46,2020,3,19,21,29,41.97,-8344400.444999999,24148285.746000003,-7123139.397,-2433.8537699999997,40.24367,3020.5639899999996,2020-03-19 21:29:41.970,256428041.75927445,-271648708.40682405,-140068821.23538128,148969485749.0911,-1274230151.5588217,-553084853.0698956,58927.89562465277
46,2020,3,19,21,44,41.97,-10456442.092,23975708.304,-4350898.683999999,-2252.7725,-423.26413,3131.09555,2020-03-19 21:44:41.970,257123827.7931244,-271123356.7119814,-139911370.65544558,148970178674.48553,-1249534042.0404563,-542379982.2837067,58927.90604131943
46,2020,3,19,21,59,41.97,-12387645.737000002,23388491.511,-1503403.635,-2032.5638800000002,-879.83774,3187.53792,2020-03-19 21:59:41.970,257818307.77762687,-270596601.2807737,-139753195.6688162,148970866740.41043,-1224837874.9717178,-531675085.12719446,58927.9164579861
46,2020,3,19,22,14,41.97,-14104444.432,22396471.671,1370112.508,-1777.00101,-1321.5149900000001,3188.82252,2020-03-19 22:14:41.970,258511478.52908206,-270068445.2047671,-139594297.28280702,148971549946.84756,-1200141651.1932836,-520970161.9607494,58927.92687465277
46,2020,3,19,22,29,41.97,-15576958.233,21016554.076,4219890.46,-1490.49239,-1740.57314,3134.85166,2020-03-19 22:29:41.970,259203336.8713627,-269538891.58030075,-139434676.50750834,148972228293.77905,-1175445371.5458965,-510265213.1447954,58927.93729131943
46,2020,3,19,22,44,41.97,-16779532.413000003,19272433.389999997,6996523.232,-1178.00509,-2129.67065,3026.50552,2020-03-19 22:44:41.970,259893879.63591835,-269007943.50847423,-139274334.35578126,148972901781.1871,-1150749036.8703234,-499560239.0397761,58927.9477079861
46,2020,3,19,22,59,41.97,-17691201.301000003,17194188.95,9651832.316,-844.97658,-2481.98285,2865.63034,2020-03-19 22:59:41.970,260583103.66177866,-268475604.0951316,-139113271.84325156,148973570409.05423,-1126052648.007398,-488855240.0061738,58927.95812465277
46,2020,3,19,23,14,41.97,-18296068.146,14817761.799,12139724.735,-497.21661,-2791.32859,2655.00772,2020-03-19 23:14:41.970,261271005.7955577,-267941876.4508475,-138951489.98830462,148974234177.36337,-1101356205.7979794,-478150216.4044935,58927.96854131943
46,2020,3,19,23,29,41.97,-18583593.110000003,12184322.928,14417014.139,-140.80153,-3052.2848900000004,2398.30556,2020-03-19 23:29:41.970,261957582.89145827,-267406763.69091222,-138788989.81207874,148974893086.09744,-1076659711.0829716,-467445168.5952609,58927.9789579861
46,2020,3,19,23,44,41.97,-18548783.45,9339544.66,16444189.814000001,218.037,-3260.28713,2100.01158,2020-03-19 23:44:41.970,262642831.81127542,-266870268.9353172,-138625772.33846006,148975547135.23984,-1051963164.7033365,-456740096.9390417,58927.98937465277
46,2020,3,19,23,59,41.97,-18192282.064,6332789.262999999,18186118.546,573.02616,-3411.71247,1765.35086,2020-03-19 23:59:41.970,263326749.74768755,-266332395.05391496,-138461838.51634026,148976196324.97977,-1027266559.6966679,-446034998.41405547,58927.99979131943
46,2020,3,20,0,14,41.97,-17520353.319000002,3216233.146,19612664.446,917.9666199999999,-3503.94488,1400.18949,2020-03-20 00:14:41.970,264009332.93048042,-265793145.685058,-138297189.5302174,148976840654.88806,-1002569912.5107917,-435329880.1456446,58928.0102079861
46,2020,3,20,0,29,41.97,-16544763.761999998,43928.848000000005,20699223.119,1246.84624,-3535.42038,1010.92512,2020-03-20 00:29:41.970,264690578.56816784,-265252523.7085803,-138131826.33478838,148977480125.1562,-977873216.1834083,-424624739.1120912,58928.02062465277
46,2020,3,20,0,44,41.97,-15282567.625,-3129139.499,21427139.632,1553.94733,-3505.6518699999997,604.3703,2020-03-20 00:44:41.970,265370483.55295426,-264710532.26313394,-137965749.96487218,148978114735.7683,-953176471.5556517,-413919575.6740648,58928.03104131943
46,2020,3,20,0,59,41.97,-13755793.111000001,-6248038.848999999,21784031.371,1833.94968,-3415.23339,187.62654,2020-03-20 00:59:41.970,266049044.78465587,-264167174.49199948,-137798961.4580066,148978744486.709,-928479679.4686891,-403214390.1922664,58928.0414579861
46,2020,3,20,1,14,41.97,-11991042.358000001,-9258851.987,21763988.892,2082.02403,-3265.82393,-232.04461,2020-03-20 01:14:41.970,266726259.17070523,-263622453.54307258,-137631461.8544425,148979369377.9631,-903782840.7637346,-392509183.0274189,58928.05187465277
46,2020,3,20,1,29,41.97,-10019011.19,-12109621.309,21367661.080000002,2293.9155499999997,-3060.1116500000003,-647.35242,2020-03-20 01:29:41.970,267402123.62615454,-263076372.5688484,-137463252.19713858,148979989409.51562,-879085956.282046,-381803954.540275,58928.06229131943
46,2020,3,20,1,44,41.97,-7873938.799,-14751251.963000001,20602222.862999998,2466.01588,-2801.75956,-1051.10672,2020-03-20 01:44:41.970,268076635.07367995,-262528934.7264082,-137294333.53175476,148980604581.352,-854389026.8649317,-371098705.09161454,58928.0727079861
46,2020,3,20,1,59,41.97,-5592998.284,-17138358.351999998,19481227.516,2595.42239,-2495.3342100000004,-1436.3442,2020-03-20 01:59:41.970,268749790.4435852,-261980143.1774047,-137124706.90664726,148981214893.45764,-829692053.3537265,-360393435.0422456,58928.08312465277
46,2020,3,20,2,14,41.97,-3215639.821,-19230039.445,18024347.752,2679.98401,-2146.2191599999996,-1796.44891,2020-03-20 02:14:41.970,269421586.6738053,-261430001.08804718,-136954373.37286267,148981820345.8186,-804995036.589811,-349688144.7529988,58928.09354131943
46,2020,3,20,2,29,41.97,-782898.8389999999,-20990570.076,16257011.74,2718.3331599999997,-1760.5151400000002,-2125.26491,2020-03-20 02:29:41.970,270092020.709911,-260878511.62908798,-136783333.98413196,148982420938.4207,-780297977.4146222,-338982834.58473516,58928.1039579861
46,2020,3,20,2,44,41.97,1663318.142,-22389997.233,14209941.956,2709.90344,-1344.9291400000002,-2417.19931,2020-03-20 02:44:41.970,270761089.50511175,-260325677.97580758,-136611589.79686522,148983016671.2504,-755600876.6696177,-328277504.8983422,58928.11437465277
46,2020,3,20,2,59,41.97,4080957.247,-23404632.345999997,11918606.266999999,2654.9332400000003,-906.65456,-2667.3139699999997,2020-03-20 02:59:41.970,271428790.0202603,-259771503.30800056,-136439141.87014553,148983607544.29434,-730903735.196316,-317572156.0547334,58928.12479131943
46,2020,3,20,3,14,41.97,6428538.026000001,-24017432.617,9422591.964,2554.45563,-453.24489,-2871.40485,2020-03-20 03:14:41.970,272095119.223856,-259215990.80996123,-136265991.265724,148984193557.53912,-706206553.8362666,-306866788.41485137,58928.1352079861
46,2020,3,20,3,29,41.97,8665859.071999999,-24218266.542,6764914.445,2410.27489,7.51692,-3026.06779,2020-03-20 03:29:41.970,272760074.0920489,-258659143.6704695,-136092139.04801312,148984774710.97205,-681509333.4310548,-296161402.3396586,58928.14562465277
46,2020,3,20,3,44,41.97,10754676.902999999,-24004060.798,3991273.054,2224.9307,467.75113,-3128.75001,2020-03-20 03:44:41.970,273423651.60864323,-258100965.0827761,-135917586.28408185,148985351004.5803,-656812074.8223258,-285455998.19015265,58928.15604131943
46,2020,3,20,3,59,41.97,12659347.242,-23378827.711999997,1149267.116,2001.6505699999998,919.61354,-3177.787,2020-03-20 03:59:41.970,274085848.7651013,-257541458.2445892,-135742334.04364955,148985922438.35153,-632114778.8517408,-274750576.32735175,58928.1664579861
46,2020,3,20,4,14,41.97,14347418.714,-22353574.448,-1712414.5,1744.2918300000001,1355.42564,-3172.42448,2020-03-20 04:14:41.970,274746662.56054777,-256980626.35805935,-135566383.39908066,148986489012.27362,-607417446.3610233,-264045137.1123016,58928.17687465277
46,2020,3,20,4,29,41.97,15790169.991,-20946096.858,-4544816.892,1457.2741899999999,1767.8004899999999,-3112.82549,2020-03-20 04:29:41.970,275406090.0017721,-256418472.62976593,-135389735.4253787,148987050726.3346,-582720078.1919274,-253339680.90607548,58928.18729131943
46,2020,3,20,4,44,41.97,16963082.48,-19180662.653,-7299542.398,1145.50414,2149.76253,-3000.06286,2020-03-20 04:44:41.970,276064128.1032341,-255855000.27070233,-135212391.20018095,148987607580.52277,-558022675.1862414,-242634208.0697707,58928.1977079861
46,2020,3,20,4,59,41.97,17846241.789,-17087590.046,-9929560.674,814.29249,2494.85971,-2836.09748,2020-03-20 04:59:41.970,276720773.88706577,-255290212.4962623,-135034351.80375236,148988159574.82687,-533325238.1858065,-231928718.96451312,58928.20812465277
46,2020,3,20,5,14,41.97,18424662.388,-14702729.473,-12389993.060999999,469.26641,2797.2666,-2623.74298,2020-03-20 05:14:41.970,277376024.38307655,-254724112.5262256,-134855618.31898046,148988706709.2355,-508627768.0324948,-221223213.9514525,58928.21854131943
46,2020,3,20,5,29,41.97,18688531.088,-12066857.136,-14638859.326,116.27717,3051.877,-2366.6176299999997,2020-03-20 05:29:41.970,278029876.628756,-254156703.58474347,-134676191.8313691,148989248983.73807,-483930265.5682231,-210517693.39176607,58928.2289579861
46,2020,3,20,5,44,41.97,18633366.113,-9224990.259,-16637775.614999998,-238.69493,3254.3851400000003,-2069.08415,2020-03-20 05:44:41.970,278682327.66927826,-253587988.90032527,-134496073.4290337,148989786398.32382,-459232731.63494635,-199812157.646657,58928.23937465277
46,2020,3,20,5,59,41.97,18260089.776,-6225634.8,-18352593.206,-589.6373,3401.35443,-1736.17849,2020-03-20 05:59:41.970,279333374.55750495,-253017971.70582375,-134315264.20269465,148990318952.98212,-434535167.07464874,-189106607.07734972,58928.24979131943
46,2020,3,20,6,14,41.97,17575013.865000002,-3119977.19,-19753968.606,-930.60205,3490.27297,-1373.52864,2020-03-20 06:14:41.970,279983014.35398954,-252446655.23842087,-134133765.24567229,148990846647.70306,-409837572.7293699,-178401042.04510254,58928.2602079861
46,2020,3,20,6,29,41.97,16589738.030000001,38967.7,-20817856.41,-1255.80214,3519.59521,-987.26444,2020-03-20 06:29:41.970,280631244.1269808,-251874042.7396143,-133951577.65388122,148991369482.47687,-385139949.4411769,-167695462.91119248,58928.27062465277
46,2020,3,20,6,44,41.97,15320962.544,3197239.6210000003,-21525917.383,-1559.70531,3488.76916,-583.91951,2020-03-20 06:44:41.970,281278060.95242584,-251300137.455203,-133768702.5258245,148991887457.29355,-360442298.0521815,-156989870.036924,58928.28104131943
46,2020,3,20,6,59,41.97,13790217.915,6300833.817,-21865835.263,-1837.12472,3398.2487,-170.32668,2020-03-20 06:59:41.970,281923461.913975,-250724942.6352726,-133585140.9625882,148992400572.14395,-335744619.40452826,-146284263.78362948,58928.2914579861
46,2020,3,20,7,14,41.97,12023514.922,9296606.16,-21831536.872,-2083.30496,3249.4907,246.49207,2020-03-20 07:14:41.970,282567444.1029845,-250148461.5341825,-133400894.06783591,148992908827.0189,-311046914.340402,-135578644.51266026,58928.30187465277
46,2020,3,20,7,29,41.97,10050919.717,12133168.732,-21423311.330000002,-2294.0023100000003,3044.93662,659.4395499999999,2020-03-20 07:29:41.970,283210004.61852014,-249570697.41055068,-133215962.94780284,148993412221.90955,-286349183.70203066,-124873012.58540416,58928.31229131943
46,2020,3,20,7,44,41.97,7906059.765,14761761.868999999,-20647825.399,-2465.55803,2787.97861,1061.45995,2020-03-20 07:44:41.970,283851140.5673612,-248991653.52724102,-133030348.71129042,148993910756.8072,-261651428.33167082,-114167368.36326003,58928.3227079861
46,2020,3,20,7,59,41.97,5625567.467,17137088.657,-19518033.358,-2594.9633099999996,2482.90998,1445.65642,2020-03-20 07:59:41.970,284490849.06400394,-248411333.15134734,-132844052.46966071,148994404431.70355,-236953649.071622,-103461712.20766413,58928.33312465277
46,2020,3,20,8,14,41.97,3248469.432,19218097.981,-18052981.266,-2679.91491,2134.86047,1805.40784,2020-03-20 08:14:41.970,285129127.2306655,-247829739.55418146,-132657075.33683084,148994893246.59033,-212255846.76422387,-92756044.48006997,58928.34354131943
46,2020,3,20,8,29,41.97,815530.439,20968702.527000003,-16277507.077,-2718.8599999999997,1749.71653,2134.48319,2020-03-20 08:29:41.970,285765972.19728684,-247246876.01125777,-132469418.42926738,148995377201.45984,-187558022.25184947,-82050365.54196104,58928.3539579861
46,2020,3,20,8,44,41.97,-1631437.783,22358418.653,-14221839.736,-2711.02934,1334.02756,2427.15132,2020-03-20 08:44:41.970,286401381.1015365,-246662745.80228004,-132281082.86598077,148995856296.30438,-162860176.37690282,-71344675.75484082,58928.36437465277
46,2020,3,20,8,59,41.97,-4050291.902,23362915.843,-11921102.228,-2656.45754,894.8989200000001,2678.2843199999998,2020-03-20 08:59:41.970,287035351.08881485,-246077352.21112698,-132092069.76851976,148996330531.11655,-138162309.98183745,-60638975.48024292,58928.37479131943
46,2020,3,20,9,14,41.97,-6399284.4969999995,23964464.527,-9414725.361000001,-2555.98971,439.87334,2883.4521,2020-03-20 09:14:41.970,287667879.3122563,-245490698.52583885,-131902380.26096588,148996799905.88937,-113464423.90913355,-49933265.07971983,58928.3852079861
46,2020,3,20,9,29,41.97,-8637791.111,24152272.458,-6745781.022999999,-2411.27372,-23.197789999999998,3039.00645,2020-03-20 09:29:41.970,288298962.93273467,-244902788.03860277,-131712015.46992785,148997264420.61578,-88766519.001315,-39227544.914853975,58928.39562465277
46,2020,3,20,9,44,41.97,-10727023.739,23922701.579,-3960245.4469999997,-2224.73771,-486.29097,3142.1522,2020-03-20 09:44:41.970,288928599.1188648,-244313624.04573953,-131520976.52453603,148997724075.2895,-64068596.100937724,-28521815.347250797,58928.40604131943
46,2020,3,20,9,59,41.97,-12630717.409,23279359.338999998,-1106204.817,-1999.55285,-941.35255,3191.00386,2020-03-20 09:59:41.970,289556785.04700744,-243723209.8476891,-131329264.55643685,148998178869.9038,-39370656.050587445,-17816076.738537863,58928.4164579861
46,2020,3,20,10,14,41.97,-14315776.656,22233060.766,1766982.899,-1739.58151,-1380.44352,3184.62603,2020-03-20 10:14:41.970,290183517.9012717,-243131548.74899712,-131136880.69978741,148998628804.45285,-14672699.692898713,-7110329.450369887,58928.42687465277
46,2020,3,20,10,29,41.97,-15752869.097000001,20801660.191,4609554.664,-1449.31168,-1795.8839,3123.05627,2020-03-20 10:29:41.970,290808794.8735199,-242538644.0583009,-130943826.09124967,148999073878.93063,10025272.129468132,3595426.1555760326,58928.43729131943
46,2020,3,20,10,44,41.97,-16916954.101999998,19009754.213,7372221.432999999,-1133.77855,-2180.3939200000004,3007.3095099999996,2020-03-20 10:44:41.970,291432613.1633698,-241944499.08831573,-130750101.86998513,148999514093.33173,34723258.57381342,14301189.717598148,58928.4477079861
46,2020,3,20,10,59,41.97,-17787735.723,16888260.335,10007042.728,-798.47486,-2527.22865,2839.36364,2020-03-20 10:59:41.970,292054969.9781985,-241349117.15582046,-130555709.1776493,148999949447.6506,59421258.797395796,25006960.87396741,58928.45812465277
46,2020,3,20,11,14,41.97,-18350030.483,14473878.441000002,12468279.716,-449.25169999999997,-2830.3032,2622.1262300000003,2020-03-20 11:14:41.970,292675862.53314614,-240752501.58164427,-130360649.15838596,149000379941.8822,84119271.95745715,35712739.26293573,58928.46854131943
46,2020,3,20,11,29,41.97,-18594042.385,11808444.959,14713210.070999999,-92.21189000000001,-3084.30556,2359.38298,2020-03-20 11:29:41.970,293295288.0511192,-240154655.69065234,-130164922.95882195,149000805576.02182,108817297.2111901,46418524.5227285,58928.4789579861
46,2020,3,20,11,44,41.97,-18515539.478,8938191.951000001,16702888.570999999,266.40175999999997,-3284.79465,2055.7289299999998,2020-03-20 11:44:41.970,293913243.7627941,-239555582.811733,-129968531.7280613,149001226350.06485,133515333.71575117,57124316.2915463,58928.48937465277
46,2020,3,20,11,59,41.97,-18115928.454,5912925.498,18402838.593000002,620.32092,-3428.28128,1716.48396,2020-03-20 11:59:41.970,294529726.90661997,-238955286.27778205,-129771476.61768006,149001642264.00687,158213380.6282676,67830114.20756608,58928.49979131943
46,2020,3,20,12,14,41.97,-17402225.974,2785139.4340000004,19783661.13,963.36632,-3512.29061,1347.59435,2020-03-20 12:14:41.970,295144734.7288232,-238353769.42569107,-129573758.78172044,149002053317.8439,182911437.10583532,78535917.90894315,58928.5102079861
46,2020,3,20,12,29,41.97,-16386927.629999999,-390918.18,20821549.871,1289.56023,-3535.4046000000003,955.52284,2020-03-20 12:29:41.970,295758264.4834099,-237751035.59633228,-129375379.37668581,149002459511.57208,207609502.3055135,89241727.03380913,58928.52062465277
46,2020,3,20,12,44,41.97,-15087777.645,-3560207.679,21498702.963,1593.23424,-3497.2841200000003,547.12945,2020-03-20 12:44:41.970,296370313.43216974,-237147088.1345449,-129176339.56153443,149002860845.18777,232307575.3843261,99947541.22026798,58928.53104131943
46,2020,3,20,12,59,41.97,-13527444.404,-6667870.941000001,21803624.365,1869.1303500000001,-3398.67026,129.54572000000002,2020-03-20 12:59:41.970,296980878.84467936,-236541930.38912234,-128976640.49767466,149003257318.68777,257005655.4992602,110653360.10640451,58928.5414579861
46,2020,3,20,13,14,41.97,-11733108.806,-9660196.615999999,21731310.096,2112.49334,-3241.36549,-289.95486999999997,2020-03-20 13:14:41.970,297589957.99830544,-235935565.71279716,-128776283.34895912,149003648932.069,281703741.8072778,121359183.33027631,58928.55187465277
46,2020,3,20,13,29,41.97,-9735974.008,-12485559.485,21283317.098,2319.15281,-3028.19522,-704.08775,2020-03-20 13:29:41.970,298197548.1782087,-235327997.462228,-128575269.28167935,149004035685.32864,306401833.4652983,132065010.52992252,58928.56229131943
46,2020,3,20,13,44,41.97,-7570706.527000001,-15095316.904,20467714.785,2485.59348,-2762.9510800000003,-1105.6866599999998,2020-03-20 13:44:41.970,298803646.677347,-234719228.99798593,-128373599.4645601,149004417578.46414,331099929.6302135,142770841.34335274,58928.5727079861
46,2020,3,20,13,59,41.97,-5274819.768,-17444646.509999998,19298921.642,2609.0126800000003,-2450.3174,-1487.8293,2020-03-20 13:59:41.970,299408250.7964778,-234109263.68454045,-128171275.06875412,149004794611.4732,355798029.4588891,153476675.40856004,58928.58312465277
46,2020,3,20,14,14,41.97,-2888011.835,-19493310.871999998,17797431.334000003,2687.3643700000002,-2095.7826800000003,-1843.95687,2020-03-20 14:14:41.970,300011357.84416354,-233498104.89024577,-127968297.2678364,149005166784.3536,380496132.1081431,164182512.3635093,58928.59354131943
46,2020,3,20,14,29,41.97,-451470.059,-21206336.481999997,15989434.736,2719.38901,-1705.53815,-2167.9855,2020-03-20 14:29:41.970,300612965.1367729,-232885755.98732737,-127764667.23779894,149005534097.1039,405194236.7347722,174888351.84614405,58928.6039579861
46,2020,3,20,14,44,41.97,1992845.061,-22554596.369,13906346.014999999,2704.62943,-1286.3653900000002,-2454.40778,2020-03-20 14:44:41.970,301213069.998485,-232272220.3518682,-127560386.15704508,149005896549.72232,429892342.4955373,185594193.4943866,58928.61437465277
46,2020,3,20,14,59,41.97,4402923.782,-23515287.624,11584242.361000001,2643.4325200000003,-845.51554,-2698.38283,2020-03-20 14:59:41.970,301811669.7612934,-231657501.36379486,-127355455.20638415,149006254142.20767,454590448.5471629,196300036.9461321,58928.62479131943
46,2020,3,20,15,14,41.97,6737426.389,-24072297.167,9063228.230999999,2536.93721,-390.58217,-2895.8138400000003,2020-03-20 15:14:41.970,302408761.76500857,-231041602.40686402,-127149875.56902596,149006606874.55878,479288554.0463496,207005881.83925673,58928.6352079861
46,2020,3,20,15,29,41.97,8956385.709,-24216451.17,6386735.950999999,2387.04941,70.62977,-3043.41183,2020-03-20 15:29:41.970,303004343.35726094,-230424526.86864895,-126943648.43057537,149006954746.77502,503986658.1497588,217711727.8116113,58928.64562465277
46,2020,3,20,15,44,41.97,11021881.358000001,-23945645.632,3600775.252,2196.40442,530.23666,-3138.74524,2020-03-20 15:44:41.970,303598411.89350504,-229806278.14052543,-126736774.97902665,149007297758.85583,528684760.01402783,228417574.5010272,58928.65604131943
46,2020,3,20,15,59,41.97,12898674.998,-23264857.55,753144.844,1968.31796,980.40844,-3180.27469,2020-03-20 15:59:41.970,304190964.7370225,-229186859.6176586,-126529256.40475833,149007635910.80096,553382858.7957585,239123421.54531,58928.6664579861
46,2020,3,20,16,14,41.97,14554796.743,-22186038.111,-2107380.626,1706.72682,1413.49827,-3167.37288,2020-03-20 16:14:41.970,304781999.2589251,-228566274.69898897,-126321093.90052748,149007969202.61032,578080953.6515157,249829268.58224276,58928.67687465277
46,2020,3,20,16,29,41.97,15962073.89,-20727891.071,-4931874.822,1416.1202799999999,1822.16767,-3100.32964,2020-03-20 16:29:41.970,305371512.8381579,-227944526.78721905,-126112288.66146445,149008297634.2842,602779043.7378457,260535115.24958926,58928.68729131943
46,2020,3,20,16,44,41.97,17096594.222,-18915541.199,-7672081.921,1101.46344,2199.5054,-2980.3423900000003,2020-03-20 16:44:41.970,305959502.8615038,-227321619.28879955,-125902841.88506721,149008621205.82312,627477128.2112578,271240961.1850889,58928.6977079861
46,2020,3,20,16,59,41.97,17939097.287,-16780099.156,-10281223.844,768.1140899999999,2539.13848,-2809.4924899999996,2020-03-20 16:59:41.970,306545966.7235845,-226697555.61391583,-125692754.77119607,149008939917.2277,652175206.22823,281946806.02645886,58928.70812465277
46,2020,3,20,17,14,41.97,18475288.232,-14358130.556,-12714780.091,421.73396,2835.33389,-2590.7081500000004,2020-03-20 17:14:41.970,307130901.82686603,-226072339.17647445,-125482028.52206813,149009253768.4991,676873276.9452089,292652649.4113928,58928.71854131943
46,2020,3,20,17,29,41.97,18696069.952000003,-11691038.149,-14931228.355999999,68.19616,3083.0897099999997,-2327.71449,2020-03-20 17:29:41.970,307714305.58166087,-225445973.39408958,-125270664.34225203,149009562759.6385,701571339.5186131,303358490.97756433,58928.7289579861
46,2020,3,20,17,44,41.97,18597690.544,-8824367.121,-16892734.857,-286.51025000000004,3278.21469,-2024.9718799999998,2020-03-20 17:44:41.970,308296175.4061308,-224818461.68806887,-125058663.43866222,149009866890.6475,726269393.1048298,314064330.36262345,58928.73937465277
46,2020,3,20,17,59,41.97,18181804.175,-5807044.385,-18565784.117,-636.37702,3417.39519,-1687.60322,2020-03-20 17:59:41.970,308876508.726291,-224189807.48340094,-124846027.0205538,149010166161.52762,750967436.8602154,324770167.20419955,58928.74979131943
46,2020,3,20,18,14,41.97,17455444.677,-2690563.53,-19921738.834,-975.4736899999999,3498.24894,-1321.3114699999999,2020-03-20 18:14:41.970,309455302.9760131,-223560014.2087409,-124632756.2995169,149010460572.28104,775665469.9411048,335476001.1398997,58928.7602079861
46,2020,3,20,18,29,41.97,16430912.274999999,471872.31000000006,-20937321.426,-1298.0434599999999,3519.3646400000002,-932.28827,2020-03-20 18:29:41.970,310032555.59702784,-222929085.29639706,-124418852.48947126,149010750122.91006,800363491.5037954,346181831.80730987,58928.77062465277
46,2020,3,20,18,44,41.97,15125574.989999998,3626236.824,-21595009.835,-1598.5967,3480.32728,-527.11495,2020-03-20 18:44:41.970,310608264.03892887,-222297024.1823177,-124204316.80666102,149011034813.41727,825061500.7045505,356887658.843991,58928.78104131943
46,2020,3,20,18,59,41.97,13561587.322999999,6718582.891,-21883341.237,-1872.0010499999999,3381.7282999999998,-112.6571,2020-03-20 18:59:41.970,311182425.75917536,-221663834.30607727,-123989150.46964917,149011314643.8052,849759496.6996194,367593481.88748646,58928.7914579861
46,2020,3,20,19,14,41.97,11765529.945,9695947.343,-21797118.427,-2113.5667,3225.16069,304.04607,2020-03-20 19:14:41.970,311755038.2230958,-221029519.1108629,-123773354.69931178,149011589614.07724,874457478.6452063,378299300.575315,58928.80187465277
46,2020,3,20,19,29,41.97,9767975.185999999,12507244.269000001,-21337514.807,-2319.12578,3013.19844,715.89618,2020-03-20 19:29:41.970,312326098.90389085,-220394082.04346076,-123556930.71883318,149011859724.23636,899155445.697502,389005114.5449775,58928.81229131943
46,2020,3,20,19,44,41.97,7602984.221,15104132.883,-20512075.203,-2485.10455,2749.36052,1115.85247,2020-03-20 19:44:41.970,312895605.2826363,-219757526.55424303,-123339879.75370024,149012124974.28616,923853397.0126601,399710923.43394965,58928.8227079861
46,2020,3,20,19,59,41.97,5307542.96,17441845.924000002,-19334611.099000003,-2608.58721,2438.05926,1497.0493600000002,2020-03-20 19:59:41.970,313463554.8482868,-219119856.09715357,-123122203.03169692,149012385364.2306,948551331.746803,410416726.87968755,58928.83312465277
46,2020,3,20,20,14,41.97,2920944.749,19479964.732,-17824990.371,-2687.37008,2084.53348,1852.9130499999999,2020-03-20 20:14:41.970,314029945.097678,-218481074.12969565,-122903901.78289892,149012640894.07355,973249249.056029,421122524.5196234,58928.84354131943
46,2020,3,20,20,29,41.97,484129.081,21183127.426,-16008823.177000001,-2720.00501,1694.76684,2177.27534,2020-03-20 20:29:41.970,314594773.5355312,-217841184.11291724,-122684977.23966831,149012891563.8194,997947148.0964168,431828315.99117494,58928.8539579861
46,2020,3,20,20,44,41.97,-1961013.441,22521657.217,-13917047.424,-2705.83076,1275.39216,2464.4826599999997,2020-03-20 20:44:41.970,315158037.67445457,-217200189.51139823,-122465430.63664806,149013137373.47272,1022645028.0240004,442534100.93173045,58928.86437465277
46,2020,3,20,20,59,41.97,-4372358.682,23472098.667,-11585419.003999999,-2644.99156,833.58272,2709.49831,2020-03-20 20:59:41.970,315719735.03494835,-216558093.79323685,-122245263.21075672,149013378323.03833,1047342887.994801,453239878.97866344,58928.87479131943
46,2020,3,20,21,14,41.97,-6708277.043,24017650.876,-9053913.866999999,-2538.44176,376.9322,2907.99577,2020-03-20 21:14:41.970,316279863.1454058,-215914900.43003634,-122024476.20118293,149013614412.52118,1072040727.1648052,463945649.7693228,58928.8852079861
46,2020,3,20,21,29,41.97,-8928359.317,24148487.988,-6366050.929,-2387.93613,-86.67532,3056.441,2020-03-20 21:29:41.970,316838419.5421185,-215270612.89689103,-121803070.84937999,149013845641.92676,1096738544.689972,474651412.9410386,58928.89562465277
46,2020,3,20,21,44,41.97,-10994127.163999999,23861959.215,-3568146.591,-2196.00541,-549.2027499999999,3152.16177,2020-03-20 21:44:41.970,317395401.7692776,-214625234.6723735,-121581048.39906064,149014072011.26056,1121436339.7262363,485357168.1311171,58928.90604131943
46,2020,3,20,21,59,41.97,-12869714.9,23162662.658,-708513.451,-1965.917,-1002.60258,3193.40207,2020-03-20 21:59:41.970,317950807.3789778,-213978769.2385208,-121358410.09619148,149014293520.5284,1146134111.4295058,496062914.97684956,58928.9164579861
46,2020,3,20,22,14,41.97,-14522509.404000001,22062389.569,2163382.7219999996,-1701.6213,-1438.96172,3179.36021,2020-03-20 22:14:41.970,318504633.9312201,-213331220.08082095,-121135157.18898776,149014510169.73654,1170831858.9556608,506768653.1155008,58928.92687465277
46,2020,3,20,22,29,41.97,-15923735.474,20579938.303,4997792.370999999,-1407.68429,-1850.6457300000002,3110.20912,2020-03-20 22:29:41.970,319056878.99391544,-212682590.6882,-120911290.92790769,149014721958.89105,1195529581.4605527,517474382.1843155,58928.93729131943
46,2020,3,20,22,44,41.97,-17048974.745,18740799.949,7745561.581,-1089.20755,-2230.43924,2987.09824,2020-03-20 22:44:41.970,319607540.1428868,-212032884.55300802,-120686812.5656475,149014928887.99872,1220227278.1000178,528180101.82052374,58928.9477079861
46,2020,3,20,22,59,41.97,-17878607.532,16576720.430000002,10359004.672999999,-751.73722,-2571.6795,2812.13646,2020-03-20 22:59:41.970,320156614.9618732,-211382105.1710062,-120461723.35713556,149015130957.06625,1244924948.0298505,538885811.6613288,58928.95812465277
46,2020,3,20,23,14,41.97,-18398168.398999996,14125146.636,12792752.979,-401.16368,-2868.3801,2588.3563,2020-03-20 23:14:41.970,320704101.04253197,-210730256.0413532,-120236024.55952753,149015328166.10098,1269622590.4058313,549591511.3439147,58928.96854131943
46,2020,3,20,23,29,41.97,-18598608.101,11428566.75,15004563.129,-43.614140000000006,-3115.34188,2319.65988,2020-03-20 23:29:41.970,321249995.9844425,-210077340.66659173,-120009717.4322003,149015520515.11002,1294320204.3837082,560297200.5054493,58928.9789579861
46,2020,3,20,23,44,41.97,-18476456.482,8533757.337,16956068.967,314.65961,-3308.24884,2010.74792,2020-03-20 23:44:41.970,321794297.39510846,-209423362.55263516,-119782803.23674746,149015708004.10104,1319017789.119204,571002878.783074,58928.98937465277
46,2020,3,20,23,59,41.97,-18033883.130999997,5490951.799000001,18613462.404999997,667.39576,-3443.74671,1667.03313,2020-03-20 23:59:41.970,322337002.88996154,-208768325.2087546,-119555283.23697303,149015890633.08215,1343715343.7680264,581708545.8139153,58928.99979131943
46,2020,3,21,0,14,41.97,-17278655.287,2352948.709,19948088.963,1008.43683,-3519.50267,1294.5403,2020-03-21 00:14:41.970,322878110.09236383,-208112232.1475648,-119327158.69888684,149016068402.06122,1368412867.4858458,592414201.2350781,58929.0102079861
46,2020,3,21,0,29,41.97,-16223991.196,-825835.882,20936953.857,1331.84225,-3534.2451100000003,899.7941099999999,2020-03-21 00:29:41.970,323417616.63361144,-207455086.88501173,-119098430.89069864,149016241311.04672,1393110359.4283113,603119844.6836461,58929.02062465277
46,2020,3,21,0,44,41.97,-14888319.486,-3990320.267,21563111.443,1631.9942999999998,-3487.78285,489.70002,2020-03-21 00:44:41.970,323955520.15293676,-206796892.94035783,-118869101.082813,149016409360.04727,1417807818.7510471,613825475.7966824,58929.03104131943
46,2020,3,21,0,59,41.97,-13294940.861,-7085739.3780000005,21815956.0,1903.6988399999998,-3381.00378,71.41709,2020-03-21 00:59:41.970,324491818.29751235,-206137653.83617032,-118639170.54782394,149016572549.0717,1442505244.6096592,624531094.211235,58929.0414579861
46,2020,3,21,1,14,41.97,-11471605.706,-10058605.426,21691390.499,2142.2761600000003,-3215.85317,-347.77178,2020-03-21 01:14:41.970,325026508.7224528,-205477373.09830657,-118408640.56050938,149016730878.1293,1467202636.1597207,635236699.5643272,58929.05187465277
46,2020,3,21,1,29,41.97,-9450014.004,-12857642.524999999,21191879.156,2343.64154,-2995.29268,-760.59067,2020-03-21 01:29:41.970,325559589.090819,-204816054.2559014,-118177512.39782594,149016884347.22928,1491899992.556784,645942291.492964,58929.06229131943
46,2020,3,21,1,44,41.97,-7265248.069999999,-15434676.136,20326382.871999998,2504.37381,-2723.24125,-1159.89968,2020-03-21 01:44:41.970,326091057.07361937,-204153700.84135363,-117945787.33890343,149017032956.38153,1516597312.956376,656647869.6341312,58929.0727079861
46,2020,3,21,1,59,41.97,-4955149.277000001,-17745461.717,19110180.187000003,2621.77106,-2404.49937,-1538.81985,2020-03-21 01:59:41.970,326620910.34981483,-203490316.39031285,-117713466.6650397,149017176705.59573,1541294596.5140047,667353433.6247957,58929.08312465277
46,2020,3,21,2,14,41.97,-2559650.741,-19750438.452999998,17564578.54,2693.89273,-2044.65864,-1890.85171,2020-03-21 02:14:41.970,327149146.60632014,-202825904.4416658,-117480551.65969513,149017315594.88223,1565991842.3851542,678058983.1019063,58929.09354131943
46,2020,3,21,2,29,41.97,-120078.45,-21415395.746,15716522.454,2719.58761,-1649.99868,-2209.98544,2020-03-21 02:29:41.970,327675763.53800714,-202160468.53752318,-117247043.60848719,149017449624.25134,1590689049.7252753,688764517.7023876,58929.1039579861
46,2020,3,21,2,44,41.97,2321566.476,-22712041.98,13598107.032,2698.5077300000003,-1227.37349,-2490.8008800000002,2020-03-21 02:44:41.970,328200758.8477088,-201494012.22320673,-117012943.79918535,149017578793.7138,1615386217.6898067,699470037.0631487,58929.11437465277
46,2020,3,21,2,59,41.97,4723331.648,-23618467.152000003,11246006.531000001,2631.10818,-784.08955,-2728.55598,2020-03-21 02:59:41.970,328724130.24622,-200826539.04723573,-116778253.5217054,149017703103.28043,1640083345.434155,710175540.8210789,58929.12479131943
46,2020,3,21,3,14,41.97,7044030.959,-24119492.964,8700829.053,2518.6333,-327.77805,-2919.2624,2020-03-21 03:14:41.970,329245875.4523025,-200158052.5613129,-116542974.06810434,149017822552.96262,1664780432.113718,720881028.6130472,58929.1352079861
46,2020,3,21,3,29,41.97,9243943.767,-24206906.109,6006409.29,2363.08983,133.73653,-3059.7474,2020-03-21 03:29:41.970,329765992.19268674,-199488556.3203127,-116307106.73257498,149017937142.7717,1689477476.883856,731586500.075906,58929.14562465277
46,2020,3,21,3,44,41.97,11285484.316,-23879572.483,3209052.026,2167.20772,592.56924,-3147.7013399999996,2020-03-21 03:44:41.970,330284478.20207506,-198818053.88226667,-116070652.81144053,149018046872.71936,1714174478.8999133,742291954.8464873,58929.15604131943
46,2020,3,21,3,59,41.97,13133830.776999999,-23143432.083,356739.508,1934.38977,1040.90662,-3181.71037,2020-03-21 03:59:41.970,330801331.22314423,-198146548.80835092,-115833613.60314915,149018151742.81744,1738871437.3172126,752997392.5616016,58929.1664579861
46,2020,3,21,4,14,41.97,14757504.192,-22011376.25,-2501683.9159999997,1668.6508900000001,1471.1359,-3161.27428,2020-03-21 04:14:41.970,331316549.00654876,-197474044.6628723,-115595990.4082689,149018251753.07834,1763568351.2910545,763702812.858046,58929.17687465277
46,2020,3,21,4,29,41.97,16128888.645000001,-20503010.661,-5317336.5139999995,1374.5484,1875.96933,-3086.80948,2020-03-21 04:29:41.970,331830129.31092316,-196800545.01325586,-115357784.52948205,149018346903.51453,1788265219.9767165,774408215.3725948,58929.18729131943
46,2020,3,21,4,44,41.97,17224685.065,-18644309.187,-8042120.0200000005,1057.10447,2248.56214,-2959.6375,2020-03-21 04:44:41.970,332342069.90288585,-196126053.43003106,-115118997.27158011,149018437194.1385,1812962042.5294497,785113599.742004,58929.1977079861
46,2020,3,21,4,59,41.97,18026292.231,-16467165.152,-10629523.769,721.7221000000001,2582.62231,-2781.95942,2020-03-21 04:59:41.970,332852368.5570404,-195450573.48681858,-114879629.94145805,149018522624.96347,1837658818.104496,795818965.6030123,58929.20812465277
46,2020,3,21,5,14,41.97,18520109.706,-14008847.937,-13035399.749,374.09591,2872.51094,-2556.81693,2020-03-21 05:14:41.970,333361023.05598,-194774108.7603171,-114639683.84810929,149018603196.00256,1862355545.8570614,806524312.592339,58929.21854131943
46,2020,3,21,5,29,41.97,18697758.65,-11311373.999,-15218696.885,20.11908,3113.3318600000002,-2288.04081,2020-03-21 05:29:41.970,333868031.190289,-194096662.8302903,-114399160.30262026,149018678907.2693,1887052224.942346,817229640.3466868,58929.2289579861
46,2020,3,21,5,44,41.97,18556217.631,-8420802.435,-17142143.564000003,-334.21229,3301.0095499999998,-1980.18762,2020-03-21 05:44:41.970,334373390.75854677,-193418239.27955335,-114158060.61816502,149018749758.7773,1911748854.515518,827934948.5027374,58929.23937465277
46,2020,3,21,5,59,41.97,18097871.713,-5386466.072000001,-18772868.274,-682.89606,3432.35435,-1638.4656200000002,2020-03-21 05:59:41.970,334877099.5673293,-192738841.69395965,-113916386.10999982,149018815750.54077,1936445433.7317257,838640236.6971561,58929.24979131943
46,2020,3,21,6,14,41.97,17330474.281999998,-2260149.839,-20082949.112999998,-1020.0208500000001,3505.11429,-1268.65095,2020-03-21 06:14:41.970,335379155.4312134,-192058473.6623879,-113674138.09545815,149018876882.5739,1961141961.746099,849345504.566588,58929.2602079861
46,2020,3,21,6,29,41.97,16267022.161,904771.2320000001,-21049883.895,-1339.8617100000001,3518.01286,-876.9952,2020-03-21 06:29:41.970,335879556.172778,-191377138.77672866,-113431317.89394489,149018933154.891,1985838437.7137504,860050751.7476618,58929.27062465277
46,2020,3,21,6,44,41.97,14925545.694,4054221.465,-21656973.565,-1636.97325,3470.77223,-470.12542,2020-03-21 06:44:41.970,336378299.622608,-190694840.63187107,-113187926.8269313,149018984567.50708,2010534860.7897677,870755977.8769879,58929.28104131943
46,2020,3,21,6,59,41.97,13328816.577,7134328.168,-21893612.732,-1906.2790599999998,3364.1214,-54.93787,2020-03-21 06:59:41.970,336875383.6192969,-190011582.82568997,-112943966.21794963,149019031120.43707,2035231230.1292224,881461182.5911589,58929.2914579861
46,2020,3,21,7,14,41.97,11503977.267,10092325.778,-21755482.229000002,-2143.15636,3199.7891799999998,361.51322000000005,2020-03-21 07:14:41.970,337370806.00944906,-189327368.959032,-112699437.3925877,149019072813.69617,2059927544.8871613,892166365.5267487,58929.30187465277
46,2020,3,21,7,29,41.97,9482096.948,12877446.638,-21244639.813,-2343.5143900000003,2980.4814899999997,772.1305000000001,2020-03-21 07:29:41.970,337864564.6476826,-188642202.63570336,-112454341.6784837,149019109647.30005,2084623804.2186146,902871526.3203127,58929.31229131943
46,2020,3,21,7,44,41.97,7297660.087,15441784.409,-20369506.418,-2503.86557,2709.84322,1169.8905200000002,2020-03-21 07:44:41.970,338356657.3966327,-187956087.46245608,-112208680.40532069,149019141621.2643,2109320007.2785947,913576664.6083915,58929.3227079861
46,2020,3,21,7,59,41.97,4987994.732,17741116.106000002,-19144746.742,-2621.38805,2392.40448,1547.96125,2020-03-21 07:59:41.970,338847082.1269533,-187269027.0489746,-111962454.90482138,149019168735.6053,2134016153.2220895,924281780.027504,58929.33312465277
46,2020,3,21,8,14,41.97,2592648.824,19735668.914,-17591044.468,-2693.97851,2033.51169,1899.81838,2020-03-21 08:14:41.970,339335836.7173211,-186581025.0078629,-111715666.51074278,149019190990.33905,2158712241.2040772,934986872.2141562,58929.34354131943
46,2020,3,21,8,29,41.97,152723.843,21390818.297000002,-15734774.021,-2720.2939499999998,1639.24394,2219.35864,2020-03-21 08:29:41.970,339822919.05443686,-185892084.9546315,-111468316.55887078,149019208385.48218,2183408270.379508,945691940.8048323,58929.3539579861
46,2020,3,21,8,44,41.97,-2289823.814,22677704.504,-13607572.512999998,-2699.78145,1216.3154,2501.00796,2020-03-21 08:44:41.970,340308327.0330289,-185202210.50768375,-111220406.38701506,149019220921.0515,2208104239.9033165,956396985.4360011,58929.36437465277
46,2020,3,21,8,59,41.97,-4692902.414999999,23573755.445,-11245817.322999999,-2632.6948300000004,771.96509,2739.82263,2020-03-21 08:59:41.970,340792058.55585635,-184511405.28830314,-110971937.33500355,149019228597.06415,2232800148.9304204,967102005.7441139,58929.37479131943
46,2020,3,21,9,14,41.97,-7015013.2809999995,24063105.068,-8690016.657,-2520.09744,313.8352,2931.5811900000003,2020-03-21 09:14:41.970,341274111.53371036,-183819672.9206399,-110722910.74467692,149019231413.53726,2257495996.615718,977807001.3656051,58929.3852079861
46,2020,3,21,9,29,41.97,-9215975.202,24136897.882,-5984122.31,-2363.85047,-150.15997000000002,3072.8650599999996,2020-03-21 09:29:41.970,341754483.8854182,-183127017.03169772,-110473327.95988385,149019229370.48865,2282191782.1140857,988511971.9368899,58929.39562465277
46,2020,3,21,9,44,41.97,-11257631.688,23793472.055,-3174775.693,-2166.5864500000002,-611.97234,3161.12592,2020-03-21 09:44:41.970,342233173.53784466,-182433441.25132105,-110223190.32647505,149019222467.93604,2306887504.580385,999216917.0943675,58929.40604131943
46,2020,3,21,9,59,41.97,-13104527.733000001,23038415.695,-310499.893,-1931.66805,-1063.56311,3194.7379699999997,2020-03-21 09:59:41.970,342710178.4258958,-181738949.21218145,-109972499.19229834,149019210705.8975,2331583163.169466,1009921836.4744219,58929.4164579861
46,2020,3,21,10,14,41.97,-14724542.96,21884493.287,2559147.943,-1663.13248,-1497.04774,3173.03359,2020-03-21 10:14:41.970,343185496.49252117,-181043544.54976425,-109721255.907193,149019194084.39142,2356278757.0361505,1020626729.7134173,58929.42687465277
46,2020,3,21,10,29,41.97,-16089468.554,20351441.906,5384448.381999999,-1365.62228,-1904.8398499999998,3096.3211899999997,2020-03-21 10:29:41.970,343659125.688716,-180347230.9023563,-109469461.82298496,149019172603.4363,2380974285.3352513,1031331596.4477035,58929.43729131943
46,2020,3,21,10,44,41.97,-17175516.257,18465639.572,8116399.207,-1044.3038099999999,-2279.79094,2965.8844700000004,2020-03-21 10:44:41.970,344131063.97352463,-179650011.91103205,-109217118.2934809,149019146263.05118,2405669747.2215595,1042036436.313611,58929.4477079861
46,2020,3,21,10,59,41.97,-17963748.946,16259650.932,10707585.737,-704.77481,-2615.32276,2783.96275,2020-03-21 10:59:41.970,344601309.3140423,-178951891.21964058,-108964226.67446336,149019115063.25507,2430365141.849847,1052741248.9474543,58929.45812465277
46,2020,3,21,11,14,41.97,-18440423.867000002,13771658.185,13113024.992,-352.96304,-2905.5494400000002,2553.71256,2020-03-21 11:14:41.970,345069859.68541867,-178252872.4747926,-108710788.32368504,149019079004.0673,2455060468.374879,1063446033.9855336,58929.46854131943
46,2020,3,21,11,29,41.97,-18597241.369,11044787.779000001,15290967.108000001,4.98194,-3145.38658,2279.15121,2020-03-21 11:29:41.970,345536713.07085943,-177552959.3258472,-108456804.60086381,149019038085.50754,2479755725.9513907,1074150791.0641282,58929.4789579861
46,2020,3,21,11,44,41.97,-18431494.084999997,8126345.732,17203638.264000002,362.80143,-3330.64486,1965.08351,2020-03-21 11:44:41.970,346001867.4616298,-176852155.42489856,-108202276.86767723,149018992307.59558,2504450913.734108,1084855519.8195043,58929.48937465277
46,2020,3,21,11,59,41.97,-17946113.592,5066976.453000001,18817910.639999997,714.2422899999999,-3458.1060899999998,1617.01315,2020-03-21 11:59:41.970,346465320.85705644,-176150464.42676315,-107947206.48775712,149018941670.3518,2529146030.877743,1095560219.8879092,58929.49979131943
46,2020,3,21,12,14,41.97,-17149613.861,1919761.536,20105886.528,1053.17121,-3525.5803499999997,1241.0409499999998,2020-03-21 12:14:41.970,346927071.26453024,-175447889.98896646,-107691594.82668445,149018886173.79636,2553841076.536985,1106264890.9055777,58929.5102079861
46,2020,3,21,12,29,41.97,-16055933.016999999,-1260723.8339999998,21045385.687000003,1373.68604,-3531.94293,843.752,2020-03-21 12:29:41.970,347387116.6995087,-174744435.77172977,-107435443.25198396,149018825817.95004,2578536049.866511,1116969532.508723,58929.52062465277
46,2020,3,21,12,44,41.97,-14684177.035999998,-4419378.512999999,21620327.172000002,1670.2219499999999,-3477.15075,432.09441999999996,2020-03-21 12:44:41.970,347845455.1855191,-174040105.4379573,-107178753.1331188,149018760602.83368,2603230950.020988,1127674144.3335466,58929.53104131943
46,2020,3,21,12,59,41.97,-13058271.034,-7501548.504000001,21820999.204,1937.65034,-3362.23814,13.25226,2020-03-21 12:59:41.970,348302084.7541605,-173334902.6532224,-106921525.84148507,149018690528.4685,2627925776.1550517,1138378726.0162299,58929.5414579861
46,2020,3,21,13,14,41.97,-11206525.558,-10453987.148,21644213.046,2171.3684999999996,-3189.29251,-405.48471,2020-03-21 13:14:41.970,348757003.44510627,-172628831.0857554,-106663762.75040668,149018615594.87573,2652620527.4233418,1149083277.1929436,58929.55187465277
46,2020,3,21,13,29,41.97,-9161126.885,-13225784.685,21093339.26,2367.3786,-2961.41075,-816.85171,2020-03-21 13:29:41.970,349210209.30610645,-171921894.40643,-106405465.23513013,149018535802.07733,2677315202.980473,1159787797.499837,58929.56229131943
46,2020,3,21,13,44,41.97,-6957561.5879999995,-15769250.398,20178227.071000002,2522.35457,-2682.6377300000004,-1213.73764,2020-03-21 13:44:41.970,349661700.39299095,-171214096.2887499,-106146634.67281884,149018451150.09515,2702009801.981044,1170492286.573045,58929.5727079861
46,2020,3,21,13,59,41.97,-4633986.694999999,-18040731.929,18915009.789,2633.69599,-2357.88847,-1589.30917,2020-03-21 13:59:41.970,350111474.7696715,-170505440.40883616,-105887272.44254819,149018361638.9512,2726704323.5796375,1181196744.048689,58929.58312465277
46,2020,3,21,14,14,41.97,-2230557.4809999997,-20001357.869,17325801.33,2699.56826,-1992.8557899999998,-1937.12832,2020-03-21 14:14:41.970,350559530.5081442,-169795930.44541407,-105627379.92529985,149018267268.66812,2751398766.930829,1191901169.5628743,58929.59354131943
46,2020,3,21,14,29,41.97,211274.575,-21617691.524,15438290.729,2718.9287000000004,-1593.90565,-2251.26123,2020-03-21 14:29:41.970,351005865.68849194,-169085570.07979953,-105366958.50395685,149018168039.26852,2776093131.189171,1202605562.7516844,58929.6039579861
46,2020,3,21,14,44,41.97,2649480.961,-22862285.682,13285243.237,2691.53851,-1167.96218,-2526.37676,2020-03-21 14:44:41.970,351450478.3988871,-168374362.99588653,-105106009.56329785,149018063950.7755,2800787415.5092096,1213309923.251197,58929.61437465277
46,2020,3,21,14,59,41.97,5042179.726000001,-23714130.213,10903917.96,2617.96069,-722.3848499999999,-2757.83312,2020-03-21 14:59:41.970,351893366.7355942,-167662312.88013372,-104844534.48999223,149017955003.21204,2825481619.045471,1224014250.6974664,58929.62479131943
46,2020,3,21,15,14,41.97,7348351.074999999,-24158986.424,8335413.221999999,2499.54443,-264.84006999999997,-2941.75165,2020-03-21 15:14:41.970,352334528.80297136,-166949423.42155161,-104582534.6725943,149017841196.6017,2850175740.952469,1234718544.7265334,58929.6352079861
46,2020,3,21,15,29,41.97,9528533.026999999,-24189604.144,5623951.715,2338.39655,196.83062,-3075.07677,2020-03-21 15:29:41.970,352773962.7134739,-166235698.31168905,-104320011.50153847,149017722530.9683,2874869780.384709,1245422804.9744258,58929.64562465277
46,2020,3,21,15,44,41.97,11545485.82,-23805819.59,2816118.199,2137.34075,654.74335,-3155.62138,2020-03-21 15:44:41.970,353211666.5876567,-165521141.24462056,-104056966.36913352,149017599006.33575,2899563736.496673,1256127031.0771556,58929.65604131943
46,2020,3,21,15,59,41.97,13364814.572999999,-23014534.018999998,-39937.066,1899.86576,1101.10366,-3182.09754,2020-03-21 15:59:41.970,353647638.5541749,-164805755.91693312,-103793400.66955751,149017470622.7283,2924257608.442837,1266831222.6707158,58929.6664579861
46,2020,3,21,16,14,41.97,14955540.621,-21829575.076,-2895315.7630000003,1630.06334,1528.33512,-3154.13224,2020-03-21 16:14:41.970,354081876.7497892,-164089546.02771264,-103529315.7988525,149017337380.1705,2948951395.37766,1277535379.3910875,58929.67687465277
46,2020,3,21,16,29,41.97,16290613.0,-20271444.501000002,-5701196.472,1332.55747,1929.20292,-3072.26831,2020-03-21 16:29:41.970,354514379.31936556,-163372515.2785317,-103264713.15491897,149017199278.687,2973645096.4555936,1288239500.874236,58929.68729131943
46,2020,3,21,16,44,41.97,17347352.638,-18366957.485999998,-8409653.931,1012.4258399999999,2296.9308,-2937.9509599999997,2020-03-21 16:44:41.970,354945144.4158792,-162654667.373436,-102999594.13751066,149017056318.30283,2998338710.8310747,1298943586.756114,58929.6977079861
46,2020,3,21,16,59,41.97,18107822.983,-16148780.453,-10974459.849000001,675.1151,2625.3096299999997,-2753.5003100000004,2020-03-21 16:59:41.970,355374170.20041656,-161936006.0189309,-102733960.14822933,149016908499.04343,3023032237.6585226,1309647636.6726544,58929.70812465277
46,2020,3,21,17,14,41.97,18559121.968,-13654875.336,-13351852.966,326.35103999999995,2908.7963600000003,-2522.0706800000003,2020-03-21 17:14:41.970,355801454.84217703,-161216534.92396918,-102467812.59051928,149016755820.93402,3047725676.0923514,1320351650.2597804,58929.71854131943
46,2020,3,21,17,29,41.97,18693591.41,-10927859.61,-15501266.779,-27.95486,3142.60212,-2247.59734,2020-03-21 17:29:41.970,356226996.5184768,-160496257.79993728,-102201152.86966209,149016598284.00067,3072419025.286952,1331055627.1533947,58929.7289579861
46,2020,3,21,17,44,41.97,18508941.14,-8014292.304,-17386004.054,-381.80127000000005,3322.76843,-1934.73167,2020-03-21 17:44:41.970,356650793.4147493,-159775178.36064273,-101933982.39277138,149016435888.2692,3097112284.3967185,1341759566.989391,58929.73937465277
46,2020,3,21,17,59,41.97,18008286.292,-4963897.108,-18973848.128000002,-729.19392,3446.2306599999997,-1588.7657,2020-03-21 17:59:41.970,357072843.7245494,-159053300.32230064,-101666302.56878725,149016268633.766,3121805452.5760255,1352463469.403645,58929.74979131943
46,2020,3,21,18,14,41.97,17200097.358,-1828734.403,-20237601.88,-1064.24231,3510.86796,-1215.54703,2020-03-21 18:14:41.970,357493145.64955443,-158330627.4035209,-101398114.80847123,149016096520.51758,3146498528.979232,1363167334.0320182,58929.7602079861
46,2020,3,21,18,29,41.97,16098063.731,1337665.347,-21155546.234,-1381.2550999999999,3515.5390899999998,-821.3852499999999,2020-03-21 18:29:41.970,357911697.3995668,-157607163.325295,-101129420.52440079,149015919548.55084,3171191512.760687,1373871160.5103574,58929.77062465277
46,2020,3,21,18,44,41.97,14720872.542,4481193.887,-21711811.068,-1674.8327199999999,3460.1036,-412.95108000000005,2020-03-21 18:44:41.970,358328497.19251704,-156882911.81098324,-100860221.13096407,149015737717.8928,3195884403.0747347,1384574948.4744968,58929.78104131943
46,2020,3,21,18,59,41.97,13091905.704,7548069.792,-21896652.465,-1939.95629,3345.4279800000004,2.8306999999999998,2020-03-21 18:59:41.970,358743543.2544649,-156157876.586301,-100590518.04435454,149015551028.5707,3220577199.0757065,1395278697.5602565,58929.7914579861
46,2020,3,21,19,14,41.97,11238859.177000001,10485741.729,-21706631.386,-2172.0714199999998,3173.37645,418.89299,2020-03-21 19:14:41.970,359156833.8196028,-155432061.37930644,-100320312.68256567,149015359480.6122,3245269899.9179134,1405982407.4034371,58929.80187465277
46,2020,3,21,19,29,41.97,9193289.532000002,13243776.461,-21144690.05,-2367.1657,2946.78625,828.14172,2020-03-21 19:29:41.970,359568367.1302567,-154705469.92038694,-100049606.46538568,149015163074.0452,3269962504.7556734,1416686077.6398335,58929.81229131943
46,2020,3,21,19,44,41.97,6990094.008,15774717.561999999,-20220123.608999997,-2521.83881,2669.42727,1223.57296,2020-03-21 19:44:41.970,359978141.43689,-153978105.94224644,-99778400.81439193,149014961808.8976,3294655012.7432756,1427389707.9052198,58929.8227079861
46,2020,3,21,19,59,41.97,4666931.381,18034900.857,-18948446.092,-2633.3637599999997,2345.94625,1598.3904200000002,2020-03-21 19:59:41.970,360386154.998105,-153249973.1798918,-99506697.1529461,149014755685.1979,3319347423.035012,1438093297.8353577,58929.83312465277
46,2020,3,21,20,14,41.97,2263592.029,19985212.755,-17351151.150999997,-2699.7383,1981.79578,1946.12146,2020-03-21 20:14:41.970,360792406.08064485,-152521075.3706205,-99234496.90618837,149014544702.97455,3344039734.785153,1448796847.0659938,58929.84354131943
46,2020,3,21,20,29,41.97,-178673.305,21591778.064,-15455369.722,-2719.7251499999998,1583.1487200000001,2260.72981,2020-03-21 20:29:41.970,361196892.95939595,-151791416.2540067,-98961801.50103234,149014328862.25668,3368731947.1479692,1459500355.2328653,58929.8539579861
46,2020,3,21,20,44,41.97,-2617855.5500000003,22826564.468000002,-13293428.524,-2692.8800100000003,1156.79873,2536.7229,2020-03-21 20:44:41.970,361599613.917391,-151060999.57188925,-98688612.36615972,149014108163.07315,3393424059.2777166,1470203821.9716928,58929.86437465277
46,2020,3,21,20,59,41.97,-5011908.6850000005,23667891.8,-10902315.086000001,-2619.56641,710.0483800000001,2769.2518800000003,2020-03-21 20:59:41.970,362000567.24581,-150329829.06835765,-98414930.93201481,149013882605.45355,3418116070.328649,1480907246.9181845,58929.87479131943
46,2020,3,21,21,14,41.97,-7319478.227,24100835.404000003,-8323056.931999999,-2500.95651,250.58602000000002,2954.20203,2020-03-21 21:14:41.970,362399751.24398255,-149597908.4897394,-98140758.63079935,149013652189.42734,3442807979.4549923,1491610629.7080293,58929.8852079861
46,2020,3,21,21,29,41.97,-9500623.969,24117514.470999997,-5600024.391,-2339.01746,-213.6464,3088.27167,2020-03-21 21:29:41.970,362797164.2193916,-148865241.58458722,-97866096.89646727,149013416915.0245,3467499785.8109837,1502313969.9769096,58929.89562465277
46,2020,3,21,21,44,41.97,-11517523.746000001,23717258.075000003,-2780168.358,-2136.4828899999998,-674.5925000000001,3169.03756,2020-03-21 21:44:41.970,363192804.4876737,-148131832.1036655,-97590947.16471893,149013176782.27505,3492191488.5508423,1513017267.360492,58929.90604131943
46,2020,3,21,21,59,41.97,-13335144.914,22906643.8,87794.01199999999,-1896.80971,-1124.2249900000002,3195.0049,2020-03-21 21:59:41.970,363586670.37262243,-147397683.79993773,-97315310.87299633,149012931791.2096,3516883086.8287754,1523720521.4944286,58929.9164579861
46,2020,3,21,22,14,41.97,-14921870.482,21699406.308000002,2954231.195,-1624.1206100000002,-1554.69069,3165.64064,2020-03-21 22:14:41.970,363978760.20618993,-146662800.42855304,-97039189.46047741,149012681941.85864,3541574579.7989855,1534423732.014359,58929.92687465277
46,2020,3,21,22,29,41.97,-16250067.383,20116215.84,5769471.111,-1323.1331799999998,-1958.4540200000001,3081.38872,2020-03-21 22:29:41.970,364369072.3284885,-145927185.74683326,-96762584.36807087,149012427234.25314,3566265966.6156697,1545126898.555908,58929.93729131943
46,2020,3,21,22,44,41.97,-17296585.332,18184329.381,8484680.348,-999.0767900000001,-2328.43594,2943.66676,2020-03-21 22:44:41.970,364757605.0877951,-145190843.51426038,-96485497.03841077,149012167668.42435,3590957246.433014,1555830020.7546914,58929.9477079861
46,2020,3,21,22,59,41.97,-18043175.985999998,15937120.077,11052731.851,-657.5988699999999,-2658.14509,2754.84377,2020-03-21 22:59:41.970,365144356.84055066,-144453777.49246264,-96207928.91585134,149011903244.40353,3615648418.4051933,1566533098.2463093,58929.95812465277
46,2020,3,21,23,14,41.97,-18476823.684,13413493.166000001,13429044.129,-304.66249,-2941.79833,2518.1992,2020-03-21 23:14:41.970,365529325.95136356,-143715991.44520214,-95929881.44646136,149011633962.22256,3640339481.6863747,1577236130.6663435,58929.96854131943
46,2020,3,21,23,29,41.97,-18589980.929,10657199.295,15572375.485000001,53.56254,-3174.42783,2237.8641199999997,2020-03-21 23:29:41.970,365912510.7930115,-142977489.13836145,-95651356.07801905,149011359821.91327,3665030435.430727,1587939117.650374,58929.9789579861
46,2020,3,21,23,44,41.97,-18380703.78,7716058.372,17445557.678,410.81273,-3351.97242,1918.7457000000002,2020-03-21 23:44:41.970,366293909.7464439,-142238274.33993077,-95372354.26000677,149011080823.50784,3689721278.7923975,1598642058.8339581,58929.98937465277
46,2020,3,21,23,59,41.97,-17852684.535,4641109.059,19016154.731,760.8457199999999,-3471.35118,1566.43667,2020-03-21 23:59:41.970,366673521.2007841,-141498350.81999514,-95092877.44360542,149010796967.03894,3714412010.925536,1609344953.8526454,58929.99979131943
46,2020,3,22,0,14,41.97,-17015181.804,1485702.76,20257033.266999997,1097.55408,-3530.51789,1187.11206,2020-03-22 00:14:41.970,367051343.5533298,-140757722.35072085,-94812927.08168948,149010508252.539,3739102630.9842815,1620047802.3419712,58930.0102079861
46,2020,3,22,0,29,41.97,-15882846.849,-1695453.244,21146839.908999998,1415.0767,-3528.49507,787.41427,2020-03-22 00:29:41.970,367427375.2095579,-140016392.70634234,-94532504.62882125,149010214680.04114,3763793138.122769,1630750603.9374588,58930.02062465277
46,2020,3,22,0,44,41.97,-14475457.095,-4847252.237,21670361.425,1707.9031300000001,-3465.3877300000004,374.332,2020-03-22 00:44:41.970,367801614.58312416,-139274365.66315016,-94251611.54124594,149009916249.5786,3788483531.4951186,1641453358.2746177,58930.03104131943
46,2020,3,22,0,59,41.97,-12817553.888,-7915169.422,21818783.242000002,1970.97192,-3342.37628,-44.928219999999996,2020-03-22 00:59:41.970,368174060.0958659,-138531644.99947676,-93970249.27688588,149009612961.1849,3813173810.255458,1652156064.988948,58930.0414579861
46,2020,3,22,1,14,41.97,-10937998.374,-10846216.902,21589825.905,2199.7588,-3161.68951,-463.07228,2020-03-22 01:14:41.970,368544710.17780507,-137788234.49568418,-93688419.2953355,149009304814.89368,3837863973.5578904,1662858723.715932,58930.05187465277
46,2020,3,22,1,29,41.97,-8869452.351,-13589867.85,20987765.044,2390.35406,-2926.5584599999997,-872.84906,2020-03-22 01:29:41.970,368913563.26714873,-137044137.93415064,-93406123.05785595,149008991810.73904,3862554020.55653,1673561334.0910454,58930.06229131943
46,2020,3,22,1,44,41.97,-6647794.89,-16098931.071999999,20023334.706,2539.5277100000003,-2641.15256,-1267.1786599999998,2020-03-22 01:44:41.970,369280617.8102923,-136299359.09925786,-93123362.02736972,149008673948.75516,3887243950.4054747,1684263895.7497473,58930.0727079861
46,2020,3,22,1,59,41.97,-4311486.146000001,-18330360.706,18713517.338000003,2644.7815299999997,-2310.49967,-1639.27572,2020-03-22 01:59:41.970,369645872.2618206,-135553901.77737755,-92840137.66845517,149008351228.97665,3911933762.2588177,1694966408.3274872,58930.08312465277
46,2020,3,22,2,14,41.97,-1900890.498,-20245987.436,17081225.686,2704.38735,-1940.39193,-1982.76586,2020-03-22 02:14:41.970,370009325.08451045,-134807769.75685897,-92556451.44734128,149008023651.43814,3936623455.270649,1705668871.4597003,58930.09354131943
46,2020,3,22,2,29,41.97,542428.439,-21813159.34,15154883.809999999,2717.4112099999998,-1537.2794700000002,-2291.79318,2020-03-22 02:29:41.970,370370974.74933237,-134060966.82801545,-92272304.83190249,149007691216.17502,3961313028.5950527,1716371284.7818122,58930.1039579861
46,2020,3,22,2,44,41.97,2976428.167,-23005282.484,12967915.954,2683.7234,-1108.1542900000002,-2561.11726,2020-03-22 02:44:41.970,370730819.73545235,-133313496.78311148,-91987699.29165295,149007353923.222,3986002481.3861055,1727073647.929235,58930.11437465277
46,2020,3,22,2,59,41.97,5359310.393,-23802253.380999997,10558153.470999999,2603.9945000000002,-660.42647,-2786.19805,2020-03-22 02:59:41.970,371088858.53023475,-132565363.41634975,-91702636.29774144,149007011772.6151,4010691812.797879,1737775960.5373707,58930.12479131943
46,2020,3,22,3,14,41.97,7650234.454,-24190777.496,7967171.0819999995,2479.678,-201.79511,-2963.26784,2020-03-22 03:14:41.970,371445089.6292425,-131816570.52385798,-91417117.32294622,149006664764.39,4035381021.9844475,1748478222.2416072,58930.1352079861
46,2020,3,22,3,29,41.97,9810009.227,-24164570.098,5239564.680000001,2312.9799900000003,259.8837,-3089.38909,2020-03-22 03:29:41.970,371799511.5362413,-131067121.90367617,-91131143.84166913,149006312898.58282,4060070108.099867,1759180432.6773207,58930.14562465277
46,2020,3,22,3,44,41.97,11801752.322,-23724437.749,2422183.491,2106.81688,716.7297,-3162.49792,2020-03-22 03:44:41.970,372152122.7631994,-130317021.3557432,-90844717.32993072,149005956175.22968,4084759070.2981987,1769882591.4798763,58930.15604131943
46,2020,3,22,3,59,41.97,13591506.17,-22878240.739,-436670.159,1864.7621299999998,1160.9698799999999,-3181.4326300000002,2020-03-22 03:59:41.970,372502921.8302904,-129566272.6818841,-90557839.26536456,149005594594.36722,4109447907.7334967,1780584698.2846308,58930.1664579861
46,2020,3,22,4,14,41.97,15148801.595999999,-21640738.602,-3288060.1,1590.98296,1585.06655,-3145.94741,2020-03-22 04:14:41.970,372851907.2658954,-128814879.68579699,-90270511.12721218,149005228156.03247,4134136619.5598106,1791286752.7269232,58930.17687465277
46,2020,3,22,4,29,41.97,16447160.469999999,-20033322.633,-6083241.209,1290.16848,1981.8401000000001,-3056.7112500000003,2020-03-22 04:29:41.970,373199077.6066048,-128062846.17303981,-89982734.39631754,149004856860.26242,4158825204.931185,1801988754.442088,58930.18729131943
46,2020,3,22,4,44,41.97,17464530.177,-18083640.892,-8774476.837,967.4503,2344.5848499999997,-2915.29245,2020-03-22 04:44:41.970,373544431.39721954,-127310175.95101753,-89694510.55512176,149004480707.09424,4183513663.0016646,1812690703.065441,58930.1977079861
46,2020,3,22,4,59,41.97,18183643.794,-15825122.667,-11315836.029,628.31697,2667.1764200000002,-2724.12934,2020-03-22 04:59:41.970,373887967.1907531,-126556872.8289691,-89405841.0876577,149004099696.56577,4208201992.9252872,1823392598.232292,58930.20812465277
46,2020,3,22,5,14,41.97,18592301.022,-13296410.631000001,-13663958.368999999,278.52373,2944.1692599999997,-2486.48777,2020-03-22 05:14:41.970,374229683.54843485,-125802940.6179544,-89116727.47954455,149003713828.71487,4232890193.8560867,1834094439.5779393,58930.21854131943
46,2020,3,22,5,29,41.97,18683566.167,-10540710.087,-15778774.937,-76.00141,3170.8832,-2206.4062,2020-03-22 05:29:41.970,374569579.0397091,-125048383.13084108,-88827171.21798255,149003323103.57944,4257578264.9480963,1844796226.737669,58930.2289579861
46,2020,3,22,5,44,41.97,18455880.576,-7605065.654,-17624174.638,-429.2536,3343.47797,-1888.62936,2020-03-22 05:44:41.970,374907652.2422396,-124293204.18229187,-88537173.79174763,149002927521.19815,4282266205.355343,1855497959.3467522,58930.23937465277
46,2020,3,22,5,59,41.97,17913088.149,-4539576.605,-19168606.006,-775.24817,3459.0148900000004,-1538.5314,2020-03-22 05:59:41.970,375243901.74190986,-123537407.58875114,-88246736.69118613,149002527081.60944,4306954014.23185,1866199637.0404572,58930.24979131943
46,2020,3,22,6,14,41.97,17064373.665,-1396562.778,-20385605.504,-1108.11718,3515.5048899999997,-1162.0295700000001,2020-03-22 06:14:41.970,375578326.13282496,-122780997.16843224,-87955861.40820919,149002121784.85226,4331641690.731644,1876901259.4540346,58930.2602079861
46,2020,3,22,6,29,41.97,15924114.784,1770306.423,-21254244.316,-1422.20448,3511.94244,-765.48959,2020-03-22 06:29:41.970,375910924.017314,-122023976.74130413,-87664549.43628764,149001711630.9658,4356329234.008745,1887602826.2227292,58930.27062465277
46,2020,3,22,6,44,41.97,14511649.686,4906906.929,-21759486.633,-1712.15792,3448.32465,-355.62381,2020-03-22 06:44:41.970,376241694.0059312,-121266350.12907872,-87372802.27044651,149001296619.98938,4381016643.217168,1898304336.9817712,58930.28104131943
46,2020,3,22,6,59,41.97,12850963.408,7959565.38,-21892453.534,-1973.01761,3325.65539,60.61653999999999,2020-03-22 06:59:41.970,376570634.71745867,-120508121.15519767,-87080621.4072596,149000876751.96274,4405703917.510929,1909005791.3663797,58930.2914579861
46,2020,3,22,7,14,41.97,10970297.026,10875961.27,-21650587.694999997,-2200.2989199999997,3145.93394,476.15373999999997,2020-03-22 07:14:41.970,376897744.77890635,-119749293.64481921,-86788008.34484425,149000452026.92587,4430391056.044048,1919707189.0117679,58930.30187465277
46,2020,3,22,7,29,41.97,8901684.915,13606011.901,-21037715.387000002,-2390.0690799999998,2912.1281599999998,883.8992,2020-03-22 07:29:41.970,377223022.82551616,-118989871.42480534,-86494964.58285595,149000022444.91882,4455078057.970528,1930408529.5531328,58930.31229131943
46,2020,3,22,7,44,41.97,6680426.443,16102726.140999999,-20064003.533999998,-2539.0161,2628.13197,1276.87079,2020-03-22 07:44:41.970,377546467.5007611,-118229858.32370883,-86201491.62248287,148999588005.98203,4479764922.444382,1941109812.6256666,58930.3227079861
46,2020,3,22,7,59,41.97,4344499.550000001,18323012.986,-18745811.025,-2644.5088,2298.70746,1648.31019,2020-03-22 07:59:41.970,377868077.4563494,-117469258.1717601,-85907590.96644069,148999148710.15634,4504451648.619621,1951811037.8645468,58930.33312465277
46,2020,3,22,8,14,41.97,1933924.7580000001,20228431.141000003,-17105435.017,-2704.64669,1929.41183,1991.7986,2020-03-22 08:14:41.970,378187851.352224,-116708074.800854,-85613264.11896685,148998704557.48267,4529138235.6502495,1962512204.9049425,58930.34354131943
46,2020,3,22,8,29,41.97,-509910.757,21785866.283999998,-15170754.594,-2718.29869,1526.50982,2301.36882,2020-03-22 08:29:41.970,378505787.85656637,-115946312.04453729,-85318512.58581556,148998255548.00208,4553824682.690276,1973213313.3820114,58930.3539579861
46,2020,3,22,8,44,41.97,-2944958.383,22968123.294,-12974775.937,-2685.12934,1096.8725299999999,2571.61167,2020-03-22 08:44:41.970,378821885.64579594,-115183973.73799513,-85023337.87425226,148997801681.7562,4578510988.893703,1983914362.9309034,58930.36437465277
46,2020,3,22,8,59,41.97,-5329231.021,23754421.717,-10555084.968999999,-2605.6118,647.8638,2797.77483,2020-03-22 08:59:41.970,379136143.40457404,-114421063.7180383,-84727741.49304822,148997342958.78677,4603197153.414538,1994615353.1867561,58930.37479131943
46,2020,3,22,9,14,41.97,-7621531.438,24130783.972000003,-7953215.355,-2481.02677,187.21573,2975.8517699999998,2020-03-22 09:14:41.970,379448559.8258037,-113657585.82309006,-84431724.95247528,148996879379.13565,4627883175.406787,2005316283.7846973,58930.3852079861
46,2020,3,22,9,29,41.97,-9782173.091,24090307.391999997,-5213941.5879999995,-2313.4467999999997,-277.10461,3102.65895,2020-03-22 09:29:41.970,379759133.6106324,-112893543.89317338,-84135289.76430035,148996410942.84515,4652569054.024452,2016017154.359848,58930.39562465277
46,2020,3,22,9,44,41.97,-11773680.188000001,23633313.106000002,-2384508.714,-2105.7058,-737.03513,3175.8991,2020-03-22 09:44:41.970,380067863.468453,-112128941.76989757,-83838437.44177996,148995937649.95786,4677254788.421534,2026717964.5473137,58930.40604131943
46,2020,3,22,9,59,41.97,-13561453.669,22767366.991,486188.08,-1861.3538800000001,-1184.56266,3194.2091,2020-03-22 09:59:41.970,380374748.11690575,-111363783.29644543,-83541169.49965511,148995459500.51636,4701940377.752036,2037418713.9821942,58930.4164579861
46,2020,3,22,10,14,41.97,-15114390.113,21507170.365999997,3348459.366,-1584.5979699999998,-1611.86794,3157.1907600000004,2020-03-22 10:14:41.970,380679786.2818796,-110598072.31756024,-83243487.45414574,148994976494.56393,4726625821.169971,2048119402.2995794,58930.42687465277
46,2020,3,22,10,29,41.97,-16405441.163999999,19874320.805999998,6152697.05,-1280.22925,-2011.4687299999998,3065.42357,2020-03-22 10:29:41.970,380982976.6975146,-109831812.67953281,-82945392.82294525,148994488632.1436,4751311117.829332,2058820029.1345496,58930.43729131943
46,2020,3,22,10,44,41.97,-17412102.07,17896946.200999998,8850253.022,-953.53842,-2376.3578899999998,2920.45877,2020-03-22 10:44:41.970,381284318.1062019,-109065008.23018812,-82646887.1252154,148993995913.29904,4775996266.884132,2069520594.1221738,58930.4477079861
46,2020,3,22,10,59,41.97,-18116819.258,15609218.012,11394303.915000001,-610.22079,-2700.13322,2724.7943999999998,2020-03-22 10:59:41.970,381583809.2585866,-108297662.81887281,-82347971.88158058,148993498338.07388,4800681267.488373,2080221096.8975132,58930.45812465277
46,2020,3,22,11,14,41.97,-18507308.461,13050752.372000001,13740685.049,-256.2728,-2977.11637,2481.83185,2020-03-22 11:14:41.970,381881448.91356903,-107529780.29644166,-82048648.61412272,148992995906.51248,4825366118.796058,2090921537.0956197,58930.46854131943
46,2020,3,22,11,29,41.97,-18576776.821,10265910.234000001,15848677.177,102.11752,-3202.4579000000003,2195.81461,2020-03-22 11:29:41.970,382177235.8383059,-106761364.51524498,-81748918.84637566,148992488618.65887,4850050819.961203,2101621914.3515346,58930.4789579861
46,2020,3,22,11,44,41.97,-18324044.439,7303009.993,17681730.586000003,458.68404000000004,-3372.22633,1871.7505999999998,2020-03-22 11:44:41.970,382471168.8082127,-105992419.32911527,-81448784.10331996,148991976474.55765,4874735370.137814,2112322228.3002915,58930.48937465277
46,2020,3,22,11,59,41.97,-17753563.049,4213467.961,19208112.493,807.19727,-3483.47914,1515.31965,2020-03-22 11:59:41.970,382763246.6069633,-105222948.59335433,-81148245.91137724,148991459474.2538,4899419768.479895,2123022478.576914,58930.49979131943
46,2020,3,22,12,14,41.97,-16875331.711999997,1050883.52,20401465.373,1141.5780200000002,-3534.31452,1132.76849,2020-03-22 12:14:41.970,383053468.0264939,-104452956.16472036,-80847305.79840508,148990937617.7922,4924104014.141466,2133722664.8164175,58930.5102079861
46,2020,3,22,12,29,41.97,-15704711.629999999,-2129913.159,21241265.864,1456.00756,-3523.9027100000003,730.79525,2020-03-22 12:29:41.970,383341831.8670026,-103682445.90141472,-80545965.29369149,148990410905.21835,4948788106.276538,2144422786.6538064,58930.52062465277
46,2020,3,22,12,44,41.97,-14262144.276999999,-5273832.369,21713176.137,1745.0319299999999,-3452.49679,316.42639,2020-03-22 12:44:41.970,383628336.9369521,-102911421.6630689,-80244225.92794947,148989879336.57782,4973472044.039127,2155122843.724079,58930.53104131943
46,2020,3,22,12,59,41.97,-12572778.995000001,-8326496.522,21809281.928,2003.6584899999998,-3321.42286,-103.11161000000001,2020-03-22 12:59:41.970,383912982.05306983,-102139887.31073172,-79942089.23331164,148989342911.9164,4998155826.583252,2165822835.662222,58930.5414579861
46,2020,3,22,13,14,41.97,-10666017.909,-11235193.968,21528213.881,2227.44285,-3133.05033,-520.52283,2020-03-22 13:14:41.970,384195766.0403507,-101367846.70685619,-79639556.74332489,148988801631.28024,5022839453.062935,2176522762.103216,58930.55187465277
46,2020,3,22,13,29,41.97,-8574987.541000001,-13949797.449,20875151.234,2412.5646,-2890.7432700000004,-928.5723399999999,2020-03-22 13:29:41.970,384476687.7320582,-100595303.71528642,-79336629.99294493,148988255494.71564,5047522922.632195,2187222622.682031,58930.56229131943
46,2020,3,22,13,44,41.97,-6335947.699,-16423630.776999999,19861709.19,2555.89077,-2598.79424,-1320.2138400000001,2020-03-22 13:44:41.970,384755745.96972495,-99822262.20124455,-79033310.51853086,148987704502.2694,5072206234.445063,2197922417.0336294,58930.5727079861
46,2020,3,22,13,59,41.97,-3987649.174,-18614268.665,18505713.541,2655.02605,-2262.34224,-1688.7122000000002,2020-03-22 13:59:41.970,385032939.6031552,-99048726.03131787,-78729599.85783978,148987148653.98837,5096889387.655564,2208622144.792964,58930.58312465277
46,2020,3,22,14,14,41.97,-1570652.451,-20484256.316999998,16830868.108999997,2708.34911,-1887.27675,-2027.7587700000001,2020-03-22 14:14:41.970,385308267.49042547,-98274699.07344596,-78425499.5500214,148986587949.9195,5121572381.417731,2219321805.594981,58930.59354131943
46,2020,3,22,14,29,41.97,873379.963,-22001737.173,14866322.406,2715.03485,-1480.12999,-2331.5775,2020-03-22 14:29:41.970,385581728.4978864,-97500185.19690724,-78121011.13561276,148986022390.11044,5146255214.885607,2230021399.074618,58930.6039579861
46,2020,3,22,14,44,41.97,3302404.86,-23140979.173,12646148.503,2675.0625499999996,-1047.9595100000001,-2595.02034,2020-03-22 14:44:41.970,385853321.50016344,-96725188.27230616,-77816136.15653244,148985451974.60864,5170937887.213218,2240720924.8668013,58930.61437465277
46,2020,3,22,14,59,41.97,5674720.677,-23882791.947,10208737.442,2589.2100400000004,-598.2235900000001,-2813.65043,2020-03-22 14:59:41.970,386123045.38015944,-95949712.17156027,-77510876.15607558,148984876703.4622,5195620397.554613,2251420382.6064506,58930.62479131943
46,2020,3,22,15,14,41.97,7949678.527,-24214829.419,7596126.648,2459.03449,-138.65159,-2983.81207,2020-03-22 15:14:41.970,386390899.0290542,-95173760.76788697,-77205232.67890818,148984296576.71927,5220302745.063843,2262119771.9284816,58930.6352079861
46,2020,3,22,15,29,41.97,10088370.172999999,-24131774.381,4853270.6280000005,2286.84049,322.88831,-3102.68667,2020-03-22 15:29:41.970,386656881.3463076,-94397337.93579073,-76899207.27106185,148983711594.42816,5244984928.894953,2272819092.467797,58930.64562465277
46,2020,3,22,15,44,41.97,12054281.811999999,-23635403.622,2027267.852,2075.63617,778.52188,-3168.33412,2020-03-22 15:44:41.970,386920991.2396595,-93620447.55104996,-76592801.47992826,148983121756.63754,5269666948.202003,2283518343.8592906,58930.65604131943
46,2020,3,22,15,59,41.97,13813903.442,-22734534.180999998,-833442.906,1829.07856,1220.4999599999999,-3179.71925,2020-03-22 15:59:41.970,387183227.62513155,-92843093.49070373,-76286016.85425377,148982527063.3966,5294348802.139051,2294217525.7378545,58930.6664579861
46,2020,3,22,16,14,41.97,15337284.518000001,-21444853.108,-3679903.377,1551.40903,1641.3258500000002,-3136.72349,2020-03-22 16:14:41.970,387443589.427029,-92065279.63303927,-75978854.94413413,148981927514.75433,5319030489.860161,2304916637.7383657,58930.67687465277
46,2020,3,22,16,29,41.97,16598527.654000001,-19788634.875,-6463460.409,1247.3804100000002,2033.8773200000003,-3040.1417300000003,2020-03-22 16:29:41.970,387702075.57794094,-91287009.85757856,-75671317.30100887,148981323110.7603,5343712010.519397,2315615679.4957,58930.68729131943
46,2020,3,22,16,44,41.97,17576213.261,-17794352.144,-9136581.314,922.17664,2391.5213,-2891.66493,2020-03-22 16:44:41.970,387958685.018742,-90508288.04506528,-75363405.47765589,148980713851.46432,5368393363.270836,2326314650.644719,58930.6977079861
46,2020,3,22,16,59,41.97,18253749.172,-15496187.042,-11653647.284,581.32657,2708.22003,-2693.84888,2020-03-22 16:59:41.970,388213416.69859415,-89729118.07745202,-75055121.02818625,148980099736.91614,5393074547.2685585,2337013550.8202853,58930.70812465277
46,2020,3,22,17,14,41.97,18619640.481,-12933451.348000001,-13971712.793000001,230.61314,2978.62717,-2450.06999,2020-03-22 17:14:41.970,388466269.5749467,-88949503.83788705,-74746465.50803845,148979480767.1661,5417755561.666653,2347712379.657246,58930.71854131943
46,2020,3,22,17,29,41.97,18667676.026,-10149925.122000001,-16051219.578,-124.02083,3198.1727300000002,-2164.46872,2020-03-22 17:29:41.970,388717242.6135385,-88169449.21070151,-74437440.47397329,148978856942.2649,5442436405.6192,2358411136.7904425,58930.7289579861
46,2020,3,22,17,44,41.97,18397029.105,-7193124.262999999,-17856654.573,-476.56883999999997,3363.1359,-1841.8817199999999,2020-03-22 17:44:41.970,388966334.78839934,-87388958.08139604,-74128047.48406814,148978228262.263,5467117078.280299,2369109821.85471,58930.73937465277
46,2020,3,22,17,59,41.97,17812271.193,-4113508.304,-19357142.025000002,-821.05759,3470.70495,-1487.76363,2020-03-22 17:59:41.970,389213545.0818493,-86608034.3366282,-73818288.09771179,148977594727.21167,5491797578.804058,2379808434.484879,58930.74979131943
46,2020,3,22,18,14,41.97,16923298.548,-963640.442,-20526960.955,-1151.64348,3519.02333,-1108.09956,2020-03-22 18:14:41.970,389458872.4845026,-85826681.86419894,-73508163.87559882,148976956337.1619,5516477906.344575,2390506974.3157697,58930.7602079861
46,2020,3,22,18,29,41.97,15745172.717,2202687.592,-21345980.076,-1462.70728,3507.2216,-709.30939,2020-03-22 18:29:41.970,389702315.9952662,-85044904.55303992,-73197676.37972422,148976313092.16537,5541158060.055973,2401205440.9821935,58930.77062465277
46,2020,3,22,18,44,41.97,14297877.052,5331352.775,-21800003.353,-1748.94586,3435.4345999999996,-298.14502999999996,2020-03-22 18:44:41.970,389943874.6213427,-84262706.29320052,-72886827.17337796,148975664992.27402,5565838039.092367,2411903834.118959,58930.78104131943
46,2020,3,22,18,59,41.97,12605992.429,8368806.663,-21881020.415,-2005.4598,3304.8034,118.41799999999999,2020-03-22 18:59:41.970,390183547.3782307,-83480090.97583453,-72575617.82113972,148975012037.53967,5590517842.607886,2422602153.360864,58930.7914579861
46,2020,3,22,19,14,41.97,10698296.463000001,11262976.143,-21587357.252,-2227.83564,3117.4619,533.29353,2020-03-22 19:14:41.970,390421333.289726,-82697062.49318732,-72264049.88887306,148974354228.0147,5615197469.756661,2433300398.3427024,58930.80187465277
46,2020,3,22,19,29,41.97,8607291.603,13964145.109,-20923723.792,-2412.22142,2876.5078599999997,939.4007,2020-03-22 19:29:41.970,390657231.38792235,-81913624.7385827,-71952124.94372034,148973691563.75186,5639876919.692841,2443998568.6992636,58930.81229131943
46,2020,3,22,19,44,41.97,6368668.601000001,16425803.012,-19901156.348,-2555.39455,2585.95826,1329.78136,2020-03-22 19:44:41.970,390891240.71321374,-81129781.60641018,-71639844.55409719,148973024044.80368,5664556191.570564,2454696664.06532,58930.8227079861
46,2020,3,22,19,59,41.97,4020712.948,18605446.312,-18536854.303,-2654.82051,2250.6893099999998,1697.7173699999998,2020-03-22 19:59:41.970,391123360.3142934,-80345536.99211131,-71327210.28968677,148972351671.22336,5689235284.543994,2465394684.0756474,58930.83312465277
46,2020,3,22,20,14,41.97,1603662.9880000001,20465319.099,-16853912.004,-2708.7013,1876.3613400000002,2036.8459099999998,2020-03-22 20:14:41.970,391353589.24815714,-79560894.79216732,-71014223.72143477,148971674443.06424,5713914197.767289,2476092628.3650126,58930.84354131943
46,2020,3,22,20,29,41.97,-840970.5249999999,21973079.564,-14880948.469999999,-2716.01251,1469.32928,2341.2708900000002,2020-03-22 20:29:41.970,391581926.58010286,-78775858.90408577,-70700886.42154382,148970992360.37997,5738592930.394623,2486790496.568175,58930.8539579861
46,2020,3,22,20,44,41.97,-3271112.643,23102379.768,-12651639.313,-2676.52779,1036.5396799999999,2605.66852,2020-03-22 20:44:41.970,391808371.3837315,-77990433.2263876,-70387199.96346788,148970305423.2243,5763271481.580178,2497488288.3198853,58930.86437465277
46,2020,3,22,20,59,41.97,-5644848.541999999,23833347.079,-10204157.115,-2590.82999,585.41543,2825.38482,2020-03-22 20:59:41.970,392032922.7409493,-77204621.65859394,-70073165.92190687,148969613631.6515,5787949850.478132,2508186003.2548947,58930.87479131943
46,2020,3,22,21,14,41.97,-7921151.501999999,24152957.012,-7580528.392999999,-2460.30812,123.72998,2996.52308,2020-03-22 21:14:41.970,392255579.7419675,-76418428.10121337,-69758785.87280129,148968916985.7157,5812628036.242688,2518883641.007938,58930.8852079861
46,2020,3,22,21,29,41.97,-10060601.585,24055288.790999997,-4825917.153,-2287.13961,-340.5271,3116.01925,2020-03-22 21:29:41.970,392476341.4853037,-75631856.4557285,-69444061.39332666,148968215485.4718,5837306038.028047,2529581201.213755,58930.89562465277
46,2020,3,22,21,44,41.97,-12026081.72,23541656.952,-1987846.8390000002,-2074.2578599999997,-799.29074,3181.7031500000003,2020-03-22 21:44:41.970,392695207.07778376,-74844910.62458347,-69128994.06188823,148967509130.97452,5861983854.988422,2540278683.507068,58930.90604131943
46,2020,3,22,21,59,41.97,-13783437.932,22620614.509999998,884625.909,-1825.30509,-1244.5646800000002,3192.34403,2020-03-22 21:59:41.970,392912175.6345408,-74057594.5111703,-68813585.45811535,148966797922.27905,5886661486.278037,2550976087.5226054,58930.9164579861
46,2020,3,22,22,14,41.97,-15302090.775999999,21307825.761,3741770.829,-1544.57113,-1668.5664,3147.67895,2020-03-22 22:14:41.970,393127246.2790177,-73269912.01981635,-68497837.162856,148966081859.44077,5911338931.051121,2561673412.8950787,58930.92687465277
46,2020,3,22,22,29,41.97,-16555585.673000002,19625809.448,6534061.028,-1236.91912,-2063.86973,3048.42294,2020-03-22 22:29:41.970,393340418.1429679,-72481867.05577102,-68181750.75817147,148965360942.51547,5936016188.461913,2572370659.2592,58930.93729131943
46,2020,3,22,22,44,41.97,-17522070.946,17603555.814,9213050.707,-907.69934,-2423.5419500000003,2896.26037,2020-03-22 22:44:41.970,393551690.3664553,-71693463.52519289,-67865327.82733084,148964635171.55884,5960693257.664664,2583067826.249674,58930.9477079861
46,2020,3,22,22,59,41.97,-18184693.64,15276023.874,11732236.623000002,-562.65299,-2741.27241,2693.81752,2020-03-22 22:59:41.970,393761062.09785634,-70904705.3351364,-67548569.95480543,148963904546.62723,5985370137.813634,2593764913.501199,58930.95812465277
46,2020,3,22,23,14,41.97,-18531904.917,12683527.899999999,14047886.452000001,-207.80784,-3011.4896,2444.61653,2020-03-22 23:14:41.970,393968532.49385965,-70115596.3935392,-67231478.72626354,148963169067.7771,6010046828.063083,2604461920.6484675,58930.96854131943
46,2020,3,22,23,29,41.97,-18557668.711999997,9871024.659999998,16119817.727,150.63202,-3229.46425,2153.01184,2020-03-22 23:29:41.970,394174100.719468,-69326140.60920893,-66914055.728564605,148962428735.06494,6034723327.567303,2615158847.3261647,58930.9789579861
46,2020,3,22,23,44,41.97,-18261569.404000003,6887315.124,17912112.117000002,506.3999,-3391.3959600000003,1824.1103,2020-03-22 23:44:41.970,394377765.94799894,-68536341.89181003,-66596302.54975429,148961683548.5481,6059399635.480571,2625855693.1689787,58930.98937465277
46,2020,3,22,23,59,41.97,-17648816.496,3784176.219,19393751.173,853.2813,-3494.48169,1463.67686,2020-03-22 23:59:41.970,394579527.36108446,-67746204.15185106,-66278220.77905842,148960933508.28333,6084075750.957194,2636552457.8115835,58930.99979131943
46,2020,3,23,0,14,41.97,-16730147.003999999,615441.814,20539160.528,1185.22701,-3536.9647999999997,1078.02807,2020-03-23 00:14:41.970,394779384.14867383,-66955731.300671354,-65959812.00687793,148960178614.32834,6108751673.151479,2647249140.888647,58931.0102079861
46,2020,3,23,0,29,41.97,-15521624.954,-2563962.059,21328658.178000003,1496.46321,-3518.1634599999998,673.9146999999999,2020-03-23 00:29:41.970,394977335.50903225,-66164927.25042812,-65641077.8247832,148959418866.74072,6133427401.217745,2657945742.034843,58931.02062465277
46,2020,3,23,0,44,41.97,-14044349.622,-5698976.669,21748784.412,1781.59391,-3438.47872,258.39883000000003,2020-03-23 00:44:41.970,395173380.6487429,-65373795.914083436,-65322019.8255086,148958654265.5787,6158102934.310323,2668642260.884824,58931.03104131943
46,2020,3,23,0,59,41.97,-12324069.83,-8735389.738,21792527.992,2035.6968900000002,-3299.3819200000003,-161.27561,2020-03-23 00:59:41.970,395367518.7827083,-64582341.20539112,-65002639.60294713,148957884810.90045,6182778271.583562,2679338697.0732503,58931.0414579861
46,2020,3,23,1,14,41.97,-10390718.817000002,-11620783.379,21459430.099,2254.40902,-3103.38226,-577.8134299999999,2020-03-23 01:14:41.970,395559749.1341486,-63790567.038883746,-64682938.752144754,148957110502.76425,6207453412.19181,2690035050.2347717,58931.05187465277
46,2020,3,23,1,29,41.97,-8277876.796,-14305446.532,20755571.752,2434.00037,-2853.9756899999998,-983.99837,2020-03-23 01:29:41.970,395750070.9346053,-62998477.32985961,-64362918.86929503,148956331341.2291,6232128355.289425,2700731320.0040355,58931.06229131943
46,2020,3,23,1,44,41.97,-6022172.329,-16743233.456000002,19693445.27,2571.43595,-2555.57642,-1372.82015,2020-03-23 01:44:41.970,395938483.4239398,-62206075.994369745,-64042581.55173359,148955547326.3539,6256803100.0308,2711427506.015678,58931.0727079861
46,2020,3,23,1,59,41.97,-3662634.135,-18892353.424000002,18291713.645,2664.42399,-2213.4328499999997,-1737.5961499999999,2020-03-23 01:59:41.970,396124985.85033524,-61413366.94920482,-63721928.39793277,148954758458.19806,6281477645.5703125,2722123607.9043407,58931.08312465277
46,2020,3,23,2,14,41.97,-1240005.622,-20716078.466,16574863.651,2711.45041,-1833.52983,-2072.08556,2020-03-23 02:14:41.970,396309577.47029656,-60620354.11188215,-63400961.007495865,148953964736.82092,6306151991.062366,2732819625.304651,58931.09354131943
46,2020,3,23,2,29,41.97,1203965.243,-22183357.810000002,14572760.322,2711.79914,-1422.47944,-2370.59408,2020-03-23 02:29:41.970,396492257.5486513,-59827041.40063253,-63079680.981152005,148953166162.28244,6330826135.661372,2743515557.8512397,58931.1039579861
46,2020,3,23,2,44,41.97,3627247.9790000003,-23269329.658999998,12320112.005,2665.5582999999997,-987.4024999999999,-2628.06772,2020-03-23 02:44:41.970,396673025.35855067,-59033432.73438746,-62758089.920750335,148952362734.64255,6355500078.521757,2754211405.1787252,58931.11437465277
46,2020,3,23,2,59,41.97,5988250.947000001,-23955723.008,9855856.489,2573.61257,-535.80301,-2840.1742,2020-03-23 02:59:41.970,396851880.1814695,-58239532.0327659,-62436189.42925465,148951554453.96176,6380173818.797958,2764907166.9217296,58931.12479131943
46,2020,3,23,3,14,41.97,8246529.787,-24231144.245,7222479.8,2437.62221,-75.43811000000001,-3003.37102,2020-03-23 03:14:41.970,397028821.3072079,-57445343.216061234,-62113981.110738,148950741320.30035,6404847355.644429,2775602842.714861,58931.1352079861
46,2020,3,23,3,29,41.97,10363471.218,-24091245.416,4465280.041,2259.9894200000003,385.81449000000003,-3114.95939,2020-03-23 03:29:41.970,397203848.0338904,-56650870.20522843,-61791466.570376985,148949923333.71933,6429520688.215626,2786298432.192732,58931.14562465277
46,2020,3,23,3,44,41.97,12302941.228,-23538772.983,1631589.271,2043.8129900000001,840.08913,-3173.12351,2020-03-23 03:44:41.970,397376959.66796786,-55856116.9218707,-61468647.4144465,148949100494.2797,6454193815.666028,2796993934.989947,58931.15604131943
46,2020,3,23,3,59,41.97,14031887.537,-22583497.934,-1230033.311,1792.83223,1279.66294,-3176.9550299999996,2020-03-23 03:59:41.970,397548155.5242172,-55061087.28822693,-61145525.25031405,148948272802.0429,6478866737.150131,2807689350.7411046,58931.1664579861
46,2020,3,23,4,14,41.97,15520887.17,-21242029.855,-4070623.446,1511.36129,1697.0826000000002,-3126.46254,2020-03-23 04:14:41.970,397717434.9257424,-54265785.227158025,-60822101.68643433,148947440257.07053,6503539451.822436,2818384679.080805,58931.17687465277
46,2020,3,23,4,29,41.97,16744631.082,-19537519.354,-6841635.874,1204.21511,2085.2854399999997,-3022.56649,2020-03-23 04:29:41.970,397884797.20397526,-53470214.66213441,-60498378.33234369,148946602859.4244,6528211958.837458,2829079919.643637,58931.18729131943
46,2020,3,23,4,44,41.97,17682338.856999997,-17499254.742000002,-9495757.33,876.62833,2437.71304,-2867.0798099999997,2020-03-23 04:44:41.970,398050241.69867486,-52674379.517222844,-60174356.798654705,148945760609.16653,6552884257.349727,2839775072.0641923,58931.1977079861
46,2020,3,23,4,59,41.97,18318097.717,-15162160.296,-11987695.911999999,534.16839,2748.4161,-2662.67488,2020-03-23 04:59:41.970,398213767.7579298,-51878283.71707317,-59850038.69705062,148944913506.3595,6577556346.513789,2850470135.9770536,58931.20812465277
46,2020,3,23,5,14,41.97,18641121.211000003,-12566204.674,-14274934.814,182.64417,3012.14906,-2412.8375,2020-03-23 05:14:41.970,398375374.73815656,-51081931.18690561,-59525425.64027979,148944061551.06583,6602228225.484203,2861165111.016803,58931.21854131943
46,2020,3,23,5,29,41.97,18645924.194,-9755729.149999999,-16318439.133,-171.98848,3224.4534599999997,-2121.80877,2020-03-23 05:29:41.970,398535062.0041019,-50285325.85249753,-59200519.24215026,148943204743.34836,6626899893.415543,2871859996.8180175,58931.2289579861
46,2020,3,23,5,44,41.97,18332411.826,-6778706.256,-18083305.240999997,-523.72309,3381.72908,-1794.51576,2020-03-23 05:44:41.970,398692828.9288424,-49488471.64017034,-58875321.11752425,148942343083.2703,6651571349.4623995,2882554793.015271,58931.23937465277
46,2020,3,23,5,59,41.97,17705881.515,-3685940.25,-19539343.064,-866.5994999999999,3481.29196,-1436.49192,2020-03-23 05:59:41.970,398848674.8937848,-48691372.47677679,-58549832.882312626,148941476570.89508,6676242592.779366,2893249499.2431326,58931.24979131943
46,2020,3,23,6,14,41.97,16776937.838000001,-530221.496,-20661582.565,-1194.80009,3521.41869,-1053.7883800000002,2020-03-23 06:14:41.970,399002599.288667,-47894032.28968758,-58224056.153469354,148940605206.2864,6700913622.5210705,2903944115.136172,58931.2602079861
46,2020,3,23,6,29,41.97,15561321.593999999,2634552.588,-21430696.696,-1502.74415,3501.3763299999996,-652.87726,2020-03-23 06:29:41.970,399154601.5115579,-47096455.006778546,-57897992.54898608,148939728989.5081,6725584437.842142,2914638640.328946,58931.27062465277
46,2020,3,23,6,44,41.97,14079655.249,5754276.879,-21833334.104000002,-1785.17913,3421.4375,-240.548,2020-03-23 06:44:41.970,399304680.9688583,-46298644.55641752,-57571643.68788643,148938847920.62433,6750255037.897232,2925333074.4560223,58931.28104131943
46,2020,3,23,6,59,41.97,12357108.101,8775544.674,-21862356.004,-2037.26756,3282.88034,176.20174,2020-03-23 06:59:41.970,399452837.0753007,-45500604.86745143,-57245011.190220825,148937961999.69974,6774925421.840995,2936027417.151952,58931.2914579861
46,2020,3,23,7,14,41.97,10422985.616,11646546.812,-21516972.771,-2254.66847,3087.9729199999997,590.27955,2020-03-23 07:14:41.970,399599069.2539503,-44702339.86919298,-56918096.67706052,148937071226.79874,6799595588.828121,2946721668.051293,58931.30187465277
46,2020,3,23,7,29,41.97,8310248.454000001,14317949.784,-20802777.06,-2433.612,2839.94213,994.61453,2020-03-23 07:29:41.970,399743376.936205,-43903853.49140791,-56590901.77049249,148936175601.9865,6824265538.013303,2957415826.788594,58931.31229131943
46,2020,3,23,7,44,41.97,6054967.845,16743738.818000002,-19731671.6,-2570.96599,2542.92696,1382.2748,2020-03-23 07:44:41.970,399885759.5617956,-43105149.664302096,-56263428.093613714,148935275125.32825,6848935268.5512495,2968109892.9984016,58931.3227079861
46,2020,3,23,7,59,41.97,3695725.049,18882011.94,-18321691.273000002,-2664.29349,2201.9163599999997,1746.5846199999999,2020-03-23 07:59:41.970,400026216.5787867,-42306232.318508,-55935677.270525634,148934369796.8893,6873604779.596688,2978803866.3152637,58931.33312465277
46,2020,3,23,8,14,41.97,1272963.759,20695711.351000004,-16596720.651,-2711.89963,1822.6721400000001,2081.23929,2020-03-23 08:14:41.970,400164747.4435761,-41507105.38507204,-55607650.92632873,148933459616.73553,6898274070.304364,2989497746.3737164,58931.34354131943
46,2020,3,23,8,29,41.97,-1171694.6479999998,22153278.879,-14586109.847,-2712.86706,1411.6374899999998,2380.4158700000003,2020-03-23 08:29:41.970,400301351.6208962,-40707772.795441516,-55279350.687116876,148932544584.9328,6922943139.829042,3000191532.808305,58931.3539579861
46,2020,3,23,8,44,41.97,-3596162.103,23229223.052,-12324193.33,-2667.07872,975.83226,2638.8777499999997,2020-03-23 08:44:41.970,400436028.58381337,-39908238.48145152,-54950778.17997201,148931624701.54742,6947611987.325492,3010885225.25356,58931.36437465277
46,2020,3,23,8,59,41.97,-5958609.286,23904586.336,-9849718.199000001,-2575.22705,522.7361000000001,2852.07094,2020-03-23 08:59:41.970,400568777.8137279,-39108506.37531183,-54621935.03295827,148930699966.6459,6972280611.948516,3021578823.344019,58931.37479131943
46,2020,3,23,9,14,41.97,-8218193.012,24167302.463,-7205190.321,-2438.8089800000002,60.16131,3016.2099599999997,2020-03-23 09:14:41.970,400699598.80037636,-38308580.40959408,-54292822.8751169,148929770380.2951,6996949012.852919,3032272326.7142134,58931.3852079861
46,2020,3,23,9,29,41.97,-10335772.519,24012435.42,-4436148.584,-2260.10621,-403.88254,3128.35136,2020-03-23 09:29:41.970,400828491.04182875,-37508464.51721853,-53963443.33646032,148928835942.56186,7021617189.193538,3042965734.998673,58931.39562465277
46,2020,3,23,9,44,41.97,-12274601.366,23442293.694,-1590379.295,-2042.15078,-861.33003,3186.4528999999998,2020-03-23 09:44:41.970,400955454.0444913,-36708162.63144132,-53633798.04796689,148927896653.51358,7046285140.125213,3053659047.8319182,58931.40604131943
46,2020,3,23,9,59,41.97,-14000981.697999999,22466415.643,1282915.609,-1788.67592,-1304.20441,3189.41678,2020-03-23 09:59:41.970,401080487.32310516,-35907678.685841046,-53303888.64157516,148926952513.21774,7070952864.802805,3064352264.848481,58931.4164579861
46,2020,3,23,10,14,41.97,-15484867.988,21101424.406,4133981.564,-1504.05306,-1724.76249,3137.11553,2020-03-23 10:14:41.970,401203590.4007469,-35107016.61430597,-52973716.75017848,148926003521.74213,7095620362.381207,3075045385.682879,58931.42687465277
46,2020,3,23,10,29,41.97,-16700408.123000002,19370753.461,6913389.487000001,-1193.21578,-2115.63665,3030.39964,2020-03-23 10:29:41.970,401324762.8088292,-34306180.351021156,-52643284.00761936,148925049679.15497,7120287632.01531,3085738409.9696336,58931.43729131943
46,2020,3,23,10,44,41.97,-17626410.733,17304246.764,9572912.286,-861.5722300000001,-2469.97104,2871.0862599999996,2020-03-23 10:44:41.970,401444004.0871007,-33505173.83045515,-52312592.04868407,148924090985.52448,7144954672.860043,3096431337.3432593,58931.4477079861
46,2020,3,23,10,59,41.97,-18246729.118,14937640.151,12066382.736,-514.90768,-2781.5487399999997,2661.9291399999997,2020-03-23 10:59:41.970,401561313.7836454,-32704000.987347085,-51981642.50909691,148923127440.91907,7169621484.070332,3107124167.4382777,58931.45812465277
46,2020,3,23,11,14,41.97,-18550553.779000003,12311933.388,14350515.933,-159.27922999999998,-3044.90714,2406.57012,2020-03-23 11:14:41.970,401676691.45488393,-31902665.75669357,-51650437.025514774,148922159045.40765,7194288064.801137,3117816899.889197,58931.46854131943
46,2020,3,23,11,29,41.97,-18532607.518,9472664.717,16385680.149,199.09503,-3255.43885,2109.47315,2020-03-23 11:29:41.970,401790136.66557294,-31101172.073735964,-51318977.23552169,148921185799.05948,7218954414.207434,3128509534.3305326,58931.4789579861
46,2020,3,23,11,44,41.97,-18193239.185,6469101.904,18136600.989,553.95,-3409.47599,1775.84233,2020-03-23 11:44:41.970,401901648.98880523,-30299523.873946887,-50987264.77762316,148920207701.94376,7243620531.444217,3139202070.3967943,58931.48937465277
46,2020,3,23,11,59,41.97,-17538414.338,3353365.587,19572985.232,899.08825,-3504.3560899999998,1411.52572,2020-03-23 11:59:41.970,402011228.0060101,-29497725.093017682,-50655301.29124056,148919224754.13004,7268286415.666496,3149894507.7224903,58931.49979131943
46,2020,3,23,12,14,41.97,-16579603.317000002,179502.122,20670052.52,1228.49289,-3538.46826,1022.9071700000001,2020-03-23 12:14:41.970,402118873.306953,-28695779.666845016,-50323088.41670583,148918236955.6884,7292952066.0293045,3160586845.9421277,58931.5102079861
46,2020,3,23,12,29,41.97,-15333569.422,-2997476.001,21408965.149,1536.43633,-3511.2789900000002,616.78844,2020-03-23 12:29:41.970,402224584.4897359,-27893691.531518064,-49990627.79525558,148917244306.6887,7317617481.687695,3171279084.690214,58931.52062465277
46,2020,3,23,12,44,41.97,-13822061.927000001,-6122563.623,21777148.474000003,1817.58265,-3423.33723,200.26440000000002,2020-03-23 12:44:41.970,402328361.16079736,-27091464.62330553,-49657921.06902595,148916246807.20148,7342282661.796737,3181971223.6012526,58931.53104131943
46,2020,3,23,12,59,41.97,-12071420.561,-9141731.735,21768496.799,2067.08165,-3276.25902,-219.40610999999998,2020-03-23 12:59:41.970,402430202.93491143,-26289102.87864235,-49324969.881046645,148915244457.29736,7366947605.511524,3192663262.309742,58931.5414579861
46,2020,3,23,13,14,41.97,-10112099.747,-12002873.566,21383462.074,2280.65283,-3072.69252,-634.93119,2020-03-23 13:14:41.970,402530109.43519,-25486610.234117087,-48991775.87523573,148914237257.0471,7391612311.987167,3203355200.450191,58931.55187465277
46,2020,3,23,13,29,41.97,-7978122.334,-14656710.671999998,20629025.063,2454.6579199999996,-2816.26434,-1039.1157099999998,2020-03-23 13:29:41.970,402628080.29307985,-24683990.62645855,-48658340.69639386,148913225206.52206,7416276780.378797,3214047037.6570964,58931.56229131943
46,2020,3,23,13,44,41.97,-5706473.661,-17057642.954,19518550.976999998,2586.1607700000004,-2511.50884,-1424.9878,2020-03-23 13:44:41.970,402724115.1483647,-23881247.992522962,-48324665.99019874,148912208305.7935,7440941009.841566,3224738773.5649543,58931.5727079861
46,2020,3,23,13,59,41.97,-3336447.717,-19164527.965,18071533.701,2672.9737999999998,-2163.78204,-1785.91958,2020-03-23 13:59:41.970,402818213.64916474,-23078386.269281004,-47990753.40319976,148911186554.9332,7465604999.530649,3235430407.808269,58931.58312465277
46,2020,3,23,14,14,41.97,-908957.726,-20941376.575,16313234.713,2713.69053,-1779.16215,-2115.7401400000003,2020-03-23 14:14:41.970,402910375.4519356,-22275409.39380462,-47656604.5828122,148910159954.01294,7490268748.601238,3246121940.0215373,58931.59354131943
46,2020,3,23,14,29,41.97,1534176.202,-22357953.92,14274224.565000001,2707.704,-1364.33896,-2408.83877,2020-03-23 14:29:41.970,403000600.221469,-21472321.30325415,-47322221.177311786,148909128503.105,7514932256.2085495,3256813369.8392506,58931.6039579861
46,2020,3,23,14,44,41.97,3950949.5919999997,-23390276.554,11989836.331,2655.2110500000003,-926.49416,-2660.25715,2020-03-23 14:44:41.970,403088887.63089293,-20669125.9348653,-46987604.83582915,148908092202.28183,7539595521.5078125,3267504696.8959107,58931.61437465277
46,2020,3,23,14,59,41.97,6299893.768,-24020998.772,9499541.673,2557.20279,-473.17511,-2865.76891,2020-03-23 14:59:41.970,403175237.3616706,-19865827.225936066,-46652757.208344154,148907051051.61612,7564258543.654295,3278195920.826009,58931.62479131943
46,2020,3,23,15,14,41.97,8540781.454,-24239683.169,6846261.262,2415.44192,-12.16422,-3021.94581,2020-03-23 15:14:41.970,403259649.10360116,-19062429.11381374,-46317679.945680514,148906005051.1808,7588921321.80327,3288887041.264042,58931.6352079861
46,2020,3,23,15,29,41.97,10635306.222,-24042952.558000002,4075622.028,2232.4274100000002,448.65371,-3126.20962,2020-03-23 15:29:41.970,403342122.55481917,-18258935.53588202,-45982374.69950005,148904954201.04913,7613583855.110038,3299578057.844499,58931.64562465277
46,2020,3,23,15,44,41.97,12547724.900999999,-23434522.389000002,1235174.2650000001,2011.3477,901.42402,-3176.86939,2020-03-23 15:44:41.970,403422657.4217936,-17455350.42954793,-45646843.12229722,148903898501.29446,7638246142.729928,3310268970.2018785,58931.65604131943
46,2020,3,23,15,59,41.97,14245452.976,-22425114.753999997,-1626418.072,1756.02319,1338.45248,-3173.14376,2020-03-23 15:59:41.970,403501253.41932946,-16651677.732228618,-45311086.867393546,148902837951.99072,7662908183.81828,3320959777.970672,58931.6664579861
46,2020,3,23,16,14,41.97,15699603.950000001,-21032256.854,-4460200.493000001,1470.8394199999998,1752.33143,-3115.16847,2020-03-23 16:14:41.970,403577910.27056587,-15847921.381338878,-44975107.58893204,148901772553.21176,7687569977.530457,3331650480.7853684,58931.67687465277
46,2020,3,23,16,29,41.97,16885464.761,-19279968.535,-7217751.234,1160.67204,2136.05988,-3003.98923,2020-03-23 16:29:41.970,403652627.7069766,-15044085.314277528,-44638906.941871576,148900702305.03183,7712231523.021856,3342341078.2804646,58931.68729131943
46,2020,3,23,16,44,41.97,17782900.444,-17198344.991,-9851991.683,830.80478,2483.15608,-2841.54041,2020-03-23 16:44:41.970,403725405.4683699,-14240173.468414772,-44302486.58198142,148899627207.5255,7736892819.447891,3353031570.090453,58931.6977079861
46,2020,3,23,16,59,41.97,18376682.421,-14823042.153,-12317971.473,486.84201,2787.761,-2630.6101599999997,2020-03-23 16:59:41.970,403796243.30288714,-13436189.781079235,-43965848.16583564,148898547260.76752,7761553865.963987,3363721955.849823,58931.70812465277
46,2020,3,23,17,14,41.97,18656735.987,-12194673.494,-14573616.33,134.61681000000002,3044.73153,-2374.79268,2020-03-23 17:14:41.970,403865140.96700466,-12632138.189544693,-43628993.35080739,148897462464.83286,7786214661.725612,3374412235.1930685,58931.71854131943
46,2020,3,23,17,29,41.97,18618303.707,-9358128.041,-16580427.500999998,-219.90372,3249.72219,-2078.42844,2020-03-23 17:29:41.970,403932098.2255311,-11828022.63101736,-43291923.79506361,148896372819.7968,7810875205.888248,3385102407.7546816,58931.7289579861
46,2020,3,23,17,44,41.97,18262022.675,-6361820.3100000005,-18304122.342,-570.71497,3399.2545,-1746.5334400000002,2020-03-23 17:44:41.970,403997114.85160875,-11023847.042622762,-42954641.157559186,148895278325.73505,7835535497.607391,3395792473.1691523,58931.73937465277
46,2020,3,23,17,59,41.97,17593914.669999998,-3256883.6780000003,-19715206.59,-911.87171,3490.77326,-1384.71827,2020-03-23 17:59:41.970,404060190.62671214,-10219615.361392744,-42617147.0980315,148894178982.72308,7860195536.038578,3406482431.0709767,58931.74979131943
46,2020,3,23,18,14,41.97,16625289.411000002,-96319.351,-20789469.695,-1237.58407,3522.68883,-999.09825,2020-03-23 18:14:41.970,404121325.3406484,-9415331.524252493,-42279443.276994854,148893074790.8373,7884855320.337361,3417172281.094647,58931.7602079861
46,2020,3,23,18,29,41.97,15372562.21,3065886.335,-21508395.653,-1542.31158,3494.4050899999997,-596.1957100000001,2020-03-23 18:29:41.970,404180518.7915566,-8610999.468007565,-41941531.355734825,148891965750.15378,7909514849.659312,3427862022.8746524,58931.77062465277
46,2020,3,23,18,44,41.97,13856988.413999999,6175663.11,-21859482.763,-1820.85385,3406.3325600000003,-182.83556000000002,2020-03-23 18:44:41.970,404237770.78590727,-7806623.129330874,-41603412.99630282,148890851860.74918,7934174123.160036,3438551656.0454936,58931.78104131943
46,2020,3,23,18,59,41.97,12104318.127,9179762.887,-21836466.868,-2068.43687,3259.88615,233.96459,2020-03-23 18:59:41.970,404293081.138502,-7002206.444749705,-41265089.86151034,148889733122.70023,7958833139.995154,3449241180.2416587,58931.7914579861
46,2020,3,23,19,14,41.97,10144375.775,12026656.979,-21439443.802,-2280.7935,3057.4675899999997,647.1083,2020-03-23 19:14:41.970,404346449.67247343,-6197753.350632709,-40926563.61492341,148888609536.08417,7983491899.32032,3459930595.097647,58931.80187465277
46,2020,3,23,19,29,41.97,8010570.2129999995,14667410.419,-20674888.019,-2454.23709,2802.43214,1049.53686,2020-03-23 19:29:41.970,404397876.21928406,-5393267.783177098,-40587835.92085726,148887481100.97818,8008150400.291203,3470619900.2479496,58931.81229131943
46,2020,3,23,19,44,41.97,5739342.142,17056519.316999998,-19555565.740999997,-2585.7270200000003,2499.0397199999998,1434.34686,2020-03-23 19:44:41.970,404447360.6187266,-4588753.678395285,-40248908.444370255,148886347817.45996,8032808642.063504,3481309095.3270693,58931.8227079861
46,2020,3,23,19,59,41.97,3369556.75,19152697.319,-18100342.451,-2672.92467,2152.39074,1794.90715,2020-03-23 19:59:41.970,404494902.7189226,-3784214.9721023175,-39909782.8512588,148885209685.6074,8057466623.792951,3491998179.9695,58931.83312465277
46,2020,3,23,20,14,41.97,941850.563,20919597.507,-16333886.102,-2714.23898,1768.34692,2124.97325,2020-03-23 20:14:41.970,404540502.3763225,-2979655.5999027453,-39570460.80805151,148884066705.49857,8082124344.635287,3502687153.809738,58931.84354131943
46,2020,3,23,20,29,41.97,-1502057.432,22326456.607,-14286269.183,-2708.8601400000002,1353.43795,2418.7974400000003,2020-03-23 20:29:41.970,404584159.4557054,-2175079.4971773634,-39230943.98200355,148882918877.21167,8106781803.746292,3513376016.482285,58931.8539579861
46,2020,3,23,20,44,41.97,-3920079.356,23348649.143,-11992474.502999999,-2656.78057,914.7548899999999,2671.23222,2020-03-23 20:44:41.970,404625873.8301782,-1370490.5990707502,-38891234.04109124,148881766200.82565,8131439000.281769,3524064767.621641,58931.86437465277
46,2020,3,23,20,59,41.97,-6270484.797,23968140.26,-9491811.496,-2558.80227,459.83187,2877.8253600000003,2020-03-23 20:59:41.970,404665645.3811743,-565892.840477926,-38551332.65400641,148880608676.41925,8156095933.397538,3534753406.8623066,58931.87479131943
46,2020,3,23,21,14,41.97,-8512627.362,24173827.338,-6827251.691000001,-2416.5297899999996,-3.4824100000000002,3034.90416,2020-03-23 21:14:41.970,404703473.99845463,238709.84396854675,-38211241.490150675,148879446304.07156,8180752602.249451,3545441933.8387866,58931.8852079861
46,2020,3,23,21,29,41.97,-10607658.331,23961762.237999998,-4044693.8759999997,-2232.34855,-467.16108,3139.64708,2020-03-23 21:29:41.970,404739359.5801054,1043313.519911327,-37870962.21963008,148878279083.86185,8205409005.993395,3556130348.185584,58931.89562465277
46,2020,3,23,21,44,41.97,-12519214.1,23335248.065,-1192171.22,-2009.3883099999998,-923.14112,3190.1408,2020-03-23 21:44:41.970,404773302.03253895,1847914.2532816308,-37530496.51324928,148877107015.87015,8230065143.785267,3566818649.537206,58931.90604131943
46,2020,3,23,21,59,41.97,-14214064.222000001,22304806.663,1680985.792,-1751.47218,-1363.46813,3185.4211,2020-03-23 21:59:41.970,404805301.270492,2652508.1103119254,-37189846.04250603,148875930100.17618,8254721014.780998,3577506837.528158,58931.9164579861
46,2020,3,23,22,14,41.97,-15662707.219,20888015.626000002,4525015.422,-1463.0517599999998,-1780.441,3125.49626,2020-03-23 22:14:41.970,404835357.2170256,3457091.157548868,-36849012.47958571,148874748336.8601,8279376618.136555,3588194911.79295,58931.92687465277
46,2020,3,23,22,29,41.97,-16839902.179,19109216.318,7290603.586999999,-1149.12941,-2166.7533799999997,3011.3520399999998,2020-03-23 22:29:41.970,404863469.80352455,4261659.461866545,-36507997.49735552,148873561726.00235,8304031953.00791,3598882871.9660907,58931.93729131943
46,2020,3,23,22,44,41.97,-17725125.202999998,16999097.205,9929758.77,-815.1693300000001,-2515.62878,2844.93784,2020-03-23 22:44:41.970,404889638.9696963,5066209.090479048,-36166802.76935905,148872370267.6836,8328687018.551084,3609570717.6820927,58931.9477079861
46,2020,3,23,22,59,41.97,-18302941.277000003,14594159.582,12396665.971,-466.99884000000003,-2820.9463100000003,2629.1339599999997,2020-03-23 22:59:41.970,404913864.6635706,5870736.110953791,-35825429.96981065,148871173961.9849,8353341813.922117,3620258448.5754695,58931.95812465277
46,2020,3,23,23,14,41.97,-18563283.834000003,11936075.422,14648502.936,-110.70228,-3077.35424,2367.70066,2020-03-23 23:14:41.970,404936146.8414984,6675236.591224231,-35483880.77358967,148869972808.98727,8377996338.277073,3630946064.280739,58931.96854131943
46,2020,3,23,23,29,41.97,-18501636.248,9070949.500999998,16646202.613000002,247.49035999999998,-3280.36873,2065.20984,2020-03-23 23:29:41.970,404956485.46815205,7479706.599602867,-35142156.85623518,148868766808.7724,8402650590.772051,3641633564.4324183,58931.9789579861
46,2020,3,23,23,44,41.97,-18119111.62,6048500.089,18355146.936,601.31769,-3426.45578,1726.961,2020-03-23 23:44:41.970,404974880.5165235,8284142.204794286,-34800259.89394006,148867555961.42194,8427304570.563168,3652320948.6650276,58931.98937465277
46,2020,3,23,23,59,41.97,-17422429.445,2921174.2199999997,19745778.536999997,944.60144,-3513.09439,1358.88326,2020-03-23 23:59:41.970,404991331.9675014,9088539.453961326,-34458191.57288093,148866340267.0177,8451958276.806311,3663008216.61297,58931.99979131943
46,2020,3,24,0,14,41.97,-16423790.352,-256783.28599999996,20794118.081,1271.35882,-3538.82015,967.42579,2020-03-24 00:14:41.970,405005839.81161356,9892894.460525958,-34115953.55187571,148865119725.64215,8476611708.658189,3673695367.9110045,58932.0102079861
46,2020,3,24,0,29,41.97,-15140649.559,-3430299.95,21482182.355,1575.91089,-3503.2479200000002,559.43828,2020-03-24 00:29:41.970,405018404.0463317,10697203.272498695,-33773547.518376224,148863894337.37762,8501264865.274744,3684382402.1935387,58932.02062465277
46,2020,3,24,0,44,41.97,-13595399.638,-6544438.481,21798284.18,1852.98328,-3407.07435,142.04628,2020-03-24 00:44:41.970,405029024.67792046,11501461.960281635,-33430975.15113515,148862664102.30695,8525917745.81221,3695069319.0951047,58932.03104131943
46,2020,3,24,0,59,41.97,-11814962.362,-9545371.160999998,21737225.507,2097.79935,-3252.05967,-277.47905000000003,2020-03-24 00:59:41.970,405037701.7209601,12305666.594733581,-33088238.129531104,148861429020.51312,8550570349.42686,3705756118.250233,58932.0414579861
46,2020,3,24,1,14,41.97,-9830303.168,-12381319.683,21300368.875,2306.1626199999996,-3040.99005,-691.85158,2020-03-24 01:14:41.970,405044435.1983465,13109813.247183075,-32745338.133563004,148860189092.07938,8575222675.274975,3716442799.2934566,58932.05187465277
46,2020,3,24,1,29,41.97,-7675876.239999999,-15003454.598000001,20495592.368,2474.52758,-2777.62154,-1093.89979,2020-03-24 01:29:41.970,405049225.1412895,13913897.989441214,-32402276.84384449,148858944317.08923,8599874722.512884,3727129361.859314,58932.06229131943
46,2020,3,24,1,44,41.97,-5389011.502,-17366736.569000002,19337129.476,2600.05778,-2466.60708,-1476.69261,2020-03-24 01:44:41.970,405052071.5893127,14717916.893814582,-32059055.941598386,148857694695.62656,8624526490.296938,3737815805.5823402,58932.0727079861
46,2020,3,24,1,59,41.97,-3009255.349,-19430685.02,17845298.287,2680.67045,-2113.40849,-1833.65914,2020-03-24 01:59:41.970,405052974.59025204,15521866.033118382,-31715677.10865089,148856440227.77536,8649177977.783522,3748502130.0970807,58932.08312465277
46,2020,3,24,2,14,41.97,-577677.526,-21160061.513,16046126.363,2715.06708,-1724.19531,-2158.70039,2020-03-24 02:14:41.970,405051934.2002555,16325741.480689107,-31372142.027426243,148855180913.61978,8673829184.129036,3759188335.038079,58932.09354131943
46,2020,3,24,2,29,41.97,1863843.192,-22525457.020000003,13970879.398,2702.74987,-1305.73278,-2446.2911200000003,2020-03-24 02:29:41.970,405048950.4837815,17129539.31039756,-31028452.380940877,148853916753.2446,8698480108.48993,3769874420.039883,58932.1039579861
46,2020,3,24,2,44,41.97,4273341.768,-23503774.296,11655503.253,2644.02419,-865.2611300000001,-2691.57027,2020-03-24 02:44:41.970,405044023.51359844,17933255.596661877,-30684609.852798004,148852647746.7345,8723130750.02267,3780560384.737044,58932.11437465277
46,2020,3,24,2,59,41.97,6609485.632,-24078598.606,9139990.193,2539.98714,-410.36857,-2890.41874,2020-03-24 02:59:41.970,405037153.37078357,18736886.414460234,-30340616.127181847,148851373894.1745,8747781107.883762,3791246228.7641134,58932.12479131943
46,2020,3,24,3,14,41.97,8832277.232,-24240452.163000003,6467681.17,2392.5031799999997,51.13972,-3039.52363,2020-03-24 03:14:41.970,405028340.1447214,19540427.839344013,-29996472.888852086,148850095195.65005,8772431181.229734,3801931951.7556543,58932.1352079861
46,2020,3,24,3,29,41.97,10903728.907000002,-23986929.677,3684516.7350000003,2204.16716,511.37440999999995,-3136.42805,2020-03-24 03:29:41.970,405017583.93310434,20343875.947450463,-29652181.82313834,148848811651.24664,8797080969.217148,3812617553.346218,58932.14562465277
46,2020,3,24,3,44,41.97,12788499.336000001,-23322714.426,838249.647,1978.25601,962.49437,-3179.56636,2020-03-24 03:44:41.970,405004884.84193,21147226.815515812,-29307744.61593439,148847523261.0501,8821730471.002598,3823303033.1703753,58932.15604131943
46,2020,3,24,3,59,41.97,14454481.681,-22259476.208,-2022367.449,1718.66994,1396.83647,-3168.2844,2020-03-24 03:59:41.970,404990242.9855009,21950476.520888124,-28963162.953692693,148846230025.1466,8846379685.742708,3833988390.8626885,58932.1664579861
46,2020,3,24,4,14,41.97,15873334.591,-20815654.288000003,-4848405.909,1429.86443,1807.041,-3102.8448900000003,2020-03-24 04:14:41.970,404973658.4864232,22753621.141540147,-28618438.52341868,148844931943.62247,8871028612.59413,3844673626.057728,58932.17687465277
46,2020,3,24,4,29,41.97,17020948.281,-19016130.162,-7591583.28,1116.77423,2186.1708599999997,-2984.4183599999997,2020-03-24 04:29:41.970,404955131.47560596,23556656.75608216,-28273573.012665287,148843629016.56436,8895677250.713547,3855358738.390072,58932.18729131943
46,2020,3,24,4,44,41.97,17877839.062,-16891796.447,-10205070.895000001,784.73052,2527.82294,-2815.05992,2020-03-24 04:44:41.970,404934662.09225965,24359579.443775147,-27928568.109527145,148842321244.05905,8920325599.257694,3866043727.4942966,58932.1977079861
46,2020,3,24,4,59,41.97,18429466.855,-14479029.581,-12644274.451,439.37282999999996,2826.2302799999998,-2597.6725100000003,2020-03-24 04:59:41.970,404912250.48389566,25162385.284543335,-27583425.5026351,148841008626.1936,8944973657.383293,3876728593.004981,58932.20812465277
46,2020,3,24,5,14,41.97,18666471.414,-11819075.216,-14867575.754999999,86.55672,3076.3536999999997,-2335.95751,2020-03-24 05:14:41.970,404887896.8063239,25965070.35898738,-27238146.881150633,148839691163.0556,8969621424.247145,3887413334.556713,58932.21854131943
46,2020,3,24,5,29,41.97,18584824.154000003,-8957356.221,-16837024.575,-267.74123,3273.96201,-2034.3534000000002,2020-03-24 05:29:41.970,404861601.22365355,26767630.748397067,-26892733.934760034,148838368854.73257,8994268899.006058,3898097951.784078,58932.2289579861
46,2020,3,24,5,44,41.97,18185893.663,-5942714.138,-18518970.299,-617.52004,3415.69956,-1697.9635099999998,2020-03-24 05:44:41.970,404833363.90829,27570062.5347643,-26547188.35366904,148837041701.31238,9018916080.816875,3908782444.3216743,58932.23937465277
46,2020,3,24,5,59,41.97,17476424.099,-2826595.668,-19884624.032,-956.85107,3499.14066,-1332.4738499999999,2020-03-24 05:59:41.970,404803185.04093516,28372361.800796006,-26201511.828597087,148835709702.88324,9043562968.83648,3919466811.804095,58932.24979131943
46,2020,3,24,6,14,41.97,16468426.814,337803.54699999996,-20910542.667999998,-1279.9739100000002,3522.8300099999997,-944.0621,2020-03-24 06:14:41.970,404771064.8105855,29174524.629926864,-25855706.05077168,148834372859.53342,9068209562.221771,3930151053.8659415,58932.2602079861
46,2020,3,24,6,29,41.97,15178986.645000001,3496425.05,-21579027.485999998,-1581.3899000000001,3486.30865,-539.29885,2020-03-24 06:29:41.970,404737003.41453046,29976547.106332343,-25509772.711922836,148833031171.35178,9092855860.129704,3940835170.1418176,58932.27062465277
46,2020,3,24,6,44,41.97,13629985.421,6595250.377,-21878430.854,-1855.9524000000001,3390.12498,-125.04235999999999,2020-03-24 06:44:41.970,404701001.058353,30778425.314941563,-25163713.504277453,148831684638.4272,9117501861.717245,3951519160.2663364,58932.28104131943
46,2020,3,24,6,59,41.97,11847746.291,9581206.918,-21803365.755,-2098.9522699999998,3235.8305,291.67195000000004,2020-03-24 06:59:41.970,404663057.9559259,31580155.341450084,-24817530.120553624,148830333260.8487,9142147566.141413,3962203023.874112,58932.2914579861
46,2020,3,24,7,14,41.97,9862603.626,12403062.98,-21354814.012,-2306.1975399999997,3025.9600400000004,703.7458300000001,2020-03-24 07:14:41.970,404623174.32941234,32381733.272332806,-24471224.2539551,148828977038.706,9166792972.559242,3972886760.599759,58932.30187465277
46,2020,3,24,7,29,41.97,7708404.299,15012298.03,-20540130.377,-2474.08605,2763.99636,1104.1350400000001,2020-03-24 07:29:41.970,404581350.4092637,33183155.194856945,-24124797.598165665,148827615972.0885,9191438080.127811,3983570370.0779033,58932.31229131943
46,2020,3,24,7,44,41.97,5421947.295,17363934.057,-19372941.028,-2599.66968,2454.3192,1485.9669099999999,2020-03-24 07:44:41.970,404537586.4342189,33984417.19709468,-23778251.847343467,148826250061.0863,9216082888.004223,3994253851.9431715,58932.3227079861
46,2020,3,24,7,59,41.97,3042369.702,19417314.138,-17872936.481000002,-2680.70903,2102.13893,1842.65707,2020-03-24 07:59:41.970,404491882.6513029,34785515.367936164,-23431588.696115416,148824879305.78955,9240727395.345638,4004937205.8301964,58932.33312465277
46,2020,3,24,8,14,41.97,610488.203,21136814.601,-16065560.56,-2715.7174099999997,1713.41544,2168.02344,2020-03-24 08:14:41.970,404444239.3158246,35586445.797102414,-23084809.839571618,148823503706.28885,9265371601.309225,4015620431.373614,58932.34354131943
46,2020,3,24,8,29,41.97,-1831893.7049999998,22492477.742,-13981598.762,-2703.99289,1294.7628900000002,2456.3954200000003,2020-03-24 08:29:41.970,404394656.69137686,36387204.575158045,-22737916.973259687,148822123262.67468,9290015505.05219,4026303528.2080646,58932.3539579861
46,2020,3,24,8,44,41.97,-4242701.632,23460552.853,-11656671.184,-2645.6375,853.3414,2702.71645,2020-03-24 08:44:41.970,404343135.04983395,37187787.79352423,-22390911.793179102,148820737975.03833,9314659105.731789,4036986495.9681997,58932.36437465277
46,2020,3,24,8,59,41.97,-6580317.334000001,24023934.458,-9130637.027,-2541.5625999999997,396.73715,2902.63762,2020-03-24 08:59:41.970,404289674.67135084,37988191.54449139,-22043795.99577568,148819347843.4708,9339302402.505293,4047669334.288666,58932.37479131943
46,2020,3,24,9,14,41.97,-8804304.194,24172488.088999998,-6446919.623,-2393.47993,-67.16724,3052.60032,2020-03-24 09:14:41.970,404234275.84436136,38788411.92123225,-21696571.277935904,148817952868.0635,9363945394.53003,4058352042.804123,58932.3852079861
46,2020,3,24,9,29,41.97,-10876118.001999998,23903255.69,-3651762.733,-2203.87791,-530.3302,3149.90597,2020-03-24 09:29:41.970,404176938.8655772,39588445.017814524,-21349239.336981274,148816553048.9085,9388588080.963333,4069034621.1492305,58932.39562465277
46,2020,3,24,9,44,41.97,-12759789.745,23220534.852,-793430.6410000001,-1975.98315,-984.69371,3192.77093,2020-03-24 09:44:41.970,404117664.0399869,40388286.929213725,-21001801.87066274,148815148386.09753,9413230460.962603,4079717068.958658,58932.40604131943
46,2020,3,24,9,59,41.97,-14422567.189,22135828.421,2078633.9109999998,-1713.70745,-1422.32832,3180.36502,2020-03-24 09:59:41.970,404056451.68085253,41187933.7513262,-20654260.577155028,148813738879.72296,9437872533.685251,4090399385.8670774,58932.4164579861
46,2020,3,24,10,14,41.97,-15835502.585,20667663.623,4914678.595000001,-1421.5812,-1835.57761,3112.8324100000004,2020-03-24 10:14:41.970,403993302.1097104,41987381.58098175,-20306617.155051056,148812324529.87726,9462514298.288744,4101081571.509165,58932.42687465277
46,2020,3,24,10,29,41.97,-16973974.571,18841282.599999998,7665520.892,-1104.67402,-2217.19896,2991.2940099999996,2020-03-24 10:29:41.970,403928215.6563685,42786626.515956506,-19958873.30335627,148810905336.6532,9487155753.930563,4111763625.5196066,58932.43729131943
46,2020,3,24,10,44,41.97,-17818133.580000002,16688209.040999997,10283421.133,-768.50436,-2560.49761,2817.83092,2020-03-24 10:44:41.970,403861192.65890515,43585664.65498584,-19611030.721483085,148809481300.1439,9511796899.76824,4122445547.5330873,58932.4477079861
46,2020,3,24,10,59,41.97,-18353261.505999997,14245698.368999999,12722932.213,-418.93973,-2859.45088,2595.44918,2020-03-24 10:59:41.970,403792233.4636677,44384492.09777704,-19263091.1092452,148808052420.44257,9536437734.959341,4133127337.184305,58932.45812465277
46,2020,3,24,11,14,41.97,-18570038.176,11556081.57,14941709.287,-62.08971,-3108.8198399999997,2328.02629,2020-03-24 11:14:41.970,403721338.4252703,45183104.945022285,-18915056.166851986,148806618697.64282,9561078258.661467,4143808994.107955,58932.46854131943
46,2020,3,24,11,29,41.97,-18464709.139,8666015.138,16901263.541,295.80593999999996,-3304.24591,2020.24062,2020-03-24 11:29:41.970,403648507.9065934,45981499.29841132,-18566927.5949029,148805180131.8383,9585718470.032251,4154490517.9387503,58932.4789579861
46,2020,3,24,11,44,41.97,-18039151.46,5625651.679,18567645.327999998,648.4916400000001,-3442.33024,1677.4852600000002,2020-03-24 11:44:41.970,403573742.2787813,46779671.260644384,-18218707.0943818,148803736723.12326,9610358368.229366,4165171908.3113995,58932.48937465277
46,2020,3,24,11,59,41.97,-17300836.377,2487747.4189999998,19912043.49,989.8104,-3520.69432,1305.76834,2020-03-24 11:59:41.970,403497041.921241,47577616.935444795,-17870396.366651416,148802288471.59186,9634997952.410522,4175853164.8606176,58932.49979131943
46,2020,3,24,12,14,41.97,-16262689.95,-693275.9280000001,20911289.619,1313.81573,-3538.02064,911.60184,2020-03-24 12:14:41.970,403418407.22164065,48375332.4275721,-17521997.113447566,148800835377.33865,9659637221.733467,4186534287.221133,58932.5102079861
46,2020,3,24,12,29,41.97,-14942854.929,-3862296.6470000003,21548258.101999998,1614.87881,-3494.0727800000004,501.88160000000005,2020-03-24 12:29:41.970,403337838.5759077,49172813.84283444,-17173511.036873706,148799377440.45865,9684276175.35599,4197215275.027673,58932.52062465277
46,2020,3,24,12,44,41.97,-13364359.138,-6964467.291,21812155.11,1887.78877,-3389.6948500000003,83.76098999999999,2020-03-24 12:44:41.970,403255336.3882272,49970057.28810179,-16824939.83939524,148797914661.04672,9708914812.435911,4207896127.9149747,58932.53104131943
46,2020,3,24,12,59,41.97,-11554697.45,-9946179.285,21698692.103,2127.84411,-3226.7906599999997,-335.47898999999995,2020-03-24 12:59:41.970,403170901.07104045,50767058.87131831,-16476285.223833816,148796447039.19836,9733553132.131075,4218576845.5177794,58932.5414579861
46,2020,3,24,13,14,41.97,-9545336.079999998,-12755999.944,21210141.796,2330.9336799999996,-3008.28344,-748.56051,2020-03-24 13:14:41.970,403084533.0450428,51563814.70151556,-16127548.89336183,148794974575.00912,9758191133.599401,4229257427.4708366,58932.55187465277
46,2020,3,24,13,29,41.97,-7371149.233,-15345564.947,20355276.934,2493.6058000000003,-2738.05736,-1148.3381399999998,2020-03-24 13:29:41.970,402996232.739183,52360320.88882493,-15778732.551496703,148793497268.57483,9782828815.9988,4239937873.4089,58932.56229131943
46,2020,3,24,13,44,41.97,-5069799.235,-17670410.555,19149194.47,2613.12459,-2420.88238,-1527.9239200000002,2020-03-24 13:44:41.970,402906000.5906604,53156573.54449059,-15429837.902095303,148792015119.99158,9807466178.487268,4250618182.9667335,58932.5727079861
46,2020,3,24,13,59,41.97,-2681072.084,-19690731.357,17613029.834000003,2687.51262,-2062.32427,-1880.80612,2020-03-24 13:59:41.970,402813837.0449235,53952568.78088213,-15080866.649348343,148790528129.3557,9832103220.222797,4261298355.7791033,58932.58312465277
46,2020,3,24,14,14,41.97,-246180.849,-21372051.136,15773567.927,2715.57965,-1668.64182,-2200.9597,2020-03-24 14:14:41.970,402719742.5556686,54748302.71150757,-14731820.497774672,148789036296.76395,9856739940.363438,4271978391.4807854,58932.59354131943
46,2020,3,24,14,29,41.97,2192950.374,-22685796.29,13662759.142,2696.93711,-1246.6734999999999,-2482.94663,2020-03-24 14:29:41.970,402623717.5848384,55543771.45102581,-14382701.152215738,148787539622.313,9881376338.067287,4282658289.706561,58932.6039579861
46,2020,3,24,14,44,41.97,4594409.254,-23609763.29,11317150.2,2631.99863,-803.71571,-2722.00464,2020-03-24 14:44:41.970,402525762.6026181,56338971.115259744,-14033510.317829914,148786038106.10025,9906012412.492464,4293338050.0912175,58932.61437465277
46,2020,3,24,14,59,41.97,6917012.283,-24128473.724,8777240.787999999,2521.9668899999997,-347.39508,-2914.12317,2020-03-24 14:59:41.970,402425878.0874364,57133897.82120858,-13684249.700086907,148784531748.22272,9930648162.797138,4304017672.269551,58932.62479131943
46,2020,3,24,15,14,41.97,9121004.072,-24233412.562000003,6086777.9520000005,2368.8074,114.46293,-3056.10561,2020-03-24 15:14:41.970,402324064.5259621,57928547.687060945,-13334921.004762067,148783020548.77838,9955283588.139511,4314697155.876367,58932.6352079861
46,2020,3,24,15,29,41.97,11168727.464,-23923147.32,3292000.9209999996,2175.20999,573.9669299999999,-3145.61715,2020-03-24 15:29:41.970,402220322.41310287,58722916.8322076,-12985525.937930837,148781504507.86502,9979918687.677832,4325376500.546467,58932.64562465277
46,2020,3,24,15,44,41.97,13025253.831,-23203327.821,440849.47599999997,1944.5390300000001,1023.2916999999999,-3181.2178599999997,2020-03-24 15:44:41.970,402114652.25200254,59517001.37725395,-12636066.20596312,148779983625.58066,10004553460.57038,4336055705.914677,58932.65604131943
46,2020,3,24,15,59,41.97,14658963.828,-22086568.147000004,-2417850.752,1680.77331,1454.80755,-3162.38091,2020-03-24 15:59:41.970,402007054.55404013,60310797.444032945,-12286543.515517613,148778457902.02396,10029187905.975471,4346734771.615813,58932.6664579861
46,2020,3,24,16,14,41.97,16042069.888,-20592214.147,-5235212.689,1388.43689,1861.20499,-3089.49594,2020-03-24 16:14:41.970,401897529.8388284,61104301.155617915,-11936959.573536156,148776927337.2934,10053822023.051474,4357413697.28471,58932.67687465277
46,2020,3,24,16,29,41.97,17151072.862,-18746001.528,-7963108.708,1072.5220900000002,2235.61289,-2963.85792,2020-03-24 16:29:41.970,401786078.63421,61897508.63633503,-11587316.087238245,148775391931.488,10078455810.956793,4368092482.556208,58932.68729131943
46,2020,3,24,16,44,41.97,17967146.299,-16579611.058999998,-10554975.167000001,738.40598,2571.70876,-2787.64208,2020-03-24 16:44:41.970,401672701.4762578,62690416.011776306,-11237614.764115255,148773851684.70682,10103089268.849874,4378771127.065148,58932.6977079861
46,2020,3,24,16,59,41.97,18476443.102,-14130128.713,-12966588.253,391.76156000000003,2863.81948,-2563.86531,2020-03-24 16:59:41.970,401557398.90927136,63483019.40881205,-10887857.31192488,148772306597.04944,10127722395.889198,4389449630.446385,58932.70812465277
46,2020,3,24,17,14,41.97,18670320.417,-11439419.815,-15156799.41,38.4651,3107.0114599999997,-2296.3351,2020-03-24 17:14:41.970,401440171.4857763,64275314.95560383,-10538045.438685529,148770756668.61548,10152355191.233276,4400127992.334778,58932.71854131943
46,2020,3,24,17,29,41.97,18545479.836999997,-8553427.229,-17088219.398000002,-315.49915,3297.16915,-1989.5866,2020-03-24 17:29:41.970,401321019.76652086,65067298.78161695,-10188180.852670683,148769201899.5048,10176987654.040691,4410806212.365204,58932.7289579861
46,2020,3,24,17,44,41.97,18104021.136,-5521404.526000001,-18727840.826,-664.13563,3431.06086,-1648.80895,2020-03-24 17:44:41.970,401199944.32047546,65858967.01763346,-9838265.262403248,148767642289.81772,10201619783.470036,4421484290.172528,58932.73937465277
46,2020,3,24,17,59,41.97,17353408.903,-2395095.835,-20047589.888,-1001.53416,3506.3913000000002,-1279.76188,2020-03-24 17:59:41.970,401076945.7248293,66650315.79576453,-9488300.376649942,148766077839.65466,10226251578.67997,4432162225.391643,58932.74979131943
46,2020,3,24,18,14,41.97,16306352.558,772125.311,-21024799.012,-1321.96549,3521.84009,-888.6834799999999,2020-03-24 18:14:41.970,400952024.56498975,67441341.24946332,-9138287.90441573,148764508549.11642,10250883038.829163,4442840017.657437,58932.7602079861
46,2020,3,24,18,29,41.97,14980601.343,3926145.2709999997,-21642593.079,-1619.97455,3477.08568,-482.1906,2020-03-24 18:29:41.970,400825181.4345788,68232039.51353769,-8788229.55493811,148762934418.30374,10275514163.076359,4453517666.604813,58932.77062465277
46,2020,3,24,18,44,41.97,13398656.96,7013014.431,-21890182.975,-1890.46996,3372.81436,-67.17272,2020-03-24 18:44:41.970,400696416.9354325,69022406.72416277,-8438127.037681533,148761355447.3181,10300144950.580328,4464195171.868678,58932.78104131943
46,2020,3,24,18,59,41.97,11587407.632000001,9979852.552000001,-21763061.319000002,-2128.80893,3210.71387,349.31910999999997,2020-03-24 18:59:41.970,400565731.6775977,69812439.01889378,-8087982.062331812,148759771636.26074,10324775400.499876,4474872533.083947,58932.7914579861
46,2020,3,24,19,14,41.97,9577688.447,12775741.417,-21263096.43,-2330.8760199999997,2993.45157,760.1870899999999,2020-03-24 19:14:41.970,400433126.27933097,70602132.53667861,-7737796.338790446,148758182985.23358,10349405511.993853,4485549749.885546,58932.80187465277
46,2020,3,24,19,29,41.97,7403773.965,15352590.743999999,-20398521.865,-2493.15465,2724.63685,1158.40365,2020-03-24 19:29:41.970,400298601.3670956,71391483.4178705,-7387571.577169026,148756589494.3386,10374035284.221176,4496226821.908407,58932.81229131943
46,2020,3,24,19,44,41.97,5102810.166,17665963.315,-19183820.248,-2612.7902,2408.7681000000002,1537.12908,2020-03-24 19:44:41.970,400162157.5755602,72180487.80424082,-7037309.487783596,148754991163.67792,10398664716.340761,4506903748.787473,58932.8227079861
46,2020,3,24,19,59,41.97,2714193.936,19675845.42,-17639501.65,-2687.64329,2051.1643,1889.82801,2020-03-24 19:59:41.970,400023795.54759616,72969141.83899167,-6687011.781149061,148753387993.35406,10423293807.51161,4517580530.157695,58932.83312465277
46,2020,3,24,20,14,41.97,278909.39300000004,21347349.051000003,-15791778.345,-2716.33222,1657.88187,2210.3828000000003,2020-03-24 20:14:41.970,399883515.9342756,73757441.66676834,-6336680.167973549,148751779983.4699,10447922556.892725,4528257165.65403,58932.84354131943
46,2020,3,24,20,29,41.97,-2161168.639,22651332.904999997,-13672139.562,-2698.26334,1235.61754,2493.20206,2020-03-24 20:29:41.970,399741319.39486957,74545383.43367237,-5986316.35915277,148750167134.1284,10472550963.643194,4538933654.911444,58932.8539579861
46,2020,3,24,20,44,41.97,-4563992.686,23564930.058000002,-11316831.638,-2633.64839,791.59832,2733.32204,2020-03-24 20:44:41.970,399597206.59684515,75332963.28727372,-5635922.065764453,148748549445.43274,10497179026.922127,4549609997.564915,58932.86437465277
46,2020,3,24,20,59,41.97,-6888070.125,24071971.405,-8766250.872000001,-2523.50803,333.46014,2926.4988500000004,2020-03-24 20:59:41.970,399451178.21586376,76120177.37662387,-5285498.99906264,148746926917.4865,10521806745.888662,4560286193.249426,58932.87479131943
46,2020,3,24,21,14,41.97,-9093187.35,24163295.396,-6064258.279,-2369.66082,-130.88308,3069.28946,2020-03-24 21:14:41.970,399303234.9357792,76907021.85226826,-4935048.870472157,148745299550.39346,10546434119.702011,4570962241.599974,58932.8852079861
46,2020,3,24,21,29,41.97,-11141117.434,23836936.456,-3257427.264,-2174.6975,-593.37775,3159.11946,2020-03-24 21:29:41.970,399153377.4486348,77693492.86625874,-4584573.391582927,148743667344.25763,10571061147.521408,4581638142.251556,58932.89562465277
46,2020,3,24,21,44,41.97,-12996297.979999999,23098186.567,-394236.951,-1941.94055,-1045.9736500000001,3194.33578,2020-03-24 21:44:41.970,399001606.4546614,78479586.57216667,-4234074.274144414,148742030299.1834,10595687828.506144,4592313894.839191,58932.90604131943
46,2020,3,24,21,59,41.97,-14626466.012999998,21959526.943,2475774.562,-1675.38923,-1480.7691300000001,3174.24278,2020-03-24 21:59:41.970,398847922.66227555,79265299.12509485,-3883553.230059925,148740388415.27515,10620314161.81553,4602989498.997888,58932.9164579861
46,2020,3,24,22,14,41.97,-16003237.309,20440429.281,5302881.545,-1379.6512400000001,-1890.15522,3099.1206700000002,2020-03-24 22:14:41.970,398692326.7880763,80050626.68169104,-3533011.9713810557,148738741692.63785,10644940146.608965,4613664954.362688,58932.92687465277
46,2020,3,24,22,29,41.97,-17102618.412,18567028.898000002,8038050.166,-1059.8617100000001,-2266.9556900000002,2970.22518,2020-03-24 22:29:41.970,398534819.5568439,80835565.40015966,-3182452.210302074,148737090131.37637,10669565782.045841,4624340260.568628,58932.93729131943
46,2020,3,24,22,44,41.97,-17905440.81,16371674.798,10633809.303,-721.59147,-2604.55995,2789.7685,2020-03-24 22:44:41.970,398375401.7015371,81620111.44027494,-2831875.6591542424,148735433731.59604,10694191067.285635,4635015417.250755,58932.9477079861
46,2020,3,24,22,59,41.97,-18397708.262000002,13892364.531,13045095.677,-370.74618,-2897.04572,2560.8813600000003,2020-03-24 22:59:41.970,398214073.9632903,82404260.96339358,-2481284.030400281,148733772493.4026,10718816001.487848,4645690424.044128,58932.95812465277
46,2020,3,24,23,14,41.97,-18570850.082000002,11172074.246,15230056.702,-13.45856,-3139.28881,2287.55713,2020-03-24 23:14:41.970,398050837.0914122,83188010.13246706,-2130679.0366286896,148732106416.90167,10743440583.81203,4656365280.583812,58932.96854131943
46,2020,3,24,23,29,41.97,-18421875.187000003,8257996.736,17150795.288000003,344.02398,-3327.05741,1974.57896,2020-03-24 23:29:41.970,397885691.84338284,83971355.1120542,-1780062.390548172,148730435502.19946,10768064813.417786,4667039986.504886,58932.9789579861
46,2020,3,24,23,44,41.97,-17953423.873,5200702.282000001,18774042.066999998,695.45381,-3457.0890799999997,1627.43165,2020-03-24 23:44:41.970,397718638.9848513,84754292.0683341,-1429435.8049819828,148728759749.4022,10792688689.46474,4677714541.442438,58932.98937465277
46,2020,3,24,23,59,41.97,-17173716.506,2053238.7050000003,20071742.132,1034.69726,-3527.1486200000004,1252.2002,2020-03-24 23:59:41.970,397549679.28963304,85536817.16911843,-1078800.9928623657,148727079158.61642,10817312211.112593,4688388945.031563,58932.99979131943
46,2020,3,25,0,14,41.97,-16096400.962,-1129810.0019999999,21021544.615,1355.8459300000002,-3536.0660300000004,855.45739,2020-03-25 00:14:41.970,397378813.53970844,86318926.58386423,-728159.6672248811,148725393729.9492,10841935377.521076,4699063196.907368,58933.0102079861
46,2020,3,25,0,29,41.97,-14740299.861,-4293298.581,21607190.532,1653.32343,-3483.75348,444.14216,2020-03-25 00:29:41.970,397206042.5252192,87100616.48368603,-377513.5412028453,148723703463.50745,10866558187.849964,4709737296.704966,58933.02062465277
46,2020,3,25,0,44,41.97,-13129069.122000001,-7382484.104,21818781.397,1921.98387,-3371.20231,25.43354,2020-03-25 00:44:41.970,397031367.04446673,87881883.04136904,-26864.328021676043,148722008359.3985,10891180641.259079,4720411244.059489,58933.03104131943
46,2020,3,25,0,59,41.97,-11290767.493999999,-10343995.021,21652939.601,2157.20237,-3200.45923,-393.38016,2020-03-25 00:59:41.970,396854787.9039094,88662722.4313813,323786.2590066756,148720308417.72998,10915802736.908295,4731085038.606071,58933.0414579861
46,2020,3,25,1,14,41.97,-9257351.479,-13126761.388999999,21112847.187,2354.95442,-2974.58351,-805.03195,2020-03-25 01:14:41.970,396676305.91816014,89443130.82988639,674436.5064893934,148718603638.60986,10940424473.957525,4741758679.979858,58933.05187465277
46,2020,3,25,1,29,41.97,-7064103.744,-15682900.083,20208168.489,2511.88324,-2697.58613,-1202.4049,2020-03-25 01:29:41.970,396495921.9099838,90223104.41475594,1025084.700958358,148716894022.14603,10965045851.566744,4752432167.816009,58933.06229131943
46,2020,3,25,1,44,41.97,-4749006.626,-17968537.678,18954858.697,2625.35429,-2374.3523999999998,-1578.6564999999998,2020-03-25 01:44:41.970,396313636.7102949,91002639.3655821,1375729.1288757643,148715179568.44696,10989666868.89594,4763105501.749686,58933.0727079861
46,2020,3,25,1,59,41.97,-2352072.7189999996,-19944557.064,17374863.330000002,2693.49607,-2010.5501700000002,-1927.33637,2020-03-25 01:59:41.970,396129451.15815514,91781731.86369015,1726368.0766397556,148713460277.6213,11014287525.105188,4773778681.416075,58933.08312465277
46,2020,3,25,2,14,41.97,85354.953,-21577255.575,15495715.494,2715.2268400000003,-1612.5253799999998,-2242.4954000000002,2020-03-25 02:14:41.970,395943366.10077,92560378.09215128,2076999.830590017,148711736149.77798,11038907819.354578,4784451706.450353,58933.09354131943
46,2020,3,25,2,29,41.97,2521320.475,-22838904.394,13350039.451000001,2690.26729,-1187.18745,-2518.78456,2020-03-25 02:29:41.970,395755382.3934881,93338574.23579457,2427622.677013364,148710007185.0259,11063527750.804277,4795124576.487727,58933.1039579861
46,2020,3,25,2,44,41.97,4913977.608,-23708200.961999997,10974970.458,2619.13909,-741.88654,-2751.5418999999997,2020-03-25 02:44:41.970,395565500.8997964,94116316.48122,2778234.902149392,148708273383.47476,11088147318.61447,4805797291.163402,58933.11437465277
46,2020,3,25,2,59,41.97,7222304.959,-24170608.235,8411502.036,2503.14995,-284.28522,-2936.86666,2020-03-25 02:59:41.970,395373722.4913191,94893601.01681075,3128834.79219605,148706534745.23395,11112766521.945406,4816469850.1126,58933.12479131943
46,2020,3,25,3,14,41.97,9406801.793000001,-24218576.713999998,5703772.721,2344.36571,177.77332,-3071.67954,2020-03-25 03:14:41.970,395180048.04781497,95670424.03274581,3479420.633315251,148704791270.41336,11137385359.95737,4827142252.970551,58933.1352079861
46,2020,3,25,3,29,41.97,11430153.182,-23851647.206,2898305.051,2145.5702300000003,636.3981699999999,-3153.76847,2020-03-25 03:29:41.970,394984478.4571737,96446781.72101228,3829990.711638484,148703042959.12332,11162003831.810719,4837814499.372497,58933.14562465277
46,2020,3,25,3,44,41.97,13257853.96,-23076434.287,43209.967,1910.21415,1083.7825400000002,-3181.81965,2020-03-25 03:44:41.970,394787014.61541456,97222670.27541836,4180543.3132724357,148701289811.4741,11186621936.665825,4848486588.95369,58933.15604131943
46,2020,3,25,3,59,41.97,14858781.91,-21906492.307,-2812629.991,1642.35348,1512.3326,-3155.43367,2020-03-25 03:59:41.970,394587657.4266828,97998085.89160508,4531076.724304542,148699531827.57626,11211239673.68314,4859158521.349391,58933.1664579861
46,2020,3,25,4,14,41.97,16205711.617,-20362067.554,-5620385.331,1346.5793800000001,1914.79135,-3075.1268299999997,2020-03-25 04:14:41.970,394386407.8032478,98773024.76705964,4881589.230808659,148697769007.5409,11235857042.023144,4869830296.194879,58933.17687465277
46,2020,3,25,4,29,41.97,17275761.527,-18469741.81,-8332098.932000001,1027.9401699999999,2284.3558000000003,-2942.31807,2020-03-25 04:29:41.970,394183266.6654995,99547483.1011272,5232079.118850604,148696001351.47903,11260474040.846373,4880501913.125437,58933.18729131943
46,2020,3,25,4,44,41.97,18050767.911,-16261974.022,-10901487.273999998,691.85706,2614.786,-2759.30193,2020-03-25 04:44:41.970,393978234.9419465,100321457.09502374,5582544.674493797,148694228859.5022,11285090669.313408,4891173371.776361,58933.1977079861
46,2020,3,25,4,59,41.97,18517580.582,-13776548.086000001,-13284711.302,344.03481000000005,2900.50437,-2529.20824,2020-03-25 04:59:41.970,393771313.5692131,101094942.95184839,5932984.183804834,148692451531.72195,11309706926.58488,4901844671.782963,58933.20812465277
46,2020,3,25,5,14,41.97,18668276.437,-11055935.953,-15441105.335,-9.63137,3136.6844,-2255.94931,2020-03-25 05:14:41.970,393562503.49203634,101867936.87659612,6283395.932859121,148690669368.25037,11334322811.821476,4912515812.780563,58933.21854131943
46,2020,3,25,5,29,41.97,18500288.009,-8146586.204,-17333853.156,-363.15131,3319.32742,-1944.15552,2020-03-25 05:29:41.970,393351805.66326344,102640435.07616992,6633778.207746432,148688882369.19943,11358938324.183922,4923186794.404485,58933.2289579861
46,2020,3,25,5,44,41.97,18016445.45,-5098149.169000001,-18930601.237999998,-710.5366300000001,3445.32668,-1599.10025,2020-03-25 05:44:41.970,393139221.0438492,103412433.75939324,6984129.294576534,148687090534.6817,11383553462.832994,4933857616.290081,58933.23937465277
46,2020,3,25,5,59,41.97,17224931.415,-1962650.347,-20204000.002,-1045.89729,3512.51807,-1226.61515,2020-03-25 05:59:41.970,392924750.6028531,104183929.13702278,7334447.479484791,148685293864.80984,11408168226.929539,4944528278.072701,58933.24979131943
46,2020,3,25,6,14,41.97,16139149.51,1206375.459,-21132164.903,-1363.53692,3519.71658,-832.99688,2020-03-25 06:14:41.970,392708395.3174368,104954917.4217606,7684731.048637726,148683492359.69672,11432782615.634418,4955198779.3877125,58933.2602079861
46,2020,3,25,6,29,41.97,14777508.023,4354776.368,-21699050.166,-1658.04556,3466.73834,-424.9065,2020-03-25 06:29:41.970,392490156.1728603,105725394.82826672,8034978.288238646,148681686019.45566,11457396628.108566,4965869119.870493,58933.27062465277
46,2020,3,25,6,44,41.97,13163121.754,7428688.667,-21894729.086,-1924.38871,3354.40748,-9.262619999999998,2020-03-25 06:44:41.970,392270034.162481,106495357.5731714,8385187.484533227,148679874844.2,11482010263.51296,4976539299.156428,58933.28104131943
46,2020,3,25,6,59,41.97,11323435.876,10375441.375,-21715575.87,-2157.99136,3184.54768,406.87028,2020-03-25 06:59:41.970,392048030.287749,107264801.875088,8735356.923815124,148678058834.0435,11506623521.008638,4987209316.880932,58933.2914579861
46,2020,3,25,7,14,41.97,9289776.822,13144446.21,-21164345.28,-2354.8159,2959.95818,816.39708,2020-03-25 07:14:41.970,391824145.55820507,108033723.9546247,9085484.8924315,148676237989.1,11531236399.756672,4997879172.679407,58933.30187465277
46,2020,3,25,7,29,41.97,7096836.33,15688058.897,-20250147.567,-2511.43254,2684.37408,1212.30921,2020-03-25 07:29:41.970,391598380.99147815,108802120.03439763,9435569.676788734,148674412309.4838,11555848898.9182,5008548866.187279,58933.31229131943
46,2020,3,25,7,44,41.97,4782095.885,17962397.779,-18988317.651,-2625.08115,2362.4111399999997,1587.8021899999999,2020-03-25 07:44:41.970,391370737.61328226,109569986.33904277,9785609.563357903,148672581795.30933,11580461017.654408,5019218397.039995,58933.3227079861
46,2020,3,25,7,59,41.97,2385199.8880000003,19928105.845999997,-17400178.983000003,-2693.72314,1999.4954,1936.3917900000001,2020-03-25 07:59:41.970,391141216.4574128,110337319.09522852,10135602.838680409,148670746446.69138,11605072755.126518,5029887764.873002,58933.33312465277
46,2020,3,25,8,14,41.97,-52712.997,21551042.709000003,-15512704.177,-2716.08234,1601.77795,2252.0269700000003,2020-03-25 08:14:41.970,390909818.56574494,111104114.53166835,10485547.789373584,148668906263.74487,11629684110.495823,5040556969.321761,58933.34354131943
46,2020,3,25,8,29,41.97,-2489709.867,22802893.638,-13358076.273,-2691.6736499999997,1176.0359899999999,2529.1974499999997,2020-03-25 08:29:41.970,390676544.9882299,111870368.87913263,10835442.702136282,148667061246.585,11654295082.923655,5051226010.021749,58933.3539579861
46,2020,3,25,8,44,41.97,-4883783.546,23661683.697,-10973156.278,-2620.81857,729.56115,2763.0340100000003,2020-03-25 08:44:41.970,390441396.78289205,112636078.37046164,11185285.863754436,148665211395.32715,11678905671.571396,5061894886.608452,58933.36437465277
46,2020,3,25,8,59,41.97,-7193580.302999999,24112186.215,-8398864.57,-2504.64676,270.03666,2949.39928,2020-03-25 08:59:41.970,390204375.01582617,113401239.24057749,11535075.561106639,148663356710.08722,11703515875.600502,5072563598.717369,58933.37479131943
46,2020,3,25,9,14,41.97,-9379122.469,24146216.380999997,-5679485.602,-2345.0831000000003,-194.59482,3084.96706,2020-03-25 09:14:41.970,389965480.7611947,114165847.72649674,11884810.081169792,148661497190.9811,11728125694.172453,5083232145.98402,58933.3852079861
46,2020,3,25,9,29,41.97,-11402512.748,23762802.584000003,-2861907.1840000004,-2144.8198899999998,-656.27026,3167.2880600000003,2020-03-25 09:29:41.970,389724715.10122454,114929900.06734268,12234487.71102462,148659632838.12506,11752735126.448792,5093900528.043928,58933.39562465277
46,2020,3,25,9,44,41.97,-13228606.909,22968230.327,5192.68,-1907.27446,-1106.94993,3194.84041,2020-03-25 09:44:41.970,389482079.1262037,115693392.50435776,12584106.73786127,148657763651.63565,11777344171.591122,5104568744.532631,58933.40604131943
46,2020,3,25,9,59,41.97,-14825641.781,21775955.946999997,2872196.9680000003,-1636.53235,-1538.76256,3167.0634299999997,2020-03-25 09:59:41.970,389237573.9344788,116456321.28091575,12933665.448984938,148655889631.6294,11801952828.761086,5115236795.085682,58933.4164579861
46,2020,3,25,10,14,41.97,-16165806.018,20206390.040999997,5689423.158,-1337.27707,-1944.14919,3084.37334,2020-03-25 10:14:41.970,388991200.63245213,117218682.6425344,13283162.131821383,148654010778.22348,11826561097.120392,5125904679.338643,58933.42687465277
46,2020,3,25,10,29,41.97,-17225742.038,18286553.264999997,8408002.61,-1014.7076799999999,-2316.00244,2948.1604899999998,2020-03-25 10:29:41.970,388742960.33457786,117980472.83688746,13632595.073922558,148652127091.5351,11851168975.830782,5136572396.927094,58933.43729131943
46,2020,3,25,10,44,41.97,-17986968.81,16049609.959999999,10980748.855,-674.44558,-2647.7982,2760.76749,2020-03-25 10:44:41.970,388492854.1633602,118741688.11381741,13981962.562972173,148650238571.6818,11875776464.054068,5147239947.486629,58933.4477079861
46,2020,3,25,10,59,41.97,-18436216.701,13534287.828,13362997.842,-322.43264,-2933.7167000000004,2525.4488300000003,2020-03-25 10:59:41.970,388240883.24934894,119502324.72534731,14331262.886791274,148648345218.7811,11900383560.952108,5157907330.652847,58933.45812465277
46,2020,3,25,11,14,41.97,-18565667.462,10784194.417000001,15513403.644,35.177319999999995,-3168.75034,2246.31248,2020-03-25 11:14:41.970,387987048.73113775,120262378.92569365,14680494.333343795,148646447032.95132,11924990265.68682,5168574546.061364,58933.46854131943
46,2020,3,25,11,29,41.97,-18373094.456,7847043.522,17394674.0,392.13135,-3348.7956599999998,1928.24478,2020-03-25 11:29:41.970,387731351.7553601,121021846.97127812,15029655.19074219,148644544014.31058,11949596577.420172,5179241593.347819,58933.4789579861
46,2020,3,25,11,44,41.97,-17861900.383,4773806.535,18974231.373999998,742.19187,-3470.72783,1576.8203800000001,2020-03-25 11:44:41.970,387473793.47668666,121780725.12074046,15378743.747252947,148642636162.9774,11974202495.31418,5189908472.147855,58933.48937465277
46,2020,3,25,11,59,41.97,-17041052.02,1617805.3930000002,20224786.868,1079.2506500000002,-3532.45581,1198.19901,2020-03-25 11:59:41.970,387214375.0578218,122539009.63495041,15727758.291302208,148640723479.0705,11998808018.530916,5200575182.097123,58933.49979131943
46,2020,3,25,12,14,41.97,-15924913.65,-1566235.1570000001,21124816.307,1397.4395399999999,-3532.95741,799.01169,2020-03-25 12:14:41.970,386953097.6695009,123296696.77702002,16076697.111481316,148638805962.70886,12023413146.232521,5211241722.831301,58933.5102079861
46,2020,3,25,12,29,41.97,-14532983.018000001,-4723157.5540000005,21658929.963999998,1691.2360099999999,-3472.2936799999998,386.23863,2020-03-25 12:29:41.970,386689962.49048686,124053782.81231622,16425558.496552387,148636883614.01187,12048017877.581161,5221908093.986066,58933.52062465277
46,2020,3,25,12,44,41.97,-12889535.591,-7798345.1,21818129.761,1955.56106,-3351.60276,-32.91831,2020-03-25 12:44:41.970,386424970.7075671,124810264.00847289,16774340.735453907,148634956433.09906,12072622211.739094,5232574295.197128,58933.53104131943
46,2020,3,25,12,59,41.97,-11023184.681,-10738680.968999999,21599950.175,2185.86794,-3173.0735600000003,-451.16602,2020-03-25 12:59:41.970,386158123.5155502,125566136.63540311,17123042.117306262,148633024420.0901,12097226147.86859,5243240326.100197,58933.5414579861
46,2020,3,25,13,14,41.97,-8966366.52,-13493474.854,21008481.472,2378.22001,-2939.90032,-861.2508399999999,2020-03-25 13:14:41.970,385889422.1172633,126321396.96531159,17471660.93141734,148631087575.10504,12121829685.132008,5253906186.330997,58933.55187465277
46,2020,3,25,13,29,41.97,-6754760.668,-16015340.609000001,20054276.252,2529.3564100000003,-2656.21943,-1256.0867600000001,2020-03-25 13:29:41.970,385618867.72354794,127076041.27270691,17820195.46728807,148629145898.2642,12146432822.69174,5264571875.525272,58933.56229131943
46,2020,3,25,13,44,41.97,-4426657.100000001,-18261009.541,18754142.496,2636.7447199999997,-2327.0299200000004,-1628.8790099999999,2020-03-25 13:44:41.970,385346461.55325776,127830065.83441368,18168644.01461802,148627199389.68796,12171035559.710258,5275237393.318775,58933.5727079861
46,2020,3,25,13,59,41.97,-2022282.074,-20192065.631,17130828.382,2698.61982,-1958.09977,-1973.2406799999999,2020-03-25 13:59:41.970,385072204.8332545,128583466.92958495,18517004.863310922,148625248049.49734,12195637895.350063,5285902739.347277,58933.58312465277
46,2020,3,25,14,14,41.97,416904.689,-21775590.75,15212605.965,2714.00877,-1555.85997,-2283.30053,2020-03-25 14:14:41.970,384796098.7984057,129336240.83971423,18865276.303480286,148623291877.81332,12220239828.773726,5296567913.246558,58933.59354131943
46,2020,3,25,14,29,41.97,2848928.804,-22984709.862,13032762.484000001,2682.74141,-1127.2885999999999,-2553.8002,2020-03-25 14:29:41.970,384518144.69158006,130088383.84864798,19213456.625454914,148621330874.75708,12244841359.143862,5307232914.652418,58933.6039579861
46,2020,3,25,14,44,41.97,5232023.3319999995,-23799028.273,10629009.435,2605.4472,-679.78721,-2780.1795199999997,2020-03-25 14:44:41.970,384238343.7636459,130839892.24259786,19561544.1197845,148619365040.45013,12269442485.623169,5317897743.20067,58933.61437465277
46,2020,3,25,14,59,41.97,7525341.841,-24204955.019,8042820.6959999995,2483.53838,-221.05184,-2958.6486999999997,2020-03-25 14:59:41.970,383956697.27346593,131590762.31015284,19909537.077245146,148617394375.0144,12294043207.374357,5328562398.527143,58933.62479131943
46,2020,3,25,15,14,41.97,9689650.533,-24195908.625,5318711.885,2319.18037,241.05907,-3086.2466400000003,2020-03-25 15:14:41.970,383673206.48789597,132340990.34229128,20257433.78884494,148615418878.57193,12318643523.560232,5339226880.2676735,58933.6352079861
46,2020,3,25,15,29,41.97,11687988.236,-23772403.465,2503473.76,2115.2501300000004,698.6575,-3160.88463,2020-03-25 15:29:41.970,383387872.6817803,133090572.63239351,20605232.545829564,148613438551.24496,12343243433.343637,5349891188.058121,58933.64562465277
46,2020,3,25,15,44,41.97,13486283.855,-22942016.958,-354627.094,1875.28344,1143.9575200000002,-3181.37534,2020-03-25 15:44:41.970,383100697.1379483,133839505.47625376,20952931.639687788,148611453393.1561,12367842935.88748,5360555321.534351,58933.65604131943
46,2020,3,25,15,59,41.97,15053921.844,-21719239.696000002,-3206666.9379999996,1603.41232,1569.40346,-3147.44687,2020-03-25 15:59:41.970,382811681.14721173,134587785.17209265,21300529.362157047,148609463404.42798,12392442030.354717,5371219280.332256,58933.6664579861
46,2020,3,25,16,14,41.97,16364247.281,-20125212.344,-6003889.527000001,1304.29359,1967.79303,-3059.74201,2020-03-25 16:14:41.970,382520826.00836134,135335408.02056888,21648024.005228955,148607468585.18378,12417040715.90836,5381883064.087732,58933.67687465277
46,2020,3,25,16,29,41.97,17395003.24,-18187354.773,-8698523.646,983.0300400000001,2332.3934400000003,-2919.80322,2020-03-25 16:29:41.970,382228133.02816284,136082370.32479215,21995413.86115495,148605468935.54684,12441638991.711504,5392546672.4367,58933.68729131943
46,2020,3,25,16,44,41.97,18128694.327,-15938894.316,-11244580.795,645.0854499999999,2657.0491899999997,-2730.04369,2020-03-25 16:44:41.970,381933603.52135485,136828668.39033478,22342697.222451784,148603464455.6407,12466236856.927258,5403210105.01508,58933.6977079861
46,2020,3,25,16,59,41.97,18552871.389,-13418301.341,-13598620.873,296.19459,2936.28004,-2493.70528,2020-03-25 16:59:41.970,381637238.8106434,137574298.52524418,22689872.381907046,148601455145.58908,12490834310.718817,5413873361.458828,58933.70812465277
46,2020,3,25,17,14,41.97,18660333.616,-10668641.479,-15720474.34,-57.730129999999996,3165.3680799999997,-2214.80399,2020-03-25 17:14:41.970,381339040.2267007,138319257.04005465,23036937.63258476,148599441005.51605,12515431352.24943,5424536441.4039,58933.71854131943
46,2020,3,25,17,29,41.97,18449245.417,-7736854.786,-17573910.126,-410.69448,3340.43286,-1898.06405,2020-03-25 17:29:41.970,381039009.1081606,139063540.2478004,23383891.267830957,148597422035.54608,12540027980.682402,5435199344.486272,58933.7289579861
46,2020,3,25,17,44,41.97,17923166.601,-4672973.017,-19127239.367999997,-756.71906,3458.49368,-1548.8414699999998,2020-03-25 17:44:41.970,380737146.80161494,139807144.4640265,23730731.581279147,148595398235.80353,12564624195.1811,5445862070.341934,58933.73937465277
46,2020,3,25,17,59,41.97,17090995.528,-1529286.867,-20353845.988,-1089.93581,3517.5183300000003,-1173.03804,2020-03-25 17:59:41.970,380433454.6616107,140550066.00680232,24077456.866855916,148593369606.41336,12589219994.908924,5456524618.606898,58933.74979131943
46,2020,3,25,18,14,41.97,15966826.015,1640524.352,-21232636.069,-1404.68297,3516.45774,-777.00707,2020-03-25 18:14:41.970,380127934.0506467,141292301.19673246,24424065.418786418,148591336147.5006,12613815379.029377,5467186988.917181,58933.7602079861
46,2020,3,25,18,29,41.97,14569719.862,4782287.601,-21748398.978,-1695.59744,3455.26591,-367.45176000000004,2020-03-25 18:29:41.970,379820586.33916897,142033846.35697007,24770555.53160003,148589297859.1905,12638410346.705984,5477849180.908825,58933.77062465277
46,2020,3,25,18,44,41.97,12923397.972000001,7842242.183999999,-21892074.307,-1957.70311,3334.9047,48.6823,2020-03-25 18:44:41.970,379511412.9055688,142774697.81322804,25116925.50013576,148587254741.60867,12663004897.102335,5488511194.217883,58933.78104131943
46,2020,3,25,18,59,41.97,11055854.114,10767943.273,-21660919.773000002,-2186.4942100000003,3157.33332,464.31944000000004,2020-03-25 18:59:41.970,379200415.1361783,143514851.8937918,25463173.61954787,148585206794.8809,12687599029.38209,5499173028.48042,58933.7914579861
46,2020,3,25,19,14,41.97,8998896.485,13509148.925999999,-21058576.484,-2378.01224,2925.48221,872.36947,2020-03-25 19:14:41.970,378887594.42526656,144254304.92953056,25809298.185311403,148583154019.13336,12712192742.70897,5509834683.332528,58933.80187465277
46,2020,3,25,19,29,41.97,6787623.346,16018676.540000001,-20095029.278,-2528.91532,2643.2112,1265.84503,2020-03-25 19:29:41.970,378572952.1750373,144993053.253911,26155297.4932277,148581096414.4923,12736786036.246729,5520496158.410302,58933.81229131943
46,2020,3,25,19,44,41.97,4459840.095,18253214.697,-18786461.243,-2636.53875,2315.2522599999998,1637.97909,2020-03-25 19:44:41.970,378256489.79562443,145731093.20300782,26501169.839429956,148579033981.08438,12761378909.159208,5531157453.349864,58933.8227079861
46,2020,3,25,19,59,41.97,2055426.293,20174076.557,-17155003.108,-2698.94549,1947.13695,1982.34079,2020-03-25 19:59:41.970,377938208.7050888,146468421.11551648,26846913.520388726,148576966719.03625,12785971360.610308,5541818567.787344,58933.83312465277
46,2020,3,25,20,14,41.97,-384337.79199999996,21747881.369,-15228379.802,-2714.9654499999997,1545.1093,2292.9477399999996,2020-03-25 20:14:41.970,377618110.3294142,147205033.3327653,27192526.832917493,148574894628.47522,12810563389.763968,5552479501.3588915,58933.84354131943
46,2020,3,25,20,29,41.97,-2817474.518,22947151.321000002,-13039458.301,-2684.22241,1116.02504,2564.3727799999997,2020-03-25 20:29:41.970,377296196.10250497,147940926.19872782,27538008.074178226,148572817709.5283,12835154995.78419,5563140253.700673,58933.8539579861
46,2020,3,25,20,44,41.97,-5202030.536,23750811.906,-10625702.682,-2607.1477,667.23816,2791.8430500000004,2020-03-25 20:44:41.970,376972467.46618044,148676096.06003433,27883355.541686773,148570735962.3234,12859746177.835066,5573800824.448871,58933.86437465277
46,2020,3,25,20,59,41.97,-7496804.488,24144585.229,-8028544.2190000005,-2484.97982,206.47672,2971.3293799999997,2020-03-25 20:59:41.970,376646925.8701737,149410539.2659843,28228567.533318643,148568649386.9881,12884336935.0807,5584461213.239681,58933.87479131943
46,2020,3,25,21,14,41.97,-9662067.828,24121267.26,-5292676.245,-2319.74946,-258.29048,3099.62377,2020-03-25 21:14:41.970,376319572.77212596,150144252.16855857,28573642.34731425,148566557983.65067,12908927266.685297,5595121419.709326,58933.8852079861
46,2020,3,25,21,29,41.97,-11660265.520000001,23680881.972,-2465285.291,-2114.2497599999997,-718.9937699999999,3174.4031499999996,2020-03-25 21:29:41.970,375990409.63758415,150877231.12243098,28918578.282284647,148564461752.43933,12933517171.813114,5605781443.494024,58933.89562465277
46,2020,3,25,21,44,41.97,-13456683.317000002,22830707.474999998,404768.29400000005,-1871.99183,-1167.6066899999998,3194.27766,2020-03-25 21:44:41.970,375659437.93999654,151609472.48498097,29263373.637216963,148562360693.48264,12958106649.628454,5616441284.230031,58933.90604131943
46,2020,3,25,21,59,41.97,-15020068.587,21585171.764,3267805.607,-1597.14611,-1596.29123,3158.82189,2020-03-25 21:59:41.970,375326659.16070956,152340972.61630535,29608026.71147993,148560254806.90958,12982695699.295696,5627100941.553612,58933.9164579861
46,2020,3,25,22,14,41.97,-16323192.284999998,19965618.358,6074204.551,-1294.47043,-1997.54116,3068.5881400000003,2020-03-25 22:14:41.970,374992074.78896415,153071727.87923023,29952535.804829463,148558144092.84894,13007284319.979269,5637760415.101046,58933.92687465277
46,2020,3,25,22,29,41.97,-17343340.617000002,17999944.858,8775278.708,-969.2259300000001,-2364.32056,2925.1009,2020-03-25 22:29:41.970,374655686.3218916,153801734.63932344,30296899.21741408,148556028551.43045,13031872510.843666,5648419704.508629,58933.93729131943
46,2020,3,25,22,44,41.97,-18062726.261,15722120.305,11324142.743,-627.08266,-2690.1941800000004,2730.8324599999996,2020-03-25 22:44:41.970,374317495.2645104,154530989.26490626,30641115.24978057,148553908182.78345,13056460271.05345,5659078809.41268,58933.9477079861
46,2020,3,25,22,59,41.97,-18468810.618,13171589.891999999,13676547.443,-274.01666,-2969.44688,2489.1599,2020-03-25 22:59:41.970,373977503.12972265,155259488.12706542,30985182.202879354,148551782987.03775,13081047599.773228,5669737729.44953,58933.95812465277
46,2020,3,25,23,14,41.97,-18554530.422,10392578.146,15791667.969,83.79931,-3197.18942,2204.3043,2020-03-25 23:14:41.970,373635711.43830913,155987227.59966552,31329098.37807013,148549652964.32352,13105634496.167686,5680396464.2555275,58933.96854131943
46,2020,3,25,23,29,41.97,-18318424.103,7433303.973,17632829.859,440.10885,-3369.44817,1881.25348,2020-03-25 23:29:41.970,373292121.7189273,156714204.05936083,31672862.07712729,148547518114.77106,13130220959.40156,5691055013.467039,58933.9789579861
46,2020,3,25,23,44,41.97,-17764655.481999997,4345122.85,19168158.687,788.6865899999999,-3483.23698,1525.6698900000001,2020-03-25 23:44:41.970,372946735.5081062,157440413.8856071,32016471.602245532,148545378438.511,13154806988.639662,5701713376.7204485,58933.98937465277
46,2020,3,25,23,59,41.97,-16902934.584,1181612.979,20371140.962,1123.45172,-3536.6097,1143.78585,2020-03-25 23:59:41.970,372599554.3502435,158165853.46067387,32359925.2560453,148543233935.6742,13179392583.04685,5712371553.652156,58933.99979131943
46,2020,3,26,0,14,41.97,-15748337.91,-2002375.21,21221085.292,1438.57818,-3528.69242,742.28851,2020-03-26 00:14:41.970,372250579.7976014,158890519.16965637,32703221.34157833,148541084606.39154,13203977741.788054,5723029543.89858,58934.0102079861
46,2020,3,26,0,29,41.97,-14321030.279000001,-5151696.947000001,21703479.16,1728.59945,-3459.69481,328.19638000000003,2020-03-26 00:29:41.970,371899813.41030264,159614407.40048733,33046358.162333157,148538930450.79474,13228562464.028261,5733687347.096156,58934.02062465277
46,2020,3,26,0,44,41.97,-12645899.095,-8211876.66,21810226.354,1988.50487,-3330.90145,-91.26805999999999,2020-03-26 00:44:41.970,371547256.75632775,160337514.5439496,33389334.02224063,148536771469.01514,13253146748.932526,5744344962.881336,58934.03104131943
46,2020,3,26,0,59,41.97,-10752102.623000002,-11130069.94,21539774.134,2213.82728,-3144.64268,-508.80948,2020-03-26 00:59:41.970,371192911.4115097,161059836.9936873,33732147.225679405,148534607661.18445,13277730595.66597,5755002390.890597,58934.0414579861
46,2020,3,26,1,14,41.97,-8672546.019,-13855982.953,20897119.428000003,2400.71912,-2904.24661,-917.18997,2020-03-26 01:14:41.970,370836778.9595309,161781371.14621833,34074796.077481516,148532439027.43494,13302314003.393766,5765659630.76042,58934.05187465277
46,2020,3,26,1,29,41.97,-6443293.921,-16342742.219,19893699.347999997,2546.0164600000003,-2613.97357,-1309.35687,2020-03-26 01:29:41.970,370478860.99192005,162502113.40094617,34417278.88293774,148530265567.899,13326896971.281157,5776316682.127314,58934.06229131943
46,2020,3,26,1,44,41.97,-4102931.358,-18547698.035,18547168.806,2647.28969,-2278.9346,-1678.56542,2020-03-26 01:44:41.970,370119159.10804725,163222060.160172,34759593.94780326,148528087282.709,13351479498.49345,5786973544.627806,58934.0727079861
46,2020,3,26,1,59,41.97,-1691885.13,-20433148.087,16881070.794,2702.8806,-1904.99588,-2018.4943099999998,2020-03-26 01:59:41.970,369757674.91512007,163941207.82910666,35101739.57830309,148525904171.99805,13376061584.19601,5797630217.898433,58934.08312465277
46,2020,3,26,2,14,41.97,748281.7740000001,-21966969.531,14924406.657,2711.9251700000004,-1498.67126,-2323.35206,2020-03-26 02:14:41.970,369394410.02818066,164659552.81588235,35443714.081137575,148523716235.89896,13400643227.554274,5808286701.575762,58934.09354131943
46,2020,3,26,2,29,41.97,3175589.983,-23123149.855,12711115.324000001,2674.36241,-1067.0051899999999,-2587.9727,2020-03-26 02:29:41.970,369029366.0701012,165377091.53156468,35785515.763487935,148521523474.54535,13425224427.733734,5818942995.296364,58934.1039579861
46,2020,3,26,2,44,41.97,5548365.176,-23882208.824,10279471.821999999,2590.9292100000002,-617.44817,-2807.89928,2020-03-26 02:44:41.970,368662544.6715806,166093820.39016494,36127142.933021694,148519325888.07043,13449805183.899956,5829599098.696835,58934.11437465277
46,2020,3,26,2,59,41.97,7825948.797,-24231505.928999998,7671416.492000001,2463.14177,-157.72718999999998,-2979.4541799999997,2020-03-26 02:59:41.970,368293947.4711394,166809735.80865142,36468593.89789832,148517123476.6085,13474385495.21856,5840255011.413794,58934.12479131943
46,2020,3,26,3,14,41.97,9969386.293,-24165429.812999997,4931827.196,2293.26431,304.28657,-3099.79538,2020-03-26 03:14:41.970,367923576.1151175,167524834.20696196,36809866.966774486,148514916240.2933,13498965360.855238,5850910733.083878,58934.1352079861
46,2020,3,26,3,29,41.97,11942081.734,-23685468.225,2107747.4000000004,2084.26586,760.71058,-3166.95815,2020-03-26 03:29:41.970,367551432.257669,168239112.00801575,37150960.448809855,148512704179.2593,13523544779.975746,5861566263.343733,58934.14562465277
46,2020,3,26,3,44,41.97,13710408.588,-22800158.969,-752416.598,1839.76617,1203.7822,-3179.88194,2020-03-26 03:44:41.970,367177517.56075835,168952565.63772482,37491872.653672256,148510487293.64105,13548123751.745897,5872221601.830027,58934.15604131943
46,2020,3,26,3,59,41.97,15244267.302000001,-21524924.222000003,-3599715.918,1563.97184,1625.98633,-3138.42233,2020-03-26 03:59:41.970,366801833.69415736,169665191.52500638,37832601.89154349,148508265583.57346,13572702275.331581,5882876748.179452,58934.1664579861
46,2020,3,26,4,14,41.97,16517581.458,-19881792.279000003,-6385483.488,1261.60386,2020.1776399999999,-3043.34832,2020-03-26 04:14:41.970,366424382.33544034,170376986.10179478,38173146.473124675,148506039049.19135,13597280349.898745,5893531702.028711,58934.17687465277
46,2020,3,26,4,29,41.97,17508725.358,-17899012.39,-9062149.512,937.81788,2379.69563,-2896.32529,2020-03-26 04:29:41.970,366045165.1699804,171087945.80305305,38513504.709641665,148503807690.63046,13621857974.613398,5904186463.01454,58934.18729131943
46,2020,3,26,4,44,41.97,18200877.034,-15610569.787,-11584035.378,598.11849,2698.4711300000004,-2699.88425,2020-03-26 04:44:41.970,365664183.8909461,171798067.0667851,38853674.912850656,148501571508.02603,13646435148.641628,5914841030.773672,58934.1977079861
46,2020,3,26,4,59,41.97,18582291.901,-13055609.234,-13908113.921,248.26879,2971.12288,-2457.37795,2020-03-26 04:59:41.970,365281440.1992958,172507346.33404738,39193655.39504364,148499330501.51404,13671011871.14957,5925495404.942877,58934.20812465277
46,2020,3,26,5,14,41.97,18646493.4,-10277776.576,-15994724.643,-105.80345,3193.04301,-2172.9248000000002,2020-03-26 05:14:41.970,364896935.8037758,173215780.04896122,39533444.46905389,148497084671.23062,13695588141.303444,5936149585.158933,58934.21854131943
46,2020,3,26,5,29,41.97,18392378.176999997,-7324488.715000001,-17808233.261,-458.10165,3360.4704500000003,-1851.34138,2020-03-26 05:29:41.970,364510672.42091495,173923364.65872395,39873040.448261425,148494834017.31198,13720163958.269514,5946803571.058644,58934.2289579861
46,2020,3,26,5,44,41.97,17824234.484,-4246143.254,-19317625.798,-802.65715,3470.5514599999997,-1498.06467,2020-03-26 05:44:41.970,364122651.7750208,174630096.61362153,40212441.646598555,148492578539.89474,13744739321.214134,5957457362.278832,58934.23937465277
46,2020,3,26,5,59,41.97,16951673.62,-1095279.777,-20497028.354,-1133.62557,3521.38647,-1119.06485,2020-03-26 05:59:41.970,363732875.59817576,175335972.36704022,40551646.378555305,148490318239.11575,13769314229.303717,5968110958.456334,58934.24979131943
46,2020,3,26,6,14,41.97,15789475.327,2074294.707,-21326144.633,-1445.3814599999998,3512.0627600000003,-720.7499,2020-03-26 06:14:41.970,363341345.63023347,176040988.3754779,40890652.959184855,148488053115.11206,13793888681.704721,5978764359.228008,58934.2602079861
46,2020,3,26,6,29,41.97,14357349.161,5208403.079,-21790604.356,-1732.61011,3442.6723300000003,-309.86314999999996,2020-03-26 06:29:41.970,362948063.6188138,176745141.09855685,41229459.70410921,148485783168.02097,13818462677.58371,5989417564.230739,58934.27062465277
46,2020,3,26,6,44,41.97,12679614.954999998,8253404.774,-21882216.734,-1990.3953999999999,3314.3147000000004,106.625,2020-03-26 06:44:41.970,362553031.3193,177448426.99903473,41568064.92952448,148483508397.98013,13843036216.107275,6000070573.101417,58934.28104131943
46,2020,3,26,6,59,41.97,10784806.567,11157097.99,-21599124.344,-2214.30221,3129.0842,521.6299,2020-03-26 06:59:41.970,362156250.49483347,178150842.5428171,41906466.9522064,148481228805.12726,13867609296.442106,6010723385.476965,58934.2914579861
46,2020,3,26,7,14,41.97,8705204.218999999,13869603.491,-20945853.966,-2400.45244,2890.04173,928.06859,2020-03-26 07:14:41.970,361757722.91631055,178852384.19896865,42244664.08951587,148478944389.60062,13892181917.754934,6021376000.994315,58934.30187465277
46,2020,3,26,7,29,41.97,6476301.842,16344215.916,-19933262.276,-2545.59329,2601.17083,1318.97721,2020-03-26 07:29:41.970,361357450.3623776,179553048.43972576,42582654.659404464,148476655151.53824,13916754079.212578,6032028419.290423,58934.31229131943
46,2020,3,26,7,44,41.97,4136216.96,18538208.573,-18578375.73,-2647.15642,2267.31826,1687.6284500000002,2020-03-26 07:44:41.970,360955434.619428,180252831.74050763,42920436.98041969,148474361091.07898,13941325779.981907,6042680640.002268,58934.3227079861
46,2020,3,26,7,59,41.97,1725051.751,20413577.906,-16904125.519,-2703.30708,1894.1194699999999,2027.64699,2020-03-26 07:59:41.970,360551677.48159677,180951730.5799288,43258009.371710755,148472062208.36157,13965897019.229874,6053332662.766849,58934.33312465277
46,2020,3,26,8,14,41.97,-715784.991,21937714.284,-14938980.162,-2712.9817,1487.90951,2333.12116,2020-03-26 08:14:41.970,360146180.7507574,181649741.43981,43595370.153033845,148469758503.52496,13990467796.123487,6063984487.221179,58934.34354131943
46,2020,3,26,8,29,41.97,-3144284.2660000003,23083986.439,-12716480.074,-2675.91316,1055.62039,2598.7087899999997,2020-03-26 08:29:41.970,359738946.2365181,182346860.8051909,43932517.64475763,148467449976.70847,14015038109.82983,6074636113.002288,58934.3539579861
46,2020,3,26,8,44,41.97,-5518559.988,23832227.869999997,-10274680.306,-2592.64255,604.6661399999999,2819.73507,2020-03-26 08:44:41.970,359329975.75621575,183043085.1643417,44269450.16786878,148465136628.05176,14039607959.516056,6085287539.747243,58934.36437465277
46,2020,3,26,8,59,41.97,-7797576.43,24169114.835,-7655509.55,-2464.5168599999997,142.81713,2992.28041,2020-03-26 08:59:41.970,358919271.1349136,183738411.00877458,44606166.04397738,148462818457.69467,14064177344.349377,6095938767.093109,58934.37479131943
46,2020,3,26,9,14,41.97,-9941866.999,24088427.172,-4904055.385,-2293.67201,-321.93427,3113.25617,2020-03-26 09:14:41.970,358506834.2053967,184432834.83325568,44942663.595322445,148460495465.77704,14088746263.497084,6106589794.676991,58934.3852079861
46,2020,3,26,9,29,41.97,-11914231.100000001,23591185.154,-2067787.526,-2083.00109,-781.5144200000001,3180.46636,2020-03-26 09:29:41.970,358092666.8081671,185126353.1358172,45278941.14477734,148458167652.4394,14113314716.126514,6117240622.136,58934.39562465277
46,2020,3,26,9,44,41.97,-13680395.776999999,22685657.835,804267.506,-1836.1079499999998,-1227.91279,3192.65368,2020-03-26 09:44:41.970,357676770.7914405,185818962.41776848,45614997.015855305,148455835017.8223,14137882701.405115,6127891249.107271,58934.40604131943
46,2020,3,26,9,59,41.97,-15209629.177000001,21387240.841,3662385.466,-1557.24664,-1653.32719,3149.52826,2020-03-26 09:59:41.970,357259148.0111408,186510659.18370873,45950829.532714866,148453497562.06647,14162450218.500378,6138541675.227972,58934.4164579861
46,2020,3,26,10,14,41.97,-16475293.527999999,19718204.251,6457021.307,-1251.24775,-2050.30672,3051.77838,2020-03-26 10:14:41.970,356839800.3308983,187201439.94153792,46286437.0201653,148451155285.3129,14187017266.579845,6149191900.135265,58934.42687465277
46,2020,3,26,10,29,41.97,-17455326.356000002,17707314.029,9139687.241,-923.4328499999999,-2411.88929,2901.06231,2020-03-26 10:29:41.970,356418729.6220423,187891301.20246917,46621817.80367214,148448808187.70294,14211583844.811169,6159841923.466359,58934.43729131943
46,2020,3,26,10,44,41.97,-18132639.987999998,15389333.224,11663814.973000001,-579.51879,-2731.73078,2699.98125,2020-03-26 10:44:41.970,355995937.7635996,188580239.48104,46956970.20936257,148446456269.37823,14236149952.362034,6170491744.858468,58934.4477079861
46,2020,3,26,10,59,41.97,-18495431.073,12804411.898,13985585.220999999,-225.51377,-3004.22272,2452.03382,2020-03-26 10:59:41.970,355571426.64228874,189268251.29512462,47291892.56403092,148444099530.48038,14260715588.400213,6181141363.948836,58934.45812465277
46,2020,3,26,11,14,41.97,-18537393.713,9997377.229,16064708.221,132.39253000000002,-3224.5959700000003,2161.5528400000003,2020-03-26 11:14:41.970,355145198.1525163,189955333.16594535,47626583.19514422,148441737971.15164,14285280752.09356,6191790780.374721,58934.46854131943
46,2020,3,26,11,29,41.97,-18257831.913999997,7016937.454,17865139.919,487.94241999999997,-3389.00818,1833.62588,2020-03-26 11:29:41.970,354717254.19637275,190641481.61808446,47961040.43084745,148439371591.53412,14309845442.609968,6202439993.773404,58934.4789579861
46,2020,3,26,11,44,41.97,-17661669.212,3914815.208,19355719.967,834.92481,-3494.6130000000003,1474.00129,2020-03-26 11:44:41.970,354287596.6836273,191326693.1794959,48295262.599969134,148437000391.77048,14334409659.11742,6213089003.782188,58934.48937465277
46,2020,3,26,11,59,41.97,-16759355.597000001,744827.219,20510719.385,1167.28841,-3539.6098500000003,1088.98179,2020-03-26 11:59:41.970,353856227.5317255,192010964.38151705,48629248.03202681,148434624372.00333,14358973400.783974,6223737810.038396,58934.49979131943
46,2020,3,26,12,14,41.97,-15566674.015,-2438071.6440000003,21310287.779,1479.2513199999999,-3523.2733,685.30808,2020-03-26 12:14:41.970,353423148.66578275,192694291.7588805,48962995.05723245,148432243532.37595,14383536666.777754,6234386412.179371,58934.5102079861
46,2020,3,26,12,29,41.97,-14104450.826,-5578761.483,21740792.256,1765.4045199999998,-3445.96177,270.03499,2020-03-26 12:29:41.970,352988362.0185815,193376671.8497256,49296502.006497845,148429857873.0315,14408099456.266937,6245034809.842478,58934.52062465277
46,2020,3,26,12,44,41.97,-12398176.501,-8622929.061,21795042.507,2020.8075000000001,-3309.10577,-149.59713,2020-03-26 12:44:41.970,352551869.53056675,194058101.1956106,49629767.21144015,148427467394.11337,14432661768.4198,6255683002.665108,58934.53104131943
46,2020,3,26,12,59,41.97,-10477544.557,-11518019.87,21472398.984,2241.0740699999997,-3115.17619,-566.29322,2020-03-26 12:59:41.970,352113673.1498409,194738576.3415237,49962789.00438733,148425072095.76562,14457223602.40466,6266330990.284664,58934.5414579861
46,2020,3,26,13,14,41.97,-8375918.201,-14214153.131,20778763.448999997,2422.44699,-2867.63384,-972.83363,2020-03-26 13:14:41.970,351673774.8321605,195418093.8358957,50295565.718383566,148422671978.132,14481784957.38994,6276978772.338581,58934.55187465277
46,2020,3,26,13,29,41.97,-6129735.326,-16664983.41,19726453.504,2561.86014,-2570.86157,-1362.20138,2020-03-26 13:29:41.970,351232176.54093117,196096650.23061055,50628095.68719466,148420267041.3569,14506345832.544106,6287626348.464306,58934.56229131943
46,2020,3,26,13,44,41.97,-3777863.466,-18828493.93,18333964.905,2656.98746,-2230.08063,-1727.70398,2020-03-26 13:44:41.970,350788880.24720395,196774242.08101812,50960377.24531371,148417857285.58484,14530906227.03571,6298273718.2993145,58934.5727079861
46,2020,3,26,13,59,41.97,-1360916.9179999998,-20667708.323,16625627.435999999,2706.27798,-1851.25341,-2063.08775,2020-03-26 13:59:41.970,350343887.9296704,197450865.94594538,51292408.72796619,148415442710.96054,14555466140.033361,6308920881.481097,58934.58312465277
46,2020,3,26,14,14,41.97,1079451.3569999998,-22151309.411,14631161.95,2708.9768400000003,-1440.97449,-2362.64284,2020-03-26 14:14:41.970,349897201.5746581,198126518.38770795,51624188.47111571,148413023317.6291,14580025570.705763,6319567837.647177,58934.59354131943
46,2020,3,26,14,29,41.97,3501270.324,-23254155.557,12385147.729,2665.13206,-1006.35236,-2621.29728,2020-03-26 14:29:41.970,349448823.1761267,198801195.9721225,51955714.81146935,148410599105.73553,14604584518.221668,6330214586.435082,58934.6039579861
46,2020,3,26,14,44,41.97,5862971.396,-23957687.217,9926410.657,2575.58763,-554.88404,-2834.69868,2020-03-26 14:44:41.970,348998754.73566425,199474895.2685175,52286986.08648305,148408170075.4257,14629142981.749926,6340861127.482381,58934.61437465277
46,2020,3,26,14,59,41.97,8124096.597,-24250218.363,7297343.7700000005,2441.96313,-94.32503,-2999.28267,2020-03-26 14:59:41.970,348546998.2624808,200147612.8497454,52618000.63436708,148405736226.8451,14653700960.459429,6351507460.426647,58934.62479131943
46,2020,3,26,15,14,41.97,10245982.695999999,-24127109.569000002,4543172.557,2266.6208,367.44322,-3112.3271099999997,2020-03-26 15:14:41.970,348093555.77340573,200819345.29219443,52948756.79409164,148403297560.13986,14678258453.51916,6362153584.905495,58934.6352079861
46,2020,3,26,15,29,41.97,12192410.296,-23590821.558,1711177.972,2052.62077,822.54609,-3171.99182,2020-03-26 15:29:41.970,347638429.2928833,201490089.17580017,53279252.905392,148400854075.45605,14702815460.098177,6372799500.556542,58934.64562465277
46,2020,3,26,15,44,41.97,13930207.749,-22650849.96,-1150109.548,1803.66558,1263.2466200000001,-3177.34325,2020-03-26 15:44:41.970,347181620.85296726,202159841.08405697,53609487.30877417,148398405772.94034,14727371979.365604,6383445207.01744,58934.65604131943
46,2020,3,26,15,59,41.97,15429800.719999999,-21323543.880000003,-3991731.682,1524.03514,1682.07257,-3128.36449,2020-03-26 15:59:41.970,346723132.4933169,202828597.6040301,53939458.345520385,148395952652.73932,14751928010.490643,6394090703.925855,58934.6664579861
46,2020,3,26,16,14,41.97,16665699.299,-19631812.580000002,-6765126.111,1218.5131600000002,2071.9377200000004,-3025.95049,2020-03-26 16:14:41.970,346262966.26119304,203496355.32636675,54269164.3576942,148393494715.00006,14776483552.642555,6404735990.919487,58934.67687465277
46,2020,3,26,16,29,41.97,17616915.671,-17604726.144,-9422939.714,892.3066200000001,2426.2558799999997,-2871.8890699999997,2020-03-26 16:29:41.970,345801124.21145326,204163110.8453083,54598603.68814635,148391031959.8698,14801038604.990694,6415381067.636045,58934.68729131943
46,2020,3,26,16,44,41.97,18267306.523,-15277017.379999999,-11919818.462,550.9593,2739.04613,-2668.82829,2020-03-26 16:44:41.970,345337608.4065472,204828860.75870165,54927774.68051994,148388564387.496,14825593166.704477,6426025933.713267,58934.6977079861
46,2020,3,26,16,59,41.97,18605835.545,-12688493.511,-14213162.050999999,200.26084,3005.02788,-2420.2308399999997,2020-03-26 16:59:41.970,344872420.91651237,205493601.6680108,55256675.67925589,148386091998.0264,14850147236.953392,6436670588.788914,58934.70812465277
46,2020,3,26,17,14,41.97,18626752.547,-9883367.217999998,-16263831.964000002,-153.84735999999998,3219.7047900000002,-2130.31632,2020-03-26 17:14:41.970,344405563.8189697,206157330.17832893,55585305.02959848,148383614791.60883,14874700814.907011,6447315032.500771,58934.71854131943
46,2020,3,26,17,29,41.97,18329686.903,-6909517.619,-18036802.453,-505.36822,3379.43646,-1803.99223,2020-03-26 17:29:41.970,343937039.1991194,206820042.8983897,55913661.07760067,148381132768.39166,14899253899.73497,6457959264.486644,58934.7289579861
46,2020,3,26,17,44,41.97,17719654.147,-3817692.514,-19501744.788,-848.34567,3481.49709,-1446.77489,2020-03-26 17:44:41.970,343466849.1497354,207481736.44057855,56241742.170129634,148378645928.52332,14923806490.60699,6468603284.384357,58934.73937465277
46,2020,3,26,17,59,41.97,16806975.708,-660663.942,-20633536.036000002,-1176.96081,3524.1204900000002,-1064.70099,2020-03-26 17:59:41.970,342994995.77116257,208142407.42094523,56569546.654872075,148376154272.15234,14948358586.692846,6479247091.831764,58934.74979131943
46,2020,3,26,18,14,41.97,15607112.83,2507650.334,-21412684.597,-1485.62624,3506.53069,-664.23123,2020-03-26 18:14:41.970,342521481.1713103,208802052.45921457,56897072.88033977,148373657799.4281,14972910187.162418,6489890686.466739,58934.7602079861
46,2020,3,26,18,29,41.97,14140416.866,5633086.308,-21825665.777,-1769.07737,3428.9578500000002,-252.14695999999998,2020-03-26 18:29:41.970,342046307.4656496,209460668.1787985,57224319.19587491,148371156510.4993,14997461291.185627,6500534067.927179,58934.77062465277
46,2020,3,26,18,44,41.97,12431799.171,8662140.692000002,-21865161.702,-2022.4595500000003,3292.6389,164.55877999999998,2020-03-26 18:44:41.970,341569476.7772073,210118251.20680782,57551283.95165561,148368650405.51572,15022011897.932495,6511177235.851009,58934.78104131943
46,2020,3,26,18,59,41.97,10510324.95,11542871.558999998,-21530201.110999998,-2241.40974,3099.8028299999996,578.7946400000001,2020-03-26 18:59:41.970,341090991.2365633,210774798.1740633,57877965.498701304,148366139484.62683,15046562006.573116,6521820189.876166,58934.7914579861
46,2020,3,26,19,14,41.97,8408736.51,14225778.659,-20826195.726000004,-2422.1315200000004,2853.6402399999997,983.4870999999999,2020-03-26 19:14:41.970,340610852.98184353,211430305.71510786,58204362.18887809,148363623747.98267,15071111616.277641,6532462929.640618,58934.80187465277
46,2020,3,26,19,29,41.97,6162912.465000001,16664649.333,-19764871.308000002,-2561.46221,2558.25731,1371.69809,2020-03-26 19:29:41.970,340129064.1587178,212084770.4682176,58530472.37490433,148361103195.7335,15095660726.216309,6543105454.78236,58934.81229131943
46,2020,3,26,19,44,41.97,3811270.587,18817356.009999998,-18364092.908,-2656.93075,2218.61431,1736.7422299999998,2020-03-26 19:44:41.970,339645626.9203937,212738189.075414,58856294.41035595,148358577828.02957,15120209335.559444,6553747764.9394,58934.8227079861
46,2020,3,26,19,59,41.97,1394123.0720000002,20646591.514,-16647585.438,-2706.80535,1840.44898,2072.3018899999997,2020-03-26 19:59:41.970,339160543.42761314,213390558.18247527,59181826.64967188,148356047645.02167,15144757443.477417,6564389859.749777,58934.83312465277
46,2020,3,26,20,14,41.97,-1047005.9000000001,22120528.899,-14644552.35,-2710.1295,1430.18553,2372.53822,2020-03-26 20:14:41.970,338673815.84864646,214041874.4389477,59507067.44815954,148353512646.8607,15169305049.14071,6575031738.85155,58934.84354131943
46,2020,3,26,20,29,41.97,-3470089.443,23213393.241,-12389197.02,-2666.74539,994.8302199999999,2632.19599,2020-03-26 20:29:41.970,338185446.35928947,214692134.49815756,59832015.162000164,148350972833.6978,15193852151.719864,6585673401.88281,58934.8539579861
46,2020,3,26,20,44,41.97,-5833322.33,23905933.862999998,-9920153.307,-2577.3039,541.85478,2846.7002199999997,2020-03-26 20:44:41.970,337695437.14285785,215341335.01722252,60156668.148254305,148348428205.6844,15218398750.38548,6596314848.481657,58934.86437465277
46,2020,3,26,20,59,41.97,-8095847.929,24185786.808000002,-7279833.638,-2443.26021,79.06936,3012.24248,2020-03-26 20:59:41.970,337203790.3901823,215989472.65706348,60481024.76486731,148345878762.9721,15242944844.308268,6606956078.286226,58934.87479131943
46,2020,3,26,21,14,41.97,-10218474.695,24047719.059,-4513704.848,-2266.85493,-385.51282,3125.8548,2020-03-26 21:14:41.970,336710508.2996049,216636544.08241582,60805083.370674565,148343324505.71283,15267490432.658993,6617597090.934679,58934.8852079861
46,2020,3,26,21,29,41.97,-12164368.923,23493747.985999998,-1669503.811,-2051.08023,-843.81692,3185.46928,2020-03-26 21:29:41.970,336215593.07697403,217282545.96184126,61128842.325407095,148340765434.05884,15292035514.608501,6628237886.0651865,58934.89562465277
46,2020,3,26,21,44,41.97,-13899710.488,22533131.831,1203593.544,-1799.63154,-1287.8512099999998,3189.96179,2020-03-26 21:44:41.970,335719046.93563956,217927474.96773925,61452299.98969688,148338201548.1623,15316580089.327713,6638878463.315956,58934.90604131943
46,2020,3,26,21,59,41.97,-15394298.695,21182229.528,4055834.796,-1516.8450899999998,-1709.8521600000001,3139.17827,2020-03-26 21:59:41.970,335220872.0964484,218571327.77635857,61775454.7250823,148335632848.17593,15341124155.987629,6649518822.325211,58934.9164579861
46,2020,3,26,22,14,41.97,-16622096.047999999,19464230.905,6837769.151000001,-1207.6226100000001,-2102.42687,3033.94282,2020-03-26 22:14:41.970,334721070.7877402,219214101.06780902,62098304.89401362,148333059334.2527,15365667713.75934,6660158962.731213,58934.92687465277
46,2020,3,26,22,29,41.97,-17561698.810000002,17408761.101,9501124.351,-877.3442500000001,-2458.68967,2876.04695,2020-03-26 22:29:41.970,334219645.2453425,219855791.5260729,62420848.859858334,148330481006.54565,15390210761.81398,6670798884.172231,58934.93729131943
46,2020,3,26,22,44,41.97,-18196724.647,15051365.806,11999665.375,-531.7716399999999,-2772.38985,2668.21985,2020-03-26 22:44:41.970,333716597.71256554,220496395.83901656,62743084.98690657,148327897865.2082,15414753299.322796,6681438586.286568,58934.9477079861
46,2020,3,26,22,59,41.97,-18516109.304,12432886.641999999,14290018.121,-176.94308,-3038.02759,2414.08041,2020-03-26 22:59:41.970,333211930.44019866,221135910.6984017,63065011.6403766,148325309910.3939,15439295325.4571,6692078068.712546,58934.95812465277
46,2020,3,26,23,14,41.97,-18514306.206,9598738.458,16332441.864,180.93698999999998,-3250.9555899999996,2118.07161,2020-03-26 23:14:41.970,332705645.68650466,221774332.79989782,63386627.18642016,148322717142.2566,15463836839.388268,6702717331.088524,58934.96854131943
46,2020,3,26,23,29,41.97,-18191384.957,6598102.490999999,18091535.379,535.6117,-3407.46409,1785.3789499999998,2020-03-26 23:29:41.970,332197745.71721554,222411658.84309268,63707929.992127985,148320119560.95038,15488377840.28778,6713356373.052866,58934.9789579861
46,2020,3,26,23,44,41.97,-17553026.931,3483051.162,19536863.054,880.88633,-3504.84749,1421.83457,2020-03-26 23:44:41.970,331688232.8055285,223047885.5315043,64028918.42553508,148317517166.62964,15512918327.327171,6723995194.243973,58934.98937465277
46,2020,3,26,23,59,41.97,-16610418.355000002,307621.65800000005,20643489.136,1210.74115,-3541.45139,1033.80937,2020-03-26 23:59:41.970,331177109.2320999,223683009.57259294,64349590.85562633,148314909959.44904,15537458299.67807,6734633794.300274,58934.99979131943
46,2020,3,27,0,14,41.97,-15380043.83,-2873142.0579999997,21392409.773,1519.4401500000001,-3516.69917,628.09546,2020-03-27 00:14:41.970,330664377.2850418,224317027.67777163,64669945.652341634,148312297939.56342,15561997756.512169,6745272172.860212,58935.0102079861
46,2020,3,27,0,29,41.97,-13883382.804000001,-6004169.7190000005,21770878.540999997,1801.63391,-3431.0976,211.78105,2020-03-27 00:29:41.970,330150039.2599164,224949936.5624188,64989981.186581634,148309681107.1276,15586536697.001257,6755910329.5622635,58935.02062465277
46,2020,3,27,0,44,41.97,-12146520.722,-9031325.348000001,21772611.917,2052.45347,-3286.22264,-207.87795,2020-03-27 00:44:41.970,329634097.4597321,225581732.9458892,65309695.83021297,148307059462.29718,15611075120.31718,6766548264.044922,58935.03104131943
46,2020,3,27,0,59,41.97,-10199676.363,-11902361.798,21397883.487,2267.59501,-3084.6848800000002,-623.58921,2020-03-27 00:59:41.970,329116554.19493836,226212413.5515256,65629087.95607371,148304433005.2275,15635613025.63189,6777185975.946714,58935.0414579861
46,2020,3,27,1,14,41.97,-8076659.85,-14567827.845,20653497.549,2443.3927299999996,-2830.07659,-1028.1537999999998,2020-03-27 01:14:41.970,328597411.7834204,226841975.1066701,65948155.93797875,148301801736.0746,15660150412.117393,6787823464.906194,58935.05187465277
46,2020,3,27,1,29,41.97,-5814270.272,-16981921.365,19552647.741,2576.87927,-2526.9015600000002,-1414.59281,2020-03-27 01:29:41.970,328076672.5504957,227470414.34267622,66266898.150725245,148299165654.99442,15684687278.945786,6798460730.561924,58935.06229131943
46,2020,3,27,1,44,41.97,-3451644.901,-19103272.258,18114664.138,2665.83271,-2180.48949,-1776.26819,2020-03-27 01:44:41.970,327554338.8289089,228097727.99491984,66585312.97009809,148296524762.14328,15709223625.28925,6809097772.552509,58935.0727079861
46,2020,3,27,1,59,41.97,-1029572.302,-20895642.143,16364654.876,2708.80977,-1796.89698,-2106.9959599999997,2020-03-27 01:59:41.970,327030412.9588264,228723912.80281088,66903398.77287526,148293879057.67773,15733759450.32004,6819734590.516576,58935.08312465277
46,2020,3,27,2,14,41.97,1410218.0450000002,-22328529.628,14333050.117,2705.16482,-1382.79709,-2401.14975,2020-03-27 02:14:41.970,326504897.28783244,229348965.509805,67221153.9368332,148291228541.75446,15758294753.210485,6830371184.092767,58935.09354131943
46,2020,3,27,2,29,41.97,3825776.895,-23377672.024,12055057.743999999,2655.05478,-945.35999,-2653.7531900000004,2020-03-27 02:29:41.970,325977794.1709235,229972882.86341518,67538576.8407524,148288573214.5306,15782829533.133005,6841007552.919761,58935.1039579861
46,2020,3,27,2,44,41.97,6175654.601,-24025436.377,9570041.404,2559.43035,-492.1268,-2860.5598200000004,2020-03-27 02:44:41.970,325449105.9705044,230595661.61522287,67855665.86442253,148285913076.1634,15807363789.26009,6851643696.636261,58935.11437465277
46,2020,3,27,2,59,41.97,8419606.515999999,-24261094.797999997,6920832.6280000005,2420.0138500000003,-30.878989999999998,-3018.1196,2020-03-27 02:59:41.970,324918835.056383,231217298.52088964,68172419.38864823,148283248126.8104,15831897520.764315,6862279614.880993,58935.12479131943
46,2020,3,27,3,14,41.97,10519272.81,-24080981.171,4152989.474,2239.2646799999998,430.49428,-3123.83113,2020-03-27 03:14:41.970,324386983.80576557,231837790.34016925,68488835.79525417,148280578366.6293,15856430726.818344,6872915307.292703,58935.1352079861
46,2020,3,27,3,29,41.97,12438821.827,-23488528.287,1314014.7340000002,2020.3329800000001,884.12879,-3175.97921,2020-03-27 03:29:41.970,323853554.6032526,232457133.8369181,68804913.46709067,148277903795.7783,15880963406.59491,6883550773.510174,58935.14562465277
46,2020,3,27,3,44,41.97,14145546.969,-22494186.449,-1547452.996,1767.00288,1322.31574,-3173.75755,2020-03-27 03:44:41.970,323318549.8408325,233075325.7791076,69120650.78803906,148275224414.41525,15905495559.266823,6894186013.172209,58935.15604131943
46,2020,3,27,3,59,41.97,15610408.076,-21115226.372,-4382461.975000001,1483.6261299999999,1737.62808,-3117.27666,2020-03-27 03:59:41.970,322781971.91787857,233692362.93883562,69436046.14301707,148272540222.69897,15930027184.006983,6904821025.917638,58935.1664579861
46,2020,3,27,4,14,41.97,16808509.363,-19375430.913,-7142570.449,1175.04766,2123.04093,-3007.55701,2020-03-27 04:14:41.970,322243823.2411429,234308242.09233746,69751097.91798434,148269851220.7882,15954558279.988377,6915455811.385317,58935.17687465277
46,2020,3,27,4,29,41.97,17719507.076,-17304681.699,-9780657.293,846.52408,2472.04445,-2846.50822,2020-03-27 04:29:41.970,321704106.2247524,234922960.0199979,70065804.49994768,148267157408.84177,15979088846.38406,6926090369.214125,58935.18729131943
46,2020,3,27,4,44,41.97,18327941.215,-14938448.113,-12251707.665,503.63665000000003,2778.74774,-2636.89446,2020-03-27 04:44:41.970,321162823.29020345,235536513.50636223,70380164.2769666,148264458787.0189,16003618882.367176,6936724699.04297,58935.1977079861
46,2020,3,27,4,59,41.97,18623486.837,-12317187.287,-14513561.784,152.19983000000002,3037.9725,-2382.2872199999997,2020-03-27 04:59:41.970,320619976.86635745,236148899.3401484,70694175.63815878,148261755355.4791,16028148387.110947,6947358800.510791,58935.20812465277
46,2020,3,27,5,14,41.97,18601121.632999998,-9485664.875,-16527615.639,-201.83315,3245.33526,-2087.00588,2020-03-27 05:14:41.970,320075569.38943547,236760114.31425798,71007836.97370528,148259047114.3822,16052677359.788675,6957992673.256543,58935.21854131943
46,2020,3,27,5,29,41.97,18261207.617,-6492207.238,-18259463.236,-552.46645,3397.31739,-1756.04737,2020-03-27 05:29:41.970,319529603.30301446,237370155.2257877,71321146.67485616,148256334063.88794,16077205799.573761,6968626316.919221,58935.2289579861
46,2020,3,27,5,44,41.97,17609485.952999998,-3387896.5100000002,-19679470.848,-893.75834,3491.3219299999996,-1395.00561,2020-03-27 05:44:41.970,318982081.058021,237979018.87604108,71634103.13393581,148253616204.15665,16101733705.639658,6979259731.13783,58935.23937465277
46,2020,3,27,5,59,41.97,16656984.991,-225720.66,-20763274.678000003,-1219.9171,3525.7166500000003,-1009.9820100000001,2020-03-27 05:59:41.970,318433005.11272746,238586702.07054022,71946704.74434832,148250893535.34875,16126261077.159922,6989892915.551413,58935.24979131943
46,2020,3,27,6,14,41.97,15419842.767,2940308.762,-21492194.281,-1525.39504,3499.86269,-607.488,2020-03-27 06:14:41.970,317882377.93274695,239193201.6190365,72258949.90058313,148248166057.62488,16150787913.308191,7000525869.79904,58935.2602079861
46,2020,3,27,6,29,41.97,13919046.247,6056058.029,-21853555.176999997,-1804.97927,3414.1284600000004,-194.34087,2020-03-27 06:29:41.970,317330201.9910285,239798514.3355232,72570836.9982201,148245433771.14597,16175314213.258179,7011158593.519796,58935.27062465277
46,2020,3,27,6,44,41.97,12180090.722000001,9068178.257,-21840915.127,-2053.8781400000003,3269.88814,222.44591,2020-03-27 06:44:41.970,316776479.7678518,240402637.03824586,72882364.43393499,148242696676.0731,16199839976.183683,7021791086.352811,58935.28104131943
46,2020,3,27,6,59,41.97,10232563.848,11925004.202,-21454189.748,-2267.80209,3069.50483,635.77648,2020-03-27 06:59:41.970,316221213.7508228,241005566.54971436,73193530.60550523,148239954772.56778,16224365201.258596,7032423347.93723,58935.2914579861
46,2020,3,27,7,14,41.97,8109659.905,14577430.807,-20699674.371,-2443.03766,2816.29803,1038.58911,2020-03-27 07:14:41.970,315664406.4348686,241607299.69671458,73504333.91181497,148237208060.79172,16248889887.65687,7043055377.912222,58935.30187465277
46,2020,3,27,7,29,41.97,5847631.016,16979753.439,-19589960.428,-2576.5133699999997,2514.4954,1423.9738,2020-03-27 07:29:41.970,315106060.3222324,242207833.31031936,73814772.75286065,148234456540.90674,16273414034.552568,7053687175.91699,58935.31229131943
46,2020,3,27,7,44,41.97,3485183.1240000003,19090457.783,-18143746.099,-2665.85634,2169.16923,1785.28938,2020-03-27 07:44:41.970,314546177.92246914,242807164.22590056,74124845.52975637,148231700213.07483,16297937641.11981,7064318741.590759,58935.3227079861
46,2020,3,27,7,59,41.97,1062825.673,20872945.725,-16385542.554,-2709.43842,1786.1578,2116.27807,2020-03-27 07:59:41.970,313984761.7524402,243405289.28313985,74434550.64473939,148228939077.45862,16322460706.532814,7074950074.572794,58935.33312465277
46,2020,3,27,8,14,41.97,-1377815.007,22296183.959000003,-14345278.831,-2706.4105,1371.97245,2411.17584,2020-03-27 08:14:41.970,313421814.33630836,244002205.32604113,74743886.50117531,148226173134.2206,16346983229.965893,7085581174.502374,58935.34354131943
46,2020,3,27,8,29,41.97,-3794707.618,23335262.93,-12057810.201,-2656.72424,933.69142,2664.81621,2020-03-27 08:29:41.970,312857338.20553327,244597909.20294118,75052851.50356385,148223402383.52362,16371505210.593409,7096212041.018803,58935.3539579861
46,2020,3,27,8,44,41.97,-6146141.242,23971854.687,-9562336.722,-2561.14012,478.84168,2872.72564,2020-03-27 08:44:41.970,312291335.8988666,245192397.76652136,75361444.0575441,148220626825.53076,16396026647.589842,7106842673.761422,58935.36437465277
46,2020,3,27,8,59,41.97,-8391451.536,24194559.720000003,-6901740.629,-2421.2211199999997,15.27065,3031.20818,2020-03-27 08:59:41.970,311723809.96234643,245785667.87381962,75669662.5698998,148217846460.40543,16420547540.129738,7117473072.3696,58935.37479131943
46,2020,3,27,9,14,41.97,-10491734.694,23999134.469,-4121853.0220000003,-2239.3118200000004,-448.99026,3137.4176,2020-03-27 09:14:41.970,311154762.94929326,246377716.38624126,75977505.44856496,148215061288.3113,16445067887.387743,7128103236.482724,58935.3852079861
46,2020,3,27,9,29,41.97,-12410535.859,23388593.335,-1270662.117,-2018.5025799999999,-905.86767,3189.41482,2020-03-27 09:29:41.970,310584197.4203038,246968540.16957104,76284971.10262918,148212271309.4119,16469587688.53857,7138733165.740216,58935.39562465277
46,2020,3,27,9,44,41.97,-14114498.763,22373181.281,1602523.103,-1762.5792,-1347.3913,3186.20935,2020-03-27 09:44:41.970,310012115.94324785,247558136.09398386,76592057.9423432,148209476523.8716,16494106942.757027,7149362859.781528,58935.40604131943
46,2020,3,27,9,59,41.97,-15573963.749,20970215.718,4447938.665,-1475.9587700000002,-1765.83888,3127.78306,2020-03-27 09:59:41.970,309438521.09326184,248146501.03405723,76898764.37912416,148206676931.85452,16518625649.21801,7159992318.246125,58935.4164579861
46,2020,3,27,10,14,41.97,-16763502.142,19203799.088,7216244.630999999,-1163.6125399999999,-2153.87804,3015.0957200000003,2020-03-27 10:14:41.970,308863415.45274395,248733631.86878204,77205088.82556108,148203872533.52536,16543143807.09648,7170621540.773518,58935.42687465277
46,2020,3,27,10,29,41.97,-17662375.996999998,17104406.369,9859400.555,-830.9775000000001,-2504.7018900000003,2850.0715099999998,2020-03-27 10:29:41.970,308286801.61135036,249319525.48157442,77511029.69542038,148201063329.0489,16567661415.567501,7181250527.0032425,58935.43729131943
46,2020,3,27,10,44,41.97,-18254913.726999998,14708354.506,12331520.360000001,-483.85817,-2812.15528,2635.5668,2020-03-27 10:44:41.970,307708682.1659888,249904178.76028702,77816585.4036512,148198249318.58994,16592178473.806234,7191879276.574845,58935.4477079861
46,2020,3,27,10,59,41.97,-18530793.823,12057163.431000002,14589689.877,-128.32094,-3070.8490300000003,2375.31955,2020-03-27 10:59:41.970,307129059.72081447,250487588.59722048,78121754.36639073,148195430502.3141,16616694980.987904,7202507789.127926,58935.45812465277
46,2020,3,27,11,14,41.97,-18485230.821000002,9196820.79,16594730.97,229.41706,-3276.2593199999997,2073.88142,2020-03-27 11:14:41.970,306547936.88722533,251069751.8891354,78426535.00097013,148192606880.38657,16641210936.287819,7213136064.3020935,58935.46854131943
46,2020,3,27,11,29,41.97,-18119059.822,6176964.591,18311897.314999998,583.10195,-3424.8102999999996,1736.53403,2020-03-27 11:29:41.970,305965316.2838559,251650665.53726277,78730925.72591904,148189778452.97336,16665726338.881397,7223764101.736993,58935.4789579861
46,2020,3,27,11,44,41.97,-17438718.032,3049999.779,19711488.392,926.5574600000001,-3513.9381200000003,1369.19133,2020-03-27 11:44:41.970,305381200.53657323,252230326.4473168,79034924.96097207,148186945220.24045,16690241187.944122,7234391901.072302,58935.48937465277
46,2020,3,27,11,59,41.97,-16456124.045,-129833.96099999998,20769370.106,1253.79743,-3542.1351200000004,978.29011,2020-03-27 11:59:41.970,304795592.27847195,252808731.52950525,79338531.1270735,148184107182.35394,16714755482.651562,7245019461.947712,58935.49979131943
46,2020,3,27,12,14,41.97,-15188457.743,-3307424.9960000003,21467392.529,1559.13381,-3508.9735100000003,570.6713100000001,2020-03-27 12:14:41.970,304208494.1498689,253385877.69854182,79641742.64638293,148181264339.48035,16739269222.179394,7255646784.00296,58935.5102079861
46,2020,3,27,12,29,41.97,-13657845.725,-6427764.57,21793697.558,1837.27821,-3415.1084699999997,153.45448000000002,2020-03-27 12:29:41.970,303619908.7982982,253961761.8736568,79944557.9422807,148178416691.7865,16763782405.703346,7266273866.877799,58935.52062465277
46,2020,3,27,12,44,41.97,-11890959.038,-9436915.127,21742911.639000002,2083.43495,-3262.26073,-266.09159999999997,2020-03-27 12:44:41.970,303029838.8785055,254536380.9786095,80246975.43937348,148175564239.43936,16788295032.399271,7276900710.212017,58935.53104131943
46,2020,3,27,12,59,41.97,-9918531.631,-12282954.115,21316221.138,2293.38392,-3053.1796,-680.67988,2020-03-27 12:59:41.970,302438287.0524451,255109731.9416987,80548993.56349945,148172706982.60593,16812807101.44309,7287527313.6454315,58935.5414579861
46,2020,3,27,13,14,41.97,-7774809.355,-14916876.096,20521330.310000002,2463.55187,-2791.5875300000002,-1083.1345800000001,2020-03-27 13:14:41.970,301845255.98927253,255681811.69577494,80850610.74173397,148169844921.45386,16837318612.010805,7298153676.8178835,58935.55187465277
46,2020,3,27,13,29,41.97,-5496940.421999999,-17293437.189,19372304.107,2591.07103,-2482.1077,-1466.5171599999999,2020-03-27 13:29:41.970,301250748.36534077,256252617.17825195,81151825.40239476,148166978056.15082,16861829563.278515,7308779799.369246,58935.56229131943
46,2020,3,27,13,44,41.97,-3124319.1259999997,-19371927.386,17889300.177,2673.82424,-2130.17644,-1824.24622,2020-03-27 13:44:41.970,300654766.86419487,256822145.33111736,81452635.97504744,148164106386.86465,16886339954.42241,7319405680.939421,58935.5727079861
46,2020,3,27,13,59,41.97,-697895.164,-21116857.943,16098196.379999999,2710.4762299999998,-1741.94246,-2150.20946,2020-03-27 13:59:41.970,300057314.1765673,257390393.10094565,81753040.89051126,148161229913.76355,16910849784.618748,7330031321.168338,58935.58312465277
46,2020,3,27,14,14,41.97,1740538.7889999999,-22498552.994000003,14030121.881,2700.49067,-1324.15512,-2438.86572,2020-03-27 14:14:41.970,299458393.0003723,257957357.43890777,82053038.58086406,148158348637.0159,16935359053.043898,7340656719.69596,58935.59354131943
46,2020,3,27,14,29,41.97,4149068.5409999997,-23493636.471,11720901.365,2644.1332,-884.04394,-2685.33577,2020-03-27 14:29:41.970,298858006.04070127,258523035.30078447,82352627.47944814,148155462556.7905,16959867758.874308,7351281876.162274,58935.6039579861
46,2020,3,27,14,44,41.97,6486376.387999999,-24085407.526,9210423.199000001,2542.46081,-429.19165999999996,-2885.48036,2020-03-27 14:44:41.970,298256156.00981724,259087423.64697647,82651806.02087533,148152571673.2561,16984375901.286507,7361906790.207298,58935.61437465277
46,2020,3,27,14,59,41.97,8712443.529000001,-24264099.729000002,6541943.345,2397.29793,32.596720000000005,-3035.9647600000003,2020-03-27 14:59:41.970,297652845.6271504,259650519.44251692,82950572.64103268,148149675986.58185,17008883479.45712,7372531461.47108,58935.62479131943
46,2020,3,27,15,14,41.97,10789225.382000001,-24027021.362999998,3761337.608,2211.20026,493.42677000000003,-3134.3089800000002,2020-03-27 15:14:41.970,297048077.61929274,260212319.65708217,83248925.77708788,148146775496.9371,17033390492.562868,7383155889.5937,58935.6352079861
46,2020,3,27,15,29,41.97,12681289.032000002,-23378576.192,916315.2710000001,1987.40694,945.4471199999999,-3178.92331,2020-03-27 15:29:41.970,296441854.7199927,260772821.2650035,83546863.86749458,148143870204.49146,17057896939.78054,7393780074.215257,58935.64562465277
46,2020,3,27,15,44,41.97,14356402.926,-22330165.948999997,-1944392.5289999999,1729.7824500000002,1380.97946,-3169.12886,2020-03-27 15:44:41.970,295834179.67015094,261332021.24527884,83844385.35199796,148140960109.4149,17082402820.287027,7404404014.975894,58935.65604131943
46,2020,3,27,15,59,41.97,15786069.944,-20899977.651,-4771856.300000001,1442.7491,1792.64417,-3105.16347,2020-03-27 15:59:41.970,295225055.2178137,261889916.58158416,84141488.67164025,148138045211.87735,17106908133.25931,7415027711.515776,58935.6664579861
46,2020,3,27,16,14,41.97,16945996.026,-19112660.472,-7517770.335999999,1131.21153,2173.4798299999998,-2988.1728500000004,2020-03-27 16:14:41.970,294614484.1181694,262446504.26228476,84438172.26876588,148135125512.0493,17131412877.874453,7425651163.475095,58935.67687465277
46,2020,3,27,16,29,41.97,17816487.720000003,-16998898.458,-10135260.589,800.47446,2517.05494,-2820.18779,2020-03-27 16:29:41.970,294002469.1335425,263001781.2804472,84734434.58702734,148132201010.10107,17155917053.309612,7436274370.4940815,58935.68729131943
46,2020,3,27,16,44,41.97,18382773.119000003,-14594886.707,-12579665.864,456.15495,2817.5704800000003,-2604.08781,2020-03-27 16:44:41.970,293389013.0333886,263555744.63385046,85030274.07139026,148129271706.20377,17180420658.742043,7446897332.212983,58935.6977079861
46,2020,3,27,16,59,41.97,18635241.891999997,-11941719.849,-14809280.524,104.09051,3069.95205,-2343.55211,2020-03-27 16:59:41.970,292774118.59428996,264108391.32499772,85325689.16813916,148126337600.52823,17204923693.349056,7457520048.27209,58935.70812465277
46,2020,3,27,17,14,41.97,18569601.246999998,-9084702.7,-16786047.639,-249.75558,3269.93051,-2042.99862,2020-03-27 17:14:41.970,292157788.59994894,264659718.3611276,85620678.32488276,148123398693.24588,17229426156.308105,7468142518.311714,58935.71854131943
46,2020,3,27,17,29,41.97,18186945.852,-6072593.876,-18476192.288,-599.39058,3414.11017,-1707.5121499999998,2020-03-27 17:29:41.970,291540025.8411844,265209722.7542258,85915239.9905594,148120454984.5281,17253928046.796684,7478764741.972206,58935.7289579861
46,2020,3,27,17,44,41.97,17493740.842,-2956793.901,-19850785.627,-938.88891,3500.02384,-1342.76256,2020-03-27 17:44:41.970,290920833.1159255,265758401.52103698,86209372.61544265,148117506474.54675,17278429363.9924,7489386718.893937,58935.73937465277
46,2020,3,27,17,59,41.97,16501718.203,209509.974,-20886231.253999997,-1262.48785,3526.17389,-954.9140600000001,2020-03-27 17:59:41.970,290300213.2292071,266305751.68307537,86503074.65114665,148114553163.47394,17302930107.07296,7500008448.717315,58935.74979131943
46,2020,3,27,18,14,41.97,15227687.873000002,3372229.494,-21564666.384,-1564.68115,3492.05892,-550.5268,2020-03-27 18:14:41.970,289678168.99316484,266851770.26663765,86796344.55063158,148111595051.48178,17327430275.216137,7510629931.08277,58935.7602079861
46,2020,3,27,18,29,41.97,13693266.023,6477278.453,-21874271.376000002,-1840.30925,3398.18558,-136.45187,2020-03-27 18:29:41.970,289054703.22702914,267396454.3028132,87089180.76820941,148108632138.7427,17351929867.599804,7521251165.630778,58935.77062465277
46,2020,3,27,18,44,41.97,11924524.055,9471479.496,-21809482.29,-2084.6450299999997,3246.06502,280.27902,2020-03-27 18:44:41.970,288429818.7571208,267939800.82749626,87381581.7595487,148105664425.42966,17376428883.401947,7531872152.001827,58935.78104131943
46,2020,3,27,18,59,41.97,9951562.941,12303460.795000002,-21371102.272,-2293.47379,3038.1939,692.5677999999999,2020-03-27 18:59:41.970,287803518.4168451,268481806.8813975,87673545.98168087,148102691911.71536,17400927321.800606,7542492889.836446,58935.7914579861
46,2020,3,27,19,14,41.97,7808018.651000001,14924528.582,-20566308.882000003,-2463.1661999999997,2778.01973,1093.36676,2020-03-27 19:14:41.970,287175805.04668826,269022469.5100555,87965071.89300515,148099714597.77316,17425425181.973923,7553113378.775197,58935.80187465277
46,2020,3,27,19,29,41.97,5530505.519,17289501.431,-19408555.806,-2590.74304,2469.8905299999997,1475.79624,2020-03-27 19:29:41.970,286546681.4942096,269561785.76384795,88256157.95329428,148096732483.77643,17449922463.10015,7563733618.458666,58935.81229131943
46,2020,3,27,19,44,41.97,3158005.518,19357492.336,-17917368.924,-2673.9304599999996,2118.98921,1833.26146,2020-03-27 19:44:41.970,285916150.61403865,270099752.6980037,88546802.62369981,148093745569.89886,17474419164.357613,7574353608.527474,58935.8227079861
46,2020,3,27,19,59,41.97,731212.529,21092624.905,-16118038.275,-2711.2045500000004,1731.25291,2159.5666699999997,2020-03-27 19:59:41.970,285284215.2678694,270636367.3726139,88837004.36675783,148090753856.3144,17498915284.924736,7584973348.622271,58935.83312465277
46,2020,3,27,20,14,41.97,-1708158.261,22464670.529,-14041209.207,-2701.8240699999997,1313.2782,2449.02468,2020-03-27 20:14:41.970,284650878.3244543,271171626.85264415,89126761.6463942,148087757343.19727,17523410823.980026,7595592838.383738,58935.84354131943
46,2020,3,27,20,29,41.97,-4118084.7030000007,23449594.222,-11722377.816,-2645.8503,872.2130999999999,2696.5597,2020-03-27 20:29:41.970,284016142.6596,271705528.20794547,89416072.92793025,148084756030.72168,17547905780.7021,7606212077.452584,58935.8539579861
46,2020,3,27,20,44,41.97,-6456963.796,24029997.916,-9201297.656000001,-2544.15324,415.63745,2897.80134,2020-03-27 20:44:41.970,283380011.15616196,272238068.51326567,89704936.6780881,148081749919.06244,17572400154.26964,7616831065.469558,58935.86437465277
46,2020,3,27,20,59,41.97,-8684336.891,24195451.437,-6521306.6049999995,-2398.40332,-48.56669,3049.16765,2020-03-27 20:59:41.970,282742486.7040385,272769244.8482621,89993351.36499621,148078739008.39438,17596893943.861465,7627449802.075434,58935.87479131943
46,2020,3,27,21,14,41.97,-10761600.860000001,23942703.171,-3728584.639,-2211.04841,-512.35244,3147.93531,2020-03-27 21:14:41.970,282103572.20016646,273299054.2975116,90281315.45819487,148075723298.8926,17621387148.656425,7638068286.911016,58935.8852079861
46,2020,3,27,21,29,41.97,-12652691.91,23275764.514,-871354.99,-1985.27608,-967.6507399999999,3192.2949900000003,2020-03-27 21:29:41.970,281463270.5485157,273827493.9505235,90568827.42864174,148072702790.73242,17645879767.833508,7648686519.617143,58935.89562465277
46,2020,3,27,21,44,41.97,-14324728.843999999,22205864.544,2000957.264,-1724.9613200000001,-1406.51562,3181.3903,2020-03-27 21:44:41.970,280821584.6600837,274354560.90175027,90855885.74871735,148069677484.0895,17670371800.571774,7659304499.834679,58935.90604131943
46,2020,3,27,21,59,41.97,-15748603.025,20751273.985,4838593.836,-1434.6005100000002,-1821.2688699999999,3115.3392000000003,2020-03-27 21:59:41.970,280178517.45289105,274880252.2505995,91142488.89223042,148066647379.13968,17694863246.05039,7669922227.204526,58935.9164579861
46,2020,3,27,22,14,41.97,-16899503.126,18937000.263,7592342.808,-1119.23273,-2204.6413199999997,2995.2368100000003,2020-03-27 22:14:41.970,279534071.85197425,275404565.10144544,91428635.33442374,148063612476.05887,17719354103.44861,7680539701.367624,58935.92687465277
46,2020,3,27,22,29,41.97,-17757363.884,16794358.242999997,10214412.279000001,-784.3499,-2549.90731,2823.13933,2020-03-27 22:29:41.970,278888250.78938335,275927496.56364065,91714323.55197918,148060572775.02353,17743844371.945766,7691156921.964927,58935.93729131943
46,2020,3,27,22,44,41.97,-18307229.574,14360424.059,12659281.068,-435.79741,-2851.00953,2602.02925,2020-03-27 22:44:41.970,278241057.2041742,276449043.7515274,91999552.02302356,148057528276.21014,17768334050.721325,7701773888.637435,58935.9477079861
46,2020,3,27,22,59,41.97,-18539524.68,11677382.031,14884509.798999999,-79.66762,-3102.6712899999998,2335.76223,2020-03-27 22:59:41.970,277592494.0424046,276969203.78444976,92284319.22713412,148054478979.79553,17792823138.954796,7712390601.026169,58935.95812465277
46,2020,3,27,23,14,41.97,-18450226.186,8791777.105999999,16851496.406999998,277.81182,-3300.49384,2028.99692,2020-03-27 23:14:41.970,276942564.2571283,277487973.7867642,92568623.64534384,148051424885.95663,17817311635.82582,7723007058.772194,58935.96854131943
46,2020,3,27,23,29,41.97,-18040934.097000003,5753687.318,18526161.322,630.3920800000001,-3441.03647,1687.10915,2020-03-27 23:29:41.970,276291270.80839056,278005350.88785213,92852463.76014714,148048365994.87076,17841799540.514107,7733623261.516601,58935.9789579861
46,2020,3,27,23,44,41.97,-17318838.968,2615832.466,19879549.141,971.91746,-3521.87788,1316.09252,2020-03-27 23:44:41.970,275638616.6632219,278521332.2221315,93135838.05550534,148045302306.71536,17866286852.19947,7744239208.900507,58935.98937465277
46,2020,3,27,23,59,41.97,-16296587.450000001,-567363.52,20888335.448999997,1296.43734,-3541.65762,922.4474499999999,2020-03-27 23:59:41.970,274984604.80782515,279035914.9194979,93418745.01158814,148042233821.66843,17890773570.061703,7754854900.565005,58935.99979131943
46,2020,3,28,0,14,41.97,-14992049.449000001,-3740736.631,21535229.132,1598.3133599999999,-3500.0969999999998,513.06149,2020-03-28 00:14:41.970,274329238.1988279,279549096.1436421,93701183.12584406,148039160539.90762,17915259693.28105,7765470336.151416,58936.0102079861
46,2020,3,28,0,29,41.97,-13427989.594,-6849364.584,21809266.360000003,1872.32018,-3397.99901,95.08259,2020-03-28 00:29:41.970,273672519.836353,280060873.03456503,93983150.88139552,148036082461.6111,17939745221.037495,7776085515.300889,58936.02062465277
46,2020,3,28,0,44,41.97,-11631656.072,-9839522.879,21705983.718,2113.73675,-3237.22859,-324.20991,2020-03-28 00:44:41.970,273014452.7153207,280571242.7469451,94264646.76812659,148032999586.9575,17964230152.511215,7786700437.654677,58936.03104131943
46,2020,3,28,0,59,41.97,-9634287.629,-12659630.754,21227479.529,2318.42796,-3020.67275,-737.53671,2020-03-28 00:59:41.970,272355039.8376112,281080202.44055563,94545669.27741602,148029911916.12543,17988714486.882504,7797315102.854066,58936.0414579861
46,2020,3,28,1,14,41.97,-7470554.386,-15261144.684999999,20382354.972000003,2482.9141799999998,-2752.18281,-1137.74759,2020-03-28 01:14:41.970,271694284.2120577,281587749.28027654,94826216.90214252,148026819449.29376,18013198223.33174,7807929510.540372,58936.05187465277
46,2020,3,28,1,29,41.97,-5177941.376,-17599393.841000002,19185541.139000002,2604.42807,-2436.4997000000003,-1517.94671,2020-03-28 01:29:41.970,271032188.854443,282093880.43610466,95106288.13669047,148023722186.64178,18037681361.039406,7818543660.354945,58936.06229131943
46,2020,3,28,1,44,41.97,-2796086.9779999997,-19634341.516,17658016.060999997,2680.9577999999997,-2079.1644800000004,-1871.61146,2020-03-28 01:44:41.970,270368756.7874924,282598593.08316684,95385881.4769553,148020620128.34875,18062163899.186073,7829157551.939163,58936.0727079861
46,2020,3,28,1,59,41.97,-366088.70300000004,-21331260.039,15826418.272,2711.2763800000002,-1686.41591,-2192.7032,2020-03-28 01:59:41.970,269703991.04086965,283101884.4017304,95664995.42034927,148017513274.59448,18086645836.9524,7839771184.934445,58936.08312465277
46,2020,3,28,2,14,41.97,2070211.0459999999,-22661308.529999997,13722565.197,2694.9568400000003,-1265.07738,-2475.76778,2020-03-28 02:14:41.970,269037894.6511705,283603751.5772156,95943628.46580681,148014401625.5586,18111127173.519165,7850384558.982241,58936.09354131943
46,2020,3,28,2,29,41.97,4470946.5200000005,-23602004.908999998,11382886.103,2632.37333,-822.43533,-2716.0246199999997,2020-03-28 02:29:41.970,268370470.66191846,284104191.8002072,96221779.11379011,148011285181.42126,18135607908.067215,7860997673.724022,58936.1039579861
46,2020,3,28,2,44,41.97,6794945.031,-24137585.609,8847780.587,2524.68862,-366.11169,-2909.44292,2020-03-28 02:44:41.970,267701722.12355903,284603202.266466,96499445.86629479,148008163942.36304,18160088039.77751,7871610528.801311,58936.11437465277
46,2020,3,28,2,59,41.97,9002426.17,-24259248.566,6160914.542,2373.82858,96.06755,-3052.8043000000002,2020-03-28 02:59:41.970,267031652.09345374,285100780.17694026,96776627.22685537,148005037908.5643,18184567567.8311,7882223123.855645,58936.12479131943
46,2020,3,28,3,14,41.97,11055672.416,-23965277.095000003,3368466.24,2182.44426,556.2052600000001,-3143.7508900000003,2020-03-28 03:14:41.970,266360263.63587585,285596922.7377782,97053321.70055075,148001907080.20587,18209046491.409138,7892835458.528611,58936.1352079861
46,2020,3,28,3,29,41.97,12919660.481,-23261044.285,518335.678,1953.86269,1006.4653999999999,-3180.81883,2020-03-28 03:29:41.970,265687559.82200417,286091627.16033834,97329527.79401001,147998771457.46884,18233524809.692856,7903447532.461819,58936.14562465277
46,2020,3,28,3,44,41.97,14562643.652,-22158899.433,-2340669.4809999997,1692.0274,1439.20257,-3163.45679,2020-03-28 03:44:41.970,265013543.72991788,286584890.6612032,97605244.01541768,147995631040.5345,18258002521.86361,7914059345.296918,58936.15604131943
46,2020,3,28,3,59,41.97,15956676.384,-20677939.854,-5159657.967,1401.42979,1847.08692,-3092.02972,2020-03-28 03:59:41.970,264338218.4445915,287076710.4621891,97880468.8745196,147992485829.58432,18282479627.102825,7924670896.675583,58936.1664579861
46,2020,3,28,4,14,41.97,17078073.520999998,-18843673.028,-7890475.7870000005,1087.0326400000001,2223.2226299999998,-2967.8080800000002,2020-03-28 04:14:41.970,263661587.05788878,287567083.7903584,98155200.88262834,147989335824.8,18306956124.59204,7935282186.239531,58936.17687465277
46,2020,3,28,4,29,41.97,17907797.612999998,-16687575.554,-10486511.077,754.1870899999999,2561.25848,-2792.94311,2020-03-28 04:29:41.970,262983652.66855815,288056007.878032,98429438.55262876,147986181026.36377,18331432013.5129,7945893213.630505,58936.18729131943
46,2020,3,28,4,44,41.97,18431769.019,-14246556.715,-12903470.595999999,408.54426,2855.48908,-2570.42863,2020-03-28 04:44:41.970,262304418.3822268,288543479.96280074,98703180.39898357,147983021434.45773,18355907293.047108,7956503978.490284,58936.1977079861
46,2020,3,28,4,59,41.97,18641094.618,-11562335.639999999,-15100116.16,55.96298,3100.9454600000004,-2304.05035,2020-03-28 04:59:41.970,261623887.31139526,289029497.2875364,98976424.93773924,147979857049.26434,18380381962.376503,7967114480.460686,58936.20812465277
46,2020,3,28,5,14,41.97,18532212.154,-8680742.058,-17038950.024,-297.58519,3293.47406,-1998.32332,2020-03-28 05:14:41.970,260942062.5754322,289514057.1004043,99249170.68653102,147976687870.9663,18404856020.683014,7977724719.183556,58936.21854131943
46,2020,3,28,5,29,41.97,18106948.371,-5650951.546,-18686839.095,-646.11238,3429.80319,-1658.41864,2020-03-28 05:29:41.970,260258947.3005691,289997156.6548747,99521416.16458908,147973513899.74652,18429329467.148632,7988334694.300777,58936.2289579861
46,2020,3,28,5,44,41.97,17372490.243,-2524666.912,-20015568.663999997,-983.71087,3507.5962,-1290.08034,2020-03-28 05:44:41.970,259574544.6198944,290478793.20973426,99793159.89274384,147970335135.7883,18453802300.955536,7998944405.454263,58936.23937465277
46,2020,3,28,5,59,41.97,16341269.716,644742.013,-21002317.347,-1304.64864,3525.49058,-899.53359,2020-03-28 05:59:41.970,258888857.67334828,290958964.02909875,100064400.39343151,147967151579.2748,18478274521.2859,8009553852.285961,58936.24979131943
46,2020,3,28,6,14,41.97,15030763.457999999,3803127.339,-21630045.887000002,-1603.4625,3483.12268,-493.38526,2020-03-28 06:14:41.970,258201889.60771734,291437666.3824239,100335136.19069993,147963963230.38998,18502746127.322063,8020163034.437858,58936.2602079861
46,2020,3,28,6,29,41.97,13463210.226,6896467.58,-21887793.506,-1875.04781,3381.13741,-78.51809999999999,2020-03-28 06:29:41.970,257513643.57662904,291914897.5445176,100605365.81021401,147960770089.31754,18527217118.24642,8030771951.551968,58936.27062465277
46,2020,3,28,6,44,41.97,11665249.533,9871773.976,-21770876.637000002,-2114.74347,3221.1825900000003,338.02013,2020-03-28 06:44:41.970,256824122.74054638,292390654.7955518,100875087.77926132,147957572156.24164,18551687493.241497,8041380603.270347,58936.28104131943
46,2020,3,28,6,59,41.97,9667486.383,12677984.788,-21280986.014999997,-2318.41099,3005.8878299999997,749.13142,2020-03-28 06:59:41.970,256133330.266762,292864935.42107344,101144300.62675789,147954369431.34668,18576157251.48991,8051988989.235073,58936.2914579861
46,2020,3,28,7,14,41.97,7503987.976000001,15266833.511,-20426179.412,-2482.50641,2738.82771,1147.78441,2020-03-28 07:14:41.970,255441269.32939342,293337736.7120179,101413002.88325381,147951161914.81717,18600626392.17435,8062597109.088275,58936.30187465277
46,2020,3,28,7,29,41.97,5211719.375,17593676.931,-19220768.686,-2604.14382,2424.46938,1527.1320699999999,2020-03-28 07:29:41.970,254747943.10937694,293809055.9647192,101681193.08093844,147947949606.83795,18625094914.477646,8073204962.472104,58936.31229131943
46,2020,3,28,7,44,41.97,2829926.266,19618269.077,-17685101.284,-2681.14921,2068.10479,1880.62825,2020-03-28 07:44:41.970,254053354.79446247,294278890.48092294,101948869.75364667,147944732507.5941,18649562817.582703,8083812549.028748,58936.3227079861
46,2020,3,28,7,59,41.97,399474.01300000004,21305467.454,-15845238.014,-2712.10348,1675.76809,2202.14133,2020-03-28 07:59:41.970,253357507.57920802,294747237.56779754,102216031.43686414,147941510617.27097,18674030100.67253,8094419868.400435,58936.33312465277
46,2020,3,28,8,14,41.97,-2037846.689,22625858.531999998,-13732530.595,-2696.37357,1254.13893,2486.06295,2020-03-28 08:14:41.970,252660404.66497383,295214094.537946,102482676.66773303,147938283936.05392,18698496762.93023,8105026920.22942,58936.34354131943
46,2020,3,28,8,29,41.97,-4440036.345000001,23556290.278,-11383104.331,-2634.13044,810.4327999999999,2727.4097699999998,2020-03-28 08:29:41.970,251962049.25991762,295679458.70941794,102748803.98505768,147935052464.12888,18722962803.539024,8115633704.157996,58936.3539579861
46,2020,3,28,8,44,41.97,-6765613.285,24080300.705000002,-8837253.183,-2526.35334,352.27993000000004,2921.9160300000003,2020-03-28 08:44:41.970,251262444.57898843,296143327.40572226,103014411.92931028,147931816201.68185,18747428221.682213,8126240219.828496,58936.36437465277
46,2020,3,28,8,59,41.97,-8974337.626,24188432.895000003,-6138756.346,-2374.81963,-112.40559,3066.1150300000004,2020-03-28 08:59:41.970,250561593.84392118,296605697.95583737,103279499.04263636,147928575148.89902,18771893016.54321,8136846466.88328,58936.37479131943
46,2020,3,28,9,14,41.97,-11027919.415000001,23878428.731,-3334127.352,-2182.0797399999997,-575.56406,3157.40735,2020-03-28 09:14:41.970,249859500.28323174,297066567.6942241,103544063.86886084,147925329305.96677,18796357187.30552,8147452444.9647455,58936.3852079861
46,2020,3,28,9,29,41.97,-12890697.621,23155295.745,-471808.398,-1951.41743,-1029.1334299999999,3194.1140200000004,2020-03-28 09:29:41.970,249156167.13221022,297525933.9608385,103808104.95349306,147922078673.07196,18820820733.152756,8158058153.715326,58936.39562465277
46,2020,3,28,9,44,41.97,-14530276.803000001,22031243.880000003,2398675.841,-1686.79561,-1465.19465,3175.51315,2020-03-28 09:44:41.970,248451597.63291684,297983794.1011407,104071620.84373309,147918823250.4015,18845283653.268627,8168663592.7774935,58936.40604131943
46,2020,3,28,9,59,41.97,-15918108.823,20525491.568,5227589.438,-1392.78855,-1876.11619,3101.85878,2020-03-28 09:59:41.970,247745795.0341753,298440145.46611077,104334610.08847699,147915563038.1425,18869745946.83695,8179268761.793749,58936.4164579861
46,2020,3,28,10,14,41.97,-17030007.793,18663943.328,7965865.043,-1074.50152,-2254.69453,2974.3810700000004,2020-03-28 10:14:41.970,247038762.59156775,298894985.4122573,104597071.23832278,147912298036.48242,18894207613.041622,8189873660.406632,58936.42687465277
46,2020,3,28,10,29,41.97,-17846587.671,16478743.868,10565975.426,-737.47954,-2594.28758,2795.26765,2020-03-28 10:29:41.970,246330503.5674291,299348311.3016317,104859002.84557575,147909028245.6088,18918668651.066677,8200478288.258718,58936.43729131943
46,2020,3,28,10,44,41.97,-18353613.45,14007716.464,12982779.716,-387.60694,-2888.93794,2567.6261299999996,2020-03-28 10:44:41.970,245621021.2308413,299800120.5018382,105120403.46425468,147905753665.70975,18943129060.096226,8211082644.992615,58936.4477079861
46,2020,3,28,10,59,41.97,-18542258.658999998,11293695.989,15174327.720999999,-31.0,-3133.4833299999996,2295.4286,2020-03-28 10:59:41.970,244910318.8576281,300250410.38604707,105381271.6500969,147902474296.9731,18967588839.31447,8221686730.250969,58936.45812465277
46,2020,3,28,11,14,41.97,-18409263.911999997,8383769.313000001,17102606.539,326.10519999999997,-3323.65159,1983.4390799999999,2020-03-28 11:14:41.970,244198399.7303492,300699178.33300656,105641605.96056458,147899190139.58734,18992047987.905735,8232290543.676463,58936.46854131943
46,2020,3,28,11,29,41.97,-17956993.397,5328437.862,18734214.889,677.46703,-3456.13837,1637.1257699999999,2020-03-28 11:29:41.970,243485267.1382948,301146421.72705394,105901404.95485002,147895901193.74112,19016506505.054443,8242894084.911819,58936.4789579861
46,2020,3,28,11,44,41.97,-17193388.395000003,2180718.734,20040952.213,1016.9524299999999,-3528.66578,1262.55979,2020-03-28 11:44:41.970,242770924.3774797,301592137.9581283,106160667.1938816,147892607459.62314,19040964389.94513,8253497353.599779,58936.48937465277
46,2020,3,28,11,59,41.97,-16131819.156,-1004798.0360000001,21000311.527000003,1338.64831,-3540.02102,866.30288,2020-03-28 11:59:41.970,242055374.75063813,302036324.4217827,106419391.2403293,147889308937.42252,19065421641.762398,8264100349.383137,58936.49979131943
46,2020,3,28,12,14,41.97,-14790838.57,-4172917.7069999995,21595867.139999997,1636.96799,-3490.07437,455.28655000000003,2020-03-28 12:14:41.970,241338621.56721798,302478978.51919466,106677575.65861055,147886005627.32846,19089878259.69098,8274703071.904717,58936.5102079861
46,2020,3,28,12,29,41.97,-13193843.077,-7268815.964000001,21817550.672000002,1906.75057,-3379.77658,36.68516,2020-03-28 12:29:41.970,240620668.1433749,302920097.65718055,106935219.01489611,147882697529.5305,19114334242.915703,8285305520.807381,58936.52062465277
46,2020,3,28,12,44,41.97,-11368648.072,-10239002.522,21661811.232,2143.35129,-3211.13595,-382.21417,2020-03-28 12:44:41.970,239901517.80196708,303359679.2482056,107192319.87711535,147879384644.21848,19138789590.62151,8295907695.73403,58936.53104131943
46,2020,3,28,12,59,41.97,-9346986.617,-13032255.36,21131657.985000003,2342.72132,-2987.17618,-794.14236,2020-03-28 12:59:41.970,239181173.8725494,303797720.71039647,107448876.81496236,147876066971.58237,19163244301.993427,8306509596.327588,58936.5414579861
46,2020,3,28,13,14,41.97,-7163941.609,-15600508.72,20236585.71,2501.4756700000003,-2711.87601,-1191.9772,2020-03-28 13:14:41.970,238459639.6913677,304234219.4675538,107704888.39990166,147872744511.81223,19187698376.216606,8317111222.231032,58936.55187465277
46,2020,3,28,13,29,41.97,-4857322.586999999,-17899679.289,18992386.21,2616.94817,-2390.09249,-1568.86778,2020-03-28 13:29:41.970,237736918.60135332,304669172.949164,107960353.20517379,147869417265.09863,19212151812.476265,8327712573.087366,58936.56229131943
46,2020,3,28,13,44,41.97,-2466999.142,-19890416.522,17420850.489,2687.23284,-2027.4695,-1918.3524300000001,2020-03-28 13:44:41.970,237013013.9521172,305102578.5904107,108215269.8058012,147866085231.63226,19236604609.957764,8338313648.539633,58936.5727079861
46,2020,3,28,13,59,41.97,-34203.379,-21538764.862,15549368.531,2711.21124,-1630.33374,-2234.4680700000004,2020-03-28 13:59:41.970,236287929.09994468,305534433.8321879,108469636.77859388,147862748411.6041,19261056767.846565,8348914448.23091,58936.58312465277
46,2020,3,28,14,14,41.97,2399185.8910000003,-22816727.485,13410435.171,2688.5657100000003,-1205.58032,-2511.84924,2020-03-28 14:14:41.970,235561667.40778914,305964736.1211113,108723452.70215541,147859406805.20514,19285508285.328175,8359514971.804315,58936.59354131943
46,2020,3,28,14,29,41.97,4791364.558,-23702723.265,11041072.006000001,2619.77863,-760.55027,-2745.81543,2020-03-28 14:29:41.970,234834232.2452669,306393482.9095302,108976716.15688813,147856060412.62683,19309959161.588295,8370115218.903,58936.6039579861
46,2020,3,28,14,44,41.97,7101317.805,-24181930.704,8482176.441,2506.11813,-302.90222,-2932.4455199999998,2020-03-28 14:44:41.970,234105626.9886512,306820671.6555405,109229425.72499971,147852709234.06085,19334409395.812656,8380715189.170148,58936.61437465277
46,2020,3,28,14,59,41.97,9289515.921,-24246514.68,5777809.943,2349.6107300000003,159.51932,-3068.63829,2020-03-28 14:59:41.970,233375855.02086648,307246299.82299596,109481579.99050823,147849353269.699,19358858987.187145,8391314882.24899,58936.62479131943
46,2020,3,28,15,14,41.97,11318580.02,-23895733.897,2974438.2260000003,2153.0019700000003,618.8169399999999,-3152.15866,2020-03-28 15:14:41.970,232644919.73148295,307670364.8815212,109733177.53924851,147845992519.73337,19383307934.897713,8401914297.782794,58936.6352079861
46,2020,3,28,15,29,41.97,13153907.115,-23135928.945,120136.532,1919.70566,1067.17233,-3181.66896,2020-03-28 15:29:41.970,231912824.51671052,308092864.3065223,109984216.95887746,147842626984.35626,19407756238.130436,8412513435.414851,58936.64562465277
46,2020,3,28,15,44,41.97,14764244.955,-21980392.743,-2736226.606,1653.74314,1496.9753400000002,-3156.7455,2020-03-28 15:44:41.970,231179572.7793933,308513795.5792008,110234696.83888015,147839256663.76028,19432203896.0715,8423112294.7885,58936.65604131943
46,2020,3,28,15,59,41.97,16122208.026,-20449126.93,-5545813.764,1359.67352,1900.94805,-3077.88018,2020-03-28 15:59:41.970,230445167.92900386,308933156.18656474,110484615.77057552,147835881558.1381,19456650907.907185,8433710875.547116,58936.6664579861
46,2020,3,28,16,14,41.97,17204727.226999998,-18568489.389,-8260638.025,1042.5162500000001,2272.26233,-2946.4677899999997,2020-03-28 16:14:41.970,229709613.38163725,309350943.6214412,110733972.34712233,147832501667.6828,19481097272.82388,8444309177.334115,58936.67687465277
46,2020,3,28,16,29,41.97,17993426.875,-16370739.558,-10834364.592,707.66725,2604.64921,-2764.77935,2020-03-28 16:29:41.970,228972912.56000546,309767155.38248795,110982765.1635247,147829116992.58768,19505542990.00808,8454907199.79294,58936.68729131943
46,2020,3,28,16,44,41.97,18474923.874,-13893489.525999999,-13223082.374,360.81005999999996,2892.49867,-2535.92213,2020-03-28 16:44:41.970,228235068.89343175,310181788.9742066,111230992.81663826,147825727533.04614,19529988058.646366,8465504942.5670805,58936.6977079861
46,2020,3,28,16,59,41.97,18641045.041,-11179070.030000001,-15386033.912,7.82304,3130.94874,-2263.78721,2020-03-28 16:59:41.970,227496085.81784436,310594841.90695417,111478653.90517569,147822333289.2519,19554432477.92547,8476102405.300058,58936.70812465277
46,2020,3,28,17,14,41.97,18488959.771,-8273821.501,-17286292.822,-345.3158,3315.96282,-1952.98539,2020-03-28 17:14:41.970,226755966.77577135,311006311.6969552,111725747.0297127,147818934261.39896,19578876247.032185,8486699587.635436,58936.71854131943
46,2020,3,28,17,29,41.97,18021226.36,-5227321.163,-18891378.686,-692.6252400000001,3444.3943099999997,-1608.77251,2020-03-28 17:29:41.970,226014715.21633443,311416195.8663149,111972270.79269399,147815530449.6813,19603319365.153416,8497296489.216808,58936.7289579861
46,2020,3,28,17,44,41.97,17245751.445,-2091557.9139999999,-20173800.28,-1028.21729,3514.0379199999998,-1236.9650299999998,2020-03-28 17:44:41.970,225272334.59524325,311824491.94302964,112218223.79843879,147812121854.2937,19627761831.47622,8507893109.6878195,58936.73937465277
46,2020,3,28,17,59,41.97,16175663.131,1079932.645,-21111518.930999998,-1346.3924,3523.66682,-843.8471199999999,2020-03-28 17:59:41.970,224528828.37478969,312231197.4610012,112463604.65314706,147808708475.43048,19652203645.18771,8518489448.692141,58936.74979131943
46,2020,3,28,18,14,41.97,14829099.446,4232960.148,-21688324.799000002,-1641.73214,3473.05535,-436.07027999999997,2020-03-28 18:14:41.970,223784200.02384168,312636309.96004796,112708411.96490502,147805290313.28656,19676644805.475105,8529085505.873483,58936.7602079861
46,2020,3,28,18,29,41.97,13228914.872,7313585.055,-21894119.957,-1909.1884,3362.98657,-20.54683,2020-03-28 18:29:41.970,223038453.01783797,313039826.98591703,112952644.3436914,147801867368.0572,19701085311.525764,8539681280.875599,58936.77062465277
46,2020,3,28,18,44,41.97,11402308.788,10269024.226,-21725103.216,-2144.16756,3195.24461,395.66172,2020-03-28 18:44:41.970,222291590.83878154,313441746.0902972,113196300.40138294,147798439639.93762,19725525162.52713,8550276773.342277,58936.78104131943
46,2020,3,28,18,59,41.97,9380380.730999999,13048542.566,-21183852.886,-2342.60866,2972.59137,805.45963,2020-03-28 18:59:41.970,221543616.9752344,313842064.83083117,113439378.7517605,147795007129.1233,19749964357.66676,8560871982.917342,58936.7914579861
46,2020,3,28,19,14,41.97,7197618.517,15604316.661,-20279304.908,-2501.05428,2698.72756,1201.8341599999999,2020-03-28 19:14:41.970,220794534.92231143,314240780.7711269,113681878.01051496,147791569835.81027,19774402896.132324,8571466909.244662,58936.80187465277
46,2020,3,28,19,29,41.97,4891326.371,17892256.358999997,-19026625.228,-2616.71276,2378.23823,1577.97316,2020-03-28 19:29:41.970,220044348.18167445,314637891.48077154,113923796.79525292,147788127760.19446,19798840777.111584,8582061551.968142,58936.81229131943
46,2020,3,28,19,44,41.97,2501001.325,19872770.353,-17446976.789,-2687.51071,2016.5228800000002,1927.38129,2020-03-28 19:44:41.970,219293060.26152647,315033394.5353426,114165133.72550291,147784680902.47208,19823277999.792423,8592655910.73172,58936.8227079861
46,2020,3,28,19,59,41.97,67667.258,21511462.23,-15567183.155000001,-2712.13447,1619.71092,2243.99321,2020-03-28 19:59:41.970,218540674.67660567,315427287.5164204,114405887.42272097,147781229262.83954,19847714563.362816,8603249985.179375,58936.83312465277
46,2020,3,28,20,14,41.97,-2366823.021,22779744.026,-13419292.534,-2690.05946,1194.56308,2522.28138,2020-03-28 20:14:41.970,217787194.9481796,315819568.01160103,114646056.5102968,147777772841.49377,19872150467.01087,8613843774.955133,58936.84354131943
46,2020,3,28,20,29,41.97,-4760506.268,23655355.238,-11040047.823,-2621.56642,748.36009,2757.35674,2020-03-28 20:29:41.970,217032624.60403943,316210233.61450887,114885639.61355959,147774311638.63168,19896585709.924778,8624437279.703041,58936.8539579861
46,2020,3,28,20,44,41.97,-7072035.705,24122776.419999998,-8470270.177000001,-2507.74372,288.78008,2945.05987,2020-03-28 20:44:41.970,216276967.17849368,316599281.9248077,115124635.35978408,147770845654.4503,19921020291.29287,8635030499.067207,58936.86437465277
46,2020,3,28,20,59,41.97,-9261403.498,24173528.055,-5754165.511999999,-2350.4751499999998,-176.23346,3082.04072,2020-03-28 20:59:41.970,215520226.21236232,316986710.5482147,115363042.37819622,147767374889.14725,19945454210.30353,8645623432.691761,58936.87479131943
46,2020,3,28,21,14,41.97,-11290645.604,23806347.215,-2938565.179,-2152.41295,-638.61082,3165.8248599999997,2020-03-28 21:14:41.970,214762405.25297096,317372517.09651184,115600859.29997937,147763899342.92004,19969887466.145317,8656216080.220873,58936.8852079861
46,2020,3,28,21,29,41.97,-13124515.674,23027236.720000003,-72113.75700000001,-1916.93603,-1090.2998,3194.86446,2020-03-28 21:29:41.970,214003507.85414514,317756699.1875587,115838084.75828029,147760419015.9666,19994320058.00684,8666808441.298763,58936.89562465277
46,2020,3,28,21,44,41.97,-14731114.876,21849383.948,2795581.59,-1648.09391,-1523.4111400000002,3168.57251,2020-03-28 21:44:41.970,213243537.5762038,318139254.4453053,116074717.3882149,147756933908.48505,20018751985.076866,8677400515.569681,58936.90604131943
46,2020,3,28,21,59,41.97,-16082465.11,20292949.07,5614824.5649999995,-1350.53713,-1930.36275,3087.3391300000003,2020-03-28 21:59:41.970,212482497.9859537,318520180.49980366,116310755.82687433,147753444020.67374,20043183246.544228,8687992302.677914,58936.9164579861
46,2020,3,28,22,14,41.97,-17155013.947,18384725.296,8336709.471,-1029.4353800000001,-2304.0194,2952.52911,2020-03-28 22:14:41.970,211720392.6566831,318899474.9872213,116546198.71333091,147749949352.73126,20067613841.597904,8698583802.267796,58936.92687465277
46,2020,3,28,22,29,41.97,-17930060.904999997,16157676.507,10913990.288,-690.38484,-2637.82496,2766.4606900000003,2020-03-28 22:29:41.970,210957225.1681564,319277135.54985344,116781044.68864426,147746449904.8563,20092043769.42698,8709175013.9837,58936.93729131943
46,2020,3,28,22,44,41.97,-18394096.216000002,13650360.417,13301922.1,-339.30672,-2925.9240800000002,2532.3654699999997,2020-03-28 22:44:41.970,210192999.10660726,319653159.83613455,117015292.395867,147742945677.24792,20116473029.220604,8719765937.470036,58936.9477079861
46,2020,3,28,22,59,41.97,-18539045.092,10906247.961,15459058.364,17.66094,-3163.27068,2254.3304399999997,2020-03-28 22:59:41.970,209427718.06473345,320027545.50065297,117248940.48005119,147739436670.10556,20140901620.168095,8730356572.37124,58936.95812465277
46,2020,3,28,23,14,41.97,-18362412.488,7972951.976000001,17347988.329,374.27574000000004,-3345.72066,1937.22328,2020-03-28 23:14:41.970,208661385.64169005,320400290.20416105,117481987.58825387,147735922883.6286,20165329541.45886,8740946918.331818,58936.96854131943
46,2020,3,28,23,29,41.97,-17867325.559,4901380.176,18936000.29,724.3053699999999,-3470.10714,1586.6025,2020-03-28 23:29:41.970,207894005.44308367,320771391.61359006,117714432.36954339,147732404318.0167,20189756792.282383,8751536974.996292,58936.9789579861
46,2020,3,28,23,44,41.97,-17062473.229,1744829.026,20195657.93,1061.64148,-3534.29633,1208.61456,2020-03-28 23:44:41.970,207125581.08096662,321140847.40206057,117946273.47500522,147728880973.46988,20214183371.82831,8762126742.009224,58936.98937465277
46,2020,3,28,23,59,41.97,-15961944.454,-1441963.73,21105279.038,1380.41045,-3537.22344,809.88019,2020-03-28 23:59:41.970,206356116.17383075,321508655.2488969,118177509.55774836,147725352850.18835,20238609279.28636,8772716219.015226,58936.99979131943
46,2020,3,29,0,14,41.97,-14584969.582,-4603787.527000001,21649307.520999998,1675.0789399999999,-3478.9078299999996,397.3727,2020-03-29 00:14:41.970,205585614.346601,321874812.8396387,118408139.27291079,147721819948.37238,20263034513.846394,8783305405.658943,58937.0102079861
46,2020,3,29,0,29,41.97,-12955566.712,-7685941.763,21818575.680000003,1940.5525,-3360.44729,-21.71029,2020-03-29 00:29:41.970,204814079.23062986,322239317.8660538,118638161.277666,147718282268.2228,20287459074.698338,8793894301.58507,58937.02062465277
46,2020,3,29,0,44,41.97,-11102109.794,-10635184.379,21610444.523,2172.2639099999997,-3183.9928400000003,-440.07606999999996,2020-03-29 00:44:41.970,204041514.4636907,322602168.0261512,118867574.231229,147714739809.94043,20311882961.03229,8804482906.438328,58937.03104131943
46,2020,3,29,0,59,41.97,-9056815.449,-13400668.996000001,21028832.478,2366.2518499999996,-2952.70369,-850.4682700000001,2020-03-29 00:59:41.970,203267923.68997222,322963361.02419335,119096376.79486223,147711192573.72632,20336306172.03841,8815071219.863483,58937.0414579861
46,2020,3,29,1,14,41.97,-6855167.580999999,-15934823.367,20084124.149,2519.22696,-2670.68462,-1245.79505,2020-03-29 01:14:41.970,202493310.5600718,323322894.57070875,119324567.6318815,147707640559.78186,20360728706.906998,8825659241.505352,58937.05187465277
46,2020,3,29,1,29,41.97,-4535287.698,-18194166.012999997,18792966.169,2628.6250099999997,-2342.90704,-1619.25275,2020-03-29 01:29:41.970,201717678.73098958,323680766.3825051,119552145.40766248,147704083768.30862,20385150564.828445,8836246971.008774,58937.06229131943
46,2020,3,29,1,44,41.97,-2137263.5100000002,-20140045.215,17177954.665000003,2692.6463,-1975.11569,-1964.44272,2020-03-29 01:44:41.970,200941031.8661227,324036974.1826817,119779108.78964648,147700522199.50833,20409571744.993267,8846834408.018644,58937.0727079861
46,2020,3,29,1,59,41.97,297551.67699999997,-21739288.329,15267221.402999999,2710.2811500000003,-1573.7230399999999,-2275.47934,2020-03-29 01:59:41.970,200163373.63525787,324391515.7006424,120005456.44734658,147696955853.583,20433992246.592094,8857421552.179892,58937.08312465277
46,2020,3,29,2,14,41.97,2727256.112,-22964751.373,13093927.348,2681.3211899999997,-1145.69365,-2547.08755,2020-03-29 02:14:41.970,199384707.71456707,324744388.672108,120231187.05235398,147693384730.73508,20458412068.815636,8868008403.137484,58937.09354131943
46,2020,3,29,2,29,41.97,5110120.623,-23795760.82,10695673.727,2606.3567199999998,-698.42066,-2774.68838,2020-03-29 02:29:41.970,198605037.78659955,325095590.8391297,120456299.27834378,147689808831.16675,20482831210.85478,8878594960.53643,58937.1039579861
46,2020,3,29,2,44,41.97,7405301.176,-24218441.665,8113841.876999999,2486.76063,-239.59693000000001,-2954.47148,2020-03-29 02:44:41.970,197824367.54027674,325445119.9501005,120680791.80108133,147686228155.08093,20507249671.900455,8889181224.021786,58937.11437465277
46,2020,3,29,2,59,41.97,9573531.074000001,-24225927.872,5392874.028999999,2324.65937,222.91706,-3083.45379,2020-03-29 02:59:41.970,197042700.67088568,325792973.7597702,120904663.29842813,147682642702.68057,20531667451.143753,8899767193.23864,58937.12479131943
46,2020,3,29,3,14,41.97,11577781.575000001,-23818453.395,2579507.847,2122.89192,681.2261699999999,-3159.5235399999997,2020-03-29 03:14:41.970,196260040.88007253,326139150.0292558,121127912.45034842,147679052474.16867,20556084547.77586,8910352867.832134,58937.1352079861
46,2020,3,29,3,29,41.97,13383880.515,-23003323.924,-278022.08,1884.95771,1127.5322999999999,-3181.46963,2020-03-29 03:29:41.970,195476391.8758369,326483646.5260566,121350537.93891475,147675457469.74872,20580500960.98807,8920938247.447428,58937.14562465277
46,2020,3,29,3,44,41.97,14961079.481999999,-21794771.402,-3130802.3899999997,1614.9545300000002,1554.26292,-3148.99594,2020-03-29 03:44:41.970,194691757.37252504,326826461.02406526,121572538.44831468,147671857689.6244,20604916689.971806,8931523331.729746,58937.15604131943
46,2020,3,29,3,59,41.97,16282561.069,-20213695.099,-5930065.4059999995,1317.5076800000002,1954.19432,-3062.7210699999996,2020-03-29 03:59:41.970,193906141.09082383,327167591.3035813,121793912.66485652,147668253133.9995,20629331733.918575,8942108120.324345,58937.1664579861
46,2020,3,29,4,14,41.97,17325878.904000003,-18287294.645999998,-8628006.794000002,997.6916500000001,2320.5681600000003,-2924.1635499999998,2020-03-29 04:14:41.970,193119546.75775436,327507035.1513246,122014659.27697589,147664643803.07812,20653746092.020046,8952692612.876522,58937.17687465277
46,2020,3,29,4,29,41.97,18073324.254,-16048601.88,-11178583.683,660.94551,2647.19957,-2735.7133400000002,2020-03-29 04:29:41.970,192331978.10666588,327844790.3604472,122234776.97524153,147661029697.06458,20678159763.467937,8963276809.031616,58937.18729131943
46,2020,3,29,4,44,41.97,18512214.205000002,-13535919.655,-13538281.115,312.9834,2928.57558,-2500.59004,2020-03-29 04:44:41.970,191543438.877229,328180854.73054737,122454264.4523617,147657410816.1634,20702572747.454136,8973860708.435007,58937.1977079861
46,2020,3,29,4,59,41.97,18635097.57,-10792176.884,-15666835.273,-40.29851,3159.94266,-2222.7888199999998,2020-03-29 04:59:41.970,190753932.81542987,328515226.06768143,122673120.4031905,147653787160.57928,20726985043.17063,8984444310.73212,58937.20812465277
46,2020,3,29,5,14,41.97,18439875.869,-7864210.091,-17527902.786,-392.91749999999996,3337.38232,-1907.01476,2020-03-29 05:14:41.970,189963463.6735635,328847902.18437785,122891343.52473383,147650158730.5174,20751396649.809513,8995027615.568413,58937.21854131943
46,2020,3,29,5,29,41.97,17929837.852,-4801982.578,-19089666.163000003,-738.90078,3457.87404,-1558.6067699999999,2020-03-29 05:29:41.970,189172035.2102275,329178880.8996492,123108932.5161558,147646525526.18286,20775807566.56299,9005610622.589392,58937.2289579861
46,2020,3,29,5,44,41.97,17113607.172,-1657753.023,-20325366.373,-1072.38177,3519.34456,-1183.4519599999999,2020-03-29 05:44:41.970,188379651.19031578,329508160.0390059,123325886.07878485,147642887547.78107,20800217792.623394,9016193331.440613,58937.23937465277
46,2020,3,29,5,59,41.97,16005003.925,1514794.024,-21213754.486,-1387.6950299999999,3520.70321,-787.89159,2020-03-29 05:59:41.970,187586315.38501188,329835737.4344688,123542202.91612014,147639244795.51788,20824627327.18316,9026775741.767656,58937.24979131943
46,2020,3,29,6,14,41.97,14622821.856,4661442.8319999995,-21739455.339,-1679.46857,3461.86245,-378.61978,2020-03-29 06:14:41.970,186792031.571783,330161610.9245825,123757881.73383749,147635597269.59897,20849036169.43484,9037357853.216154,58937.2602079861
46,2020,3,29,6,29,41.97,12990524.113,7728352.963,-21893237.231,-1942.71228,3343.7434599999997,37.423779999999994,2020-03-29 06:29:41.970,185996803.53437302,330485778.3544279,123972921.23979612,147631944970.23065,20873444318.571087,9047939665.43178,58937.27062465277
46,2020,3,29,6,44,41.97,11135861.533,10662963.841,-21672182.766999997,-2172.90149,3168.26626,453.16598000000005,2020-03-29 06:44:41.970,185200635.06279668,330808237.57563645,124187320.14404449,147628287897.6193,20897851773.78474,9058521178.060257,58937.28104131943
46,2020,3,29,6,59,41.97,9090418.533,13414883.465000002,-21079757.212,-2366.05412,2938.32433,861.51569,2020-03-29 06:59:41.970,184403529.95333248,331128986.4464017,124401077.15882687,147624626051.97128,20922258534.268665,9069102390.74734,58937.2914579861
46,2020,3,29,7,14,41.97,6889092.7700000005,15936747.192,-20125771.985,-2518.8004,2657.74351,1255.4811,2020-03-29 07:14:41.970,183605492.00851676,331448022.83149344,124614190.99858941,147620959433.49377,20946664599.21588,9079683303.138815,58937.30187465277
46,2020,3,29,7,29,41.97,4569515.886999999,18185032.536,-18826242.371,-2628.44395,2331.22538,1628.2871599999999,2020-03-29 07:29:41.970,182806525.03713685,331765344.6022703,124826660.37998663,147617288042.3935,20971069967.819527,9090263914.88054,58937.31229131943
46,2020,3,29,7,44,41.97,2171423.749,20120816.109,-17203140.031,-2693.01273,1964.27534,1973.4916199999998,2020-03-29 07:44:41.970,182006632.85422498,332080949.63669366,125038484.0218876,147613611878.8779,20995474639.272854,9100844225.618397,58937.3227079861
46,2020,3,29,7,59,41.97,-264014.32999999996,21710459.202999998,-15284042.577,-2711.29898,1563.11611,2285.09743,2020-03-29 07:59:41.970,181205819.28105083,332394835.81934005,125249660.6453823,147609930943.15442,21019878612.76922,9111424234.998306,58937.33312465277
46,2020,3,29,8,14,41.97,-2694896.8279999997,22926209.189,-13101684.208,-2682.88687,1134.58733,2557.65981,2020-03-29 08:14:41.970,180404088.14511633,332707001.0414144,125460188.97378808,147606245235.43094,21044281887.502125,9122003942.666245,58937.34354131943
46,2020,3,29,8,29,41.97,-5079310.23,23746704.801,-10693413.299,-2608.16684,686.03259,2786.38566,2020-03-29 08:29:41.970,179601443.2801481,333017443.2007637,125670067.73265572,147602554755.91507,21068684462.665123,9132583348.268219,58937.3539579861
46,2020,3,29,8,44,41.97,-7376055.9629999995,24157374.630999997,-8100564.6850000005,-2488.33605,225.17538000000002,2967.22332,2020-03-29 08:44:41.970,178797888.52609107,333326160.2018902,125879295.6497761,147598859504.8153,21093086337.452,9143162451.45029,58937.36437465277
46,2020,3,29,8,59,41.97,-9545371.138,24150719.744000003,-5367756.317000001,-2325.38417,-240.01404000000002,3096.94053,2020-03-29 08:59:41.970,177993427.72910222,333633149.9559636,126087871.45518632,147595159482.3399,21117487511.05654,9153741251.858562,58937.37479131943
46,2020,3,29,9,14,41.97,-11549629.878,23726473.195,-2542121.769,-2122.06437,-701.45859,3173.18875,2020-03-29 09:14:41.970,177188064.74154386,333938410.38083625,126295793.88117604,147591454688.69763,21141887982.672703,9164319749.139162,58937.3852079861
46,2020,3,29,9,29,41.97,-13354011.898,22891631.487,327508.233,-1881.8496499999999,-1151.1185799999998,3194.55184,2020-03-29 09:29:41.970,176381803.42197648,334241939.40105474,126503061.66229437,147587745124.09723,21166287751.494568,9174897942.938282,58937.39562465277
46,2020,3,29,9,44,41.97,-14927125.288999999,21660355.431,3191460.6429999997,-1608.87481,-1581.13722,3160.57793,2020-03-29 09:44:41.970,175574647.63515308,334543734.9478737,126709673.53535543,147584030788.74792,21190686816.71631,9185475832.902151,58937.40604131943
46,2020,3,29,9,59,41.97,-16241571.032,20053740.598,6000095.473999999,-1307.86519,-1983.98439,3071.7931,2020-03-29 09:59:41.970,174766601.2520117,334843794.95926964,126915628.2394456,147580311682.85873,21215085177.532234,9196053418.677042,58937.4164579861
46,2020,3,29,10,14,41.97,-17274437.767,18099460.301,8704685.149999999,-984.05318,-2352.59558,2929.6964199999998,2020-03-29 10:14:41.970,173957668.14966896,335142117.3799536,127120924.51592918,147576587806.63956,21239482833.136753,9206630699.909248,58937.42687465277
46,2020,3,29,10,29,41.97,-18007716.577,15831286.894000001,11258280.807,-643.08429,-2680.5029,2736.73596,2020-03-29 10:29:41.970,173147852.21141356,335438700.16138536,127325561.10845543,147572859160.29993,21263879782.724426,9217207676.245163,58937.43729131943
46,2020,3,29,10,44,41.97,-18428627.219,13288499.875,13616548.628,-290.91459,-2961.95508,2496.26625,2020-03-29 10:44:41.970,172337157.32669944,335733541.2617854,127529536.76296467,147569125744.05002,21288276025.48991,9227784347.331161,58937.4477079861
46,2020,3,29,10,59,41.97,-18529849.042999998,10515191.881000001,15738559.736,66.29813,-3192.02401,2212.4878200000003,2020-03-29 10:59:41.970,171525587.39113915,336026638.6461501,127732850.22769468,147565387558.09995,21312671560.62797,9238360712.81371,58937.45812465277
46,2020,3,29,11,14,41.97,-18309651.908,7559485.8889999995,17587518.174000002,422.30731,-3366.69513,1890.3702600000001,2020-03-29 11:14:41.970,170713146.3064967,336317990.2862636,127935500.25318757,147561644602.66006,21337066387.333496,9248936772.339277,58937.46854131943
46,2020,3,29,11,29,41.97,-17771924.601,4472678.9120000005,19131412.799000002,770.89209,-3482.9401,1535.56048,2020-03-29 11:29:41.970,169899837.9806816,336607594.1607128,128137485.59229566,147557896877.94125,21361460504.801525,9259512525.554401,58937.4789579861
46,2020,3,29,11,44,41.97,-16926100.456,1308328.982,20343580.658999998,1105.97084,-3538.7699900000002,1154.2780699999998,2020-03-29 11:44:41.970,169085666.32774094,336895448.25489885,128338805.0001884,147554144384.1543,21385853912.22717,9270087972.105669,58937.48937465277
46,2020,3,29,11,59,41.97,-15786982.094999999,-1878696.73,21203171.396,1421.71141,-3533.26831,753.20041,2020-03-29 11:59:41.970,168270635.26785377,337181550.5610524,128539457.23435874,147550387121.5103,21410246608.80569,9280663111.639685,58937.49979131943
46,2020,3,29,12,14,41.97,-14374469.293,-5033194.176,21695504.434,1712.63581,-3466.60326,339.33977,2020-03-29 12:14:41.970,167454748.72732362,337465899.0782467,128739441.0546296,147546625090.22067,21434638593.73246,9291237943.80313,58937.5102079861
46,2020,3,29,12,29,41.97,-12713195.936,-8100596.487,21812313.066,1973.71722,-3340.01951,-80.08472,2020-03-29 12:29:41.970,166638010.63857165,337748491.8124108,128938755.22316028,147542858290.49695,21459029866.202972,9301812468.242695,58937.52062465277
46,2020,3,29,12,44,41.97,-10832083.764,-11027931.493,21551871.944,2200.46763,-3155.80984,-497.77767,2020-03-29 12:44:41.970,165820424.94012997,338029326.7763426,129137398.5044532,147539086722.55093,21483420425.412838,9312386684.60515,58937.53104131943
46,2020,3,29,12,59,41.97,-8763822.107,-13764745.11,20919006.892,2389.01441,-2917.2678,-906.4979199999999,2020-03-29 12:59:41.970,165001995.57663485,338308401.9897237,129335369.66536029,147535310386.59476,21507810270.557793,9322960592.537283,58937.5414579861
46,2020,3,29,13,14,41.97,-6544284.0770000005,-16263974.047,19924988.296,2536.16478,-2628.6227000000003,-1299.1863400000002,2020-03-29 13:14:41.970,164182726.49881938,338585715.4791323,129532667.47508949,147531529282.84055,21532199400.833683,9333534191.685944,58937.55187465277
46,2020,3,29,13,29,41.97,-4211890.615999999,-18482752.652,18587311.493,2639.4571,-2294.95858,-1669.08877,2020-03-29 13:29:41.970,163362621.6635071,338861265.278057,129729290.70521177,147527743411.5008,21556587815.436478,9344107481.698,58937.56229131943
46,2020,3,29,13,44,41.97,-1806934.533,-20383140.326,16929369.667,2697.19841,-1922.1190399999998,-2009.87164,2020-03-29 13:44:41.970,162541685.03360495,339135049.4269095,129925238.12966682,147523952772.78827,21580975513.562286,9354680462.220406,58937.5727079861
46,2020,3,29,13,59,41.97,629122.951,-21932757.759,14980026.549,2708.48792,-1516.6001600000002,-2315.72866,2020-03-29 13:59:41.970,161719920.5780957,339407065.97304016,130120508.52477038,147520157366.91586,21605362494.40731,9365253132.900127,58937.58312465277
46,2020,3,29,14,14,41.97,3054370.445,-23105322.196000002,12773097.854,2673.22645,-1085.4336,-2581.47673,2020-03-29 14:14:41.970,160897332.2720318,339677312.9707501,130315100.66922058,147516357194.09668,21629748757.16787,9375825493.384176,58937.59354131943
46,2020,3,29,14,29,41.97,5427166.819,-23881073.966,10346751.733,2592.11187,-636.0622000000001,-2802.63978,2020-03-29 14:29:41.970,160073924.09652787,339945788.4813054,130509013.34410448,147512552254.54422,21654134301.04047,9386397543.31963,58937.6039579861
46,2020,3,29,14,44,41.97,7706851.507,-24247088.599,7742839.657000001,2466.62127,-176.21058,-2975.51935,2020-03-29 14:44:41.970,159249700.03875405,340212490.5729509,130702245.33290477,147508742548.472,21678519125.221634,9396969282.353598,58937.61437465277
46,2020,3,29,14,59,41.97,9854432.888,-24197470.973,5006169.9799999995,2298.9802,286.24728999999996,-3097.25127,2020-03-29 14:59:41.970,158424664.09192848,340477417.32092446,130894795.42150638,147504928076.09387,21702903228.908096,9407540710.133224,58937.62479131943
46,2020,3,29,15,14,41.97,11833243.633,-23733429.901,2183737.0810000002,2092.1201499999997,743.42094,-3165.84766,2020-03-29 15:14:41.970,157598820.2553106,340740566.80746937,131086662.39820312,147501108837.62378,21727286611.296673,9418111826.305725,58937.6352079861
46,2020,3,29,15,29,41.97,13609552.716,-22863233.623,-676080.679,1849.62498,1187.5348999999999,-3180.22419,2020-03-29 15:29:41.970,156772172.53419402,341001937.12184936,131277845.05370432,147497284833.2761,21751669271.58431,9428682630.518343,58937.64562465277
46,2020,3,29,15,44,41.97,15153124.774,-21602048.459000003,-3524340.795,1575.6676599999998,1611.05649,-3140.2123500000002,2020-03-29 15:44:41.970,155944724.93989924,341261526.36036205,131468342.1811414,147493456063.26538,21776051208.968052,9439253122.418356,58937.65604131943
46,2020,3,29,15,59,41.97,16437718.498999998,-19971664.668,-6312360.907000001,1274.93828,2006.8183999999999,-3046.55713,2020-03-29 15:59:41.970,155116481.48976687,341519332.6263531,131658152.57607481,147489622527.80637,21800432422.645103,9449823301.65312,58937.6664579861
46,2020,3,29,16,14,41.97,17441516.914,-18000115.097999997,-8992534.481999999,952.5648100000001,2368.13409,-2900.90034,2020-03-29 16:14:41.970,154287446.20714974,341775354.0302288,131847275.03650038,147485784227.11383,21824812911.81278,9460393167.869997,58937.67687465277
46,2020,3,29,16,29,41.97,18147483.475,-15721193.703000002,-11519125.246,614.0278300000001,2688.90467,-2705.75011,2020-03-29 16:29:41.970,153457623.12140682,342029588.689472,132035708.36285624,147481941161.4032,21849192675.668495,9470962720.71643,58937.68729131943
46,2020,3,29,16,44,41.97,18543639.183,-13173882.202000001,-13849028.26,265.07041999999996,2963.71594,-2464.4374199999997,2020-03-29 16:44:41.970,152627016.267895,342282034.72865486,132223451.35802954,147478093330.88956,21873571713.409832,9481531959.839884,58937.6977079861
46,2020,3,29,16,59,41.97,18623257.013,-10401694.356,-15942486.263,-88.39524999999999,3187.92426,-2181.0603,2020-03-29 16:59:41.970,151795629.68796262,342532690.2794519,132410502.82736294,147474240735.78873,21897950024.23445,9492100884.887884,58937.70812465277
46,2020,3,29,17,14,41.97,18384971.16,-7451948.204,-17763750.619,-440.38358,3357.73057,-1860.4167,2020-03-29 17:14:41.970,150963467.42894158,342781553.4806557,132596861.57866172,147470383376.31656,21922327607.340153,9502669495.507996,58937.71854131943
46,2020,3,29,17,29,41.97,17832799.738,-4374977.5200000005,-19281677.114,-784.93199,3470.24138,-1507.92697,2020-03-29 17:29:41.970,150130533.54414082,343028622.4781904,132782526.42220004,147466521252.68912,21946704461.92488,9513237791.34782,58937.7289579861
46,2020,3,29,17,44,41.97,16976080.691999998,-1223294.383,-20470247.696,-1116.19714,3523.5162400000004,-1129.54705,2020-03-29 17:44:41.970,149296832.09283817,343273895.42512465,132967496.17072822,147462654365.12268,21971080587.186676,9523805772.055033,58937.73937465277
46,2020,3,29,17,59,41.97,15829321.788999999,1949284.625,-21309010.267,-1428.54946,3516.60103,-731.67331,2020-03-29 17:59:41.970,148462367.14027387,343517370.4816869,133151769.63947906,147458782713.83368,21995455982.323704,9534373437.277319,58937.74979131943
46,2020,3,29,18,14,41.97,14411966.629,5088535.569,-21783429.594,-1716.66501,3449.5464899999997,-321.04041,2020-03-29 18:14:41.970,147627142.75764275,343759045.81527907,133335345.64617498,147454906299.03894,22019830646.53427,9544940786.662437,58937.7602079861
46,2020,3,29,18,29,41.97,12748079.717,8140734.258,-21885143.531000003,-1975.6133,3323.41172,95.38678,2020-03-29 18:29:41.970,146791163.02208677,343998919.6004901,133518223.01103453,147451025120.95535,22044204579.0168,9555507819.858187,58937.77062465277
46,2020,3,29,18,44,41.97,10865954.711000001,11053559.532,-21612119.818,-2200.93997,3140.25219,510.52579,2020-03-29 18:44:41.970,145954432.0166881,344236990.0191108,133700400.5567795,147447139179.80032,22068577778.969837,9566074536.512403,58937.78104131943
46,2020,3,29,18,59,41.97,8797651.063,13776978.788,-20968709.995,-2388.74307,2903.0922,917.2923499999999,2020-03-29 18:59:41.970,145116953.83046138,344473255.26014733,133881877.10864139,147443248475.791,22092950245.592056,9576640936.27298,58937.7914579861
46,2020,3,29,19,14,41.97,6578465.3719999995,16264101.649,-19965598.255,-2535.7416200000002,2615.8816800000004,1308.71779,2020-03-29 19:14:41.970,144278732.55834633,344707713.5198362,134062651.49436848,147439353009.145,22117321978.082253,9587207018.787848,58937.80187465277
46,2020,3,29,19,29,41.97,4246344.901000001,18471987.75,-18619644.501,-2639.33538,2283.43744,1678.06645,2020-03-29 19:29:41.970,143439772.30120048,344940363.0016575,134242722.54423258,147435452780.08044,22141692975.639343,9597772783.704994,58937.81229131943
46,2020,3,29,19,44,41.97,1841251.818,20362394.787,-16953622.419999998,-2697.6543899999997,1911.36923,2018.9512500000003,2020-03-29 19:44:41.970,142600077.1657912,345171201.9163495,134422089.0910361,147431547788.8152,22166063237.462376,9608338230.672447,58937.8227079861
46,2020,3,29,19,59,41.97,-595512.2119999999,21902453.408,-14995855.063000001,-2709.59732,1505.99128,2325.4455900000003,2020-03-29 19:59:41.970,141759651.26478887,345400228.4819231,134600749.97011867,147427638035.56757,22190432762.750538,9618903359.338284,58937.83312465277
46,2020,3,29,20,14,41.97,-3022010.384,23065256.22,-12779752.193,-2674.8573100000003,1074.2200500000001,2592.18936,2020-03-29 20:14:41.970,140918498.71675894,345627440.9236757,134778704.0193639,147423723520.55618,22214801550.703114,9629468169.350624,58937.84354131943
46,2020,3,29,20,29,41.97,-5396392.48,23830349.127,-10343255.533,-2593.93457,623.4596799999999,2814.48724,2020-03-29 20:29:41.970,140076623.64615425,345852837.4742056,134955950.07920676,147419804243.99973,22239169600.519516,9640032660.357643,58937.8539579861
46,2020,3,29,20,44,41.97,-7677621.591,24184114.517,-7728199.936,-2468.13479,161.47651,2988.39691,2020-03-29 20:44:41.970,139234030.18330783,346076416.3734264,135132486.99264017,147415880206.11725,22263536911.399326,9650596832.007553,58937.86437465277
46,2020,3,29,20,59,41.97,-9826192.879,24120037.444000002,-4979600.415,-2299.55294,-303.73509,3110.80528,2020-03-29 20:59:41.970,138390722.46442515,346298175.8685813,135308313.6052217,147411951407.12778,22287903482.542194,9661160683.94862,58937.87479131943
46,2020,3,29,21,14,41.97,-11804831.108000001,23638847.877,-2144876.733,-2091.04232,-764.09353,3179.49065,2020-03-29 21:14:41.970,137546704.63157624,346518114.21425706,135483428.76508114,147408017847.25073,22312269313.147938,9671724215.829165,58937.8852079861
46,2020,3,29,21,29,41.97,-13579153.648,22748534.367,726971.027,-1846.16883,-1211.57449,3193.16925,2020-03-29 21:29:41.970,136701980.83268833,346736229.67239887,135657831.32292688,147404079526.706,22336634402.41647,9682287427.297535,58937.89562465277
46,2020,3,29,21,44,41.97,-15118285.954000002,21464226.959,3586221.138,-1569.15121,-1638.35646,3151.52461,2020-03-29 21:44:41.970,135856555.22153807,346952520.51232475,135831520.1320533,147400136445.71326,22360998749.547863,9692850318.00215,58937.90604131943
46,2020,3,29,21,59,41.97,-16395417.162000002,19807949.903,6383307.198000001,-1264.78792,-2036.9640499999998,3055.2186699999997,2020-03-29 21:59:41.970,135010431.95774367,347166985.0107393,136004494.0483471,147396188604.49237,22385362353.742306,9703412887.591452,58937.9164579861
46,2020,3,29,22,14,41.97,-17388284.475,17808247.509,9069696.717999998,-938.37222,-2400.40603,2905.88421,2020-03-29 22:14:41.970,134163615.20675749,347379621.45174885,136176751.93029523,147392236003.264,22409725214.200092,9713975135.713953,58937.92687465277
46,2020,3,29,22,29,41.97,-18079576.314000003,15499689.282,11598754.319,-595.59694,-2722.30505,2706.09826,2020-03-29 22:29:41.970,133316109.13985778,347590428.1268759,136348292.63899103,147388278642.24854,22434087330.121666,9724537062.018196,58937.93729131943
46,2020,3,29,22,44,41.97,-18457245.889999997,12922263.223,13926572.613,-242.45095999999998,-2997.01601,2459.3369900000002,2020-03-29 22:44:41.970,132467917.93414144,347799403.33507323,136519115.0381418,147384316521.66666,22458448700.7076,9735098666.15279,58937.9477079861
46,2020,3,29,22,59,41.97,-18514728.714,10120668.689,16012754.451000001,114.89035,-3219.73045,2169.9128600000004,2020-03-29 22:59:41.970,131619045.7725157,348006545.382738,136689217.99407542,147380349641.73944,22482809325.158577,9745659947.76638,58937.95812465277
46,2020,3,29,23,14,41.97,-18251059.644,7143522.433,17821131.172000002,470.17841999999996,-3386.56472,1842.8955899999999,2020-03-29 23:14:41.970,130769496.84369063,348211852.5837276,136858600.37574792,147376378002.68805,22507169202.675423,9756220906.507652,58937.96854131943
46,2020,3,29,23,29,41.97,-17670887.274,4042493.357,19320402.935,817.20592,-3494.63001,1484.01834,2020-03-29 23:29:41.970,129919275.34217098,348415323.2593735,137027261.05474994,147372401604.7338,22531528332.459106,9766781542.025358,58937.9789579861
46,2020,3,29,23,44,41.97,-16784385.671,871382.925,20484688.933000002,1149.91998,-3542.08285,1099.57164,2020-03-29 23:44:41.970,129068385.46824858,348616955.73849535,137195198.9053143,147368420448.09836,22555886713.710686,9777341853.968283,58937.98937465277
46,2020,3,29,23,59,41.97,-15607065.662,-2314830.763,21293977.341000002,1462.5318300000001,-3528.1552500000003,696.28706,2020-03-29 23:59:41.970,128216831.42799383,348816748.357416,137362412.80432266,147364434533.00363,22580244345.631367,9787901841.98527,58937.99979131943
46,2020,3,30,0,14,41.97,-14159490.926,-5460964.378,21734466.591000002,1749.6203699999999,-3453.16432,281.21381,2020-03-30 00:14:41.970,127364617.43324848,349014699.4599768,137528901.63131303,147360443859.67163,22604601227.42249,9798461505.72521,58938.0102079861
46,2020,3,30,0,29,41.97,-12466899.493999999,-8512611.875,21798795.554,2006.2285200000001,-3318.50071,-138.41089,2020-03-30 00:29:41.970,126511747.70161714,349210807.3975513,137694664.26848665,147356448428.3247,22628957358.285526,9809020844.837038,58938.02062465277
46,2020,3,30,0,44,41.97,-10558752.280000001,-11417084.038,21486151.082,2227.94858,-3126.59819,-555.29105,2020-03-30 00:44:41.970,125658226.4564593,349405070.52905995,137859699.6007151,147352448239.18524,22653312737.422066,9819579858.969738,58938.03104131943
46,2020,3,30,0,59,41.97,-8468200.204,-14124335.667,20802264.091000002,2410.99777,-2880.88342,-962.20315,2020-03-30 00:59:41.970,124804057.92688133,349597487.22098607,138024006.51554748,147348443292.47598,22677667364.03384,9830138547.772356,58938.0414579861
46,2020,3,30,1,14,41.97,-6231493.52,-16587827.772,19759286.247,2552.28081,-2585.70872,-1352.12322,2020-03-30 01:14:41.970,123949246.34772855,349788055.84738874,138187583.90321773,147344433588.42014,22702021237.322693,9840696910.89395,58938.05187465277
46,2020,3,30,1,29,41.97,-3887339.847,-18765324.353,18375555.024,2649.4393,-2246.26891,-1718.34877,2020-03-30 01:29:41.970,123093795.95957686,349976774.78991926,138350430.65665144,147340419127.24066,22726374356.490616,9851254947.983677,58938.06229131943
46,2020,3,30,1,44,41.97,-1476223.86,-20619608.026,16675252.163,2700.88738,-1868.50444,-2054.61339,2020-03-30 01:44:41.970,122237711.00872457,350163642.43783486,138512545.67147344,147336399909.16098,22750726720.739723,9861812658.69071,58938.0727079861
46,2020,3,30,1,59,41.97,960298.751,-22119102.987,14687963.100000001,2705.83329,-1458.99277,-2355.19197,2020-03-30 01:59:41.970,121380995.74718454,350348657.188014,138673927.84601468,147332375934.40457,22775078329.272255,9872370042.66429,58938.08312465277
46,2020,3,30,2,14,41.97,3380320.399,-23238395.812,12448146.478,2664.28688,-1024.8302600000002,-2614.99499,2020-03-30 02:14:41.970,120523654.43267559,350531817.44497114,138834576.0813198,147328347203.19547,22799429181.290585,9882927099.553673,58938.09354131943
46,2020,3,30,2,29,41.97,5742301.188,-23958646.601,9994524.216,2577.05321,-573.50704,-2829.65062,2020-03-30 02:29:41.970,119665691.3286146,350713121.6208712,138994489.2811537,147324313715.7577,22823779275.997223,9893483829.008217,58938.1039579861
46,2020,3,30,2,44,41.97,8005776.745,-24267885.097,7369403.653,2445.71291,-112.77691,-2995.5733800000003,2020-03-30 02:44:41.970,118807110.70410776,350892568.13554496,139153666.35200962,147320275472.31558,22848128612.594803,9904040230.677286,58938.11437465277
46,2020,3,30,2,59,41.97,10132042.578,-24161188.465,4617944.16,2272.58979,349.47519,-3110.0188000000003,2020-03-30 02:59:41.970,117947916.83394279,351070155.4165045,139312106.20311567,147316232473.0934,22872477190.286095,9914596304.210304,58938.12479131943
46,2020,3,30,3,14,41.97,12084803.944,-23640739.473,1787381.135,2060.70676,805.36602,-3171.12339,2020-03-30 03:14:41.970,117088113.99858041,351245881.8989568,139469807.7464428,147312184718.316,22896825008.274,9925152049.256771,58938.1352079861
46,2020,3,30,3,29,41.97,13830781.080999998,-22715765.754,-1073779.302,1813.73087,1247.14514,-3177.92977,2020-03-30 03:29:41.970,116227706.48414564,351419746.02581924,139626769.89671123,147308132208.20834,22921172065.761543,9935707465.466194,58938.14562465277
46,2020,3,30,3,44,41.97,15340260.59,-21402362.684,-3916581.55,1535.9088199999999,1667.32214,-3130.3969399999996,2020-03-30 03:44:41.970,115366698.58242,351591746.2477355,139782991.57139862,147304074942.99564,22945518361.951885,9946262552.48817,58938.15604131943
46,2020,3,30,3,59,41.97,16587584.845,-19723204.132999998,-6692444.38,1231.9939499999998,2058.78827,-3029.3959,2020-03-30 03:59:41.970,114505094.59083253,351761881.02308923,139938471.6907467,147300012922.90308,22969863896.04833,9956817309.972307,58938.1664579861
46,2020,3,30,4,14,41.97,17551572.393,-17707146.893,-9353974.393000001,907.16609,2414.93083,-2876.69101,2020-03-30 04:14:41.970,113642898.8124516,351930148.8180205,140093209.17776904,147295946148.15616,22994208667.25429,9967371737.5683,58938.17687465277
46,2020,3,30,4,29,41.97,18215863.504,-15388736.031,-11855756.493999999,566.94558,2729.73871,-2674.90767,2020-03-30 04:29:41.970,112780115.5559763,352096548.1064393,140247202.95825812,147291874618.98108,23018552674.773354,9977925834.925858,58938.18729131943
46,2020,3,30,4,44,41.97,18569186.155,-12807619.617,-14155109.409,217.1027,2997.89802,-2427.48704,2020-03-30 04:44:41.970,111916749.13572797,352261077.3700418,140400451.96079293,147287798335.60355,23042895917.809174,9988479601.694786,58938.1977079861
46,2020,3,30,4,59,41.97,18605538.969,-10007882.42,-16212794.921999998,-136.43613,3214.87641,-2138.6286499999997,2020-03-30 04:59:41.970,111052803.87164156,352423735.0983254,140552955.11674607,147283717298.25,23067238395.56559,9999033037.524902,58938.20812465277
46,2020,3,30,5,14,41.97,18324288.724,-7037309.073000001,-17993670.317,-487.68415,3376.99529,-1813.2217799999999,2020-03-30 05:14:41.970,110188284.0892571,352584519.7886032,140704711.3602913,147279631507.14673,23091580107.246563,10009586142.06608,58938.21854131943
46,2020,3,30,5,29,41.97,17730181.248,-3946588.024,-19467274.375,-830.69075,3481.48908,-1456.7665299999999,2020-03-30 05:29:41.970,109323194.11971083,352743429.9460204,140855719.6284111,147275540962.52063,23115921052.056183,10020138914.968262,58938.2289579861
46,2020,3,30,5,44,41.97,16833265.601,-788468.2930000001,-20608338.16,-1159.63748,3526.5507199999997,-1075.28582,2020-03-30 05:44:41.970,108457538.29972696,352900464.0835678,141005978.8609037,147271445664.5984,23140261229.19868,10030691355.881418,58938.23937465277
46,2020,3,30,5,59,41.97,15648732.55,2383118.386,-21397212.836,-1468.93227,3511.36301,-675.2292,2020-03-30 05:59:41.970,107591320.97160839,353055620.7220986,141155488.00039077,147267345613.60724,23164600637.878403,10041243464.455587,58938.24979131943
46,2020,3,30,6,14,41.97,14196669.44,5513956.966,-21820207.728,-1753.30082,3436.11508,-263.36978999999997,2020-03-30 06:14:41.970,106724546.48322852,353208898.39034307,141304245.99232492,147263240809.77438,23188939277.29984,10051795240.34086,58938.2602079861
46,2020,3,30,6,29,41.97,12501734.641999999,8550456.546,-21869832.967,-2007.87373,3302.00373,153.30450000000002,2020-03-30 06:29:41.970,105857219.18802205,353360295.62492365,141452251.78499696,147259131253.32758,23213277146.66763,10062346683.187353,58938.27062465277
46,2020,3,30,6,44,41.97,10592755.843,11440552.131000001,-21544942.175,-2228.26837,3111.2194099999997,567.70409,2020-03-30 06:44:41.970,104989343.44497631,353509810.9703704,141599504.32954347,147255016944.49457,23237614245.18652,10072897792.645266,58938.28104131943
46,2020,3,30,6,59,41.97,8502257.538,14134586.682,-20850771.881,-2410.66417,2866.91644,972.75383,2020-03-30 06:59:41.970,104120923.61862248,353657442.979137,141746002.57995436,147250897883.5033,23261950572.0614,10083448568.364828,58938.2914579861
46,2020,3,30,7,14,41.97,6265924.215,16586159.403,-19798875.702,-2551.87003,2573.16772,1361.5105,2020-03-30 07:14:41.970,103251964.0790266,353803190.2116151,141891745.49308035,147246774070.58194,23286286126.497314,10093999009.996332,58938.30187465277
46,2020,3,30,7,29,41.97,3922006.806,18752926.207000002,-18406952.765,-2649.38274,2234.90387,1727.28006,2020-03-30 07:29:41.970,102382469.2017805,353947051.2361498,142036732.02864027,147242645505.95886,23310620907.699425,10104549117.190107,58938.31229131943
46,2020,3,30,7,44,41.97,1510681.1199999999,20597338.604000002,-16698571.401,-2701.43512,1857.83725,2063.73281,2020-03-30 07:44:41.970,101512443.36799322,354089024.62905616,142180961.14922905,147238512189.86276,23334954914.872993,10115098889.596556,58938.3227079861
46,2020,3,30,7,59,41.97,-926631.966,22087307.643,-14702790.831,-2707.03263,1448.37156,2365.0145500000003,2020-03-30 07:59:41.970,100641890.96428157,354229108.9746337,142324431.82032487,147234374122.52267,23359288147.223515,10125648326.866123,58938.33312465277
46,2020,3,30,8,14,41.97,-3347973.757,23196780.296,-12453685.374,-2665.9775799999998,1013.49789,2625.85172,2020-03-30 08:14:41.970,99770816.38276133,354367302.86518216,142467143.0102968,147230231304.1674,23383620603.956516,10136197428.649294,58938.34354131943
46,2020,3,30,8,29,41.97,-5711570.729,23906216.674,-9989777.542,-2578.8797799999998,560.67849,2841.64839,2020-03-30 08:29:41.970,98899224.02103812,354503604.90101695,142609093.6904127,147226083735.0264,23407952284.27773,10146746194.596613,58938.3539579861
46,2020,3,30,8,44,41.97,-7976560.794,24202957.759,-7353388.32,-2447.15302,97.72003,3008.57292,2020-03-30 08:44:41.970,98027118.28219832,354638013.6904844,142750282.83484632,147221931415.3292,23432283187.39297,10157294624.358686,58938.36437465277
46,2020,3,30,8,59,41.97,-10103709.834999999,24081475.063,-4589914.793,-2272.9969699999997,-367.36169,3123.6324400000003,2020-03-30 08:59:41.970,97154503.57479976,354770527.84997845,142890709.42068538,147217774345.30545,23456613312.508244,10167842717.58616,58938.37479131943
46,2020,3,30,9,14,41.97,-12056105.220999999,23543495.552,-1747047.1,-2059.36409,-826.48319,3184.7329,2020-03-30 09:14:41.970,96281384.31286266,354901146.003955,143030372.42793894,147213612525.18515,23480942658.829636,10178390473.929737,58938.3852079861
46,2020,3,30,9,29,41.97,-13799813.016,22597997.505,1126061.704,-1809.9121,-1271.63819,3190.72337,2020-03-30 09:29:41.970,95407764.91586038,355029866.78494775,143169270.83954492,147209445955.1984,23505271225.563416,10188937893.040163,58938.39562465277
46,2020,3,30,9,44,41.97,-15304485.946999999,21261075.507000003,3979657.8819999998,-1528.94225,-1695.0430800000001,3141.42292,2020-03-30 09:44:41.970,94533649.80871004,355156688.83358467,143307403.64137813,147205274635.57574,23529599011.915962,10199484974.568264,58938.40604131943
46,2020,3,30,9,59,41.97,-16543909.898000002,19555675.481999997,6764265.274,-1221.3246,-2089.2797,3037.6292,2020-03-30 09:59:41.970,93659043.4217634,355281610.79860264,143444769.8222579,147201098566.54752,23553926017.093807,10210031718.164885,58938.4164579861
46,2020,3,30,10,14,41.97,-17496477.739,17511203.511,9431562.846,-892.4115400000001,-2447.43252,2881.1081999999997,2020-03-30 10:14:41.970,92783950.19079722,355404631.33686376,143581368.3739553,147196917748.3448,23578252240.303604,10220578123.48094,58938.42687465277
46,2020,3,30,10,29,41.97,-18145580.698000003,15163014.954,11935244.455,-547.9413199999999,-2763.21695,2674.56505,2020-03-30 10:29:41.970,91908374.55700405,355525749.11337084,143717198.2912014,147192732181.19843,23602577680.75215,10231124190.167395,58938.43729131943
46,2020,3,30,10,44,41.97,-18479909.15,12551793.135,14231844.003,-193.93361000000002,-3031.09599,2421.59639,2020-03-30 10:44:41.970,91032320.96698284,355644962.80128354,143852258.57169467,147188541865.3397,23626902337.646393,10241669917.875273,58938.4477079861
46,2020,3,30,10,59,41.97,-18493656.627,9722829.296,16281509.727,163.42074,-3246.38255,2126.62518,2020-03-30 10:59:41.970,90155793.87272912,355762271.0819335,143986548.21610922,147184346801.00015,23651226210.193398,10252215306.255627,58938.45812465277
46,2020,3,30,11,14,41.97,-18186622.947,6725217.756,18048712.45,517.87324,-3405.3252500000003,1794.8194099999998,2020-03-30 11:14:41.970,89278797.73162603,355877672.6448411,144120066.22810164,147180146988.41144,23675549297.6004,10262760354.959597,58938.46854131943
46,2020,3,30,11,29,41.97,-17564214.564000003,3610982.0239999997,19502874.096,863.2322,-3505.1758,1431.99651,2020-03-30 11:29:41.970,88401337.00643422,355991166.18772954,144252811.6143197,147175942427.8054,23699871599.074707,10273305063.638351,58938.4789579861
46,2020,3,30,11,44,41.97,-16637342.454000002,434148.994,20618904.536,1193.47559,-3544.2367799999997,1044.51566,2020-03-30 11:44:41.970,87523416.16528255,356102750.41654336,144384783.38440943,147171733119.4141,23724193113.823837,10283849431.943129,58938.48937465277
46,2020,3,30,11,59,41.97,-15422220.045,-2750210.673,21377636.921,1502.8599199999999,-3521.88897,639.16027,2020-03-30 11:59:41.970,86645039.68165839,356212424.04546213,144515980.55102342,147167519063.4699,23748513841.05542,10294393459.525192,58938.49979131943
46,2020,3,30,12,14,41.97,-13940065.751,-5886957.438,21766153.893,1786.02299,-3438.5979,223.01346999999998,2020-03-30 12:14:41.970,85766212.0343977,356320185.7969168,144646402.12982848,147163300260.2054,23772833779.977203,10304937146.035902,58938.5102079861
46,2020,3,30,12,29,41.97,-12216716.563,-8921854.454,21777999.472,2038.07847,-3295.90002,-196.67099,2020-03-30 12:29:41.970,84886937.70767571,356426034.40160674,144776047.13951352,147159076709.8533,23797152929.797127,10315480491.126633,58938.52062465277
46,2020,3,30,12,44,41.97,-10282160.848,-11802517.67,21413273.797000002,2254.70064,-3096.36901,-612.59952,2020-03-30 12:44:41.970,84007221.19099684,356529968.5985143,144904914.60179728,147154848412.6466,23821471289.723213,10326023494.44883,58938.53104131943
46,2020,3,30,12,59,41.97,-8169999.91,-14479327.106,20678610.297,2432.19769,-2843.5633500000004,-1017.5687499999999,2020-03-30 12:59:41.970,83127066.97918485,356631987.13492185,145033003.5414362,147150615368.81842,23845788858.96364,10336566155.653997,58938.5414579861
46,2020,3,30,13,14,41.97,-5916849.073,-16906283.114,19587037.178,2567.5726600000003,-2541.95678,-1404.59216,2020-03-30 13:14:41.970,82246479.57237317,356732088.7664273,145160312.98623234,147146377578.60223,23870105636.72675,10347108474.393679,58938.55187465277
46,2020,3,30,13,29,41.97,-3561689.893,-19041792.844,18157727.254,2658.571,-2196.85308,-1767.02117,2020-03-30 13:29:41.970,81365463.4759949,356830272.2569604,145286841.9670416,147142135042.23166,23894421622.221004,10357650450.31948,58938.56229131943
46,2020,3,30,13,44,41.97,-1145185.7689999999,-20849373.86,16415642.136999998,2703.7142799999997,-1814.28747,-2098.6585099999998,2020-03-30 13:44:41.970,80484023.20077266,356926536.3787983,145412589.517781,147137887759.9404,23918736814.65501,10368192083.083055,58938.5727079861
46,2020,3,30,13,59,41.97,1291026.468,-22298263.66,14391078.569,2702.31985,-1400.91653,-2393.8620300000002,2020-03-30 13:59:41.970,79602163.26270895,357020879.91258264,145537554.6754373,147133635731.9626,23943051213.237503,10378733372.336123,58938.58312465277
46,2020,3,30,14,14,41.97,3705056.296,-23363925.866,12119126.239,2654.50637,-963.899,-2647.63734,2020-03-30 14:14:41.970,78719888.1830758,357113301.6473349,145661736.48007432,147129378958.53247,23967364817.177376,10389274317.730453,58938.59354131943
46,2020,3,30,14,29,41.97,6055478.038000001,-24028445.894,9639047.682,2561.18567,-510.76979,-2855.7181100000003,2020-03-30 14:29:41.970,77837202.48840491,357203800.3804729,145785133.97484136,147125117439.8846,23991677625.683674,10399814918.917866,58938.6039579861
46,2020,3,30,14,44,41.97,8302036.002,-24280811.012,6993591.954000001,2424.04126,-49.30943,-3014.6328200000003,2020-03-30 14:44:41.970,76954110.71047725,357292374.91782653,145907746.2059812,147120851176.25354,24015989637.96553,10410355175.550232,58938.61437465277
46,2020,3,30,14,59,41.97,10406324.619,-24117071.762,4228254.521,2245.49434,412.58863,-3121.7574,2020-03-30 14:59:41.970,76070617.38631311,357379024.07365525,146029572.22283775,147116580167.87418,24040300853.232304,10420895087.279488,58938.62479131943
46,2020,3,30,15,14,41.97,12332432.672,-23540383.746,1390496.384,2028.65818,867.05083,-3175.3531599999997,2020-03-30 15:14:41.970,75186727.0581617,357463746.6706624,146150611.07786417,147112304414.9817,24064611270.69339,10431434653.7576,58938.6352079861
46,2020,3,30,15,29,41.97,14047541.578,-22560930.72,-1471064.259,1777.28183,1306.35411,-3174.58985,2020-03-30 15:29:41.970,74302444.27349095,357546541.5400133,146270861.8266311,147108023917.81137,24088920889.558422,10441973874.636642,58938.64562465277
46,2020,3,30,15,44,41.97,15522468.676,-21195731.787,-4307474.416,1495.6843900000001,1723.0525400000001,-3119.55386,2020-03-30 15:44:41.970,73417773.58497724,357627407.52135074,146390323.5278347,147103738676.59875,24113229709.03712,10452512749.568691,58938.65604131943
46,2020,3,30,15,59,41.97,16732147.521,-19468337.134,-7070269.4860000005,1188.68095,2110.09807,-3011.2418500000003,2020-03-30 15:59:41.970,72532719.55049482,357706343.4628108,146508995.2433046,147099448691.57965,24137537728.339375,10463051278.205893,58938.6664579861
46,2020,3,30,16,14,41.97,17656038.327999998,-17408418.37,-9712284.266,861.50163,2460.95377,-2851.54014,2020-03-30 16:14:41.970,71647286.73310567,357783348.2210403,146626876.03801164,147095153962.9899,24161844946.67519,10473589460.200464,58938.67687465277
46,2020,3,30,16,29,41.97,18278462.861,-15051260.843,-12188439.275999999,519.7049099999999,2769.69816,-2643.19055,2020-03-30 16:29:41.970,70761479.70104872,357858420.66121286,146743964.98007682,147090854491.06583,24186151363.25474,10484127295.204653,58938.68729131943
46,2020,3,30,16,44,41.97,18588859.235,-12437166.598,-14456490.479,169.08651999999998,3031.11927,-2389.74339,2020-03-30 16:44:41.970,69875303.02772956,357931559.65704507,146860261.14077875,147086550276.04376,24210456977.28833,10494664782.870779,58938.6977079861
46,2020,3,30,16,59,41.97,18581953.294,-9610777.679000001,-16477731.222,-184.41465000000002,3240.79743,-2095.4984,2020-03-30 16:59:41.970,68988761.29170974,358002764.09081274,146975763.59456176,147082241318.1603,24234761787.986412,10505201922.85122,58938.70812465277
46,2020,3,30,17,14,41.97,18257844.363,-6620330.411,-18217635.97,-534.81249,3395.17569,-1765.43466,2020-03-30 17:14:41.970,68101859.07669632,358072032.8533676,147090471.41904458,147077927617.65216,24259065794.559566,10515738714.798393,58938.71854131943
46,2020,3,30,17,29,41.97,17622004.316,-3516852.085,-19646436.32,-876.17016,3491.61729,-1405.13033,2020-03-30 17:29:41.970,67214600.97153099,358139364.84415424,147204383.69502807,147073609174.7565,24283368996.218544,10526275158.364786,58938.7289579861
46,2020,3,30,17,44,41.97,16685190.05,-353312.14,-20739620.673,-1202.6958699999998,3528.4492,-1020.67347,2020-03-30 17:44:41.970,66326991.570179425,358204758.97122645,147317499.5065033,147069285989.71045,24307671392.174217,10536811253.202934,58938.73937465277
46,2020,3,30,17,59,41.97,15463270.487,2816259.4880000004,-21478349.923,-1508.83678,3504.99145,-618.56478,2020-03-30 17:59:41.970,65439035.4717205,358268214.1512628,147429817.94066033,147064958062.75168,24331972981.63762,10547346998.965431,58938.74979131943
46,2020,3,30,18,14,41.97,13976970.381,5937673.744,-21849782.565,-1789.3698,3421.57156,-205.61372,2020-03-30 18:14:41.970,64550737.28033562,358329729.30958486,147541338.08789575,147060625394.11758,24356273763.8199,10557882395.304932,58938.7602079861
46,2020,3,30,18,29,41.97,12251534.234000001,8957490.015999999,-21847303.686,-2039.4881200000002,3279.52381,211.17092000000002,2020-03-30 18:29:41.970,63662101.60529757,358389303.3801728,147652059.04182148,147056287984.04614,24380573737.93238,10568417441.874136,58938.77062465277
46,2020,3,30,18,44,41.97,10316314.753,11823916.093,-21470653.472000003,-2254.8822,3081.17304,624.69469,2020-03-30 18:44:41.970,62773133.06095985,358446935.30568177,147761979.8992724,147051945832.77557,24404872903.18654,10578952138.325813,58938.78104131943
46,2020,3,30,18,59,41.97,8204291.332,14487686.499,-20725952.116,-2431.81403,2829.80276,1027.8938099999998,2020-03-30 18:59:41.970,61883836.266745515,358502624.0374596,147871099.76031548,147047598940.54395,24429171258.79397,10589486484.312777,58938.7914579861
46,2020,3,30,19,14,41.97,5951525.202,16902905.133,-19625619.324,-2567.1833899999997,2529.60774,1413.85274,2020-03-30 19:14:41.970,60994215.84713628,358556368.5355626,147979417.72825724,147043247307.58987,24453468803.9664,10600020479.487896,58938.80187465277
46,2020,3,30,19,29,41.97,3596558.9850000003,19027838.200999998,-18188188.121,-2658.58499,2185.63103,1775.92124,2020-03-30 19:29:41.970,60104276.43166128,358608167.7687727,148086932.90965253,147038890934.1521,24477765537.91573,10610554123.50412,58938.81229131943
46,2020,3,30,19,44,41.97,1179769.484,20825643.698,-16438014.205,-2704.3549900000003,1803.686,2107.82909,2020-03-30 19:44:41.970,59214022.65488617,358658020.7146142,148193644.4143125,147034529820.4696,24502061459.854015,10621087416.014416,58938.8227079861
46,2020,3,30,19,59,41.97,-1257316.345,22265024.171,-14404883.818,-2703.60615,1390.2639800000002,2403.79659,2020-03-30 19:59:41.970,58323459.15640164,358705926.3593701,148299551.3553134,147030163966.78143,24526356568.993435,10631620356.671846,58938.83312465277
46,2020,3,30,20,14,41.97,-3672731.339,23320790.266,-12123524.9,-2656.2501100000004,952.42851,2658.63861,2020-03-30 20:14:41.970,57432590.58081249,358751883.6980997,148404652.84900454,147025793373.32693,24550650864.54632,10642152945.129503,58938.84354131943
46,2020,3,30,20,29,41.97,-6024792.151,23974323.583,-9633028.171,-2563.00622,497.69762000000003,2867.86034,2020-03-30 20:29:41.970,56541421.577725954,358795891.734655,148508948.01501676,147021418040.34576,24574944345.72514,10652685181.040548,58938.8539579861
46,2020,3,30,20,44,41.97,-8272824.818999999,24213928.778,-6976186.689,-2425.39608,33.91575,3027.7423799999997,2020-03-30 20:44:41.970,55649956.80174077,358837949.48169714,148612435.97627085,147017037968.0775,24599237011.742527,10663217064.058197,58938.86437465277
46,2020,3,30,20,59,41.97,-10377878.828000002,24035066.52,-4198764.315,-2245.72336,-430.88256,3135.41327,2020-03-30 20:59:41.970,54758200.912435494,358878055.9607141,148715115.8589863,147012653156.76236,24623528861.811234,10673748593.835722,58938.87479131943
46,2020,3,30,21,14,41.97,-12303416.329,23440460.97,-1348705.2799999998,-2027.03883,-888.61478,3188.90757,2020-03-30 21:14:41.970,53866158.57435705,358916210.20203704,148816986.79268876,147008263606.64044,24647819895.144207,10684279770.026457,58938.8852079861
46,2020,3,30,21,29,41.97,-14015963.300999999,22440077.779,1524701.3320000002,-1773.09077,-1331.29555,3187.20774,2020-03-30 21:29:41.970,52973834.45700931,358952411.2448573,148918047.9102196,147003869317.95224,24672110110.95449,10694810592.283787,58938.89562465277
46,2020,3,30,21,44,41.97,-15485709.756000001,21050971.154,4371687.037,-1488.2614999999998,-1751.18193,3130.26854,2020-03-30 21:44:41.970,52081233.23484151,358986658.13724416,149018298.34774357,146999470290.93823,24696399508.455315,10705341060.261154,58938.90604131943
46,2020,3,30,21,59,41.97,-16687046.905,19297001.293,7142883.1559999995,-1177.4909499999999,-2140.91574,3019.0231,2020-03-30 21:59:41.970,51188359.58723658,359018949.93616027,149117737.24475777,146995066525.8393,24720688086.860012,10715871173.612068,58938.9164579861
46,2020,3,30,22,14,41.97,-17599030.252,17208426.301,9790196.942,-846.1887700000001,-2493.6596,2855.36996,2020-03-30 22:14:41.970,50295218.198499486,359049285.7074802,149216363.74409986,146990658022.89645,24744975845.382137,10726400931.990091,58938.92687465277
46,2020,3,30,22,29,41.97,-18205759.035,14821375.502999999,12267667.584,-500.13662999999997,-2803.22396,2642.14136,2020-03-30 22:29:41.970,49401813.75784538,359077664.5260066,149314176.9919566,146986244782.35092,24769262783.23529,10736930335.048834,58938.93729131943
46,2020,3,30,22,44,41.97,-18496664.130000003,12177213.751,14532285.295,-145.38285000000002,-3064.18187,2383.05305,2020-03-30 22:44:41.970,48508150.95938796,359104085.4754876,149411176.13787237,146981826804.4442,24793548899.633316,10747459382.441984,58938.9477079861
46,2020,3,30,22,59,41.97,-18466698.513,9321808.773,16544757.353,211.86836,-3271.96925,2082.6367999999998,2020-03-30 22:59:41.970,47614234.5021275,359128547.6486342,149507360.33475786,146977404089.4181,24817834193.790146,10757988073.823263,58938.95812465277
46,2020,3,30,23,14,41.97,-18116426.455000002,6304715.755,18270206.104000002,565.37075,-3422.96822,1746.15698,2020-03-30 23:14:41.970,46720069.089939,359151050.1471365,149602728.73889846,146972976637.5141,24842118664.919907,10768516408.846472,58938.96854131943
46,2020,3,30,23,29,41.97,-17452009.855,3178295.149,19678785.445,908.9503599999999,-3514.5719,1379.51314,2020-03-30 23:29:41.970,45825659.431560226,359171592.08168167,149697280.50996298,146968544448.97473,24866402312.23684,10779044387.165464,58938.9789579861
46,2020,3,30,23,44,41.97,-16485092.349,-3219.001,20746204.119999997,1236.61797,-3545.22945,989.13078,2020-03-30 23:44:41.970,44931010.24057952,359190172.571971,149791014.81101206,146964107524.04196,24890685134.955326,10789572008.434145,58938.98937465277
46,2020,3,30,23,59,41.97,-15232583.967,-3184682.034,21454146.307,1542.6772600000002,-3514.47047,581.84271,2020-03-30 23:59:41.970,44036126.235423826,359206790.74673694,149883930.80850697,146959665862.95847,24914967132.289932,10800099272.306486,58938.99979131943
