SVN,Year,Month,Day,Hour,Minute,Second,X_m,Y_m,Z_m,U_m/s,V_m/s,W_m/s,UTC,x_moon,y_moon,z_moon,x_sun,y_sun,z_sun,MJD
46,2020,3,1,0,14,41.97,13978258.799999999,22476723.321000002,-1873839.308,-1715.16589,1341.69768,3208.6662499999998,2020-03-01 00:14:41.970,256539930.6351161,290984750.7009797,98606275.5876227,139816049071.06473,-45163004125.3607,-19578839475.07722,58909.0102079861
46,2020,3,1,0,29,41.97,12318462.717,23486873.439,1021819.681,-1967.92971,899.8969999999999,3216.8618100000003,2020-03-01 00:29:41.970,255845026.73673162,291454905.24980986,98871910.0131383,139825379936.81064,-45139703054.20363,-19568737772.184673,58909.02062465277
46,2020,3,1,0,44,41.97,10446222.045,24091973.312,3899859.96,-2186.5913,442.88909,3169.58296,2020-03-01 00:44:41.970,255148823.005353,291923560.02210027,99137035.26440465,139834706171.47934,-45116400511.20323,-19558635429.523037,58909.03104131943
46,2020,3,1,0,59,41.97,8393953.958,24281884.893999998,6710686.042,-2367.4232,-21.41173,3067.7257299999997,2020-03-01 00:59:41.970,254451322.57875833,292390712.2224116,99401649.85069925,139844027774.8359,-45093096497.17387,-19548532447.448742,58909.0414579861
46,2020,3,1,1,14,41.97,6197134.750999999,24053649.844,9405935.300999999,-2507.36411,-484.98830999999996,2913.1288299999997,2020-03-01 01:14:41.970,253752528.6020303,292856359.06021315,99665752.28266515,139853344746.64627,-45069791012.929886,-19538428826.318214,58909.05187465277
46,2020,3,1,1,29,41.97,3893677.1659999997,23411518.877,11939310.579000002,-2604.06811,-939.86093,2708.53585,2020-03-01 01:29:41.970,253052444.22755584,293320497.7498958,99929341.0723171,139862657086.67627,-45046484059.28568,-19528324566.487873,58909.06229131943
46,2020,3,1,1,44,41.97,1523269.3569999998,22366855.819000002,14267371.7,-2655.94063,-1378.2250199999999,2457.54196,2020-03-01 01:44:41.970,252351072.61502546,293783125.510785,100192414.73304643,139871964794.6922,-45023175637.05551,-19518219668.314144,58909.0727079861
46,2020,3,1,1,59,41.97,-873312.455,20937919.698999997,16350272.613,-2662.16093,-1792.58409,2164.52661,2020-03-01 01:59:41.970,251648416.9314321,294244239.56715256,100454971.77962711,139881267870.4603,-44999865747.05374,-19508114132.15343,58909.08312465277
46,2020,3,1,2,14,41.97,-3254905.441,19149530.288999997,18152432.187,-2622.69099,-2175.87547,1834.5737,2020-03-01 02:14:41.970,250944480.35107133,294703837.1482311,100717010.72822091,139890566313.74753,-44976554390.094604,-19498007958.362198,58909.09354131943
46,2020,3,1,2,29,41.97,-5580663.64,17032624.356,19643128.192,-2538.27116,-2521.58712,1473.381,2020-03-01 02:29:41.970,250239266.05553994,295161915.4882249,100978530.09638335,139899860124.32053,-44953241566.99239,-19487901147.29684,58909.1039579861
46,2020,3,1,2,44,41.97,-7810751.688999999,14623711.521,20797005.601,-2410.4029699999996,-2823.86369,1087.16061,2020-03-01 02:44:41.970,249532777.23373586,295618471.8263248,101239528.40306872,139909149301.9466,-44929927278.56133,-19477793699.31378,58909.11437465277
46,2020,3,1,2,59,41.97,-9907017.538,11964239.956,21594491.953,-2241.3197099999998,-3077.60057,682.5323,2020-03-01 02:59:41.970,248825017.08185694,296073503.40671927,101500004.16863611,139918433846.39325,-44906611525.615654,-19467685614.769474,58909.12479131943
46,2020,3,1,3,14,41.97,-11833633.512,9099883.279,22022114.193,-2033.9456500000001,-3278.52483,266.41152,2020-03-01 03:14:41.970,248115988.80340058,296527007.4786085,101759955.91485494,139927713757.42816,-44883294308.96949,-19457576894.020294,58909.1352079861
46,2020,3,1,3,29,41.97,-13557695.833,6079760.886,22072712.987,-1791.8446800000002,-3423.2620800000004,-154.10614999999999,2020-03-01 03:29:41.970,247405695.60916346,296978981.29621774,102019382.16491058,139936989034.8191,-44859975629.43709,-19447467537.422684,58909.14562465277
46,2020,3,1,3,44,41.97,-15049773.545,2955604.631,21745552.107,-1519.1594,-3509.38868,-571.86236,2020-03-01 03:44:41.970,246694140.7172401,297429422.1188088,102278281.44340958,139946259678.33432,-44836655487.83256,-19437357545.33308,58909.15604131943
46,2020,3,1,3,59,41.97,-16284398.642,-219114.708,21046321.962,-1220.54151,-3535.46889,-979.75355,2020-03-01 03:59:41.970,245981327.3530228,297878327.2106951,102536652.27638616,139955525687.7424,-44813333884.97,-19427246918.107887,58909.1664579861
46,2020,3,1,4,14,41.97,-17240490.14,-3390087.408,19987037.841000002,-901.07483,-3501.07646,-1370.8471499999998,2020-03-01 04:14:41.970,245267258.74920064,298325693.84125257,102794493.19130716,139964787062.81183,-44790010821.66355,-19417135656.103523,58909.17687465277
46,2020,3,1,4,29,41.97,-17901705.795,-6503077.231000001,18585834.816999998,-566.19168,-3406.80062,-1738.49477,2020-03-01 04:29:41.970,244551938.14575887,298771519.2849349,103051802.71707784,139974043803.31155,-44766686298.72724,-19407023759.67641,58909.18729131943
46,2020,3,1,4,44,41.97,-18256716.15,-9504832.205,16866662.648000002,-221.58405,-3254.23648,-2076.44096,2020-03-01 04:44:41.970,243835368.7899786,299215800.8212851,103308579.3840481,139983295909.01086,-44743360316.97519,-19396911229.182976,58909.1977079861
46,2020,3,1,4,59,41.97,-18299396.637999997,-12343979.694,14858885.341,126.88938999999999,-3045.95974,-2378.92606,2020-03-01 04:59:41.970,243117553.93643534,299658535.73495054,103564821.72401743,139992543379.6791,-44720032877.22135,-19386798064.97961,58909.20812465277
46,2020,3,1,5,14,41.97,-18028934.576,-14971891.814000001,12596791.36,473.29929,-2785.48613,-2640.78172,2020-03-01 05:14:41.970,242398496.8469992,300099721.315694,103820528.27024128,140001786215.08588,-44696703980.279785,-19376684267.422768,58909.21854131943
46,2020,3,1,5,29,41.97,-17449848.988,-17343507.565,10119021.757000001,811.74309,-2477.21585,-2857.51753,2020-03-01 05:29:41.970,241678200.7908336,300539354.85840845,104075697.55743656,140011024415.0013,-44673373626.96445,-19366569836.868813,58909.2289579861
46,2020,3,1,5,44,41.97,-16571922.456,-19418098.436,7467924.742000001,1136.44279,-2126.36364,-3025.39759,2020-03-01 05:44:41.970,240956669.04439476,300977433.66313034,104330328.12178741,140020257979.19547,-44650041818.0893,-19356454773.674202,58909.23937465277
46,2020,3,1,5,59,41.97,-15410045.406,-21159964.903,4688846.45,1441.8415300000001,-1738.87527,-3141.50558,2020-03-01 05:59:41.970,240233904.89143088,301413955.03505254,104584418.50095099,140029486907.43875,-44626708554.46826,-19346339078.195328,58909.24979131943
46,2020,3,1,6,14,41.97,-13983974.609000001,-22539051.978,1829368.763,1722.69741,-1321.3313799999999,-3203.7971000000002,2020-03-01 06:14:41.970,239509911.62298197,301848916.2845382,104837967.23406337,140038711199.5019,-44603373836.91527,-19336222750.788586,58909.2602079861
46,2020,3,1,6,29,41.97,-12318009.013999999,-23531473.021,-1061493.8560000001,1974.1731,-880.83998,-3211.1382599999997,2020-03-01 06:29:41.970,238784692.5373781,302282314.72713363,105090972.86174543,140047930855.1558,-44580037666.24417,-19326105791.810417,58909.27062465277
46,2020,3,1,6,44,41.97,-10440587.411,-24119932.236,-3934125.712,2191.91969,-424.91907000000003,-3163.32959,2020-03-01 06:44:41.970,238058250.94023985,302714147.6835825,105343433.92610839,140057145874.17157,-44556700043.26881,-19315988201.6172,58909.28104131943
46,2020,3,1,6,59,41.97,-8383813.828000001,-24294037.705,-6739155.79,2372.1532,38.62889,-3061.1144,2020-03-01 06:59:41.970,237330590.14447668,303144412.4798386,105595348.97076008,140066356256.3207,-44533360968.80307,-19305869980.565353,58909.2914579861
46,2020,3,1,7,14,41.97,-6182917.876,-24050498.493,-9428304.123,2511.72235,501.84876,-2906.17131,2020-03-01 07:14:41.970,236601713.47028688,303573106.44708014,105846716.54081042,140075562001.37488,-44510020443.660706,-19295751129.01128,58909.30187465277
46,2020,3,1,7,29,41.97,-3875658.567,-23393201.193,-11955214.143,2608.16622,956.7684800000001,-2701.0906499999996,2020-03-01 07:29:41.970,235871624.2451563,304000226.92172384,106097535.1828777,140084763109.10605,-44486678468.65551,-19285631647.311382,58909.31229131943
46,2020,3,1,7,44,41.97,-1501681.261,-22333163.28,-14276256.514,2659.76056,1395.53664,-2449.3346699999997,2020-03-01 07:44:41.970,235140325.80385807,304425771.2454367,106347803.44509432,140093959579.2862,-44463335044.60128,-19275511535.822037,58909.3227079861
46,2020,3,1,7,59,41.97,898161.538,-20888362.797999997,-16351290.150999999,2665.55165,1810.55934,-2155.18228,2020-03-01 07:59:41.970,234407821.4884513,304849736.76515216,106597519.87711269,140103151411.6881,-44439990172.31167,-19265390794.899666,58909.33312465277
46,2020,3,1,8,14,41.97,3282513.9979999997,-19083446.113,-18144366.618,2625.3770099999997,2194.63388,-1823.65867,2020-03-01 08:14:41.970,233674114.64828104,305272120.8330815,106846683.03011124,140112338606.08405,-44416643852.60043,-19255269424.900658,58909.34354131943
46,2020,3,1,8,29,41.97,5610233.166,-16949317.712,-19624364.904999997,2539.87214,2541.0767600000004,-1460.4511200000002,2020-03-01 08:29:41.970,232939208.6399767,305692920.8067299,107095291.45680045,140121521162.2472,-44393296086.281204,-19245147426.1814,58909.3539579861
46,2020,3,1,8,44,41.97,7841104.922,-14522618.270000001,-20765544.625,2410.4631900000004,2843.84356,-1071.81218,2020-03-01 08:44:41.970,232203106.82745212,306112134.0489085,107343343.71142873,140130699079.95062,-44369946874.16763,-19235024799.098286,58909.36437465277
46,2020,3,1,8,59,41.97,9936546.858,-11845099.374,-21548007.012,2239.34524,3097.63836,-664.4519,2020-03-01 08:59:41.970,231465812.58190405,306529757.9277493,107590838.3497885,140139872358.96774,-44346596217.07341,-19224901544.007706,58909.37479131943
46,2020,3,1,9,14,41.97,11860285.291,-8962905.344,-21958054.669,2029.4466,3298.0104,-245.42093,2020-03-01 09:14:41.970,230727329.2818118,306945789.8167185,107837773.92922236,140149040999.07236,-44323244115.812035,-19214777661.266026,58909.3852079861
46,2020,3,1,9,29,41.97,13578993.966,-5925774.475000001,-21988442.792000003,1784.37949,3441.43619,178.01341000000002,2020-03-01 09:29:41.970,229987660.31293663,307360227.0946313,108084149.00862874,140158205000.03818,-44299890571.19713,-19204653151.22966,58909.39562465277
46,2020,3,1,9,44,41.97,15062882.540000001,-2786173.705,-21638516.566,1508.3779100000002,3525.38506,598.4957400000001,2020-03-01 09:44:41.970,229246809.06832024,307773067.14566505,108329962.14846851,140167364361.6395,-44276535584.0422,-19194528014.254967,58909.40604131943
46,2020,3,1,9,59,41.97,16286223.799999999,401617.843,-20914231.53,1206.2238,3548.36702,1008.71365,2020-03-01 09:59:41.970,228504778.94828445,308184307.3593731,108575211.9107706,140176519083.65067,-44253179155.16075,-19184402250.698322,58909.4164579861
46,2020,3,1,10,14,41.97,17227809.582999997,3582459.886,-19828055.941,883.1627199999999,3509.96155,1401.5285,2020-03-01 10:14:41.970,227761573.3604305,308593945.1307009,108819896.85913837,140185669165.84644,-44229821285.36631,-19174275860.91612,58909.42687465277
46,2020,3,1,10,29,41.97,17871326.689000003,6701319.149,-18398756.415,544.81063,3410.82682,1770.10358,2020-03-01 10:29:41.970,227017195.71963808,309001977.8599974,109064015.55875567,140194814608.00165,-44206461975.4723,-19164148845.264698,58909.43729131943
46,2020,3,1,10,44,41.97,18205645.559,9704236.807,-16651070.44,197.05353,3252.68888,2108.0269,2020-03-01 10:44:41.970,226271649.44806415,309408402.9530312,109307566.57639305,140203955409.89154,-44183101226.29214,-19154021204.100452,58909.4477079861
46,2020,3,1,10,59,41.97,18225016.14,12539277.223,-14615271.585,-154.05804,3038.3109,2409.42647,2020-03-01 10:59:41.970,225524937.97514263,309813217.82100356,109550548.48041378,140213091571.29153,-44159739038.639244,-19143892937.779728,58909.45812465277
46,2020,3,1,11,14,41.97,17929167.208,15157440.290000001,-12326635.396,-502.41767999999996,2771.4431799999998,2669.07536,2020-03-01 11:14:41.970,224777064.7375832,310216419.8805643,109792959.84078018,140222223091.97723,-44136375413.326935,-19133764046.658916,58909.46854131943
46,2020,3,1,11,29,41.97,17323307.304,17513520.354,-9824815.955,-841.9727700000001,2456.75468,2882.48481,2020-03-01 11:29:41.970,224028033.17937034,310618006.5538242,110034799.22905986,140231349971.72452,-44113010351.16861,-19123634531.094337,58909.4789579861
46,2020,3,1,11,44,41.97,16418027.424,19566895.79,-7153144.892999999,-1166.83277,2099.7476,3045.98317,2020-03-01 11:44:41.970,223277846.75176308,311017975.2683706,110276065.21843167,140240472210.3096,-44089643852.97756,-19113504391.44237,58909.48937465277
46,2020,3,1,11,59,41.97,15229107.582,21282234.706,-4357866.163,-1471.37414,1706.65678,3156.77947,2020-03-01 11:59:41.970,222526508.91329333,311416323.45728135,110516756.38369235,140249589807.5089,-44066275919.56706,-19103373628.059364,58909.49979131943
46,2020,3,1,12,14,41.97,13777231.277,22630104.038000003,-1487321.097,-1750.3398,1284.33597,3213.01022,2020-03-01 12:14:41.970,221774023.12976533,311813048.55914,110756871.30126253,140258702763.099,-44042906551.750374,-19093242241.30167,58909.5102079861
46,2020,3,1,12,29,41.97,12087613.717,23587471.336999997,1408900.8429999999,-1998.93097,840.1335300000001,3213.7686900000003,2020-03-01 12:29:41.970,221020392.8742547,312208148.01804894,110996408.54919305,140267811076.85696,-44019535750.34071,-19083110231.525623,58909.52062465277
46,2020,3,1,12,44,41.97,10189551.313,24138090.823,4280829.7,-2212.89003,381.76,3159.1164900000003,2020-03-01 12:44:41.970,220265621.6271078,312601619.2836452,111235366.70717132,140276914748.55984,-43996163516.15125,-19072977599.08756,58909.53104131943
46,2020,3,1,12,59,41.97,8115901.376,24272767.683,7078985.038,-2388.5725500000003,-82.84959,3050.0773400000003,2020-03-01 12:59:41.970,219509712.87593997,312993459.81111425,111473744.35652758,140286013777.9851,-43972789849.995155,-19062844344.34383,58909.5414579861
46,2020,3,1,13,14,41.97,5902502.186,23989497.101,9755232.511,-2523.0076,-545.67594,2888.61353,2020-03-01 13:14:41.970,218752670.11563563,313383667.0612057,111711540.08024144,140295108164.91034,-43949414752.68556,-19052710467.650753,58909.55187465277
46,2020,3,1,13,29,41.97,3587544.505,23293476.955,12263611.817000002,-2613.9451999999997,-998.75554,2677.58599,2020-03-01 13:29:41.970,217994496.8483466,313772238.5002462,111948752.46294802,140304197909.1135,-43926038225.035576,-19042575969.36468,58909.56229131943
46,2020,3,1,13,44,41.97,1210906.258,22196995.552,14561121.722,-2659.89063,-1434.31792,2420.69908,2020-03-01 13:44:41.970,217235196.5834913,314159171.60015607,112185380.09094447,140313283010.3727,-43902660267.85827,-19032440849.841904,58909.5727079861
46,2020,3,1,13,59,41.97,-1186537.5,20719197.994,16608449.018,-2660.12511,-1844.91768,2122.4314799999997,2020-03-01 13:59:41.970,216474772.8377538,314544463.8384631,112421421.55219638,140322363468.46637,-43879280881.96667,-19022305109.438766,58909.58312465277
46,2020,3,1,14,14,41.97,-3563617.157,18885736.853,18370629.647,-2614.71293,-2223.55924,1787.9548,2020-03-01 14:14:41.970,215713229.13508293,314928112.6983171,112656875.43634406,140331439283.17325,-43855900068.17378,-19012168748.51159,58909.59354131943
46,2020,3,1,14,29,41.97,-5879571.563,16728314.652,19817631.717,-2524.49538,-2563.81222,1423.04169,2020-03-01 14:29:41.970,214950569.00669098,315310115.6685059,112891740.33470927,140340510454.2722,-43832517827.29257,-19002031767.416656,58909.6039579861
46,2020,3,1,14,44,41.97,-8094739.799,14284127.228,20924851.754,-2391.07196,-2859.91608,1033.96525,2020-03-01 14:44:41.970,214186795.9910529,315690470.2434689,113126014.8403015,140349576981.5423,-43809134160.13599,-18991894166.510292,58909.61437465277
46,2020,3,1,14,59,41.97,-10171230.482,11595218.395,21673517.167999998,-2216.76937,-3106.87241,627.39151,2020-03-01 14:59:41.970,213421913.63390493,316069173.923313,113359697.54782446,140358638864.76297,-43785749067.51697,-18981755946.148815,58909.62479131943
46,2020,3,1,15,14,41.97,-12073558.072,8707757.369,22050989.54,-2004.59926,-3300.52407,210.26683,2020-03-01 15:14:41.970,212655925.4882442,316446224.2138276,113592787.05368271,140367696103.71387,-43762362550.24836,-18971617106.688496,58909.6352079861
46,2020,3,1,15,29,41.97,-13769236.378,5671251.339000001,22050964.972000003,-1758.20561,-3437.6201100000003,-210.29793,2020-03-01 15:29:41.970,211888835.114327,316821618.62649876,113825281.95598823,140376748698.17502,-43738974609.14301,-18961477648.485645,58909.64562465277
46,2020,3,1,15,44,41.97,-15229320.328,2537706.1410000003,21673569.284,-1481.8025,-3515.86603,-627.14499,2020-03-01 15:44:41.970,211120646.07966784,317195354.67852527,114057180.85456654,140385796647.9264,-43715585245.01374,-18951337571.89653,58909.65604131943
46,2020,3,1,15,59,41.97,-16428887.918,-639251.4519999999,20925347.355,-1180.1035900000002,-3533.95882,-1033.18706,2020-03-01 15:59:41.970,210351361.95903835,317567429.8928336,114288482.35096411,140394839952.74863,-43692194458.67334,-18941196877.27745,58909.6664579861
46,2020,3,1,16,14,41.97,-17347455.218,-3805276.031,19819147.356000002,-858.24404,-3491.6064800000004,-1421.5232,2020-03-01 16:14:41.970,209580986.3344666,317937841.79809284,114519185.04845409,140403878612.42212,-43668802250.93457,-18931055564.98471,58909.67687465277
46,2020,3,1,16,29,41.97,-17969318.246999998,-6906216.419000001,18373902.027,-521.69628,-3389.53198,-1785.55151,2020-03-01 16:29:41.970,208809522.79523507,318306587.9287298,114749287.55204369,140412912626.72784,-43645408622.610085,-18920913635.37453,58909.68729131943
46,2020,3,1,16,44,41.97,-18283816.554,-9889025.028,16614310.517,-176.18044999999998,-3229.46151,-2119.07721,2020-03-01 16:44:41.970,208036974.93788043,318673665.82494485,114978788.46848014,140421941995.44696,-43622013574.51262,-18910771088.803207,58909.6977079861
46,2020,3,1,16,59,41.97,-18285514.376,-12702649.636,14570425.618999999,172.42903,-3014.0972,-2416.41449,2020-03-01 16:59:41.970,207263346.3661916,319039073.0327272,115207686.40625797,140430966718.36102,-43598617107.45481,-18900627925.62701,58909.70812465277
46,2020,3,1,17,14,41.97,-17974296.343000002,-15298893.711000001,12277152.582,518.1996800000001,-2747.0745399999996,-2672.48095,2020-03-01 17:14:41.970,206488640.6912088,319402807.1038696,115435979.97562522,140439986795.2514,-43575219222.249306,-18890484146.202183,58909.71854131943
46,2020,3,1,17,29,41.97,-17355375.831,-17633231.671,9773666.907000002,855.23863,-2432.9049299999997,-2882.88295,2020-03-01 17:29:41.970,205712861.53122297,319764865.5959844,115663667.78859052,140449002225.9002,-43551819919.7086,-18880339750.884983,58909.7289579861
46,2020,3,1,17,44,41.97,-16439215.327999998,-19665565.954,7102759.84,1177.79029,-2076.9039000000002,-3043.99071,2020-03-01 17:44:41.970,204936012.5117735,320125246.07251906,115890748.45892964,140458013010.08957,-43528419200.64531,-18870194740.03164,58909.73937465277
46,2020,3,1,17,59,41.97,-15241359.376,-21360913.377,4310121.453,1480.33264,-1685.10592,-3153.0017199999998,2020-03-01 17:59:41.970,204158097.2656476,320483946.1027716,116117220.6021922,140467019147.60168,-43505017065.87194,-18860049113.99842,58909.74979131943
46,2020,3,1,18,14,41.97,-13782182.053000001,-22690009.097999997,1443572.311,1757.67063,-1264.16669,-3207.9913699999997,2020-03-01 18:14:41.970,203379119.43287885,320840963.2619058,116343082.83570853,140476020638.21948,-43481613516.200935,-18849902873.141552,58909.7602079861
46,2020,3,1,18,29,41.97,-12086552.276,-23629817.522,-1447744.192,2005.0251600000001,-821.2542900000001,-3207.94956,2020-03-01 18:29:41.970,202599082.66074592,321196295.1309673,116568333.77859673,140485017481.7256,-43458208552.44473,-18839756017.817257,58909.77062465277
46,2020,3,1,18,44,41.97,-10183421.612,-24163940.754,-4314195.91,2218.11604,-363.93061,-3152.80262,2020-03-01 18:44:41.970,201817990.60377154,321549939.2968992,116792972.05176882,140494009677.90332,-43434802175.41581,-18829608548.381756,58909.78104131943
46,2020,3,1,18,59,41.97,-8105340.664,-24282916.66,-7106508.74,2393.23747,99.97507999999999,-3043.4196199999997,2020-03-01 18:59:41.970,201035846.9237207,321901893.35255754,117016996.27793837,140502997226.5361,-43411394385.926445,-18819460465.191288,58909.7914579861
46,2020,3,1,19,14,41.97,-5887911.437,-23984400.289,-9776611.959,2527.32462,562.49854,-2881.60271,2020-03-01 19:14:41.970,200252655.28959954,322252154.8967276,117240405.08162683,140511980127.40744,-43387985184.78904,-18809311768.602024,58909.80187465277
46,2020,3,1,19,29,41.97,-3569184.345,-23273224.277000003,-12278467.616,2618.0098799999996,1015.6766800000001,-2670.06137,2020-03-01 19:29:41.970,199468419.37765405,322600721.53413886,117463197.08917081,140520958380.30124,-43364574572.815865,-18799162458.9702,58909.81229131943
46,2020,3,1,19,44,41.97,-1189009.6739999999,-22161335.897,-14568869.478,2663.66758,1451.68523,-2412.37054,2020-03-01 19:44:41.970,198683142.8713687,322947590.8754819,117685370.92872849,140529931985.00162,-43341162550.81923,-18789012536.652,58909.8227079861
46,2020,3,1,19,59,41.97,1211645.647,-20667610.533,-16608197.288999999,2663.44625,1862.9751999999999,-2112.9132799999998,2020-03-01 19:59:41.970,197896829.46146485,323292760.5374237,117906925.2302872,140538900941.29315,-43317749119.61128,-18778862002.00362,58909.83312465277
46,2020,3,1,20,14,41.97,3591404.344,-18817543.634000003,-18361112.609,2617.2874699999998,2242.40607,-1776.80847,2020-03-01 20:14:41.970,197109482.84589934,323636228.14262366,118127858.62566985,140547865248.96036,-43294334280.00426,-18768710855.381252,58909.84354131943
46,2020,3,1,20,29,41.97,5909195.853999999,-16642825.417,-19797183.371,2525.93089,2583.37276,-1409.8248600000002,2020-03-01 20:29:41.970,196321106.72986323,323977991.31975,118348169.7485422,140556824907.78796,-43270918032.81029,-18758559097.14106,58909.8539579861
46,2020,3,1,20,44,41.97,8124971.46,-14180804.829,-20891425.353,2390.90491,2879.92434,-1018.28268,2020-03-01 20:44:41.970,195531704.82578024,324318047.7034949,118567857.23441985,140565779917.56134,-43247500378.841545,-18748406727.63924,58909.86437465277
46,2020,3,1,20,59,41.97,10200404.672,-11473851.441000002,-21624750.144,2214.5031799999997,3126.87176,-608.94451,2020-03-01 20:59:41.970,194741280.853305,324656394.93459255,118786919.72067514,140574730278.06577,-43224081318.91006,-18738253747.231934,58909.87479131943
46,2020,3,1,21,14,41.97,12099564.087000001,-8568625.962,-21984310.771,1999.74707,3319.88281,-188.89735,2020-03-01 21:14:41.970,193949838.5393221,324993030.6598326,119005355.84654433,140583675989.08688,-43200660853.82787,-18728100156.275288,58909.8852079861
46,2020,3,1,21,29,41.97,13789546.333,-5515271.947000001,-21963737.986,1750.33457,3455.56205,234.57208,2020-03-01 21:29:41.970,193157381.61794376,325327952.53207886,119223164.25313465,140592617050.4106,-43177238984.40703,-18717945955.12549,58909.89562465277
46,2020,3,1,21,44,41.97,15241057.294,-2366542.8940000003,-21563262.146,1470.57663,3531.51414,654.10646,2020-03-01 21:44:41.970,192363913.83050916,325661158.2102842,119440343.58343145,140601553461.8231,-43153815711.459465,-18707791144.138657,58909.90604131943
46,2020,3,1,21,59,41.97,16428930.660000002,823119.6529999999,-20789717.826,1165.32176,3546.3892,1062.4089800000002,2020-03-01 21:59:41.970,191569438.92558196,325992645.3595074,119656892.48230521,140610485223.11063,-43130391035.79712,-18697635723.67094,58909.9164579861
46,2020,3,1,22,14,41.97,17332573.965,3998540.304,-19656430.44,839.8705,3499.90908,1452.37395,2020-03-01 22:14:41.970,190773960.65894946,326322411.6509295,119872809.59651873,140619412334.0599,-43106964958.23186,-18687479694.078457,58909.92687465277
46,2020,3,1,22,29,41.97,17936333.552,7104778.813,-18182986.502,499.8811,3392.8739100000003,1817.21436,2020-03-01 22:29:41.970,189977482.7936203,326650454.76187027,120088093.5747346,140628334794.45773,-43083537479.57559,-18677323055.71732,58909.93729131943
46,2020,3,1,22,44,41.97,18229771.453,10088095.981,-16394891.405,151.26839999999999,3227.14865,2150.58391,2020-03-01 22:44:41.970,189180009.0998234,326976772.375804,120302743.0675219,140637252604.0913,-43060108600.64009,-18667165808.94368,58909.9477079861
46,2020,3,1,22,59,41.97,18207848.855,12896898.477999998,-14323120.839,-199.9023,3005.62975,2446.6908799999997,2020-03-01 22:59:41.970,188381543.35500574,327301362.18237704,120516756.72736369,140646165762.74805,-43036678322.237114,-18657007954.11359,58909.95812465277
46,2020,3,1,23,14,41.97,17871012.645999998,15482644.980999999,-12003574.119,-547.52415,2732.1926900000003,2700.40189,2020-03-01 23:14:41.970,187582089.34383106,327624221.8774237,120730133.2086644,140655074270.21548,-43013246645.178444,-18646849491.5832,58909.96854131943
46,2020,3,1,23,29,41.97,17225183.46,17800696.739,-9476439.661,-885.55831,2411.62113,2907.33308,2020-03-01 23:29:41.970,186781650.85817772,327945349.16298354,120942871.16775684,140663978126.2814,-42989813570.27571,-18636690421.708576,58909.9789579861
46,2020,3,1,23,44,41.97,16281645.629,19811096.781,-6785484.597,-1208.14205,2049.51946,3063.9271799999997,2020-03-01 23:44:41.970,185980231.6971374,328264741.7473172,121154969.26290968,140672877330.73416,-42966379098.34065,-18626530744.84581,58909.98937465277
46,2020,3,1,23,59,41.97,15056841.402,21479263.481999997,-3977282.0270000002,-1509.69303,1652.2103100000002,3167.51481,2020-03-01 23:59:41.970,185177835.6670129,328582397.34492373,121366426.15433465,140681771883.36206,-42942943230.18484,-18616370461.350975,58909.99979131943
46,2020,3,2,0,14,41.97,13572073.62,22776587.294,-1100389.365,-1785.00792,1226.61912,3216.3589300000003,2020-03-02 00:14:41.970,184374466.58131635,328898313.6765573,121577240.50419402,140690661783.95364,-42919505966.61985,-18606209571.580128,58910.0102079861
46,2020,3,2,0,29,41.97,11853123.499,23680912.309,1795499.3730000001,-2029.3531100000002,780.14941,3209.6822399999996,2020-03-02 00:29:41.970,183570128.2607678,329212488.4692441,121787410.9766078,140699547032.29782,-42896067308.457245,-18596048075.889324,58910.02062465277
46,2020,3,2,0,44,41.97,9929789.831,24176914.755000003,4660430.077,-2238.5463900000004,320.5483,3147.67566,2020-03-02 00:44:41.970,182764824.53329265,329524919.45629936,121996936.2376613,140708427628.1837,-42872627256.50849,-18585885974.63463,58910.03104131943
46,2020,3,2,0,59,41.97,7835360.488,24256345.18,7445052.532,-2409.02745,-144.23085,3031.49019,2020-03-02 00:59:41.970,181958559.2340206,329835604.3773429,122205814.95541257,140717303571.4007,-42849185811.585045,-18575723268.172073,58910.0414579861
46,2020,3,2,1,14,41.97,5606025.301,23918152.267,10101475.379999999,-2537.91653,-606.16899,2863.21105,2020-03-02 01:14:41.970,181151336.2052825,330144540.9783188,122414045.79989968,140726174861.73828,-42825742974.49832,-18565559956.857704,58910.05187465277
46,2020,3,2,1,29,41.97,3280241.9359999998,23168478.894,12584089.168,-2623.0602900000004,-1057.32119,2645.81561,2020-03-02 01:29:41.970,180343159.29660955,330451727.0115101,122621627.4431483,140735041498.98648,-42802298746.05972,-18555396041.04753,58910.06229131943
46,2020,3,2,1,44,41.97,898066.501,22020533.577999998,14850344.639,-2663.06428,-1489.95333,2383.11622,2020-03-02 01:44:41.970,179534032.36473107,330757160.23555684,122828558.55917922,140743903482.93536,-42778853127.080536,-18545231521.09758,58910.0727079861
46,2020,3,2,1,59,41.97,-1499538.9849999999,20494341.207000002,16861473.289,-2657.3118299999996,-1896.67334,2079.68934,2020-03-02 01:59:41.970,178723959.27357182,331060838.4154733,123034837.82401583,140752760813.37515,-42755406118.372086,-18535066397.363853,58910.08312465277
46,2020,3,2,2,14,41.97,-3871410.0549999997,18616378.967,18583138.618,-2605.9695,-2270.55471,1740.79267,2020-03-02 02:14:41.970,177912943.89425057,331362759.32266533,123240463.91569166,140761613490.09662,-42731957720.745575,-18524900670.20235,58910.09354131943
46,2020,3,2,2,29,41.97,-6176882.159,16419105.207,19986008.007,-2509.9792899999998,-2605.2506200000003,1372.27196,2020-03-02 02:29:41.970,177100990.10507792,331662920.73494625,123445435.51425804,140770461512.89072,-42708507935.01225,-18514734339.96905,58910.1039579861
46,2020,3,2,2,44,41.97,-8376480.261999999,13940390.493,21046236.782,-2371.03814,-2895.0969,980.45934,2020-03-02 02:44:41.970,176288101.79155385,331961320.4365568,123649751.30179152,140779304881.5483,-42685056761.98328,-18504567407.019943,58910.11437465277
46,2020,3,2,2,59,41.97,-10432584.555,11222861.446,21745857.671,-2191.5654600000003,-3135.20273,572.06507,2020-03-02 02:59:41.970,175474282.84636623,332257956.21818006,123853409.96240178,140788143595.86096,-42661604202.46973,-18494399871.711002,58910.12479131943
46,2020,3,2,3,14,41.97,-12310061.82,8313168.944999999,22073070.473,-1974.65942,-3321.52785,154.06433,2020-03-02 03:14:41.970,174659537.1693876,332552825.8769595,124056410.18223897,140796977655.62,-42638150257.282715,-18484231734.39817,58910.1352079861
46,2020,3,2,3,29,41.97,-13976852.778,5261193.161,22022428.400000002,-1724.0430099999999,-3450.9456,-266.41891,2020-03-02 03:29:41.970,173843868.66767415,332845927.21651715,124258750.64950158,140805807060.6176,-42614694927.23329,-18474062995.437424,58910.14562465277
46,2020,3,2,3,44,41.97,-15404506.557,2119198.49,21594919.09,-1444.0006700000001,-3521.29115,-682.22951,2020-03-02 03:44:41.970,173027281.25546268,333137258.0469711,124460430.05444415,140814631810.64566,-42591238213.132385,-18463893655.18469,58910.15604131943
46,2020,3,2,3,59,41.97,-16568654.356999999,-1059048.096,20797939.772,-1139.30663,-3531.3944699999997,-1086.29853,2020-03-02 03:59:41.970,172209778.85416836,333426816.1849521,124661447.0893848,140823451905.49664,-42567780115.790985,-18453723713.99589,58910.1664579861
46,2020,3,2,4,14,41.97,-17449415.279,-4219181.415,19645167.544,-815.14608,-3481.0978499999997,-1471.75867,2020-03-02 04:14:41.970,171391365.39238295,333714599.45362175,124861800.44871335,140832267344.9631,-42544320636.020004,-18443553172.22697,58910.17687465277
46,2020,3,2,4,29,41.97,-18031728.291,-7307151.154,18156327.091,-477.03002,-3371.25772,-1832.05646,2020-03-02 04:29:41.970,170572044.80587187,334000605.6826908,125061488.82889874,140841078128.83777,-42520859774.63027,-18433382030.23383,58910.18729131943
46,2020,3,2,4,44,41.97,-18305605.273000002,-10270129.558,16356859.545,-130.70521,-3203.73084,-2161.05957,2020-03-02 04:44:41.970,169751821.03757203,334284832.7084359,125260510.92849694,140849884256.9139,-42497397532.43262,-18423210288.372375,58910.1977079861
46,2020,3,2,4,59,41.97,-18266301.18,-13057399.7,14277497.506,217.93973,-2981.34501,-2453.15775,2020-03-02 04:59:41.970,168930698.0375895,334567278.3737178,125458865.44815898,140858685728.98483,-42473933910.2378,-18413037946.99849,58910.20812465277
46,2020,3,2,5,14,41.97,-17914398.419,-15621210.471,11953752.56,562.97087,-2707.85446,-2703.35608,2020-03-02 05:14:41.970,168108679.76319697,334847940.52799946,125656551.09063846,140867482544.8441,-42450468908.856514,-18402865006.46807,58910.21854131943
46,2020,3,2,5,29,41.97,-17255803.718,-17917584.766,9425322.898,898.5066499999999,-2387.88053,-2907.3590999999997,2020-03-02 05:29:41.970,167285770.17883134,335126817.02736366,125853566.56079984,140876274704.2855,-42427002529.099525,-18392691467.13697,58910.2289579861
46,2020,3,2,5,44,41.97,-16301656.987,-19907067.783,6735429.890000001,1218.81551,-2026.8380499999998,-3061.64431,2020-03-02 05:44:41.970,166461973.25609097,335403905.734531,126049910.56562594,140885062207.10324,-42403534771.77738,-18382517329.361057,58910.23937465277
46,2020,3,2,5,59,41.97,-15068152.937,-21555403.039,3930093.657,1518.4119,-1630.84846,-3163.5239899999997,2020-03-02 05:59:41.970,165637292.97373345,335679204.5188778,126245581.81422623,140893845053.0915,-42380065637.7007,-18372342593.49619,58910.24979131943
46,2020,3,2,6,14,41.97,-13576277.574,-22834124.541,1057358.81,1792.1492,-1206.64058,-3211.194,2020-03-02 06:14:41.970,164811733.3176727,335952711.2564545,126440579.01784462,140902623242.04495,-42356595127.680016,-18362167259.898193,58910.2602079861
46,2020,3,2,6,29,41.97,-11851463.039,-23721054.605,-1833517.476,2035.3079699999998,-761.4404000000001,-3203.7684600000002,2020-03-02 06:29:41.970,163985298.2809766,336224423.8300034,126634900.8898674,140911396773.75858,-42333123242.52587,-18351991328.922928,58910.27062465277
46,2020,3,2,6,44,41.97,-9923165.663,-24200698.116,-4692901.995,2243.6781,-302.85144,-3141.29965,2020-03-02 06:44:41.970,163157991.863864,336494340.12897736,126828546.1458315,140920165648.02716,-42309649983.04863,-18341814800.926167,58910.28104131943
46,2020,3,2,6,59,41.97,-7824373.475000001,-24264525.494000003,-7471632.909,2413.6331800000003,161.27259999999998,-3024.78215,2020-03-02 06:59:41.970,162329818.07370263,336762458.04955745,127021513.5034322,140928929864.64642,-42286175350.05876,-18331637676.263737,58910.2914579861
46,2020,3,2,7,14,41.97,-5591050.732,-23911138.369,-10121863.77,2542.19581,622.96082,-2856.14115,2020-03-02 07:14:41.970,161500780.9250053,337028775.49467146,127213801.68253148,140937689423.4115,-42262699344.366585,-18321459955.29145,58910.30187465277
46,2020,3,2,7,29,41.97,-3261528.303,-23146313.833,-12597889.666,2627.09246,1074.2615600000001,-2638.2044499999997,2020-03-02 07:29:41.970,160670884.4394281,337293290.3740122,127405409.40516602,140946444324.11847,-42239221966.78244,-18311281638.365074,58910.31229131943
46,2020,3,2,7,44,41.97,-875849.848,-21982925.194,-14856941.023,2666.79663,1507.37999,-2374.6585800000003,2020-03-02 07:44:41.970,159840132.64576697,337556000.6040562,127596335.3955553,140955194566.56345,-42215743218.116554,-18301102725.840374,58910.3227079861
46,2020,3,2,7,59,41.97,1524915.2449999999,-20440739.323000003,-16859930.843999997,2660.55941,1914.81439,-2069.9893700000002,2020-03-02 07:59:41.970,159008529.57995552,337816904.10808176,127786578.3801098,140963940150.54263,-42192263099.17917,-18290923218.07314,58910.33312465277
46,2020,3,2,8,14,41.97,3899380.418,-18546092.908999998,-18572141.790000003,2608.4266000000002,2289.4885,-1729.4078,2020-03-02 08:14:41.970,158176079.28506112,338075998.81618774,127976137.08743916,140972681075.85257,-42168781610.78043,-18280743115.419094,58910.34354131943
46,2020,3,2,8,29,41.97,6206559.644,-16331452.2,-19963840.322,2511.2418000000002,2624.87769,-1358.7623099999998,2020-03-02 08:29:41.970,157342785.81128278,338333282.66531193,128165010.24836037,140981417342.29025,-42145298753.73046,-18270562418.23399,58910.3539579861
46,2020,3,2,8,44,41.97,8406581.538,-13834863.024,-21010806.282,2370.63535,2915.12624,-964.43885,2020-03-02 08:44:41.970,156508653.2159478,338588753.5992498,128353196.59590605,140990148949.65256,-42121814528.839355,-18260381126.873543,58910.36437465277
46,2020,3,2,8,59,41.97,10461387.032,-11099300.030000001,-21694767.691,2188.99888,3155.15359,-553.2504700000001,2020-03-02 08:59:41.970,155673685.5635088,338842409.5686724,128540694.86533278,140998875897.7369,-42098328936.91707,-18250199241.693485,58910.37479131943
46,2020,3,2,9,14,41.97,12335397.883,-8171926.111,-22003732.152,1969.4459900000002,3340.74738,-132.31829000000002,2020-03-02 09:14:41.970,154837886.92554063,339094248.53114694,128727503.79412916,141007598186.3409,-42074841978.773636,-18240016763.049503,58910.3852079861
46,2020,3,2,9,29,41.97,13996143.663999999,-5103274.804,-21932208.095999997,1715.75946,3468.64128,291.05384000000004,2020-03-02 09:29:41.970,154001261.38073742,339344268.4511539,128913622.12202434,141016315815.26224,-42051353655.21895,-18229833691.2973,58910.39562465277
46,2020,3,2,9,44,41.97,15414835.537,-1946370.067,-21481311.118,1432.3259500000001,3536.57604,709.50898,2020-03-02 09:44:41.970,153163813.014909,339592467.3001059,129099048.59099634,141025028784.299,-42027863967.06288,-18219650026.792538,58910.40604131943
46,2020,3,2,9,59,41.97,16566875.978,1244200.781,-20658752.793,1124.05916,3543.34235,1115.7682200000002,2020-03-02 09:59:41.970,152325545.92097813,339838843.05636793,129283781.9452803,141033737093.2497,-42004372915.115265,-18209465769.890892,58910.4164579861
46,2020,3,2,10,14,41.97,17432294.764,4413244.132,-19478711.586000003,796.31303,3488.80453,1502.76112,2020-03-02 10:14:41.970,151486464.19897708,340083393.70527476,129467820.93137692,141042440741.91254,-41980880500.18585,-18199280920.94804,58910.42687465277
46,2020,3,2,10,29,41.97,17996102.864,7505929.6219999995,-17961587.783,454.78645,3373.90444,1863.7526,2020-03-02 10:29:41.970,150646571.95604435,340326117.23915106,129651164.29806127,141051139730.0865,-41957386723.08438,-18189095480.319576,58910.43729131943
46,2020,3,2,10,44,41.97,18248557.422999997,10468754.155000001,-16133646.625,105.42126,3200.64537,2192.46405,2020-03-02 10:44:41.970,149805873.3064213,340567011.6573298,129833810.79639043,141059834057.57065,-41933891584.62054,-18178909448.36115,58910.4477079861
46,2020,3,2,10,59,41.97,18185332.742,13250482.518000001,-14026556.071999999,-245.70431000000002,2972.05616,2483.18601,2020-03-02 10:59:41.970,148964372.37144884,340806074.9661712,130015759.17971288,141068523724.1643,-41910395085.60391,-18168722825.428394,58910.45812465277
46,2020,3,2,11,14,41.97,17807594.002,15803047.011,-11676827.73,-592.48483,2692.1361699999998,2730.8803,2020-03-02 11:14:41.970,148122073.27956375,341043305.17908317,130197008.20367627,141077208729.6669,-41886897226.8441,-18158535611.876896,58910.46854131943
46,2020,3,2,11,29,41.97,17121972.413,18082389.357,-9125171.45,-928.89716,2365.78227,2931.26944,2020-03-02 11:29:41.970,147278980.1662956,341278700.31653875,130377556.62623654,141085889073.87842,-41863398009.15058,-18148347808.062233,58910.4789579861
46,2020,3,2,11,44,41.97,16140442.443,20049229.275999997,-6415775.785,-1249.1082099999999,1998.69915,3080.9116599999998,2020-03-02 11:44:41.970,146435097.17426306,341512258.40609676,130557403.207666,141094564756.59863,-41839897433.33289,-18138159414.340004,58910.48937465277
46,2020,3,2,11,59,41.97,14880103.757000001,21669745.676999997,-3595527.9930000002,-1547.57859,1597.2951500000001,3177.26008,2020-03-02 11:59:41.970,145590428.45317027,341743977.4824208,130736546.71056236,141103235777.62805,-41816395500.200356,-18127970431.06575,58910.49979131943
46,2020,3,2,12,14,41.97,13362872.391999999,22916158.233999997,-713188.374,-1819.16032,1168.56549,3218.70485,2020-03-02 12:14:41.970,144744978.1598031,341973855.58729756,130914985.89985709,141111902136.76703,-41792892210.56239,-18117780858.59503,58910.5102079861
46,2020,3,2,12,29,41.97,11615087.466,23767199.229000002,2181465.488,-2059.1865199999997,719.9656100000001,3204.5978,2020-03-02 12:29:41.970,143898750.4580256,342201890.7696587,131092719.54282404,141120563833.81656,-41769387565.22833,-18107590697.283386,58910.52062465277
46,2020,3,2,12,44,41.97,9667041.32,24208467.868,5038508.596,-2263.55159,259.27709999999996,3135.25917,2020-03-02 12:44:41.970,143051749.51877692,342428081.0855972,131269746.40908846,141129220868.57758,-41745881565.0074,-18097399947.486347,58910.53104131943
46,2020,3,2,12,59,41.97,7552442.392,24232661.702,7808736.5309999995,-2428.78035,-205.53087,3011.9667200000004,2020-03-02 12:59:41.970,142203979.520066,342652424.59838957,131446065.27063517,141137873240.8513,-41722374210.70883,-18087208609.559395,58910.5414579861
46,2020,3,2,13,14,41.97,5307821.24,23839682.282,10444515.875,-2552.08506,-666.442,2836.92777,2020-03-02 13:14:41.970,141355444.64696935,342874919.37851447,131621674.90181792,141146520950.4394,-41698865503.141716,-18077016683.85805,58910.55187465277
46,2020,3,2,13,29,41.97,2971890.9979999997,23036614.634,12900602.098,-2631.40954,-1115.53234,2613.23501,2020-03-02 13:29:41.970,140506149.09162655,343095563.50367194,131796574.07936756,141155163997.1433,-41675355443.115166,-18066824170.737778,58910.56229131943
46,2020,3,2,13,44,41.97,584874.1159999999,21837582.529,15134910.881,-2665.45991,-1545.10646,2344.8074,2020-03-02 13:44:41.970,139656097.05323598,343314355.0588038,131970761.58240144,141163802380.76553,-41651844031.438286,-18056631070.554043,58910.5727079861
46,2020,3,2,13,59,41.97,-1812192.4449999998,20263483.696,17109230.071000002,-2653.72177,-1947.82768,2036.31766,2020-03-02 13:59:41.970,138805292.73805147,343531292.13611317,132144236.19243164,141172436101.10806,-41628331268.92002,-18046437383.662315,58910.58312465277
46,2020,3,2,14,14,41.97,-4178161.376,18341611.169,18789860.888,-2596.4638099999997,-2316.8405199999997,1693.10784,2020-03-02 14:14:41.970,137953740.35937786,343746372.8350839,132316996.69337414,141181065157.97333,-41604817156.36929,-18036243110.418015,58910.59354131943
46,2020,3,2,14,29,41.97,-6472476.527,16105168.707,20148178.528,-2494.72836,-2645.8834100000004,1321.09492,2020-03-02 14:29:41.970,137101444.13756704,343959595.26250154,132489041.87155779,141189689551.16425,-41581301694.59505,-18026048251.176582,58910.6039579861
46,2020,3,2,14,44,41.97,-8655860.163999999,13592689.743,21161103.938,-2350.30932,-2929.39011,926.6681,2020-03-02 14:44:41.970,136248408.3000142,344170957.5324724,132660370.51573306,141198309280.4838,-41557784884.40606,-18015852806.29341,58910.61437465277
46,2020,3,2,14,59,41.97,-10690974.906,10847370.583,21811480.169999998,-2165.71808,-3162.5786200000002,516.5798,2020-03-02 14:59:41.970,135394637.08115298,344380457.7664433,132830981.41708098,141206924345.7352,-41534266726.6111,-18005656776.123894,58910.62479131943
46,2020,3,2,15,14,41.97,-12543050.006,7916329.603,22088348.386,-1944.1384600000001,-3341.5266300000003,97.83195,2020-03-02 15:14:41.970,134540134.7224516,344588094.0932227,133000873.36922215,141215534746.72192,-41510747222.0189,-17995460161.023422,58910.6352079861
46,2020,3,2,15,29,41.97,-14180462.364,4849804.972,21987120.149,-1689.37141,-3463.2325299999998,-322.44050000000004,2020-03-02 15:29:41.970,133684905.47240873,344793864.6490002,133170045.1682258,141224140483.24786,-41487226371.438126,-17985262961.34736,58910.64562465277
46,2020,3,2,15,44,41.97,-15575263.576,1700304.0599999998,21509644.231,-1405.7705,-3525.6617,-737.08721,2020-03-02 15:44:41.970,132828953.58654891,344997767.5773662,133338495.61261864,141232741555.1169,-41463704175.67739,-17975065177.451027,58910.65604131943
46,2020,3,2,15,59,41.97,-16703645.164,-1478281.8930000002,20664167.622,-1098.16927,-3527.77737,-1139.0596600000001,2020-03-02 15:59:41.970,131972283.32741821,345199801.0293331,133506223.50339422,141241337962.13318,-41440180635.54519,-17964866809.689804,58910.6664579861
46,2020,3,2,16,14,41.97,-17546335.126000002,-4631583.974,19465191.883,-771.80141,-3469.55608,-1521.52627,2020-03-02 16:14:41.970,131114898.9645798,345399963.1633553,133673227.64402162,141249929704.10144,-41416655751.85009,-17954667858.41898,58910.67687465277
46,2020,3,2,16,29,41.97,-18088919.876,-7705668.618,17933227.373999998,-432.21495,-3351.98737,-1877.98395,2020-03-02 16:29:41.970,130256804.7746095,345598252.1453491,133839506.84045495,141258516780.82617,-41393129525.40049,-17944468323.993866,58910.68729131943
46,2020,3,2,16,44,41.97,-18322086.685,-10647943.373,16094449.231,-85.18164,-3177.05801,-2202.36465,2020-03-02 16:44:41.970,129398005.04109114,345794666.14871335,134005059.90114215,141267099192.11252,-41369601957.00476,-17934268206.769737,58910.6977079861
46,2020,3,2,16,59,41.97,-18241782.778,-13408041.402,13980260.296,263.39742,-2947.72055,-2489.13534,2020-03-02 16:59:41.970,128538504.05461188,345989203.35435,134169885.63703455,141275676937.76566,-41346073047.47124,-17924067507.10189,58910.70812465277
46,2020,3,2,17,14,41.97,-17849288.362,-15938670.898,11626767.508000001,607.58853,-2667.84684,-2733.3901100000003,2020-03-02 17:14:41.970,127678306.11275771,346181861.95068455,134333982.86159566,141284250017.59103,-41322542797.608185,-17913866225.345566,58910.71854131943
46,2020,3,2,17,29,41.97,-17151201.997,-18196415.948000003,9074179.522,941.52315,-2342.1667199999997,-2930.9329000000002,2020-03-02 17:29:41.970,126817415.52010864,346372640.1336869,134497350.39081082,141292818431.39444,-41299011208.22383,-17903664361.856,58910.7289579861
46,2020,3,2,17,44,41.97,-16159337.988,-20142475.860999998,6366134.569,1259.49541,-1976.19269,-3078.34954,2020-03-02 17:44:41.970,125955836.58823384,346561536.1068911,134659987.0431959,141301382178.98175,-41275478280.12627,-17893461916.98842,58910.73937465277
46,2020,3,2,17,59,41.97,-14890536.726,-21743330.654000003,3548968.75,1556.05782,-1576.13136,-3173.06788,2020-03-02 17:59:41.970,125093573.63568686,346748548.08141726,134821891.63980728,141309941260.1593,-41251944014.12364,-17883258891.09803,58910.74979131943
46,2020,3,2,18,14,41.97,-13366390.273,-22971321.272,670936.064,1826.11366,-1148.7826699999998,-3213.40475,2020-03-02 18:14:41.970,124230630.98800066,346933674.2759909,134983063.00425074,141318495674.73343,-41228408411.02395,-17873055284.540043,58910.7602079861
46,2020,3,2,18,29,41.97,-11612886.833,-23805134.187,-2218607.537,2065.00454,-701.42845,-3198.5987800000003,2020-03-02 18:29:41.970,123367012.97768286,347116912.9169653,135143499.96269065,141327045422.51096,-41204871471.63517,-17862851097.6696,58910.77062465277
46,2020,3,2,18,44,41.97,-9659979.163,-24230181.366,-5070042.912,2268.5916599999996,-241.71161,-3128.82816,2020-03-02 18:44:41.970,122502723.94421026,347298262.23834085,135303201.3438601,141335590503.29874,-41181333196.76523,-17852646330.84189,58910.78104131943
46,2020,3,2,18,59,41.97,-7541083.331,-24238868.059,-7834335.495,2433.32908,222.492,-3005.21277,2020-03-02 18:59:41.970,121637768.23402423,347477720.48178685,135462165.9790692,141344130916.9039,-41157793587.222,-17842440984.41204,58910.7914579861
46,2020,3,2,19,14,41.97,-5292515.557,-23830742.674000002,-10463877.76,2556.3277700000003,683.20716,-2829.80026,2020-03-02 19:14:41.970,120772150.2005251,347655285.8966624,135620392.70221567,141352666663.13412,-41134252643.8132,-17832235058.735176,58910.80187465277
46,2020,3,2,19,29,41.97,-2952876.122,-23012524.831,-12913311.895000001,2635.40901,1132.49597,-2605.53599,2020-03-02 19:29:41.970,119905874.20406748,347830956.7400368,135777880.34979346,141361197741.79694,-41110710367.34665,-17822028554.166405,58910.81229131943
46,2020,3,2,19,44,41.97,-562390.445,-21798009.835,-15140318.195,2669.146,1562.59546,-2336.21698,2020-03-02 19:44:41.970,119038944.61195439,348004731.27671134,135934627.7609026,141369724152.70038,-41087166758.629974,-17811821471.060818,58910.8227079861
46,2020,3,2,19,59,41.97,1837781.614,-20207849.915,-17106355.071000002,2656.89271,1966.05337,-2026.4305299999999,2020-03-02 19:59:41.970,118171365.79843234,348176607.7792405,136090633.77725887,141378245895.65247,-41063621818.47081,-17801613809.773487,58910.83312465277
46,2020,3,2,20,14,41.97,4206256.375,-18269214.863,-18777337.11,2598.7991899999997,2335.8599400000003,-1681.47815,2020-03-02 20:14:41.970,117303142.14468575,348346584.52795196,136245897.2432029,141386762970.4618,-41040075547.67667,-17791405570.65947,58910.84354131943
46,2020,3,2,20,29,41.97,6502144.459,-16015336.933,-20124238.6,2495.8128699999997,2665.5729699999997,-1307.28613,2020-03-02 20:29:41.970,116434278.03883156,348514659.8109692,136400417.00571018,141395275376.93692,-41016527947.05507,-17781196754.073807,58910.8539579861
46,2020,3,2,20,44,41.97,8685763.647,-13484947.082999999,-21123611.026,2349.66554,2949.43377,-910.3041400000001,2020-03-02 20:44:41.970,115564777.87591353,348680831.92423236,136554191.9144007,141403783114.88687,-40992979017.41347,-17770987360.371517,58910.86437465277
46,2020,3,2,20,59,41.97,10719333.634,-10721611.78,-21758004.540999997,2162.84615,3182.4718199999998,-497.39351999999997,2020-03-02 20:59:41.970,114694646.05789687,348845099.17151904,136707220.82154804,141412286184.1207,-40969428759.5592,-17760777389.907604,58910.87479131943
46,2020,3,2,21,14,41.97,12567639.963,-7772981.571,-22016285.022,1938.55967,3360.59587,-75.7073,2020-03-02 21:14:41.970,113823886.99366242,349007459.8644662,136859502.58208975,141420784584.4478,-40945877174.29957,-17750566843.037056,58910.8852079861
46,2020,3,2,21,29,41.97,14198654.877999999,-4689964.442000001,-21893840.211,1680.67253,3480.66967,347.43594,2020-03-02 21:29:41.970,112952505.0990008,349167912.3225918,137011036.0536368,141429278315.67807,-40922324262.44183,-17740355720.11484,58910.89562465277
46,2020,3,2,21,44,41.97,15584103.453,-1525838.573,-21392670.46,1393.6457799999998,3540.5706600000003,764.68193,2020-03-02 21:44:41.970,112080504.79660693,349326454.87331575,137161820.09648284,141437767377.62122,-40898770024.79313,-17730144021.4959,58910.90604131943
46,2020,3,2,21,59,41.97,16699964.343,1664679.5850000002,-20521361.766999997,1082.45688,3539.23038,1168.77202,2020-03-02 21:59:41.970,111207890.51607396,349483085.851982,137311853.57361504,141446251770.08737,-40875214462.16065,-17719931747.53517,58910.9164579861
46,2020,3,2,22,14,41.97,17526895.584999997,4826394.962,-19294941.026,752.51158,3476.6555700000004,1552.6732000000002,2020-03-02 22:14:41.970,110334666.6938872,349637803.6018799,137461135.35072267,141454731492.88705,-40851657575.35141,-17709718898.587563,58910.92687465277
46,2020,3,2,22,29,41.97,18050577.305,7904603.609,-17734615.713,409.54768,3353.92942,1909.70446,2020-03-02 22:29:41.970,109460837.77341843,349790606.4742657,137609664.29620782,141463206545.83072,-40828099365.17239,-17699505475.00796,58910.93729131943
46,2020,3,2,22,44,41.97,18261964.73,10846054.576000001,-15867402.508,59.53228,3173.19284,2233.65684,2020-03-02 22:44:41.970,108586408.20491952,349941492.82838494,137757439.28119493,141471676928.7295,-40804539832.43053,-17689291477.151268,58910.9477079861
46,2020,3,2,22,59,41.97,18157446.628999997,13599886.008,-13725651.561999999,-291.44527999999997,2937.606,2518.9048700000003,2020-03-02 22:59:41.970,107711382.4455164,350090461.0314933,137904459.17954046,141480142641.3943,-40780978977.93267,-17679076905.372314,58910.95812465277
46,2020,3,2,23,14,41.97,17738906.204,16118518.01,-11346475.222,-637.2828000000001,2651.29087,2760.50709,2020-03-02 23:14:41.970,106835764.95920296,350237509.4588796,138050722.86784348,141488603683.63657,-40757416802.48564,-17668861760.025944,58910.96854131943
46,2020,3,2,23,29,41.97,17013683.349,18358485.645,-8771091.964,-971.97462,2319.25586,2954.29366,2020-03-02 23:29:41.970,105959560.21683466,350382636.49388623,138196229.22545478,141497060055.2679,-40733853306.896164,-17658646041.466976,58910.9789579861
46,2020,3,2,23,44,41.97,15994439.205,20281196.668,-6044097.933,-1289.7189899999998,1947.30422,3096.93935,2020-03-02 23:44:41.970,105082772.6961221,350525840.5279327,138340977.1344875,141505511756.10037,-40710288491.97091,-17648429750.050213,58910.98937465277
46,2020,3,2,23,59,41.97,14698925.893,21853600.153,-3212679.951,-1585.0211000000002,1541.9279999999999,3186.02043,2020-03-02 23:59:41.970,104205406.88162462,350667119.96053594,138484965.4798268,141513958785.94568,-40686722358.51648,-17638212886.130444,58910.99979131943
46,2020,3,3,0,14,41.97,13149666.316000002,23048755.156999998,-325784.045,-1852.78979,1110.1897199999999,3220.0544400000003,2020-03-03 00:14:41.970,103327467.26474395,350806473.1993347,138628193.1491398,141522401144.61655,-40663154907.33942,-17627995450.06241,58911.0102079861
46,2020,3,3,0,29,41.97,11373549.798,23846282.869,2566739.6199999996,-2088.42623,659.59517,3198.5229400000003,2020-03-03 00:29:41.970,102448958.34371737,350943898.66010886,138770659.0328864,141530838831.92535,-40639586139.24616,-17617777442.200867,58911.02062465277
46,2020,3,3,0,44,41.97,9401353.510000002,24232711.895,5415012.789000001,-2287.9026599999997,197.95771000000002,3121.8751199999997,2020-03-03 00:44:41.970,101569884.62361129,351079394.7668038,138912362.02432814,141539271847.6851,-40616016055.04315,-17607558862.900517,58911.03104131943
46,2020,3,3,0,59,41.97,7267196.681000001,24201688.371,8169991.9120000005,-2447.83004,-266.74006,2991.51508,2020-03-03 00:59:41.970,100690250.6163144,351212959.95155156,139053301.01953965,141547700191.70874,-40592444655.53672,-17597339712.516094,58911.0414579861
46,2020,3,3,1,14,41.97,5007940.009,23754066.149,10784316.066,-2565.51344,-726.48698,2809.7714800000003,2020-03-03 01:14:41.970,99810060.8405309,351344592.6546933,139193474.9174178,141556123863.80972,-40568871941.53315,-17587119991.402233,58911.05187465277
46,2020,3,3,1,29,41.97,2662540.879,22897869.706,13213119.422,-2638.99444,-1173.38246,2579.85133,2020-03-03 01:29:41.970,98929319.82177353,351474291.3248024,139332882.61969227,141564542863.80154,-40545297913.83863,-17576899699.913647,58911.06229131943
46,2020,3,3,1,44,41.97,271376.444,21648133.281999998,15414795.367999999,-2667.0801100000003,-1599.77196,2305.77901,2020-03-03 01:44:41.970,98048032.09235685,351602054.418705,139471523.03093606,141572957191.49805,-40521722573.2593,-17566678838.40493,58911.0727079861
46,2020,3,3,1,59,41.97,-2124453.253,20026620.676,17351699.641,-2649.3583900000003,-1998.37639,1992.3219700000002,2020-03-03 01:59:41.970,97166202.19138996,351727880.401505,139609395.0585752,141581366846.71332,-40498145920.601234,-17556457407.230743,58911.08312465277
46,2020,3,3,2,14,41.97,-4483829.931,18061432.142,18990781.303,-2586.20002,-2362.41326,1644.90497,2020-03-03 02:14:41.970,96283834.66476957,351851767.7466038,139746497.6128996,141589771829.26163,-40474567956.67042,-17546235406.745647,58911.09354131943
46,2020,3,3,2,29,41.97,-6766317.515,15786506.525999999,20304131.904000003,-2478.74736,-2685.70804,1269.51433,2020-03-03 02:29:41.970,95400934.0651727,351973714.93572545,139882829.60707256,141598172138.95752,-40450988682.2728,-17536012837.30426,58911.1039579861
46,2020,3,3,2,44,41.97,-8932846.845,13241028.305,21269444.831,-2328.89069,-2962.7939300000003,872.59441,2020-03-03 02:44:41.970,94517504.95204937,352093720.4589373,140018389.95714208,141606567775.61575,-40427408098.21427,-17525789699.261112,58911.11437465277
46,2020,3,3,2,59,41.97,-10946373.670000002,10468750.371,21870378.473,-2139.2326399999997,-3188.9991,460.93772,2020-03-03 02:59:41.970,93633551.89161551,352211782.8146737,140153177.5820505,141614958739.05154,-40403826205.30057,-17515565992.970753,58911.12479131943
46,2020,3,3,3,14,41.97,-12772499.652,7517244.452,22096818.486,-1913.04177,-3360.5201700000002,41.57081,2020-03-03 03:14:41.970,92749079.45684533,352327900.5097583,140287191.40364543,141623345029.08008,-40380243004.337456,-17505341718.78769,58911.1352079861
46,2020,3,3,3,29,41.97,-14380046.92,4437091.772,21945036.02,-1654.1959200000001,-3474.4813599999998,-378.36248,2020-03-03 03:29:41.970,91864092.22746377,352442072.0594273,140420430.34668964,141631726645.5168,-40356658496.1306,-17495116877.066418,58911.14562465277
46,2020,3,3,3,44,41.97,-15741577.551,1281027.1809999999,21417740.319000002,-1367.11658,-3528.97871,-791.7187100000001,2020-03-03 03:44:41.970,90978594.78993909,352554295.98735136,140552893.338872,141640103588.17752,-40333072681.485565,-17484891468.161434,58911.15604131943
46,2020,3,3,3,59,41.97,-16833850.273,-1896949.6160000002,20524025.605,-1056.69526,-3523.10893,-1191.47183,2020-03-03 03:59:41.970,90092591.73747501,352664570.82565916,140684579.31081772,141648475856.87833,-40309485561.207886,-17474665492.427162,58911.1664579861
46,2020,3,3,4,14,41.97,-17638207.634,-5042481.8379999995,19279213.562,-728.21276,-3456.98273,-1570.8279499999999,2020-03-03 04:14:41.970,89206087.6700032,352772895.1149607,140815487.1960991,141656843451.4355,-40285897136.10299,-17464438950.21803,58911.17687465277
46,2020,3,3,4,29,41.97,-18140887.847999997,-8101768.365,17704594.136,-387.25268,-3331.7225000000003,-1923.3362599999998,2020-03-03 04:29:41.970,88319087.19417521,352879267.40436906,140945615.9312457,141665206371.6654,-40262307406.97628,-17454211841.88849,58911.18729131943
46,2020,3,3,4,44,41.97,-18333256.564,-11022467.351,15827068.729,-39.61019,-3149.44439,-2242.9947700000002,2020-03-03 04:44:41.970,87431594.92335483,352983686.2515245,141074964.45575535,141673564617.38477,-40238716374.63305,-17443984167.792862,58911.1977079861
46,2020,3,3,4,59,41.97,-18211954.866,-13754576.726,13678701.135,308.80271,-2913.2249300000003,-2524.34934,2020-03-03 04:59:41.970,86543615.47760972,353086150.22261757,141203531.71210447,141681918188.41077,-40215124039.878525,-17433755928.28556,58911.20812465277
46,2020,3,3,5,14,41.97,-17778960.897,-16251277.819999998,11296182.932,652.05416,-2627.0524800000003,-2762.58457,2020-03-03 05:14:41.970,85655153.48370378,353186657.89241093,141331316.64575905,141690267084.56055,-40191530403.51786,-17423527123.720917,58911.21854131943
46,2020,3,3,5,29,41.97,-17041563.727,-18469728.684,8720221.234000001,984.2902799999999,-2295.76412,-2953.60513,2020-03-03 05:29:41.970,84766213.57508849,353285207.84426427,141458318.20518482,141698611305.65155,-40167935466.35617,-17413297754.453255,58911.2289579861
46,2020,3,3,5,44,41.97,-16012249.259,-20371794.23,5994858.011,1299.83253,-1924.96849,-3094.1063400000003,2020-03-03 05:44:41.970,83876800.39189516,353381798.6701566,141584535.3418584,141706950851.50153,-40144339229.19846,-17403067820.836857,58911.23937465277
46,2020,3,3,5,59,41.97,-14708499.311999999,-21924700.970999997,3166731.288,1593.27307,-1520.9555500000001,-3181.63253,2020-03-03 05:59:41.970,82986918.58092624,353476428.9707096,141709967.01027793,141715285721.92834,-40120741692.849655,-17392837323.22601,58911.24979131943
46,2020,3,3,6,14,41.97,-13152506.339,-23101605.091000002,284289.692,1859.5665999999999,-1090.59442,-3214.62217,2020-03-03 06:14:41.970,82096572.79564698,353569097.35521114,141834612.16797373,141723615916.7504,-40097142858.11468,-17382606261.97495,58911.2602079861
46,2020,3,3,6,29,41.97,-11370807.595,-23882063.656,-2603027.272,2094.1172699999997,-641.2205600000001,-3192.43874,2020-03-03 06:29:41.970,81205767.69617705,353659802.4416384,141958469.77551928,141731941435.786,-40073542725.79826,-17372374637.437927,58911.27062465277
46,2020,3,3,6,44,41.97,-9393844.008,-24252400.126000002,-5445629.943,2292.85886,-180.51399,-3115.38641,2020-03-03 06:44:41.970,80314507.94928174,353748542.8566817,142081538.79654184,141740262278.85376,-40049941296.70522,-17362142449.969135,58911.28104131943
46,2020,3,3,6,59,41.97,-7255450.316000001,-24205956.878000002,-8194626.341999999,2452.32707,283.62971,-2984.7100800000003,2020-03-03 06:59:41.970,79422798.2283634,353835317.2357682,142203818.19773343,141748578445.7727,-40026338571.64011,-17351909699.92276,58911.2914579861
46,2020,3,3,7,14,41.97,-4992284.385,-23743229.197,-10802662.807999998,2569.72219,743.23342,-2802.5793000000003,2020-03-03 07:14:41.970,78530643.21345264,353920124.22308445,142325306.9488619,141756889936.36218,-40002734551.407555,-17341676387.65295,58911.30187465277
46,2020,3,3,7,29,41.97,-2643204.829,-22871877.149,-13224742.898,2642.96106,1190.37547,-2572.0560899999996,2020-03-03 07:29:41.970,77638047.5911994,354002962.4716011,142446004.02278122,141765196750.44125,-39979129236.812065,-17331442513.513855,58911.31229131943
46,2020,3,3,7,44,41.97,-248607.17299999998,-21606613.786999997,-15419010.132,2670.71711,1617.32704,-2297.04682,2020-03-03 07:44:41.970,76745016.05486426,354083830.64309597,142565908.39544353,141773498887.8298,-39955522628.658066,-17321208077.85959,58911.3227079861
46,2020,3,3,7,59,41.97,2150270.265,-19968970.373,-17347480.507,2652.44745,2016.68765,-1982.2388099999998,2020-03-03 07:59:41.970,75851553.30430892,354162727.4081776,142685019.0459088,141781796348.34766,-39931914727.749886,-17310973081.04423,58911.33312465277
46,2020,3,3,8,14,41.97,4512058.849,-17986941.503999997,-18976711.346,2588.40645,2381.51613,-1633.02245,2020-03-03 08:14:41.970,74957664.04598755,354239651.4463098,142803334.95635715,141790089131.815,-39908305534.89182,-17300737523.421844,58911.34354131943
46,2020,3,3,8,29,41.97,6795977.9520000005,-15694515.316000002,-20278394.005,2479.64516,2705.45465,-1255.4000800000001,2020-03-03 08:29:41.970,74063352.99293709,354314601.44583476,142920855.1120987,141798377238.05215,-39884695050.88807,-17290501405.346478,58911.3539579861
46,2020,3,3,8,44,41.97,8962546.364,-13131096.113,-21229859.137,2327.99645,2982.8433099999997,-855.8831,2020-03-03 08:44:41.970,73168624.8647685,354387576.10399646,143037578.50158536,141806660666.87982,-39861083276.542755,-17280264727.17214,58911.36437465277
46,2020,3,3,8,59,41.97,10974273.91,-10340828.924999999,-21814484.694,2136.04595,3208.8231299999998,-441.37901,2020-03-03 08:59:41.970,72273484.38765687,354458574.12696654,143153504.11642212,141814939418.11884,-39837470212.65994,-17270027489.25282,58911.37479131943
46,2020,3,3,9,14,41.97,12796320.620000001,-7371837.442,-22021998.532,1907.0891000000001,3379.4252500000002,-19.07048,2020-03-03 09:14:41.970,71377936.29433188,354527594.2298653,143268630.95137754,141823213491.59024,-39813855860.04356,-17259789691.9425,58911.3852079861
46,2020,3,3,9,29,41.97,14397111.234,-4275388.574,-21848669.371,1645.07495,3491.64446,403.7114,2020-03-03 09:29:41.970,70481985.32406855,354594635.136789,143382958.00439522,141831482887.11542,-39790240219.49757,-17249551335.595093,58911.39562465277
46,2020,3,3,9,44,41.97,15748893.523,-1104998.439,-21297381.9,1354.53768,3543.49561,819.61743,2020-03-03 09:44:41.970,69585636.22267744,354659695.58083093,143496484.27660492,141839747604.51602,-39766623291.825745,-17239312420.56454,58911.40604131943
46,2020,3,3,9,59,41.97,16828229.881,2084504.136,-20377594.024,1040.5170500000002,3534.0514500000004,1221.41149,2020-03-03 09:59:41.970,68688893.74249455,354722774.30410755,143609208.772334,141848007643.61374,-39743005077.83182,-17229072947.20473,58911.4164579861
46,2020,3,3,10,14,41.97,17616412.805,5237939.551,-19105176.479000002,708.46904,3463.46115,1602.10032,2020-03-03 10:14:41.970,67791762.64237182,354783870.05778164,143721130.4991188,141856263004.23074,-39719385578.31949,-17218832915.86954,58911.42687465277
46,2020,3,3,10,29,41.97,18099796.284,8300747.075999999,-17502137.338,364.16864999999996,3332.94893,1955.0591299999999,2020-03-03 10:29:41.970,66894247.68766699,354842981.6020869,143832248.46771502,141864513686.18945,-39695764794.09232,-17208592326.912777,58911.43729131943
46,2020,3,3,10,44,41.97,18270036.741,11219944.265,-15596236.224,13.60642,3144.79265,2274.15065,2020-03-03 10:44:41.970,65996353.65023337,354900107.706352,143942561.69211024,141872759689.31226,-39672142725.9538,-17198351180.688286,58911.4477079861
46,2020,3,3,10,59,41.97,18124238.875,13945058.231,-13420495.220999999,-337.11907,2902.2828,2553.83527,2020-03-03 10:59:41.970,65098085.30840994,354955247.14902514,144052069.18953446,141881001013.4219,-39648519374.707375,-17188109477.549854,58911.45812465277
46,2020,3,3,11,14,41.97,17665003.674,16429011.434,-11012615.58,-681.9107300000001,2609.66261,2789.2699,2020-03-03 11:14:41.970,64199447.44701065,355008398.7176982,144160769.98047167,141889237658.3416,-39624894741.15641,-17177867217.85124,58911.46854131943
46,2020,3,3,11,29,41.97,16900377.783,18628945.498,-8414311.199,-1014.7822600000001,2272.05044,2976.39373,2020-03-03 11:29:41.970,63300444.8573146,355059561.209131,144268663.08867142,141897469623.89447,-39601268826.104126,-17167624401.946188,58911.4789579861
46,2020,3,3,11,44,41.97,15843705.42,20506967.833,-5670571.493000001,-1329.96509,1895.3461499999999,3111.99914,2020-03-03 11:44:41.970,62401082.33705504,355108733.42927605,144375747.54116017,141905696909.90408,-39577641630.35373,-17157381030.188408,58911.48937465277
46,2020,3,3,11,59,41.97,14513385.967,22030807.465,-2828867.687,-1622.01066,1486.1233599999998,3193.78634,2020-03-03 11:59:41.970,61501364.69040909,355155914.19330305,144482022.36825246,141913919516.19434,-39554013154.70837,-17147137102.931593,58911.49979131943
46,2020,3,3,12,14,41.97,12932542.249,23174368.393,61682.47,-1885.88631,1051.5098300000002,3220.40096,2020-03-03 12:14:41.970,60601296.7279869,355201102.325623,144587486.60356295,141922137442.58893,-39530383399.971,-17136892620.529387,58911.5102079861
46,2020,3,3,12,29,41.97,11128606.234000001,23918170.955000002,2951175.824,-2117.06261,599.0586500000001,3191.4538399999997,2020-03-03 12:29:41.970,59700883.26682099,355244296.65991324,144692139.2840176,141930350688.91235,-39506752366.944626,-17126647583.335442,58911.52062465277
46,2020,3,3,12,44,41.97,9132830.451,24249674.039,5789794.764,-2311.59085,136.61276,3107.5231,2020-03-03 12:44:41.970,58800129.13035515,355285496.0391417,144795979.44986516,141938559254.98895,-39483120056.43209,-17116401991.70335,58911.53104131943
46,2020,3,3,12,59,41.97,6979734.726,24163473.439000003,8528672.053,-2466.1690900000003,-327.83439,2970.13855,2020-03-03 12:59:41.970,57899039.148433775,355324699.3155922,144899006.14468896,141946763140.64343,-39459486469.236176,-17106155845.98671,58911.5414579861
46,2020,3,3,13,14,41.97,4706498.923,23661374.115,11120734.021,-2578.19596,-786.27923,2781.7493099999997,2020-03-03 13:14:41.970,56997618.15729043,355361905.3508886,145001218.41541845,141954962345.70074,-39435851606.15958,-17095909146.539051,58911.55187465277
46,2020,3,3,13,29,41.97,2352313.153,22752336.617000002,13521507.363,-2645.8113000000003,-1230.8469,2545.67555,2020-03-03 13:29:41.970,56095870.999536864,355397113.01601964,145102615.312341,141963156869.9862,-39412215468.00492,-17085661893.713919,58911.56229131943
46,2020,3,3,13,44,41.97,-42302.601,21452300.186,15689875.826,-2667.92338,-1653.92603,2266.04561,2020-03-03 13:44:41.970,55193802.52415155,355430321.19136363,145203195.88911295,141971346713.32513,-39388578055.57471,-17075414087.864815,58911.5727079861
46,2020,3,3,13,59,41.97,-2436197.221,19783887.29,17588774.338,-2644.22255,-2048.29716,1947.72012,2020-03-03 13:59:41.970,54291417.586468466,355461528.7667141,145302959.20277223,141979531875.54315,-39364939369.67145,-17065165729.345198,58911.58312465277
46,2020,3,3,14,14,41.97,-4788293.389,17775996.219,19185809.582000002,-2575.1814,-2407.2526700000003,1596.20473,2020-03-03 14:14:41.970,53388721.048165366,355490734.6413036,145401904.31374937,141987712356.46637,-39341299411.097466,-17054916818.508509,58911.59354131943
46,2020,3,3,14,29,41.97,-7058286.787,15463290.137,20453797.598,-2462.0419199999997,-2724.70672,1217.5533,2020-03-03 14:29:41.970,52485717.7772523,355517937.72382975,145500030.28587976,141995888155.92075,-39317658180.655075,-17044667355.708185,58911.6039579861
46,2020,3,3,14,44,41.97,-9207328.084,12885592.388999999,21371210.604,-2306.79019,-2995.2934400000004,818.26327,2020-03-03 14:44:41.970,51582412.648059815,355543136.9324793,145597336.18641487,142004059273.73273,-39294015679.14647,-17034417341.297585,58911.61437465277
46,2020,3,3,14,59,41.97,-11198676.805,10087199.091,21922526.901,-2112.11938,-3214.45231,405.16524,2020-03-03 14:59:41.970,50678810.54122711,355566331.1949536,145693821.08603463,142012225709.72885,-39270371907.37379,-17024166775.63009,58911.62479131943
46,2020,3,3,15,14,41.97,-12998316.924,7116120.969,22098479.343,-1881.38182,-3378.49991,-14.69172,2020-03-03 15:14:41.970,49774916.34369009,355587519.44849336,145789484.05885908,142020387463.73615,-39246726866.139015,-17013915659.059027,58911.6352079861
46,2020,3,3,15,29,41.97,-14575524.795,4023267.19,21896199.466,-1618.53116,-3484.68699,-434.15701,2020-03-03 15:29:41.970,48870734.948669314,355606700.6399048,145884324.18246022,142028544535.58157,-39223080556.24413,-17003663991.937693,58911.64562465277
46,2020,3,3,15,44,41.97,-15903380.939000001,861584.4419999999,21319255.88,-1328.05562,-3531.24072,-846.09621,2020-03-03 15:44:41.970,47966271.255657844,355623873.72558355,145978340.53787354,142036696925.09256,-39199432978.491,-16993411774.619389,58911.65604131943
46,2020,3,3,15,59,41.97,-16959218.087,-2314835.038,20377587.038000003,-1014.9033000000001,-3517.39144,-1243.50783,2020-03-03 15:59:41.970,47061530.170408905,355639037.67154056,146071532.2096109,142044844632.09653,-39175784133.68139,-16983159007.457323,58911.6664579861
46,2020,3,3,16,14,41.97,-17724998.859,-5451662.579,19087329.893,-684.40064,-3443.38398,-1619.63768,2020-03-03 16:14:41.970,46156516.604923524,355652191.4534269,146163898.28567156,142052987656.42163,-39152134022.617004,-16972905690.804743,58911.67687465277
46,2020,3,3,16,29,41.97,-18187617.417000003,-8495245.271,17470547.357,-342.16523,-3310.47316,-1968.08915,2020-03-03 16:29:41.970,45251235.47743809,355663334.05655956,146255437.85755455,142061125997.8955,-39128482646.09942,-16962651825.014816,58911.68729131943
46,2020,3,3,16,44,41.97,-18339120.497,-11393507.163,15554858.789,5.98596,-3120.9038800000003,-2282.9281199999996,2020-03-03 16:44:41.970,44345691.71241164,355672464.47594684,146346150.02027094,142069259656.3468,-39104830004.930145,-16952397410.440712,58911.6977079861
46,2020,3,3,16,59,41.97,-18176844.24,-14096825.524,13372979.095,354.13173,-2877.8756799999996,-2558.78096,2020-03-03 16:59:41.970,43439890.240512945,355679581.7163131,146436033.8723553,142077388631.60376,-39081176099.9107,-16942142447.435568,58911.70812465277
46,2020,3,3,17,14,41.97,-17703464.409,-16558868.422,10962173.259,696.34376,-2585.49227,-2790.92419,2020-03-03 17:14:41.970,42533835.998608135,355684684.79212475,146525088.51587838,142085512923.49524,-39057520931.84232,-16931886936.352465,58911.71854131943
46,2020,3,3,17,29,41.97,-16926958.736,-18737380.283,8363634.438999999,1026.78451,-2248.69649,-2975.36448,2020-03-03 17:29:41.970,41627533.92974745,355687772.7276153,146613313.05645886,142093632531.8503,-39033864501.52635,-16921630877.544498,58911.7289579861
46,2020,3,3,17,44,41.97,-15860481.385,-20594902.628,5621794.93,1339.80439,-1873.19145,-3108.90757,2020-03-03 17:44:41.970,40720988.98315205,355688844.5568115,146700706.60327533,142101747456.49817,-39010206809.763916,-16911374271.364689,58911.73937465277
46,2020,3,3,17,59,41.97,-14522150.833,-22099417.899,2783580.508,1630.0367600000002,-1465.34864,-3189.2150199999996,2020-03-03 17:59:41.970,39814206.11420096,355687899.32355785,146787268.26907906,142109857697.26834,-38986547857.35607,-16901117118.166046,58911.74979131943
46,2020,3,3,18,14,41.97,-12934753.785999998,-23224905.22,-102380.297,1892.48926,-1032.10435,-3214.84742,2020-03-03 18:14:41.970,38907190.28441787,355684936.0815436,146872997.17020577,142117963253.99048,-38962887645.10387,-16890859418.301567,58911.7602079861
46,2020,3,3,18,29,41.97,-11125369.151999999,-23951798.094,-2986579.458,2122.62984,-580.84556,-3185.2933000000003,2020-03-03 18:29:41.970,37999946.46145751,355679953.89432716,146957892.42658773,142126064126.49448,-38939226173.80817,-16880601172.124197,58911.77062465277
46,2020,3,3,18,44,41.97,-9124917.482,-24267335.36,-5819471.901,2316.46614,-119.28716,-3100.98278,2020-03-03 18:44:41.970,37092479.61909221,355672951.83536214,147041953.1617663,142134160314.6106,-38915563444.269806,-16870342379.986853,58911.78104131943
46,2020,3,3,18,59,41.97,-6967642.614,-24165798.364,-8552323.193,2470.61652,344.65783,-2963.2854700000003,2020-03-03 18:59:41.970,36184794.73719811,355663928.9880234,147125178.50290415,142142251818.1692,-38891899457.28946,-16860083042.242424,58911.7914579861
46,2020,3,3,19,14,41.97,-4690533.609,-23648629.028,-11138048.091,2582.37149,803.0127500000001,-2774.49226,2020-03-03 19:14:41.970,35276896.80174174,355652884.4456319,147207567.58079752,142150338637.00107,-38868234213.66783,-16849823159.243774,58911.80187465277
46,2020,3,3,19,29,41.97,-2332696.248,-22724425.484,-13532025.444999998,2649.74416,1247.8744900000002,-2537.78096,2020-03-03 19:29:41.970,34368790.80476553,355639817.31148195,147289119.52988836,142158420770.9369,-38844567714.20543,-16839562731.343721,58911.81229131943
46,2020,3,3,19,44,41.97,65315.54,-21408814.042000003,-15692875.034,2671.50864,1671.55078,-2257.16616,2020-03-03 19:44:41.970,33460481.74437425,355624726.6988657,147369833.4882771,142166498219.80792,-38820899959.70269,-16829301758.895075,58911.8227079861
46,2020,3,3,19,59,41.97,2462197.0209999997,-19724198.413,-17583182.351,2647.22549,2066.69517,-1937.43385,2020-03-03 19:59:41.970,32551974.624720838,355607611.7310998,147449708.5977347,142174570983.44562,-38797230950.96003,-16819040242.250591,58911.83312465277
46,2020,3,3,20,14,41.97,4816606.767,-17699389.426999997,-19170158.005000003,2577.2534,2426.4372399999997,-1584.06167,2020-03-03 20:14:41.970,31643274.45599193,355588471.5415503,147528744.00371528,142182639061.68134,-38773560688.77765,-16808778181.763008,58911.84354131943
46,2020,3,3,20,29,41.97,7087884.975,-15369120.657,-20426219.393,2462.74679,2744.5054999999998,-1203.12613,2020-03-03 20:29:41.970,30734386.254393373,355567305.2736598,147606938.85536832,142190702454.34705,-38749889173.955765,-16798515577.785023,58911.8539579861
46,2020,3,3,20,44,41.97,9236763.186,-12773457.624,-21329483.540000003,2305.63915,3015.34061,-801.1983,2020-03-03 20:44:41.970,29825315.042136192,355544112.08097297,147684292.3055515,142198761161.27478,-38726216407.29448,-16788252430.669312,58911.86437465277
46,2020,3,3,20,59,41.97,11226052.555,-9957110.32,-21864161.491,2108.61204,3234.19662,-385.22963999999996,2020-03-03 20:59:41.970,28916065.847421482,355518891.127162,147760803.5108427,142206815182.29703,-38702542389.593765,-16777988740.768528,58911.87479131943
46,2020,3,3,21,14,41.97,13021298.036,-6968660.764,-22020846.349,1875.05043,3397.22825,37.56979,2020-03-03 21:14:41.970,28006643.70442593,355491641.5860537,147836471.63155308,142214864517.24606,-38678867121.6535,-16767724508.435244,58911.8852079861
46,2020,3,3,21,29,41.97,14591386.355,-3859719.035,-21796688.983,1608.98481,3501.56226,459.85881,2020-03-03 21:29:41.970,27097053.65328672,355462362.64165443,147911295.8317392,142222909165.9547,-38655190604.27354,-16757459734.022058,58911.89562465277
46,2020,3,3,21,44,41.97,15909096.338,-684022.7949999999,-21195457.474999998,1315.02119,3545.3514,874.29558,2020-03-03 21:44:41.970,26187300.74008666,355431053.48817694,147985275.27921575,142230949128.2561,-38631512838.253555,-16747194417.881495,58911.90604131943
46,2020,3,3,21,59,41.97,16951581.2,2503503.488,-20227478.601,998.26009,3527.8098600000003,1273.66884,2020-03-03 21:59:41.970,25277390.016839106,355397713.33006674,148058409.1455682,142238984403.98334,-38607833824.39319,-16736928560.366093,58911.9164579861
46,2020,3,3,22,14,41.97,17700773.564,5647712.437999999,-18909461.858999997,664.20611,3449.22911,1651.02729,2020-03-03 22:14:41.970,24367326.541472413,355362341.38202715,148130696.60616553,142247014992.9699,-38584153563.49199,-16726662161.828318,58911.92687465277
46,2020,3,3,22,29,41.97,18143705.450000003,8694203.026999999,-17264208.911000002,318.66972,3310.97388,1999.80442,2020-03-03 22:29:41.970,23457115.377814785,355324936.86904657,148202136.8401724,142255040895.04962,-38560472056.34935,-16716395222.620594,58911.93729131943
46,2020,3,3,22,44,41.97,18272737.059,11590277.209,-15320213.512,-32.33687,3115.4582,2313.9366,2020-03-03 22:44:41.970,22546761.595578916,355285499.02642477,148272729.0305625,142263062110.0564,-38536789303.76463,-16706127743.095352,58911.9477079861
46,2020,3,3,22,59,41.97,18085689.986,14285866.098000001,-13111159.243,-382.70765,2866.10176,2587.9717499999997,2020-03-03 22:59:41.970,21636270.270345755,355244027.09979844,148342472.3641309,142271078637.8243,-38513105306.53704,-16695859723.604965,58911.95812465277
46,2020,3,3,23,14,41.97,17585882.334000003,16734408.418,-10675324.395,-726.35246,2567.26766,2817.16662,2020-03-03 23:14:41.970,20725646.48354939,355200520.34516776,148411366.0315067,142279090478.18777,-38489420065.465805,-16685591164.501764,58911.96854131943
46,2020,3,3,23,29,41.97,16782065.226,18893664.887,-8054905.218,-1057.30612,2224.18257,2997.57065,2020-03-03 23:29:41.970,19814895.322460648,355154978.02892315,148479409.22716615,142287097630.98145,-38465733581.3499,-16675322066.13808,58911.9789579861
46,2020,3,3,23,44,41.97,15688262.125,20726453.525000002,-5295270.374,-1369.8348899999999,1842.8411,3126.0947300000003,2020-03-03 23:44:41.970,18904021.880171355,355107399.4278711,148546601.14944506,142295100096.04034,-38442045854.98827,-16665052428.866182,58911.98937465277
46,2020,3,3,23,59,41.97,14323514.370000001,22201292.509,-2444160.7509999997,-1658.53812,1429.8963899999999,3200.56369,2020-03-03 23:59:41.970,17993031.317724116,355057783.8327151,148612940.99605542,142303097870.67056,-38418356894.66423,-16654782256.28284,58911.99979131943
46,2020,3,4,0,14,41.97,12711538.25,23292940.267,449151.243,-1918.44302,992.53901,3219.75129,2020-03-04 00:14:41.970,17081928.61551988,355006130.53440344,148678427.98214164,142311090959.76663,-38394666686.20812,-16644511542.251375,58912.0102079861
46,2020,3,4,0,29,41.97,10880300.052000001,23982816.979,3334720.812,-2145.0909,538.36765,3183.39827,2020-03-04 00:29:41.970,16170718.946154142,354952438.84446543,148743061.31314093,142319079360.63388,-38370975237.902596,-16634240290.368317,58912.02062465277
46,2020,3,4,0,44,41.97,8861518.851,24259317.474,6162808.407000001,-2334.61325,75.25214,3092.21119,2020-03-04 00:44:41.970,15259407.425838895,354896708.0816375,148806840.20295686,142327063073.1079,-38347282550.546265,-16623968500.985817,58912.03104131943
46,2020,3,4,0,59,41.97,6690105.093,24117988.262,8884738.08,-2483.7962199999997,-388.80557,2947.84507,2020-03-04 00:59:41.970,14347999.176524786,354838937.57520485,148869763.86941668,142335042097.02496,-38323588624.93752,-16613696174.455973,58912.0414579861
46,2020,3,4,1,14,41.97,4403547.067000001,23561584.327,11453737.803,-2590.13272,-845.8119200000001,2752.86871,2020-03-04 01:14:41.970,13436499.325884432,354779126.66502804,148931831.53428498,142343016432.22116,-38299893461.874756,-16603423311.13085,58912.05187465277
46,2020,3,4,1,29,41.97,2041256.283,22599999.071,13825740.35,-2651.86137,-1287.92011,2510.71435,2020-03-04 01:29:41.970,12524913.00729521,354717274.70156926,148993042.42327604,142350986078.53305,-38276197062.1563,-16593149911.362495,58912.06229131943
46,2020,3,4,1,44,41.97,-356116.13899999997,21250071.466000002,15960132.322999999,-2667.99197,-1707.5641699999999,2225.61303,2020-03-04 01:44:41.970,11613245.359822413,354653381.04591864,149053395.76606733,142358951035.7974,-38252499426.58026,-16582875975.5029,58912.0727079861
46,2020,3,4,1,59,41.97,-2747379.863,19535275.408,17820439.055999998,-2638.31733,-2097.58637,1902.517,2020-03-04 01:59:41.970,10701501.52820193,354587445.0698223,149112890.79631194,142366911303.85107,-38228800555.94473,-16572601503.90404,58912.08312465277
46,2020,3,4,2,14,41.97,-5091510.349,17485298.173,19374934.609,-2563.41171,-2451.3559,1547.0111200000001,2020-03-04 02:14:41.970,9789686.662822615,354519466.1557073,149171526.7516524,142374866882.53137,-38205100451.04769,-16562326496.917841,58912.09354131943
46,2020,3,4,2,29,41.97,-7348346.601,15135516.545,20597167.652,-2444.61635,-2762.87734,1165.21486,2020-03-04 02:29:41.970,8877805.919709135,354449443.69670904,149229302.8737331,142382817771.67557,-38181399112.68702,-16552050954.896181,58912.1039579861
46,2020,3,4,2,44,41.97,-9479270.23,12526380.604,21466395.631,-2284.01257,-3026.88719,763.67682,2020-03-04 02:44:41.970,7965864.460503996,354377377.0966985,149286218.40821362,142390763971.1215,-38157696541.66045,-16541774878.19094,58912.11437465277
46,2020,3,4,2,59,41.97,-11447855.028,9702716.334,21967921.331,-2084.38323,-3238.9375099999997,349.26358,2020-03-04 02:59:41.970,7053867.452449975,354303265.7703084,149342272.60478187,142398705480.70685,-38133992738.76571,-16531498267.153934,58912.12479131943
46,2020,3,4,3,14,41.97,-13220476.978999998,6712959.135,22093327.504,-1849.16349,-3395.46574,-70.95536,2020-03-04 03:14:41.970,6141820.068371871,354227109.1429598,149397464.71716723,142406642300.26984,-38110287704.80031,-16521221122.136942,58912.1352079861
46,2020,3,4,3,29,41.97,-14766875.432999998,3608331.058,21840606.875,-1582.38172,-3493.8498600000003,-489.82473,2020-03-04 03:29:41.970,5229727.486658836,354148906.65088934,149451794.00315374,142414574429.6487,-38086581440.56177,-16510943443.491724,58912.14562465277
46,2020,3,4,3,44,41.97,-16060657.072,441975.08499999996,21214186.345,-1288.59163,-3532.4485600000003,-900.2212000000001,2020-03-04 03:44:41.970,4317594.891245792,354068657.7411757,149505259.7245931,142422501868.68222,-38062873946.84742,-16500665231.56999,58912.15604131943
46,2020,3,4,3,59,41.97,-17079735.194000002,-2731939.806,20224845.678999998,-972.79657,-3510.62599,-1295.16988,2020-03-04 03:59:41.970,3405427.471595142,353986361.8717672,149557861.14741802,142430424617.20908,-38039165224.45455,-16490386486.723425,58912.1664579861
46,2020,3,4,4,14,41.97,-17806697.817,-5859128.851000001,18889532.395,-640.36723,-3428.7609300000004,-1667.95821,2020-03-04 04:14:41.970,2493230.422678444,353902018.5115078,149609597.54165578,142438342675.06808,-38015455274.18032,-16480107209.303648,58912.17687465277
46,2020,3,4,4,29,41.97,-18229099.081,-8886102.924999999,17231075.947,-296.95369999999997,-3288.2403,-2012.24563,2020-03-04 04:29:41.970,1581008.9449575217,353815627.14016384,149660468.1814407,142446256042.09882,-37991744096.82176,-16469827399.662283,58912.18729131943
46,2020,3,4,4,44,41.97,-18339669.467,-11761067.112,15277805.616,51.60681,-3091.4371100000003,-2322.16766,2020-03-04 04:44:41.970,668768.2443658387,353727187.24845225,149710472.3450282,142454164718.14053,-37968031693.175865,-16459547058.150883,58912.1977079861
46,2020,3,4,4,59,41.97,-18136441.434,-14434792.49,13063077.859000001,399.38546,-2841.6730700000003,-2592.43278,2020-03-04 04:59:41.970,-243486.46771058088,353636698.33806574,149759609.3148078,142462068703.03305,-37944318064.03948,-16449266185.12099,58912.20812465277
46,2020,3,4,5,14,41.97,-17622788.185000002,-16861447.457,10624720.121000001,740.4590800000001,-2543.16611,-2818.41093,2020-03-04 05:14:41.970,-1155749.974452145,353544159.92170167,149807878.3773162,142469967996.61633,-37920603210.20933,-16438984780.924082,58912.21854131943
46,2020,3,4,5,29,41.97,-16807374.479,-18999375.305,8004399.392999999,1069.0081,-2200.96353,-2996.21204,2020-03-04 05:29:41.970,-2068017.0536249115,353449571.5230871,149855278.82325107,142477862598.7304,-37896887132.48208,-16428702845.911615,58912.2289579861
46,2020,3,4,5,44,41.97,-15704019.648,-20811805.342,5246925.012,1379.4135,-1820.86129,-3122.75342,2020-03-04 05:44:41.970,-2980282.477600046,353352932.67700684,149901809.94748428,142485752509.21576,-37873169831.65424,-16418420380.435009,58912.23937465277
46,2020,3,4,5,59,41.97,-14331474.284,-22267485.586999997,2399496.3200000003,1666.35144,-1409.31064,-3195.8147,2020-03-04 05:59:41.970,-3892541.013373342,353254242.9293308,149947471.049075,142493637727.91312,-37849451308.52229,-16408137384.845648,58912.24979131943
46,2020,3,4,6,14,41.97,-12713113.406,-23341226.037,-489093.093,1924.8839600000001,-973.313,-3214.0792,2020-03-04 06:14:41.970,-4804787.422584817,353153501.8370402,149992261.43128362,142501518254.66302,-37825731563.882515,-16397853859.494846,58912.2602079861
46,2020,3,4,6,29,41.97,-10876550.314,-24014342.659,-3369281.941,2150.5443,-520.30468,-3177.1608300000003,2020-03-04 06:29:41.970,-5717016.461538582,353050708.9682545,150036180.40158474,142509394089.3069,-37802010598.53119,-16387569804.733936,58912.27062465277
46,2020,3,4,6,44,41.97,-8853176.697,-24274993.665999997,-6191585.142,2339.4152099999997,-58.0331,-3085.6156499999997,2020-03-04 06:44:41.970,-6629222.881222811,352945863.9022597,150079227.27168098,142517265231.68585,-37778288413.264366,-16377285220.914156,58912.28104131943
46,2020,3,4,6,59,41.97,-6677635.927999999,-24118401.228,-8907441.068,2488.19884,405.57366,-2940.93766,2020-03-04 06:59:41.970,-7541401.427329847,352838966.22953403,150121401.357516,142525131681.6415,-37754565008.8781,-16367000108.38675,58912.2914579861
46,2020,3,4,7,14,41.97,-4387237.7809999995,-23546953.565,-11470047.725,2594.27682,862.54187,-2745.53843,2020-03-04 07:14:41.970,-8453546.840276496,352730015.5517757,150162701.97928876,142532993439.01538,-37730840386.16827,-16356714467.50288,58912.30187465277
46,2020,3,4,7,29,41.97,-2021323.99,-22570184.349999998,-13835173.372,2655.75923,1304.98942,-2502.71066,2020-03-04 07:29:41.970,-9365653.85522443,352619011.4819299,150203128.46146607,142540850503.64978,-37707114545.93069,-16346428298.613703,58912.31229131943
46,2020,3,4,7,44,41.97,379404.854,-21204628.462,-15961927.196,2671.52138,1725.2629100000001,-2216.5759500000004,2020-03-04 07:44:41.970,-10277717.202100743,352505953.6442164,150242680.13279706,142548702875.3867,-37683387488.96105,-16336141602.070328,58912.3227079861
46,2020,3,4,7,59,41.97,2773589.668,-19473555.316000003,-17813476.133,2641.22746,2116.0721599999997,-1892.01747,2020-03-04 07:59:41.970,-11189731.60561875,352390841.67415583,150281356.3263261,142556550554.06863,-37659659216.05491,-16325854378.223818,58912.33312465277
46,2020,3,4,8,14,41.97,5119928.411,-17406583.268999998,-19357694.597999997,2565.34051,2470.6196,-1534.59842,2020-03-04 08:14:41.970,-12101691.785298713,352273675.2185973,150319156.37940675,142564393539.5382,-37635929728.00773,-16315566627.425201,58912.34354131943
46,2020,3,4,8,29,41.97,7377894.180000001,-15039180.823,-20567734.958,2445.11813,2782.722,-1150.46764,2020-03-04 08:29:41.970,-13013592.455489079,352154453.9357454,150356079.63371512,142572231831.63843,-37612199025.614914,-16305278350.02546,58912.3539579861
46,2020,3,4,8,44,41.97,9508443.036,-12412062.572,-21422507.783,2282.5939000000003,3046.92229,-746.25383,2020-03-04 08:44:41.970,-13925428.32538735,352033177.4951878,150392125.43526366,142580065430.21207,-37588467109.67168,-16294989546.375551,58912.36437465277
46,2020,3,4,8,59,41.97,11474698.715,-9570489.893,-21907062.496,2080.54467,3258.58904,-328.95027,2020-03-04 08:59:41.970,-14837194.099061921,351909845.5779217,150427293.1344148,142587894335.1028,-37564733980.97325,-16284700216.826378,58912.37479131943
46,2020,3,4,9,14,41.97,13242601.631,-6563488.333000001,-22012860.742000002,1842.44403,3414.00176,94.2079,2020-03-04 09:14:41.970,-15748884.475472936,351784457.8763822,150461582.0858945,142595718546.1541,-37540999640.31458,-16274410361.728794,58912.3852079861
46,2020,3,4,9,29,41.97,14781510.114999998,-3442995.381,-21737936.774,1572.4027899999999,3510.42008,515.87165,2020-03-04 09:29:41.970,-16660494.148494517,351657014.0944678,150494991.64880604,142603538063.20966,-37517264088.4906,-16264119981.433647,58912.39562465277
46,2020,3,4,9,44,41.97,16064742.576000001,-262953.778,-21086941.202999998,1275.09745,3546.13532,928.7089,2020-03-04 09:44:41.970,-17572017.806936253,351527513.94756943,150527521.18664384,142611352886.11356,-37493527326.29612,-16253829076.291708,58912.40604131943
46,2020,3,4,9,59,41.97,17070050.317,2921633.237,-20071066.7,955.6878399999999,3520.50336,1325.53558,2020-03-04 09:59:41.970,-18483450.13456513,351395957.1625963,150559170.06730664,142619163014.70984,-37469789354.5259,-16243537646.653734,58912.4164579861
46,2020,3,4,10,14,41.97,17780011.953,6055667.494,-18707856.491,619.72555,3433.9579200000003,1699.4445600000001,2020-03-04 10:14:41.970,-19394785.810127858,351262343.4780041,150589937.6631121,142626968448.8433,-37446050173.97448,-16233245692.870419,58912.42687465277
46,2020,3,4,10,29,41.97,18182341.875,9084924.436999999,-17020898.79,273.05476,3288.00386,2043.92984,2020-03-04 10:29:41.970,-20306019.50737311,351126672.6438213,150619823.3508096,142634769188.3583,-37422309785.43637,-16222953215.292423,58912.43729131943
46,2020,3,4,10,44,41.97,18270106.794999998,11957006.675,-15039412.571,-78.29248,3085.1906,2353.0033700000004,2020-03-04 10:44:41.970,-21217145.895073663,350988944.4216774,150648826.5115951,142642565233.09988,-37398568189.705925,-16212660214.270374,58912.4477079861
46,2020,3,4,10,59,41.97,18041846.253,14622264.748,-12797732.275,-428.20461,2829.0659699999997,2621.3024699999996,2020-03-04 10:59:41.970,-22128159.637049407,350849158.58482987,150676946.5311238,142650356582.91302,-37374825387.57739,-16202366690.154848,58912.45812465277
46,2020,3,4,11,14,41.97,17501594.829,17034667.937999997,-10334701.055,-770.60029,2524.11151,2844.1853,2020-03-04 11:14:41.970,-23039055.392189886,350707314.9181907,150704182.799525,142658143237.6432,-37351081379.84496,-16192072643.296387,58912.46854131943
46,2020,3,4,11,29,41.97,16658805.781,19152608.947,-7692984.027000001,-1099.5373299999999,2175.6604899999998,3017.81287,2020-03-04 11:29:41.970,-23949827.81447718,350563413.2183546,150730534.711415,142665925197.13596,-37327336167.30262,-16181778074.045475,58912.4789579861
46,2020,3,4,11,44,41.97,15528177.825000001,20939627.628999997,-4918314.552,-1409.31864,1789.8003,3139.21562,2020-03-04 11:44:41.970,-24860471.553009104,350417453.2936258,150756001.6659117,142673702461.23694,-37303589750.74428,-16171482982.75258,58912.48937465277
46,2020,3,4,11,59,41.97,14129388.684,22365040.657,-2058687.867,-1694.59313,1373.2614,3206.34366,2020-03-04 11:59:41.970,-25770981.252022326,350269434.96404546,150780583.06664798,142681475029.79227,-37279842130.96376,-16161187369.768105,58912.49979131943
46,2020,3,4,12,14,41.97,12486740.900999999,23404466.0,836482.6849999999,-1950.44946,933.29504,3218.09953,2020-03-04 12:14:41.970,-26681351.550915934,350119358.0614192,150804278.32178584,142689242902.64822,-37256093308.75476,-16150891235.442417,58912.5102079861
46,2020,3,4,12,29,41.97,10628727.07,24040233.319,3717230.9919999996,-2172.5010899999997,477.54245000000003,3174.3533199999997,2020-03-04 12:29:41.970,-27591577.084274758,349967222.4293439,150827086.8440302,142697006079.65106,-37232343284.91085,-16140594580.12584,58912.52062465277
46,2020,3,4,12,44,41.97,8587523.155000001,24261673.754,6533909.043,-2356.9608,13.89812,3075.93993,2020-03-04 12:44:41.970,-28501652.481893383,349813027.9232352,150849008.05064294,142704764560.64767,-37208592060.22551,-16130297404.168667,58912.53104131943
46,2020,3,4,12,59,41.97,6398419.814,24065285.058000002,9238047.478,-2500.70372,-449.63004,2924.63891,2020-03-04 12:59:41.970,-29411572.368799765,349656774.4103548,150870041.36345667,142712518345.48468,-37184839635.49205,-16119999707.921131,58912.5414579861
46,2020,3,4,13,14,41.97,4099202.635,23454770.513,11783190.468,-2601.3177600000004,-905.06092,2723.13776,2020-03-04 13:14:41.970,-30321331.365279514,349498461.769838,150890186.20888865,142720267434.0094,-37161086011.503685,-16109701491.733429,58912.55187465277
46,2020,3,4,13,29,41.97,1729492.9039999999,22440952.481,14125690.428,-2657.14077,-1344.57814,2474.9795799999997,2020-03-04 13:29:41.970,-31230924.08689998,349338089.89272034,150909442.01795483,142728011826.06903,-37137331189.053604,-16099402755.955715,58912.56229131943
46,2020,3,4,13,44,41.97,-669939.041,21041563.717,16225449.16,-2667.2842499999997,-1760.66334,2184.49661,2020-03-04 13:44:41.970,-32140345.14453469,349175658.68196565,150927808.22628418,142735751521.51114,-37113575168.93474,-16089103500.938107,58912.5727079861
46,2020,3,4,13,59,41.97,-3057875.646,19280921.698999997,18046593.347000003,-2631.64345,-2146.22253,1856.73109,2020-03-04 13:59:41.970,-33049589.144387893,349011168.0524931,150945284.27413204,142743486520.18353,-37089817951.939995,-16078803727.030647,58912.58312465277
46,2020,3,4,14,14,41.97,-5393357.027,17189493.113,19558073.829,-2550.89409,-2494.70355,1497.3453100000002,2020-03-04 14:14:41.970,-33958650.68801928,348844617.93120396,150961869.6063946,142751216821.93417,-37066059538.86215,-16068503434.583384,58912.59354131943
46,2020,3,4,14,29,41.97,-7636377.082,14803357.241,20734179.627,-2426.47622,-2800.20297,1112.52244,2020-03-04 14:29:41.970,-34867524.37236893,348676008.2570095,150977563.6726225,142758942426.61124,-37042299930.493835,-16058202623.946285,58912.6039579861
46,2020,3,4,14,44,41.97,-9748559.463,12163578.431,21554959.388,-2260.5657300000003,-3057.56107,708.86023,2020-03-04 14:44:41.970,-35776204.78978226,348505338.9808582,150992365.92703554,142766663334.06302,-37018539127.62756,-16047901295.469273,58912.61437465277
46,2020,3,4,14,59,41.97,-11693802.686,9315498.933,22006544.516999997,-2056.03441,-3262.44362,293.25919,2020-03-04 14:59:41.970,-36684686.52803524,348332610.0657626,151006275.8285362,142774379544.13837,-36994777131.055756,-16037599449.502249,58912.62479131943
46,2020,3,4,15,14,41.97,-13438884.408,6307964.297,22081369.926,-1816.3993,-3411.4098400000003,-127.19284999999999,2020-03-04 15:14:41.970,-37592964.17036004,348157821.48682684,151019292.84072375,142782091056.686,-36971013941.57073,-16027297086.39506,58912.6352079861
46,2020,3,4,15,29,41.97,-14954015.702000001,3192494.23,21778289.903,-1545.76235,-3501.9655799999996,-545.33808,2020-03-04 15:29:41.970,-38501032.29547029,347980973.23127425,151031416.4319086,142789797871.5551,-36947249559.96466,-16016994206.497494,58912.64562465277
46,2020,3,4,15,44,41.97,-16213337.072,22412.314,21102588.109,-1248.74151,-3532.60144,-954.0663499999999,2020-03-04 15:44:41.970,-39408885.47758694,347802065.2984742,151042646.07512614,142797499988.59476,-36923483987.02959,-16006690810.159311,58912.65604131943
46,2020,3,4,15,59,41.97,-17195348.859,-3148051.65,20065882.22,-930.3940200000001,-3502.81548,-1346.4314,2020-03-04 15:59:41.970,-40316518.286464214,347621097.69996905,151052981.24815065,142805197407.6546,-36899717223.55741,-15996386897.730223,58912.6664579861
46,2020,3,4,16,14,41.97,-17883269.66,-6264672.709000001,18685925.097,-596.1333,-3413.1203,-1715.76432,2020-03-04 16:14:41.970,-41223925.28741556,347438070.45950234,151062421.43351045,142812890128.58438,-36875949270.33999,-15986082469.559885,58912.67687465277
46,2020,3,4,16,29,41.97,-18265317.39,-9274141.155,16986305.77,-251.64038,-3265.03445,-2055.78249,2020-03-04 16:29:41.970,-42131101.04134017,347252983.6130449,151070966.11850056,142820578151.2339,-36852180128.16903,-15975777525.997925,58912.68729131943
46,2020,3,4,16,44,41.97,-18334908.625,-12124958.209,14996054.842,97.22895,-3061.05836,-2360.69277,2020-03-04 16:44:41.970,-43038040.10474897,347065837.2088231,151078614.79519793,142828261475.45337,-36828409797.8361,-15965472067.393911,58912.6977079861
46,2020,3,4,16,59,41.97,-18090772.997,-14768303.094999999,12749160.222000001,444.53985,-2804.63489,-2625.28737,2020-03-04 16:59:41.970,-43944737.02979167,346876631.307345,151085366.9604752,142835940101.09317,-36804638280.13265,-15955166094.097364,58912.70812465277
46,2020,3,4,17,14,41.97,-17536980.486,-17158857.864,10284000.381,784.3760100000001,-2500.0949600000004,-2845.031,2020-03-04 17:14:41.970,-44851186.364283204,346685365.9814287,151091222.11601493,142843614028.0039,-36780865575.84997,-15944859606.45777,58912.71854131943
46,2020,3,4,17,29,41.97,-16682880.713,-19255576.774,7642703.567,1110.93749,-2152.58882,-3016.13805,2020-03-04 17:29:41.970,-45757382.65173083,346492041.3162286,151096179.76832372,142851283256.03632,-36757091685.77931,-15934552604.82457,58912.7289579861
46,2020,3,4,17,44,41.97,-15542954.537,-21022387.597,4870442.634,1418.63744,-1768.00365,-3135.6383,2020-03-04 17:44:41.970,-46663320.4313613,346296657.40926296,151100239.42874646,142858947785.04144,-36733316610.71177,-15924245089.547123,58912.73937465277
46,2020,3,4,17,59,41.97,-14136579.611,-22428813.007,2014676.244,1702.19635,-1352.86857,-3201.43015,2020-03-04 17:59:41.970,-47568994.238147974,346099214.3704409,151103400.61348063,142866607614.87033,-36709540351.43832,-15913937060.974802,58912.74979131943
46,2020,3,4,18,14,41.97,-12487712.882,-23450501.206,-875651.706,1956.73211,-914.24811,-3212.32007,2020-03-04 18:14:41.970,-48474398.60283847,345899712.3220899,151105662.84359038,142874262745.3747,-36685762908.749756,-15903628519.456879,58912.7602079861
46,2020,3,4,18,29,41.97,-10624494.411,-24069656.094,-3750941.694,2177.8445500000003,-459.62579,-3168.04752,2020-03-04 18:29:41.970,-49379528.05198224,345698151.3989824,151107025.6450206,142881913176.40594,-36661984283.43682,-15893319465.342606,58912.77062465277
46,2020,3,4,18,44,41.97,-8578778.269000001,-24275358.757999998,-6561783.701,2361.6927,3.22065,-3069.29444,2020-03-04 18:44:41.970,-50284377.107958294,345494531.7483633,151107488.54861173,142889558907.81613,-36638204476.29016,-15883009898.981188,58912.78104131943
46,2020,3,4,18,59,41.97,-6385597.614,-24063773.644,-9259803.779,2505.06356,466.35042999999996,-2917.67886,2020-03-04 18:59:41.970,-51188940.28900339,345288853.5299769,151107051.0901132,142897199939.45712,-36614423488.10019,-15872699820.721775,58912.7914579861
46,2020,3,4,19,14,41.97,-4082572.328,-23438234.619,-11798497.634,2605.43073,921.7950900000001,-2715.73245,2020-03-04 19:14:41.970,-52093212.109240174,345081116.9160939,151105712.81019837,142904836271.1813,-36590641319.65729,-15862389230.913462,58912.80187465277
46,2020,3,4,19,29,41.97,-1709268.806,-22409208.113,-14134036.706,2661.0019199999997,1361.69588,-2466.86186,2020-03-04 19:29:41.970,-52997187.07870541,344871322.09153867,151103473.25447842,142912467902.84128,-36566857971.751656,-15852078129.905308,58912.81229131943
46,2020,3,4,19,44,41.97,693477.495,-20994132.667999998,-16226032.442,2670.75408,1778.44061,-2175.29457,2020-03-04 19:44:41.970,-53900859.7033786,344659469.25371593,151100331.97351673,142920094834.28964,-36543073445.17342,-15841766518.046333,58912.8227079861
46,2020,3,4,19,59,41.97,3084265.239,-19217136.411,-18038244.893,2634.45528,2164.79767,-1846.00948,2020-03-04 19:59:41.970,-54804224.48521076,344445558.61263824,151096288.52284324,142927717065.37924,-36519287740.71255,-15831454395.68548,58912.83312465277
46,2020,3,4,20,14,41.97,5421843.955,-17108636.248,-19539222.560999997,2552.67285,2514.0444500000003,-1484.65369,2020-03-04 20:14:41.970,-55707275.92215318,344229590.3909526,151091342.46296853,142935334595.96335,-36495500859.1589,-15821141763.171665,58912.84354131943
46,2020,3,4,20,29,41.97,7665831.679,-14704824.789,-20702861.434,2426.76727,2820.08797,-1097.44643,2020-03-04 20:29:41.970,-56610008.508186705,344011564.8239677,151085493.35939837,142942947425.89502,-36471712801.30216,-15810828620.85375,58912.8539579861
46,2020,3,4,20,44,41.97,9777420.662,-12047053.217,-21508872.483,2258.8717300000003,3077.5750999999996,-691.07196,2020-03-04 20:44:41.970,-57512416.73335081,343791482.1596803,151078740.78264782,142950555555.02823,-36447923567.931984,-15800514969.080563,58912.86437465277
46,2020,3,4,20,59,41.97,11720058.293,-9181120.38,-21943148.408,2051.8575499999997,3281.99042,-272.56314999999995,2020-03-04 20:59:41.970,-58414495.08377311,343569342.6588028,151071084.30825546,142958158983.21643,-36424133159.83781,-15790200808.20085,58912.87479131943
46,2020,3,4,21,14,41.97,13460090.715,-6156480.276000001,-21998022.252,1809.28593,3429.7393700000002,150.82209,2020-03-04 21:14:41.970,-59316238.04169888,343345146.5947903,151062523.51679835,142965757710.31366,-36400341577.80896,-15779886138.563337,58912.8852079861
46,2020,3,4,21,29,41.97,14967357.138,-3025381.834,-21672412.393999998,1535.3467999999998,3518.2152499999997,571.7293,2020-03-04 21:29:41.970,-60217640.085521184,343118894.25386626,151053057.993905,142973351736.17422,-36376548822.63466,-15769570960.51669,58912.89562465277
46,2020,3,4,21,44,41.97,16215723.655,158043.672,-20971850.588,1234.78577,3545.8484399999998,982.8384500000001,2020-03-04 21:44:41.970,-61118695.6898105,342890585.9350506,151042687.33027154,142980941060.6523,-36352754895.10404,-15759255274.409525,58912.90604131943
46,2020,3,4,21,59,41.97,17183546.438,3338731.052,-19908391.923,912.82045,3512.13663,1376.99496,2020-03-04 21:59:41.970,-62019399.325345024,342660221.9501862,151031411.12167436,142988525683.60248,-36328959796.006035,-15748939080.590403,58912.9164579861
46,2020,3,4,22,14,41.97,17854055.441,6461648.117,-18500407.847,575.04772,3417.65557,1747.33812,2020-03-04 22:14:41.970,-62919745.4591411,342427802.6239651,151019228.96898556,142996105604.87982,-36305163526.129486,-15738622379.407846,58912.92687465277
46,2020,3,4,22,29,41.97,18215651.23,9472763.212,-16772265.705000002,227.34377999999998,3264.0497,2087.4244200000003,2020-03-04 22:29:41.970,-63819728.554483645,342193328.29395586,151006140.4781867,143003680824.33908,-36281366086.26304,-15728305171.210325,58912.93729131943
46,2020,3,4,22,44,41.97,18262109.238,12319995.379,-14753900.503999999,-124.24132999999999,3054.00295,2391.3433400000004,2020-03-04 22:44:41.970,-64719343.07095698,341956799.31063026,150992145.26038337,143011251341.8356,-36257567477.19538,-15717987456.346252,58912.9477079861
46,2020,3,4,22,59,41.97,17992687.531,14954129.428,-12480286.764,-473.59229000000005,2791.19009,2653.82318,2020-03-04 22:59:41.970,-65618583.46447567,341718216.0373896,150977242.9318196,143018817157.22473,-36233767699.71483,-15707669235.163996,58912.95812465277
46,2020,3,4,23,14,41.97,17412136.105,17329678.853,-9990820.344,-814.6383999999999,2480.20966,2870.32497,2020-03-04 23:14:41.970,-66517444.18731565,341477578.8505918,150961433.113892,143026378270.3621,-36209966754.60981,-15697350508.011873,58912.96854131943
46,2020,3,4,23,29,41.97,16530607.695999999,19405680.563,-7328621.914,-1141.46219,2126.49979,3037.12241,2020-03-04 23:29:41.970,-67415919.68814547,341234888.13957745,150944715.43316457,143033934681.1037,-36186164642.66843,-15687031275.238146,58912.9789579861
46,2020,3,4,23,44,41.97,15363472.074,21146406.843000002,-4539775.323,-1448.40491,1736.23877,3151.3663699999997,2020-03-04 23:44:41.970,-68314004.41205782,340990144.3066971,150927089.52138242,143041486389.30536,-36162361364.67879,-15676711537.19103,58912.98937465277
46,2020,3,4,23,59,41.97,13931037.694,22521981.652999997,-1672515.2929999998,-1730.1665799999998,1316.23227,3211.13279,2020-03-04 23:59:41.970,-69211692.80060117,340743347.7673373,150908555.0154865,143049033394.82343,-36138556921.42878,-15666391294.21869,58912.99979131943
46,2020,3,5,0,14,41.97,12258186.533,23508891.490999997,1223621.17,-1981.89874,873.78979,3215.45302,2020-03-05 00:14:41.970,-70108979.29181166,340494498.9499478,150889111.5576283,143056575697.5142,-36114751313.706215,-15656070546.669231,58913.0102079861
46,2020,3,5,0,29,41.97,10373928.954000002,24090375.854000002,4098657.7040000004,-2199.28821,416.59333999999996,3164.32703,2020-03-05 00:29:41.970,-71005858.32024503,340243598.2960665,150868758.79518345,143064113297.23465,-36090944542.298744,-15645749294.890718,58913.02062465277
46,2020,3,5,0,44,41.97,8310888.700999999,24256707.299999997,6903055.345,-2378.63024,-47.44062,3058.71751,2020-03-05 00:44:41.970,-71902324.3170088,339990646.26034784,150847496.38076684,143071646193.84143,-36067136607.993904,-15635427539.231157,58913.03104131943
46,2020,3,5,0,59,41.97,6104726.453000001,24005335.391,9588566.183,-2516.88985,-510.3006,2900.5279800000003,2020-03-05 00:59:41.970,-72798371.70979494,339735643.31058776,150825323.97224632,143079174387.1916,-36043327511.5791,-15625105280.038515,58913.0414579861
46,2020,3,5,1,14,41.97,3793514.18,23340910.12,12109064.807,-2611.75062,-964.02034,2692.56376,2020-03-05 01:14:41.970,-73693994.92291228,339478589.92775095,150802241.23275778,143086697877.14243,-36019517253.84156,-15614782517.660675,58913.05187465277
46,2020,3,5,1,29,41.97,1417071.497,22275179.099,14421336.6,-2661.65011,-1400.8162,2438.47772,2020-03-05 01:29:41.970,-74589188.37731932,339219486.60599613,150778247.83071905,143094216663.55142,-35995705835.56846,-15604459252.445507,58913.06229131943
46,2020,3,5,1,44,41.97,-983723.806,20826763.111,16485810.774000002,-2665.80176,-1813.2196199999998,2142.70192,2020-03-05 01:44:41.970,-75483946.49065712,338958333.852704,150753343.43984416,143101730746.27618,-35971893257.546745,-15594135484.740799,58913.0727079861
46,2020,3,5,1,59,41.97,-3367638.83,19020815.535,18267226.256,-2624.20328,-2194.20246,1810.36705,2020-03-05 01:59:41.970,-76378263.67728265,338695132.1885014,150727527.73915857,143109240125.17462,-35948079520.56337,-15583811214.894299,58913.08312465277
46,2020,3,5,2,14,41.97,-5693790.126,16888572.999,19735220.044,-2537.63161,-2537.29304,1447.2110300000002,2020-03-05 02:14:41.970,-77272134.34830207,338429882.1472895,150700800.41301224,143116744800.10498,-35924264625.404945,-15573486443.253704,58913.09354131943
46,2020,3,5,2,29,41.97,-7922337.961,14466806.223,20864829.253,-2407.62515,-2836.6816400000002,1059.47884,2020-03-05 02:29:41.970,-78165552.91160432,338162584.27626836,150673161.15109515,143124244770.92526,-35900448572.85815,-15563161170.166655,58913.1039579861
46,2020,3,5,2,44,41.97,-10015159.0,11797181.382000001,21636899.698000003,-2236.45375,-3087.3136799999997,653.8153799999999,2020-03-05 02:44:41.970,-79058513.77189472,337893239.1359643,150644609.64845115,143131740037.49417,-35876631363.709404,-15552835395.980734,58913.11437465277
46,2020,3,5,2,59,41.97,-11936486.783,8925543.394,22038395.542,-2027.07725,-3284.96983,237.15301,2020-03-05 02:59:41.970,-79951011.33072911,337621847.3002544,150615145.60549226,143139230599.67017,-35852812998.745056,-15542509121.043482,58913.12479131943
46,2020,3,5,3,14,41.97,-13653510.108000001,5901133.45,22062606.119,-1783.09355,-3426.33193,-183.4042,2020-03-05 03:14:41.970,-80843039.9865479,337348409.3563943,150584768.72801337,143146716457.31226,-35828993478.751305,-15532182345.702377,58913.1352079861
46,2020,3,5,3,29,41.97,-15136920.277999999,2775753.74,21709247.647,-1508.6771,-3509.03431,-600.6979799999999,2020-03-05 03:29:41.970,-81734594.1347103,337072925.90504295,150553478.72720647,143154197610.2796,-35805172804.51413,-15521855070.30483,58913.14562465277
46,2020,3,5,3,44,41.97,-16361399.042,-397107.146,20984459.060000002,-1208.5087999999998,-3531.6998399999998,-1007.6334,2020-03-05 03:44:41.970,-82625668.16752897,336795397.560289,150521275.31967476,143161674058.43118,-35781350976.81958,-15511527295.198238,58913.15604131943
46,2020,3,5,3,59,41.97,-17306040.038,-3563174.362,19900692.637000002,-887.69843,-3493.9605399999996,-1397.2948700000002,2020-03-05 03:59:41.970,-83516256.47430468,336515824.94967616,150488158.2274474,143169145801.62686,-35757527996.45332,-15501199020.729908,58913.1664579861
46,2020,3,5,4,14,41.97,-17954697.446999997,-6668298.493,18476501.512,-551.70072,-3396.46266,-1763.05899,2020-03-05 04:14:41.970,-84406353.44136111,336234208.7142299,150454127.17799386,143176612839.72604,-35733703864.20104,-15490870247.247097,58913.17687465277
46,2020,3,5,4,29,41.97,-18296256.648,-9659364.702000001,16736227.549999999,-206.22614000000002,-3240.85594,-2098.70291,2020-03-05 04:29:41.970,-85295953.45208025,335950549.5084818,150419181.90423766,143184075172.58868,-35709878580.848274,-15480540975.097025,58913.18729131943
46,2020,3,5,4,44,41.97,-18324822.643,-12485185.317,14709594.342,142.85242,-3029.76758,-2398.50655,2020-03-05 04:44:41.970,-86185050.88693729,335664848.0004973,150383322.14457184,143191532800.0748,-35686052147.18035,-15470211204.626842,58913.1977079861
46,2020,3,5,4,59,41.97,-18039823.161,-15097361.967999998,12431211.435999999,489.59578,-2766.76068,-2657.34741,2020-03-05 04:59:41.970,-87073640.12353638,335377104.871899,150346547.64287195,143198985722.04474,-35662224563.982544,-15459880936.183641,58913.20812465277
46,2020,3,5,5,14,41.97,-17446024.456,-17451103.705000002,9939997.162,828.0960600000001,-2456.27802,-2870.78643,2020-03-05 05:14:41.970,-87961715.53664622,335087320.817894,150308858.1485117,143206433938.35904,-35638395832.03987,-15449550170.11448,58913.21854131943
46,2020,3,5,5,29,41.97,-16553459.055,-19505987.961999997,7278528.642,1152.57454,-2103.57143,-3035.14369,2020-03-05 05:29:41.970,-88849271.49823608,334795496.5472985,150270253.41637638,143213877448.8781,-35614565952.13735,-15439218906.76633,58913.2289579861
46,2020,3,5,5,44,41.97,-15377265.938000001,-21226651.834,4492328.819,1457.4781699999999,-1714.6176799999998,-3147.56251,2020-03-05 05:44:41.970,-89736302.37751155,334501632.7825635,150230733.20687753,143221316253.46298,-35590734925.05982,-15428887146.486137,58913.23937465277
46,2020,3,5,5,59,41.97,-13937444.982,-22583401.96,1629101.398,1737.57333,-1296.0219,-3206.06088,2020-03-05 05:59:41.970,-90622802.54095119,334205730.25980073,150190297.2859673,143228750351.9747,-35566902751.59189,-15418554889.620779,58913.24979131943
46,2020,3,5,6,14,41.97,-12258528.845,-23552732.305,-1262074.311,1988.0352699999999,-854.9097399999999,-3209.56898,2020-03-05 06:14:41.970,-91508766.35234268,333907789.7288069,150148945.42515254,143236179744.2744,-35543069432.51815,-15408222136.517073,58913.2602079861
46,2020,3,5,6,29,41.97,-10369176.826000001,-24117740.345,-4131575.8189999997,2204.53178,-398.80969,-3157.95208,2020-03-05 06:29:41.970,-92394188.17281982,333607811.9530898,150106677.40150946,143243604430.2237,-35519234968.622986,-15397888887.521784,58913.27062465277
46,2020,3,5,6,44,41.97,-8301696.666,-24268433.63,-6930083.529,2383.2994599999997,64.47255,-3052.0179399999997,2020-03-05 06:44:41.970,-93279062.36089905,333305797.7098938,150063492.9976977,143251024409.68402,-35495399360.690636,-15387555142.98163,58913.28104131943
46,2020,3,5,6,59,41.97,-6091501.5370000005,-24001920.323999997,-9609426.347000001,2521.21118,526.9858899999999,-2893.50827,2020-03-05 06:59:41.970,-94163383.2725167,333001747.7902237,150019392.00197467,143258439682.5174,-35471562609.50524,-15377220903.243254,58913.2914579861
46,2020,3,5,7,14,41.97,-3776510.781,-23322479.191,-12123412.367999999,2615.8334499999996,980.7696,-2685.07411,2020-03-05 07:14:41.970,-95047145.26106623,332695662.9988711,149974374.20820972,143265850248.58585,-35447724715.85077,-15366886168.65325,58913.30187465277
46,2020,3,5,7,29,41.97,-1396504.1060000001,-22241506.48,-14428630.157,2665.47226,1417.9906799999999,-2430.23513,2020-03-05 07:29:41.970,-95930342.6774356,332387544.15443885,149928439.41589862,143273256107.75134,-35423885680.51105,-15356550939.558168,58913.31229131943
46,2020,3,5,7,44,41.97,1007560.01,-20777339.311,-16485206.349,2669.2066200000004,1831.0805500000001,-2133.32339,2020-03-05 07:44:41.970,-96812969.87004513,332077392.08936626,149881587.43017763,143280657259.87656,-35400045504.26979,-15346215216.304482,58913.3227079861
46,2020,3,5,7,59,41.97,3394250.107,-18954957.385,-18257505.804,2626.9086700000003,2212.86832,-1799.41205,2020-03-05 07:59:41.970,-97695021.18488505,331765207.6499537,149833818.06183803,143288053704.82385,-35376204187.91053,-15335878999.238632,58913.33312465277
46,2020,3,5,8,14,41.97,5722379.483,-16805567.081,-19714761.347,2539.2500400000004,2556.70846,-1434.23038,2020-03-05 08:14:41.970,-98576490.96555385,331450991.6963875,149785131.1273401,143295445442.4562,-35352361732.21672,-15325542288.706968,58913.34354131943
46,2020,3,5,8,29,41.97,7951723.178,-14366074.252,-20831621.202999998,2407.6937799999996,2856.6001,-1044.06611,2020-03-05 08:29:41.970,-99457373.55329636,331134745.1027647,149735526.4488272,143302832472.63644,-35328518137.97154,-15315205085.055815,58913.3539579861
46,2020,3,5,8,44,41.97,10043721.341,-11678454.196,-21588603.561,2234.47218,3107.2957899999997,-635.65699,2020-03-05 08:44:41.970,-100337663.28704217,330816468.757118,149685003.85414082,143310214795.22787,-35304673405.958206,-15304867388.631407,58913.36437465277
46,2020,3,5,8,59,41.97,11962156.167,-8789029.349,-21972449.316,2022.55029,3304.3975,-216.07327,2020-03-05 08:59:41.970,-101217354.50344437,330496163.56143993,149633563.17683348,143317592410.09393,-35280827536.95966,-15294529199.779955,58913.37479131943
46,2020,3,5,9,14,41.97,13673789.916,-5747667.0940000005,-21976365.802,1775.5759799999998,3444.4378,207.40662,2020-03-05 09:14:41.970,-102096441.53691863,330173830.4317076,149581204.25618422,143324965317.0979,-35256980531.75872,-15284190518.84759,58913.3852079861
46,2020,3,5,9,29,41.97,15148952.101000002,-2606911.813,-21600156.338,1497.8171399999999,3524.94456,627.42512,2020-03-05 09:29:41.970,-102974918.71968165,329849470.29790735,149527926.9372119,143332333516.1037,-35233132391.13813,-15273851346.18039,58913.39562465277
46,2020,3,5,9,44,41.97,16362064.786,578933.3219999999,-20850232.52,1194.0871,3544.4877300000003,1036.6766300000002,2020-03-05 09:44:41.970,-103852780.3817909,329523084.1040586,149473731.07068986,143339697006.97522,-35209283115.88042,-15263511682.124378,58913.40604131943
46,2020,3,5,9,59,41.97,17292096.0,3754758.157,-19739508.444,869.65972,3502.70707,1428.03839,2020-03-05 09:59:41.970,-104730020.85118406,329194672.8082383,149418616.51315978,143347055789.5765,-35185432706.76796,-15253171527.025513,58913.4164579861
46,2020,3,5,10,14,41.97,17922932.573,6865613.511,-18287178.301,530.17554,3400.32021,1794.6983400000001,2020-03-05 10:14:41.970,-105606634.45371838,328864237.382606,149362583.1269461,143354409863.77203,-35161581164.58306,-15242830881.229696,58913.42687465277
46,2020,3,5,10,29,41.97,18243665.236,9857677.381,-16518381.111,181.54093,3239.1106999999997,2130.2776400000002,2020-03-05 10:29:41.970,-106482615.51321076,328531778.8134261,149305630.78016984,143361759229.4261,-35137728490.10782,-15232489745.082771,58913.43729131943
46,2020,3,5,10,44,41.97,18248780.488,12679201.398,-14463758.6,-170.17784999999998,3021.89612,2428.94522,2020-03-05 10:44:41.970,-107357958.35147785,328197298.1010943,149247759.34676293,143369103886.40353,-35113874684.1242,-15222148118.930523,58913.4477079861
46,2020,3,5,10,59,41.97,17938255.575,15281419.896,-12158914.361,-518.8637,2752.47704,2685.52219,2020-03-05 10:59:41.970,-108232657.28837602,327860796.26016,149188968.70648238,143376443834.5691,-35090019747.414024,-15211806003.118673,58913.45812465277
46,2020,3,5,11,14,41.97,17317554.852,17619404.632000003,-9643784.459,-858.4584,2435.56747,2895.57396,2020-03-05 11:14:41.970,-109106706.64184223,327522274.3193499,149129258.7449241,143383779073.78796,-35066163680.75898,-15201463397.992893,58913.46854131943
46,2020,3,5,11,29,41.97,16397527.784999998,19652849.303,-6961931.365999999,-1183.0711000000001,2076.70867,3055.4881699999996,2020-03-05 11:29:41.970,-109980100.72793429,327181733.3215933,149068629.35353705,143391109603.92505,-35042306484.94061,-15191120303.898785,58913.4789579861
46,2020,3,5,11,44,41.97,15194210.799,21346769.473,-4159774.667,-1487.08314,1682.16773,3162.53707,2020-03-05 11:44:41.970,-110852833.86087196,326839174.324044,149007080.42963755,143398435424.84613,-35018448160.740265,-15180776721.1819,58913.48937465277
46,2020,3,5,11,59,41.97,13728537.131,22672105.308,-1285773.119,-1765.24734,1258.82334,3214.9230599999996,2020-03-05 11:59:41.970,-111724900.35307805,326494598.39810616,148944611.8764229,143405756536.41666,-34994588708.93922,-15170432650.18771,58913.49979131943
46,2020,3,5,12,14,41.97,12025960.628999999,23606216.555,1610426.476,-2012.7796400000002,814.0410099999999,3211.8068399999997,2020-03-05 12:14:41.970,-112596294.5152195,326148006.62945575,148881223.6029858,143413072938.5025,-34970728130.31857,-15160088091.26165,58913.5102079861
46,2020,3,5,12,29,41.97,10116001.082,24133261.511,4478857.665,-2225.44156,355.54051,3153.3176200000003,2020-03-05 12:29:41.970,-113467010.65624891,325799400.1180649,148816915.5243278,143420384630.96948,-34946866425.65923,-15149743044.749079,58913.52062465277
46,2020,3,5,12,44,41.97,8031720.102,24244454.106000002,7270103.992000001,-2399.61184,-108.74199,3040.54569,2020-03-05 12:44:41.970,-114337043.08344635,325448779.9782252,148751687.56137413,143427691613.68384,-34923003595.74199,-15139397510.995302,58913.53104131943
46,2020,3,5,12,59,41.97,5809137.766,23938195.725,9936154.151,-2532.34631,-570.7939600000001,2875.51781,2020-03-05 12:59:41.970,-115206386.10246105,325096147.33857113,148685539.64098665,143434993886.51193,-34899139641.34752,-15129051490.345568,58913.5414579861
46,2020,3,5,13,14,41.97,3486601.13,23220080.838000003,12431227.486,-2621.42481,-1022.66642,2661.15609,2020-03-05 13:14:41.970,-116075034.0173537,324741503.34210324,148618471.69597867,143442291449.32022,-34875274563.25634,-15118704983.14505,58913.55187465277
46,2020,3,5,13,29,41.97,1104116.391,22102777.926,14712555.641999999,-2665.38501,-1456.6107800000002,2401.22183,2020-03-05 13:29:41.970,-116942981.13063838,324384849.14621055,148550483.6651281,143449584301.9754,-34851408362.24874,-15108357989.73887,58913.56229131943
46,2020,3,5,13,44,41.97,-1297343.1909999999,20605789.398000002,16741107.273000002,-2663.54244,-1865.2105000000001,2100.24548,2020-03-05 13:44:41.970,-117810221.74332543,324026185.9226945,148481575.4931921,143456872444.34445,-34827541039.10496,-15098010510.472092,58913.5727079861
46,2020,3,5,13,59,41.97,-3676541.3899999997,18755096.259000003,18482244.141,-2615.99716,-2241.5052,1763.44443,2020-03-05 13:59:41.970,-118676750.15496387,323665514.8577914,148411747.13092032,143464155876.29437,-34803672594.60504,-15087662545.68971,58913.58312465277
46,2020,3,5,14,14,41.97,-5992683.04,16582695.114999998,19906298.417000003,-2523.62707,-2579.10552,1396.63042,2020-03-05 14:14:41.970,-119542560.66368444,323302837.1521949,148340998.53506908,143471434597.69226,-34779803029.52887,-15077314095.736664,58913.59354131943
46,2020,3,5,14,29,41.97,-8206106.269,14126036.663,20989062.623000003,-2388.0684300000003,-2872.2969599999997,1006.1083399999999,2020-03-05 14:29:41.970,-120407647.56624255,322938154.02107954,148269329.66841522,143478708608.40564,-34755932344.65627,-15066965160.957815,58913.6039579861
46,2020,3,5,14,44,41.97,-10278951.728,11427376.143,21712185.287,-2211.68435,-3116.13143,598.5681900000001,2020-03-05 14:44:41.970,-121272005.15806189,322571466.6941223,148196740.4997697,143485977908.30222,-34732060540.76675,-15056615741.697998,58913.61437465277
46,2020,3,5,14,59,41.97,-12175798.265999999,8533047.298,22063467.025999997,-1997.5219,-3306.50555,180.97212,2020-03-05 14:59:41.970,-122135627.73327759,322202776.41552603,148123231.0039913,143493242497.2496,-34708187618.639786,-15046265838.301939,58913.62479131943
46,2020,3,5,15,14,41.97,-13864255.276,5492672.248,22037053.412,-1749.25885,-3440.22467,-239.56165,2020-03-05 15:14:41.970,-122998509.58477984,321832084.44404083,148048801.1620012,143500502375.11584,-34684313579.054726,-15035915451.114336,58913.6352079861
46,2020,3,5,15,29,41.97,-15315502.76,2358320.318,21633522.524,-1471.14094,-3515.05216,-655.87651,2020-03-05 15:29:41.970,-123860645.00425828,321459392.05298775,147973450.96079537,143507757541.76892,-34660438422.79065,-15025564580.479813,58913.64562465277
46,2020,3,5,15,44,41.97,-16504771.090999998,-816370.651,20859866.609,-1167.91075,-3529.7434399999997,-1060.89484,2020-03-05 15:44:41.970,-124722028.28224583,321084700.5302795,147897180.39345935,143515007997.07736,-34636562150.626595,-15015213226.742926,58913.65604131943
46,2020,3,5,15,59,41.97,-17411753.353,-3977096.6870000004,19729368.733,-844.72919,-3484.0646,-1447.7337,2020-03-05 15:59:41.970,-125582653.70816277,320708011.17844343,147819989.45918158,143522253740.9095,-34612684763.34139,-15004861390.248178,58913.6664579861
46,2020,3,5,16,14,41.97,-18020944.151,-7069799.745999999,18261376.703,-507.09082000000006,-3378.79524,-1809.81722,2020-03-05 16:14:41.970,-126442515.57036173,320329325.3146433,147741878.16326705,143529494773.13394,-34588806261.71373,-14994509071.340008,58913.67687465277
46,2020,3,5,16,29,41.97,-18321899.771,-10041575.364,16480977.900999999,-160.73393,-3215.71585,-2140.9840999999997,2020-03-05 16:29:41.970,-127301608.15617216,319948644.270701,147662846.51715067,143536731093.6197,-34564926646.522156,-14984156270.36278,58913.68729131943
46,2020,3,5,16,44,41.97,-18309415.622,-12841561.894000001,14418580.003999999,188.45317,-2997.57956,-2435.58905,2020-03-05 16:44:41.970,-128159925.75194524,319565969.39311814,147582894.53841156,143543962702.23557,-34541045918.54505,-14973802987.660799,58913.6977079861
46,2020,3,5,16,59,41.97,-17983618.017,-15421797.468999999,12109403.851,534.5285600000001,-2728.0687000000003,-2688.59636,2020-03-05 16:59:41.970,-129017462.64309901,319181302.0430984,147502022.25078583,143551189598.8508,-34517164078.56066,-14963449223.578321,58913.70812465277
46,2020,3,5,17,14,41.97,-17349968.467,-17738031.184,9592895.990999999,871.5945,-2411.7366100000004,-2895.66453,2020-03-05 17:14:41.970,-129874213.11416373,318794643.5965682,147420229.68418062,143558411783.33496,-34493281127.34703,-14953094978.459517,58913.71854131943
46,2020,3,5,17,29,41.97,-16419179.893000001,-19750475.430999998,6912069.695,1193.8951399999999,-2053.9351899999997,-3053.22044,2020-03-05 17:29:41.970,-130730171.44882767,318405995.4441986,147337516.87468758,143565629255.55728,-34469397065.68213,-14942740252.648506,58913.7289579861
46,2020,3,5,17,44,41.97,-15207045.435,-21424486.967,4112784.374,1495.91279,-1660.72909,-3158.52183,2020-03-05 17:44:41.970,-131585331.92998241,318015358.9914265,147253883.8645962,143572842015.38742,-34445511894.343704,-14932385046.489347,58913.73937465277
46,2020,3,5,17,59,41.97,-13734181.845999999,-22731165.118,1242974.4840000002,1772.46123,-1238.79761,-3209.70688,2020-03-05 17:59:41.970,-132439688.8397691,317622735.65847564,147169330.70240712,143580050062.6955,-34421625614.1094,-14922029360.32602,58913.74979131943
46,2020,3,5,18,14,41.97,-12025690.826,-23647856.577,-1648160.011,2018.7744699999998,-795.32543,-3205.8298999999997,2020-03-05 18:14:41.970,-133293236.45962438,317228126.88037795,147083857.44284612,143587253397.35138,-34397738225.756645,-14911673194.502445,58913.7602079861
46,2020,3,5,18,29,41.97,-10110743.041,-24158557.487999998,-4510988.642999999,2230.58956,-337.88392,-3146.8821,2020-03-05 18:29:41.970,-134145969.07032704,316831534.10699433,146997464.14687708,143594452019.2254,-34373849730.062744,-14901316549.362492,58913.77062465277
46,2020,3,5,18,44,41.97,-8022090.921,-24254204.98,-7296297.2360000005,2404.22181,125.69551000000001,-3033.79692,2020-03-05 18:44:41.970,-134997880.9520443,316432958.8030355,146910150.88171518,143601645928.1877,-34349960127.80486,-14890959425.249931,58913.78104131943
46,2020,3,5,18,59,41.97,-5795517.708000001,-23932852.002,-9956132.318,2536.6310099999996,587.45378,-2868.43937,2020-03-05 18:59:41.970,-135848966.3843787,316032402.44808227,146821917.72084066,143608835124.10904,-34326069419.760048,-14880601822.508522,58913.7914579861
46,2020,3,5,19,14,41.97,-3469231.427,-23199721.172000002,-12444628.68,2625.4773299999997,1039.4402499999999,-2653.57922,2020-03-05 19:14:41.970,-136699219.646415,315629866.53660715,146732764.74401203,143616019606.8602,-34302177606.705093,-14870243741.481905,58913.80187465277
46,2020,3,5,19,29,41.97,-1083213.668,-22067135.377,-14718805.606,2669.16572,1473.85006,-2392.8482299999996,2020-03-05 19:29:41.970,-137548635.0167675,315225352.5779938,146642692.03727898,143623199376.3119,-34278284689.41667,-14859885182.513683,58913.81229131943
46,2020,3,5,19,44,41.97,1321465.966,-20554325.013,-16739317.549999999,2666.87764,1883.1605499999998,-2090.68182,2020-03-05 19:44:41.970,-138397206.7736272,314818862.0965576,146551699.69299617,143630374432.3351,-34254390668.671368,-14849526145.947386,58913.8227079861
46,2020,3,5,19,59,41.97,3703358.0590000004,-18687113.974,-18471145.599,2618.5895100000002,2260.26385,-1752.24596,2020-03-05 19:59:41.970,-139244929.19480944,314410396.6315664,146459787.80983588,143637544774.80127,-34230495545.245483,-14839166632.126492,58913.83312465277
46,2020,3,5,20,14,41.97,6021351.887,-16497488.758,-19884216.881,2525.0771099999997,2598.59361,-1383.35032,2020-03-05 20:14:41.970,-140091796.5578019,313999957.7372593,146366956.49280155,143644710403.5816,-34206599319.915314,-14828806641.39438,58913.84354131943
46,2020,3,5,20,29,41.97,8235391.511,-14023057.278,-20953940.172,2387.9058,2892.24299,-990.3492,2020-03-05 20:29:41.970,-140937803.13981223,313587546.9828683,146273205.85324076,143651871318.5478,-34182701993.456863,-14818446174.094398,58913.8539579861
46,2020,3,5,20,44,41.97,10307176.582,-11306406.141999999,-21661647.366,2209.4063199999996,3136.07191,-580.0317200000001,2020-03-05 20:44:41.970,-141782943.21781626,313173165.9526371,146178536.0088584,143659027519.5714,-34158803566.64604,-14808085230.569815,58913.86437465277
46,2020,3,5,20,59,41.97,12200835.063000001,-8394367.163999999,-21994932.057,1992.6366600000001,3325.8011500000002,-159.50327000000001,2020-03-05 20:59:41.970,-142627211.06860697,312756816.24584,146082947.08372945,143666179006.52448,-34134904040.25861,-14797723811.163815,58913.87479131943
46,2020,3,5,21,14,41.97,13883555.435,-5337205.789,-21947878.304,1741.33029,3458.0914900000002,263.93959,2020-03-05 21:14:41.970,-143470600.96884218,312338499.4768038,145986439.2083123,143673325779.27896,-34111003415.070164,-14787361916.219551,58913.8852079861
46,2020,3,5,21,29,41.97,15326166.583,-2187745.688,-21521174.674000002,1459.83178,3530.60612,682.93852,2020-03-05 21:29:41.970,-144313107.195094,311918217.27492434,145889012.51946187,143680467837.70694,-34087101691.856102,-14776999546.080078,58913.89562465277
46,2020,3,5,21,44,41.97,16503654.396000002,999554.753,-20722110.785,1153.02078,3542.05498,1090.20475,2020-03-05 21:44:41.970,-145154724.02389765,311495971.28468794,145790667.160442,143687605181.68097,-34063198871.391727,-14766636701.088394,58913.90604131943
46,2020,3,5,21,59,41.97,17395605.249,4169557.312,-19564455.826,826.2258,3492.21995,1478.64959,2020-03-05 21:59:41.970,-145995445.73180065,311071763.16568965,145691403.2809387,143694737811.07358,-34039294954.452137,-14756273381.587442,58913.9164579861
46,2020,3,5,22,14,41.97,17986567.872,7267412.611,-18068220.804,485.12935,3381.96026,1841.51183,2020-03-05 22:14:41.970,-146835266.5954119,310645594.5926521,145591221.0370732,143701865725.75726,-34015389941.812263,-14745909587.92008,58913.92687465277
46,2020,3,5,22,29,41.97,18266326.613,10239524.669,-16259308.595,135.66622,3213.1979,2172.4793,2020-03-05 22:29:41.970,-147674180.89145198,310217467.25544477,145490120.59141415,143708988925.60516,-33991483834.246902,-14735545320.42912,58913.93729131943
46,2020,3,5,22,44,41.97,18230080.871999998,13034493.367999999,-14169058.088,-216.083,2988.88322,2465.80224,2020-03-05 22:44:41.970,-148512182.89680222,309787382.8591025,145388102.1129912,143716107410.4901,-33967576632.530754,-14725180579.457262,58913.9477079861
46,2020,3,5,22,59,41.97,17878527.262,15604017.229999999,-11833690.845999999,-564.00117,2712.94125,2716.39616,2020-03-05 22:59:41.970,-149349266.88855514,309355343.1238441,145285165.77730724,143723221180.28534,-33943668337.438255,-14714815365.347204,58913.95812465277
46,2020,3,5,23,14,41.97,17217843.052,17903739.683,-9293670.702,-902.04443,2390.2000199999998,2919.93219,2020-03-05 23:14:41.970,-150185427.14406455,308921349.7850905,145181311.76635084,143730330234.86414,-33919758949.743687,-14704449678.441513,58913.96854131943
46,2020,3,5,23,29,41.97,16259571.387,19894023.138,-6592988.396,-1224.35024,2026.30211,3072.91302,2020-03-05 23:29:41.970,-151020657.94099602,308485404.59348357,145076540.2686095,143737434574.09995,-33895848470.221222,-14694083519.082733,58913.9789579861
46,2020,3,5,23,44,41.97,15020410.773,21540636.692,-3778384.8680000002,-1525.34172,1627.60147,3172.73306,2020-03-05 23:44:41.970,-151854953.55737713,308047509.3149038,144970851.47908214,143744534197.86658,-33871936899.64489,-14683716887.613302,58913.98937465277
46,2020,3,5,23,59,41.97,13521913.213,22815345.121,-898527.938,-1799.826,1201.04765,3217.72169,2020-03-05 23:59:41.970,-152688308.27164885,307607665.7304883,144864245.59929144,143751629106.03775,-33848024238.788483,-14673349784.375624,58913.99979131943
46,2020,3,6,0,14,41.97,11790097.338,23696389.902,1996842.892,-2043.0847700000002,754.0597799999999,3207.1688900000004,2020-03-06 00:14:41.970,-153520716.36271608,307165875.6366487,144756722.83729622,143758719298.4875,-33824110488.425694,-14662982209.712015,58914.0102079861
46,2020,3,6,0,29,41.97,9854983.424,24168848.264,4857782.583000001,-2250.95555,294.39347,3141.33356,2020-03-06 00:29:41.970,-154352172.1099991,306722140.8450894,144648283.4077043,143765804775.08975,-33800195649.330025,-14652614163.964733,58914.02062465277
46,2020,3,6,0,44,41.97,7750061.604,24224880.03,7635014.406,-2419.90166,-169.99799,3021.43304,2020-03-06 00:44:41.970,-155182669.79348478,306276463.1828237,144538927.53168496,143772885535.71896,-33776279722.274837,-14642245647.475945,58914.03104131943
46,2020,3,6,0,59,41.97,5511700.92,23863838.496,10280778.387,-2547.07053,-631.1034800000001,2849.61663,2020-03-06 00:59:41.970,-156012203.69377837,305828844.49219275,144428655.43698087,143779961580.24954,-33752362708.033318,-14631876660.587774,58914.0414579861
46,2020,3,6,1,14,41.97,3178512.409,23092260.545,12749652.662,-2630.33897,-1080.99367,2628.92235,2020-03-06 01:14:41.970,-156840768.09215522,305379286.6308817,144317467.35792086,143787032908.5559,-33728444607.378483,-14621507203.642265,58914.05187465277
46,2020,3,6,1,29,41.97,790677.262,21923731.348,14999328.225,-2668.34514,-1511.95734,2363.21876,2020-03-06 01:29:41.970,-157668357.2706127,304927791.4719373,144205363.53543186,143794099520.5131,-33704525421.083225,-14611137276.981396,58914.06229131943
46,2020,3,6,1,44,41.97,-1610747.658,20378628.724999998,16991325.093,-2660.50688,-1916.63214,2057.13324,2020-03-06 01:44:41.970,-158494965.51192263,304474360.903784,144092344.21705157,143801161415.9957,-33680605149.920227,-14600766880.947058,58914.0727079861
46,2020,3,6,1,59,41.97,-3984534.719,18483753.187,18691638.414,-2607.0265400000003,-2288.12753,1715.9683,2020-03-06 01:59:41.970,-159320587.0996834,304018996.8302421,143978409.6569403,143808218594.87903,-33656683794.66201,-14590396015.881096,58914.08312465277
46,2020,3,6,2,14,41.97,-6289988.807,16271851.45,20071304.542999998,-2508.8826700000004,-2620.13828,1345.60771,2020-03-06 02:14:41.970,-160145216.31837276,303561701.170543,143863560.1158932,143815271057.03796,-33632761356.080967,-14580024682.125273,58914.09354131943
46,2020,3,6,2,29,41.97,-8487637.328000002,13781042.767,21106878.737,-2367.8089099999997,-2907.04671,952.41429,2020-03-06 02:29:41.970,-160968847.45340058,303102475.8593465,143747795.86135247,143822318802.34814,-33608837834.949352,-14569652880.021278,58914.1039579861
46,2020,3,6,2,44,41.97,-10539895.783,11054158.686,21780817.774,-2186.26091,-3144.0126099999998,543.12113,2020-03-06 02:44:41.970,-161791474.79116157,302641322.846756,143631117.16741902,143829361830.68503,-33584913232.039146,-14559280609.910742,58914.11437465277
46,2020,3,6,2,59,41.97,-12411698.474000001,8138007.9180000005,22081762.412,-1967.37208,-3327.04961,124.71811,2020-03-06 02:59:41.970,-162613092.61908904,302178244.098336,143513524.31486517,143836400141.92413,-33560987548.12229,-14548907872.135223,58914.12479131943
46,2020,3,6,3,14,41.97,-14071084.651999999,5082578.806000001,22004716.268,-1714.899,-3453.08738,-295.66452,2020-03-06 03:14:41.970,-163433695.22570756,301713241.59512687,143395017.591146,143843433735.94135,-33537060783.970474,-14538534667.036196,58914.1352079861
46,2020,3,6,3,29,41.97,-15489731.287,1940192.502,21551119.207,-1433.1575400000002,-3520.01884,-710.87388,2020-03-06 03:29:41.970,-164253276.90068728,301246317.3336614,143275597.2904112,143850462612.61258,-33513132940.355293,-14528160994.955065,58914.14562465277
46,2020,3,6,3,44,41.97,-16643424.52,-1235379.567,20728814.86,-1126.9506600000002,-3526.73229,-1113.85168,2020-03-06 03:44:41.970,-165071831.93489712,300777473.32597953,143155263.7135173,143857486771.81387,-33489204018.048115,-14517786856.233187,58914.15604131943
46,2020,3,6,3,59,41.97,-17512462.834999997,-4389820.09,19551913.357,-801.48905,-3473.1277999999998,-1497.74964,2020-03-06 03:59:41.970,-165889354.6204589,300306711.59964424,143034017.1680394,143864506213.42157,-33465274017.82017,-14507412251.211823,58914.1664579861
46,2020,3,6,4,14,41.97,-18081985.938,-7469178.072,18040551.72,-462.30559999999997,-3360.1181699999997,-1856.04122,2020-03-06 04:14:41.970,-166705839.2508017,299834034.19775736,142911857.96828264,143871520937.31198,-33441342940.442543,-14497037180.23218,58914.17687465277
46,2020,3,6,4,29,41.97,-18342224.368,-10420774.774,16220555.75,-115.16493999999999,-3189.6141,-2182.62852,2020-03-06 04:29:41.970,-167521280.12071583,299359443.17897373,142788786.43529382,143878530943.36172,-33417410786.68613,-14486661643.635372,58914.18729131943
46,2020,3,6,4,44,41.97,-18288665.919,-13194089.378999999,14123008.557,234.03072,-2964.4939400000003,-2471.9426599999997,2020-03-06 04:44:41.970,-168335671.52640784,298882940.6175164,142664802.8968734,143885536231.44742,-33393477557.321655,-14476285641.762474,58914.1977079861
46,2020,3,6,4,59,41.97,-17922136.058,-15741610.579,11783732.178,579.3383399999999,-2688.55831,-2719.0362800000003,2020-03-06 04:59:41.970,-169149007.76555482,298404528.6031912,142539907.68758684,143892536801.4458,-33369543253.119705,-14465909174.954454,58914.20812465277
46,2020,3,6,5,14,41.97,-17248790.682,-18019640.603,9242689.979,914.87189,-2366.4698999999996,-2919.6667899999998,2020-03-06 05:14:41.970,-169961283.13735983,297924209.2414019,142414101.148776,143899532653.23398,-33345607874.850693,-14455532243.552227,58914.21854131943
46,2020,3,6,5,29,41.97,-16280020.796999998,-19989038.718,6543318.808,1234.90001,-2003.67927,-3070.36911,2020-03-06 05:29:41.970,-170772491.94260636,297441984.65316373,142287383.6285707,143906523786.68903,-33321671423.284843,-14445154847.896637,58914.2289579861
46,2020,3,6,5,44,41.97,-15032269.947999999,-21615891.869,3731800.978,1533.94198,-1606.3373000000001,-3168.51637,2020-03-06 05:44:41.970,-171582628.4837141,296957856.97511834,142159755.48190016,143913510201.68814,-33297733899.192238,-14434776988.328453,58914.23937465277
46,2020,3,6,5,59,41.97,-13526766.589000002,-22872101.011,856287.329,1806.86051,-1181.19555,-3212.36774,2020-03-06 05:59:41.970,-172391687.06479472,296471828.3595469,142031217.07050422,143920491898.10883,-33273795303.34277,-14424398665.188372,58914.24979131943
46,2020,3,6,6,14,41.97,-11789174.934,-23735872.736,-2033916.45,2048.94985,-735.49574,-3201.10211,2020-03-06 06:14:41.970,-173199661.99170664,295983900.97438526,141901768.76294473,143927468875.82843,-33249855636.5062,-14414019878.817003,58914.2602079861
46,2020,3,6,6,29,41.97,-9849169.197999999,-24192107.083,-4889187.153,2256.01768,-276.84983,-3134.83686,2020-03-06 06:29:41.970,-174006547.57211193,295494077.0032358,141771410.93461666,143934441134.72476,-33225914899.452114,-14403640629.554914,58914.27062465277
46,2020,3,6,6,44,41.97,-7739937.527,-24232673.927,-7660431.308999999,2424.45923,186.88741000000002,-3014.631,2020-03-06 06:44:41.970,-174812338.11553168,295002358.6453827,141640143.96775904,143941408674.67563,-33201973092.94989,-14393260917.742579,58914.28104131943
46,2020,3,6,6,59,41.97,-5497623.233999999,-23856572.015,-10299928.109000001,2551.32222,647.75131,-2842.4723900000004,2020-03-06 06:59:41.970,-175617027.93340272,294508748.1158037,141507968.25146687,143948371495.55905,-33178030217.7688,-14382880743.72039,58914.2914579861
46,2020,3,6,7,14,41.97,-3160712.187,-23069966.645,-12762153.554,2634.36139,1097.80375,-2621.24881,2020-03-06 07:14:41.970,-176420611.3391337,294013247.64518434,141374884.18170077,143955329597.253,-33154086274.67792,-14372500107.8287,58914.30187465277
46,2020,3,6,7,29,41.97,-769376.356,-21886103.987999998,-15004571.36,2672.0812,1529.27045,-2354.7030699999996,2020-03-06 07:29:41.970,-177223082.64816186,293515859.47992975,141240892.16129935,143962282979.6357,-33130141264.44615,-14362119010.40775,58914.31229131943
46,2020,3,6,7,44,41.97,1635215.491,-20325102.231000002,-16988376.469,2663.766,1934.6769299999999,-2047.3726600000002,2020-03-06 07:44:41.970,-178024436.1780102,293016585.88217866,141105992.5999893,143969231642.58557,-33106195187.842216,-14351737451.797735,58914.3227079861
46,2020,3,6,7,59,41.97,4011608.1840000004,-18413621.938,-18679177.592,2609.4966099999997,2306.98061,-1704.5148000000002,2020-03-06 07:59:41.970,-178824666.24834377,292515429.12981427,140970185.91439614,143976175585.98114,-33082248045.63472,-14341355432.338762,58914.33312465277
46,2020,3,6,8,14,41.97,6318779.21,-16184420.284,-20047606.066,2510.15292,2639.69632,-1332.01785,2020-03-06 08:14:41.970,-179623767.18102777,292012391.51647794,140833472.5280557,143983114809.701,-33058299838.592045,-14330972952.370867,58914.34354131943
46,2020,3,6,8,29,41.97,8516853.708,-13675796.038,-21069839.473,2367.40223,2927.01316,-936.30074,2020-03-06 08:29:41.970,-180421733.30018413,291507475.35158086,140695852.87142396,143990049313.62405,-33034350567.482437,-14320590012.234018,58914.3539579861
46,2020,3,6,8,44,41.97,10567802.492,-10930934.319,-21728029.855,2183.67322,3163.90004,-524.2018400000001,2020-03-06 08:44:41.970,-181218558.93224934,291000682.96031576,140557327.38188854,143996979097.6289,-33010400233.073982,-14310206612.26811,58914.36437465277
46,2020,3,6,8,59,41.97,12436110.34,-7997162.155,-22010628.005999997,1962.11599,3346.19797,-102.85949,2020-03-06 08:59:41.970,-182014238.40603268,290492016.6836685,140417896.5037784,144003904161.59494,-32986448836.134544,-14299822752.812948,58914.37479131943
46,2020,3,6,9,14,41.97,14089402.197999999,-4925127.733,-21912597.178,1706.54862,3470.69706,320.41389999999996,2020-03-06 09:14:41.970,-182808766.05277312,289981478.8784303,140277560.68837517,144010824505.40115,-32962496377.431908,-14289438434.208284,58914.3852079861
46,2020,3,6,9,29,41.97,15499015.554,-1767917.823,-21435511.557,1421.39112,3535.19666,738.26162,2020-03-06 09:29:41.970,-183602136.20619875,289469071.91720814,140136320.39392292,144017740128.927,-32938542857.733597,-14279053656.79378,58914.39562465277
46,2020,3,6,9,44,41.97,16640508.162999999,1419870.7710000002,-20587537.029,1111.58806,3538.54718,1143.4140399999999,2020-03-06 09:44:41.970,-184394343.20258394,288954798.18843675,139994176.08563906,144024651032.05157,-32914588277.807022,-14268668420.90903,58914.40604131943
46,2020,3,6,9,59,41.97,17494091.447,4583088.840000001,-19383294.008,782.52102,3480.67278,1528.81889,2020-03-06 09:59:41.970,-185185381.3808084,288438660.09638846,139851128.23572418,144031557214.65485,-32890632638.419422,-14258282726.893553,58914.4164579861
46,2020,3,6,10,14,41.97,18044981.242999997,7667003.863,-17843604.395,439.91275,3362.57407,1887.7680400000002,2020-03-06 10:14:41.970,-185975245.08241564,287920660.0611853,139707177.32337245,144038458676.61627,-32866675940.337837,-14247896575.086788,58914.42687465277
46,2020,3,6,10,29,41.97,18283659.139,10618262.599,-15995127.039,89.72466,3186.3109600000003,2214.01811,2020-03-06 10:29:41.970,-186763928.6516721,287400800.5188086,139562323.8347822,144045355417.8158,-32842718184.329185,-14237509965.828117,58914.43729131943
46,2020,3,6,10,44,41.97,18206039.387000002,13385829.225,-13869888.274,-261.95019,2954.96558,2501.90258,2020-03-06 10:44:41.970,-187551426.43562567,286879083.9211084,139416568.26316515,144052247438.1334,-32818759371.160156,-14227122899.45682,58914.4477079861
46,2020,3,6,10,59,41.97,17813538.209,15921881.522,-11504716.273,-608.99659,2672.58626,2746.43309,2020-03-06 10:59:41.970,-188337732.78416526,286355512.73581564,139269911.1087574,144059134737.449,-32794799501.597305,-14216735376.312122,58914.45812465277
46,2020,3,6,11,14,41.97,17113044.305999998,18182648.397,-8940589.829,-945.38689,2344.1133999999997,2943.3879699999998,2020-03-06 11:14:41.970,-189122842.0500804,285830089.4465505,139122352.87882844,144066017315.64294,-32770838576.40704,-14206347396.733166,58914.46854131943
46,2020,3,6,11,29,41.97,16116791.326000001,20129173.231000002,-6221913.942,-1265.28876,1975.28909,3089.3861399999996,2020-03-06 11:29:41.970,-189906748.58911985,285302816.55283225,138973894.08769166,144072895172.59564,-32746876596.355534,-14195958961.059015,58914.4789579861
46,2020,3,6,11,44,41.97,14842135.043,21727989.130000003,-3395735.9740000004,-1563.1688399999998,1572.55204,3181.94503,2020-03-06 11:44:41.970,-190689446.76005256,284773696.57008934,138824535.2567138,144079768308.1874,-32722913562.208847,-14185570069.628668,58914.48937465277
46,2020,3,6,11,59,41.97,13311239.885000002,22951693.979,-510917.244,-1833.89023,1142.92036,3219.52155,2020-03-06 11:59:41.970,-191470930.9247268,284242732.0296681,138674276.91432527,144086636722.2989,-32698949474.73285,-14175180722.781036,58914.49979131943
46,2020,3,6,12,14,41.97,11550681.205999998,23779415.346,2382724.312,-2072.80192,693.86451,3201.53539,2020-03-06 12:14:41.970,-192251195.44813016,283709925.4788414,138523119.59602866,144093500414.81088,-32674984334.693237,-14164790920.854973,58914.5102079861
46,2020,3,6,12,29,41.97,9590971.31,24197157.610999998,5235284.448000001,-2275.8185399999998,233.17302,3128.3744800000004,2020-03-06 12:29:41.970,-193030234.69845027,283175279.4808186,138371063.84440956,144100359385.60406,-32651018142.85556,-14154400664.189224,58914.52062465277
46,2020,3,6,12,44,41.97,7466018.574,24198026.106000002,7997639.884000001,-2439.4891,-231.18607999999998,3001.3829,2020-03-06 12:44:41.970,-193808043.0471349,282638796.6147527,138218110.20914525,144107213634.5595,-32627050899.98516,-14144009953.122486,58914.53104131943
46,2020,3,6,12,59,41.97,5212530.149999999,23782325.553999998,10622296.951,-2561.05346,-691.2055499999999,2822.83171,2020-03-06 12:59:41.970,-194584614.86895287,282100479.47574985,138064259.24701446,144114063161.55826,-32603082606.84723,-14133618787.993376,58914.5414579861
46,2020,3,6,13,14,41.97,2869369.57,22957532.54,13064206.685999999,-2638.4859500000002,-1138.97815,2595.87371,2020-03-06 13:14:41.970,-195359944.54205433,281560330.67487687,137909511.52190647,144120907966.4815,-32579113264.20678,-14123227169.140427,58914.55187465277
46,2020,3,6,13,29,41.97,476881.12799999997,21738144.076,15281532.439000001,-2670.52556,-1566.83234,2324.4834,2020-03-06 13:29:41.970,-196134026.4480321,281018352.83916926,137753867.60483056,144127748049.21063,-32555142872.828674,-14112835096.902092,58914.56229131943
46,2020,3,6,13,44,41.97,-1923806.783,20145406.55,17236357.294,-2656.6925,-1967.46208,2013.38354,2020-03-06 13:44:41.970,-196906854.9719825,280474548.6116391,137597328.07392538,144134583409.62704,-32531171433.477573,-14102442571.61677,58914.5727079861
46,2020,3,6,13,59,41.97,-4291487.188,18206931.293,18895320.016000003,-2597.2913399999998,-2334.04864,1667.96002,2020-03-06 13:59:41.970,-197678424.502567,279928920.65128213,137439893.51446745,144141414047.61234,-32507198946.91801,-14092049593.622753,58914.58312465277
46,2020,3,6,14,14,41.97,-6585576.878,15956204.791,20230169.761,-2493.4009,-2660.37262,1294.1668,2020-03-06 14:14:41.970,-198448729.43207332,279381471.63308567,137281564.5188807,144148239963.0482,-32483225413.91428,-14081656163.258266,58914.59354131943
46,2020,3,6,14,29,41.97,-8766803.985000001,13432003.042,21218231.421,-2346.85166,-2940.9147199999998,898.4226699999999,2020-03-06 14:29:41.970,-199217764.15647697,278832204.2480342,137122341.68674543,144155061155.81635,-32459250835.230576,-14071262280.861479,58914.6039579861
46,2020,3,6,14,44,41.97,-10797869.743999999,10677720.836000001,21842775.119000003,-2160.1911,-3170.94384,487.50178,2020-03-06 14:44:41.970,-199985523.0755034,278281121.2031184,136962225.62480676,144161877625.7987,-32435275211.63087,-14060867946.77045,58914.61437465277
46,2020,3,6,14,59,41.97,-12644074.059,7740627.749,22093285.001000002,-1936.6380700000002,-3346.59171,68.41964,2020-03-06 14:59:41.970,-200752000.59268963,277728225.22133934,136801216.94698378,144168689372.87762,-32411298543.879013,-14050473161.323196,58914.62479131943
46,2020,3,6,15,14,41.97,-14273895.312,4671063.424,21965624.080000002,-1680.0269,-3464.91304,-351.68358,2020-03-06 15:14:41.970,-201517191.1154464,277173519.0417163,136639316.27437812,144175496396.93475,-32387320832.738625,-14040077924.85762,58914.6352079861
46,2020,3,6,15,29,41.97,-15659515.682,1521585.333,21462093.459,-1394.74236,-3523.93087,-765.66081,2020-03-06 15:29:41.970,-202281089.0551206,276617005.41929215,136476524.23528248,144182298697.85266,-32363342078.973183,-14029682237.711578,58914.64562465277
46,2020,3,6,15,44,41.97,-16777284.184,-1653917.3630000001,20591385.731,-1085.64649,-3522.66658,-1166.4752,2020-03-06 15:44:41.970,-203043688.82705766,276058687.12513936,136312841.4651893,144189096275.51367,-32339362283.346004,-14019286100.222824,58914.65604131943
46,2020,3,6,15,59,41.97,-17608110.542999998,-4801129.96,19368433.825,-757.9982600000001,-3461.15424,-1547.3150799999999,2020-03-06 15:59:41.970,-203804984.8506637,275498566.94636625,136148268.60679898,144195889129.8002,-32315381446.62022,-14008889512.729053,58914.6664579861
46,2020,3,6,16,14,41.97,-18137784.057,-7866224.308,17814157.941,-417.36738,-3340.4395,-1901.70522,2020-03-06 16:14:41.970,-204564971.54946882,274936647.6861209,135982806.31002873,144202677260.595,-32291399569.558784,-13998492475.567883,58914.67687465277
46,2020,3,6,16,29,41.97,-18357212.588,-10796762.785,15955114.594999999,-69.54322,-3162.56267,-2223.61289,2020-03-06 16:29:41.970,-205323643.35118982,274372932.1635978,135816455.23201996,144209460667.7807,-32267416652.924496,-13988094989.076836,58914.68729131943
46,2020,3,6,16,44,41.97,-18262577.903,-13542580.152,13823053.079,279.55982,-2930.52652,-2507.54725,2020-03-06 16:44:41.970,-206080994.68779317,273807423.21404165,135649216.03714764,144216239351.24002,-32243432697.47996,-13977697053.593369,58914.6977079861
46,2020,3,6,16,59,41.97,-17855404.707999997,-16056629.518,11454385.975,623.9992199999999,-2648.24883,-2748.65074,2020-03-06 16:59:41.970,-206837019.99555832,273240123.6887527,135481089.3970272,144223013310.8561,-32219447703.987637,-13967298669.454855,58914.70812465277
46,2020,3,6,17,14,41.97,-17142541.873,-18295779.007,8889581.6,957.90234,-2320.5003,-2942.78098,2020-03-06 17:14:41.970,-207591713.7151411,272671036.4550909,135312075.99052334,144229782546.5119,-32195461673.209774,-13956899836.9986,58914.71854131943
46,2020,3,6,17,29,41.97,-16136055.586000001,-20221546.212,6172487.468,1275.56394,-1952.82858,-3086.58192,2020-03-06 17:29:41.970,-208345070.29163694,272100164.39647955,135142176.50375775,144236547058.0906,-32171474605.908485,-13946500556.56182,58914.7289579861
46,2020,3,6,17,44,41.97,-14853035.461,-21800758.236,3349595.065,1571.5418000000002,-1551.46905,-3177.5429000000004,2020-03-06 17:44:41.970,-209097084.17464513,271527510.4124106,134971391.63011667,144243306845.47534,-32147486502.8457,-13936100828.481657,58914.73937465277
46,2020,3,6,17,59,41.97,-13315315.952000001,-23006125.994999997,469257.26200000005,1840.74907,-1123.2436699999998,-3214.04466,2020-03-06 17:59:41.970,-209847749.81833214,270953077.4184463,134799722.07025903,144250061908.54965,-32123497364.78317,-13925700653.095171,58914.74979131943
46,2020,3,6,18,14,41.97,-11549116.797,-23816722.534,-2419129.281,2078.5416099999998,-675.44909,-3195.391,2020-03-06 18:14:41.970,-210597061.68149588,270376868.3462247,134627168.53212377,144256812247.19693,-32099507192.48247,-13915300030.739351,58914.7602079861
46,2020,3,6,18,29,41.97,-9584607.586,-24218356.464,-5265963.558,2280.7989700000003,-215.73574000000002,-3121.8255099999997,2020-03-06 18:29:41.970,-211345014.22762957,269798886.1434611,134453731.73093754,144263557861.30072,-32075515986.705013,-13904898961.751095,58914.77062465277
46,2020,3,6,18,44,41.97,-7455402.937,-24203833.093000002,-8022287.696,2443.99742,248.02045,-2994.5326200000004,2020-03-06 18:44:41.970,-212091601.9249863,269219133.77395207,134279412.3892223,144270298750.7447,-32051523748.212032,-13894497446.467241,58914.78104131943
46,2020,3,6,18,59,41.97,-5197996.051,-23773097.602,-10640628.172,2565.27361,707.85162,-2815.62262,2020-03-06 18:59:41.970,-212836819.24664322,268637614.2175779,134104211.23680222,144277034915.41272,-32027530477.764603,-13884095485.224525,58914.7914579861
46,2020,3,6,19,14,41.97,-2851139.664,-22933256.495,-13075816.31,2642.47758,1155.83448,-2588.10059,2020-03-06 19:14:41.970,-213580660.67056638,268054330.4703044,133928129.0108116,144283766355.18878,-32003536176.123596,-13873693078.359629,58914.80187465277
46,2020,3,6,19,29,41.97,-455184.534,-21698475.618,-15285773.613,2674.21395,1584.2276900000002,-2315.81939,2020-03-06 19:29:41.970,-214323120.67967528,267469285.54418576,133751166.45570157,144290493069.95673,-31979540844.04973,-13863290226.209124,58914.81229131943
46,2020,3,6,19,44,41.97,1948613.433,-20089755.222,-17232247.86,2659.8702799999996,1985.60734,-2003.41735,2020-03-06 19:44:41.970,-215064193.76190764,266882482.4673662,133573324.32324728,144297215059.60056,-31955544482.303574,-13852886929.109535,58914.8227079861
46,2020,3,6,19,59,41.97,4318805.551,-18134584.752,-18881486.476999998,2599.6319099999996,2352.99831,-1656.2414,2020-03-06 19:59:41.970,-215803874.41028467,266293924.2840815,133394603.37255488,144303932324.00476,-31931547091.645466,-13842483187.397284,58914.83312465277
46,2020,3,6,20,14,41.97,6614469.761,-15866482.320999999,-20204834.621000003,2494.48273,2679.99876,-1280.2568299999998,2020-03-06 20:14:41.970,-216542157.12297586,265703614.05466032,133215004.37006871,144310644863.0534,-31907548672.83562,-13832079001.408728,58914.84354131943
46,2020,3,6,20,29,41.97,8795924.279000001,-13324426.014,-21179246.598,2346.19157,2960.8955899999996,-881.94519,2020-03-06 20:29:41.970,-217279036.40336472,265111554.8555258,133034528.08957765,144317352676.6309,-31883549226.63406,-13821674371.480143,58914.8539579861
46,2020,3,6,20,44,41.97,10825422.609,-10552186.331,-21787700.645,2157.2844,3190.76835,-468.19198,2020-03-06 20:44:41.970,-218014506.76011363,264517749.77919593,132853175.31222199,144324055764.62186,-31859548753.800644,-13811269297.94771,58914.86437465277
46,2020,3,6,20,59,41.97,12667817.189,-7597571.034,-22019508.809,1931.0025699999999,3365.57962,-46.166180000000004,2020-03-06 20:59:41.970,-218748562.70723006,263922201.93428427,132670946.82650015,144330754126.9108,-31835547255.095028,-13800863781.147543,58914.87479131943
46,2020,3,6,21,14,41.97,14291179.365,-4511595.499,-21870515.498,1671.2476199999999,3482.24989,376.80629,2020-03-06 21:14:41.970,-219481198.76413184,263324914.44550034,132487843.42827508,144337447763.38235,-31811544731.27673,-13790457821.415678,58914.8852079861
46,2020,3,6,21,29,41.97,15667364.072,-1347593.261,-21343180.348,1382.5137300000001,3538.71533,793.3727200000001,2020-03-06 21:29:41.970,-220212409.45571306,262725890.45364967,132303865.92078066,144344136673.9214,-31787541183.105083,-13780051419.088074,58914.89562465277
46,2020,3,6,21,44,41.97,16772508.521,1839717.253,-20446543.215,1069.8088699999998,3533.9672100000003,1196.28496,2020-03-06 21:44:41.970,-220942189.31241006,262125133.11563358,132119015.11462796,144350820858.4129,-31763536611.33924,-13769644574.500597,58914.90604131943
46,2020,3,6,21,59,41.97,17587455.367,4995192.7930000005,-19196071.362999998,738.5660899999999,3468.07192,1578.52945,2020-03-06 21:59:41.970,-221670532.87026772,261522645.60444865,131933291.8278115,144357500316.74164,-31739531016.738194,-13759237287.98903,58914.9164579861
46,2020,3,6,22,14,41.97,18098092.229999997,8064234.472,-17613391.217,394.54665,3342.1711099999998,1933.45328,2020-03-06 22:14:41.970,-222397434.6710054,260918431.10918608,131746696.88571537,144364175048.79272,-31715524400.060738,-13748829559.889103,58914.92687465277
46,2020,3,6,22,29,41.97,18295601.023,10993748.078,-15725909.363,43.73676,3158.46187,2254.8838400000004,2020-03-06 22:29:41.970,-223122889.2620834,260312492.83503085,131559231.12111922,144370845054.45142,-31691516762.065536,-13738421390.53644,58914.93729131943
46,2020,3,6,22,44,41.97,18176612.288,13733077.598,-13566329.658,-307.75989999999996,2920.1571400000003,2537.23963,2020-03-06 22:44:41.970,-223846891.19676954,259704834.00326008,131370895.37420401,144377510333.6029,-31667508103.51102,-13728012780.26659,58914.9477079861
46,2020,3,6,22,59,41.97,17743261.638,16234894.528,-11172075.451000001,-653.83185,2631.4271599999997,2775.62998,2020-03-06 22:59:41.970,-224569435.03420576,259095457.85124156,131181690.49255805,144384170886.13245,-31643498425.15551,-13717603729.415024,58914.95812465277
46,2020,3,6,23,14,41.97,17003147.344,18456026.391,-8584627.788,-988.46949,2297.32319,2965.94171,2020-03-06 23:14:41.970,-225290515.33947486,258484367.63243222,130991617.3311824,144390826711.92563,-31619487727.757107,-13707194238.31714,58914.96854131943
46,2020,3,6,23,29,41.97,15969190.101,20358209.152,-5848792.1850000005,-1305.8724100000002,1923.6849499999998,3104.91096,2020-03-06 23:29:41.970,-226010126.68366706,257871566.61637568,130800676.75249681,144397477810.8679,-31595476012.07376,-13696784307.308247,58914.9789579861
46,2020,3,6,23,44,41.97,14659397.98,21908749.819000002,-3011907.896,-1600.55242,1517.03393,3190.1789400000002,2020-03-06 23:44:41.970,-226728263.64394784,257257058.08869988,130608869.62634464,144404124182.84497,-31571463278.863224,-13686373936.723564,58914.98937465277
46,2020,3,6,23,59,41.97,13096541.438000001,23081087.395,-123014.686,-1867.43008,1084.45466,3220.3305,2020-03-06 23:59:41.970,-227444920.80362403,256640845.35111487,130416196.82999898,144410765827.74246,-31547449528.88313,-13675963126.898247,58914.99979131943
46,2020,3,7,0,14,41.97,11307745.234,23855243.508,2768007.8389999997,-2101.92294,633.46647,3194.91493,2020-03-07 00:14:41.970,-228160092.75221175,256022931.72140932,130222659.24816719,144417402745.4461,-31523434762.890858,-13665551878.167366,58915.0102079861
46,2020,3,7,0,29,41.97,9324004.248,24218149.607,5611308.418,-2300.02417,171.88885000000002,3114.44959,2020-03-07 00:29:41.970,-228873774.0855033,255403320.5334479,130028257.77299659,144424034935.84183,-31499418981.643692,-13655140190.865902,58915.02062465277
46,2020,3,7,0,44,41.97,7179635.532000001,24163860.455,8357933.972999999,-2458.3693700000003,-292.29803999999996,2980.40462,2020-03-07 00:44:41.970,-229585959.40563512,254782015.13716695,129832993.30407904,144430662398.81552,-31475402185.898685,-13644728065.328772,58915.03104131943
46,2020,3,7,0,59,41.97,4911673.67,23693631.832,10960671.715,-2574.29166,-751.09324,2795.17213,2020-03-07 00:59:41.970,-230296643.32115507,254159018.8985717,129636866.74845639,144437285134.2534,-31451384376.412766,-13634315501.890795,58915.0414579861
46,2020,3,7,1,14,41.97,2559223.3729999997,22815877.489,13374859.399,-2645.8635,-1196.61401,2562.01874,2020-03-07 01:14:41.970,-231005820.44708997,253534335.19973138,129439879.02062479,144443903142.0414,-31427365553.94265,-13623902500.886703,58915.05187465277
46,2020,3,7,1,29,41.97,162780.288,21546001.641,15559145.552,-2671.92508,-1621.23078,2285.0236499999996,2020-03-07 01:29:41.970,-231713485.4050141,252907967.43877527,129242031.0425399,144450516422.06592,-31403345719.244884,-13613489062.651173,58915.06229131943
46,2020,3,7,1,44,41.97,-2236467.649,19906112.584999997,17476187.934,-2652.09911,-2017.696,1969.00353,2020-03-07 01:44:41.970,-232419632.82311606,252279919.02988812,129043323.74362095,144457124974.21317,-31379324873.075863,-13603075187.518782,58915.0727079861
46,2020,3,7,1,59,41.97,-4597346.111,17924623.928,19093279.122,-2586.79225,-2379.26474,1619.426,2020-03-07 01:59:41.970,-233124257.336268,251650193.40330496,128843758.06075588,144463728798.36945,-31355303016.191795,-13592660875.824026,58915.08312465277
46,2020,3,7,2,14,41.97,-6879395.583000001,15635751.657000002,20382889.685,-2477.1833,-2699.8052700000003,1242.3133500000001,2020-03-07 02:14:41.970,-233827353.58609277,251018794.0053063,128643334.93830511,144470327894.42123,-31331280149.348717,-13582246127.901339,58915.09354131943
46,2020,3,7,2,29,41.97,-9043556.315,13078916.727,21323121.048,-2325.19899,-2973.8981999999996,844.1383900000001,2020-03-07 02:29:41.970,-234528916.2210328,250385724.2982123,128442055.32810625,144476922262.2551,-31307256273.30249,-13571830944.08504,58915.1039579861
46,2020,3,7,2,44,41.97,-11052826.065,10298064.093,21898061.772,-2133.47787,-3196.9229,431.71426,2020-03-07 02:44:41.970,-235228939.89641812,249750987.7603769,128239920.18947811,144483511901.75775,-31283231388.808792,-13561415324.709396,58915.11437465277
46,2020,3,7,2,59,41.97,-12872880.357,7340910.061,22098042.599,-1905.3232799999998,-3365.13015,12.080020000000001,2020-03-07 02:59:41.970,-235927419.27453503,249114587.88618225,128036930.48922455,144490096812.81573,-31259205496.623177,-13550999270.108564,58915.12479131943
46,2020,3,7,3,14,41.97,-14472645.8,4258130.639,21919787.266,-1644.6462,-3475.7005200000003,-407.61635,2020-03-07 03:14:41.970,-236624349.02469465,248476528.18603185,127833087.20163883,144496676995.31583,-31235178597.50095,-13540582780.616657,58915.1352079861
46,2020,3,7,3,29,41.97,-15824817.832999999,1102504.14,21366457.551,-1355.8991,-3526.78761,-820.23567,2020-03-07 03:29:41.970,-237319723.82330135,247836812.18634412,127628391.30850698,144503252449.145,-31211150692.19729,-13530165856.567678,58915.14562465277
46,2020,3,7,3,44,41.97,-16906315.235999998,-2071978.32,20447592.599,-1044.00173,-3517.54607,-1218.7645499999999,2020-03-07 03:44:41.970,-238013538.35392177,247195443.4295455,127422843.79911184,144509823174.19006,-31187121781.467194,-13519748498.295557,58915.15604131943
46,2020,3,7,3,59,41.97,-17698664.629,-5211020.481,19178943.943,-714.25995,-3448.14392,-1596.4298900000001,2020-03-07 03:59:41.970,-238705787.30735368,246552425.47406274,127216445.67023648,144516389170.338,-31163091866.065514,-13509330706.134132,58915.1664579861
46,2020,3,7,4,14,41.97,-18188309.252,-8260932.704000001,17582209.059,-372.27879,-3319.75932,-1946.8095999999998,2020-03-07 04:14:41.970,-239396465.38169467,245907761.89431626,127009197.9261677,144522950437.47598,-31139060946.746864,-13498912480.417181,58915.17687465277
46,2020,3,7,4,29,41.97,-18366837.278,-11169533.757,15684667.649999999,-23.870820000000002,-3134.56169,-2263.93786,2020-03-07 04:29:41.970,-240085567.28241163,245261456.2807114,126801101.5786993,144529506975.4911,-31115029024.265747,-13488493821.478384,58915.18729131943
46,2020,3,7,4,44,41.97,-18231126.04,-13887028.644,13518726.149,325.03891,-2895.67737,-2542.4035200000003,2020-03-07 04:44:41.970,-240773087.7224096,244613512.23963076,126592157.64713548,144536058784.27045,-31090996099.37645,-13478074729.651339,58915.1977079861
46,2020,3,7,4,59,41.97,-17783399.649,-16366848.745,11121377.251,668.51003,-2607.14028,-2777.44029,2020-03-07 04:59:41.970,-241459021.4221011,243963933.39342564,126382367.15829389,144542605863.70148,-31066962172.833134,-13467655205.269567,58915.20812465277
46,2020,3,7,5,14,41.97,-17031198.664,-18566440.899,8533582.517,1000.6849,-2273.82792,-2965.00731,2020-03-07 05:14:41.970,-242143363.10947528,243312723.3804072,126171731.14650859,144549148213.67148,-31042927245.389725,-13457235248.666504,58915.21854131943
46,2020,3,7,5,29,41.97,-15987261.722,-20447992.619,5799587.319,1315.88598,-1901.3835100000001,-3101.8587,2020-03-07 05:29:41.970,-242826107.52016753,242659885.85483766,125960250.65363277,144555685834.06796,-31018891317.800045,-13446814860.17551,58915.2289579861
46,2020,3,7,5,44,41.97,-14669320.339,-21979081.323999997,2966178.567,1608.71118,-1496.12524,-3185.6009799999997,2020-03-07 05:44:41.970,-243507249.39752898,242005424.48692083,125747926.72904184,144562218724.77826,-30994854390.817688,-13436394040.12984,58915.23937465277
46,2020,3,7,5,59,41.97,-13099809.393,-23133236.408,81896.691,1874.12557,-1064.94351,-3214.73708,2020-03-07 05:59:41.970,-244186783.49269617,241349342.9627922,125534760.4296359,144568746885.68997,-30970816465.196117,-13425972788.862713,58915.24979131943
46,2020,3,7,6,14,41.97,-11305497.226,-23890404.084999997,-2803785.644,2107.54809,-615.18786,-3188.69616,2020-03-07 06:14:41.970,-244864704.56466034,240691644.98450956,125320752.81984209,144575270316.6909,-30946777541.688602,-13415551106.707222,58915.2602079861
46,2020,3,7,6,29,41.97,-9317040.639,-24237306.282,-5641304.8440000005,2304.93149,-154.54492,-3107.84813,2020-03-07 06:29:41.970,-245541007.3803375,240032334.270042,125105904.9716172,144581789017.66864,-30922737621.04821,-13405128993.996384,58915.27062465277
46,2020,3,7,6,44,41.97,-7168471.427999999,-24167686.411,-8381853.806999999,2462.83426,309.09063,-2973.50267,2020-03-07 06:44:41.970,-246215686.7146385,239371414.55326033,124890217.96444988,144588302988.51086,-30898696704.027897,-13394706451.063166,58915.28104131943
46,2020,3,7,6,59,41.97,-4896622.411,-23682436.6,-10978221.159,2578.48294,767.75008,-2787.89196,2020-03-07 06:59:41.970,-246888737.350538,238708889.5839249,124673692.88536283,144594812229.10547,-30874654791.380405,-13384283478.240404,58915.2914579861
46,2020,3,7,7,14,41.97,-2540502.116,-22789602.894,-13385607.817,2649.8237,1213.52745,-2554.13759,2020-03-07 07:14:41.970,-247560154.0791457,238044763.12767553,124456330.82891458,144601316739.34036,-30850611883.858353,-13373860075.860899,58915.30187465277
46,2020,3,7,7,29,41.97,-140628.408,-21504266.984,-15562406.496,2675.5618499999996,1638.7167,-2276.2014000000004,2020-03-07 07:29:41.970,-248229931.69977537,237379038.96601972,124238132.89720175,144607816519.10352,-30826567982.214108,-13363436244.257338,58915.31229131943
46,2020,3,7,7,44,41.97,2261667.758,-19848305.251000002,-17470930.137,2655.18851,2035.9467800000002,-1958.8211900000001,2020-03-07 07:44:41.970,-248898065.02001545,236711720.8963204,124019100.1998604,144614311568.2827,-30802523087.19992,-13353011983.762325,58915.3227079861
46,2020,3,7,7,59,41.97,4624956.47,-17850028.072,-19078075.888,2588.99367,2398.31221,-1607.43204,2020-03-07 07:59:41.970,-249564548.8557994,236042812.73178455,123799233.85406816,144620801886.76642,-30778477199.56787,-13342587294.708406,58915.33312465277
46,2020,3,7,8,14,41.97,6908428.391000001,-15543704.658,-20355912.223,2478.0650299999998,2719.49649,-1228.07437,2020-03-07 08:14:41.970,-250229378.03147537,235372318.30144992,123578534.98454526,144627287474.4425,-30754430320.06985,-13332162177.42803,58915.34354131943
46,2020,3,7,8,29,41.97,9072606.853,-12968980.847000001,-21282177.974,2324.27261,2993.88614,-827.2904100000001,2020-03-07 08:29:41.970,-250892547.37987724,234700241.45017305,123357004.72355627,144633768331.19922,-30730382449.45759,-13321736632.253555,58915.3539579861
46,2020,3,7,8,44,41.97,11080039.645000001,-10170199.403,-21840683.544999998,2130.23906,3216.67298,-412.01066,2020-03-07 08:44:41.970,-251554051.74239436,234026586.03861585,123134644.21091121,144640244456.92493,-30706333588.48264,-13311310659.517265,58915.36437465277
46,2020,3,7,8,59,41.97,12895957.793,-7195634.363999999,-22021606.242999997,1899.29608,3383.9424999999997,10.56748,2020-03-07 08:59:41.970,-252213885.96904263,233351355.9432321,122911454.59396666,144646715851.5079,-30682283737.89638,-13300884259.551373,58915.37479131943
46,2020,3,7,9,14,41.97,14488889.112000002,-4096652.749,-21821673.594,1635.42765,3492.74665,433.10692,2020-03-07 09:14:41.970,-252872044.91853434,232674555.05625424,122687437.02762696,144653182514.83627,-30658232898.45006,-13290457432.687988,58915.3852079861
46,2020,3,7,9,29,41.97,15831214.993999999,-926818.482,-21244230.538,1343.2008,3541.1592,848.26127,2020-03-07 09:29:41.970,-253528523.45834956,231996187.28567883,122462592.6743447,144659644446.79868,-30634181070.894665,-13280030179.259142,58915.39562465277
46,2020,3,7,9,44,41.97,16899659.87,2259045.299,-20299188.631,1027.68547,3528.3126700000003,1248.80627,2020-03-07 09:44:41.970,-254183316.46480596,231316256.55525234,122236922.70412202,144666101647.28357,-30610128255.9811,-13269602499.5968,58915.40604131943
46,2020,3,7,9,59,41.97,17675704.003,5405818.442,-19002857.61,694.36454,3454.41576,1627.76934,2020-03-07 09:59:41.970,-254836418.82313004,230634766.8044569,122010428.29451069,144672554116.17953,-30586074454.460045,-13259174394.03282,58915.4164579861
46,2020,3,7,10,14,41.97,18145911.644,8459052.736,-17377662.015,349.036,3320.75089,1978.555,2020-03-07 10:14:41.970,-255487825.4275279,229951721.98849472,121783110.63061285,144679001853.3751,-30562019667.08206,-13248745862.898996,58915.42687465277
46,2020,3,7,10,29,41.97,18302168.248000003,11365929.624,-15451747.825000001,-2.2909599999999997,3129.65169,2295.0634999999997,2020-03-07 10:29:41.970,-256137531.18125555,229267126.07827353,121554970.90508142,144685444858.75888,-30537963894.597496,-13238316906.52704,58915.43729131943
46,2020,3,7,10,44,41.97,18141822.176000003,14076188.788999999,-13258486.285999998,-353.50395000000003,2884.4608900000003,2571.80025,2020-03-07 10:44:41.970,-256785530.99669006,228580983.06039035,121326010.31812024,144691883132.21967,-30513907137.756527,-13227887525.248558,58915.4477079861
46,2020,3,7,10,59,41.97,17667728.222999997,16543010.28,-10835884.188,-698.49719,2589.46934,2803.97393,2020-03-07 10:59:41.970,-257431819.7954008,227893296.93711582,121096230.0774841,144698316673.6461,-30489849397.309208,-13217457719.395102,58915.45812465277
46,2020,3,7,11,14,41.97,16888192.295,18723833.739,-8225911.719,-1031.281,2249.83748,2987.58123,2020-03-07 11:14:41.970,-258076392.50821963,227204071.72637787,120865631.39847879,144704745482.927,-30465790674.00536,-13207027489.298122,58915.46854131943
46,2020,3,7,11,29,41.97,15816818.504,20581099.612000003,-5473760.663,-1346.0887500000001,1871.50079,3119.4766600000003,2020-03-07 11:29:41.970,-258719244.0753126,226513311.46174523,120634215.50396097,144711169559.9513,-30441730968.594685,-13196596835.288996,58915.4789579861
46,2020,3,7,11,44,41.97,14472261.968,22082898.866,-2627047.071,-1637.47916,1461.06137,3197.42595,2020-03-07 11:44:41.970,-259360369.4462504,225821020.19241053,120401983.62433761,144717588904.60776,-30417670281.82667,-13186165757.699018,58915.48937465277
46,2020,3,7,11,59,41.97,12877892.416000001,23203519.657,265026.493,-1900.4318799999999,1025.6678100000001,3220.14235,2020-03-07 11:59:41.970,-259999763.5800801,225127201.983173,120168936.99756593,144724003516.78525,-30393608614.45069,-13175734256.859386,58915.49979131943
46,2020,3,7,12,14,41.97,11061375.462,23923881.625,3152533.3740000003,-2130.4345599999997,572.88599,3187.3051100000002,2020-03-07 12:14:41.970,-260637421.4453955,224431860.91442108,119935076.86915247,144730413396.37305,-30369545967.215916,-13165302333.101227,58915.5102079861
46,2020,3,7,12,29,41.97,9054179.93,24231850.801,5985693.876999999,-2323.55989,110.56346,3099.56022,2020-03-07 12:29:41.970,-261273338.02040863,223735001.08211416,119700404.49215269,144736818543.25995,-30345482340.871346,-13154869986.755594,58915.52062465277
46,2020,3,7,12,44,41.97,6891020.921999999,24122430.612,8715739.053,-2476.53118,-353.30982,2958.50356,2020-03-07 12:44:41.970,-261907508.293021,223036626.5977649,119464921.1271697,144743218957.33505,-30321417736.165813,-13144437218.15344,58915.53104131943
46,2020,3,7,12,59,41.97,4609249.343,23597826.912,11295751.753,-2586.77555,-810.7417099999999,2766.64741,2020-03-07 12:59:41.970,-262539927.26089483,222336741.58842018,119228628.04235372,144749614638.48752,-30297352153.847996,-13134004027.625637,58915.5414579861
46,2020,3,7,13,14,41.97,2248199.404,22667387.426000003,13681470.279,-2652.4641,-1253.87634,2527.37104,2020-03-07 13:14:41.970,-263170589.9315239,221635350.196643,118991526.51340076,144756005586.60666,-30273285594.666397,-13123570415.502993,58915.55187465277
46,2020,3,7,13,29,41.97,-151493.936,21347418.27,15832041.026999999,-2672.53849,-1675.12839,2244.85695,2020-03-07 13:29:41.970,-263799491.3223054,220932456.580492,118753617.8235512,144762391801.58133,-30249218059.369335,-13113136382.116198,58915.56229131943
46,2020,3,7,13,44,41.97,-2548595.3789999997,19660882.371,17710707.774,-2646.7240300000003,-2067.3109200000004,1924.0141500000002,2020-03-07 13:44:41.970,-264426626.4606107,220228064.91350347,118514903.2635888,144768773283.30103,-30225149548.705,-13102701927.795902,58915.5727079861
46,2020,3,7,13,59,41.97,-4901975.3719999995,17636986.524,19285426.74,-2575.52923,-2423.7547,1570.3902300000002,2020-03-07 13:59:41.970,-265051990.38385686,219522179.3846703,118275384.13183875,144775150031.6551,-30201080063.421364,-13092267052.872637,58915.58312465277
46,2020,3,7,14,14,41.97,-7171309.967,15310665.497,20529398.109,-2460.23251,-2738.41739,1190.07393,2020-03-07 14:14:41.970,-265675578.13957816,218814804.19842216,118035061.73416625,144781522046.53262,-30177009604.26629,-13081831757.676867,58915.59354131943
46,2020,3,7,14,29,41.97,-9317762.958999999,12721973.053,21421506.291,-2302.85626,-3005.9809999999998,789.59008,2020-03-07 14:29:41.970,-266297384.78549707,218105943.57460546,117793937.38397448,144787889327.82312,-30152938171.98742,-13071396042.538979,58915.6039579861
46,2020,3,7,14,44,41.97,-11304639.446999999,9915390.927000001,21946662.91,-2106.12934,-3221.93656,375.78878,2020-03-07 14:44:41.970,-266917405.3895959,217395601.74846196,117552012.40220293,144794251875.41602,-30128865767.33226,-13060959907.789257,58915.61437465277
46,2020,3,7,14,59,41.97,-13098000.618,6939067.768,22096048.062999997,-1873.4386,-3382.65497,-44.26951,2020-03-07 14:59:41.970,-267535635.0301883,216683782.97060743,117309288.11732505,144800609689.20074,-30104792391.048138,-13050523353.757921,58915.62479131943
46,2020,3,7,15,14,41.97,-14667230.416000001,3844000.793,21867247.051999997,-1608.77059,-3485.44333,-463.43109,2020-03-07 15:14:41.970,-268152068.79599002,215970491.50701082,117065765.86534609,144806962769.06665,-30080718043.8822,-13040086380.775116,58915.6352079861
46,2020,3,7,15,29,41.97,-15985545.582999999,683173.454,21264281.273000002,-1316.6441900000002,-3528.58628,-874.56681,2020-03-07 15:29:41.970,-268766701.78619117,215255731.63897175,116821446.98980084,144813311114.90338,-30056642726.581474,-13029648989.170877,58915.64562465277
46,2020,3,7,15,44,41.97,-17030441.503999997,-2489337.156,20297533.476,-1002.03547,-3511.37191,-1270.68878,2020-03-07 15:44:41.970,-269379529.1105272,214539507.6630988,116576332.841751,144819654726.6005,-30032566439.892796,-13019211179.275171,58915.65604131943
46,2020,3,7,15,59,41.97,-17784067.232,-5619269.239,18983569.015,-670.29568,-3434.10208,-1645.06448,2020-03-07 15:59:41.970,-269990545.88934994,213821823.89128655,116330424.77978243,144825993604.04752,-30008489184.5628,-13008772951.417887,58915.6664579861
46,2020,3,7,16,14,41.97,-18233524.083,-8653087.459,17344856.107,-327.06358,-3298.0871,-1991.3268799999998,2020-03-07 16:14:41.970,-270599747.2537004,213102684.650693,116083724.1700025,144832327747.13403,-29984410961.338017,-12998334305.928818,58915.67687465277
46,2020,3,7,16,29,41.97,-18371083.217,-11538882.283000002,15409389.466,21.82672,-3105.6247799999996,-2303.57878,2020-03-07 16:29:41.970,-271207128.34537816,212382094.28371638,115836232.38603723,144838657155.7497,-29960331770.964775,-12987895243.137686,58915.68729131943
46,2020,3,7,16,44,41.97,-18194318.698,-14227243.549,13210222.987,370.44122000000004,-2859.96414,-2576.49032,2020-03-07 16:44:41.970,-271812684.3170145,211660057.1479716,115587950.80902785,144844981829.78427,-29936251614.189236,-12977455763.374128,58915.6977079861
46,2020,3,7,16,59,41.97,-17706153.68,-16672094.531,10784918.45,712.84338,-2565.25402,-2805.38789,2020-03-07 16:59:41.970,-272416410.3321434,210936577.61626628,115338880.82762794,144851301769.12735,-29912170491.757423,-12967015866.967691,58915.70812465277
46,2020,3,7,17,14,41.97,-16914818.537,-18831473.243,8174918.474,1043.19223,-2226.4772900000003,-2986.3333199999997,2020-03-07 17:14:41.970,-273018301.56527245,210211660.07657632,115089023.83799984,144857616973.6687,-29888088404.41516,-12956575554.247852,58915.71854131943
46,2020,3,7,17,29,41.97,-15833721.004,-20668248.204,5424853.143,1355.83956,-1849.37117,-3116.19187,2020-03-07 17:29:41.970,-273618353.2019547,209485308.93202195,114838381.24381109,144863927443.2981,-29864005352.90815,-12946134825.544,58915.7289579861
46,2020,3,7,17,44,41.97,-14481229.711,-22150756.700000003,2581790.886,1645.42493,-1440.33484,-3192.68792,2020-03-07 17:44:41.970,-274216560.43886036,208757528.60084245,114586954.4562311,144870233177.90543,-29839921337.981865,-12935693681.185432,58915.73937465277
46,2020,3,7,17,59,41.97,-12880373.833,-23253354.48,-305554.752,1906.96682,-1006.32522,-3214.44713,2020-03-07 17:59:41.970,-274812918.4838472,208028323.51637074,114334744.89392677,144876534177.38028,-29815836360.381706,-12925252121.501371,58915.74979131943
46,2020,3,7,18,14,41.97,-11058462.929,-23956866.996,-3187649.877,2135.9485600000003,-554.74265,-3181.02422,2020-03-07 18:14:41.970,-275407422.5560331,207297698.12700823,114081753.98305914,144882830441.61273,-29791750420.852833,-12914810146.820969,58915.7602079861
46,2020,3,7,18,29,41.97,-9046632.47,-24248933.655,-6014983.186000001,2328.39734,-93.3078,-3092.91546,2020-03-07 18:29:41.970,-276000067.8858672,206565656.89619857,113827983.15727878,144889121970.49246,-29767663520.14028,-12904367757.473269,58915.77062465277
46,2020,3,7,18,44,41.97,-6879321.852,-24124238.139000002,-8738913.125,2480.9549199999997,370.06815,-2951.5554700000002,2020-03-07 18:44:41.970,-276590849.71520025,205832204.3024018,113573433.85772191,144895408763.90952,-29743575658.9889,-12893924953.787254,58915.78104131943
46,2020,3,7,18,59,41.97,-4593693.038000001,-23584619.632000003,-11312504.9,2590.9386799999997,827.41797,-2759.29789,2020-03-07 18:59:41.970,-277179763.297357,205097344.8390671,113318107.53300565,144901690821.7538,-29719486838.143417,-12883481736.091825,58915.7914579861
46,2020,3,7,19,14,41.97,-2228999.134,-22639061.713,-13691342.881000001,2656.39161,1270.85534,-2519.37998,2020-03-07 19:14:41.970,-277766803.89720774,204361083.01460665,113062005.6392239,144907968143.915,-29695397058.348335,-12873038104.71577,58915.80187465277
46,2020,3,7,19,29,41.97,174086.679,-21303557.795,-15834304.033,2676.1202700000003,1692.71189,-2235.8715500000003,2020-03-07 19:29:41.970,-278351966.79123807,203623423.35236764,112805129.63994226,144914240730.28357,-29671306320.348053,-12862594059.987839,58915.81229131943
46,2020,3,7,19,44,41.97,2574170.5590000004,-19600854.157,-17704278.428000003,2649.71966,2085.67173,-1913.60855,2020-03-07 19:44:41.970,-278935247.2676221,202884370.390605,112547481.00619337,144920508580.74893,-29647214624.886772,-12852149602.236664,58915.8227079861
46,2020,3,7,19,59,41.97,4929853.693,-17560073.847,-19268823.603,2577.58442,2442.90121,-1558.11261,2020-03-07 19:59:41.970,-279516640.62629205,202143928.68245345,112289061.2164719,144926771695.20154,-29623121972.708576,-12841704731.790817,58915.83312465277
46,2020,3,7,20,14,41.97,7200451.727,-15216226.999,-20500740.48,2460.90591,2758.17123,-1175.49747,2020-03-07 20:14:41.970,-280096142.1790107,201402102.79589924,112029871.75672938,144933030073.53116,-29599028364.557312,-12831259448.978783,58915.84354131943
46,2020,3,7,20,29,41.97,9346705.071,-12609615.269,-21378559.82,2301.65485,3025.96977,-772.36401,2020-03-07 20:29:41.970,-280673747.2494416,200658897.31375116,111769914.12036897,144939283715.6278,-29574933801.176735,-12820813754.128952,58915.8539579861
46,2020,3,7,20,44,41.97,11331467.231,-9785140.219999999,-21886929.696,2102.54985,3241.60248,-355.68557,2020-03-07 20:44:41.970,-281249451.17322123,199914316.8336117,111509189.80823989,144945532621.38177,-29550838283.31043,-12810367647.569643,58915.86437465277
46,2020,3,7,20,59,41.97,13120358.506000001,-6791527.4120000005,-22016896.165999997,1867.01206,3401.27906,67.31436000000001,2020-03-07 20:59:41.970,-281823249.29802877,199168365.967848,111247700.32863201,144951776790.68277,-29526741811.701782,-12799921129.629107,58915.87479131943
46,2020,3,7,21,14,41.97,14682372.904,-3680479.739,-21766071.258,1599.10666,3502.18386,489.28983999999997,2020-03-07 21:14:41.970,-282395136.9836585,198421049.34356195,110985447.19726995,144958016223.42126,-29502644387.09406,-12789474200.635475,58915.8852079861
46,2020,3,7,21,29,41.97,15990426.854,-505775.039,-21138684.478,1303.4722299999999,3542.52887,902.90322,2020-03-07 21:29:41.970,-282965109.60208994,197672371.60255983,110722431.93730737,144964250919.48706,-29478546010.230354,-12779026860.916845,58915.89562465277
46,2020,3,7,21,44,41.97,17021839.287,2677675.706,-20145516.224,985.23909,3521.58812,1300.9563799999999,2020-03-07 21:44:41.970,-283533162.5375592,196922337.40132248,110458656.07932065,144970480878.77048,-29454446681.85361,-12768579110.801178,58915.90604131943
46,2020,3,7,21,59,41.97,17758733.904,5814792.384000001,-18803713.794999998,649.93831,3439.71254,1676.52001,2020-03-07 21:59:41.970,-284099291.1866302,196170951.4109744,110194121.16130309,144976706101.16153,-29430346402.706585,-12758130950.616411,58915.9164579861
46,2020,3,7,22,14,41.97,18188355.874,8851294.161,-17136492.97,303.40287,3298.32486,2023.05817,2020-03-07 22:14:41.970,-284663490.95826447,195418218.3172524,109928828.72865796,144982926586.5503,-29406245173.531902,-12747682380.690357,58915.92687465277
46,2020,3,7,22,29,41.97,18303296.858999997,11734654.278,-15172730.428000001,-48.336949999999995,3099.89447,2334.5458799999997,2020-03-07 22:29:41.970,-285225757.2738932,194664142.82047445,109662780.33419277,144989142334.82718,-29382142995.07202,-12737233401.350763,58915.93729131943
46,2020,3,7,22,44,41.97,18101624.035,14415023.412,-12946454.470999999,-399.16189,2847.89279,2605.57719,2020-03-07 22:44:41.970,-285786085.5674877,193908729.6355081,109395977.53811206,144995353345.882,-29358039868.069256,-12726784012.925295,58915.9477079861
46,2020,3,7,22,59,41.97,17586910.716,16846104.333,-10496243.556,-742.9736700000001,2546.72989,2831.46159,2020-03-07 22:59:41.970,-286344471.2856294,193151983.49173784,109128421.90801084,145001559619.60516,-29333935793.265747,-12716334215.741537,58915.95812465277
46,2020,3,7,23,14,41.97,16768168.125,18985961.609,-7864544.0200000005,-1073.80437,2201.67375,3008.30688,2020-03-07 23:14:41.970,-286900909.8875815,192393909.13303313,108860115.01886751,145007761155.88684,-29309830771.403465,-12705884010.126976,58915.96854131943
46,2020,3,7,23,29,41.97,15659679.898,20797751.39,-5096919.968,-1385.9228699999999,1818.75374,3133.0868299999997,2020-03-07 23:29:41.970,-287455396.84535915,191634511.3177153,108591058.45303679,145013957954.61703,-29285724803.224255,-12695433396.409056,58915.9789579861
46,2020,3,7,23,44,41.97,14280742.797999999,22250358.063,-2241249.585,-1673.9363899999998,1404.65052,3203.69237,2020-03-07 23:44:41.970,-288007927.64379907,190873794.81852478,108321253.80024254,145020150015.68622,-29261617889.46981,-12684982374.915104,58915.98937465277
46,2020,3,7,23,59,41.97,12655319.031000001,23318926.496,653116.882,-1932.88514,966.57456,3218.9655,2020-03-07 23:59:41.970,-288558497.74739033,190111764.46871835,108050702.67395729,145026337338.98474,-29237510030.88106,-12674530945.972178,58915.99979131943
46,2020,3,8,0,14,41.97,10811607.617,23985281.729,3536222.034,-2158.32807,512.1359199999999,3178.71526,2020-03-08 00:14:41.970,-289107102.73342985,189348424.97758505,107779406.64588986,145032519924.40204,-29213401228.200516,-12664079109.907852,58916.0102079861
46,2020,3,8,0,29,41.97,8781541.098,24238224.069,6358370.754,-2346.41882,49.208099999999995,3083.71652,2020-03-08 00:29:41.970,-289653738.0922834,188583781.20696846,107507367.3441667,145038697771.8289,-29189291482.16882,-12653626867.049025,58916.02062465277
46,2020,3,8,0,44,41.97,6600222.949,24073708.866,9070994.377,-2493.96925,-414.21173,2935.69022,2020-03-08 00:44:41.970,-290198399.36078113,187817837.98694697,107234586.38791278,145044870881.15533,-29165180793.527023,-12643174217.722704,58916.03104131943
46,2020,3,8,0,59,41.97,4305309.467,23494891.18,11627485.753999999,-2598.50128,-870.14263,2737.26798,2020-03-08 00:59:41.970,-290741082.0889271,187050600.16184643,106961065.40358327,145051039252.27164,-29141069163.01603,-12632721162.255836,58916.0414579861
46,2020,3,8,1,14,41.97,1936352.8360000001,22512049.693,13983997.289,-2658.28518,-1310.7579600000001,2491.9407300000003,2020-03-08 01:14:41.970,-291281781.8399697,186282072.59020534,106686806.0249554,145057202885.0681,-29116956591.37659,-12622267700.975266,58916.05187465277
46,2020,3,8,1,29,41.97,-465884.591,21142387.308000002,16100185.744,-2672.36441,-1728.51895,2203.99296,2020-03-08 01:29:41.970,-291820494.1904719,185512260.14473897,106411809.89312048,145063361779.43472,-29092843079.3493,-12611813834.207767,58916.06229131943
46,2020,3,8,1,44,41.97,-2860132.247,19409714.478,17939892.153,-2640.5669199999998,-2116.30141,1878.42454,2020-03-08 01:44:41.970,-292357214.73038,184741167.7123034,106136078.65647504,145069515935.262,-29068728627.674603,-12601359562.280031,58916.0727079861
46,2020,3,8,1,59,41.97,-5205317.419,17344022.213,19471746.175,-2563.50298,-2467.5137999999997,1520.86128,2020-03-08 01:59:41.970,-292891939.0630952,183968800.19385982,105859613.9707123,145075665352.43988,-29044613237.092785,-12590904885.518675,58916.08312465277
46,2020,3,8,2,14,41.97,-7461263.536,14980953.402999999,20669685.774,-2442.55018,-2776.20492,1137.4565,2020-03-08 02:14:41.970,-293424662.8055426,183195162.5044369,105582417.4988135,145081810030.85876,-29020496908.34399,-12580449804.250229,58916.09354131943
46,2020,3,8,2,29,41.97,-9589369.306,12361182.467,21513384.777,-2279.826,-3037.15972,734.78508,2020-03-08 02:29:41.970,-293955381.5882396,182420259.57309523,105304490.91103853,145087949970.40884,-28996379642.168194,-12569994318.801144,58916.1039579861
46,2020,3,8,2,44,41.97,-11553257.888,9529714.517,21988582.463999998,-2078.14875,-3245.98216,319.73198,2020-03-08 02:44:41.970,-294484091.0553675,181644096.3428887,105025835.88491744,145094085170.98022,-28972261439.305244,-12559538429.497782,58916.11437465277
46,2020,3,8,2,59,41.97,-13319386.034,6535116.128,22087310.989,-1840.98785,-3399.16423,-100.62303,2020-03-08 02:59:41.970,-295010786.8648405,180866677.77082756,104746454.10524063,145100215632.4632,-28948142300.49482,-12549082136.666441,58916.12479131943
46,2020,3,8,3,14,41.97,-14857603.965,3428690.548,21808018.018,-1572.40423,-3494.14027,-519.12268,2020-03-08 03:14:41.970,-295535464.68837357,180088008.82784018,104466347.26404956,145106341354.74802,-28924022226.47644,-12538625440.633337,58916.1352079861
46,2020,3,8,3,29,41.97,-16141657.566,263610.7,21155583.461999997,-1276.9819200000002,-3529.32636,-928.64991,2020-03-08 03:29:41.970,-296058120.2115538,179308094.49873495,104185517.06062733,145112462337.72464,-28899901217.989517,-12528168341.724592,58916.14562465277
46,2020,3,8,3,44,41.97,-17149625.47,-2905976.269,20141230.73,-959.75193,-3504.14419,-1322.2443500000002,2020-03-08 03:44:41.970,-296578749.13390845,178526939.78216124,103903965.20148878,145118578581.28348,-28875779275.773273,-12517710840.266262,58916.15604131943
46,2020,3,8,3,59,41.97,-17864284.52,-6025858.937,18782334.264000002,-626.10942,-3419.02929,-1693.21604,2020-03-08 03:59:41.970,-297097347.1689741,177744549.69057077,103621693.40037045,145124690085.3146,-28851656400.5668,-12507252936.584318,58916.1664579861
46,2020,3,8,4,14,41.97,-18273398.121,-9042671.95,17102126.591000002,-281.72535,-3275.42375,-2035.2547699999998,2020-03-08 04:14:41.970,-297613910.0443657,176960929.2501777,103338703.37822096,145130796849.7083,-28827532593.10901,-12496794631.004654,58916.17687465277
46,2020,3,8,4,29,41.97,-18369923.026,-11904792.696,15129309.405,67.54621,-3075.7531400000003,-2342.53376,2020-03-08 04:29:41.970,-298128433.5018457,176176083.5009193,103054996.86319019,145136898874.35458,-28803407854.138725,-12486335923.853075,58916.18729131943
46,2020,3,8,4,44,41.97,-18152131.204,-14563210.378,12897574.543000001,415.76390000000004,-2823.38825,-2609.80597,2020-03-08 04:44:41.970,-298640913.2973929,175390017.49641597,102770575.5906195,145142996159.1437,-28779282184.39457,-12475876815.455322,58916.1977079861
46,2020,3,8,4,59,41.97,-17623644.571000002,-16972353.812000003,10445041.996,756.99666,-2522.5917799999997,-2832.49193,2020-03-08 04:59:41.970,-299151345.20127004,174602736.30393025,102485441.30303071,145149088703.96573,-28755155584.615044,-12465417306.137047,58916.20812465277
46,2020,3,8,5,14,41.97,-16793381.559,-19090864.719,7813623.358,1085.4218099999998,-2178.4505900000004,-3006.75738,2020-03-08 05:14:41.970,-299659724.99809366,173814245.0043266,102199595.75011571,145155176508.7108,-28731028055.538486,-12454957396.223825,58916.21854131943
46,2020,3,8,5,29,41.97,-15675415.781,-20882303.854999997,5048320.287,1395.42209,-1796.7943500000001,-3129.57982,2020-03-08 05:29:41.970,-300166048.486902,173024548.69203,101913040.68872538,145161259573.2691,-28706899597.903107,-12444497086.041153,58916.2289579861
46,2020,3,8,5,44,41.97,-14288748.327,-22315778.091000002,2196468.745,1681.6803,-1384.10141,-3198.80231,2020-03-08 05:44:41.970,-300670311.48122287,172233652.4749847,101625777.88285889,145167337897.5307,-28682770212.446957,-12434036375.914444,58916.23937465277
46,2020,3,8,5,59,41.97,-12656996.608,-23366477.555,-693059.243,1939.26984,-947.39328,-3213.17383,2020-03-08 05:59:41.970,-301172509.809142,171441561.47461203,101337809.10365216,145173411481.3857,-28658639899.907955,-12423575266.169052,58916.24979131943
46,2020,3,8,6,14,41.97,-10808004.029,-24016113.093,-3570683.588,2163.7398399999997,-494.11893000000003,-3172.37496,2020-03-08 06:14:41.970,-301672639.3133723,170648280.82576877,101049136.12936677,145179480324.72406,-28634508661.02386,-12413113757.130219,58916.2602079861
46,2020,3,8,6,29,41.97,-8773376.139,-24253245.75,-6386960.462,2351.19319,-32.03076,-3077.02835,2020-03-08 06:29:41.970,-302170695.851319,169853815.67670408,100759760.74537839,145185544427.43594,-28610376496.532295,-12402651849.123135,58916.27062465277
46,2020,3,8,6,44,41.97,-6587950.261,-24073501.538,-9093428.904000001,2498.35609,430.94589,-2928.69327,2020-03-08 06:44:41.970,-302666675.2951508,169058171.18901706,100469684.74416524,145191603789.4114,-28586243407.170727,-12392189542.472898,58916.28104131943
46,2020,3,8,6,59,41.97,-4289206.905,-23479666.593999997,-11643445.348,2602.63765,886.8477,-2729.84418,2020-03-08 06:59:41.970,-303160573.5318647,168261352.53761375,100178909.9252959,145197658410.54047,-28562109393.67652,-12381726837.50454,58916.2914579861
46,2020,3,8,7,14,41.97,-1916632.415,-22481659.762,-13992991.591,2662.17844,1327.81043,-2483.83318,2020-03-08 07:14:41.970,-303652386.4633549,167463364.9106628,99887438.09541811,145203708290.71307,-28537974456.786835,-12371263734.54301,58916.30187465277
46,2020,3,8,7,29,41.97,488956.606,-21096381.762000002,-16101441.891,2675.88672,1746.2057,-2194.8368299999997,2020-03-08 07:29:41.970,-304142110.00648016,166664213.5095524,99595271.0682457,145209753429.81912,-28513838597.23874,-12360800233.913166,58916.31229131943
46,2020,3,8,7,44,41.97,2886115.661,-19347442.284,-17932275.343000002,2643.4616499999997,2134.77504,-1867.78785,2020-03-08 07:44:41.970,-304629740.0931303,165863903.5488457,99302410.66454713,145215793827.74872,-28489701815.769135,-12350336335.939804,58916.3227079861
46,2020,3,8,7,59,41.97,5233489.4059999995,-17264768.59,-19453720.388,2565.4025800000004,2486.75877,-1508.2927800000002,2020-03-08 07:59:41.970,-305115272.6702939,165062440.25623634,99008858.71213248,145221829484.39188,-28465564113.11478,-12339872040.947643,58916.33312465277
46,2020,3,8,8,14,41.97,7490530.759000001,-14884101.436,-20639319.351,2443.0042799999997,2796.01713,-1122.53685,2020-03-08 08:14:41.970,-305598703.70012546,164259828.87250346,98714617.0458412,145227860399.63834,-28441425490.012306,-12329407349.261322,58916.34354131943
46,2020,3,8,8,29,41.97,9618209.204,-12246386.318,-21468402.156,2278.33776,3057.1413399999997,-717.1776100000001,2020-03-08 08:29:41.970,-306080029.16001105,163456074.6514667,98419687.50752908,145233886573.37805,-28417285947.198204,-12318942261.205383,58916.3539579861
46,2020,3,8,8,44,41.97,11579695.45,-9397070.123,-21926459.913,2074.21689,3265.55242,-299.22905,2020-03-08 08:44:41.970,-306559245.04263604,162651182.85994035,98124071.94605553,145239908005.501,-28393145485.408825,-12308476777.104324,58916.36437465277
46,2020,3,8,8,59,41.97,13341009.836,-6385315.186,-22005410.818,1834.1513400000001,3417.58558,124.06143999999999,2020-03-08 08:59:41.970,-307036347.3560514,161845158.77768734,97827772.21727048,145245924695.897,-28369004105.380337,-12298010897.282541,58916.37479131943
46,2020,3,8,9,14,41.97,14871622.402999999,-3263144.497,-21703752.734,1562.2864000000002,3510.55854,545.34142,2020-03-08 09:14:41.970,-307511332.12373877,161038007.69737354,97530790.18400097,145251936644.45575,-28344861807.84886,-12287544622.064373,58916.3852079861
46,2020,3,8,9,29,41.97,16144993.339,-84533.282,-21026598.954,1263.33079,3542.82219,957.28432,2020-03-08 09:29:41.970,-307984195.38467914,160229734.92452058,97233127.71603796,145257943851.06717,-28320718593.550293,-12277077951.77406,58916.39562465277
46,2020,3,8,9,44,41.97,17139043.505000003,3095536.626,-19985595.826,942.47375,3513.79243,1352.72054,2020-03-08 09:44:41.970,-308454933.1934163,159420345.77745908,96934786.6901227,145263946315.621,-28296574463.22042,-12266610886.73577,58916.40604131943
46,2020,3,8,9,59,41.97,17836546.028,6222042.29,-18598723.231,605.29281,3423.9623899999997,1724.76628,2020-03-08 09:59:41.970,-308923541.6201238,158609845.58728173,96635768.98993291,145269944038.0071,-28272429417.59493,-12256143427.273619,58916.4164579861
46,2020,3,8,10,14,41.97,18225431.415,9240887.205,-16889981.207000002,257.65415,3274.89473,2066.94732,2020-03-08 10:14:41.970,-309390016.7506711,157798239.6977949,96336076.50606906,145275937018.11487,-28248283457.40931,-12245675573.711622,58916.42687465277
46,2020,3,8,10,29,41.97,18299000.291,12099852.870000001,-14888968.264999999,-94.39271000000001,3069.19386,2373.31548,2020-03-08 10:29:41.970,-309854354.6866878,156985533.46547168,96035711.1360402,145281925255.83432,-28224136583.398956,-12235207326.373716,58916.43729131943
46,2020,3,8,10,44,41.97,18056039.691000003,14749516.584,-12630359.157000002,-444.72358,2810.4588000000003,2638.55525,2020-03-08 10:44:41.970,-310316551.5456301,156171732.25940272,95734674.78424996,145287908751.05502,-28199988796.299133,-12224738685.583776,58916.4477079861
46,2020,3,8,10,59,41.97,17500840.735000003,17144118.353,-10153291.871,-787.24966,2503.2174600000003,2858.07852,2020-03-08 10:59:41.970,-310776603.4608456,155356841.4612481,95432969.36198185,145293887503.66663,-28175840096.844917,-12214269651.665592,58916.45812465277
46,2020,3,8,11,14,41.97,16643117.533,19242360.764000002,-7500675.454999999,-1116.0266700000002,2152.8436,3028.10552,2020-03-08 11:14:41.970,-311234506.58163756,154540866.46518824,95130596.78738512,145299861513.5586,-28151690485.771297,-12203800224.942894,58916.46854131943
46,2020,3,8,11,29,41.97,15497829.115,21008127.104,-4718431.845,-1425.3608,1765.45854,3145.7302999999997,2020-03-08 11:29:41.970,-311690257.07333124,153723812.67787486,94827558.98545986,145305830780.6207,-28127539963.813126,-12193330405.739311,58916.4789579861
46,2020,3,8,11,44,41.97,14084908.168,22411104.728,-1854686.113,-1709.9095399999999,1347.81927,3208.96965,2020-03-08 11:44:41.970,-312143851.1173367,152905685.51838073,94523857.88804229,145311795304.74237,-28103388531.705112,-12182860194.37842,58916.48937465277
46,2020,3,8,11,59,41.97,12428902.175999999,23427302.691,1041079.5129999999,-1964.7752,907.1957699999999,3216.7946500000003,2020-03-08 11:59:41.970,-312595284.91121465,152086490.41815034,94219495.43378963,145317755085.8131,-28079236190.181835,-12172389591.183702,58916.49979131943
46,2020,3,8,12,14,41.97,10558534.236,24039454.928999998,3918891.998,-2185.58959,451.23983,3169.14434,2020-03-08 12:14:41.970,-313044554.6687399,151266232.82094932,93914473.56816505,145323710123.7223,-28055082939.977737,-12161918596.478584,58916.5102079861
46,2020,3,8,12,29,41.97,8506192.341,24237302.629,6729158.177999999,-2368.58813,-12.151800000000001,3066.9217,2020-03-08 12:29:41.970,-313491656.61996555,150444918.1828139,93608794.24342237,145329660418.35956,-28030928781.82714,-12151447210.586401,58916.52062465277
46,2020,3,8,12,44,41.97,6307357.0879999995,24017751.928999998,9423523.933,-2510.6723,-474.97714,2911.97221,2020-03-08 12:44:41.970,-313936587.0112874,149622551.97200012,93302459.41859047,145335605969.6141,-28006773716.464233,-12140975433.830423,58916.53104131943
46,2020,3,8,12,59,41.97,3999978.822,23384905.567,11955706.59,-2609.4595200000003,-929.26894,2707.0459499999997,2020-03-08 12:59:41.970,-314379342.105507,148799139.66893217,92995471.05945803,145341546777.37555,-27982617744.62306,-12130503266.533848,58916.5414579861
46,2020,3,8,13,14,41.97,1623815.83,22349969.465,14282286.145,-2663.3197,-1367.23218,2455.74422,2020-03-08 13:14:41.970,-314819918.18189514,147974686.76615107,92687831.13855705,145347482841.5329,-27958460867.03754,-12120030709.019787,58916.55187465277
46,2020,3,8,13,29,41.97,-780254.31,20931037.527,16363442.024,-2671.39833,-1781.37685,2162.45213,2020-03-08 13:29:41.970,-315258311.5362552,147149198.7682627,92379541.63514763,145353414161.9756,-27934303084.44149,-12109557761.611288,58916.56229131943
46,2020,3,8,13,44,41.97,-3170938.037,19152760.007,18163623.437,-2633.62597,-2164.64356,1832.25871,2020-03-08 13:44:41.970,-315694518.4809866,146322681.19188562,92070604.53520152,145359340738.59293,-27910144397.56855,-12099084424.631315,58916.5727079861
46,2020,3,8,13,59,41.97,-5507231.636000001,17045902.636,19652142.853,-2550.71443,-2510.52037,1470.86627,2020-03-08 13:59:41.970,-316128535.3451471,145495139.56559822,91761021.83138579,145365262571.27393,-27885984807.152298,-12088610698.40278,58916.58312465277
46,2020,3,8,14,14,41.97,-7749117.7870000005,14646805.331,20803683.733999997,-2424.14006,-2813.1488600000002,1084.49079,2020-03-08 14:14:41.970,-316560358.47451574,144666579.4298861,91450795.5230466,145371179659.90802,-27861824313.926117,-12078136583.248493,58916.59354131943
46,2020,3,8,14,29,41.97,-9858241.499,11996750.68,21598715.271,-2256.11476,-3067.41838,679.75516,2020-03-08 14:29:41.970,-316989984.23165554,143837006.33708858,91139927.61619249,145377092004.38412,-27837662918.623287,-12067662079.49122,58916.6039579861
46,2020,3,8,14,44,41.97,-11798554.726,9141253.483000001,22023808.507000003,-2049.54552,-3269.0470299999997,263.57714,2020-03-08 14:44:41.970,-317417408.995975,143006425.8513454,90828420.12347788,145382999604.5913,-27813500621.977005,-12057187187.453613,58916.61437465277
46,2020,3,8,14,59,41.97,-13536919.706,6129283.585999999,22071849.869000003,-1807.9833,-3414.64881,-156.94632000000001,2020-03-08 14:59:41.970,-317842629.1637907,142174843.54854253,90516275.06418571,145388902460.41873,-27789337424.720272,-12046711907.458294,58916.62479131943
46,2020,3,8,15,14,41.97,-15043661.874,3012434.873,21742149.672,-1535.56224,-3501.78601,-574.6565,2020-03-08 15:14:41.970,-318265641.14838964,141342265.01625836,90203494.46421084,145394800571.7553,-27765173327.58601,-12036236239.827793,58916.6352079861
46,2020,3,8,15,29,41.97,-16293064.081,-155946.145,21040444.718,-1236.9302200000002,-3529.00655,-982.45058,2020-03-08 15:29:41.970,-318686441.3800888,140508695.85370886,89890080.35604271,145400693938.49014,-27741008331.307022,-12025760184.884562,58916.64562465277
46,2020,3,8,15,44,41.97,-17263794.786,-3321658.3839999996,19978795.542,-917.17172,-3495.8658100000002,-1373.3978,2020-03-08 15:44:41.970,-319105026.3062993,139674141.67169276,89576034.77874783,145406582560.51196,-27716842436.615948,-12015283742.950989,58916.65604131943
46,2020,3,8,15,59,41.97,-17939263.838999998,-6430556.887,18575380.319,-581.7242500000001,-3402.93287,-1740.8527000000001,2020-03-08 15:59:41.970,-319521392.39158523,138838608.09253672,89261359.77795254,145412466437.70963,-27692675644.24532,-12004806914.34939,58916.6664579861
46,2020,3,8,16,14,41.97,-18307900.5,-9429462.072,16854188.784,-236.28935,-3251.78105,-2078.5638400000003,2020-03-08 16:14:41.970,-319935536.1177258,138002100.75003934,88946057.40582508,145418345569.97208,-27668507954.92758,-11994329699.40201,58916.67687465277
46,2020,3,8,16,29,41.97,-18363349.375,-12267053.481,14844620.885,113.26069,-3044.96295,-2380.7765,2020-03-08 16:29:41.970,-320347453.98377556,137164625.28941578,88630129.72105771,145424219957.1879,-27644339369.395027,-11983852098.431007,58916.68729131943
46,2020,3,8,16,44,41.97,-18104581.051000003,-14894734.108000001,12580996.212,460.97886,-2785.97012,-2642.3280600000003,2020-03-08 16:44:41.970,-320757142.5061248,136326187.36724135,88313578.78884904,145430089599.246,-27620169888.379818,-11973374111.758495,58916.6977079861
46,2020,3,8,16,59,41.97,-17535915.363,-17267451.687,10101981.483,800.9413,-2479.17779,-2858.73447,2020-03-08 16:59:41.970,-321164598.21856034,135486792.6513955,87996406.68088561,145435954496.03497,-27595999512.61403,-11962895739.70649,58916.70812465277
46,2020,3,8,17,14,41.97,-16666956.426,-19344463.772,7449944.684,1127.34531,-2129.77535,-3026.26654,2020-03-08 17:14:41.970,-321569817.6723248,134646446.82100448,87678615.4753237,145441814647.44336,-27571828242.829575,-11952416982.596956,58916.71854131943
46,2020,3,8,17,29,41.97,-15512439.865,-21090034.029999997,4670245.583,1434.6062100000001,-1743.6831800000002,-3142.01483,2020-03-08 17:29:41.970,-321972797.43617684,133805155.56638482,87360207.2567708,145447670053.35995,-27547656079.758278,-11941937840.751774,58916.7289579861
46,2020,3,8,17,44,41.97,-14091993.944,-22474047.997,1810473.5310000002,1717.45155,-1327.457,-3203.94173,2020-03-08 17:44:41.970,-322373534.09645057,132962924.58898573,87041184.116267,145453520713.67297,-27523483024.131863,-11931458314.492758,58916.73937465277
46,2020,3,8,17,59,41.97,-12429817.699,-23472537.513,-1080355.5590000001,1971.01107,-888.1808500000001,-3210.91991,2020-03-08 17:59:41.970,-322772024.2571143,132119759.60133144,86721548.1512664,145459366628.27094,-27499309076.681885,-11920978404.141651,58916.74979131943
46,2020,3,8,18,14,41.97,-10554280.527999999,-24068104.308000002,-3952630.239,2190.9010399999997,-433.35023,-3162.75599,2020-03-08 18:14:41.970,-323168264.5398305,131275666.32696334,86401301.46561785,145465207797.04254,-27475134238.139805,-11910498110.020132,58916.7602079861
46,2020,3,8,18,29,41.97,-8497449.09,-24250234.608999997,-6756989.0,2373.30123,29.252899999999997,-3060.19883,2020-03-08 18:29:41.970,-323562251.5840138,130430650.50038138,86080446.16954616,145471044219.87598,-27450958509.237003,-11900017432.449795,58916.77062465277
46,2020,3,8,18,44,41.97,-6294548.682,-24015498.284,-9445166.125,2515.02325,491.69135,-2904.93206,2020-03-08 18:44:41.970,-323953982.0468898,129584717.86698593,85758984.37963279,145476875896.65955,-27426781890.70469,-11889536371.752184,58916.78104131943
46,2020,3,8,18,59,41.97,-3983367.5549999997,-23367627.874,-11970823.49,2613.56884,946.00804,-2699.55033,2020-03-08 18:59:41.970,-324343452.6035536,128737874.1830185,85436918.21879645,145482702827.2814,-27402604383.27397,-11879054928.248756,58916.7914579861
46,2020,3,8,19,14,41.97,-1603613.797,-22317474.829,-14290353.871,2667.17679,1384.3631300000002,-2447.51971,2020-03-08 19:14:41.970,-324730659.94702685,127890125.2155026,85114249.81627339,145488525011.6298,-27378425987.675903,-11868573102.260912,58916.80187465277
46,2020,3,8,19,29,41.97,803764.5619999999,-20882842.411000002,-16363641.472,2674.85756,1799.17057,-2153.12237,2020-03-08 19:29:41.970,-325115600.7883169,127041476.7421845,84790981.30759808,145494342449.593,-27354246704.64133,-11858090894.109966,58916.81229131943
46,2020,3,8,19,44,41.97,3197284.677,-19088196.883,-18154765.912,2636.41464,2183.2316,-1821.3863900000001,2020-03-08 19:44:41.970,-325498271.8564733,126191934.55147305,84467114.83458297,145500155141.05893,-27330066534.901043,-11847608304.117193,58916.8227079861
46,2020,3,8,19,59,41.97,5535647.067,-16964260.887000002,-19632636.665000003,2552.45209,2529.86265,-1458.00159,2020-03-08 19:59:41.970,-325878669.89864516,125341504.4423799,84142652.54529874,145505963085.91574,-27305885479.185715,-11837125332.603764,58916.83312465277
46,2020,3,8,20,14,41.97,7778454.1790000005,-14547495.106,-20771545.994,2424.36782,2833.0152700000003,-1069.22281,2020-03-08 20:14:41.970,-326256791.68013823,124490192.22445877,83817596.59405404,145511766284.05136,-27281703538.2259,-11826641979.890804,58916.84354131943
46,2020,3,8,20,29,41.97,9886916.456999999,-11879476.498,-21551629.743,2254.33256,3087.38569,-661.76215,2020-03-08 20:29:41.970,-326632633.9844725,123638003.71774502,83491949.14137523,145517564735.35376,-27257520712.752052,-11816158246.29937,58916.8539579861
46,2020,3,8,20,44,41.97,11824533.100000001,-9006183.431,-21959226.89,2045.2546800000002,3288.51177,-242.67213,2020-03-08 20:44:41.970,-327006193.61343664,122784944.75269453,83165712.35398588,145523358439.71063,-27233337003.494484,-11805674132.150434,58916.86437465277
46,2020,3,8,20,59,41.97,13557734.955,-5977199.966999999,-21987130.557,1800.73133,3432.8554200000003,180.77835000000002,2020-03-08 20:59:41.970,-327377467.38714564,121931021.17012227,82838888.40478617,145529147397.00983,-27209152411.183445,-11795189637.764917,58916.87479131943
46,2020,3,8,21,14,41.97,15056477.548999999,-2844853.223,-21634725.131,1524.98666,3517.86861,601.23269,2020-03-08 21:14:41.970,-327746452.1440967,121076238.82114103,82511479.47283222,145534931607.1392,-27184966936.54904,-11784704763.46367,58916.8852079861
46,2020,3,8,21,29,41.97,16294773.08,336700.783,-20908006.255,1222.79813,3542.04164,1011.3777200000001,2020-03-08 21:29:41.970,-328113144.74122417,120220603.56709924,82183487.74331509,145540711069.98633,-27160780580.321293,-11774219509.567467,58916.89562465277
46,2020,3,8,21,44,41.97,17251151.231,3512426.2589999996,-19819482.698,899.4123000000001,3504.9324199999996,1404.07467,2020-03-08 21:44:41.970,-328477542.05395514,119364121.27951902,81854915.40753953,145546485785.4388,-27136593343.23008,-11763733876.397022,58916.90604131943
46,2020,3,8,21,59,41.97,17909039.967,6627374.318999999,-18387961.373999998,560.45148,3407.17611,1772.4874399999999,2020-03-08 21:59:41.970,-328839640.9762649,118506797.84003335,81525764.66290319,145552255753.3842,-27112405226.005234,-11753247864.272984,58916.9164579861
46,2020,3,8,22,14,41.97,18257058.958,9627649.338,-16638219.109000001,211.8132,3250.47472,2110.2056000000002,2020-03-08 22:14:41.970,-329199438.4207311,117648639.14032373,81196037.71287501,145558020973.71002,-27088216229.376427,-11742761473.515936,58916.92687465277
46,2020,3,8,22,29,41.97,18289219.974,12461356.973,-14600567.018,-140.43559,3037.5668400000004,2411.3596,2020-03-08 22:29:41.970,-329556931.31858844,116789651.0820571,80865736.76697358,145563781446.3036,-27064026354.07324,-11732274704.446388,58916.93729131943
46,2020,3,8,22,44,41.97,18005030.405,15079516.125,-12310315.502,-490.16768,2772.17791,2670.72604,2020-03-08 22:44:41.970,-329912116.61978334,115929839.57682216,80534864.04074578,145569537171.05237,-27039835600.82516,-11721787557.38478,58916.9477079861
46,2020,3,8,22,59,41.97,17409498.007,17436917.815,-9807149.911,-831.30556,2458.95217,2883.82059,2020-03-08 22:59:41.970,-330264991.29302686,115069210.5460661,80203421.75574468,145575288147.84357,-27015643970.361588,-11711300032.651516,58916.95812465277
46,2020,3,8,23,14,41.97,16513036.961000001,19492915.003,-7134428.709,-1157.93039,2103.36751,3046.97701,2020-03-08 23:14:41.970,-330615552.3258494,114207769.92103061,79871412.13950795,145581034376.5645,-26991451463.41178,-11700812130.56689,58916.96854131943
46,2020,3,8,23,29,41.97,15331277.311,21212128.828,-4338417.49,-1464.3873800000001,1711.6352200000001,3157.41045,2020-03-08 23:29:41.970,-330963796.724653,113345523.64268768,79538837.4255352,145586775857.10223,-26967258080.704926,-11690323851.45116,58916.9789579861
46,2020,3,8,23,44,41.97,13884781.81,22565058.525,-1467473.423,-1745.38584,1290.58659,3213.26413,2020-03-08 23:44:41.970,-331309721.5147653,112482477.66167517,79205699.8532664,145592512589.3439,-26943063822.970066,-11679835195.624512,58916.98937465277
46,2020,3,8,23,59,41.97,12198675.996,23528584.323,1428804.439,-1996.09166,847.54889,3213.63847,2020-03-08 23:59:41.970,-331653323.74049187,111618637.93823212,78872001.66805899,145598244573.17654,-26918868690.936226,-11669346163.40707,58916.99979131943
46,2020,3,9,0,14,41.97,10302199.451000001,24086355.764,4300443.413,-2212.21056,390.2133,3158.60227,2020-03-09 00:14:41.970,-331994600.46516824,110754010.4421336,78537745.1211654,145603971808.48715,-26894672685.332245,-11658856755.11889,58917.0102079861
46,2020,3,9,0,29,41.97,8228184.599,24229054.240000002,7097965.739999999,-2390.06122,-73.50241,3049.1867300000004,2020-03-09 00:29:41.970,-332333548.77121246,109888601.15262581,78202932.46971047,145609694295.16235,-26870475806.886917,-11648366971.07997,58917.02062465277
46,2020,3,9,0,44,41.97,6012479.401,23954539.206,9773247.501,-2526.6355200000003,-535.59396,2887.36112,2020-03-09 00:44:41.970,-332670165.7601771,109022416.0583598,77867565.97666878,145615412033.08923,-26846278056.32891,-11637876811.610222,58917.03104131943
46,2020,3,9,0,59,41.97,3693317.0719999997,23267859.628999997,12280344.582,-2619.6470600000002,-988.11014,2675.99309,2020-03-09 00:59:41.970,-333004448.55280006,108155461.15732646,77531647.91084126,145621125022.15445,-26822079434.38679,-11627386277.029526,58917.0414579861
46,2020,3,9,1,14,41.97,1310650.3,22181145.101,14576277.776,-2667.56588,-1423.28991,2418.7932600000004,2020-03-09 01:14:41.970,-333336394.2890567,107287742.45679006,77195180.5468323,145626833262.24472,-26797879941.789093,-11616895367.657673,58917.05187465277
46,2020,3,9,1,29,41.97,-1094540.16,20713374.899,16621761.274,-2669.63975,-1833.69423,2120.24596,2020-03-09 01:29:41.970,-333666000.12821025,106419265.9732218,76858166.1650266,145632536753.2464,-26773679579.26415,-11606404083.814402,58917.06229131943
46,2020,3,9,1,44,41.97,-3480949.9179999996,18890031.489,18381863.249,-2625.90189,-2212.3306500000003,1785.52786,2020-03-09 01:44:41.970,-333993263.2488618,105550037.73223321,76520607.05156542,145638235495.04645,-26749478347.54029,-11595912425.819399,58917.0727079861
46,2020,3,9,1,59,41.97,-5807656.345000001,16742645.912,19826588.283,-2537.16542,-2552.76872,1420.41599,2020-03-09 01:59:41.970,-334318180.84900135,104680063.76850955,76182505.49832344,145643929487.53098,-26725276247.345707,-11585420393.992264,58917.08312465277
46,2020,3,9,2,14,41.97,-8034813.159,14308244.064000001,20931372.987999998,-2405.005,-2849.2445700000003,1031.18709,2020-03-09 02:14:41.970,-334640750.14605784,103809350.1257423,75843863.80288461,145649618730.5865,-26701073279.408493,-11574927988.652552,58917.09354131943
46,2020,3,9,2,29,41.97,-10124322.956,11628704.204,21677487.806,-2231.72631,-3096.75337,624.51007,2020-03-09 02:29:41.970,-334960968.37694794,102937902.85656187,75504684.26851882,145655303224.09924,-26676869444.456688,-11564435210.11975,58917.1039579861
46,2020,3,9,2,44,41.97,-12040477.09,8750037.120000001,22052339.579,-2020.3241300000002,-3291.1286099999998,207.33338,2020-03-09 02:44:41.970,-335278832.7981265,102065728.02247007,75164969.20415734,145660982967.9555,-26652664743.218204,-11553942058.71329,58917.11437465277
46,2020,3,9,2,59,41.97,-13750553.032,5721601.256,22049671.136,-1774.42994,-3429.1072200000003,-213.23096999999999,2020-03-09 02:59:41.970,-335594340.6856341,101192831.69377188,74824720.92436926,145666657962.04144,-26628459176.42086,-11543448534.752522,58917.12479131943
46,2020,3,9,3,14,41.97,-15225360.174999999,2595265.755,21669655.663000003,-1498.2499,-3508.3801000000003,-630.02495,2020-03-09 03:14:41.970,-335907489.3351472,100319219.94950765,74483941.7493367,145672328206.243,-26604252744.792404,-11532954638.556768,58917.1352079861
46,2020,3,9,3,29,41.97,-16439725.946999999,-575465.118,20918885.164,-1196.4944,-3527.62734,-1035.9620499999999,2020-03-09 03:29:41.970,-336218276.062025,99444898.87738413,74142634.00483102,145677993700.44647,-26580045449.06051,-11522460370.445257,58917.14562465277
46,2020,3,9,3,44,41.97,-17372914.997,-3736352.368,19810253.774,-874.29999,-3486.53812,-1424.1431499999999,2020-03-09 03:44:41.970,-336526698.20135915,98569874.57370631,73800800.02218758,145683654444.53763,-26555837289.952713,-11511965730.737177,58917.15604131943
46,2020,3,9,3,59,41.97,-18008975.226999998,-6833333.47,18362738.077999998,-537.1450100000001,-3385.81481,-1787.9692499999999,2020-03-09 03:59:41.970,-336832753.10801923,97694153.14330824,73458442.13828161,145689310438.4022,-26531628268.196507,-11501470719.751648,58917.1664579861
46,2020,3,9,4,14,41.97,-18337005.405,-9813430.290000001,16601078.008000001,-190.75996,-3227.1615800000004,-2121.24944,2020-03-09 04:14:41.970,-337136438.1567022,96817740.69948375,73115562.69550316,145694961681.9261,-26507418384.519283,-11490975337.807728,58917.17687465277
46,2020,3,9,4,29,41.97,-18351340.204,-12625639.664,14555363.174,158.96620000000001,-3013.25731,-2418.30284,2020-03-09 04:29:41.970,-337437750.74197775,95940643.36391713,72772164.0417321,145700608174.99493,-26483207639.648323,-11480479585.22442,58917.18729131943
46,2020,3,9,4,44,41.97,-18051649.565,-15221792.758,12260530.858000001,506.08251,-2747.71331,-2674.05273,2020-03-09 04:44:41.970,-337736688.27833605,95062867.26661347,72428248.53031327,145706249917.49442,-26458996034.31087,-11469983462.320675,58917.1977079861
46,2020,3,9,4,59,41.97,-17442950.483,-17557369.630000003,9755783.133000001,844.6739699999999,-2435.01618,-2884.1118899999997,2020-03-09 04:59:41.970,-338033248.2002334,94184418.54582858,72083818.52003087,145711886909.30997,-26434783569.23405,-11459486969.415363,58917.20812465277
46,2020,3,9,5,14,41.97,-16535530.503999999,-19592255.877,7083931.836,1168.9595100000001,-2080.45637,-3044.8574000000003,2020-03-09 05:14:41.970,-338327427.96213865,93305303.34799899,71738876.37508367,145717519150.3272,-26410570245.144897,-11448990106.827309,58917.21854131943
46,2020,3,9,5,29,41.97,-15344783.528,-21291428.895,4290681.326,1473.3886599999998,-1690.04332,-3153.49384,2020-03-09 05:29:41.970,-338619225.0385782,92425527.82767147,71393424.46505858,145723146640.43124,-26386356062.77042,-11438492874.875288,58917.2289579861
46,2020,3,9,5,44,41.97,-13890959.809,-22625562.099999998,1423860.052,1752.7353,-1270.40823,-3208.1037,2020-03-09 05:44:41.970,-338908636.924182,91545098.1474322,71047465.16490614,145728769379.50757,-26362141022.837475,-11427995273.878002,58917.23937465277
46,2020,3,9,5,59,41.97,-12198833.432,-23571536.492,-1467387.033,2002.18704,-828.69562,-3207.6838,2020-03-09 05:59:41.970,-339195661.13372785,90664020.47783631,70701000.85491385,145734387367.44144,-26337925126.07285,-11417497304.154093,58917.24979131943
46,2020,3,9,6,14,41.97,-10297291.922,-24112850.201,-4333432.254000001,2217.4286300000003,-372.4453,-3152.16694,2020-03-09 06:14:41.970,-339480295.2021864,89782300.99733627,70354033.92068085,145740000604.11768,-26313708373.20331,-11406998966.022165,58917.2602079861
46,2020,3,9,6,29,41.97,-8218853.999999999,-24239918.101,-7125011.596,2394.71794,90.53354,-3042.42815,2020-03-09 06:29:41.970,-339762536.6847652,88899945.89221102,70006566.75309145,145745609089.42178,-26289490764.95547,-11396500259.800741,58917.27062465277
46,2020,3,9,6,44,41.97,-5999122.853,-23950255.253,-9794069.511,2530.95311,552.29425,-2880.2749400000002,2020-03-09 06:44:41.970,-340042383.15695226,88016961.35649383,69658601.74828939,145751212823.23828,-26265272302.0559,-11386001185.808302,58917.28104131943
46,2020,3,9,6,59,41.97,-3676183.528,-23248539.771,-12294587.733000001,2623.72932,1004.8884099999999,-2668.42145,2020-03-09 06:59:41.970,-340319832.21456033,87133353.5919012,69310141.30765116,145756811805.45227,-26241052985.2311,-11375501744.363264,58917.2914579861
46,2020,3,9,7,14,41.97,-1289954.237,-22146552.721,-14583383.653,2671.38424,1440.50296,-2410.44671,2020-03-09 07:14:41.970,-340594881.4737691,86249128.80776013,68961187.83775969,145762406035.9485,-26216832815.20749,-11365001935.783993,58917.30187465277
46,2020,3,9,7,29,41.97,1118497.661,-20662994.797,-16620864.035999998,2673.03092,1851.59651,-2110.73727,2020-03-09 07:29:41.970,-340867528.571169,85364293.2209363,68611743.75037807,145767995514.6117,-26192611792.711376,-11354501760.388796,58917.31229131943
46,2020,3,9,7,44,41.97,3507663.344,-18823181.694,-18371720.402,2628.57742,2231.03218,-1774.41505,2020-03-09 07:44:41.970,-341137771.16380227,84478853.05576149,68261811.46242252,145773580241.32632,-26168389918.469044,-11344001218.495928,58917.3227079861
46,2020,3,9,7,59,41.97,5836311.624,-16658622.369,-19805553.193,2538.73241,2572.20458,-1407.25145,2020-03-09 07:59:41.970,-341405606.9292068,83592814.54396072,67911393.39593555,145779160215.97714,-26144167193.206673,-11333500310.423582,58917.33312465277
46,2020,3,9,8,14,41.97,8064206.749,-14206486.592,-20897412.932,2404.9966600000002,2869.15848,-1015.56902,2020-03-09 08:14:41.970,-341671033.56545645,82706183.92457962,67560491.97805935,145784735438.44846,-26119943617.650375,-11322999036.489897,58917.34354131943
46,2020,3,9,8,29,41.97,10152812.033,-11508970.328,-21628247.93,2229.6401,3116.6967900000004,-606.13242,2020-03-09 08:29:41.970,-341934048.7912023,81818967.44391102,67209109.64100845,145790305908.6247,-26095719192.526176,-11312497397.01295,58917.3539579861
46,2020,3,9,8,44,41.97,12065966.493,-8612569.553,-21985249.682,2015.66484,3310.47568,-186.03045,2020-03-09 08:44:41.970,-342194650.34571505,80931171.35542183,66857248.82204263,145795871626.39005,-26071493918.56007,-11301995392.310791,58917.36437465277
46,2020,3,9,8,59,41.97,13770522.022,-5567274.99,-21962088.886,1766.7545,3447.08493,237.44869,2020-03-09 08:59:41.970,-342452835.9889239,80042801.91967924,66504911.96343954,145801432591.6287,-26047267796.477955,-11291493022.701384,58917.37479131943
46,2020,3,9,9,14,41.97,15236929.178000001,-2425701.878,-21559037.027999997,1487.21091,3524.11168,656.94657,2020-03-09 09:14:41.970,-342708603.5014579,79153865.40427728,66152101.51246731,145806988804.22482,-26023040827.00564,-11280990288.502653,58917.3852079861
46,2020,3,9,9,29,41.97,16439760.537999999,757829.6370000001,-20782970.576,1181.87886,3540.18618,1065.16579,2020-03-09 09:29:41.970,-342961950.68468535,78264368.08376251,65798819.921357,145812540264.06238,-25998813010.86888,-11270487190.032467,58917.39562465277
46,2020,3,9,9,44,41.97,17358161.628999997,3928246.8279999997,-19647257.092,856.0606200000001,3495.0085999999997,1455.00072,2020-03-09 09:44:41.970,-343212875.3607537,77374316.23956001,65445069.64727474,145818086971.02518,-25974584348.79339,-11259983727.608639,58917.40604131943
46,2020,3,9,9,59,41.97,17976220.78,7030691.933,-18171524.838,515.42155,3389.35597,1819.66521,2020-03-09 09:59:41.970,-343461375.37262756,76483716.1598991,65090853.15229415,145823628924.99722,-25950354841.504776,-11249479901.548937,58917.4164579861
46,2020,3,9,10,14,41.97,18283250.748,10011486.997,-16381319.788,165.88876,3225.06921,2152.81469,2020-03-09 10:14:41.970,-343707448.5841286,75592574.13973843,64736172.903368235,145829166125.8621,-25926124489.72859,-11238975712.171068,58917.42687465277
46,2020,3,9,10,29,41.97,18273976.678,12819078.025999999,-14307656.182999998,-186.45538,3005.02021,2448.66024,2020-03-09 10:29:41.970,-343951092.8799737,74700896.48069158,64381031.372301444,145834698573.50354,-25901893294.190342,-11228471159.79269,58917.43729131943
46,2020,3,9,10,44,41.97,17948626.810000002,15404940.8,-11986468.931,-535.4825,2733.05965,2702.07227,2020-03-09 10:44:41.970,-344192306.165812,73808689.49095187,64025431.03572128,145840226267.805,-25877661255.61544,-11217966244.731411,58917.4477079861
46,2020,3,9,10,59,41.97,17312924.275000002,17724431.413999997,-9457978.156,-875.12838,2413.94659,2908.6717399999998,2020-03-09 10:59:41.970,-344431086.3682635,72915959.48521699,63669374.3750503,145845749208.65015,-25853428374.729244,-11207460967.304789,58917.45812465277
46,2020,3,9,11,14,41.97,16377980.338,19737565.771,-6765977.932,-1199.50148,2053.26125,3064.90712,2020-03-09 11:14:41.970,-344667431.43495566,72022712.78461425,63312863.87647744,145851267395.92203,-25829194652.25707,-11196955327.83031,58917.46854131943
46,2020,3,9,11,29,41.97,15160091.401,21409713.695,-3957062.763,-1502.98786,1657.30286,3168.1155900000003,2020-03-09 11:29:41.970,-344901339.3345608,71128955.71662447,62955902.03092965,145856780829.5042,-25804960088.924137,-11186449326.625435,58917.4789579861
46,2020,3,9,11,44,41.97,13680444.061,22712195.198000003,-1079806.511,-1780.35031,1232.97473,3216.5673300000003,2020-03-09 11:44:41.970,-345132808.0568313,70234694.61500615,62598491.334043145,145862289509.27963,-25780724685.45564,-11175942964.00757,58917.48937465277
46,2020,3,9,11,59,41.97,11964734.251,23622768.47,1816090.687,-2026.8197899999998,787.6590199999999,3209.4923,2020-03-09 11:59:41.970,-345361835.61263686,69339935.81972021,62240634.28613459,145867793435.13156,-25756488442.5767,-11165436240.294062,58917.49979131943
46,2020,3,9,12,14,41.97,10042708.206,24126001.507,4680671.569,-2238.17748,329.08382,3147.08915,2020-03-09 12:14:41.970,-345588420.0339999,68444685.67685322,61882333.39217238,145873292606.9428,-25732251361.01234,-11154929155.802206,58917.5102079861
46,2020,3,9,12,29,41.97,7947634.347999999,24213521.665,7464590.918,-2410.82603,-134.81472,3030.51641,2020-03-09 12:29:41.970,-345812559.37412965,67548950.53854138,61523591.16174748,145878787024.5965,-25708013441.48758,-11144421710.849262,58917.52062465277
46,2020,3,9,12,44,41.97,5715716.3950000005,23884139.976,10119969.043,-2541.8487299999997,-596.03242,2861.86657,2020-03-09 12:44:41.970,-346034251.70745903,66652736.76289411,61164410.10904445,145884276687.9751,-25683774684.72735,-11133913905.752422,58917.53104131943
46,2020,3,9,12,59,41.97,3385458.881,23143849.452999998,12601214.513,-2629.056,-1046.63657,2644.12382,2020-03-09 12:59:41.970,-346253495.12967694,65756050.71391724,60804792.75281199,145889761596.9617,-25659535091.456535,-11123405740.828848,58917.5414579861
46,2020,3,9,13,14,41.97,996996.878,22005699.041,14865801.99,-2671.01838,-1478.90239,2381.10678,2020-03-09 13:14:41.970,-346470287.7577635,64858898.76143628,60444741.61633392,145895241751.4386,-25635294662.399975,-11112897216.395638,58917.55187465277
46,2020,3,9,13,29,41.97,-1408597.93,20489547.049000002,16874992.248999998,-2667.0860900000002,-1885.444,2077.39755,2020-03-09 13:29:41.970,-346684627.7300238,63961287.28101938,60084259.22739943,145900717151.2885,-25611053398.28242,-11102388332.76984,58917.56229131943
46,2020,3,9,13,44,41.97,-3790022.622,18621699.943,18594482.819000002,-2617.39493,-2259.33787,1738.25874,2020-03-09 13:44:41.970,-346896513.20612055,63063222.65390024,59723348.11827368,145906187796.39365,-25586811299.828613,-11091879090.268475,58917.5727079861
46,2020,3,9,13,59,41.97,-6106447.788000001,16434444.147999998,19994979.222999997,-2522.85905,-2594.23687,1369.5403,2020-03-09 13:59:41.970,-347105942.36710703,62164711.26690071,59362010.82566812,145911653686.63663,-25562568367.76321,-11081369489.208506,58917.58312465277
46,2020,3,9,14,14,41.97,-8318209.973999999,13965480.074,21052678.368,-2385.15096,-2884.47325,977.5778200000001,2020-03-09 14:14:41.970,-347312913.4154599,61265759.51235328,59000249.89071058,145917114821.8993,-25538324602.81082,-11070859529.906828,58917.59354131943
46,2020,3,9,14,29,41.97,-10387480.638,11257268.842,21749657.308000002,-2206.6694199999997,-3125.14944,569.08419,2020-03-09 14:29:41.970,-347517424.575111,60366373.78802353,58638067.85891559,145922571202.06406,-25514080005.69602,-11060349212.680317,58917.6039579861
46,2020,3,9,14,44,41.97,-12278901.115999999,8356303.276000001,22074162.197,-1990.49617,-3312.21541,151.03646,2020-03-09 14:44:41.970,-347719474.0914786,59466560.497032255,58275467.28015421,145928022827.01282,-25489834577.143295,-11049838537.845793,58917.61437465277
46,2020,3,9,14,59,41.97,-13960173.83,5312315.545,22020793.876,-1740.34212,-3442.5319600000003,-269.44044,2020-03-09 14:59:41.970,-347919060.2314992,58566326.04777736,57912450.70862403,145933469696.62744,-25465588317.877132,-11039327505.720032,58917.62479131943
46,2020,3,9,15,14,41.97,-15402600.842,2177434.486,21590588.083,-1460.4842899999999,-3513.91919,-685.19131,2020-03-09 15:14:41.970,-348116181.28365815,57665676.8538559,57549020.702818826,145938911810.79,-25441341228.62193,-11028816116.619751,58917.6352079861
46,2020,3,9,15,29,41.97,-16581561.705,-994693.883,20790989.786,-1155.69419,-3525.1897599999998,-1089.14806,2020-03-09 15:29:41.970,-348310835.5580199,56764619.33398576,57185179.8254984,145944349169.38196,-25417093310.102074,-11018304370.86164,58917.64562465277
46,2020,3,9,15,44,41.97,-17476923.529,-4149808.8369999994,19635722.577,-831.15895,-3476.16665,-1474.4453099999998,2020-03-09 15:44:41.970,-348503021.3862578,55863159.91192724,56820930.64365811,145949781772.28503,-25392844563.041866,-11007792268.762337,58917.65604131943
46,2020,3,9,15,59,41.97,-18073377.13,-7233946.381,18144555.491,-492.39612999999997,-3367.68532,-1834.53246,2020-03-09 15:59:41.970,-348692737.12168455,54961305.01640433,56456275.72849826,145955209619.3807,-25368594988.165577,-10997279810.63843,58917.6664579861
46,2020,3,9,16,14,41.97,-18360694.166,-10194345.556,16342970.959,-145.16353,-3201.58018,-2163.28105,2020-03-09 16:14:41.970,-348879981.1392801,54059061.08102615,56091217.65539365,145960632710.55045,-25344344586.197433,-10986766996.80646,58917.67687465277
46,2020,3,9,16,29,41.97,-18333901.206,-12980335.589,14261738.961,204.63501,-2980.65556,-2455.08567,2020-03-09 16:29:41.970,-349064751.83572143,53156434.544208005,55725759.00386274,145966051045.67557,-25320093357.861664,-10976253827.582949,58917.68729131943
46,2020,3,9,16,44,41.97,-17993367.798,-15544190.031,11936403.747,551.04633,-2708.64144,-2704.95703,2020-03-09 16:44:41.970,-349247047.62941015,52253431.849092275,55359902.3575367,145971464624.63733,-25295841303.882362,-10965740303.284332,58917.6977079861
46,2020,3,9,16,59,41.97,-17344806.770999998,-17841934.345000003,9406690.764999999,888.1660099999999,-2390.13438,-2908.60601,2020-03-09 16:59:41.970,-349426866.9605009,51350059.443469495,54993650.30412886,145976873447.31683,-25271588424.98365,-10955226424.227045,58917.70812465277
46,2020,3,9,17,14,41.97,-16399186.223000001,-19834093.919,6715842.699,1210.2363300000002,-2030.5243000000003,-3062.51696,2020-03-09 17:14:41.970,-349604208.2909285,50446323.779698916,54627005.43540326,145982277513.59503,-25247334721.88958,-10944712190.727463,58917.71854131943
46,2020,3,9,17,29,41.97,-15172553.956,-21486370.097,3909894.672,1511.7426300000002,-1635.9079199999999,-3164.0093,2020-03-09 17:29:41.970,-349779070.1044354,49542231.31462904,54259970.347143814,145987676823.3528,-25223080195.324165,-10934197603.101896,58917.7289579861
46,2020,3,9,17,44,41.97,-13685776.424,-22770232.719,1036899.809,1787.50667,-1212.98999,-3211.28612,2020-03-09 17:44:41.970,-349951450.9065978,48637788.50951809,53892547.639123,145993071376.4712,-25198824846.011402,-10923682661.66665,58917.73937465277
46,2020,3,9,17,59,41.97,-11964195.657,-23663418.686,-1853882.671,2032.7753,-768.97343,-3203.4686699999997,2020-03-09 17:59:41.970,-350121349.2248522,47733001.829954445,53524739.91507058,145998461172.83075,-25174568674.67522,-10913167366.73797,58917.74979131943
46,2020,3,9,18,14,41.97,-10037208.993,-24150327.36,-4712823.796,2243.30303,-311.44021,-3140.61601,2020-03-09 18:14:41.970,-350288763.6085214,46827877.74577672,53156549.78264208,146003846212.31204,-25150311682.03953,-10902651718.632061,58917.7602079861
46,2020,3,9,18,29,41.97,-7937777.82,-24222305.112999998,-7490771.882,2415.4270100000003,151.77551,-3023.72907,2020-03-09 18:29:41.970,-350453692.6288393,45922422.73099389,52787979.85338754,146009226494.7956,-25126053868.828205,-10892135717.665077,58917.77062465277
46,2020,3,9,18,44,41.97,-5701872.874,-23877812.994,-10139896.083,2546.13281,612.71993,-2854.7387999999996,2020-03-09 18:44:41.970,-350616134.8789762,45016643.26370522,52419032.74271962,146014602020.16187,-25101795235.765068,-10881619364.153154,58917.78104131943
46,2020,3,9,18,59,41.97,-3367864.869,-23122473.392,-12614511.99,2633.10988,1063.4556100000002,-2636.4781000000003,2020-03-09 18:59:41.970,-350776088.9740635,44110545.82602001,52049711.06988213,146019972788.29102,-25077535783.573914,-10871102658.412374,58917.7914579861
46,2020,3,9,19,14,41.97,-975870.3809999999,-21968993.587,-14871874.841,2674.79534,1496.19864,-2372.6379899999997,2020-03-09 19:14:41.970,-350933553.5512172,43204136.90397739,51680017.45791819,146025338799.06354,-25053275512.97851,-10860585600.758776,58917.80187465277
46,2020,3,9,19,29,41.97,1432936.092,-20436966.200999998,-16872926.189000003,2670.40524,1903.45456,-2067.70813,2020-03-09 19:29:41.970,-351088527.2695624,42297422.98746595,51309954.533638336,146030700052.35925,-25029014424.702606,-10850068191.508356,58917.81229131943
46,2020,3,9,19,44,41.97,3817032.17,-18552548.819,-18582980.446000002,2619.95228,2278.15062,-1726.90279,2020-03-09 19:44:41.970,-351241008.8102556,41390410.570143245,50939524.92758863,146036056548.05814,-25004752519.469887,-10839550430.977095,58917.8227079861
46,2020,3,9,19,59,41.97,6135267.388,-16348027.235,-19972338.55,2524.24968,2613.7617,-1356.0732,2020-03-09 19:59:41.970,-351390996.8765081,40483106.14935501,50568731.27401858,146041408286.0402,-24980489798.004005,-10829032319.480906,58917.83312465277
46,2020,3,9,20,14,41.97,8347580.01,-13861269.025,-21016817.15,2384.90069,2904.4276600000003,-961.60769,2020-03-09 20:14:41.970,-351538490.1936083,39575516.22605446,50197576.210849024,146046755266.18512,-24956226261.02864,-10818513857.335688,58917.84354131943
46,2020,3,9,20,29,41.97,10415697.976,-11135076.277,-21698183.056,2204.2738000000004,3145.0597500000003,-550.32134,2020-03-09 20:29:41.970,-351683487.5089434,38667647.30472167,49826062.37963982,146052097488.37247,-24931961909.267387,-10807995044.857275,58917.8539579861
46,2020,3,9,20,44,41.97,12303811.208999999,-8216448.324000001,-22004484.34,1985.46397,3331.43385,-129.33700000000002,2020-03-09 20:44:41.970,-351825987.5920214,37759505.893282466,49454192.42555777,146057434952.4821,-24907696743.443813,-10797475882.361483,58917.86437465277
46,2020,3,9,20,59,41.97,13979202.842,-5155767.187,-21930271.277,1732.24024,3460.26869,294.04017,2020-03-09 20:59:41.970,-351965989.23449165,36851098.50302749,49081968.99734407,146062767658.39316,-24883430764.281494,-10786956370.164082,58917.87479131943
46,2020,3,9,21,14,41.97,15412827.579,-2005920.049,-21476702.344,1448.98077,3529.28729,712.4522599999999,2020-03-09 21:14:41.970,-352103491.25016534,35942431.64853086,48709394.747281834,146068095605.9851,-24859163972.50396,-10776436508.58082,58917.8852079861
46,2020,3,9,21,29,41.97,16579826.228999998,1178625.507,-20651532.609,1140.5962,3537.2602699999998,1118.6199800000002,2020-03-09 21:29:41.970,-352238492.47503674,35033511.84756916,48336472.33116368,146073418795.1373,-24834896368.8347,-10765916297.927395,58917.89562465277
46,2020,3,9,21,44,41.97,17459966.613,4342776.705999999,-19468984.132000003,812.4429,3484.03009,1505.47308,2020-03-09 21:44:41.970,-352370991.76730186,34124345.62104019,47963204.40825898,146078737225.72864,-24810627953.997223,-10755395738.519466,58917.90604131943
46,2020,3,9,21,59,41.97,18038002.346,7431783.669000001,-17949500.242999997,470.22753,3370.5153499999997,1866.2775199999999,2020-03-09 21:59:41.970,-352500988.0073776,33214939.492881216,47589593.641281195,146084050897.6383,-24786358728.714954,-10744874830.672655,58917.9164579861
46,2020,3,9,22,14,41.97,18303942.58,10392202.435999999,-16119387.925,119.9049,3198.6952,2194.7565799999998,2020-03-09 22:14:41.970,-352628480.09792227,32305299.989987873,47215642.696355045,146089359810.74515,-24762088693.711357,-10734353574.702572,58917.92687465277
46,2020,3,9,22,29,41.97,18253227.477,13172834.946999999,-14010354.705,-232.42899,2971.57386,2485.2037400000004,2020-03-09 22:29:41.970,-352753466.9638519,31395433.642132446,46841354.242983796,146094663964.92807,-24737817849.709835,-10723831970.924759,58917.93729131943
46,2020,3,9,22,44,41.97,17886806.076,15725628.421,-11658948.666000001,-580.64657,2693.1259600000003,2732.58477,2020-03-09 22:44:41.970,-352875947.5523605,30485346.981882107,46466730.95401612,146099963360.06558,-24713546197.433804,-10713310019.654745,58917.9477079861
46,2020,3,9,22,59,41.97,17211115.161999997,18006517.311,-9105912.09,-918.69868,2368.22384,2932.6271899999997,2020-03-09 22:59:41.970,-352995920.83293533,29575046.544517368,46091775.50561327,146105257996.03647,-24689273737.60661,-10702787721.208015,58917.95812465277
46,2020,3,9,23,14,41.97,16237959.733,19976192.239,-6395461.019,-1240.72289,2002.5482600000003,3081.89522,2020-03-09 23:14:41.970,-353113385.79737544,28664538.86795015,45716490.57721578,146110547872.71902,-24665000470.951626,-10692265075.900036,58917.96854131943
46,2020,3,9,23,29,41.97,14984297.658,21600781.802,-3574504.444,-1541.14776,1602.48441,3177.84875,2020-03-09 23:29:41.970,-353228341.4598087,27753830.49264195,45340878.85151058,146115832989.99182,-24640726398.1922,-10681742084.046211,58917.9789579861
46,2020,3,9,23,44,41.97,13471933.036,22852435.026,-691817.986,-1814.79109,1175.0055,3218.88537,2020-03-09 23:44:41.970,-353340786.85670614,26842927.961521972,44964943.014397316,146121113347.73312,-24616451520.051643,-10671218745.961943,58917.98937465277
46,2020,3,9,23,59,41.97,11727124.542,23709794.336,2202812.336,-2056.95032,727.54634,3204.36473,2020-03-09 23:59:41.970,-353450721.0469001,25931837.819904946,44588685.754955634,146126388945.82083,-24592175837.25327,-10660695061.962584,58917.99979131943
46,2020,3,10,0,14,41.97,9780117.050999999,24158352.180000003,5059460.502,-2263.4830899999997,267.8696,3134.61497,2020-03-10 00:14:41.970,-353558143.1115978,25020566.615409266,44212109.765411355,146131659784.13324,-24567899350.52038,-10650171032.363455,58918.0102079861
46,2020,3,10,0,29,41.97,7664603.709,24190680.457,7828927.341,-2430.87743,-196.07244,3010.92199,2020-03-10 00:29:41.970,-353663052.1543973,24109120.897874597,43835217.741103135,146136925862.5482,-24543622060.576252,-10639646657.479847,58918.02062465277
46,2020,3,10,0,44,41.97,5417133.922,23806543.584,10463592.688000001,-2556.3087499999997,-656.27817,2835.5005800000004,2020-03-10 00:44:41.970,-353765447.3013012,23197507.21927989,43458012.38044903,146142187180.94345,-24519343968.144154,-10629121937.627012,58918.03104131943
46,2020,3,10,0,59,41.97,3076472.173,23012876.48,12918231.531,-2637.6848800000002,-1104.8357,2611.45055,2020-03-10 00:59:41.970,-353865327.70073146,22285732.133661028,43080496.38491279,146147443739.1969,-24495065073.94735,-10618596873.120195,58918.0414579861
46,2020,3,10,1,14,41.97,682924.082,21823643.220000003,15150785.182,-2673.67731,-1534.0588,2342.69734,2020-03-10 01:14:41.970,-353962692.5235422,21373802.197028562,42702672.45897043,146152695537.18613,-24470785378.709076,-10608071464.27459,58918.05187465277
46,2020,3,10,1,29,41.97,-1722359.8460000001,20259574.916,17123072.613,-2663.73886,-1936.6169399999999,2033.91937,2020-03-10 01:29:41.970,-354057540.9630333,20461723.967285212,42324543.3100762,146157942574.7884,-24446504883.15258,-10597545711.405355,58918.06229131943
46,2020,3,10,1,44,41.97,-4098090.3179999995,18347793.906999998,18801430.959000003,-2608.10787,-2305.6575399999997,1690.46362,2020-03-10 01:44:41.970,-354149872.2349627,19549504.004143715,41946111.64862907,146163184851.88135,-24422223588.001083,-10587019614.827635,58918.0727079861
46,2020,3,10,1,59,41.97,-6403543.16,16121332.128,20157275.396,-2507.79925,-2634.91863,1318.25117,2020-03-10 01:59:41.970,-354239685.57755953,18637148.86904404,41567380.187938794,146168422368.3421,-24397941493.977818,-10576493174.85654,58918.08312465277
46,2020,3,10,2,14,41.97,-8599249.41,13618553.056,21167570.169,-2364.58284,-2918.83021,923.6745,2020-03-10 02:14:41.970,-354326980.2515344,17724665.125071216,41188351.64419196,146173655124.04785,-24373658601.80599,-10565966391.807138,58918.09354131943
46,2020,3,10,2,29,41.97,-10647660.503999999,10882487.864,21815204.206,-2180.94979,-3152.6033500000003,513.48848,2020-03-10 02:29:41.970,-354411755.5400921,16812059.336872507,40809028.7364181,146178883118.8758,-24349374912.208817,-10555439265.9945,58918.1039579861
46,2020,3,10,2,44,41.97,-12513778.145,7960097.459,22089266.373999998,-1960.06786,-3332.30568,94.69666000000001,2020-03-10 02:44:41.970,-354494010.7489419,15899338.070575029,40429414.18645567,146184106352.70276,-24325090425.909496,-10544911797.73362,58918.11437465277
46,2020,3,10,2,59,41.97,-14165739.208999999,4901472.888,21985217.03,-1705.72638,-3454.92271,-325.56522,2020-03-10 02:59:41.970,-354573745.20630777,14986507.89370296,40049510.71891781,146189324825.40558,-24300805143.63125,-10534383987.339516,58918.12479131943
46,2020,3,10,3,14,41.97,-15575346.888,1758987.186,21504954.059,-1422.27195,-3518.4043100000004,-740.1469099999999,2020-03-10 03:14:41.970,-354650958.262939,14073575.375095114,39669321.061158486,146194538536.8609,-24276519066.097244,-10523855835.127138,58918.1352079861
46,2020,3,10,3,29,41.97,-16718540.166,-1413587.769,20656773.099,-1114.5358800000001,-3521.696,-1142.0008500000001,2020-03-10 03:29:41.970,-354725649.2921188,13160547.084821997,39288847.943238094,146199747486.9455,-24252232194.030697,-10513327341.41144,58918.14562465277
46,2020,3,10,3,44,41.97,-17575794.652,-4561985.554,19455223.069,-787.75441,-3464.7546,-1524.2973399999998,2020-03-10 03:44:41.970,-354797817.689675,12247429.594103327,38908094.09788919,146204951675.53577,-24227944528.154793,-10502798506.507326,58918.15604131943
46,2020,3,10,3,59,41.97,-18132448.768,-7632356.624,17920859.544999998,-447.48279,-3348.54838,-1880.53618,2020-03-10 03:59:41.970,-354867462.8739864,11334229.475225164,38527062.26048234,146210151102.50812,-24203656069.19274,-10492269330.729687,58918.1664579861
46,2020,3,10,4,14,41.97,-18378950.336999997,-10572172.765999999,16079899.878,-99.5045,-3175.04148,-2204.65312,2020-03-10 04:14:41.970,-354934584.2859932,10420953.301457165,38145755.16899156,146215345767.73895,-24179366817.86775,-10481739814.39338,58918.17687465277
46,2020,3,10,4,29,41.97,-18311019.632,-13331110.578,13963785.268,250.26336999999998,-2947.16289,-2491.11989,2020-03-10 04:29:41.970,-354999181.3892031,9507607.646969842,37764175.563960165,146220535671.10425,-24155076774.902985,-10471209957.81323,58918.18729131943
46,2020,3,10,4,44,41.97,-17929726.115000002,-15861900.147,11608656.345999999,595.86714,-2668.7601999999997,-2735.03617,2020-03-10 04:44:41.970,-355061253.66969955,8594199.086751778,37382326.188466005,146225720812.48013,-24130785941.021675,-10460679761.304066,58918.1977079861
46,2020,3,10,4,59,41.97,-17241477.239,-18121125.446,9054750.067000002,931.4146800000001,-2344.53866,-2932.21225,2020-03-10 04:59:41.970,-355120800.636148,7680734.196526759,37000209.788087204,146230901191.74252,-24106494316.94703,-10450149225.180658,58918.20812465277
46,2020,3,10,5,14,41.97,-16257918.923999999,-20069963.486,6345726.97,1251.1732900000002,-1979.98613,-3079.2409,2020-03-10 05:14:41.970,-355177821.8198032,6767219.55267102,36617829.11086745,146236076808.7672,-24082201903.402252,-10439618349.75778,58918.21854131943
46,2020,3,10,5,29,41.97,-14995748.648,-21674849.911000002,3527939.0349999997,1549.66577,-1581.28486,-3173.55729,2020-03-10 05:29:41.970,-355232316.77451354,5853661.7321303105,36235186.907281466,146241247663.43,-24057908701.11056,-10429087135.350164,58918.2289579861
46,2020,3,10,5,44,41.97,-13476443.388,-22908059.661,649649.459,1821.76332,-1155.2111400000001,-3213.48575,2020-03-10 05:44:41.970,-355284285.07672787,4940067.312337212,35852285.930200376,146246413755.60657,-24033614710.79519,-10418555582.272518,58918.23937465277
46,2020,3,10,5,59,41.97,-11725906.067,-23748192.358,-2239783.343,2062.7735199999997,-709.0241900000001,-3198.27233,2020-03-10 05:59:41.970,-355333726.3255004,4026442.8711281503,35469128.93485679,146251575085.17218,-24009319933.179363,-10408023690.839529,58918.24979131943
46,2020,3,10,6,14,41.97,-9774035.502999999,-24180553.43,-5090744.3549999995,2268.522,-250.34584999999998,-3128.1023999999998,2020-03-10 06:14:41.970,-355380640.14249474,3112794.9866606737,35085718.678810395,146256731652.0024,-23985024368.98633,-10397491461.365877,58918.2602079861
46,2020,3,10,6,29,41.97,-7654226.284,-24197423.472999997,-7854209.4059999995,2435.42634,212.96714,-3004.10257,2020-03-10 06:29:41.970,-355425026.1719881,2199130.237330451,34702057.92191296,146261883455.97253,-23960728018.939346,-10386958894.166199,58918.27062465277
46,2020,3,10,6,44,41.97,-5402806.243,-23798210.09,-10482587.172,2560.56056,672.95624,-2828.32666,2020-03-10 06:44:41.970,-355466884.0808755,1285455.2016886212,34318149.42627353,146267030496.95755,-23936430883.76167,-10376425989.55512,58918.28104131943
46,2020,3,10,6,59,41.97,-3058420.501,-22989478.334,-12930541.29,2641.70916,1121.69741,-2603.7255,2020-03-10 06:59:41.970,-355506213.55867255,371776.458358799,33933995.956223555,146272172774.8326,-23912132964.176575,-10365892747.84725,58918.2914579861
46,2020,3,10,7,14,41.97,-661372.137,-21784857.926,-15155778.148,2677.40929,1551.43824,-2334.1009599999998,2020-03-10 07:14:41.970,-355543014.31751776,-541899.4140456107,33549600.278282028,146277310289.47263,-23887834260.907368,-10355359169.357159,58918.30187465277
46,2020,3,10,7,29,41.97,1747069.4800000002,-20204827.560000002,-17119786.273999996,2666.98029,1954.73352,-2024.0444499999999,2020-03-10 07:29:41.970,-355577286.09217614,-1455565.8370043186,33164965.161120508,146282443040.7525,-23863534774.677334,-10344825254.39941,58918.31229131943
46,2020,3,10,7,44,41.97,4125380.8769999994,-18276378.861,-18788513.823000003,2610.5396600000004,2324.5767299999998,-1678.86101,2020-03-10 07:44:41.970,-355609028.6400403,-2369216.2321729134,32780093.375528138,146287571028.54675,-23839234506.209793,-10334291003.28855,58918.3227079861
46,2020,3,10,7,59,41.97,6432504.7530000005,-16032564.738,-20132971.563,2509.0049799999997,2654.52501,-1304.47993,2020-03-10 07:59:41.970,-355638241.7411311,-3282844.021465685,32394987.69437662,146292694252.73013,-23814933456.228096,-10323756416.339098,58918.33312465277
46,2020,3,10,8,14,41.97,8628565.602,-13511939.141999999,-21129749.917,2364.0816099999997,2938.8151599999997,-907.35334,2020-03-10 08:14:41.970,-355664925.19810027,-4196442.627138271,32009650.89258515,146297812713.17715,-23790631625.45557,-10313221493.865551,58918.34354131943
46,2020,3,10,8,29,41.97,10675567.762,-10757897.318,-21761440.02,2178.23602,3172.46835,-494.34465,2020-03-10 08:29:41.970,-355689078.8362296,-5110005.471870536,31624085.747085307,146302926409.762,-23766329014.6156,-10302686236.1824,58918.3539579861
46,2020,3,10,8,44,41.97,12538063.174999999,-7817927.657000001,-22016950.405,1954.65516,3351.3815299999997,-72.60855,2020-03-10 08:44:41.970,-355710702.50343144,-6023525.978849124,31238295.03678599,146308035342.35907,-23742025624.43157,-10292150643.604095,58918.36437465277
46,2020,3,10,8,59,41.97,14183776.474,-4742788.082,-21891712.78,1697.1924199999999,3472.40344,350.53513,2020-03-10 08:59:41.970,-355729796.0702485,-6936997.571850341,30852281.542538244,146313139510.84253,-23717721455.626892,-10281614716.445095,58918.37479131943
46,2020,3,10,9,14,41.97,15584175.704,-1585621.487,-21387772.375,1410.3010199999999,3533.39376,767.73135,2020-03-10 09:14:41.970,-355746359.42985266,-7850413.675322626,30466048.04710001,146318238915.08633,-23693416508.924984,-10271078455.019812,58918.3852079861
46,2020,3,10,9,29,41.97,16714977.868000003,1598973.8930000002,-20513760.525000002,1098.95598,3533.26396,1171.7212299999999,2020-03-10 09:29:41.970,-355760392.498044,-8763767.714469295,30079597.335101,146323333554.9645,-23669110785.049297,-10260541859.642683,58918.39562465277
46,2020,3,10,9,44,41.97,17556579.639,4755902.269,-19284749.362999998,768.5661200000001,3471.9988399999997,1555.4722299999999,2020-03-10 09:44:41.970,-355771895.2132486,-9677053.115331024,29692932.19300739,146328423430.35077,-23644804284.723316,-10250004930.628075,58918.40604131943
46,2020,3,10,9,59,41.97,18094404.946,7830538.609999999,-17721990.843,424.87763,3350.6583600000004,1912.30459,2020-03-10 09:59:41.970,-355780867.53651726,-10590263.304868463,29306055.409086566,146333508541.1187,-23620497008.670532,-10239467668.290382,58918.4164579861
46,2020,3,10,10,14,41.97,18319162.715,10769689.521,-15852544.588000001,73.87117,3171.35927,2236.01152,2020-03-10 10:14:41.970,-355787309.4515212,-11503391.711044744,28918969.773371805,146338588887.14227,-23596188957.614452,-10228930072.943962,58918.42687465277
46,2020,3,10,10,29,41.97,18227009.792,13522528.738000002,-13708801.278,-278.34560000000005,2937.23713,2520.97076,2020-03-10 10:29:41.970,-355791220.964551,-12416431.76290797,28531678.07762703,146343664468.2945,-23571880132.27866,-10218392144.903156,58918.43729131943
46,2020,3,10,10,44,41.97,17819615.932,16041489.750999998,-11327910.445,-625.6478199999999,2652.38925,2762.24508,2020-03-10 10:44:41.970,-355792602.10451186,-13329376.890673494,28144183.115311332,146348735284.449,-23547570533.386677,-10207853884.4823,58918.4477079861
46,2020,3,10,10,59,41.97,17104129.733999997,18283098.895,-8751123.439000001,-962.0033599999999,2321.7996200000002,2955.6699700000004,2020-03-10 10:59:41.970,-355791452.922919,-14242220.525806442,27756487.68154376,146353801335.47906,-23523260161.66215,-10197315291.9957,58918.45812465277
46,2020,3,10,11,14,41.97,16093046.376,20208733.452,-6023064.064,-1281.58076,1951.24764,3097.92646,2020-03-10 11:14:41.970,-355787773.49389523,-15154956.101103967,27368594.57306778,146358862621.25766,-23498949017.82869,-10186776367.757675,58918.46854131943
46,2020,3,10,11,29,41.97,14803979.998000002,21785290.922,-3190940.7649999997,-1578.85282,1547.20235,3186.59792,2020-03-10 11:29:41.970,-355781563.91416395,-16067577.050777523,26980506.58821594,146363919141.65787,-23474637102.609955,-10176237112.0825,58918.4789579861
46,2020,3,10,11,44,41.97,13259345.475,22985757.469,-303715.348,-1848.69403,1116.70454,3220.2097799999997,2020-03-10 11:44:41.970,-355772824.30304503,-16980076.81053504,26592226.526874445,146368970896.55276,-23450324416.729633,-10165697525.284454,58918.48937465277
46,2020,3,10,11,59,41.97,11485956.115,23789665.735999998,2588756.0760000004,-2086.46972,667.2392299999999,3198.25144,2020-03-10 11:59:41.970,-355761554.8024485,-17892448.817663107,26203757.190447684,146374017885.81473,-23426010960.91147,-10155157607.677788,58918.49979131943
46,2020,3,10,12,14,41.97,9514545.37,24183434.546,5436593.899,-2288.11545,206.60118,3121.18049,2020-03-10 12:14:41.970,-355747755.57686913,-18804686.511108987,25815101.381822757,146379060109.31696,-23401696735.87918,-10144617359.576765,58918.5102079861
46,2020,3,10,12,29,41.97,7379222.045000001,24160585.459000003,8190761.578,-2450.20525,-257.24383,2990.40914,2020-03-10 12:29:41.970,-355731426.81337816,-19716783.331562832,25426261.905334048,146384097566.93173,-23377381742.356575,-10134076781.295612,58918.52062465277
46,2020,3,10,12,44,41.97,5116869.549,23721833.648,10803912.378999999,-2570.00757,-716.2991199999999,2808.27386,2020-03-10 12:44:41.970,-355712568.72161835,-20628732.721539404,25037241.566727627,146389130258.5316,-23353065981.06746,-10123535873.14856,58918.53104131943
46,2020,3,10,12,59,41.97,2766500.594,22875052.998999998,13231201.436999999,-2645.52823,-1162.6760199999999,2577.98889,2020-03-10 12:59:41.970,-355691181.5337944,-21540528.12546,24648043.17312585,146394158183.9889,-23328749452.735733,-10112994635.44981,58918.5414579861
46,2020,3,10,13,14,41.97,368579.25899999996,21635117.698999997,15431049.307,-2675.53994,-1588.72908,2303.58513,2020-03-10 13:14:41.970,-355667265.5046655,-22452162.989734504,24258669.532991745,146399181343.17572,-23304432158.085262,-10102453068.513575,58918.55187465277
46,2020,3,10,13,29,41.97,-2035677.3909999998,20023624.693,17365844.427,-2659.59819,-1987.18518,1989.8358,2020-03-10 13:29:41.970,-355640820.91153795,-23363630.762842726,23869123.45609356,146404199735.9645,-23280114097.839954,-10091911172.654041,58918.56229131943
46,2020,3,10,13,44,41.97,-4405005.918,18068503.433000002,19002573.34,-2598.04375,-2351.26462,1642.1705,2020-03-10 13:44:41.970,-355611848.05425495,-24274924.895416517,23479407.753469147,146409213362.22702,-23255795272.723797,-10081368948.185385,58918.5727079861
46,2020,3,10,13,59,41.97,-6698799.397,15803520.974,20313369.073000003,-2491.99192,-2674.7922700000004,1266.5796,2020-03-10 13:59:41.970,-355580347.25518787,-25186038.84032084,23089525.237390496,146414222221.83533,-23231475683.460804,-10070826395.421793,58918.58312465277
46,2020,3,10,14,14,41.97,-8877794.969,13267692.016,21275969.701,-2343.30933,-2952.29745,869.51055,2020-03-10 14:14:41.970,-355546318.8592264,-26096966.05273582,22699478.721328028,146419226314.66116,-23207155330.77503,-10060283514.677408,58918.59354131943
46,2020,3,10,14,29,41.97,-10904735.092999998,10504604.678,21874080.726,-2154.5788,-3179.10114,457.75813999999997,2020-03-10 14:29:41.970,-355509763.23376775,-27007699.990237743,22309271.01991518,146424225640.57614,-23182834215.39055,-10049740306.266394,58918.6039579861
46,2020,3,10,14,44,41.97,-12744992.152,7561673.788,22097636.582,-1929.05323,-3351.38965,38.35036,2020-03-10 14:44:41.970,-355470680.7687071,-27918234.11288044,21918904.94891277,146429220199.45187,-23158512338.031487,-10039196770.502895,58918.61437465277
46,2020,3,10,14,59,41.97,-14367146.894,4489334.254000001,21942958.097999997,-1670.59925,-3466.2740400000002,-381.56838,2020-03-10 14:59:41.970,-355429071.87642527,-28828561.883276816,21528383.325173393,146434209991.15985,-23134189699.42204,-10028652907.701044,58918.62479131943
46,2020,3,10,15,14,41.97,-15743512.024,1340187.681,21412804.351,-1383.63185,-3521.83454,-794.85489,2020-03-10 15:14:41.970,-355384936.99177825,-29738676.766679622,21137708.966605905,146439195015.57156,-23109866300.28643,-10018108718.174973,58918.6352079861
46,2020,3,10,15,29,41.97,-16850593.154,-1831884.199,20516318.779000003,-1073.04072,-3517.1497600000002,-1194.48424,2020-03-10 15:29:41.970,-355338276.5720844,-30648572.231062762,20746884.69213977,146444175272.558,-23085542141.348877,-10007564202.238796,58918.64562465277
46,2020,3,10,15,44,41.97,-17669480.278,-4972625.385000001,19268870.887000002,-744.1097100000001,-3452.31036,-1573.6645199999998,2020-03-10 15:44:41.970,-355289091.09711236,-31558241.747202106,20355913.321689505,146449150761.99045,-23061217223.333748,-9997019360.206638,58918.65604131943
46,2020,3,10,15,59,41.97,-18186163.899,-8028316.751999999,17691796.251,-402.43013,-3328.4170999999997,-1925.9478000000001,2020-03-10 15:59:41.970,-355237381.0690684,-32467678.78875638,19964797.676119134,146454121483.73993,-23036891546.965355,-9986474192.392595,58918.6664579861
46,2020,3,10,16,14,41.97,-18391770.967,-10946678.377,15812038.89,-53.80943,-3147.5632400000004,-2245.3359100000002,2020-03-10 16:14:41.970,-355183147.01258224,-33376876.832348004,19573540.57720652,146459087437.6773,-23012565112.968136,-9975928699.11079,58918.67687465277
46,2020,3,10,16,29,41.97,-18282716.864,-13677749.082,13661701.411,295.82383,-2912.8014900000003,-2526.37937,2020-03-10 16:29:41.970,-355126389.4746945,-34285829.35764362,19182144.847607855,146464048623.67337,-22988237922.06652,-9965382880.6753,58918.68729131943
46,2020,3,10,16,44,41.97,-17860770.781,-16174729.39,11277509.615999999,640.5172,-2628.09587,-2764.2682600000003,2020-03-10 16:44:41.970,-355067109.0248414,-35194529.84743465,18790613.310822107,146469005041.59882,-22963909974.98502,-9954836737.40022,58918.6977079861
46,2020,3,10,16,59,41.97,-17133033.016000003,-18394774.496000003,8700199.556,974.3926,-2298.25886,-2954.91352,2020-03-10 16:59:41.970,-355005306.2548412,-36102971.78771778,18398948.79115533,146473956691.32437,-22939581272.448193,-9944290269.59964,58918.70812465277
46,2020,3,10,17,14,41.97,-16111823.985000001,-20299724.338,5973836.234,1291.74401,-1928.87461,-3095.0173,2020-03-10 17:14:41.970,-354940981.77887857,-37011148.66777521,18007154.113685235,146478903572.7203,-22915251815.180637,-9933743477.587645,58918.71854131943
46,2020,3,10,17,29,41.97,-14814486.023,-21856758.583,3145074.3389999997,1587.13336,-1526.20902,-3182.13122,2020-03-10 17:29:41.970,-354874136.23348844,-37919053.980255015,17615232.104225513,146483845685.657,-22890921603.90701,-9923196361.67831,58918.7289579861
46,2020,3,10,17,44,41.97,-13263100.408,-23038965.254,262372.46800000005,1855.4827599999999,-1097.10797,-3214.70129,2020-03-10 17:44:41.970,-354804770.2775417,-38826681.221250996,17223185.589290366,146488783030.0049,-22866590639.352036,-9912648922.185719,58918.73937465277
46,2020,3,10,17,59,41.97,-11484123.427000001,-23825812.822,-2624826.7219999996,2092.1618999999996,-648.88481,-3192.09857,2020-03-10 17:59:41.970,-354732884.5922277,-39734023.890382744,16831017.396058906,146493715605.63403,-22842258922.240463,-9902101159.423923,58918.74979131943
46,2020,3,10,18,14,41.97,-9507946.68,-24203516.945,-5466937.187000001,2293.0688,-189.19904000000002,-3114.63467,2020-03-10 18:14:41.970,-354658479.88103724,-40641075.49087558,16438730.3523397,146498643412.4145,-22817926453.297115,-9891553073.70701,58918.7602079861
46,2020,3,10,18,29,41.97,-7368388.198,-24165294.586,-8215077.104,2454.7025200000003,274.07229,-2983.56155,2020-03-10 18:29:41.970,-354581556.86974657,-41547829.529640116,16046327.286535174,146503566450.2161,-22793593233.24689,-9881004665.349045,58918.77062465277
46,2020,3,10,18,44,41.97,-5102122.257,-23711499.959,-10821909.109000001,2574.22647,732.96825,-2801.05533,2020-03-10 18:44:41.970,-354502116.3063988,-42454279.51735203,15653811.02760611,146508484718.90875,-22769259262.81469,-9870455934.66409,58918.78104131943
46,2020,3,10,18,59,41.97,-2748056.994,-22849638.729,-13242458.686,2649.52091,1179.5805500000001,-2570.1839400000003,2020-03-10 18:59:41.970,-354420158.9612857,-43360418.96853133,15261184.405036183,146513398218.36212,-22744924542.725544,-9859906881.96621,58918.7914579861
46,2020,3,10,19,14,41.97,-346670.034,-21594258.887,-15434896.306,2679.22354,1606.19062,-2294.85898,2020-03-10 19:14:41.970,-354335685.6269303,-44266241.401621774,14868450.24879652,146518306948.44592,-22720589073.70447,-9849357507.569471,58918.80187465277
46,2020,3,10,19,29,41.97,2060686.708,-19966718.954,-17361269.296,2662.75731,2005.40476,-1979.77229,2020-03-10 19:29:41.970,-354248697.1180666,-45171740.33907014,14475611.38931009,146523210909.02963,-22696252856.47662,-9838807811.787931,58918.81229131943
46,2020,3,10,19,44,41.97,4432501.139,-17994836.337,-18988170.046,2600.34452,2370.28487,-1630.31806,2020-03-10 19:44:41.970,-354159194.27162147,-46076909.30740522,14082670.657416414,146528110099.98248,-22671915891.767128,-9828257794.935654,58918.8227079861
46,2020,3,10,19,59,41.97,6727821.536,-15712420.914,-20287328.098,2493.00695,2694.47239,-1252.50178,2020-03-10 19:59:41.970,-354067177.9466938,-46981741.837316684,13689630.884336082,146533004521.17404,-22647578180.301258,-9817707457.32671,58918.83312465277
46,2020,3,10,20,14,41.97,8906970.727,-13158701.141999999,-21236114.856,2342.5516000000002,2972.3028299999996,-852.8374,2020-03-10 20:14:41.970,-353972649.0245356,-47886231.46373391,13296494.901635302,146537894172.47314,-22623239722.804287,-9807156799.27515,58918.84354131943
46,2020,3,10,20,29,41.97,10932241.034999998,-10377652.027,-21817951.092,2151.5421899999997,3198.90886,-438.23446,2020-03-10 20:29:41.970,-353875608.40853,-48790371.72590483,12903265.541190527,146542779053.74918,-22598900520.001587,-9796605821.09505,58918.8539579861
46,2020,3,10,20,44,41.97,12768557.252,-7417236.355,-22022609.098,1923.25673,3370.30976,-15.8772,2020-03-10 20:44:41.970,-353776057.02417094,-49694156.16747393,12509945.63515317,146547659164.87088,-22574560572.61859,-9786054523.100471,58918.86437465277
46,2020,3,10,20,59,41.97,14384095.39,-4328572.282,-21846403.22,1661.63178,3483.48524,406.90222,2020-03-10 20:59:41.970,-353673995.8190419,-50597578.33656108,12116538.015914094,146552534505.70728,-22550219881.380787,-9775502905.605492,58918.87479131943
46,2020,3,10,21,14,41.97,15750845.57,-1165042.037,-21292264.535,1371.19426,3536.4322700000002,822.75399,2020-03-10 21:14:41.970,-353569425.7627939,-51500631.78583954,11723045.516068447,146557405076.12708,-22525878447.013718,-9764950968.924166,58918.8852079861
46,2020,3,10,21,29,41.97,16845108.412,2018642.266,-20369697.619999997,1056.98202,3528.2033899999997,1224.44197,2020-03-10 21:29:41.970,-353462347.84712297,-52403310.07261395,11329470.968380293,146562270875.99884,-22501536270.243034,-9754398713.370571,58918.89562465277
46,2020,3,10,21,44,41.97,17647915.417,5167398.672,-19094619.610999998,724.45466,3458.9257199999997,1604.97355,2020-03-10 21:44:41.970,-353352763.0857474,-53305606.7588983,10935817.2057473,146567131905.19122,-22477193351.794422,-9743846139.258793,58918.90604131943
46,2020,3,10,21,59,41.97,18145365.239,8226743.615999999,-17489084.068,379.39612999999997,3329.80006,1957.7253400000002,2020-03-10 21:59:41.970,-353240672.5143856,-54207515.41149359,10542087.061165603,146571988163.57257,-22452849692.393654,-9733293246.902905,58918.9164579861
46,2020,3,10,22,14,41.97,18328869.358,11143750.33,-15580894.422,27.811059999999998,3143.08003,2276.5624,2020-03-10 22:14:41.970,-353126077.1907308,-55109029.6020655,10148283.367694493,146576839651.01147,-22428505292.766544,-9722740036.616999,58918.92687465277
46,2020,3,10,22,29,41.97,18195302.391000003,13867979.562,-13403114.044,-324.1831,2902.03145,2555.94843,2020-03-10 22:29:41.970,-353008978.19442946,-56010142.90722165,9754408.958421236,146581686367.37585,-22404160153.639023,-9712186508.715157,58918.93729131943
46,2020,3,10,22,44,41.97,17747054.211,16352365.174,-10993482.027,-670.4660700000001,2610.87287,2791.04469,2020-03-10 22:44:41.970,-352889376.6270542,-56910848.90858904,9360466.666425977,146586528312.5339,-22379814275.737053,-9701632663.511473,58918.9477079861
46,2020,3,10,22,59,41.97,16991982.961999997,18554038.105,-8393745.715,-1005.02457,2274.69832,2977.79578,2020-03-10 22:59:41.970,-352767273.61208177,-57811141.19289094,8966459.32474655,146591365486.35376,-22355467659.78669,-9691078501.320051,58918.95812465277
46,2020,3,10,23,14,41.97,15943270.132,20435073.446,-5648922.660999999,-1322.05985,1899.38396,3113.00045,2020-03-10 23:14:41.970,-352642670.29486585,-58711013.352023944,8572389.766343389,146596197888.7033,-22331120306.514053,-9680524022.454998,58918.96854131943
46,2020,3,10,23,29,41.97,14619180.736,21963146.981999997,-2806506.073,-1616.0906100000002,1491.48064,3194.36618,2020-03-10 23:29:41.970,-352515567.84261256,-59610458.98313458,8178260.824064496,146601025519.4504,-22306772216.645348,-9669969227.230417,58918.9789579861
46,2020,3,10,23,44,41.97,13042733.634,23112089.504,84371.16,-1882.04947,1058.09457,3220.54651,2020-03-10 23:44:41.970,-352385967.44435465,-60509471.68869593,7784075.330610399,146605848378.46262,-22282423390.90685,-9659414115.96043,58918.98937465277
46,2020,3,10,23,59,41.97,11241288.698,23862329.354000002,2973798.0859999997,-2115.371,606.7587,3191.1606500000003,2020-03-10 23:59:41.970,-352253870.3109239,-61408045.07658415,7389836.118499157,146610666465.60767,-22258073830.024906,-9648858688.95916,58918.99979131943
46,2020,3,11,0,14,41.97,9246058.888,24201217.055,5811957.79,-2312.06967,145.29743,3106.7951,2020-03-11 00:14:41.970,-352119277.67492527,-62306172.760154486,6995546.020031386,146615479780.7531,-22233723534.725967,-9638302946.540741,58919.0102079861
46,2020,3,11,0,29,41.97,7091558.489,24123221.227,8549988.66,-2468.80678,-318.31201,2968.98839,2020-03-11 00:29:41.970,-351982190.7907102,-63203848.35831736,6601207.867255362,146620288323.7661,-22209372505.736504,-9627746889.019314,58919.02062465277
46,2020,3,11,0,44,41.97,4814993.958,23630009.023,11140832.947999999,-2582.94445,-776.0804,2780.19759,2020-03-11 00:44:41.970,-351842610.934348,-64101065.49561436,6206824.491932138,146625092094.5144,-22185020743.783134,-9617190516.709017,58919.03104131943
46,2020,3,11,0,59,41.97,2455614.728,22730390.383,13540039.311,-2652.58702,-1220.14459,2543.75037,2020-03-11 00:59:41.970,-351700539.4035983,-64997817.802293636,5812398.725500695,146629891092.86487,-22160668249.59251,-9606633829.924023,58919.0414579861
46,2020,3,11,1,14,41.97,54031.43,21440144.649,15706519.879999999,-2676.6087500000003,-1642.90214,2263.7817999999997,2020-03-11 01:14:41.970,-351555977.517883,-65894098.91438574,5417933.399043169,146634685318.68472,-22136315023.89138,-9596076828.97849,58919.05187465277
46,2020,3,11,1,29,41.97,-2348484.395,19781727.711,17603243.642,-2654.66793,-2037.13943,1945.15838,2020-03-11 01:29:41.970,-351408926.61825687,-66789902.47377859,5023431.343250031,146639474771.84094,-22111961067.406597,-9585519514.186594,58919.06229131943
46,2020,3,11,1,44,41.97,-4710707.242000001,17783867.417000003,19197856.202999998,-2587.20757,-2396.15157,1593.3907000000002,2020-03-11 01:44:41.970,-351259388.0673788,-67685222.1282928,4628895.388385437,146644259452.20047,-22087606380.865044,-9574961885.86251,58919.0727079861
46,2020,3,11,1,59,41.97,-6992159.284,15481055.571,20463216.523,-2475.44304,-2713.8520399999998,1214.53656,2020-03-11 01:59:41.970,-351107363.2494828,-68580051.5317564,4234328.364252527,146649039359.62994,-22063250964.99373,-9564403944.320452,58919.08312465277
46,2020,3,11,2,14,41.97,-9153795.204,12912946.255,21377842.882,-2321.3372,-2984.87095,815.09644,2020-03-11 02:14:41.970,-350952853.57034653,-69474384.34407991,3839733.100158784,146653814493.99637,-22038894820.51975,-9553845689.874607,58919.09354131943
46,2020,3,11,2,29,41.97,-11158659.322999999,10123671.428,21926261.943,-2127.56377,-3204.64049,401.90303,2020-03-11 02:29:41.970,-350795860.4572628,-70368214.23133035,3445112.424881446,146658584855.16608,-22014537948.170246,-9543287122.839205,58919.1039579861
46,2020,3,11,2,44,41.97,-12972504.771,7161085.688,22099256.435,-1897.45983,-3369.46673,-17.99334,2020-03-11 02:44:41.970,-350636385.3590073,-71261534.86580598,3050469.1666330467,146663350443.00586,-21990180348.672478,-9532728243.528473,58919.11437465277
46,2020,3,11,2,59,41.97,-14564365.320999999,4075952.859,21894008.507999998,-1634.9682400000002,-3476.587,-437.44167,2020-03-11 02:59:41.970,-350474429.7458087,-72154339.92611013,2655806.153026853,146668111257.38184,-21965822022.753788,-9522169052.256641,58919.12479131943
46,2020,3,11,3,14,41.97,-15907071.28,921087.596,21314137.391,-1344.5710900000001,-3524.21235,-849.30792,2020-03-11 03:14:41.970,-350309995.1093163,-73046623.0972256,2261126.2110424,146672867298.1605,-21941462971.141613,-9511609549.337975,58919.1352079861
46,2020,3,11,3,29,41.97,-16977701.811,-2249534.341,20369631.43,-1031.21516,-3511.5547399999996,-1246.59184,2020-03-11 03:29:41.970,-350143082.9625688,-73938378.0705878,1866432.1669912,146677618565.208,-21917103194.56348,-9501049735.086731,58919.14562465277
46,2020,3,11,3,44,41.97,-17757966.946000002,-5381683.284,19076676.013,-700.2303800000001,-3438.83862,-1622.54126,2020-03-11 03:44:41.970,-349973694.8399614,-74829598.54415852,1471726.8464823083,146682365058.3906,-21892742693.746964,-9490489609.817188,58919.15604131943
46,2020,3,11,3,59,41.97,-18234513.563,-8421786.266999999,17457380.272,-357.24263,-3307.29689,-1970.76245,2020-03-11 03:59:41.970,-349801832.29721415,-75720278.22249925,1077013.0743881473,146687106777.57407,-21868381469.419807,-9479929173.843647,58919.1664579861
46,2020,3,11,4,14,41.97,-18399150.627,-11317826.995,15539406.81,-8.08168,-3119.15136,-2285.32504,2020-03-11 04:14:41.970,-349627496.9113378,-76610410.81684433,682293.6748101397,146691843722.6245,-21844019522.309746,-9469368427.480404,58919.17687465277
46,2020,3,11,4,29,41.97,-18248990.04,-14020221.208999999,13355510.012999998,341.31404999999995,-2877.57764,-2560.86,2020-03-11 04:29:41.970,-349450690.2806014,-77499990.04517359,287571.47104464454,146696575893.40765,-21819656853.144714,-9458807371.041784,58919.18729131943
46,2020,3,11,4,44,41.97,-17786500.63,-16482653.693,10942989.825000001,684.9950500000001,-2586.65508,-2792.64931,2020-03-11 04:44:41.970,-349271414.0244975,-78389009.63228542,-107150.71445127115,146701303289.7894,-21795293462.652645,-9448246004.842112,58919.1977079861
46,2020,3,11,4,59,41.97,-17019473.928,-18662863.582999997,8343069.1110000005,1017.09896,-2251.3020300000003,-2976.7058199999997,2020-03-11 04:59:41.970,-349089669.78370947,-79277463.30986877,-501870.06009380147,146706025911.63516,-21770929351.56164,-9437684329.195757,58919.20812465277
46,2020,3,11,5,14,41.97,-15960901.713,-20523365.138,5600203.98,1331.9481799999999,-1877.1973099999998,-3109.8421599999997,2020-03-11 05:14:41.970,-348905459.2200755,-80165344.81657563,-896583.7452064825,146710743758.81076,-21746564520.599854,-9427122344.417068,58919.21854131943
46,2020,3,11,5,29,41.97,-14628766.546,-22032091.9,2761337.605,1624.14534,-1470.68869,-3189.72725,2020-03-11 05:29:41.970,-348718784.016555,-81052647.89809313,-1291288.9500541005,146715456831.18137,-21722198970.49554,-9416560050.820433,58919.2289579861
46,2020,3,11,5,44,41.97,-13045747.931,-23162953.088999998,-124890.87999999999,1888.6650599999998,-1038.68955,-3214.92936,2020-03-11 05:44:41.970,-348529645.8771924,-81939366.30721502,-1685982.8558766618,146720165128.61252,-21697832701.97705,-9405997448.720253,58919.23937465277
46,2020,3,11,5,59,41.97,-11238848.087000001,-23896292.23,-3008969.822,2120.9406,-588.56523,-3184.94483,2020-03-11 05:59:41.970,-348338046.52708185,-82825493.80391361,-2080662.6449230965,146724868650.96945,-21673465715.77285,-9395434538.430931,58919.24979131943
46,2020,3,11,6,14,41.97,-9238942.706,-24219239.374,-5841357.501,2316.9436499999997,-128.01051999999999,-3100.21144,2020-03-11 06:14:41.970,-348143987.71233183,-83711024.15541084,-2475325.5004852097,146729567398.11734,-21649098012.6115,-9384871320.266907,58919.2602079861
46,2020,3,11,6,29,41.97,-7080263.476,-24125949.867,-8573329.621000001,2473.2559300000003,335.07964000000004,-2962.10618,2020-03-11 06:29:41.970,-347947471.20002764,-84595951.13624947,-2869968.6069312566,146734261369.9211,-21624729593.221626,-9374307794.542622,58919.27062465277
46,2020,3,11,6,44,41.97,-4799820.388,-23617724.369,-11157817.498,2587.1311600000004,792.7443499999999,-2772.92679,2020-03-11 06:44:41.970,-347748498.7781962,-85480268.5283639,-3264589.1497396175,146738950566.246,-21600360458.33201,-9363743961.572554,58919.28104131943
46,2020,3,11,6,59,41.97,-2436773.1199999996,-22703006.793,-13550222.451,2656.54607,1237.09349,-2535.85736,2020-03-11 06:59:41.970,-347547072.25576776,-86363970.12115104,-3659184.3155324548,146743634986.95676,-21575990608.671486,-9353179821.671186,58919.2914579861
46,2020,3,11,7,14,41.97,-31761.823,-21397258.903,-15709192.042000001,2680.23943,1660.4446799999998,-2254.91801,2020-03-11 07:14:41.970,-347343193.4625389,-87247049.71154061,-4053751.2921091756,146748314631.91824,-21551620044.969013,-9342615375.153025,58919.30187465277
46,2020,3,11,7,29,41.97,2373791.399,-19722712.47,-17597344.191,2657.7380200000002,2055.45797,-1934.8995,2020-03-11 07:29:41.970,-347136864.2491354,-88129501.10406515,-4448287.268479914,146752989500.99512,-21527248767.95365,-9332050622.33258,58919.31229131943
46,2020,3,11,7,44,41.97,4738398.32,-17708002.154999997,-19181925.9,2589.36899,2415.2657999999997,-1581.28351,2020-03-11 07:44:41.970,-346928086.4869726,-89011318.11093032,-4842789.434898927,146757659594.0521,-21502876778.354553,-9321485563.524403,58919.3227079861
46,2020,3,11,7,59,41.97,7021225.187,-15387684.47,-20435394.27,2476.2581,2733.5957999999996,-1200.1498900000001,2020-03-11 07:59:41.970,-346716862.0682188,-89892494.55208415,-5237254.982897848,146762324910.95358,-21478504076.90098,-9310920199.043055,58919.33312465277
46,2020,3,11,8,14,41.97,9182805.262,-12801650.379999999,-21335908.723,2320.31353,3004.88395,-798.07236,2020-03-11 08:14:41.970,-346503192.90575504,-90773024.25528717,-5631681.105319127,146766985451.5641,-21454130664.322323,-9300354529.203115,58919.34354131943
46,2020,3,11,8,29,41.97,11185730.433,-9994441.206,-21867724.82,2124.19558,3224.37592,-382.00446,2020-03-11 08:29:41.970,-346287080.93313676,-91652901.0561809,-6026064.996348983,146771641215.74805,-21429756541.348038,-9289788554.319195,58919.3539579861
46,2020,3,11,8,44,41.97,12995309.212,-7014479.425000001,-22021481.783,1891.2723899999999,3388.21457,40.84228,2020-03-11 08:44:41.970,-346068528.10455376,-92532118.79835743,-6420403.851550685,146776292203.3695,-21405381708.70771,-9279222274.705912,58919.36437465277
46,2020,3,11,8,59,41.97,14580178.927000001,-3913227.727,-21794377.708,1625.56256,3493.51157,463.12568999999996,2020-03-11 08:59:41.970,-345847536.3947907,-93410671.33342783,-6814694.867897559,146780938414.29297,-21381006167.13103,-9268655690.67791,58919.37479131943
46,2020,3,11,9,14,41.97,15912860.605,-744291.238,-21190228.523999996,1331.66536,3538.4018199999996,877.5035300000001,2020-03-11 09:14:41.970,-345624107.7991869,-94288552.5210908,-7208935.243805996,146785579848.38226,-21356629917.347805,-9258088802.549862,58919.3852079861
46,2020,3,11,9,29,41.97,16970246.023,2437520.927,-20219408.948,1014.6799799999999,3522.07926,1276.76476,2020-03-11 09:29:41.970,-345398244.3335953,-95165756.2292007,-7603122.1791682085,146790216505.50153,-21332252960.087914,-9247521610.636463,58919.39562465277
46,2020,3,11,9,44,41.97,17734007.602999996,5577157.671,-18898675.945,680.1151,3444.8133,1653.95892,2020-03-11 09:44:41.970,-345169948.0343423,-96042276.33383599,-7997252.875385307,146794848385.5146,-21307875296.081394,-9236954115.252417,58919.40604131943
46,2020,3,11,9,59,41.97,18190923.248999998,8620293.723000001,-17250877.502,333.79061,3307.94522,2002.5212,2020-03-11 09:59:41.970,-344939220.95818615,-96918106.71936645,-8391324.535399823,146799475488.2853,-21283496926.058372,-9226386316.712456,58919.4164579861
46,2020,3,11,10,14,41.97,18333109.849,11514285.276,-15304551.811999999,-18.26676,3113.8647499999997,2316.39051,2020-03-11 10:14:41.970,-344706065.182276,-97793241.27852097,-8785334.363728488,146804097813.67758,-21259117850.74909,-9215818215.331347,58919.42687465277
46,2020,3,11,10,29,41.97,18158160.921,14209095.592,-13093424.161999999,-369.93172000000004,2865.9668699999997,2590.11828,2020-03-11 10:29:41.970,-344470482.8041083,-98667673.91245496,-9179279.56649495,146808715361.55487,-21234738070.883873,-9205249811.423866,58919.43729131943
46,2020,3,11,10,44,41.97,17669185.817,16658173.28,-10655810.92,-715.0905300000001,2568.58998,2818.96585,2020-03-11 10:44:41.970,-344232475.9414872,-99541398.53081694,-9573157.351462107,146813328131.78085,-21210357587.1932,-9194681105.30483,58919.4477079861
46,2020,3,11,10,59,41.97,16874749.854000002,18819266.847999997,-8033941.845000001,-1047.75069,2226.9364,2998.9882,2020-03-11 10:59:41.970,-343992046.73247963,-100414409.05181536,-9966964.928064588,146817936124.21906,-21185976400.40765,-9184112097.289062,58919.45812465277
46,2020,3,11,11,14,41.97,15788716.746,20655160.483,-5273213.645,-1362.14799,1846.97711,3127.10281,2020-03-11 11:14:41.970,-343749197.3353741,-101286699.40228517,-10360699.507441262,146822539338.73285,-21161594511.25792,-9173542787.691412,58919.46854131943
46,2020,3,11,11,29,41.97,14429996.698,22134317.66,-2421388.966,-1652.8487599999999,1435.34253,3201.14187,2020-03-11 11:29:41.970,-343503929.9286366,-102158263.51775429,-10754358.302467449,146827137775.18555,-21137211920.474796,-9162973176.826773,58919.4789579861
46,2020,3,11,11,44,41.97,12822205.374,23231421.131,472243.962,-1914.84534,999.20192,3219.88736,2020-03-11 11:44:41.970,-343256246.71086746,-103029095.34250896,-11147938.527787087,146831731433.44046,-21112828628.789215,-9152403265.010044,58919.48937465277
46,2020,3,11,11,59,41.97,10993240.704,23927800.091000002,3357735.2,-2143.6429000000003,546.13369,3183.0882100000003,2020-03-11 11:59:41.970,-343006149.90075713,-103899188.82965977,-11541437.399844885,146836320313.3606,-21088444636.932217,-9141833052.556164,58919.49979131943
46,2020,3,11,12,14,41.97,8974786.021,24211737.657,6185344.433,-2335.33611,83.98956000000001,3091.45973,2020-03-11 12:14:41.970,-342753641.7370426,-104768537.94120707,-11934852.136918472,146840904414.8092,-21064059945.634956,-9131262539.78009,58919.5102079861
46,2020,3,11,12,29,41.97,6801749.307,24078654.298,8906403.834999999,-2486.67427,-379.24477,2946.66549,2020-03-11 12:29:41.970,-342498724.4784628,-105637136.64810608,-12328179.9591502,146845483737.6493,-21039674555.62871,-9120691726.996807,58919.52062465277
46,2020,3,11,12,44,41.97,4511649.376999999,23531165.327,11474157.027999999,-2595.1139099999996,-835.5897199999999,2751.2824400000004,2020-03-11 12:44:41.970,-342241400.4037137,-106504978.93033178,-12721418.088579157,146850058281.74365,-21015288467.64485,-9110120614.521326,58919.53104131943
46,2020,3,11,12,59,41.97,2143960.564,22579012.996000003,13844559.531000001,-2658.85836,-1277.2099699999999,2508.7503899999997,2020-03-11 12:59:41.970,-341981671.81140286,-107372058.77694343,-13114563.749172913,146854628046.95517,-20990901682.41493,-9099549202.668697,58919.5414579861
46,2020,3,11,13,14,41.97,-260572.05299999999,21238876.047000002,15977027.165,-2676.88362,-1696.54822,2223.30717,2020-03-11 13:14:41.970,-341719541.02000475,-108238370.18614897,-13507614.166859206,146859193033.14682,-20966514200.670567,-9088977491.753979,58919.55187465277
46,2020,3,11,13,29,41.97,-2660634.6640000003,19534061.678,17835120.198,-2648.95076,-2086.45239,1899.91092,2020-03-11 13:29:41.970,-341455010.36781436,-109103907.16536914,-13900566.569557624,146863753240.1809,-20942126023.1435,-9078405482.092276,58919.56229131943
46,2020,3,11,13,44,41.97,-5015051.786,17494086.798,19387152.496,-2575.60483,-2440.29417,1544.15142,2020-03-11 13:44:41.970,-341188082.21290207,-109968663.73130117,-14293418.18721114,146868308667.9204,-20917737150.565636,-9067833173.998705,58919.5727079861
46,2020,3,11,13,59,41.97,-7283486.5,15154157.082,20606716.508,-2458.16085,-2752.07727,1162.15207,2020-03-11 13:59:41.970,-340918758.9330661,-110832633.90998235,-14686166.251817506,146872859316.22772,-20893347583.66895,-9057260567.788437,58919.58312465277
46,2020,3,11,14,14,41.97,-9427122.385,12554553.77,21473116.544,-2298.6773,-3016.53399,760.46439,2020-03-11 14:14:41.970,-340647042.9257872,-111695811.73685339,-15078807.997460686,146877405184.9652,-20868957323.185585,-9046687663.776644,58919.59354131943
46,2020,3,11,14,29,41.97,-11409316.352,9739939.275,21971704.459,-2099.91804,-3229.20892,345.95695,2020-03-11 14:29:41.970,-340372936.6081809,-112558191.25682096,-15471340.660342079,146881946273.9954,-20844566369.84779,-9036114462.278536,58919.6039579861
46,2020,3,11,14,44,41.97,-13196212.245000001,6758593.622,22094113.455,-1865.30338,-3386.5287999999996,-74.29966,2020-03-11 14:44:41.970,-340096442.4169503,-113419766.52432087,-15863761.478811776,146886482583.18048,-20820174724.38792,-9025540963.609371,58919.61437465277
46,2020,3,11,14,59,41.97,-14757305.893000001,3661594.454,21838387.305,-1598.85129,-3485.85795,-493.14993000000004,2020-03-11 14:59:41.970,-339817562.80833876,-114280531.60338016,-16256067.693399498,146891014112.38275,-20795782387.538494,-9014967168.084414,58919.62479131943
46,2020,3,11,15,14,41.97,-16065953.18,501953.863,21209003.803,-1305.1097499999998,-3525.53875,-903.4711100000001,2020-03-11 15:14:41.970,-339536300.2580828,-115140480.56767939,-16648256.546845844,146895540861.46432,-20771389360.03213,-9004393076.01896,58919.6352079861
46,2020,3,11,15,29,41.97,-17099813.598,-2666274.2739999997,20216792.741,-989.0811600000001,-3504.91664,-1298.2896500000002,2020-03-11 15:29:41.970,-339252657.26136243,-115999607.50061436,-17040325.284132987,146900062830.28723,-20746995642.601578,-8993818687.728374,58919.64562465277
46,2020,3,11,15,44,41.97,-17841222.678,-5788902.567,18878750.087,-656.14009,-3424.3497500000003,-1670.89514,2020-03-11 15:44:41.970,-338966636.33275425,-116857906.49535763,-17432271.152515553,146904580018.71368,-20722601235.97972,-8983244003.528,58919.65604131943
46,2020,3,11,15,59,41.97,-18277487.720000003,-8812519.934,17217751.47,-311.94527999999997,-3285.20279,-2014.9499500000002,2020-03-11 15:59:41.970,-338678240.0061818,-117715371.65491995,-17824091.4015514,146909092426.6054,-20698206140.899586,-8972669023.73325,58919.6664579861
46,2020,3,11,16,14,41.97,-18401102.241,-11685388.951000001,15262169.352,37.6528,-3089.82538,-2324.59332,2020-03-11 16:14:41.970,-338387470.8348673,-118571997.092211,-18215783.283132188,146913600053.82434,-20673810358.094296,-8962093748.65956,58919.67687465277
46,2020,3,11,16,29,41.97,-18209875.659,-14358316.769,13045399.664,386.70767,-2841.51507,-2594.53824,2020-03-11 16:29:41.970,-338094331.3912818,-119427776.93010034,-18607344.05151399,146918102900.23236,-20649413888.29712,-8951518178.62238,58919.68729131943
46,2020,3,11,16,44,41.97,-17706975.844,-16785485.930999998,10605304.900999999,729.27451,-2544.46529,-2820.15996,2020-03-11 16:44:41.970,-337798824.2670964,-120282705.30147761,-18998770.963347606,146922600965.69104,-20625016732.241455,-8940942313.937214,58919.6977079861
46,2020,3,11,16,59,41.97,-16900883.405,-18925231.773,7983582.001,1059.5084100000001,-2203.69879,-2997.57445,2020-03-11 16:59:41.970,-337500952.0731316,-121136776.34931277,-19390061.27770903,146927094250.062,-20600618890.66085,-8930366154.919601,58919.70812465277
46,2020,3,11,17,14,41.97,-15805257.779,-20740753.695,5225064.508,1371.7618400000001,-1824.98735,-3123.7057099999997,2020-03-11 17:14:41.970,-337200717.439308,-121989984.22671568,-19781212.25612955,146931582753.207,-20576220364.28895,-8919789701.885109,58919.71854131943
46,2020,3,11,17,29,41.97,-14438716.588,-22200748.311,2376969.699,1660.6797499999998,-1414.75869,-3196.3405900000002,2020-03-11 17:29:41.970,-336898123.0145951,-122842323.09699605,-20172221.162626106,146936066474.9875,-20551821153.859585,-8909212955.149319,58919.7289579861
46,2020,3,11,17,44,41.97,-12824531.01,-23279953.463000003,-511897.59500000003,1921.2907500000001,-979.99169,-3214.17003,2020-03-11 17:44:41.970,-336593171.46696186,-123693787.13372222,-20563085.263731148,146940545415.2649,-20527421260.10664,-8898635915.027874,58919.73937465277
46,2020,3,11,17,59,41.97,-10990241.36,-23959593.26,-3391971.8,2149.09301,-528.10148,-3176.8157499999998,2020-03-11 17:59:41.970,-336285865.48332447,-124544370.52078035,-20953801.82852271,146945019573.90054,-20503020683.764214,-8888058581.836452,58919.74979131943
46,2020,3,11,18,14,41.97,-8967198.444,-24227715.691,-6213770.583000001,2340.1331,-66.81592,-3084.8415999999997,2020-03-11 18:14:41.970,-335976207.76949686,-125394067.45243286,-21344368.12865411,146949488950.75568,-20478619425.566498,-8877480955.890749,58919.7602079861
46,2020,3,11,18,29,41.97,-6790037.608,-24079415.972,-8928742.001,2491.07645,395.95448999999996,-2939.7491699999996,2020-03-11 18:29:41.970,-335664201.0501371,-126242872.13337703,-21734781.438383866,146953953545.69186,-20454217486.247807,-8866903037.506498,58919.77062465277
46,2020,3,11,18,44,41.97,-4496093.7,-23516940.589,-11490100.389999999,2599.2679399999997,852.2512399999999,-2743.9571800000003,2020-03-11 18:44:41.970,-335349848.0686978,-127090778.7788031,-22125039.03460528,146958413358.56985,-20429814866.54264,-8856324826.999483,58919.78104131943
46,2020,3,11,18,59,41.97,-2124766.383,-22549668.964,-13853636.532,2662.78148,1294.20475,-2500.7649,2020-03-11 18:59:41.970,-335033151.587373,-127937781.61445136,-22515138.196875934,146962868389.25113,-20405411567.185604,-8845746324.685518,58919.7914579861
46,2020,3,11,19,14,41.97,283153.728,-21193971.77,-15978487.746000001,2680.45732,1714.1711500000001,-2214.2998199999997,2020-03-11 19:14:41.970,-334714114.38704616,-128783874.87667046,-22905076.20744717,146967318637.5965,-20381007588.911438,-8835167530.880447,58919.80187465277
46,2020,3,11,19,29,41.97,2686186.71,-19472947.106,-17827854.02,2651.92632,2104.86649,-1889.45016,2020-03-11 19:29:41.970,-334392739.2672379,-129629052.81247382,-23294850.351293482,146971764103.46707,-20356602932.45503,-8824588445.900148,58919.81229131943
46,2020,3,11,19,44,41.97,5042880.659,-17416037.988,-19369647.031,2577.62047,2459.49588,-1531.78339,2020-03-11 19:44:41.970,-334069029.0460535,-130473309.67959712,-23684457.91614164,146976204786.72363,-20332197598.551376,-8814009070.060545,58919.8227079861
46,2020,3,11,19,59,41.97,7312532.115,-15058536.811,-20577059.869,2458.76918,2771.8750999999997,-1147.4518,2020-03-11 19:59:41.970,-333742986.5601292,-131316639.74655427,-24073896.19249991,146980640687.2272,-20307791587.935703,-8803429403.677612,58919.83312465277
46,2020,3,11,20,14,41.97,9455896.728,-12440984.649,-21429046.597,2297.38132,3036.5423100000003,-743.08679,2020-03-11 20:14:41.970,-333414614.66457975,-132159037.29269393,-24463162.473687064,146985071804.8384,-20283384901.343246,-8792849447.06733,58919.84354131943
46,2020,3,11,20,29,41.97,11435877.31,-9608475.293,-21910702.244,2096.21295,3248.85769,-325.68367,2020-03-11 20:29:41.970,-333083916.23294455,-133000496.6082552,-24852254.055861212,146989498139.41818,-20258977539.50949,-8782269200.545736,58919.8539579861
46,2020,3,11,20,44,41.97,13218176.641,-6609875.885000001,-22013535.586000003,1858.72137,3405.0887900000002,97.52106,2020-03-11 20:44:41.970,-332750894.15713406,-133841011.99442382,-25241168.2380488,146993919690.8269,-20234569503.170017,-8771688664.428917,58919.86437465277
46,2020,3,11,20,59,41.97,14771902.907,-3496977.717,-21735628.974,1589.00596,3502.4801,519.17759,2020-03-11 20:59:41.970,-332415551.3473759,-134680577.76338658,-25629902.322173107,146998336458.92548,-20210160793.060543,-8761107839.032972,58919.87479131943
46,2020,3,11,21,14,41.97,16070116.385,-323592.282,-21081681.566999998,1291.73694,3539.30495,931.95362,2020-03-11 21:14:41.970,-332077890.7321606,-135519188.2383871,-26018453.613082964,147002748443.5743,-20185751409.916943,-8750526724.674059,58919.8852079861
46,2020,3,11,21,29,41.97,17090307.003999997,2855391.13,-20062934.494000003,972.07323,3514.8988499999996,1328.66548,2020-03-11 21:29:41.970,-331737915.25818723,-136356837.75378007,-26406819.41858122,147007155644.63388,-20161341354.475246,-8739945321.668373,58919.89562465277
46,2020,3,11,21,44,41.97,17814793.624,5984969.067,-18696978.792000003,635.57091,3429.6732300000003,1702.40713,2020-03-11 21:44:41.970,-331395627.89030874,-137193520.65508595,-26794997.049453113,147011558061.96475,-20136930627.471584,-8729363630.332136,58919.90604131943
46,2020,3,11,21,59,41.97,18231037.332,9010991.004999999,-17007449.2,288.084,3285.1093499999997,2046.67433,2020-03-11 21:59:41.970,-331051031.611477,-138029231.29904476,-27182983.819494613,147015955695.42703,-20112519229.642296,-8718781650.981632,58919.9164579861
46,2020,3,11,22,14,41.97,18331862.700999998,11881111.888,-15023609.224,-64.34052,3083.73212,2355.48171,2020-03-11 22:14:41.970,-330704129.42268807,-138863964.05366978,-27570777.045540337,147020348544.88135,-20088107161.723812,-8708199383.933165,58919.92687465277
46,2020,3,11,22,29,41.97,18115582.742,14545712.35,-12779835.052000001,-415.57142000000005,2829.0645099999997,2623.47012,2020-03-11 22:29:41.970,-330354924.3429261,-139697713.29830146,-27958374.047491975,147024736610.18784,-20063694424.45273,-8697616829.5031,58919.93729131943
46,2020,3,11,22,44,41.97,17586025.192,16958769.382999998,-10315007.943,-759.5033599999999,2525.56327,2846.00228,2020-03-11 22:44:41.970,-330003419.40910834,-140530473.42366,-28345772.14834592,147029119891.2067,-20039281018.56578,-8687033988.00782,58919.9477079861
46,2020,3,11,22,59,41.97,16752459.788,19078661.251000002,-7671826.583,-1090.1664099999998,2178.5372899999998,3019.24473,2020-03-11 22:59:41.970,-329649617.6760293,-141362238.83189863,-28732968.674221255,147033498387.798,-20014866944.799877,-8676450859.763763,58919.95812465277
46,2020,3,11,23,14,41.97,15629428.142,20868891.772,-4896052.483,-1401.8326299999999,1794.05039,3140.2344200000002,2020-03-11 23:14:41.970,-329293522.2163049,-142193003.93665564,-29119960.954387352,147037872099.82208,-19990452203.892044,-8665867445.087412,58919.96854131943
46,2020,3,11,23,29,41.97,14236479.828,22298720.821,-2035702.786,-1689.11755,1378.8105,3206.92878,2020-03-11 23:29:41.970,-328935136.1203153,-143022763.16310695,-29506746.321291573,147042241027.1387,-19966036796.57945,-8655283744.295282,58919.9789579861
46,2020,3,11,23,44,41.97,12597820.134,23343689.873999998,859794.197,-1947.07467,940.04769,3218.23841,2020-03-11 23:44:41.970,-328574462.4961498,-143851510.94801784,-29893322.110586755,147046605169.60806,-19941620723.599453,-8644699757.70395,58919.98937465277
46,2020,3,11,23,59,41.97,10741876.643,23986033.696,3740464.852,-2171.2810600000003,485.38352000000003,3174.04193,2020-03-11 23:59:41.970,-328211504.48865956,-144679241.69637656,-30279685.640885174,147050964527.08987,-19917203985.68901,-8634115485.629753,58919.99979131943
46,2020,3,12,0,14,41.97,8700792.958,24214972.582,6556662.529,-2357.9125400000003,22.694470000000003,3075.18277,2020-03-12 00:14:41.970,-327846265.20308113,-145505949.95517635,-30665834.294892423,147055319099.44427,-19892786583.586807,-8623530928.38985,58920.0102079861
46,2020,3,12,0,29,41.97,6509861.791999999,24026875.255,9259923.678,-2503.8074699999997,-440.02715,2923.44947,2020-03-12 00:29:41.970,-327478747.81928,-146331630.15279236,-31051765.39775909,147059668886.53104,-19868368518.030083,-8612946086.300684,58920.02062465277
46,2020,3,12,0,44,41.97,4206902.518,23425305.775000002,11803809.471,-2606.51747,-894.814,2721.5377,2020-03-12 00:44:41.970,-327108955.51561004,-147156276.77286172,-31437476.298233293,147064013888.20993,-19843949789.756798,-8602360959.67898,58920.03104131943
46,2020,3,12,0,59,41.97,1831602.7750000001,22420935.024,14144695.341,-2664.3452700000003,-1333.86085,2472.9982800000002,2020-03-12 00:59:41.970,-326736891.48784775,-147979884.31086642,-31822964.34840451,147068354104.3408,-19819530399.505028,-8591775548.841536,58920.0414579861
46,2020,3,12,1,14,41.97,-575169.8280000001,21031335.464,16242512.719,-2676.36886,-1749.6577399999999,2182.17038,2020-03-12 01:14:41.970,-326362558.94913596,-148802447.27418184,-32208226.903730273,147072689534.78308,-19795110348.01303,-8581189854.105167,58920.05187465277
46,2020,3,12,1,29,41.97,-2972071.227,19280658.042999998,18061423.746,-2642.4521099999997,-2135.11612,1854.10225,2020-03-12 01:29:41.970,-325985961.12992436,-149623960.1821279,-32593261.32306285,147077020179.3966,-19770689636.0192,-8570603875.786746,58920.06229131943
46,2020,3,12,1,44,41.97,-5317987.898,17199199.424999997,19570419.656,-2563.2419,-2483.6861200000003,1494.46112,2020-03-12 01:44:41.970,-325607101.27791256,-150444417.56601754,-32978064.968675982,147081346038.04095,-19746268264.262062,-8560017614.203178,58920.0727079861
46,2020,3,12,1,59,41.97,-7572735.466,14822868.292,20743833.858999997,-2440.1524499999996,-2789.4633,1109.43411,2020-03-12 01:59:41.970,-325225982.65799093,-151263813.96920568,-33362635.206291117,147085667110.5756,-19721846233.480328,-8549431069.671444,58920.08312465277
46,2020,3,12,2,14,41.97,-9697737.565,12192560.800999999,21561762.439999998,-2275.33724,-3047.28357,705.62181,2020-03-12 02:14:41.970,-324842608.5521824,-152082143.94713852,-33746969.40510389,147089983396.8601,-19697423544.41287,-8538844242.50853,58920.09354131943
46,2020,3,12,2,29,41.97,-11656674.209,9353456.425,22010386.379,-2071.6494399999997,-3252.80505,289.92662,2020-03-12 02:29:41.970,-324456982.25958437,-152899402.06740153,-34131064.93781038,147094294896.754,-19673000197.79869,-8528257133.031494,58920.1039579861
46,2020,3,12,2,44,41.97,-13416089.647,6354246.296,22082191.438,-1832.5916300000001,-3402.57608,-130.56266,2020-03-12 02:44:41.970,-324069107.09630895,-153715582.90976748,-34514919.180632986,147098601610.11646,-19648576194.376953,-8517669741.557433,58920.11437465277
46,2020,3,12,2,59,41.97,-14945950.512,3246306.854,21776083.23,-1562.25577,-3494.0886400000004,-548.6881099999999,2020-03-12 02:59:41.970,-323678986.3954243,-154530681.06624404,-34898529.51334663,147102903536.8071,-19624151534.887005,-8507082068.4035,58920.12479131943
46,2020,3,12,3,14,41.97,-16220145.944,82832.148,21097396.481,-1265.2544400000002,-3525.8167399999998,-957.3402600000001,2020-03-12 03:14:41.970,-323286623.50689554,-155344691.14112166,-35281893.31930467,147107200676.6851,-19599726220.068314,-8496494113.886871,58920.1352079861
46,2020,3,12,3,29,41.97,-17216922.257999998,-3082061.539,20057798.973,-946.6443399999999,-3497.23951,-1349.5743200000002,2020-03-12 03:29:41.970,-322892021.79752517,-156157607.75102028,-35665007.98546436,147111493029.60977,-19575300250.66051,-8485905878.324799,58920.14562465277
46,2020,3,12,3,44,41.97,-17919245.718999997,-6194244.800000001,18675092.045,-611.8432,-3408.8486,-1718.72352,2020-03-12 03:44:41.970,-322495184.6508931,-156969425.5249361,-36047870.90241262,147115780595.4405,-19550873627.403416,-8475317362.034566,58920.15604131943
46,2020,3,12,3,59,41.97,-18315087.936,-9200483.918,16972910.907,-266.54111,-3262.14011,-2058.50819,2020-03-12 03:59:41.970,-322096115.4672977,-157780139.1042881,-36430479.464391716,147120063374.03632,-19526446351.036972,-8464728565.333501,58920.1664579861
46,2020,3,12,4,14,41.97,-18397629.472,-12049335.352,14980329.374000002,83.39236,-3059.5908999999997,-2363.13886,2020-03-12 04:14:41.970,-321694817.66369474,-158589743.1429642,-36812831.069324404,147124341365.25647,-19502018422.301296,-8454139488.538991,58920.17687465277
46,2020,3,12,4,29,41.97,-18165378.289,-14692012.0,12731374.911,432.0043,-2804.61954,-2627.41218,2020-03-12 04:29:41.970,-321291294.6736387,-159398232.3073668,-37194923.11883916,147128614568.95993,-19477589841.93668,-8443550131.968458,58920.18729131943
46,2020,3,12,4,44,41.97,-17622200.856,-17083207.577,10264461.195,773.3562400000001,-2501.53239,-2846.7980900000002,2020-03-12 04:44:41.970,-320885549.9472209,-160205601.2764585,-37576753.018295534,147132882985.00598,-19453160610.683544,-8432960495.939394,58920.1977079861
46,2020,3,12,4,59,41.97,-16777264.891,-19181865.902000003,7621746.652,1101.62241,-2155.4552,-3017.51692,2020-03-12 04:59:41.970,-320477586.95101047,-161011844.7418072,-37958318.176809005,147137146613.25354,-19428730729.282486,-8422370580.769323,58920.20812465277
46,2020,3,12,5,14,41.97,-15644894.033,-20951882.428,4848428.641000001,1411.18703,-1772.2511000000002,-3136.6051,2020-03-12 05:14:41.970,-320067409.1679929,-161816957.40763065,-38339616.00727594,147141405453.56174,-19404300198.47428,-8411780386.775817,58920.21854131943
46,2020,3,12,5,29,41.97,-14244336.012,-22362726.176,1991984.102,1696.73894,-1358.42589,-3201.9682000000003,2020-03-12 05:29:41.970,-319655020.09750897,-162620933.99084115,-38720643.92639824,147145659505.78943,-19379869018.99983,-8401189914.276505,58920.2289579861
46,2020,3,12,5,44,41.97,-12599447.308,-23389971.172000002,-898631.468,1953.36233,-921.02187,-3212.42032,2020-03-12 05:44:41.970,-319240423.25519454,-163423769.22108963,-39101399.35470821,147149908769.7956,-19355437191.600227,-8390599163.589069,58920.23937465277
46,2020,3,12,5,59,41.97,-10738298.627,-24015727.726,-3773813.924,2176.6216799999997,-467.5017,-3167.7087699999997,2020-03-12 05:59:41.970,-318823622.17291933,-164225457.84080964,-39481879.71659285,147154153245.43918,-19331004717.01672,-8380008135.031225,58920.24979131943
46,2020,3,12,6,14,41.97,-8692706.958,-24228965.305999998,-6584155.718,2362.63974,-5.62396,-3068.52337,2020-03-12 06:14:41.970,-318404620.39872503,-165025994.60526055,-39862082.4403184,147158392932.57895,-19306571595.99072,-8369416828.920765,58920.2602079861
46,2020,3,12,6,29,41.97,-6497701.306,-24025720.378000002,-9281292.397,2508.16671,456.68769999999995,-2916.48985,2020-03-12 06:29:41.970,-317983421.496765,-165825374.28257087,-40242004.95805458,147162627831.0738,-19282137829.26379,-8358825245.5755,58920.27062465277
46,2020,3,12,6,44,41.97,-4190930.486,-23409184.434,-11818735.931,2610.6395500000003,911.4796299999999,-2714.1471699999997,2020-03-12 06:44:41.970,-317560029.0472414,-166623591.65378082,-40621644.70589862,147166857940.7826,-19257703417.57768,-8348233385.313322,58920.28104131943
46,2020,3,12,6,59,41.97,-1812022.557,-22389669.393,-14152680.364,2668.22999,1350.90519,-2464.90877,2020-03-12 06:59:41.970,-317134446.6463443,-167420641.51288542,-41000999.12389949,147171083261.56396,-19233268361.67428,-8337641248.452153,58920.2914579861
46,2020,3,12,7,14,41.97,598093.485,-20984449.696,-16242765.515999999,2679.88021,1767.36134,-2173.0081299999997,2020-03-12 07:14:41.970,-316706677.90618944,-168216518.66687626,-41380065.65608167,147175303793.27676,-19208832662.295654,-8327048835.309982,58920.30187465277
46,2020,3,12,7,29,41.97,2997892.2619999996,-19217482.582000002,-18052784.904,2645.32534,2153.62236,-1843.42946,2020-03-12 07:29:41.970,-316276726.4547569,-169011217.9357829,-41758841.750468895,147179519535.77966,-19184396320.184055,-8316456146.20484,58920.31229131943
46,2020,3,12,7,44,41.97,5345970.623000001,-17119010.317,-19551324.846,2565.10214,2502.96806,-1481.82423,2020-03-12 07:44:41.970,-315844595.9358281,-169804734.15271592,-42137324.859107845,147183730488.9313,-19159959336.081886,-8305863181.454804,58920.3227079861
46,2020,3,12,7,59,41.97,7601767.684,-14725050.311,-20712322.744000003,2440.54343,2809.30424,-1094.41527,2020-03-12 07:59:41.970,-315410290.00892365,-170597062.163906,-42515512.43809176,147187936652.5904,-19135521710.731686,-8295269941.37802,58920.33312465277
46,2020,3,12,8,14,41.97,9726273.413,-12076781.282,-21515533.816999998,2273.75822,3067.27295,-687.8895699999999,2020-03-12 08:14:41.970,-314973812.3492414,-171388196.8287466,-42893401.94758358,147192138026.6155,-19111083444.8762,-8284676426.292673,58920.34354131943
46,2020,3,12,8,29,41.97,11682712.905000001,-9219835.632000001,-21946897.154,2067.59762,3272.35022,-269.28200000000004,2020-03-12 08:29:41.970,-314535166.64759374,-172178133.01983324,-43270990.85183949,147196334610.8653,-19086644539.25835,-8274082636.517017,58920.3539579861
46,2020,3,12,8,44,41.97,13437193.796,-6203510.143,-21998793.653,1825.60708,3420.92954,154.14824,2020-03-12 08:44:41.970,-314094356.61034435,-172966865.62300453,-43648276.6192319,147200526405.1983,-19062204994.62118,-8263488572.369341,58920.36437465277
46,2020,3,12,8,59,41.97,14959304.743,-3079908.766,-21670190.406999998,1551.96559,3510.38905,575.0460400000001,2020-03-12 08:59:41.970,-313651385.95934606,-173754389.53738168,-44025256.72227245,147204713409.47296,-19037764811.70794,-8252894234.167994,58920.37479131943
46,2020,3,12,9,14,41.97,16222653.735,96967.227,-20966668.17,1251.41295,3539.1410699999997,986.09141,2020-03-12 09:14:41.970,-313206258.4318778,-174540699.67540783,-44401928.637634955,147208895623.54794,-19013323991.26204,-8242299622.231378,58920.3852079861
46,2020,3,12,9,29,41.97,17205335.984,3272165.304,-19900330.745,929.16625,3506.66286,1380.13037,2020-03-12 09:29:41.970,-312758977.78058106,-175325790.96288788,-44778289.84617819,147213073047.2817,-18988882534.02704,-8231704736.877958,58920.39562465277
46,2020,3,12,9,44,41.97,17890322.445,6390746.634000001,-18489597.430999998,590.82725,3413.50782,1750.3035300000001,2020-03-12 09:44:41.970,-312309547.77339685,-176109658.3390267,-45154337.832968384,147217245680.53262,-18964440440.746723,-8221109578.426235,58920.40604131943
46,2020,3,12,9,59,41.97,18265761.454,9398752.123,-16758881.936999999,242.28229000000002,3261.29662,2090.16938,2020-03-12 09:59:41.970,-311857972.1935032,-176892296.75646797,-45530070.087301806,147221413523.15927,-18939997712.16496,-8210514147.194783,58920.4164579861
46,2020,3,12,10,14,41.97,18325187.656999998,12244151.555,-14738163.463000001,-110.40335,3052.68854,2393.8202199999996,2020-03-12 10:14:41.970,-311404254.8392503,-177673701.18133268,-45905484.10272715,147225576575.01996,-18915554349.025883,-8199918443.502219,58920.42687465277
46,2020,3,12,10,29,41.97,18067634.206,14877758.094999999,-12462457.797999999,-461.09439000000003,2791.33333,2655.98805,2020-03-12 10:29:41.970,-310948399.524098,-178453866.59325656,-46280577.37706785,147229734835.9731,-18891110352.073708,-8189322467.66722,58920.43729131943
46,2020,3,12,10,44,41.97,17497646.123,17254091.063,-9971198.334,-803.69586,2481.80457,2872.13852,2020-03-12 10:44:41.970,-310490410.07655144,-179232787.98542774,-46655347.4124439,147233888305.87717,-18866665722.05291,-8178726220.008528,58920.4477079861
46,2020,3,12,10,59,41.97,16625194.726000002,19332170.923,-7307538.704,-1132.26231,2129.5159099999996,3038.55086,2020-03-12 10:59:41.970,-310030290.34009844,-180010460.36462426,-47029791.715294145,147238036984.59045,-18842220459.708065,-8168129700.844907,58920.45812465277
46,2020,3,12,11,14,41.97,15465495.012,21076231.821000002,-4517590.301999999,-1441.10386,1740.6219700000001,3152.38242,2020-03-12 11:14:41.970,-309568044.1731439,-180786878.75125057,-47403907.79639802,147242180871.9714,-18817774565.78396,-8157532910.49522,58920.46854131943
46,2020,3,12,11,29,41.97,14038729.832,22456338.770999998,-1649609.208,-1724.8869399999999,1321.9059,3211.71641,2020-03-12 11:29:41.970,-309103675.44894713,-181562038.17937446,-47777693.17089728,147246319967.87814,-18793328041.025528,-8146935849.278356,58920.4789579861
46,2020,3,12,11,44,41.97,12369686.556,23448898.599,1246852.0820000002,-1978.72774,880.65616,3215.5922600000004,2020-03-12 11:44:41.970,-308637188.05555737,-182335933.6967628,-48151145.3583175,147250454272.16916,-18768880886.177902,-8136338517.51327,58920.48937465277
46,2020,3,12,11,59,41.97,10487313.6,24037056.042,4121812.1789999995,-2198.27652,424.53495000000004,3164.0180400000004,2020-03-12 11:59:41.970,-308168585.89574933,-183108560.3649184,-48524261.88258973,147254583784.70267,-18744433101.986378,-8125740915.518976,58920.49979131943
46,2020,3,12,12,14,41.97,8424205.673,24210968.775000002,6925731.525,-2379.79149,-38.55879,3057.96516,2020-03-12 12:14:41.970,-307697872.8869589,-183879913.25911456,-48897040.27207167,147258708505.33682,-18719984689.196434,-8115143043.614539,58920.5102079861
46,2020,3,12,12,29,41.97,6216027.83,23967957.658999998,9610370.457999999,-2520.2007599999997,-500.62916999999993,2899.34569,2020-03-12 12:29:41.970,-307225052.9612195,-184649987.46843076,-49269478.05956891,147262828433.93005,-18695535648.553688,-8104544902.119082,58920.52062465277
46,2020,3,12,12,44,41.97,3900889.387,23312530.967,12129619.377,-2617.15164,-953.7232300000001,2690.9731899999997,2020-03-12 12:44:41.970,-306750130.0650963,-185418778.0957875,-49641572.78235613,147266943570.34064,-18671085980.80401,-8093946491.351792,58920.53104131943
46,2020,3,12,12,59,41.97,1518679.419,22256283.743,14440286.646,-2669.04667,-1390.06808,2436.50816,2020-03-12 12:59:41.970,-306273108.15962267,-186186280.2579811,-50013321.98219773,147271053914.42664,-18646635686.693336,-8083347811.631916,58920.5414579861
46,2020,3,12,13,14,41.97,-889624.019,20817675.734,16502831.021999998,-2675.06596,-1802.2032,2140.3896,2020-03-12 13:14:41.970,-305793991.220235,-186952489.08571783,-50384723.20536899,147275159466.04636,-18622184766.967873,-8072748863.27873,58920.55187465277
46,2020,3,12,13,29,41.97,-3282658.723,19021693.384,18282026.784,-2635.17607,-2183.10549,1807.75414,2020-03-12 13:29:41.970,-305312783.236708,-187717399.72364745,-50755774.00267664,147279260225.05807,-18597733222.37395,-8062149646.61161,58920.56229131943
46,2020,3,12,13,44,41.97,-5619385.059,16899403.228,19747551.205,-2550.12543,-2526.3052199999997,1444.34467,2020-03-12 13:44:41.970,-304829488.21309,-188481007.3303978,-51126471.92947923,147283356191.31992,-18573281053.658096,-8051550161.949959,58920.5727079861
46,2020,3,12,13,59,41.97,-7859782.785999999,14487405.617,20874485.656,-2421.42698,-2825.99132,1056.4100700000001,2020-03-12 13:59:41.970,-304344110.1676376,-189243307.07860702,-51496814.545707755,147287447364.68997,-18548828261.56703,-8040950409.613251,58920.58312465277
46,2020,3,12,14,14,41.97,-9965526.669000002,11827199.029,21643723.233,-2251.32854,-3077.1046100000003,650.5980500000001,2020-03-12 14:14:41.970,-303856653.1327512,-190004294.15495688,-51866799.41588585,147291533745.02667,-18524374846.847595,-8030350389.92102,58920.59354131943
46,2020,3,12,14,29,41.97,-11900630.231999999,8964466.338,22042277.465,-2042.7717900000002,-3275.41782,233.84279999999998,2020-03-12 14:29:41.970,-303367121.15490955,-190763963.76020575,-52236424.10915002,147295615332.188,-18499920810.24688,-8019750103.192848,58920.6039579861
46,2020,3,12,14,44,41.97,-13632047.724,5948295.262,22063488.246,-1799.34056,-3417.60171,-186.75074999999998,2020-03-12 14:44:41.970,-302875518.29460394,-191522311.10922042,-52605686.19926956,147299692126.03198,-18475466152.512104,-8009149549.74839,58920.61437465277
46,2020,3,12,14,59,41.97,-15130225.226,2830345.8759999997,21707122.739,-1525.1996800000002,-3501.2764899999997,-604.02435,2020-03-12 14:59:41.970,-302381848.6262744,-192279331.4310081,-52974583.26466647,147303764126.41708,-18451010874.390663,-7998548729.907355,58920.62479131943
46,2020,3,12,15,14,41.97,-16369592.683999998,-336021.411,20979370.444,-1225.0250600000002,-3525.04821,-1010.88388,2020-03-12 15:14:41.970,-301886116.2382433,-193035019.96874866,-53343112.888435274,147307831333.20123,-18426554976.63018,-7987947643.989503,58920.6352079861
46,2020,3,12,15,29,41.97,-17328989.587,-3496643.697,19892733.132000003,-903.92629,-3488.52971,-1400.41529,2020-03-12 15:29:41.970,-301388325.23264974,-193789371.9798248,-53711272.65836266,147311893746.24258,-18402098459.978405,-7977346292.314674,58920.64562465277
46,2020,3,12,15,44,41.97,-17992017.96,-6597465.3,18465811.715,-567.36273,-3392.3460200000004,-1765.99747,2020-03-12 15:44:41.970,-300888479.7253849,-194542382.7358543,-54079060.16694686,147315951365.3993,-18377641325.183273,-7966744675.2027445,58920.65604131943
46,2020,3,12,15,59,41.97,-18347317.343,-9585445.309,16722993.481,-221.05423,-3238.12416,-2101.4105,2020-03-12 15:59:41.970,-300386583.84602576,-195294047.52271992,-54446473.01141705,147320004190.5295,-18353183572.99292,-7956142792.973667,58920.6664579861
46,2020,3,12,16,14,41.97,-18388757.473,-12409448.965,14694044.481999999,129.11225000000002,-3028.46744,-2400.9379599999997,2020-03-12 16:14:41.970,-299882641.73777014,-196044361.64059934,-54813508.79375267,147324052221.4914,-18328725204.155666,-7945540645.94745,58920.67687465277
46,2020,3,12,16,29,41.97,-18115545.46,-15021109.001999998,12413613.140999999,477.17906999999997,-2766.91444,-2659.46166,2020-03-12 16:29:41.970,-299376657.5573698,-196793320.40399647,-55180165.120702446,147328095458.1432,-18304266219.420006,-7934938234.444165,58920.68729131943
46,2020,3,12,16,44,41.97,-17532245.413,-17375643.36,9920652.445,817.2158400000001,-2457.88317,-2872.54758,2020-03-12 16:44:41.970,-298868635.4750667,-197540919.14176992,-55546439.603803456,147332133900.34262,-18279806619.534595,-7924335558.783935,58920.6977079861
46,2020,3,12,16,59,41.97,-16648709.668,-19432616.119999997,7257769.339000001,1143.4176400000001,-2106.60086,-3036.52153,2020-03-12 16:59:41.970,-298358579.6745255,-198287153.19716278,-55912329.85939973,147336167547.94812,-18255346405.24827,-7913732619.286953,58920.70812465277
46,2020,3,12,17,14,41.97,-15479922.054000001,-21156629.109,4470511.144,1450.2020499999999,-1719.02024,-3148.53319,2020-03-12 17:14:41.970,-297846494.3527679,-199032017.92783207,-56277833.508661196,147340196400.81778,-18230885577.31009,-7903129416.273475,58920.71854131943
46,2020,3,12,17,29,41.97,-14045754.974,-22517932.429,1606599.952,1732.30341,-1301.72329,-3206.60748,2020-03-12 17:29:41.970,-297332383.7201074,-199775508.70587638,-56642948.17760215,147344220458.80975,-18206424136.46928,-7892525950.063815,58920.7289579861
46,2020,3,12,17,44,41.97,-12370643.409,-23492943.174,-1284873.007,1984.86287,-861.81366,-3209.68198,2020-03-12 17:44:41.970,-296816252.00008285,-200517620.91786537,-57007671.49709967,147348239721.78192,-18181962083.475185,-7881922220.978345,58920.73937465277
46,2020,3,12,17,59,41.97,-10483180.413,-24064662.838,-4154280.1310000005,2203.51261,-406.79940999999997,-3157.6296899999998,2020-03-12 17:59:41.970,-296298103.42939305,-201258349.96486723,-57372001.10291196,147352254189.59262,-18157499419.07743,-7871318229.337507,58920.74979131943
46,2020,3,12,18,14,41.97,-8415639.993999999,-24222985.345000003,-6952303.718,2384.45266,55.53247,-3051.26616,2020-03-12 18:14:41.970,-295777942.2578293,-201997691.26247635,-57735934.63569653,147356263862.10004,-18133036144.025738,-7860713975.461797,58920.7602079861
46,2020,3,12,18,29,41.97,-6203434.667,-23964889.319999997,-9630781.578,2524.5190599999996,517.24752,-2892.34085,2020-03-12 18:29:41.970,-295255772.7482111,-202735640.2408413,-58099469.74102824,147360268739.16214,-18108572259.07011,-7850109459.67178,58920.77062465277
46,2020,3,12,18,44,41.97,-3884516.241,-23294510.055,-12143537.545,2621.24165,970.39927,-2683.5122,2020-03-12 18:44:41.970,-294731599.1763184,-203472192.34469116,-58462604.069417134,147364268820.63715,-18084107764.960613,-7839504682.288083,58920.78104131943
46,2020,3,12,18,59,41.97,-1498729.547,-22223088.636,-14447182.38,2672.8906,1407.16641,-2428.30681,2020-03-12 18:59:41.970,-294205425.83082616,-204207343.0333627,-58825335.27632628,147368264106.38324,-18059642662.447598,-7828899643.631389,58920.7914579861
46,2020,3,12,19,14,41.97,912870.128,-20768797.825000003,-16501870.834,2678.51041,1819.98905,-2131.06293,2020-03-12 19:14:41.970,-293677257.0132386,-204941087.78082693,-59187661.02218941,147372254596.2585,-18035176952.281536,-7818294344.022452,58920.80187465277
46,2020,3,12,19,29,41.97,3308724.2879999997,-18956446.51,-18272001.121,2637.9406599999998,2201.70191,-1796.85916,2020-03-12 19:29:41.970,-293147097.03782207,-205673422.075715,-59549578.97242837,147376240290.1211,-18010710635.21312,-7807688783.782087,58920.81229131943
46,2020,3,12,19,44,41.97,5647490.9120000005,-16817066.769,-19726843.891,2551.82278,2545.6615899999997,-1431.42926,2020-03-12 19:44:41.970,-292614950.2315382,-206404341.42134383,-59911086.79747062,147380221187.8292,-17986243711.9932,-7797082963.231167,58920.8227079861
46,2020,3,12,19,59,41.97,7888763.872,-14387389.794,-20841088.852,2421.59266,2845.86583,-1041.06458,2020-03-12 19:59:41.970,-292080820.93397945,-207133841.33574218,-60272182.17276632,147384197289.241,-17961776183.37283,-7786476882.690636,58920.83312465277
46,2020,3,12,20,14,41.97,9993779.205,-11709219.116,-21595298.526,2249.45885,3097.06217,-632.5056,2020-03-12 20:14:41.970,-291544713.4973015,-207861917.3516752,-60632862.77880563,147388168594.21457,-17937308050.10325,-7775870542.481503,58920.84354131943
46,2020,3,12,20,29,41.97,11926095.401,-8828711.551,-21976260.207,2038.3666699999999,3294.84393,-212.82446,2020-03-12 20:29:41.970,-291006632.2861564,-208588565.01666963,-60993126.30113546,147392135102.60815,-17912839312.935867,-7765263942.924831,58920.8539579861
46,2020,3,12,20,44,41.97,13652235.196,-5795578.222,-21977228.987,1791.94866,3435.7315700000004,210.69929000000002,2020-03-12 20:44:41.970,-290466581.6776271,-209313779.89303818,-61352970.43037652,147396096814.28018,-17888369972.6223,-7754657084.341757,58920.86437465277
46,2020,3,12,20,59,41.97,15142276.918,-2662219.626,-21598056.637999997,1514.4621599999998,3517.23761,630.70764,2020-03-12 20:59:41.970,-289924566.06116056,-210037557.5579039,-61712392.86223992,147400053729.08862,-17863900029.914326,-7744049967.053476,58920.87479131943
46,2020,3,12,21,14,41.97,16370384.234,517189.80999999994,-20845203.314,1210.71507,3537.9137699999997,1039.8952100000001,2020-03-12 21:14:41.970,-289380589.8385014,-210759893.6032237,-62071391.29754376,147404005846.8917,-17839429485.56393,-7733442591.381251,58920.8852079861
46,2020,3,12,21,29,41.97,17315264.237999998,3687651.1300000004,-19731631.203,885.98107,3497.37912,1431.14005,2020-03-12 21:29:41.970,-288834657.4236252,-211480783.63581243,-62429963.44222966,147407953167.54782,-17814958340.323257,-7722834957.64641,58920.89562465277
46,2020,3,12,21,44,41.97,17960545.075999998,6794306.822,-18276581.568,545.90587,3396.32868,1797.63157,2020-03-12 21:44:41.970,-288286773.242672,-212200223.27736574,-62788107.007379025,147411895690.9151,-17790486594.944675,-7712227066.170345,58920.90604131943
46,2020,3,12,21,59,41.97,18295065.838,9783405.493,-16505238.901,196.40631,3236.5219,2132.9930099999997,2020-03-12 21:59:41.970,-287736941.7338803,-212918208.16448322,-63145819.70922916,147415833416.85187,-17766014250.180717,-7701618917.274511,58920.9164579861
46,2020,3,12,22,14,41.97,18313073.093,12603247.294,-14448288.182,-156.43585,3020.75146,2431.39615,2020-03-12 22:14:41.970,-287185167.34751934,-213634733.94869086,-63503099.26918946,147419766345.2164,-17741541306.784084,-7691010511.280434,58920.92687465277
46,2020,3,12,22,29,41.97,18014320.306,15205092.43,-12141373.36,-506.48318000000006,2752.79258,2687.66574,2020-03-12 22:29:41.970,-286631454.5458236,-214349796.29646358,-63859943.41385723,147423694475.86697,-17717067765.50772,-7680401848.509695,58920.93729131943
46,2020,3,12,22,44,41.97,17404068.282,17544015.779000003,-9624467.216,-847.65292,2437.33414,2897.37162,2020-03-12 22:44:41.970,-286075807.8029257,-215063390.889247,-64216349.87503353,147427617808.66193,-17692593627.1047,-7669792929.2839575,58920.9477079861
46,2020,3,12,22,59,41.97,16492986.79,19579691.717,-6941164.525,-1174.02585,2079.89275,3056.90681,2020-03-12 22:59:41.970,-285518231.60478985,-215775513.42347953,-64572316.38973881,147431536343.45966,-17668118892.328312,-7659183753.924933,58920.95812465277
46,2020,3,12,23,14,41.97,15296959.521000002,21277094.726,-4137911.9689999996,-1479.95187,1686.71182,3163.54974,2020-03-12 23:14:41.970,-284958730.44914603,-216486159.6106132,-64927840.70022836,147435450080.11844,-17643643561.932026,-7648574322.754411,58920.96854131943
46,2020,3,12,23,29,41.97,13836796.461,22607103.1,-1263189.442,-1760.14985,1264.6475699999999,3215.50987,2020-03-12 23:29:41.970,-284397308.8454219,-217195325.17713496,-65282920.55400795,147439359018.49667,-17619167636.66953,-7637964636.09424,58920.9789579861
46,2020,3,12,23,44,41.97,12137859.592,23546995.168,1633341.743,-2009.80003,821.04459,3211.95554,2020-03-12 23:44:41.970,-283833971.3146772,-217903005.8645876,-65637553.703848764,147443263158.4528,-17594691117.29463,-7627354694.266338,58920.98937465277
46,2020,3,12,23,59,41.97,10229609.506000001,24080829.719,4501707.7870000005,-2224.62715,363.60341,3153.02418,2020-03-12 23:59:41.970,-283268722.3895367,-218609197.42959002,-65991737.90780281,147447162499.8453,-17570214004.5614,-7616744497.592694,58920.99979131943
46,2020,3,13,0,14,41.97,8145081.7809999995,24199705.643000003,7292493.318,-2400.9726800000003,-99.75713999999999,3039.81437,2020-03-13 00:14:41.970,-282701566.6141244,-219313895.64385736,-66345470.92921767,147451057042.53247,-17545736299.224056,-7606134046.395353,58921.0102079861
46,2020,3,13,0,29,41.97,5920304.5430000005,23901891.886,9957692.816000002,-2535.8554999999997,-561.0395299999999,2874.36161,2020-03-13 00:29:41.970,-282132508.5439959,-220017096.29422075,-66698750.53675164,147454946786.3728,-17521258002.037014,-7595523340.996442,58921.02062465277
46,2020,3,13,0,44,41.97,3593665.225,23192840.737,12451541.99,-2627.01921,-1012.3077000000001,2659.59609,2020-03-13 00:44:41.970,-281561552.74607205,-220718795.18264705,-67051574.50438827,147458831731.2249,-17496779113.75489,-7584912381.718139,58921.03104131943
46,2020,3,13,0,59,41.97,1205242.6989999998,22085067.062,14731294.937,-2672.96652,-1445.8234,2399.2867499999998,2020-03-13 00:59:41.970,-280988703.7985729,-221418988.12625825,-67403940.61145101,147462711876.94727,-17472299635.132454,-7574301168.882694,58921.0414579861
46,2020,3,13,1,14,41.97,-1203886.436,20597911.586999997,16757949.34,-2672.9798499999997,-1854.17766,2097.97097,2020-03-13 01:14:41.970,-280413966.2909502,-222117670.95734945,-67755846.64261778,147466587223.3983,-17447819566.924725,-7563689702.812437,58921.05187465277
46,2020,3,13,1,29,41.97,-3592353.773,18757188.104000002,18496901.819,-2627.1283799999997,-2230.4147799999996,1760.8721300000002,2020-03-13 01:29:41.970,-279837344.8238217,-222814839.5234084,-68107290.38793513,147470457770.43668,-17423338909.886852,-7553077983.829749,58921.06229131943
46,2020,3,13,1,44,41.97,-5919205.357,16594723.191000002,19918524.349,-2536.2618,-2568.14697,1393.80697,2020-03-13 01:44:41.970,-279258844.00890434,-223510489.68713355,-68458269.64283262,147474323517.92096,-17398857664.774216,-7542466012.257088,58921.0727079861
46,2020,3,13,1,59,41.97,-8144596.517,14147797.538999999,20998653.241,-2401.99129,-2861.6580599999998,1003.08423,2020-03-13 01:59:41.970,-278678468.4689468,-224204617.32645178,-68808782.20813699,147478184465.70978,-17374375832.34235,-7531853788.416975,58921.08312465277
46,2020,3,13,2,14,41.97,-10230464.051,11458499.338,21718983.817,-2226.65832,-3105.99507,595.39673,2020-03-13 02:14:41.970,-278096222.8376645,-224897218.33453625,-69158825.89008571,147482040613.66187,-17349893413.347034,-7521241312.631996,58921.09354131943
46,2020,3,13,2,29,41.97,-12141165.189,8573001.189000001,22067365.542,-2013.2921800000001,-3297.0464,177.70838,2020-03-13 02:29:41.970,-277512111.7596719,-225588288.61982384,-69508398.5003414,147485891961.63574,-17325410408.544197,-7510628585.224825,58921.1039579861
46,2020,3,13,2,44,41.97,-13844073.529,5540772.8889999995,22037993.976999998,-1765.5569799999998,-3431.60604,-242.8618,2020-03-13 02:44:41.970,-276926139.8904162,-226277824.10603228,-69857497.85600483,147489738509.4903,-17300926818.689953,-7500015606.518174,58921.11437465277
46,2020,3,13,2,59,41.97,-15310122.968,2413743.042,21631497.509,-1487.68923,-3507.42297,-659.1572799999999,2020-03-13 02:59:41.970,-276338311.89611095,-226965820.7321766,-70206121.77962917,147493580257.08417,-17276442644.540623,-7489402376.834847,58921.12479131943
46,2020,3,13,3,14,41.97,-16514291.539,-754577.052,20854918.257000003,-1184.4269199999999,-3523.23555,-1064.10132,2020-03-13 03:14:41.970,-275748632.45367026,-227652274.45258594,-70554268.09923288,147497417204.2762,-17251957886.85273,-7478788896.49771,58921.1352079861
46,2020,3,13,3,29,41.97,-17436018.0,-3909993.484,19721588.042,-860.93116,-3478.79037,-1450.81259,2020-03-13 03:29:41.970,-275157106.25064075,-228337181.23691955,-70901934.64831342,147501249350.92505,-17227472546.38295,-7468175165.82969,58921.14562465277
46,2020,3,13,3,44,41.97,-18059544.966000002,-6998539.824,18250901.680999998,-522.7015,-3374.8456,-1812.71745,2020-03-13 03:44:41.970,-274563737.9851367,-229020537.07018292,-71249119.26586019,147505076696.8898,-17202986623.888214,-7457561185.153797,58921.15604131943
46,2020,3,13,3,59,41.97,-18374183.408,-9967383.195,16467991.224000001,-175.48604,-3213.15873,-2143.65758,2020-03-13 03:59:41.970,-273968532.36577314,-229702337.95274305,-71595819.79636759,147508899242.0291,-17178500120.125574,-7446946954.7931,58921.1664579861
46,2020,3,13,4,14,41.97,-18374494.35,-12765712.325000001,14403306.089,174.81245,-2996.45883,-2437.9912400000003,2020-03-13 04:14:41.970,-273371494.1115989,-230382579.90034378,-71942034.08984795,147512716986.202,-17154013035.85234,-7436332475.070737,58921.17687465277
46,2020,3,13,4,29,41.97,-18060384.727,-15345593.752999999,12092105.331999999,522.2331999999999,-2728.4035599999997,-2690.6869699999997,2020-03-13 04:29:41.970,-272772627.9520312,-231061258.944121,-72287760.00184464,147516529929.2674,-17129525371.825947,-7425717746.309918,58921.18729131943
46,2020,3,13,4,44,41.97,-17437115.502,-17662782.658,9573869.606,860.85554,-2413.52139,-2897.4081800000004,2020-03-13 04:44:41.970,-272171938.6267887,-231738371.13061723,-72632995.39344409,147520338071.08426,-17105037128.804073,-7415102768.833926,58921.1977079861
46,2020,3,13,4,59,41.97,-16515221.35,-19677475.22,6891641.561000001,1184.8970700000002,-2057.1396,-3054.58733,2020-03-13 04:59:41.970,-271569430.8858254,-232413912.52179578,-72977738.1312889,147524141411.51175,-17080548307.544563,-7404487542.96611,58921.20812465277
46,2020,3,13,5,14,41.97,-15310342.543000001,-21354990.075999998,4091304.673,1488.81036,-1665.29884,-3159.48838,2020-03-13 05:14:41.970,-270965109.48926455,-233087879.1950555,-73321986.08758995,147527939950.4087,-17056058908.805473,-7393872069.029889,58921.21854131943
46,2020,3,13,5,29,41.97,-13842970.933,-22666367.24,1220811.606,1767.3768400000001,-1244.65537,-3210.2563,2020-03-13 05:29:41.970,-270358979.20733225,-233760267.24324366,-73665737.14013885,147531733687.6344,-17031568933.345045,-7383256347.348754,58921.2289579861
46,2020,3,13,5,44,41.97,-12138113.397,-23588873.909,-1670625.798,2015.7961599999999,-802.37211,-3205.95264,2020-03-13 05:44:41.970,-269751044.8202917,-234431072.7746704,-74008989.17231989,147535522623.04785,-17007078381.921692,-7372640378.246261,58921.23937465277
46,2020,3,13,5,59,41.97,-10224877.413,-24106407.824,-4533371.873,2229.76953,-346.00022,-3146.5762,2020-03-13 05:59:41.970,-269141311.11837626,-235100291.91312122,-74351740.07312219,147539306756.5084,-16982587255.294054,-7362024162.046038,58921.24979131943
46,2020,3,13,6,14,41.97,-8135984.901,-24209790.342,-7318214.137,2405.57557,116.64723000000001,-3033.06812,2020-03-13 06:14:41.970,-268529782.9017246,-235767920.7978705,-74693987.73715173,147543086087.87515,-16958095554.220945,-7351407699.071789,58921.2602079861
46,2020,3,13,6,29,41.97,-5907221.754,-23896943.055,-9977207.731,2540.1371400000003,577.6274099999999,-2867.3010400000003,2020-03-13 06:29:41.970,-267916464.98031354,-236433955.58369374,-75035730.06464279,147546860617.00745,-16933603279.461369,-7340790989.647279,58921.27062465277
46,2020,3,13,6,44,41.97,-3576831.7860000003,-23172943.665,-12464502.825,2631.07783,1029.00351,-2652.0521000000003,2020-03-13 06:44:41.970,-267301362.1738924,-237098392.44088036,-75376964.96146983,147550630343.7645,-16909110431.774534,-7330174034.096354,58921.28104131943
46,2020,3,13,6,59,41.97,-1184864.961,-22049958.853,-14737140.504,2676.76685,1462.98189,-2390.95994,2020-03-13 06:59:41.970,-266684479.31191757,-237761227.55524495,-75717690.33915901,147554395268.00565,-16884617011.919851,-7319556832.742926,58921.2914579861
46,2020,3,13,7,14,41.97,1227509.2210000001,-20547054.02,-16755802.939000001,2676.35142,1872.04816,-2088.46621,2020-03-13 07:14:41.970,-266065821.23348603,-238422457.12814024,-76057904.1148995,147558155389.59048,-16860123020.656887,-7308939385.9109745,58921.30187465277
46,2020,3,13,7,29,41.97,3618711.464,-18689882.007,-18485504.192,2629.77567,2249.0996,-1749.74231,2020-03-13 07:29:41.970,-265445392.7872697,-239082077.3764676,-76397604.21155468,147561910708.37823,-16835628458.745432,-7298321693.924549,58921.31229131943
46,2020,3,13,7,44,41.97,5947473.205999999,-16510255.128,-19896208.864,2537.78564,2587.5716500000003,-1380.6024699999998,2020-03-13 07:44:41.970,-264823198.83144987,-239740084.5326887,-76736788.55767347,147565661224.22855,-16811133326.945467,-7287703757.107781,58921.3227079861
46,2020,3,13,7,59,41.97,8173555.210000001,-14045607.06,-20963366.887000002,2401.91993,2881.55577,-987.4046199999999,2020-03-13 07:59:41.970,-264199244.23365098,-240396474.84483677,-77075455.08750126,147569406937.00095,-16786637626.017176,-7277085575.784864,58921.33312465277
46,2020,3,13,8,14,41.97,10258451.311,-11338353.31,-21668354.161,2224.48608,3125.90661,-576.94057,2020-03-13 08:14:41.970,-263573533.87087575,-241051244.57652634,-77413601.74099065,147573147846.5549,-16762141356.720901,-7266467150.280065,58921.34354131943
46,2020,3,13,8,29,41.97,12166064.506000001,-8435160.943,-21998810.311,2008.5228000000002,3316.33612,-156.31754,2020-03-13 08:29:41.970,-262946072.62943858,-241704390.0069645,-77751226.46381243,147576883952.7501,-16737644519.817217,-7255848480.91772,58921.3539579861
46,2020,3,13,8,44,41.97,13863342.934,-5386140.155,-21948866.698999997,1757.7487199999998,3449.49281,267.16688999999997,2020-03-13 08:44:41.970,-262316865.40490082,-242355907.4309607,-78088327.20736626,147580615255.4463,-16713147116.066887,-7245229568.02224,58921.36437465277
46,2020,3,13,8,59,41.97,15320863.881,-2243971.88,-21519259.757,1476.4983,3523.0243899999996,686.1541500000001,2020-03-13 08:59:41.970,-261685917.10200498,-243005793.1589362,-78424901.92879078,147584341754.50308,-16688649146.230839,-7234610411.918111,58921.37479131943
46,2020,3,13,9,14,41.97,16513354.797,937012.968,-20717326.9,1169.64614,3535.62243,1093.35586,2020-03-13 09:14:41.970,-261053232.63460904,-243654043.5169344,-78760948.59097447,147588063449.7805,-16664150611.07022,-7223991012.929884,58921.3852079861
46,2020,3,13,9,29,41.97,17420141.404000003,4101785.949,-19556884.452999998,842.5209,3487.04793,1481.68438,2020-03-13 09:29:41.970,-260418816.92562163,-244300654.84662926,-79096465.16256565,147591780341.13818,-16639651511.346375,-7213371371.382179,58921.39562465277
46,2020,3,13,9,44,41.97,18025514.3,7195587.756,-18057989.353,500.81055,3378.13728,1844.38014,2020-03-13 09:44:41.970,-259782674.90693602,-244945623.50533503,-79431449.6179828,147595492428.436,-16615151847.820822,-7202751487.599703,58921.40604131943
46,2020,3,13,9,59,41.97,18319006.990000002,10164891.220999999,-16246588.637,150.46058000000002,3210.78818,2175.13325,2020-03-13 09:59:41.970,-259144811.51936576,-245588945.86601424,-79765899.93742438,147599199711.5339,-16590651621.255308,-7192131361.90722,58921.4164579861
46,2020,3,13,10,14,41.97,18295579.946999997,12958342.703,-14154063.015,-202.43266,2987.9257199999997,2468.19689,2020-03-13 10:14:41.970,-258505231.71257886,-246230618.3172869,-80099814.10687892,147602902190.2921,-16566150832.411741,-7181510994.629574,58921.42687465277
46,2020,3,13,10,29,41.97,17955707.2,15527664.294,-11816672.914,-551.73155,2713.4493599999996,2718.49021,2020-03-13 10:29:41.970,-257863940.44503242,-246870637.26343808,-80433190.11813462,147606599864.5704,-16541649482.052225,-7170890386.091673,58921.43729131943
46,2020,3,13,10,44,41.97,17305363.845,17828499.983999997,-9274917.411,-891.36742,2392.16166,2921.68876,2020-03-13 10:44:41.970,-257220942.68390888,-247508999.1244258,-80766025.96878913,147610292734.22906,-16517147570.939072,-7160269536.618511,58921.4477079861
46,2020,3,13,10,59,41.97,16355914.898,19821190.059,-6572818.166,-1215.44921,2029.6803300000001,3074.3004100000003,2020-03-13 10:59:41.970,-256576243.40504962,-248145700.33588916,-81098319.6622591,147613980799.1282,-16492645099.83481,-7149648446.535145,58921.45812465277
46,2020,3,13,11,14,41.97,15123907.896,21471459.527,-3757142.011,-1518.36833,1632.33544,3173.72555,2020-03-13 11:14:41.970,-255929847.59289107,-248780737.34915525,-81430069.2077895,147617664059.1281,-16468142069.50211,-7139027116.166707,58921.46854131943
46,2020,3,13,11,29,41.97,13630773.555,22751008.156,-876576.935,-1794.89776,1207.05398,3218.30029,2020-03-13 11:29:41.970,-255281760.24039912,-249414106.63124663,-81761272.62046276,147621342514.089,-16443638480.70388,-7128405545.838401,58921.4789579861
46,2020,3,13,11,44,41.97,11902440.663999999,23637991.819,2019122.912,-2040.28329,761.2342199999999,3207.32207,2020-03-13 11:44:41.970,-254631986.34900534,-250045804.6648874,-82091927.92120847,147625016163.87122,-16419134334.20321,-7117783735.875501,58921.48937465277
46,2020,3,13,11,59,41.97,9968872.950000001,24117387.152,4880007.229,-2250.3253499999996,302.61246000000006,3141.05735,2020-03-13 11:59:41.970,-253980530.92854133,-250675827.9485106,-82422033.13681182,147628685008.33514,-16394629630.76339,-7107161686.603369,58921.49979131943
46,2020,3,13,12,14,41.97,7863537.159,24181233.947,7656798.517999999,-2421.44987,-160.87497000000002,3020.73167,2020-03-13 12:14:41.970,-253327398.9971749,-251304172.99626404,-82751586.29992293,147632349047.34125,-16370124371.147879,-7096539398.347418,58921.5102079861
46,2020,3,13,12,29,41.97,5622812.691,23828752.213,10301744.258000001,-2550.7671,-621.23172,2848.50242,2020-03-13 12:29:41.970,-252672595.5813451,-251930836.33801654,-83080585.44906536,147636008280.75012,-16345618556.120382,-7085916871.43315,58921.52062465277
46,2020,3,13,12,44,41.97,3285354.0579999997,23066333.299000002,12769437.268,-2636.11753,-1070.5408599999998,2627.41554,2020-03-13 12:44:41.970,-252016125.71569827,-252555814.51936314,-83409028.62864506,147639662708.42236,-16321112186.444735,-7075294106.1861315,58921.53104131943
46,2020,3,13,12,59,41.97,891418.044,21907406.847,15017590.138,-2676.1043600000003,-1501.10097,2361.34702,2020-03-13 12:59:41.970,-251357994.44302326,-253179104.10163167,-83736913.8889588,147643312330.2185,-16296605262.885025,-7064671102.932007,58921.5414579861
46,2020,3,13,13,14,41.97,-1517832.259,20372187.571,17007750.894,-2670.11237,-1905.5567,2054.931,2020-03-13 13:14:41.970,-250698206.81418732,-253800701.66188663,-84064239.2862027,147646957145.99933,-16272097786.205505,-7054047861.996496,58921.55187465277
46,2020,3,13,13,29,41.97,-3901034.2649999997,18487307.853,18705948.404,-2618.31322,-2277.02165,1713.47591,2020-03-13 13:29:41.970,-250036767.88807225,-254420603.79293573,-84391002.8824804,147650597155.62567,-16247589757.170631,-7043424383.705383,58921.56229131943
46,2020,3,13,13,44,41.97,-6217331.497,16285343.966,20083257.623,-2521.65754,-2609.19158,1342.8704300000002,2020-03-13 13:44:41.970,-249373682.73150986,-255038807.10333264,-84717202.74581148,147654232358.95834,-16223081176.545053,-7032800668.384536,58921.5727079861
46,2020,3,13,13,59,41.97,-8427066.259,13804245.204,21116276.367,-2381.85418,-2896.44671,949.48125,2020-03-13 13:59:41.970,-248708956.41921842,-255655308.21738353,-85042836.95013934,147657862755.85812,-16198572045.09362,-7022176716.359892,58921.58312465277
46,2020,3,13,14,14,41.97,-10492448.224,11086676.529000001,21787506.959,-2201.33759,-3133.94145,540.04424,2020-03-13 14:14:41.970,-248042594.03373867,-256270103.7751498,-85367903.57533945,147661488346.1862,-16174062363.58138,-7011552527.95746,58921.59354131943
46,2020,3,13,14,29,41.97,-12378188.465,8179286.3440000005,22085637.738,-1983.2237699999998,-3317.68086,121.55102,2020-03-13 14:29:41.970,-247374600.6653695,-256883190.4324527,-85692400.70722695,147665109129.80344,-16149552132.77355,-7000928103.503328,58921.6039579861
46,2020,3,13,14,44,41.97,-14052089.213,5131911.817,22005721.014,-1731.2561,-3444.58289,-298.86741,2020-03-13 14:44:41.970,-246704981.41210535,-257494564.86087656,-86016326.4375645,147668725106.57117,-16125041353.43558,-6990303443.323656,58921.61437465277
46,2020,3,13,14,59,41.97,-15485580.476,1996734.8090000001,21549245.609,-1449.74161,-3512.52583,-714.05831,2020-03-13 14:59:41.970,-246033741.37957132,-258104223.7477729,-86339678.86406985,147672336276.35046,-16100530026.333088,-6979678547.744673,58921.62479131943
46,2020,3,13,15,14,41.97,-16654195.562,-1172598.108,20724103.615,-1143.47906,-3520.38057,-1116.9643600000002,2020-03-13 15:14:41.970,-245360885.68096069,-258712163.79626304,-86662456.09042352,147675942639.00238,-16076018152.231913,-6969053417.092687,58921.6352079861
46,2020,3,13,15,29,41.97,-17537978.452999998,-4321877.738999999,19544452.437,-817.67966,-3468.0274600000002,-1500.73892,2020-03-13 15:29:41.970,-244686419.43697104,-259318381.72524095,-86984656.22627603,147679544194.3885,-16051505731.898058,-6958428051.694083,58921.64562465277
46,2020,3,13,15,44,41.97,-18121816.991,-7397242.499,18030474.57,-477.88163000000003,-3356.35752,-1858.85779,2020-03-13 15:44:41.970,-244010347.77574086,-259922874.26937684,-87306277.3872551,147683140942.37018,-16026992766.09774,-6947802451.875317,58921.65604131943
46,2020,3,13,15,59,41.97,-18395696.792,-10346082.761,16208038.927,-129.85970999999998,-3187.25816,-2185.2259900000004,2020-03-13 15:59:41.970,-243332675.83278674,-260525638.17911848,-87627317.69497314,147686732882.80865,-16002479255.597366,-6937176617.962915,58921.6664579861
46,2020,3,13,16,14,41.97,-18354871.916,-13117925.332999999,14108268.829,220.46919,-2963.5833900000002,-2474.27816,2020-03-13 16:14:41.970,-242653408.7509398,-261126670.22069395,-87947775.2770339,147690320015.56586,-15977965201.16355,-6926550550.283483,58921.67687465277
46,2020,3,13,16,29,41.97,-17999949.351,-15665284.295,11767023.103,567.14286,-2689.10884,-2721.07101,2020-03-13 16:29:41.970,-241972551.68028268,-261725967.17611343,-88267648.26703975,147693902340.50314,-15953450603.563086,-6915924249.163701,58921.68729131943
46,2020,3,13,16,44,41.97,-17336885.611,-17944464.703,9224297.958999999,904.25208,-2368.4721299999997,-2921.36667,2020-03-13 16:44:41.970,-241290109.77808732,-262323525.8431712,-88586934.80459827,147697479857.4823,-15928935463.56297,-6905297714.93032,58921.6977079861
46,2020,3,13,16,59,41.97,-16376894.903,-19916306.173,6523558.600000001,1226.0385700000002,-2007.0990000000002,-3071.70531,2020-03-13 16:59:41.970,-240606088.20875123,-262919343.03544676,-88905633.03532904,147701052566.365,-15904419781.93039,-6894670947.910168,58921.70812465277
46,2020,3,13,17,14,41.97,-15136269.649,-21546853.994000003,3711010.6810000003,1526.99155,-1611.11629,-3169.4659399999996,2020-03-13 17:14:41.970,-239920492.14373544,-263513415.582306,-89223741.11087027,147704620467.01306,-15879903559.43274,-6884043948.430152,58921.71854131943
46,2020,3,13,17,29,41.97,-13636115.464,-22807946.273000002,834822.843,1801.94103,-1187.2526,-3212.91417,2020-03-13 17:29:41.970,-239233326.76150158,-264105740.3289027,-89541257.1888852,147708183559.28864,-15855386796.837597,-6873416716.817247,58921.7289579861
46,2020,3,13,17,44,41.97,-11902004.104,-23677706.691999998,-2055687.423,2046.14656,-742.72807,-3201.23576,2020-03-13 17:44:41.970,-238544597.2474495,-264696314.1361783,-89858179.43306854,147711741843.05347,-15830869494.91274,-6862789253.398506,58921.73937465277
46,2020,3,13,17,59,41.97,-9963549.251,-24140933.707,-4910891.495,2255.3796899999998,-285.13477,-3134.55537,2020-03-13 17:59:41.970,-237854308.7938546,-265285133.88086352,-90174506.01315264,147715295318.16977,-15806351654.42614,-6852161558.501053,58921.74979131943
46,2020,3,13,18,14,41.97,-7853911.425,-24189378.572,-7681697.1219999995,2425.99873,177.69045,-3013.93946,2020-03-13 18:14:41.970,-237162466.5998064,-265872196.45547786,-90490235.1049138,147718843984.4996,-15781833276.145962,-6841533632.452093,58921.7602079861
46,2020,3,13,18,29,41.97,-5609239.639,-23821906.233000003,-10320391.452,2555.0143799999996,637.79869,-2841.38337,2020-03-13 18:29:41.970,-236469075.87114564,-266457498.76832962,-90805364.89017804,147722387841.9053,-15757314360.84058,-6830905475.578903,58921.77062465277
46,2020,3,13,18,44,41.97,-3268058.667,-23044535.078,-12781465.088000001,2640.1447,1087.2651600000002,-2619.78214,2020-03-13 18:44:41.970,-235774141.82040206,-267041037.74351618,-91119893.55682726,147725926890.24915,-15732794909.278547,-6820277088.208836,58921.78104131943
46,2020,3,13,18,59,41.97,-870611.947,-21870353.531,-15022402.703,2679.85856,1518.32627,-2352.88541,2020-03-13 18:59:41.970,-235077669.6667332,-267622810.32092294,-91433819.29880507,147729461129.39346,-15708274922.228611,-6809648470.669319,58921.7914579861
46,2020,3,13,19,14,41.97,1541828.884,-20319313.689999998,-17004426.077,2673.40622,1923.51538,-2045.2368700000002,2020-03-13 19:14:41.970,-234379664.63586223,-268202813.4562232,-91747140.31612228,147732990559.20068,-15683754400.459726,-6799019623.287849,58921.80187465277
46,2020,3,13,19,29,41.97,3927676.006,-18417904.376,-18693175.998,2620.8364899999997,2295.7945799999998,-1702.09915,2020-03-13 19:29:41.970,-233680131.96001574,-268781044.1208768,-92059854.81486258,147736515179.53363,-15659233344.741037,-6788390546.392013,58921.81229131943
46,2020,3,13,19,44,41.97,6245746.577,-16198708.257000001,-20059320.359,2522.9998400000004,2628.68015,-1329.36515,2020-03-13 19:44:41.970,-232979076.87786338,-269357499.3021294,-92371961.00718814,147740034990.25467,-15634711755.841887,-6777761240.309457,58921.8227079861
46,2020,3,13,19,59,41.97,8455980.263,-13699849.872000001,-21079076.928,2381.5371999999998,2916.3591100000003,-933.45733,2020-03-13 19:59:41.970,-232276504.63445494,-269932176.00301045,-92683457.11134489,147743549991.22665,-15610189634.531797,-6767131705.367916,58921.83312465277
46,2020,3,13,20,14,41.97,10520140.234000001,-10964343.536,-21734640.698,2198.85443,3153.79481,-521.21666,2020-03-13 20:14:41.970,-231572420.4811603,-270505071.2423322,-92994341.35166772,147747060182.3124,-15585666981.580513,-6756501941.8951845,58921.84354131943
46,2020,3,13,20,29,41.97,12402484.837,-8039352.102,-22014507.327999998,1978.08278,3336.81912,-99.78315,2020-03-13 20:29:41.970,-230866829.67560714,-271076182.0546875,-93304611.95858571,147750565563.37473,-15561143797.757936,-6745871950.219147,58921.8539579861
46,2020,3,13,20,44,41.97,14070397.561,-4975369.352,-21913686.053000003,1723.0258199999998,3462.20959,323.52996,2020-03-13 20:44:41.970,-230159737.48162064,-271645505.490448,-93614267.16862726,147754066134.27673,-15536620083.834211,-6735241730.667759,58921.86437465277
46,2020,3,13,20,59,41.97,15494963.509,-1825340.4379999998,-21433797.439000003,1438.09386,3527.74975,741.3658800000001,2020-03-13 20:59:41.970,-229451149.16916192,-272213038.6157619,-93923305.22442497,147757561894.88153,-15512095840.579636,-6724611283.569048,58921.87479131943
46,2020,3,13,21,14,41.97,16651481.523999998,1356263.8930000002,-20583053.51,1128.2267100000001,3532.27133,1146.4556,2020-03-13 21:14:41.970,-228741070.01426756,-272778778.5125508,-94231724.37472038,147761052845.0521,-15487571068.764727,-6713980609.251124,58921.8852079861
46,2020,3,13,21,29,41.97,17519902.177,4514402.4799999995,-19376120.006,798.80642,3475.67722,1531.74802,2020-03-13 21:29:41.970,-228029505.29898867,-273342722.27850777,-94539522.87436882,147764538984.65182,-15463045769.160187,-6703349708.04217,58921.89562465277
46,2020,3,13,21,44,41.97,18085183.235,7594430.796,-17833862.829,455.56145999999995,3358.94481,1890.53679,2020-03-13 21:44:41.970,-227316460.31133023,-273904867.0270941,-94846698.98434407,147768020313.5439,-15438519942.53691,-6692718580.270434,58921.90604131943
46,2020,3,13,21,59,41.97,18337555.742,10543061.964,-15982983.005,104.46419999999999,3184.10927,2216.58079,2020-03-13 21:59:41.970,-226601940.34519088,-274465209.8875359,-95153250.97174263,147771496831.59186,-15413993589.665995,-6682087226.264252,58921.9164579861
46,2020,3,13,22,14,41.97,18272695.555,13309303.819,-13855546.73,-248.37629,2954.2271100000003,2504.21639,2020-03-13 22:14:41.970,-225885950.70030203,-275023748.0048213,-95459177.10978854,147774968538.65933,-15389466711.318724,-6671455646.352037,58921.92687465277
46,2020,3,13,22,29,41.97,17891797.084999997,15845354.536,-11488419.188,-596.82402,2673.32066,2748.45869,2020-03-13 22:29:41.970,-225168496.68216828,-275580478.53969556,-95764475.67783739,147778435434.60983,-15364939308.266571,-6660823840.862273,58921.93729131943
46,2020,3,13,22,44,41.97,17201547.889000002,18107440.077999998,-8922612.767,-934.82626,2346.30456,2945.09017,2020-03-13 22:44:41.970,-224449583.60200676,-276135398.6686591,-96069144.96138048,147781897519.30695,-15340411381.281229,-6650191810.123519,58921.9477079861
46,2020,3,13,22,59,41.97,16214004.795,20056577.954,-6202562.027,-1256.5218,1978.89578,3090.73456,2020-03-13 22:59:41.970,-223729216.77668744,-276688505.5839619,-96373183.25204925,147785354792.6146,-15315882931.134567,-6639559554.464407,58921.95812465277
46,2020,3,13,23,14,41.97,14946374.221,21659253.272,-3375339.211,-1556.34526,1577.5090400000001,3182.91487,2020-03-13 23:14:41.970,-223007401.52867332,-277239796.49360013,-96676588.84761888,147788807254.3967,-15291353958.598637,-6628927074.213653,58921.96854131943
46,2020,3,13,23,29,41.97,13420701.233,22887994.958,-489825.196,-1829.12521,1149.13992,3220.0942600000003,2020-03-13 23:29:41.970,-222284143.18596023,-277789268.6213113,-96979360.05201249,147792254904.51715,-15266824464.445705,-6618294369.7000475,58921.9789579861
46,2020,3,13,23,44,41.97,11663473.742,23721842.106,2404148.4529999997,-2070.1743600000004,701.23808,3201.6993199999997,2020-03-13 23:44:41.970,-221559447.08201793,-278336919.2065693,-97281495.17530493,147795697742.84012,-15242294449.448221,-6607661441.25245,58921.98937465277
46,2020,3,13,23,59,41.97,9705149.782,24146692.791,5256670.296,-2275.37003,241.57326,3128.1253800000004,2020-03-13 23:59:41.970,-220833318.55573052,-278882745.5045805,-97582992.53372616,147799135769.22974,-15217763914.378834,-6597028289.1998005,58921.99979131943
46,2020,3,14,0,14,41.97,7579616.971000001,24155530.969,8018617.731000001,-2441.22349,-221.90324,3000.72404,2020-03-14 00:14:41.970,-220105762.95133653,-279426744.78627753,-97883850.44966514,147802568983.5504,-15193232860.01039,-6586394913.8711195,58922.0102079861
46,2020,3,14,0,29,41.97,5323596.434,23748523.325,10642501.446,-2564.9373400000004,-681.19826,2821.7745299999997,2020-03-14 00:29:41.970,-219376785.61837018,-279968914.33831483,-98184067.25167325,147805997385.66623,-15168701287.115913,-6575761315.595495,58922.02062465277
46,2020,3,14,0,44,41.97,2975997.958,22932999.463,13083287.297,-2644.4494600000003,-1128.41652,2594.43715,2020-03-14 00:44:41.970,-218646391.9116024,-280509251.4630625,-98483641.27446775,147809420975.44186,-15144169196.468643,-6565127494.702099,58922.03104131943
46,2020,3,14,0,59,41.97,577244.5669999999,21723298.955,15299158.992,-2678.46389,-1555.8956799999999,2322.69366,2020-03-14 00:59:41.970,-217914587.1909821,-281047753.4786006,-98782570.85893476,147812839752.74182,-15119636588.841995,-6554493451.52017,58922.0414579861
46,2020,3,14,1,14,41.97,-1831426.0320000001,20140503.707,17252226.254,-2666.4678999999996,-1956.33613,2011.2735000000002,2020-03-14 01:14:41.970,-217181376.82157657,-281584417.7187143,-99080854.35213281,147816253717.43097,-15095103465.009586,-6543859186.37903,58922.05187465277
46,2020,3,14,1,29,41.97,-4208668.96,18212056.081,18909160.123,-2608.73554,-2322.92265,1665.5683800000002,2020-03-14 01:29:41.970,-216446766.17351356,-282119241.5328862,-99378490.10729575,147819662869.37378,-15070569825.745222,-6533224699.608084,58922.06229131943
46,2020,3,14,1,44,41.97,-6513736.893999999,15971271.78,20241746.864,-2506.3179999999998,-2649.43633,1291.5371499999999,2020-03-14 01:44:41.970,-215710760.62192276,-282652222.2862912,-99675476.4838359,147823067208.43512,-15046035671.822905,-6522589991.536793,58922.0727079861
46,2020,3,14,1,59,41.97,-8707170.392,13456756.99,21227352.406999998,-2361.0213,-2930.35522,895.60244,2020-03-14 01:59:41.970,-214973365.54687732,-283183357.35978955,-99971811.84734659,147826466734.4803,-15021501004.01684,-6511955062.494718,58922.08312465277
46,2020,3,14,2,14,41.97,-10751462.705,10711740.506000001,21849290.89,-2175.37207,-3160.9424000000004,484.54118,2020-03-14 02:14:41.970,-214234586.33333516,-283712644.1499193,-100267494.56960541,147829861447.37405,-14996965823.101406,-6501319912.811475,58922.09354131943
46,2020,3,14,2,29,41.97,-12611688.706,7783332.587,22097092.491,-1952.57218,-3337.3205700000003,65.37059,2020-03-14 02:29:41.970,-213494428.37108162,-284240080.06889135,-100562523.0285766,147833251346.98172,-14972430129.851189,-6490684542.816769,58922.1039579861
46,2020,3,14,2,44,41.97,-14256088.331999999,4721723.067,21966667.361,-1696.44317,-3456.53235,-354.76842,2020-03-14 02:44:41.970,-212752897.05467132,-284765662.54458034,-100856895.60841365,147836636433.16858,-14947893925.04096,-6480048952.840378,58922.11437465277
46,2020,3,14,2,59,41.97,-15656595.765,1579331.8329999999,21460363.995,-1411.36143,-3516.5857699999997,-768.72893,2020-03-14 02:59:41.970,-212009997.78337008,-285289389.02051866,-101150610.69946209,147840016705.8,-14923357209.445683,-6469413143.212153,58922.12479131943
46,2020,3,14,3,14,41.97,-16789306.535,-1590074.788,20586921.868,-1102.1852000000001,-3516.48447,-1169.47505,2020-03-14 03:14:41.970,-211265735.9610974,-285811256.955888,-101443666.69826159,147843392164.7414,-14898819983.840525,-6458777114.262033,58922.1352079861
46,2020,3,14,3,29,41.97,-17634875.601,-4732287.9,19361319.606000002,-774.17442,-3456.24249,-1550.1967699999998,2020-03-14 03:29:41.970,-210520116.99636906,-286331263.8255125,-101736062.0075483,147846762809.85855,-14874282249.000832,-6448140866.32002,58922.14562465277
46,2020,3,14,3,44,41.97,-18178840.505,-7793566.195,17804521.322,-432.90452,-3336.88343,-1904.42116,2020-03-14 03:44:41.970,-209773146.30223966,-286849407.1198501,-102027795.03625725,147850128641.01703,-14849744005.702152,-6437504399.716202,58922.15604131943
46,2020,3,14,3,59,41.97,-18411864.66,-10721538.350000001,15943125.104999999,-84.17536,-3160.42407,-2226.11837,2020-03-14 03:59:41.970,-209024829.29624563,-287365684.34498525,-102318864.19952439,147853489658.08258,-14825205254.720217,-6426867714.780726,58922.1664579861
46,2020,3,14,4,14,41.97,-18329896.915000003,-13466083.73,13808918.98,266.08353,-2929.8426000000004,-2509.801,2020-03-14 04:14:41.970,-208275171.40034777,-287880093.0226196,-102609267.91868857,147856845860.92123,-14800665996.830969,-6416230811.843842,58922.17687465277
46,2020,3,14,4,29,41.97,-17934244.651,-15980177.632000001,11438350.924,611.91016,-2649.03162,-2750.61547,2020-03-14 04:29:41.970,-207524178.04087454,-288392630.69006497,-102899004.62129347,147860197249.39905,-14776126232.810516,-6405593691.235852,58922.18729131943
46,2020,3,14,4,44,41.97,-17231558.816,-18220687.66,8871920.808,947.40832,-2322.73664,-2944.42396,2020-03-14 04:44:41.970,-206771854.64846525,-288903294.90023327,-103188072.74108957,147863543823.38208,-14751585963.435173,-6394956353.287153,58922.1977079861
46,2020,3,14,4,59,41.97,-16233730.56,-20149108.308,6153503.368,1266.84555,-1956.48041,-3087.87548,2020-03-14 04:59:41.970,-206018206.6580136,-289412083.22162855,-103476470.7180357,147866885582.73663,-14727045189.481445,-6384318798.32821,58922.20812465277
46,2020,3,14,5,14,41.97,-14957700.406,-21732221.524,3329612.47,1564.74929,-1556.47423,-3178.46505,2020-03-14 05:14:41.970,-205263239.508611,-289918993.23833734,-103764196.99830087,147870222527.32904,-14702503911.726028,-6373681026.689559,58922.21854131943
46,2020,3,14,5,29,41.97,-13425182.253,-22942671.871999998,448618.044,1835.99971,-1129.51712,-3214.5795700000003,2020-03-14 05:29:41.970,-204506958.64348984,-290424022.5500204,-104051250.03426583,147873554657.0257,-14677962130.945808,-6363043038.701822,58922.2289579861
46,2020,3,14,5,44,41.97,-11662305.883000001,-23759446.053,-2440071.948,2075.91773,-682.88428,-3195.52945,2020-03-14 05:44:41.970,-203749369.50996852,-290927168.7719025,-104337628.28452432,147876881971.6934,-14653419847.917864,-6352404834.695691,58922.23937465277
46,2020,3,14,5,59,41.97,-9699183.054,-24168247.788,-5286851.316000001,2280.3466000000003,-224.20644000000001,-3121.56525,2020-03-14 05:59:41.970,-202990477.55939406,-291428429.5347633,-104623330.21388477,147880204471.1986,-14628877063.419472,-6341766415.00194,58922.24979131943
46,2020,3,14,6,14,41.97,-7569403.612,-24161760.676999997,-8042763.362,2445.7255099999998,238.65813,-2993.87853,2020-03-14 06:14:41.970,-202230288.24708712,-291927802.4849271,-104908354.29337125,147883522155.4083,-14604333778.22809,-6331127779.951418,58922.2602079861
46,2020,3,14,6,29,41.97,-5309469.426,-23739793.301000003,-10660342.194999998,2569.15397,697.75694,-2814.58677,2020-03-14 06:29:41.970,-201468807.03228566,-292425285.28425395,-105192699.00022511,147886835024.18924,-14579789993.121363,-6320488929.875044,58922.27062465277
46,2020,3,14,6,44,41.97,-2958175.162,-22909302.821000002,-13094433.153,2648.44535,1145.17961,-2586.7020100000004,2020-03-14 06:44:41.970,-200706039.37809005,-292920875.61012834,-105476362.81790572,147890143077.40863,-14555245708.87714,-6309849865.103825,58922.28104131943
46,2020,3,14,6,59,41.97,-555946.0599999999,-21684295.34,-15302977.884,2682.16871,1573.19499,-2314.08372,2020-03-14 06:59:41.970,-199941990.75140694,-293414571.1554498,-105759344.23609148,147893446314.9335,-14530700926.273455,-6299210585.968832,58922.2914579861
46,2020,3,14,7,14,41.97,1855856.176,-20085603.490000002,-17247750.004,2669.6776600000003,1974.38643,-2001.3762599999998,2020-03-14 07:14:41.970,-199176666.62289435,-293906369.62862164,-106041641.75068113,147896744736.63123,-14506155646.088526,-6288571092.801219,58922.30187465277
46,2020,3,14,7,29,41.97,4235647.454,-18140543.937,-18895027.869000003,2611.12579,2341.78299,-1653.93182,2020-03-14 07:29:41.970,-198410072.46690682,-294396268.75354207,-106323253.86379415,147900038342.36914,-14481609869.100763,-6277931385.9322195,58922.31229131943
46,2020,3,14,7,44,41.97,6542342.871,-15882459.729,-20216191.936,2507.46784,2668.98371,-1277.72011,2020-03-14 07:44:41.970,-197642213.76143974,-294884266.2695909,-106604179.08377191,147903327132.0147,-14457063596.088781,-6267291465.693139,58922.3227079861
46,2020,3,14,7,59,41.97,8736072.975,-13350154.611,-21188235.355,2360.44668,2950.27297,-879.2261500000001,2020-03-14 07:59:41.970,-196873095.98807526,-295370359.9316205,-106884415.92517798,147906611105.43564,-14432516827.831373,-6256651332.415358,58922.33312465277
46,2020,3,14,8,14,41.97,10778881.796,-10587228.574000001,-21794177.889,2172.56589,3180.72432,-465.33792,2020-03-14 08:14:41.970,-196102724.6319272,-295854547.50994414,-107163962.90879898,147909890262.49957,-14407969565.107515,-6246010986.430336,58922.34354131943
46,2020,3,14,8,29,41.97,12635393.902,-7641325.848999999,-22023374.933,1947.04839,3356.2908500000003,-43.225970000000004,2020-03-14 08:29:41.970,-195331105.18158674,-296336826.7903246,-107442818.56164499,147913164603.07446,-14383421808.696383,-6235370428.069609,58922.3539579861
46,2020,3,14,8,44,41.97,14273438.144,-4563308.362,-21871715.246,1687.78168,3473.88015,379.78309,2020-03-14 08:44:41.970,-194558243.12906802,-296817195.5739627,-107720981.41694997,147916434127.02823,-14358873559.377337,-6224729657.664791,58922.36437465277
46,2020,3,14,8,59,41.97,15664616.419,-1406369.27,-21341703.075000003,1399.2506199999998,3531.4123,796.33665,2020-03-14 08:59:41.970,-193784143.96975386,-297295651.6774856,-107998450.01417203,147919698834.22894,-14334324817.929934,-6214088675.547569,58922.37479131943
46,2020,3,14,9,14,41.97,16784806.717,1774897.553,-20442422.491,1086.4587999999999,3527.85954,1199.18734,2020-03-14 09:14:41.970,-193008813.20234215,-297772192.9329355,-108275222.89899379,147922958724.54498,-14309775585.133904,-6203447482.0497055,58922.3852079861
46,2020,3,14,9,29,41.97,17614590.85,4925455.121,-19189383.995,754.84007,3463.26671,1581.32297,2020-03-14 09:29:41.970,-192232256.32879156,-298246817.18775684,-108551298.62332247,147926213797.84454,-14285225861.769196,-6192806077.503048,58922.39562465277
46,2020,3,14,9,44,41.97,18139598.643000003,7990790.465,-17604255.784,410.16168,3338.75188,1936.0925200000001,2020-03-14 09:44:41.970,-191454478.85426766,-298719522.3047852,-108826675.74528979,147929464053.9961,-14260675648.615913,-6182164462.239505,58922.40604131943
46,2020,3,14,9,59,41.97,18350761.967,10917873.341,-15714484.280000001,58.42103,3156.48706,2257.32577,2020-03-14 09:59:41.970,-190675486.28709024,-299190306.1622344,-109101352.82925247,147932709492.86838,-14236124946.454361,-6171522636.591079,58922.4164579861
46,2020,3,14,10,14,41.97,18244473.676000003,13656088.663,-13552810.807,-294.26195,2919.65916,2539.4440999999997,2020-03-14 10:14:41.970,-189895284.13867894,-299659166.6536843,-109375328.44579159,147935950114.3299,-14211573756.065054,-6160880600.889837,58922.42687465277
46,2020,3,14,10,29,41.97,17822648.459,16158125.23,-11156693.356,-641.75485,2632.41204,2777.5602400000002,2020-03-14 10:29:41.970,-189113877.9235006,-300126101.68806773,-109648601.17171262,147939185918.2497,-14187022078.22865,-6150238355.467927,58922.43729131943
46,2020,3,14,10,44,41.97,17092684.512,18380804.187000003,-8567644.313000001,-978.02274,2299.77079,2967.5649700000004,2020-03-14 10:44:41.970,-188331273.15901604,-300591109.18965846,-109921169.59004526,147942416904.4966,-14162469913.726036,-6139595900.657566,58922.4477079861
46,2020,3,14,10,59,41.97,16067326.963,20285831.868,-5830496.71,-1297.23616,1927.54972,3106.19896,2020-03-14 10:59:41.970,-187547475.36562738,-301054187.0980577,-110193032.29004297,147945643072.9398,-14137917263.338268,-6128953236.791065,58922.45812465277
46,2020,3,14,11,14,41.97,14764435.976,21840463.249,-2992612.946,-1593.87464,1522.24605,3191.10861,2020-03-14 11:14:41.970,-186762490.0666246,-301515333.368182,-110464187.86718264,147948864423.44836,-14113364127.846592,-6118310364.2007885,58922.46854131943
46,2020,3,14,11,29,41.97,13206664.325,23018064.151,-103051.001,-1862.8239600000002,1090.92161,3220.88454,2020-03-14 11:29:41.970,-185976322.7881339,-301974545.9702485,-110734634.92316416,147952080955.8918,-14088810508.03245,-6107667283.219191,58922.4789579861
46,2020,3,14,11,44,41.97,11421051.027999999,23798562.463,2788296.133,-2099.46519,641.07498,3195.08251,2020-03-14 11:44:41.970,-185188979.05906448,-302431822.88976294,-111004372.06590952,147955292670.13953,-14064256404.677456,-6097023994.178808,58922.48937465277
46,2020,3,14,11,59,41.97,9438539.214,24168781.014,5631571.7530000005,-2299.75376,180.5068,3114.22644,2020-03-14 11:59:41.970,-184400464.411057,-302887162.1275061,-111273397.90956251,147958499566.06113,-14039701818.563414,-6086380497.412237,58922.49979131943
46,2020,3,14,12,14,41.97,7293427.739,24122647.174000002,8377821.493,-2460.28737,-282.81903000000005,2979.79373,2020-03-14 12:14:41.970,-183610784.37843066,-303340561.6995185,-111541711.0744879,147961701643.52628,-14015146750.472336,-6075736793.25216,58922.5102079861
46,2020,3,14,12,29,41.97,5022767.193,23661276.751000002,10979838.519000001,-2578.36155,-740.91542,2794.18375,2020-03-14 12:29:41.970,-182819944.49813235,-303792019.6370887,-111809310.18727033,147964898902.40494,-13990591201.186388,-6065092882.031333,58922.52062465277
46,2020,3,14,12,44,41.97,2665711.73,22792932.211,13392973.07,-2652.01215,-1185.9108700000002,2560.6703300000004,2020-03-14 12:44:41.970,-182027950.30968362,-304241533.9867383,-112076193.88071392,147968091342.56705,-13966035171.487947,-6054448764.082589,58922.53104131943
46,2020,3,14,12,59,41.97,262838.721,21532857.573000003,15575892.522,-2680.0443099999998,-1610.18435,2283.33956,2020-03-14 12:59:41.970,-181234807.3551298,-304689102.8102081,-112342360.7938409,147971278963.8829,-13941478662.15957,-6043804439.738844,58922.5414579861
46,2020,3,14,13,14,41.97,-2144551.5439999998,19902994.53,17491279.472999997,-2662.0478099999996,-2006.49401,1967.0145,2020-03-14 13:14:41.970,-180440521.17898875,-305134724.1844432,-112607809.57189077,147974461766.22244,-13916921673.983994,-6033159909.333074,58922.55187465277
46,2020,3,14,13,29,41.97,-4515143.847999999,17931586.269,19106456.772,-2598.3988999999997,-2368.09767,1617.16843,2020-03-14 13:29:41.970,-179645097.32819936,-305578396.20158,-112872538.86631905,147977639749.45624,-13892364207.744146,-6022515173.198343,58922.56229131943
46,2020,3,14,13,44,41.97,-6808311.731,15652677.217,20393929.970000003,-2490.2489600000004,-2688.86337,1239.82843,2020-03-14 13:44:41.970,-178848541.35207012,-306020116.9689302,-113136547.33479603,147980812913.45483,-13867806264.223139,-6011870231.667789,58922.5727079861
46,2020,3,14,13,59,41.97,-8984805.276999999,13105518.378,21331839.351999998,-2339.50059,-2963.3683899999996,841.47111,2020-03-14 13:59:41.970,-178050858.80222854,-306459884.60896707,-113399833.6412058,147983981258.08884,-13843247844.204279,-6001225085.074632,58922.58312465277
46,2020,3,14,14,14,41.97,-11007411.996000001,10333889.146,21904315.288999997,-2148.77189,-3186.98564,428.91238,2020-03-14 14:14:41.970,-177252055.23257026,-306897697.2593101,-113662396.45564467,147987144783.229,-13818688948.47104,-5990579733.752152,58922.59354131943
46,2020,3,14,14,29,41.97,-12841580.496000001,7385347.4569999995,22101732.362999998,-1921.3496699999998,-3355.9564,9.193019999999999,2020-03-14 14:29:41.970,-176452136.19920862,-307333553.0727109,-113924234.45441951,147990303488.74622,-13794129577.807096,-5979934178.033716,58922.6039579861
46,2020,3,14,14,44,41.97,-14455997.464,4310420.901000001,21920859.251000002,-1661.13256,-3467.4486500000003,-410.53824,2020-03-14 14:44:41.970,-175651107.26042366,-307767450.2170365,-114185346.32004681,147993457374.51163,-13769569732.9963,-5969288418.252772,58922.61437465277
46,2020,3,14,14,59,41.97,-15823109.285,1161751.974,21364902.922000002,-1372.56513,-3519.60061,-823.14241,2020-03-14 14:59:41.970,-174848973.97661263,-308199386.87525624,-114445730.7412507,147996606440.39648,-13745009414.822691,-5958642454.742832,58922.62479131943
46,2020,3,14,15,14,41.97,-16919580.59,-2006788.9379999998,20443447.180999998,-1060.56374,-3511.54882,-1221.60706,2020-03-14 15:14:41.970,-174045741.9102394,-308629361.2454246,-114705386.41296136,147999750686.27194,-13720448624.070484,-5947996287.837492,58922.6352079861
46,2020,3,14,15,29,41.97,-17726682.948000003,-5141008.973,19172287.002,-730.43562,-3443.44094,-1599.16081,2020-03-14 15:29:41.970,-173241416.6257844,-309057371.54066706,-114964312.03631337,148002890112.0096,-13695887361.524097,-5937349917.870421,58922.64562465277
46,2020,3,14,15,44,41.97,-18230607.883,-8187302.623,17573161.496,-387.79186999999996,-3316.43277,-1949.38389,2020-03-14 15:44:41.970,-172436003.68969518,-309483415.9891632,-115222506.31864391,148006024717.48096,-13671325627.968113,-5926703345.175363,58922.65604131943
46,2020,3,14,15,59,41.97,-18422699.458,-11093551.948,15673389.666,-38.45586,-3132.66984,-2266.3133000000003,2020-03-14 15:59:41.970,-171629508.67033648,-309907492.8341319,-115479967.97349077,148009154502.55795,-13646763424.187317,-5916056570.086138,58922.6664579861
46,2020,3,14,16,14,41.97,-18299602.692,-13810003.252,13505414.457,311.63195,-2895.2536,-2544.54126,2020-03-14 16:14:41.970,-170821937.1379412,-310329600.3338152,-115736695.72059077,148012279467.11224,-13622200750.966654,-5905409592.936645,58922.67687465277
46,2020,3,14,16,29,41.97,-17863325.225,-16290106.504999999,11106261.845999999,656.51145,-2608.19247,-2779.3053,2020-03-14 16:29:41.970,-170013294.6645608,-310749736.76146257,-115992688.28587724,148015399611.0159,-13597637609.09127,-5894762414.06085,58922.68729131943
46,2020,3,14,16,44,41.97,-17121210.792999998,-18491304.163000003,8516923.03,990.30114,-2276.33846,-2966.5688499999997,2020-03-14 16:44:41.970,-169203586.82401592,-311167900.4053138,-116247944.4014783,148018514934.14133,-13573073999.346497,-5884115033.792811,58922.6977079861
46,2020,3,14,16,59,41.97,-16085824.350000001,-20375756.551,5781668.950999999,1307.29599,-1905.30973,-3103.0907700000002,2020-03-14 16:59:41.970,-168392819.1918484,-311584089.56858397,-116502462.80571465,148021625436.3604,-13548509922.51783,-5873467452.466643,58922.70812465277
46,2020,3,14,17,14,41.97,-14774749.935,-21910991.695,2947307.585,1602.0632500000002,-1501.40022,-3186.48283,2020-03-14 17:14:41.970,-167580997.34527123,-311998302.5694464,-116756242.24309729,148024731117.5459,-13523945379.390974,-5862819670.416553,58922.71854131943
46,2020,3,14,17,29,41.97,-13210303.769,-23070468.351,62395.494,1869.53471,-1071.4774300000001,-3215.2536999999998,2020-03-14 17:29:41.970,-166768126.8631212,-312410537.7410158,-117009281.46432531,148027831977.57034,-13499380370.751783,-5852171687.9768095,58922.7289579861
46,2020,3,14,17,44,41.97,-11419166.418000001,-23834042.151,-2823583.872,2105.0940699999996,-622.86955,-3188.83866,2020-03-14 17:44:41.970,-165954213.3258096,-312820793.4313324,-117261579.22628342,148030928016.3063,-13474814897.386328,-5841523505.481762,58922.73937465277
46,2020,3,14,17,59,41.97,-9431939.291000001,-24188326.072,-5661061.837,2304.65747,-163.24378000000002,-3107.6141599999996,2020-03-14 17:59:41.970,-165139262.31527394,-313229068.0033454,-117513134.29203965,148034019233.62677,-13450248960.08084,-5830875123.265845,58922.74979131943
46,2020,3,14,18,14,41.97,-7282632.088,-24126938.03,-8401232.190000001,2464.7461200000002,299.52251,-2972.89658,2020-03-14 18:14:41.970,-164323279.41493076,-313635359.8348945,-117763945.4308428,148037105629.4048,-13425682559.621733,-5820226541.663556,58922.7602079861
46,2020,3,14,18,29,41.97,-5008089.149999999,-23650630.141000003,-10996890.555,2582.5492400000003,757.47552,-2786.92495,2020-03-14 18:29:41.970,-163506270.2096265,-314039667.3186944,-118014011.41811988,148040187203.51364,-13401115696.795614,-5809577761.00946,58922.77062465277
46,2020,3,14,18,44,41.97,-2647363.9020000002,-22767296.124,-13403250.934,2655.97626,1202.72168,-2552.8275,2020-03-14 18:44:41.970,-162688240.2855908,-314441988.8623174,-118263331.0354735,148043263955.82626,-13376548372.389263,-5798928781.6382265,58922.78104131943
46,2020,3,14,18,59,41.97,-241051.685,-21491855.428999998,-15578725.001,2683.69691,1627.56456,-2274.57243,2020-03-14 18:59:41.970,-161869195.23038802,-314842322.8881758,-118511903.07067923,148046335886.2164,-13351980587.189644,-5788279603.884575,58922.7914579861
46,2020,3,14,19,14,41.97,2169407.7980000004,-19846014.818,-17485650.132,2665.16851,2024.6398600000002,-1956.90336,2020-03-14 19:14:41.970,-161049140.63287038,-315240667.8335047,-118759726.31768267,148049402994.55753,-13327412341.983892,-5777630228.0833025,58922.80187465277
46,2020,3,14,19,29,41.97,4542446.406,-17857910.393,-19090952.823,2600.6494199999997,2387.04567,-1605.26041,2020-03-14 19:29:41.970,-160228082.08313078,-315637022.1503447,-119006799.5765969,148052465280.7234,-13302843637.55934,-5766980654.569295,58922.81229131943
46,2020,3,14,19,44,41.97,6837089.326,-15561635.303,-20366735.086,2491.19848,2708.46586,-1225.68825,2020-03-14 19:44:41.970,-159406025.17245528,-316031384.3055244,-119253121.65369935,148055522744.58798,-13278274474.703482,-5756330883.677505,58922.8227079861
46,2020,3,14,19,59,41.97,9013669.839,-12996660.531,-21290772.674,2338.66003,2983.28388,-824.73237,2020-03-14 19:59:41.970,-158582975.49327633,-316423752.7806417,-119498691.36142899,148058575386.02527,-13253704854.20401,-5745680915.742959,58922.83312465277
46,2020,3,14,20,14,41.97,11034524.163,-10207158.295,-21846915.428,2145.6346599999997,3206.68504,-409.32562,2020-03-14 20:14:41.970,-157758938.63912654,-316814126.072048,-119743507.51838326,148061623204.9093,-13229134776.84879,-5735030751.100758,58922.84354131943
46,2020,3,14,20,29,41.97,12864653.673999999,-7241239.523,-22025381.751000002,1915.4360299999998,3374.74483,13.333269999999999,2020-03-14 20:29:41.970,-156933920.20459113,-317202502.6908278,-119987568.94931501,148064666201.11472,-13204564243.425848,-5724380390.086082,58922.8539579861
46,2020,3,14,20,44,41.97,14472342.235,-4150118.659,-21822941.102,1652.03442,3484.50179,435.90667,2020-03-14 20:44:41.970,-156107925.78526247,-317588881.16278285,-120230874.48512936,148067704374.51575,-13179993254.723429,-5713729833.034185,58922.86437465277
46,2020,3,14,20,59,41.97,15829717.074000001,-987220.571,-21242980.462,1359.98792,3534.01311,851.04846,2020-03-14 20:59:41.970,-155280960.97769344,-317973260.02841294,-120473422.96288049,148070737724.98712,-13155421811.529917,-5703079080.2803955,58922.87479131943
46,2020,3,14,21,14,41.97,16913242.592,2192754.3759999997,-20295452.89,1044.36241,3522.39176,1251.53529,2020-03-14 21:14:41.970,-154453031.37935132,-318355637.8428973,-120715213.22576848,148073766252.4036,-13130849914.633911,-5692428132.160115,58922.8852079861
46,2020,3,14,21,29,41.97,17704137.7,5334790.063,-18996708.554,710.6419000000001,3449.82442,1630.3960299999999,2020-03-14 21:29:41.970,-153624142.58857208,-318736013.17607737,-120956244.12313564,148076789956.64017,-13106277564.82415,-5681776989.0088215,58922.89562465277
46,2020,3,14,21,44,41.97,18188708.632000003,8384521.500999999,-17369210.898000002,364.63068999999996,3317.56938,1981.03714,2020-03-14 21:44:41.970,-152794300.20451447,-319114384.61243767,-121196514.51046357,148079808837.5717,-13081704762.889584,-5671125651.16207,58922.90604131943
46,2020,3,14,21,59,41.97,18358590.847,11289190.944,-15441142.888,12.34945,3127.9346800000003,2297.36119,2020-03-14 21:59:41.970,-151963509.82711464,-319490750.7510873,-121436023.24936947,148082822895.0737,-13057131509.619331,-5660474118.955482,58922.9164579861
46,2020,3,14,22,14,41.97,18210895.335,13998575.389,-13245910.487,-340.07289000000003,2884.23653,2573.87631,2020-03-14 22:14:41.970,-151131777.05704057,-319865110.2057409,-121674769.20760272,148085832129.02148,-13032557805.802673,-5649822392.724766,58922.92687465277
46,2020,3,14,22,29,41.97,17748256.551999997,16465868.150999999,-10821552.567,-686.50928,2590.73896,2805.79431,2020-03-14 22:29:41.970,-150299107.4956473,-320237461.6047011,-121912751.2590411,148088836539.2905,-13007983652.229084,-5639170472.805696,58922.93729131943
46,2020,3,14,22,44,41.97,16978781.195,18648498.087,-8210068.386000001,-1020.9444400000001,2252.5758699999997,2989.11546,2020-03-14 22:44:41.970,-149465506.74493143,-320607803.590838,-122149968.28368753,148091836125.75665,-12983409049.688213,-5628518359.534122,58922.9477079861
46,2020,3,14,22,59,41.97,15915898.985,20508871.306,-5456675.354,-1337.58229,1875.65704,3120.69835,2020-03-14 22:59:41.970,-148630980.4074863,-320976134.8215718,-122386419.16766614,148094830888.29556,-12958833998.969896,-5617866053.24597,58922.95812465277
46,2020,3,14,23,14,41.97,14578118.63,22015021.851,-2609011.233,-1630.94893,1466.56015,3198.31333,2020-03-14 23:14:41.970,-147795534.08645767,-321342453.9688528,-122622102.80321841,148097820826.78333,-12934258500.864115,-5607213554.277242,58922.96854131943
46,2020,3,14,23,29,41.97,12988694.014,23141159.736,283704.125,-1895.9888199999998,1032.41111,3220.67887,2020-03-14 23:29:41.970,-146959173.38549867,-321706759.71914196,-122857018.08869973,148100805941.09616,-12909682556.161064,-5596560862.964007,58922.9789579861
46,2020,3,14,23,44,41.97,11175207.407,23868106.929,3171531.703,-2128.1527100000003,580.75514,3187.4799500000004,2020-03-14 23:44:41.970,-146121903.908726,-322069050.77339274,-123091163.9285753,148103786231.11026,-12885106165.65109,-5585907979.642417,58922.98937465277
46,2020,3,14,23,59,41.97,9169078.052000001,24183614.213,6004684.849,-2323.4752900000003,119.42142,3099.3688,2020-03-14 23:59:41.970,-145283731.26067546,-322429325.84703076,-123324539.23341621,148106761696.70218,-12860529330.124743,-5575254904.648701,58922.99979131943
46,2020,3,15,0,14,41.97,7005005.342999999,24082555.148,8734394.777999999,-2478.64158,-343.61612,2957.9477399999996,2020-03-15 00:14:41.970,-144444661.04625773,-322787583.6699352,-123557142.91989553,148109732337.7486,-12835952050.372696,-5564601638.319146,58923.0102079861
46,2020,3,15,0,29,41.97,4720360.259,23566990.032,11313746.402,-2591.04094,-800.3783500000001,2765.73622,2020-03-15 00:29:41.970,-143604698.8707152,-323143822.9864184,-123788973.91078426,148112698154.12616,-12811374327.185852,-5553948180.990133,58923.02062465277
46,2020,3,15,0,44,41.97,2354529.183,22646112.937999997,13698490.563,-2658.80768,-1243.02015,2526.12014,2020-03-15 00:44:41.970,-142763850.3395773,-323498042.5552068,-124020031.13494736,148115659145.71204,-12786796161.355263,-5543294532.9981,58923.03104131943
46,2020,3,15,0,59,41.97,-51767.873,21336067.103,15847790.752999999,-2680.84837,-1663.96403,2243.28862,2020-03-15 00:59:41.970,-141922121.05861792,-323850241.14942074,-124250313.52733932,148118615312.38315,-12762217553.672165,-5532640694.679568,58923.0414579861
46,2020,3,15,1,14,41.97,-2457179.909,19659646.830000002,17724913.604000002,-2656.85539,-2056.02797,1922.1568200000002,2020-03-15 01:14:41.970,-141079516.6338118,-324200417.55655557,-124479820.02900036,148121566654.01678,-12737638504.92796,-5521986666.371134,58923.05187465277
46,2020,3,15,1,29,41.97,-4820433.22,17645887.155,19297843.458,-2587.30703,-2412.54477,1568.27783,2020-03-15 01:29:41.970,-140236042.6712912,-324548570.57846063,-124708549.58705184,148124513170.49045,-12713059015.914232,-5511332448.409459,58923.06229131943
46,2020,3,15,1,44,41.97,-7101033.818,15329550.621000001,20539813.219,-2473.45448,-2727.47109,1187.7451,2020-03-15 01:44:41.970,-139391704.77730304,-324894699.0313203,-124936501.1546921,148127454861.68155,-12688479087.422737,-5500678041.131289,58923.0727079861
46,2020,3,15,1,59,41.97,-9259952.49,12750521.018,21429743.838,-2317.29634,-2995.48492,787.08721,2020-03-15 01:59:41.970,-138546508.55816615,-325238801.74563265,-125163673.69119225,148130391727.46805,-12663898720.245398,-5490023444.873437,58923.08312465277
46,2020,3,15,2,14,41.97,-11260281.562,9953115.111,21952586.415000003,-2121.5414,-3212.07021,373.15703,2020-03-15 02:14:41.970,-137700459.62022847,-325580877.56619054,-125390066.16189142,148133323767.72778,-12639317915.174326,-5479368659.972793,58923.09354131943
46,2020,3,15,2,29,41.97,-13067853.163,6985324.324999999,22099562.555,-1889.56045,-3373.58772,-46.983219999999996,2020-03-15 02:29:41.970,-136853563.56982458,-325920925.35206145,-125615677.53819263,148136250982.33878,-12614736673.00179,-5468713686.766316,58923.1039579861
46,2020,3,15,2,44,41.97,-14651809.592,3897999.0979999998,21868300.196,-1625.32816,-3477.3315000000002,-466.17909000000003,2020-03-15 02:44:41.970,-136005826.01323363,-326258943.97656465,-125840506.79755813,148139173371.17923,-12590154994.520245,-5458058525.5910425,58923.11437465277
46,2020,3,15,2,59,41.97,-15985117.261,743989.152,21262863.647,-1333.356,-3521.57029,-877.30155,2020-03-15 02:59:41.970,-135157252.5566372,-326594932.32725537,-126064552.92350484,148142090934.12766,-12565572880.522306,-5447403176.784084,58923.12479131943
46,2020,3,15,3,14,41.97,-17045016.588,-2422746.685,20293678.075,-1018.61719,-3505.57373,-1273.36367,2020-03-15 03:14:41.970,-134307848.80607682,-326928889.30589956,-126287814.9055997,148145003671.06253,-12540990331.800772,-5436747640.682622,58923.1352079861
46,2020,3,15,3,29,41.97,-17813401.209,-5548047.206,18977350.073000003,-686.46483,-3429.62293,-1647.6345900000001,2020-03-15 03:29:41.970,-133457620.36741292,-327260813.8284563,-126510291.73945509,148147911581.8626,-12516407349.148613,-5426091917.623911,58923.14562465277
46,2020,3,15,3,44,41.97,-18277120.799,-8578458.11,17336387.319000002,-342.54422,-3295.00556,-1993.74953,2020-03-15 03:44:41.970,-132606572.84628253,-327590704.82505596,-126731982.42672412,148150814666.40668,-12491823933.35896,-5415436007.945284,58923.15604131943
46,2020,3,15,3,59,41.97,-18428202.89,-11462129.816,15398821.704,7.29928,-3103.99528,-2305.8141299999997,2020-03-15 03:59:41.970,-131754711.84805836,-327918561.2399801,-126952885.97509578,148153712924.57388,-12467240085.225134,-5404779911.9841385,58923.1664579861
46,2020,3,15,4,14,41.97,-18263990.097999997,-14149689.891,13197741.554,357.11587000000003,-2859.81597,-2578.50177,2020-03-15 04:14:41.970,-130902042.97780713,-328244382.0316399,-127173001.39829028,148156606356.24347,-12442655805.5406,-5394123630.077953,58923.17687465277
46,2020,3,15,4,29,41.97,-17787190.315,-16595076.446999999,10770739.939,700.94889,-2566.59081,-2807.1425799999997,2020-03-15 04:29:41.970,-130048571.84024884,-328568166.1725561,-127392327.71605387,148159494961.2947,-12418071095.099024,-5383467162.564275,58923.18729131943
46,2020,3,15,4,44,41.97,-17005838.61,-18756319.187000003,8159287.223999999,1032.9332,-2229.27699,-2987.8025199999997,2020-03-15 04:44:41.970,-129194304.03971554,-328889912.6493371,-127610863.95415428,148162378739.60718,-12393485954.69422,-5372810509.7807255,58923.1977079861
46,2020,3,15,4,59,41.97,-15933170.819,-20596255.386,5408037.3209999995,1347.39282,-1853.5865099999999,-3117.3514299999997,2020-03-15 04:59:41.970,-128339245.18011034,-329209620.4626591,-127828609.14437565,148165257691.06064,-12368900385.120186,-5362153672.065002,58923.20812465277
46,2020,3,15,5,14,41.97,-14587410.13,-22083168.771,2564078.184,1638.93637,-1445.89425,-3193.51867,2020-03-15 05:14:41.970,-127483400.86486748,-329527288.6272441,-128045562.32451345,148168131815.53494,-12344314387.171091,-5351496649.754869,58923.21854131943
46,2020,3,15,5,29,41.97,-12991469.3,-23191340.222999997,-323861.793,1902.5488699999999,-1013.13415,-3214.93531,2020-03-15 05:29:41.970,-126626776.69691122,-329842916.17183876,-128261722.53836943,148171001112.91016,-12319727961.641262,-5340839443.188169,58923.2289579861
46,2020,3,15,5,44,41.97,-11172572.556,-23901500.377,-3206238.8970000003,2133.67817,-562.68526,-3181.16182,2020-03-15 05:44:41.970,-125769378.27861615,-330156502.1391935,-128477088.83574666,148173865583.06647,-12295141109.325209,-5330182052.702812,58923.23937465277
46,2020,3,15,5,59,41.97,-9161802.59,-24201175.521,-6033537.338,2328.31466,-102.24891,-3092.7005599999998,2020-03-15 05:59:41.970,-124911211.21176653,-330468045.5860412,-128691660.27244411,148176725225.88428,-12270553831.017591,-5319524478.636786,58923.24979131943
46,2020,3,15,6,14,41.97,-6993579.48,-24084919.837,-8757116.634,2483.06268,360.28074999999995,-2950.99241,2020-03-15 06:14:41.970,-124052281.09751672,-330777545.5830753,-128905435.91025181,148179580041.24417,-12245966127.51327,-5308866721.328149,58923.2602079861
46,2020,3,15,6,29,41.97,-4705079.618,-23554428.742,-11330048.739,2595.20213,816.95111,-2758.39732,2020-03-15 06:29:41.970,-123192593.53635144,-331085001.2149286,-129118414.8169453,148182430029.02676,-12221377999.60724,-5298208781.115029,58923.27062465277
46,2020,3,15,6,44,41.97,-2335604.016,-22618530.111,-13707930.429,2662.7392099999997,1259.88775,-2518.1587799999998,2020-03-15 06:44:41.970,-122332154.12804593,-331390411.5801523,-129330596.06628054,148185275189.11295,-12196789448.094694,-5287550658.335632,58923.28104131943
46,2020,3,15,6,59,41.97,74093.62,-21293052.191,-15849656.542000001,2684.4448700000003,1681.43138,-2234.35249,2020-03-15 06:59:41.970,-121470968.47162652,-331693775.7911936,-129541978.73798852,148188115521.38394,-12172200473.770966,-5276892353.328231,58923.2914579861
46,2020,3,15,7,14,41.97,2482507.6640000003,-19600569.264000002,-17718140.151,2659.88035,2074.2722,-1911.81987,2020-03-15 07:14:41.970,-120609042.16533186,-331995092.97437423,-129752561.91776991,148190951025.7209,-12147611077.431581,-5266233866.431172,58923.30187465277
46,2020,3,15,7,29,41.97,4848098.136,-17570028.319000002,-19280966.402,2589.40884,2431.57947,-1556.08731,2020-03-15 07:29:41.970,-119746380.8065733,-332294362.2698688,-129962344.69728957,148193781702.0052,-12123021259.872217,-5255575197.982883,58923.31229131943
46,2020,3,15,7,44,41.97,7130012.4459999995,-15236262.258000001,-20510967.777999997,2474.19306,2747.12376,-1173.2725500000001,2020-03-15 07:44:41.970,-118882989.99189597,-332591582.83168316,-130171326.17417116,148196607550.11835,-12098431021.888727,-5244916348.321844,58923.3227079861
46,2020,3,15,7,59,41.97,9288798.442,-12639397.322,-21386709.793,2316.17839,3015.38934,-769.9795499999999,2020-03-15 07:59:41.970,-118018875.31694052,-332886753.8276323,-130379505.4519916,148199428569.94244,-12073840364.277136,-5234257317.786631,58923.33312465277
46,2020,3,15,8,14,41.97,11287095.871,-9824164.544,-21892877.638,2118.06175,3231.6746900000003,-353.1838,2020-03-15 08:14:41.970,-117154042.37640393,-333179874.43931884,-130586881.64027557,148202244761.3589,-12049249287.83361,-5223598106.715867,58923.34354131943
46,2020,3,15,8,29,41.97,13090293.558,-6839126.930000001,-22020556.009,1883.24666,3392.17898,69.88996,2020-03-15 08:29:41.970,-116288496.76400161,-333470943.86211014,-130793453.8544899,148205056124.25018,-12024657793.354515,-5212938715.448276,58923.3539579861
46,2020,3,15,8,44,41.97,14667140.123,-3735835.844,-21767396.293,1615.7850799999999,3494.0726099999997,491.89540999999997,2020-03-15 08:44:41.970,-115422244.07242878,-333759961.3051172,-130999221.21603791,148207862658.4984,-12000065881.636358,-5202279144.3226185,58923.36437465277
46,2020,3,15,8,59,41.97,15990296.787999999,-567931.569,-21137667.334999997,1320.3070400000001,3535.55049,905.49531,2020-03-15 08:59:41.970,-114555289.89332254,-334046925.9911724,-131204182.85225382,148210664363.98608,-11975473553.475838,-5191619393.677759,58923.37479131943
46,2020,3,15,9,14,41.97,17036821.796,2609795.7630000003,-20142188.221,1001.93924,3515.86667,1303.4925799999999,2020-03-15 09:14:41.970,-113687639.81722386,-334331837.1568067,-131408337.89639692,148213461240.5958,-11950880809.66979,-5180959463.852615,58923.3852079861
46,2020,3,15,9,29,41.97,17788577.188,5742367.739,-18798143.751,666.2142399999999,3435.34958,1678.95947,2020-03-15 09:29:41.970,-112819299.43354002,-334614694.05222815,-131611685.48764591,148216253288.21033,-11926287651.015224,-5170299355.186181,58923.39562465277
46,2020,3,15,9,44,41.97,18232550.133,8775584.007,-17128785.595000003,318.97166999999996,3295.39739,2025.36204,2020-03-15 09:44:41.970,-111950274.33050653,-334895495.9412994,-131814224.77109313,148219040506.71277,-11901694078.30933,-5159639068.017522,58923.40604131943
46,2020,3,15,9,59,41.97,18361082.601999998,11656975.479,-15163024.365,-33.74639,3098.45343,2336.67767,2020-03-15 09:59:41.970,-111080570.09515065,-335174242.10151494,-132015954.8977386,148221822895.98605,-11877100092.34944,-5148978602.685776,58923.4164579861
46,2020,3,15,10,14,41.97,18172004.964,14336726.589,-12934920.034999998,-385.80388,2847.9621599999996,2607.50306,2020-03-15 10:14:41.970,-110210192.31325303,-335450931.8239796,-132216875.02448435,148224600455.9137,-11852505693.933071,-5138317959.530153,58923.42687465277
46,2020,3,15,10,29,41.97,17668670.993,16768549.424,-10483080.199,-731.08101,2548.3064,2833.15067,2020-03-15 10:29:41.970,-109339146.56931117,-335725564.41338503,-132416984.31412825,148227373186.37906,-11827910883.857895,-5127657138.889933,58923.43729131943
46,2020,3,15,10,44,41.97,16859893.735000003,18910493.419,-7849977.501,-1063.5839799999999,2204.72715,3009.73164,2020-03-15 10:44:41.970,-108467438.44650269,-335998139.1879883,-132616281.9353583,148230141087.26578,-11803315662.921741,-5116996141.104462,58923.4477079861
46,2020,3,15,10,59,41.97,15759783.686,20725675.693,-5081199.195,-1377.55197,1823.22772,3134.22343,2020-03-15 10:59:41.970,-107595073.52664813,-336268655.4795884,-132814767.06274661,148232904158.45798,-11778720031.922607,-5106334966.513165,58923.45812465277
46,2020,3,15,11,14,41.97,14387492.693,22182918.726,-2224643.091,-1667.55932,1410.4640900000002,3204.52112,2020-03-15 11:14:41.970,-106722057.39017454,-336537112.633504,-133012438.87674312,148235662399.83945,-11754123991.65866,-5095673615.455532,58923.46854131943
46,2020,3,15,11,29,41.97,12766868.867999999,23257284.056,670324.876,-1928.61076,973.6238699999999,3219.47131,2020-03-15 11:29:41.970,-105848395.61607912,-336803510.00855106,-133209296.5636699,148238415811.2945,-11729527542.928226,-5085012088.271134,58923.4789579861
46,2020,3,15,11,44,41.97,10926029.514,23930492.882999998,3553735.6089999997,-2156.22807,520.29647,3178.88824,2020-03-15 11:44:41.970,-104974093.78189278,-337067846.9770205,-133405339.31571482,148241164392.7075,-11704930686.529787,-5074350385.299596,58923.48937465277
46,2020,3,15,11,59,41.97,8896860.617,24191226.845000003,6375888.294000001,-2346.52644,58.33709,3083.55209,2020-03-15 11:59:41.970,-104099157.46364398,-337330122.92465353,-133600566.33092557,148243908143.963,-11680333423.261992,-5063688506.880629,58923.49979131943
46,2020,3,15,12,14,41.97,6714452.7299999995,24035304.68,9088212.394,-2496.27919,-404.27262,2935.18979,2020-03-15 12:14:41.970,-103223592.23582333,-337590337.2506214,-133794976.81320319,148246647064.94568,-11655735753.923672,-5053026453.354003,58923.5102079861
46,2020,3,15,12,29,41.97,4416484.125,23465732.998,11644104.797,-2602.97013,-859.5645,2736.43914,2020-03-15 12:29:41.970,-102347403.67134683,-337848489.36750084,-133988569.97229636,148249381155.54077,-11631137679.313782,-5042364225.059569,58923.52062465277
46,2020,3,15,12,44,41.97,2042562.817,22492631.806,13999727.526,-2664.83253,-1299.72184,2490.79726,2020-03-15 12:44:41.970,-101470597.3415213,-338104578.70125175,-134181345.02379471,148252110415.63297,-11606539200.23145,-5031701822.337244,58923.53104131943
46,2020,3,15,12,59,41.97,-366460.44999999995,21133037.715,16114752.535,-2680.8746,-1717.21286,2202.55481,2020-03-15 12:59:41.970,-100593178.81600817,-338358604.6911942,-134373301.18912262,148254834845.10785,-11581940317.47598,-5021039245.527006,58923.5414579861
46,2020,3,15,13,14,41.97,-2769195.994,19410589.903,17953041.43,-2650.8913199999997,-2104.91743,1876.7174,2020-03-15 13:14:41.970,-99715153.66278838,-338610566.78998554,-134564437.69553328,148257554443.85077,-11557341031.84684,-5010376494.968925,58923.55187465277
46,2020,3,15,13,29,41.97,-5124423.546,17355105.787,19483249.43,-2575.4628199999997,-2456.2451300000002,1518.91615,2020-03-15 13:29:41.970,-98836527.44812743,-338860464.4635971,-134754753.7761017,148260269211.74744,-11532741344.143637,-4999713571.003122,58923.56229131943
46,2020,3,15,13,44,41.97,-7391793.231,15002055.017,20679344.505000003,-2455.9396800000004,-2765.24284,1135.3089400000001,2020-03-15 13:44:41.970,-97957305.73654023,-339108297.19129175,-134944248.66971904,148262979148.6837,-11508141255.166138,-4989050473.969789,58923.5727079861
46,2020,3,15,13,59,41.97,-9532507.724,12391941.821,21521034.220000003,-2294.41592,-3026.69065,732.47436,2020-03-15 13:59:41.970,-97077494.09075642,-339354064.4655999,-135132921.62108555,148265684254.54562,-11483540765.714298,-4978387204.209202,58923.58312465277
46,2020,3,15,14,14,41.97,-11509974.73,9569606.846,21994094.514,-2093.6902,-3236.18468,317.30013,2020-03-15 14:14:41.970,-96197098.07168539,-339597765.79229677,-135320771.88070467,148268384529.21924,-11458939876.588205,-4967723762.061689,58923.59354131943
46,2020,3,15,14,29,41.97,-13290419.682,6583460.5940000005,22090596.254,-1857.2163699999999,-3390.2061,-103.13219,2020-03-15 14:29:41.970,-95316123.2383823,-339839400.6903796,-135507798.70487612,148271079972.59113,-11434338588.588112,-4957060147.86767,58923.6039579861
46,2020,3,15,14,44,41.97,-14843449.354,3484661.242,21809026.974,-1589.04402,-3486.17563,-521.66453,2020-03-15 14:44:41.970,-94434575.14801326,-340078968.69204414,-135694001.3556899,148273770584.54776,-11409736902.514431,-4946396361.967608,58923.61437465277
46,2020,3,15,14,59,41.97,-16142557.987,326250.164,21154306.766000003,-1293.7503100000001,-3522.49298,-931.17992,2020-03-15 14:59:41.970,-93552459.3558214,-340316469.34266067,-135879379.10101885,148276456364.97595,-11385134819.167751,-4935732404.702057,58923.62479131943
46,2020,3,15,15,14,41.97,-17165568.417,-2837741.173,20137698.731,-976.36393,-3498.56095,-1324.71897,2020-03-15 15:14:41.970,-92669781.41509296,-340551902.2007517,-136063931.21451312,148279137313.76263,-11360532339.348787,-4925068276.411633,58923.6352079861
46,2020,3,15,15,29,41.97,-17895001.685,-5953199.004,18776615.827,-642.28234,-3414.79399,-1695.59335,2020-03-15 15:29:41.970,-91786546.87712307,-340785266.8379686,-136247656.97559303,148281813430.7949,-11335929463.858437,-4914403977.437017,58923.64562465277
46,2020,3,15,15,44,41.97,-18318369.581,-8966835.755,17094327.319,-297.18352,-3272.61116,-2037.4951499999997,2020-03-15 15:44:41.970,-90902761.29118252,-341016562.83906704,-136430555.66944224,148284484715.96017,-11311326193.497738,-4903739508.118962,58923.65604131943
46,2020,3,15,15,59,41.97,-18428385.623,-11827085.197,15119569.363,53.06688,-3074.41356,-2344.60032,2020-03-15 15:59:41.970,-90018430.20448384,-341245789.801885,-136612626.58700165,148287151169.14566,-11286722529.067907,-4893074868.798304,58923.6664579861
46,2020,3,15,16,14,41.97,-18223091.044,-14484970.402999999,12886065.568,402.51133,-2823.54653,-2611.66505,2020-03-15 16:14:41.970,-89133559.1621479,-341472947.33731854,-136793869.02496225,148289812790.23935,-11262118471.370287,-4882410059.815919,58923.67687465277
46,2020,3,15,16,29,41.97,-17705893.494,-16894930.866,10431964.657,745.19837,-2524.24676,-2834.1134,2020-03-15 16:29:41.970,-88248153.70717122,-341698035.0692985,-136974282.28575855,148292469579.12918,-11237514021.20642,-4871745081.512779,58923.68729131943
46,2020,3,15,16,44,41.97,-16885517.362999998,-19015595.571000002,7799203.591,1075.2808599999998,-2181.57516,-3008.11505,2020-03-15 16:44:41.970,-87362219.38039225,-341921052.6347669,-137153865.67756158,148295121535.7029,-11212909179.377966,-4861079934.229918,58923.6977079861
46,2020,3,15,16,59,41.97,-15775865.886,-20810489.364,5032805.74,1387.11347,-1801.33595,-3130.65171,2020-03-15 16:59:41.970,-86475761.72045879,-342141999.6836534,-137332618.514273,148297768659.84897,-11188303946.686752,-4850414618.308429,58923.70812465277
46,2020,3,15,17,14,41.97,-14395796.484000001,-22248660.718,2180124.8030000003,1675.3478,-1389.9830399999998,-3199.57102,2020-03-15 17:14:41.970,-85588786.2637953,-342360875.87885207,-137510540.1155168,148300410951.45584,-11163698323.934767,-4839749134.089481,58923.71854131943
46,2020,3,15,17,29,41.97,-12768812.191000002,-23305219.965,-709953.7259999999,1935.0234600000001,-954.5149,-3213.62689,2020-03-15 17:29:41.970,-84701298.54457004,-342577680.896197,-137687629.80663383,148303048410.41196,-11139092311.924158,-4829083481.914314,58923.7289579861
46,2020,3,15,17,44,41.97,-10922673.370000001,-23961778.217,-3587840.874,2161.65385,-502.35925000000003,-3172.50515,2020-03-15 17:44:41.970,-83813304.09466287,-342792414.4244395,-137863886.91867423,148305681036.60635,-11114485911.457218,-4818417662.124232,58923.73937465277
46,2020,3,15,17,59,41.97,-8888935.34,-24206778.603,-6404088.784,2351.30479,-41.24941,-3076.83398,2020-03-15 17:59:41.970,-82924808.44363289,-343005076.16522354,-138039310.7883905,148308308829.9279,-11089879123.336388,-4807751675.060613,58923.74979131943
46,2020,3,15,18,14,41.97,-6702418.873,-24035713.067,-9110237.55,2500.6648,420.90603999999996,-2928.1784000000002,2020-03-15 18:14:41.970,-82035817.11868614,-343215665.83306336,-138213900.7582311,148310931790.26587,-11065271948.364298,-4797085521.064896,58923.7602079861
46,2020,3,15,18,29,41.97,-4400621.869,-23451219.75,-11659649.875,2607.10537,876.15796,-2729.0186900000003,2020-03-15 18:29:41.970,-81146335.64464413,-343424183.15531796,-138387656.1763329,148313549917.5096,-11040664387.343687,-4786419200.478589,58923.77062465277
46,2020,3,15,18,44,41.97,-2023081.666,-22463057.981999997,-14008319.042,2668.73011,1316.6535,-2482.71269,2020-03-15 18:44:41.970,-80256369.54391135,-343630627.8721689,-138560576.39651453,148316163211.54874,-11016056441.077475,-4775752713.643278,58923.78104131943
46,2020,3,15,18,59,41.97,389301.43399999995,-21087960.006,-16115635.867999999,2684.41168,1734.77276,-2193.44245,2020-03-15 18:59:41.970,-79365924.33644392,-343834999.73659575,-138732660.77826935,148318771672.27298,-10991448110.368732,-4765086060.90061,58923.7914579861
46,2020,3,15,19,14,41.97,2794967.9809999997,-19349360.759999998,-17945100.755,2653.81547,2123.26273,-1866.14573,2020-03-15 19:14:41.970,-78475005.5397183,-344037298.5143525,-138903908.68675816,148321375299.57233,-10966839396.020676,-4754419242.592292,58923.80187465277
46,2020,3,15,19,29,41.97,5152418.352,-17277009.288000003,-19464967.733000003,2577.4094999999998,2475.36596,-1506.4335099999998,2020-03-15 19:29:41.970,-77583618.66869958,-344237523.98394346,-139074319.49280277,148323974093.33688,-10942230298.836681,-4743752259.060116,58923.81229131943
46,2020,3,15,19,44,41.97,7420934.244,-14906467.58,-20648808.367000002,2456.4601000000002,2784.9416499999998,-1120.4947,2020-03-15 19:44:41.970,-76691769.23581047,-344435675.9365997,-139243892.57287797,148326568053.45706,-10917620819.620275,-4733085110.645932,58923.8227079861
46,2020,3,15,19,59,41.97,9561289.791,-12278504.832,-21475984.748999998,2293.01316,3046.57657,-714.98964,2020-03-15 19:59:41.970,-75799462.7509,-344631754.1762548,-139412627.30910543,148329157179.82327,-10893010959.175133,-4722417797.691652,58923.83312465277
46,2020,3,15,20,14,41.97,11536439.407,-9438397.166000001,-21932022.293,2089.8611800000003,3255.68387,-296.93427,2020-03-15 20:14:41.970,-74906704.72121301,-344825758.51952153,-139580523.0892458,148331741472.32645,-10868400718.305092,-4711750320.539273,58923.84354131943
46,2020,3,15,20,29,41.97,13312169.713,-6435144.781,-22008874.821000002,1850.49656,3408.58748,126.423,2020-03-15 20:29:41.970,-74013500.65135907,-345017688.79566765,-139747579.30669203,148334320930.8573,-10843790097.814121,-4701082679.530839,58923.8539579861
46,2020,3,15,20,44,41.97,14857703.462,-3320620.196,-21705076.380999997,1579.0517399999999,3502.59051,547.72952,2020-03-15 20:44:41.970,-73119856.04328212,-345207544.84659106,-139913795.36046195,148336895555.3071,-10819179098.50636,-4690414875.008477,58923.86437465277
46,2020,3,15,20,59,41.97,16146244.096,-148662.757,-21025776.305,1280.22731,3536.02606,959.65922,2020-03-15 20:59:41.970,-72225776.39622967,-345395326.52679753,-140079170.65519086,148339465345.56714,-10794567721.186092,-4679746907.314373,58923.87479131943
46,2020,3,15,21,14,41.97,17155450.615000002,3025864.2679999997,-19982656.241,959.20933,3508.28939,1355.04362,2020-03-15 21:14:41.970,-71331267.2067229,-345581033.70337534,-140243704.60112518,148342030301.52884,-10769955966.65777,-4669078776.790785,58923.8852079861
46,2020,3,15,21,29,41.97,17867833.698999997,6148036.777000001,-18593730.15,621.57721,3419.8505099999998,1727.0004999999999,2020-03-15 21:29:41.970,-70436333.96852612,-345764666.25597155,-140407396.61411396,148344590423.08383,-10745343835.725954,-4658410483.780035,58923.89562465277
46,2020,3,15,21,44,41.97,18271065.433,9163835.336,-16883030.548,273.20419000000004,3272.2468999999996,2069.05759,2020-03-15 21:44:41.970,-69540982.17261732,-345946224.07676846,-140570246.11560258,148347145710.12424,-10720731329.195393,-4647742028.624511,58923.90604131943
46,2020,3,15,21,59,41.97,18358196.697,12021095.164,-14880186.554,-79.84799,3068.05638,2375.26892,2020-03-15 21:59:41.970,-68645217.30715765,-346125707.07045895,-140732252.53262526,148349696162.542,-10696118447.870964,-4637073411.666671,58923.9164579861
46,2020,3,15,22,14,41.97,18127778.017,14670422.89,-12619901.428,-431.43797,2810.8504700000003,2640.3214199999998,2020-03-15 22:14:41.970,-67749044.8574621,-346303115.154223,-140893415.29779714,148352241780.22952,-10671505192.557705,-4626404633.24904,58923.92687465277
46,2020,3,15,22,29,41.97,17583881.632,17066062.959,-10141339.381,-775.4550300000001,2505.12934,2859.62964,2020-03-15 22:29:41.970,-66852470.30597017,-346478448.25770295,-141053733.8493077,148354782563.07907,-10646891564.060804,-4615735693.71421,58923.93729131943
46,2020,3,15,22,44,41.97,16736024.484000001,19166697.585,-7487433.1899999995,-1105.9286100000002,2156.23948,3029.4166800000003,2020-03-15 22:44:41.970,-65955499.132215746,-346651706.3229797,-141213207.63091317,148357318510.9835,-10622277563.18559,-4605066593.40483,58923.9477079861
46,2020,3,15,22,59,41.97,15598993.844,20936165.497,-4704125.787,-1417.13481,1770.27583,3146.77979,2020-03-15 22:59:41.970,-65058136.81279862,-346822889.3045486,-141371836.09192896,148359849623.83566,-10597663190.737547,-4594397332.663636,58923.95812465277
46,2020,3,15,23,14,41.97,14192579.236,22344086.442,-1839560.209,-1703.69777,1353.9706,3209.7393300000003,2020-03-15 23:14:41.970,-64160388.82135482,-346991997.1692956,-141529618.68722236,148362375901.52853,-10573048447.522293,-4583727911.833407,58923.96854131943
46,2020,3,15,23,29,41.97,12541216.175999999,23366380.408,1056766.737,-1960.6839599999998,914.57096,3217.2703399999996,2020-03-15 23:29:41.970,-63262260.62852791,-347159029.8964721,-141686554.8772052,148364897343.95554,-10548433334.345612,-4573058331.257005,58923.9789579861
46,2020,3,15,23,44,41.97,10673548.946,23985672.745,3934871.223,-2183.6874900000003,459.70818,3169.31631,2020-03-15 23:44:41.970,-62363757.701940134,-347323987.47767216,-141842644.12782642,148367413951.00998,-10523817852.013435,-4562388591.277348,58923.98937465277
46,2020,3,15,23,59,41.97,8621921.13,24191578.773000002,6745153.494999999,-2368.90513,-2.7388500000000002,3066.7851100000003,2020-03-15 23:59:41.970,-61464885.5459546,-347486869.90964437,-141997885.90371236,148369925722.5852,-10499202001.33174,-4551718692.237344,58923.99979131943
46,2020,3,16,0,14,41.97,6421803.3610000005,23980864.678000003,9439258.816,-2513.19939,-464.78335,2911.5273300000003,2020-03-16 00:14:41.970,-60565649.542500526,-347647677.2230119,-142152279.6956054,148372432658.57593,-10474585783.106909,-4541048634.480214,58924.0102079861
46,2020,3,16,0,29,41.97,4111172.509,23357478.641000003,11970904.501,-2614.1493699999996,-918.4699400000001,2706.2990400000003,2020-03-16 00:29:41.970,-59666055.18974087,-347806409.43899524,-142305824.9791312,148374934758.87573,-10449969198.145231,-4530378418.348992,58924.02062465277
46,2020,3,16,0,44,41.97,1729845.768,22332464.885,14296680.144,-2670.08776,-1356.01296,2454.7071100000003,2020-03-16 00:44:41.970,-58766107.94292793,-347963066.5983145,-142458521.24231222,148377432023.3789,-10425352247.253239,-4519708044.1868725,58924.03104131943
46,2020,3,16,0,59,41.97,-681207.139,20923747.823000003,16376778.409,-2680.12472,-1769.92857,2161.14238,2020-03-16 00:59:41.970,-57865813.2541508,-348117648.7539103,-142610367.97867042,148379924451.9799,-10400734931.237541,-4509037512.337096,58924.0414579861
46,2020,3,16,1,14,41.97,-3080569.7380000004,19155804.0,18175666.807,-2644.15789,-2153.16058,1830.69938,2020-03-16 01:14:41.970,-56965176.57230741,-348270155.9709206,-142761364.68721953,148382412044.57346,-10376117250.904963,-4498366823.142986,58924.05187465277
46,2020,3,16,1,29,41.97,-5427087.028,17059223.915999997,19662680.878,-2562.86901,-2499.19722,1469.08547,2020-03-16 01:29:41.970,-56064203.34307678,-348420588.32665545,-142911510.87245786,148384894801.05435,-10351499207.062462,-4487695976.947932,58924.06229131943
46,2020,3,16,1,44,41.97,-7680564.81,14670173.425999999,20812531.443,-2437.70768,-2802.17733,1082.52108,2020-03-16 01:44:41.970,-55162899.00889128,-348568945.910573,-143060806.04436082,148387372721.3177,-10326880800.517117,-4477024974.095371,58924.0727079861
46,2020,3,16,1,59,41.97,-9802448.743999999,12029764.885,21605718.706,-2270.86268,-3056.9844900000003,677.63277,2020-03-16 01:59:41.970,-54261269.00890921,-348715228.8242557,-143209249.7183727,148389845805.25864,-10302262032.076172,-4466353814.92882,58924.08312465277
46,2020,3,16,2,14,41.97,-11756472.362,9183349.342,22028847.63,-2065.22177,-3259.32816,261.34107,2020-03-16 02:14:41.970,-53359318.77898729,-348859437.1813854,-143356841.41539958,148392314052.7728,-10277642902.547,-4455682499.791859,58924.09354131943
46,2020,3,16,2,29,41.97,-13509264.037999999,6179741.966,22074840.633,-1824.32085,-3405.81084,-159.25525,2020-03-16 02:29:41.970,-52457053.75165341,-349001571.10771936,-143503580.66180146,148394777463.75574,-10253023412.737135,-4445011029.028131,58924.1039579861
46,2020,3,16,2,44,41.97,-15030903.713,3070393.577,21743045.242,-1552.28331,-3493.98053,-576.9965900000001,2020-03-16 02:44:41.970,-51554479.35607988,-349141630.7410658,-143649466.9893847,148397236038.10342,-10228403563.45424,-4434339402.981349,58924.11437465277
46,2020,3,16,2,59,41.97,-16295421.076000001,-91478.33099999999,21039235.844,-1253.75076,-3522.3682599999997,-984.7801400000001,2020-03-16 02:59:41.970,-50651601.01805599,-349279616.2312601,-143794499.93539426,148399689775.71185,-10203783355.506134,-4423667621.995277,58924.12479131943
46,2020,3,16,3,14,41.97,-17281227.825000003,-3251785.3789999997,19975510.150999997,-933.8059800000001,-3490.51007,-1375.6760299999999,2020-03-16 03:14:41.970,-49748424.159961544,-349415527.7401399,-143938679.0425061,148402138676.4773,-10179162789.700766,-4412995686.413765,58924.1352079861
46,2020,3,16,3,29,41.97,-17971477.604,-6356476.928,18570082.396,-597.88941,-3398.9535800000003,-1743.0403999999999,2020-03-16 03:29:41.970,-48844954.20073991,-349549365.4415211,-144082003.85881934,148404582740.29623,-10154541866.84623,-4402323596.580709,58924.14562465277
46,2020,3,16,3,44,41.97,-18354348.196,-9352447.544,16846976.645,-251.71015000000003,-3249.2488200000003,-2080.624,2020-03-16 03:44:41.970,-47941196.55587177,-349681129.52117324,-144224473.9378489,148407021967.06534,-10129920587.75077,-4391651352.84007,58924.15604131943
46,2020,3,16,3,59,41.97,-18423241.609,-12188429.283,14835624.946,98.84734,-3043.9236699999997,-2382.67488,2020-03-16 03:59:41.970,-47037156.637348495,-349810820.1767959,-144366088.83851707,148409456356.68152,-10105298953.222775,-4380978955.535895,58924.1664579861
46,2020,3,16,4,14,41.97,-18176898.783,-14815854.944,12570376.327,447.81946,-2786.444,-2644.03355,2020-03-16 04:14:41.970,-46132839.85364607,-349938437.6179936,-144506848.1251465,148411885909.0419,-10080676964.070759,-4370306405.012274,58924.17687465277
46,2020,3,16,4,29,41.97,-17619426.775,-17189678.704,10089923.950000001,789.26151,-2481.15891,-2860.2194600000003,2020-03-16 04:29:41.970,-45228251.60969874,-350063982.0662519,-144646751.36745206,148414310624.0437,-10056054621.103384,-4359633701.61336,58924.18729131943
46,2020,3,16,4,44,41.97,-16760237.482,-19269140.998999998,7436658.945,1117.346,-2133.23164,-3027.5072600000003,2020-03-16 04:44:41.970,-44323397.3068732,-350187453.7549125,-144785798.14053306,148416730501.58444,-10031431925.129467,-4348960845.683387,58924.1977079861
46,2020,3,16,4,59,41.97,-15613898.252999999,-21018465.066,4655960.672,1426.45989,-1748.55699,-3142.99156,2020-03-16 04:59:41.970,-43418282.34294276,-350308852.9291502,-144923988.0248655,148419145541.56186,-10006808876.957952,-4338287837.566639,58924.20812465277
46,2020,3,16,5,14,41.97,-14199896.021,-22407473.402,1795434.276,1711.2993000000001,-1333.6661000000001,-3204.63913,2020-03-16 05:14:41.970,-42512912.1120615,-350428179.84594727,-145061320.6062945,148421555743.87378,-9982185477.397915,-4327614677.607472,58924.21854131943
46,2020,3,16,5,29,41.97,-12542317.973,-23412113.319,-1095892.567,1966.96,-895.61991,-3211.3272300000003,2020-03-16 05:29:41.970,-41607292.004738756,-350545434.7740695,-145197795.47602606,148423961108.41843,-9957561727.258589,-4316941366.150297,58924.2289579861
46,2020,3,16,5,44,41.97,-10669453.172,-24014882.027,-3968400.894,2189.0223,-441.89266,-3162.86731,2020-03-16 05:44:41.970,-40701427.40781381,-350660617.9940426,-145333412.23061937,148426361635.09396,-9932937627.349342,-4306267903.539598,58924.23937465277
46,2020,3,16,5,59,41.97,-8613320.91,-24205143.077,-6772726.134,2373.62876,19.75273,-3060.0133,2020-03-16 05:59:41.970,-39795323.70443022,-350773729.7981265,-145468170.47197935,148428757323.79898,-9908313178.479696,-4295594290.119917,58924.24979131943
46,2020,3,16,6,14,41.97,-6409132.942,-23979327.624,-9460604.109,2517.5531499999997,481.39563000000004,-2904.45397,2020-03-16 06:14:41.970,-38888986.2740111,-350884770.49029225,-145602069.80734813,148431148174.43246,-9883688381.459269,-4284920526.235861,58924.2602079861
46,2020,3,16,6,29,41.97,-4094698.057,-23341015.8,-11985702.925999999,2618.2594400000003,935.0927999999999,-2698.78922,2020-03-16 06:29:41.970,-37982420.492233776,-350993740.3861969,-145735109.8492977,148433534186.89288,-9859063237.097858,-4274246612.2320986,58924.27062465277
46,2020,3,16,6,44,41.97,-1709778.6020000002,-22300895.49,-14304426.27,2673.94936,1373.01532,-2446.49026,2020-03-16 06:44:41.970,-37075631.73100498,-351100639.8131602,-145867290.21572182,148435915361.0796,-9834437746.20539,-4263572548.4533696,58924.28104131943
46,2020,3,16,6,59,41.97,704590.3570000001,-20876597.908,-16376673.799,2683.5977,1787.58504,-2151.8442,2020-03-16 06:59:41.970,-36168625.35843605,-351205469.1101388,-145998610.52982822,148438291696.89203,-9809811909.591911,-4252898335.2444634,58924.2914579861
46,2020,3,16,7,14,41.97,3106807.661,-19092411.593000002,-18166544.862999998,2646.9742100000003,2171.60792,-1819.88366,2020-03-16 07:14:41.970,-35261406.73881835,-351308228.6277029,-146129070.4201304,148440663194.22955,-9785185728.067633,-4242223972.9502454,58924.30187465277
46,2020,3,16,7,29,41.97,5455426.246,-16978878.672,-19642972.533,2564.65171,2518.40184,-1456.30246,2020-03-16 07:29:41.970,-34353981.23259866,-351408918.7280122,-146258669.52044022,148443029852.9922,-9760559202.442892,-4231549461.915634,58924.31229131943
46,2020,3,16,7,44,41.97,7709874.165999999,-14572279.502,-20780275.981,2437.99988,2821.91647,-1067.3588,2020-03-16 07:44:41.970,-33446354.19635485,-351507539.7847908,-146387407.4698597,148445391673.0797,-9735932333.528154,-4220874802.485615,58924.3227079861
46,2020,3,16,7,59,41.97,9831163.567,-11914013.922,-21558620.619000003,2269.16461,3076.8427800000004,-659.76732,2020-03-16 07:59:41.970,-32538530.982771717,-351604092.1833034,-146515283.91277274,148447748654.39246,-9711305122.134026,-4210199995.0052385,58924.33312465277
46,2020,3,16,8,14,41.97,11782574.704,-9049889.456999999,-21964376.921,2061.03328,3278.70997,-240.58226,2020-03-16 08:14:41.970,-31630516.940616593,-351698576.3203304,-146642298.49883783,148450100796.83057,-9686677569.071262,-4199525039.8196173,58924.34354131943
46,2020,3,16,8,29,41.97,13530302.428000001,-6029328.648,-21990370.678,1817.18622,3423.96789,182.92659,2020-03-16 08:29:41.970,-30722317.414715845,-351790992.60414475,-146768450.88297963,148452448100.2949,-9662049675.150743,-4188849937.2739205,58924.3539579861
46,2020,3,16,8,44,41.97,15044053.111,-2904509.4189999998,-21636019.376000002,1541.83519,3510.0531899999996,603.40253,2020-03-16 08:44:41.970,-29813937.745930515,-351881341.4544866,-146893740.72538126,148454790564.68607,-9637421441.183483,-4178174687.7133837,58924.36437465277
46,2020,3,16,8,59,41.97,16297580.784,270546.212,-20907351.523000002,1239.75005,3535.43778,1013.533,2020-03-16 08:59:41.970,-28905383.271132756,-351969623.3025393,-147018167.69147608,148457128189.90518,-9612792867.980642,-4167499291.483309,58924.37479131943
46,2020,3,16,9,14,41.97,17269152.305,3440918.588,-19816907.935,916.1746499999999,3499.6583,1406.1804200000001,2020-03-16 09:14:41.970,-27996659.32318249,-352055838.5909053,-147141731.45193976,148459460975.85345,-9588163956.353495,-4156823748.9290524,58924.3852079861
46,2020,3,16,9,29,41.97,17941932.666,6551754.713,-18383526.297000002,576.73367,3403.32626,1774.51032,2020-03-16 09:29:41.970,-27087771.230903596,-352139987.773582,-147264431.6826827,148461788922.43234,-9563534707.11349,-4146148060.39604,58924.39562465277
46,2020,3,16,9,44,41.97,18304283.020999998,9549232.605999999,-16632012.583,227.3322,3248.11798,2112.11422,2020-03-16 09:44:41.970,-26178724.319060683,-352222071.3159367,-147386268.0648411,148464112029.54352,-9538905121.072159,-4135472226.2297506,58924.40604131943
46,2020,3,16,9,59,41.97,18349965.692,12381507.774,-14592705.186999999,-125.95022,3036.74496,2413.12476,2020-03-16 09:59:41.970,-25269523.90833592,-352302089.6946835,-147507240.28476992,148466430297.08875,-9514275199.041212,-4124796246.7757316,58924.4164579861
46,2020,3,16,10,14,41.97,18078252.227,14999624.148,-12300939.757,-476.96878999999996,2772.90468,2672.3208600000003,2020-03-16 10:14:41.970,-24360175.31530591,-352380043.39785844,-147627348.03403446,148468743724.97012,-9489644941.832474,-4114120122.3795953,58924.42687465277
46,2020,3,16,10,29,41.97,17493932.5,17358372.488,-9796424.729,-819.62374,2461.21323,2885.2206699999997,2020-03-16 10:29:41.970,-23450683.85241866,-352455932.9247948,-147746591.0094022,148471052313.09006,-9465014350.257902,-4103443853.387008,58924.43729131943
46,2020,3,16,10,44,41.97,16607224.834,19417080.312999997,-7122539.369,-1147.9696,2107.12081,3048.16055,2020-03-16 10:44:41.970,-22541054.827970903,-352529758.78610003,-147864968.9128347,148473356061.3509,-9440383425.12959,-4092767440.143701,58924.4477079861
46,2020,3,16,10,59,41.97,15433589.121000001,21140318.813,-4325567.641,-1456.32118,1716.81204,3158.35845,2020-03-16 10:59:41.970,-21631293.546085283,-352601521.50363034,-147982481.45148,148475654969.65536,-9415752167.259762,-4082090882.9954634,58924.45812465277
46,2020,3,16,11,14,41.97,13993446.847,22498513.969,-1453882.458,-1739.35413,1297.09318,3213.96067,2020-03-16 11:14:41.970,-20721405.30668766,-352671221.61046726,-148099128.33766428,148477949037.9064,-9391120577.460775,-4071414182.288147,58924.46854131943
46,2020,3,16,11,29,41.97,12311813.777999999,23468451.123999998,1442904.274,-1992.1981099999998,855.26853,3214.0709699999998,2020-03-16 11:29:41.970,-19811395.405484866,-352738859.6508933,-148214909.28888345,148480238266.0071,-9366488656.545132,-4060737338.3676763,58924.4789579861
46,2020,3,16,11,44,41.97,10417852.726,24033664.503,4314809.868000001,-2210.5209600000003,399.00882,3158.7620300000003,2020-03-16 11:44:41.970,-18901269.133942213,-352804436.1803674,-148329824.0277959,148482522653.8608,-9341856405.325453,-4050060351.580021,58924.48937465277
46,2020,3,16,11,59,41.97,8344355.307,24184705.587,7112351.289,-2390.60213,-63.78592,3049.0689899999998,2020-03-16 11:59:41.970,-17991031.779261246,-352867951.7655015,-148443872.28221372,148484802201.37112,-9317223824.614477,-4039383222.2712173,58924.49979131943
46,2020,3,16,12,14,41.97,6127162.8149999995,23919286.726,9787401.995000001,-2529.39435,-525.12605,2886.96578,2020-03-16 12:14:41.970,-17080688.624357875,-352929406.98403543,-148557053.78509474,148487076908.44177,-9292590915.225101,-4028705950.7873626,58924.5102079861
46,2020,3,16,12,29,41.97,3804537.287,23242298.84,12294019.964,-2624.57251,-977.07195,2675.3249600000004,2020-03-16 12:29:41.970,-16170244.947840048,-352988802.42481333,-148669368.2745349,148489346774.97675,-9267957677.970346,-4018028537.474616,58924.52062465277
46,2020,3,16,12,44,41.97,1416494.5459999999,22165704.461000003,14589232.598000001,-2674.56922,-1411.87102,2417.86224,2020-03-16 12:44:41.970,-15259706.02398619,-353046138.6877598,-148780815.49375919,148491611800.88028,-9243324113.663364,-4007350982.6791954,58924.53104131943
46,2020,3,16,12,59,41.97,-995888.659,20708309.626,16633765.356,-2678.59676,-1822.08951,2119.0671700000003,2020-03-16 12:59:41.970,-14349077.122723378,-353101416.3838551,-148891395.19111502,148493871986.05664,-9218690223.117424,-3996673286.747384,58924.5414579861
46,2020,3,16,13,14,41.97,-3391181.0919999997,18895420.193,18392702.323000003,-2636.65537,-2200.73718,1784.12152,2020-03-16 13:14:41.970,-13438363.509605622,-353154636.1351114,-149001107.12006226,148496127330.41074,-9194056007.145945,-3985995450.0255175,58924.55187465277
46,2020,3,16,13,29,41.97,-5728304.924,16758389.991,19836068.456,-2549.52821,-2541.38273,1418.80709,2020-03-16 13:29:41.970,-12527570.44579259,-353205798.5745485,-149109951.03916708,148498377833.84695,-9169421466.562452,-3975317472.859998,58924.56229131943
46,2020,3,16,13,44,41.97,-7967233.227,14334069.798,20939324.841000002,-2418.76344,-2838.25848,1029.40492,2020-03-16 13:44:41.970,-11616703.188028026,-353254904.3461702,-149217926.71209204,148500623496.27075,-9144786602.180613,-3964639355.5972824,58924.5727079861
46,2020,3,16,13,59,41.97,-10069665.752,11664167.496,21683769.958,-2246.64395,-3086.3529,622.58753,2020-03-16 13:59:41.970,-10705766.988618637,-353301954.10493946,-149325033.90758926,148502864317.58713,-9120151414.814238,-3953961098.583898,58924.58312465277
46,2020,3,16,14,14,41.97,-11999672.315,8794530.814,22056841.575,-2036.1457999999998,-3281.48993,205.30615,2020-03-16 14:14:41.970,-9794767.095412862,-353346948.5167555,-149431272.39949176,148505100297.7018,-9095515905.277239,-3943282702.166419,58924.59354131943
46,2020,3,16,14,29,41.97,-13724293.878,5774364.972,22052315.559,-1790.88595,-3420.39422,-215.32531,2020-03-16 14:29:41.970,-8883708.75177992,-353389888.2584281,-149536641.96670508,148507331436.52036,-9070880074.38368,-3932604166.6914873,58924.6039579861
46,2020,3,16,14,44,41.97,-15214092.235,2655398.148,21670399.411,-1515.06046,-3500.7417,-632.14788,2020-03-16 14:44:41.970,-7972597.196588913,-353430774.0176556,-149641142.3931998,148509557733.94852,-9046243922.94774,-3921925492.5058064,58924.61437465277
46,2020,3,16,14,59,41.97,-16443640.122000001,-508991.768,20917719.888,-1213.3740799999998,-3521.1950500000003,-1038.07502,2020-03-16 14:59:41.970,-7061437.664187967,-353469606.49299896,-149744773.46800286,148511779189.8927,-9021607451.783726,-3911246679.956128,58924.62479131943
46,2020,3,16,15,14,41.97,-17391944.481,-3664675.384,19807205.507999998,-890.96229,-3481.42364,-1426.20843,2020-03-16 15:14:41.970,-6150235.38438368,-353506386.3938591,-149847534.98518968,148513995804.25897,-8996970661.706081,-3900567729.3892803,58924.6352079861
46,2020,3,16,15,29,41.97,-18042796.622,-6757681.028,18357866.156,-553.30699,-3382.108,-1789.95068,2020-03-16 15:29:41.970,-5238995.582420478,-353541114.44045234,-149949426.74387574,148516207576.95425,-8972333553.52936,-3889888641.1521325,58924.64562465277
46,2020,3,16,15,44,41.97,-18385043.966000002,-9735100.92,16594473.344000002,-206.14679,-3224.9286599999996,-2123.1131,2020-03-16 15:44:41.970,-4327723.478960198,-353573791.36378706,-150050448.54820862,148518414507.88498,-8947696128.068264,-3879209415.591631,58924.65604131943
46,2020,3,16,15,59,41.97,-18412779.189,-12545980.335,14547146.045,144.61672000000002,-3012.53949,-2420.01748,2020-03-16 15:59:41.970,-3416424.2900617877,-353604417.9056384,-150150600.2073598,148520616596.95822,-8923058386.137611,-3868530053.0547667,58924.6664579861
46,2020,3,16,16,14,41.97,-18125443.599999998,-15142175.905,12250848.279,493.01554,-2748.52586,-2675.5902300000002,2020-03-16 16:14:41.970,-2505103.227161126,-353632994.81852585,-150249881.53551683,148522813844.08142,-8898420328.55234,-3857850553.888601,58924.67687465277
46,2020,3,16,16,29,41.97,-17527842.788999997,-17479169.546,9744805.924,833.1134599999999,-2437.34794,-2885.44752,2020-03-16 16:29:41.970,-1593765.497050914,-353659522.8656886,-150348292.3518743,148525006249.1617,-8873781956.127523,-3847170918.440243,58924.68729131943
46,2020,3,16,16,44,41.97,-16630073.78,-19516824.917999998,7071851.461999999,1159.10428,-2084.2698,-3045.9700500000004,2020-03-16 16:44:41.970,-682416.301860613,-353684002.82106185,-150445832.48062652,148527193812.1068,-8849143269.678352,-3836491147.056869,58924.6977079861
46,2020,3,16,16,59,41.97,-15447364.179,-21220073.974999998,4277706.544,1465.40887,-1695.27511,-3154.36622,2020-03-16 16:59:41.970,228939.16096328953,-353706435.4692525,-150542501.75095913,148529376532.82465,-8824504270.020157,-3825811240.0857153,58924.70812465277
46,2020,3,16,17,14,41.97,-13999825.159,-22559521.926000003,1410213.389,1746.7693900000002,-1276.97034,-3208.72252,2020-03-16 17:14:41.970,1140295.6986770895,-353726821.6055167,-150638299.99704048,148531554411.2232,-8799864957.968376,-3815131197.874069,58924.71854131943
46,2020,3,16,17,29,41.97,-12312121.464,-23511959.992,-1481472.953,1998.33917,-836.4768700000001,-3208.03994,2020-03-16 17:29:41.970,2051648.1232595276,-353745162.0357336,-150733227.05801424,148533727447.21088,-8775225334.338594,-3804451020.7692795,58924.7289579861
46,2020,3,16,17,44,41.97,-10413063.029000001,-24060776.535,-4347718.555000001,2215.76679,-381.31331,-3152.25566,2020-03-16 17:44:41.970,2962991.2514312933,-353761457.5763842,-150827282.7779903,148535895640.69617,-8750585399.94649,-3793770709.118757,58924.73937465277
46,2020,3,16,17,59,41.97,-8335124.1790000005,-24196258.603,-7139257.136,2395.2726599999996,80.73004,-3042.24919,2020-03-16 17:59:41.970,3874319.9046744867,-353775709.05452573,-150920467.00603744,148538058991.5878,-8725945155.60788,-3783090263.2699666,58924.74979131943
46,2020,3,16,18,14,41.97,-6113897.733,-23915777.591,-9808035.002,2533.71685,541.7227999999999,-2879.83268,2020-03-16 18:14:41.970,4785628.909251853,-353787917.3077686,-151012779.59617448,148540217499.79465,-8701304602.138725,-3772409683.5704355,58924.7602079861
46,2020,3,16,18,29,41.97,-3787492.62,-23223854.559,-12308039.927,2628.65662,993.7299800000001,-2667.7249399999996,2020-03-16 18:29:41.970,5696913.096225985,-353798083.18425256,-151104220.40736264,148542371165.226,-8676663740.355078,-3761728970.3677435,58924.77062465277
46,2020,3,16,18,44,41.97,-1395884.7820000001,-22132102.766,-14596099.523,2678.39246,1428.94897,-2409.5096,2020-03-16 18:44:41.970,6608167.301478479,-353806207.542623,-151194789.30349705,148544519987.79126,-8652022571.073135,-3751048124.009534,58924.78104131943
46,2020,3,16,18,59,41.97,1019767.833,-20659047.117999997,-16632634.837000001,2682.00169,1839.84566,-2109.57759,2020-03-16 18:59:41.970,7519386.365728888,-353812291.25200707,-151284486.1533984,148546663967.3999,-8627381095.1092,-3740367144.843502,58924.7914579861
46,2020,3,16,19,14,41.97,3417834.513,-18829822.424000002,-18382355.484,2639.35862,2219.28718,-1773.0549099999998,2020-03-16 19:14:41.970,8430565.13455355,-353816335.19199055,-151373310.83080503,148548803103.96176,-8602739313.279715,-3729686033.217407,58924.80187465277
46,2020,3,16,19,29,41.97,5756932.944,-16675754.633000001,-19814883.437,2551.1407799999997,2560.66884,-1405.7165,2020-03-16 19:29:41.970,9341698.458404433,-353818340.2525934,-151461263.21436486,148550937397.38705,-8578097226.401226,-3719004789.479059,58924.81229131943
46,2020,3,16,19,44,41.97,7996649.553,-14233831.407,-20905293.683,2418.82086,2858.03271,-1013.88785,2020-03-16 19:44:41.970,10252781.192627702,-353818307.33424664,-151548343.18762684,148553066847.586,-8553454835.290428,-3708323413.9763365,58924.8227079861
46,2020,3,16,19,59,41.97,10098246.099,-11546070.582,-21634561.329,2244.6442,3106.17554,-604.3358599999999,2020-03-16 19:59:41.970,11163808.19748235,-353816237.3477687,-151634550.63903287,148555191454.46906,-8528812140.764106,-3697641907.0571632,58924.83312465277
46,2020,3,16,20,14,41.97,12025339.65,-8658797.075000001,-21989906.318,2031.5922199999998,3300.74397,-184.15077,2020-03-16 20:14:41.970,12074774.338158531,-353812131.21434194,-151719885.46190968,148557311217.94684,-8504169143.639192,-3686960269.0695267,58924.84354131943
46,2020,3,16,20,29,41.97,13744543.418,-5621840.667,-21965028.763,1783.33212,3438.31484,239.37852,2020-03-16 20:29:41.970,12985674.484796,-353805989.86548823,-151804347.55446073,148559426137.93042,-8479525844.732709,-3676278500.3614655,58924.8539579861
46,2020,3,16,20,44,41.97,15226056.503,-2487668.768,-21560229.85,1504.1537899999998,3516.45911,658.8936399999999,2020-03-16 20:44:41.970,13896503.512502342,-353797814.2430469,-151887936.8197577,148561536214.33084,-8454882244.861847,-3665596601.281089,58924.86437465277
46,2020,3,16,20,59,41.97,16444191.445,689530.3609999999,-20782415.419,1198.8949200000002,3533.7878100000003,1067.09784,2020-03-16 20:59:41.970,14807256.301371034,-353787605.29915017,-151970653.1657326,148563641447.0597,-8430238344.843866,-3654914572.1765494,58924.87479131943
46,2020,3,16,21,14,41.97,17377829.543,3854797.302,-19644981.549,872.85562,3489.97911,1456.8867,2020-03-16 21:14:41.970,15717927.736499522,-353775363.9961992,-152052496.50516957,148565741836.02832,-8405594145.49617,-3644232413.3960586,58924.8852079861
46,2020,3,16,21,29,41.97,18010795.242,6953366.704,-18167583.764,531.70418,3385.78569,1821.47564,2020-03-16 21:29:41.970,16628512.708007094,-353761091.30684245,-152133466.75569624,148567837381.14865,-8380949647.6363,-3633550125.287893,58924.89562465277
46,2020,3,16,21,44,41.97,18332142.367,9931630.181,-16375793.748,181.37577,3223.02214,2154.52196,2020-03-16 21:44:41.970,17539006.111052707,-353744788.2139504,-152213563.83977628,148569928082.33292,-8356304852.081881,-3622867708.2003775,58924.90604131943
46,2020,3,16,21,59,41.97,18336346.695,12738078.979,-14300649.712000001,-172.03405,3004.53269,2450.2387200000003,2020-03-16 21:59:41.970,18449402.84585276,-353726455.7105928,-152292787.68470052,148572013939.493,-8331659759.650681,-3612185162.481897,58924.9164579861
46,2020,3,16,22,14,41.97,18023401.183999997,15324208.826,-11978108.698,-522.37883,2734.1396,2703.4984099999997,2020-03-16 22:14:41.970,19359697.81769859,-353706094.8000158,-152371138.22257918,148574094952.54156,-8307014371.16057,-3601502488.4808893,58924.92687465277
46,2020,3,16,22,29,41.97,17398812.116,17645370.084999997,-9448411.058,-863.5715299999999,2416.57339,2909.92414,2020-03-16 22:29:41.970,20269885.936974153,-353683706.4956178,-152448615.39033353,148576171121.39148,-8282368687.429555,-3590819686.5458503,58924.93729131943
46,2020,3,16,22,44,41.97,16473496.383999998,19661547.433,-6755369.146,-1189.69353,2057.38627,3065.96658,2020-03-16 22:44:41.970,21179962.119173184,-353659291.82092625,-152525219.12968752,148578242445.95538,-8257722709.2757435,-3580136757.02534,58924.9477079861
46,2020,3,16,22,59,41.97,15263582.168000001,21338054.751,-3945593.71,-1495.09998,1662.85065,3168.96523,2020-03-16 22:59:41.970,22089921.284916755,-353632851.8095748,-152600949.3871601,148580308926.14667,-8233076437.517368,-3569453700.26796,58924.95812465277
46,2020,3,16,23,14,41.97,13790117.148,22646132.698000003,-1067672.685,-1774.51955,1239.84474,3217.19279,2020-03-16 23:14:41.970,22999758.35997028,-353604387.5052791,-152675806.11405647,148582370561.8785,-8208429872.972785,-3558770516.6223817,58924.96854131943
46,2020,3,16,23,29,41.97,12078690.241,23563438.499,1828682.1130000001,-2023.14656,795.72784,3209.88204,2020-03-16 23:29:41.970,23909468.275260817,-353573899.96181536,-152749789.26646015,148584427353.06482,-8183783016.460473,-3548087206.4373236,58924.9789579861
46,2020,3,16,23,44,41.97,10158974.495000001,24074419.764,4693504.409999999,-2236.7237800000003,338.20781,3147.23477,2020-03-16 23:44:41.970,24819045.966893833,-353541390.24299437,-152822898.80522504,148586479299.61914,-8159135868.798989,-3537403770.0615573,58924.98937465277
46,2020,3,16,23,59,41.97,8064200.213,24170566.565,7477443.004,-2411.61447,-124.79650000000001,3030.4130699999996,2020-03-16 23:59:41.970,25728486.376170356,-353506859.42264074,-152895134.6959666,148588526401.4556,-8134488430.807061,-3526720207.8439255,58924.99979131943
46,2020,3,17,0,14,41.97,5830568.222,23850539.235,10132616.739,-2544.86231,-585.29515,2861.51325,2020-03-17 00:14:41.970,26637784.449603617,-353470308.58456904,-152966496.90905425,148590568658.48856,-8109840703.303485,-3516036520.133306,58925.0102079861
46,2020,3,17,0,29,41.97,3496616.668,23120166.45,12613432.940000001,-2634.2389000000003,-1035.36618,2643.52418,2020-03-17 00:29:41.970,27546935.13893585,-353431738.8225594,-153036985.41960296,148592606070.6323,-8085192687.107206,-3505352707.2786436,58925.02062465277
46,2020,3,17,0,44,41.97,1102547.544,21992326.862000003,14877372.765,-2678.27714,-1467.29259,2380.26896,2020-03-17 00:44:41.970,28455933.40115479,-353391151.2403362,-153106600.20746526,148594638637.80182,-8060544383.037277,-3494668769.6289396,58925.03104131943
46,2020,3,17,0,59,41.97,-1310467.182,20486702.2,16885706.46,-2676.2917,-1873.6929499999999,2076.33445,2020-03-17 00:59:41.970,29364774.198510386,-353348546.95154357,-153175341.25722262,148596666359.91193,-8035895791.9128475,-3483984707.5332465,58925.0414579861
46,2020,3,17,1,14,41.97,-3700993.432,18629419.787,18604145.336000003,-2628.38543,-2247.645,1736.98807,2020-03-17 01:14:41.970,30273452.498531044,-353303927.0797232,-153243208.5581779,148598689236.87775,-8011246914.553207,-3473300521.340674,58925.05187465277
46,2020,3,17,1,29,41.97,-6028042.3719999995,16452587.165000001,20003412.899,-2535.44268,-2582.7997699999996,1368.08428,2020-03-17 01:29:41.970,31181963.274040043,-353257292.7582912,-153310202.10434648,148600707268.6147,-7986597751.777744,-3462616211.400384,58925.06229131943
46,2020,3,17,1,44,41.97,-8251765.859999999,13993728.84,21059727.966,-2399.10968,-2873.48472,975.96282,2020-03-17 01:44:41.970,32090301.503171686,-353208645.13051426,-153376321.8944487,148602720455.03845,-7961948304.405967,-3451931778.061594,58925.0727079861
46,2020,3,17,1,59,41.97,-10334128.752,11295135.647,21755192.971,-2221.76282,-3114.79462,567.34013,2020-03-17 01:59:41.970,32998462.169387545,-353157985.3494879,-153441567.93190143,148604728796.06488,-7937298573.257504,-3441247221.673579,58925.08312465277
46,2020,3,17,2,14,41.97,-12239547.482,8403138.289,22078082.317,-2006.46559,-3302.66898,149.19606,2020-03-17 02:14:41.970,33906440.261492416,-353105314.57811224,-153505940.22480997,148606732291.61002,-7912648559.152083,-3430562542.5856686,58925.09354131943
46,2020,3,17,2,29,41.97,-13935485.091,5367317.421,22023027.247,-1756.915,-3433.9555,-271.34249,2020-03-17 02:29:41.970,34814230.77365031,-353050633.9890702,-153569438.7859598,148608730941.59018,-7887998262.909557,-3419877741.147243,58925.1039579861
46,2020,3,17,2,44,41.97,-15392993.735,2239663.3219999997,21591095.258,-1477.3786,-3506.45863,-687.11926,2020-03-17 02:44:41.970,35721828.70540023,-352993944.7648038,-153632063.6328085,148610724745.92178,-7863347685.349891,-3409192817.707738,58925.11437465277
46,2020,3,17,2,59,41.97,-16587196.603,-926301.378,20789763.617,-1172.62301,-3518.9729700000003,-1091.0660400000002,2020-03-17 02:59:41.970,36629229.06167205,-352935248.09749204,-153693814.78747785,148612713704.52176,-7838696827.293156,-3398507772.6166477,58925.12479131943
46,2020,3,17,3,14,41.97,-17497702.09,-4076422.091,19632787.955,-847.83505,-3471.30127,-1476.3181299999999,2020-03-17 03:14:41.970,37536426.85280211,-352874545.18902695,-153754692.27674493,148614697817.3069,-7814045689.559528,-3387822606.223511,58925.1352079861
46,2020,3,17,3,29,41.97,-18108944.093999997,-7156821.835,18139968.341,-508.53658,-3364.25677,-1836.32646,2020-03-17 03:29:41.970,38443417.09454882,-352811837.250992,-153814696.13203487,148616677084.1946,-7789394272.969328,-3377137318.8779335,58925.14562465277
46,2020,3,17,3,44,41.97,-18410443.259,-10114805.901,16336816.589,-160.49421,-3199.65001,-2164.96472,2020-03-17 03:44:41.970,39350194.80810805,-352747125.50463855,-153873826.38941213,148618651505.10208,-7764742578.342955,-3366451910.9295673,58925.15604131943
46,2020,3,17,3,59,41.97,-18396985.109,-12899747.653,14254129.865999999,190.37491,-2980.26012,-2456.63017,2020-03-17 03:59:41.970,40256755.020128615,-352680411.1808632,-153932083.08957273,148620621079.94717,-7740090606.500939,-3355766382.728115,58925.1664579861
46,2020,3,17,4,14,41.97,-18068712.067,-15463941.671,11927476.988,538.10002,-2709.791,-2706.33667,2020-03-17 04:14:41.970,41163092.76272762,-352611695.5201855,-153989466.2778358,148622585808.64777,-7715438358.263914,-3345080734.6233454,58925.17687465277
46,2020,3,17,4,29,41.97,-17431127.541,-17763410.741,9396605.025,876.755,-2392.81268,-2909.79848,2020-03-17 04:29:41.970,42069203.07350562,-352540979.7727244,-154045976.00413567,148624545691.12186,-7690785834.452612,-3334394966.965064,58925.18729131943
46,2020,3,17,4,44,41.97,-16495011.484,-19758653.692,6704775.112000001,1200.5566000000001,-2034.68864,-3063.50358,2020-03-17 04:44:41.970,42975080.995561674,-352468265.19817674,-154101612.3230136,148626500727.2878,-7666133035.887909,-3323709080.1031446,58925.1977079861
46,2020,3,17,4,59,41.97,-15276248.099,-21415321.72,3898037.498,1503.96121,-1641.48971,-3164.77516,2020-03-17 04:59:41.970,43880721.577508464,-352393553.0657934,-154156375.29360983,148628450917.06427,-7641479963.390751,-3313023074.387507,58925.20812465277
46,2020,3,17,5,14,41.97,-13795567.694,-22704811.673,1024457.001,1781.75862,-1219.8958200000002,-3211.8201599999998,2020-03-17 05:14:41.970,44786119.8734872,-352316844.6543579,-154210264.97965533,148630396260.37003,-7616826617.782237,-3302336950.168128,58925.21854131943
46,2020,3,17,5,29,41.97,-12078206.082,-23604765.809,-1866698.983,2029.1612300000002,-777.08669,-3203.76378,2020-03-17 05:29:41.970,45691270.94318251,-352238141.2521629,-154263281.44946387,148632336757.12402,-7592172999.8835335,-3291650707.795029,58925.2289579861
46,2020,3,17,5,44,41.97,-10153486.285,-24099468.814,-4725796.8719999995,2241.88722,-320.62306,-3140.6690799999997,2020-03-17 05:44:41.970,46596169.85183723,-352157444.15698797,-154315424.7759235,148634272407.24545,-7567519110.515948,-3280964347.6182976,58925.23937465277
46,2020,3,17,5,59,41.97,-8054328.701,-24180134.336,-7503684.0,2416.23612,141.67974999999998,-3023.54103,2020-03-17 05:59:41.970,47500811.67026701,-352074754.676077,-154366695.03648898,148636203210.65396,-7542864950.500876,-3270277869.9880652,58925.24979131943
46,2020,3,17,6,14,41.97,-5816697.227,-23845074.956,-10152532.196,2549.15533,601.8840399999999,-2854.31466,2020-03-17 06:14:41.970,48405191.47487492,-351990074.1261164,-154417092.31317338,148638129167.26926,-7518210520.6598425,-3259591275.254515,58925.2602079861
46,2020,3,17,6,29,41.97,-3478990.094,-23099751.428,-12626663.388,2638.2962399999997,1052.06549,-2635.82694,2020-03-17 06:29:41.970,49309304.34766603,-351903403.83321166,-154466616.6925401,148640050277.01114,-7493555821.814466,-3248904563.767894,58925.27062465277
46,2020,3,17,6,44,41.97,-1081385.342,-21956698.982,-14883342.764999999,2682.05872,1484.4501599999999,-2371.77283,2020-03-17 06:44:41.970,50213145.37626182,-351814745.13286555,-154515268.26569474,148641966539.7998,-7468900854.786471,-3238217735.8784885,58925.28104131943
46,2020,3,17,6,59,41.97,1334848.1469999999,-20435330.705000002,-16883525.334999997,2679.62302,1891.55027,-2066.64578,2020-03-17 06:59:41.970,51116709.65391443,-351724099.36995554,-154563047.128277,148643877955.55576,-7444245620.397704,-3227530791.9366446,58925.2914579861
46,2020,3,17,7,14,41.97,3728062.293,-18561620.166,-18592542.248999998,2630.96814,2266.2963299999997,-1725.6635899999999,2020-03-17 07:14:41.970,52019992.27952102,-351631467.8987111,-154609953.3804525,148645784524.19946,-7419590119.470112,-3216843732.292761,58925.30187465277
46,2020,3,17,7,29,41.97,6056951.750999999,-16367667.738,-19980714.158999998,2536.8762500000003,2602.16306,-1354.6805399999998,2020-03-17 07:29:41.970,52922988.35763789,-351536852.0826924,-154655987.12690526,148647686245.65192,-7394934352.825747,-3206156557.297285,58925.31229131943
46,2020,3,17,7,44,41.97,8281273.351,-13891157.273999998,-21023879.969,2398.92272,2893.28671,-960.08754,2020-03-17 07:44:41.970,53825692.99849451,-351440253.29476726,-154701148.47682875,148649583119.8342,-7370278321.286757,-3195469267.3007154,58925.3227079861
46,2020,3,17,7,59,41.97,10362550.099,-11174711.952,-21703830.773000002,2219.45177,3134.57147,-548.70159,2020-03-17 07:59:41.970,54728101.318007685,-351341672.9170889,-154745437.54391864,148651475146.66748,-7345622025.675432,-3184781862.6536117,58925.33312465277
46,2020,3,17,8,14,41.97,12264746.91,-8265160.091,-22008640.355,2001.53807,3321.78274,-127.64677999999999,2020-03-17 08:14:41.970,55630208.437795244,-351241112.3410737,-154788854.44636425,148653362326.07352,-7320965466.814129,-3174094343.706573,58925.34354131943
46,2020,3,17,8,29,41.97,13954905.588,-5212723.628,-21932885.505999997,1748.93474,3451.62544,295.77119,2020-03-17 08:29:41.970,56532009.4851902,-351138572.9673798,-154831399.306841,148655244657.97372,-7296308645.525336,-3163406710.8102636,58925.3539579861
46,2020,3,17,8,44,41.97,15403727.205,-2070143.5259999998,-21477751.398000002,1466.00857,3521.8056199999996,714.19453,2020-03-17 08:44:41.970,57433499.5932541,-351034056.20588386,-154873072.25250158,148657122142.29056,-7271651562.63164,-3152718964.3153887,58925.36437465277
46,2020,3,17,8,59,41.97,16586090.886000002,1108242.2140000002,-20651019.402999997,1157.6637,3531.07395,1120.3446900000001,2020-03-17 08:59:41.970,58334673.900791,-350927563.4756595,-154913873.41496873,148658994778.94592,-7246994218.955732,-3142031104.5727115,58925.37479131943
46,2020,3,17,9,14,41.97,17481499.133,4267451.2,-19466936.994,829.25495,3479.25022,1507.15263,2020-03-17 09:14:41.970,59235527.55236101,-350819096.2049554,-154953802.93032688,148660862567.86246,-7222336615.3203945,-3131343131.9330354,58925.3852079861
46,2020,3,17,9,29,41.97,18074441.155,7352822.483,-17945971.649,486.49255000000005,3367.2281000000003,1867.8859,2020-03-17 09:29:41.970,60136055.698293686,-350708655.83117247,-154992860.93911403,148662725508.96277,-7197678752.548558,-3120655046.74724,58925.39562465277
46,2020,3,17,9,44,41.97,18354667.201,10310977.702,-16114452.950000001,135.33998,3196.95992,2196.26962,2020-03-17 09:44:41.970,61036253.49470157,-350596243.8008432,-155031047.5863139,148664583602.16974,-7173020631.463207,-3109966849.366227,58925.40604131943
46,2020,3,17,9,59,41.97,18317368.628,13090759.637,-14004109.324,-218.09302,2971.42179,2486.5991799999997,2020-03-17 09:59:41.970,61936116.10349359,-350481861.5696081,-155068363.02134788,148666436847.4067,-7148362252.88746,-3099278540.1409698,58925.4164579861
46,2020,3,17,10,14,41.97,17963260.248999998,15644130.675,-11651507.979,-567.66023,2694.5595,2733.8423500000004,2020-03-17 10:14:41.970,62835638.692388125,-350365510.60219485,-155104807.398067,148668285244.59683,-7123703617.6445265,-3088590119.4224796,58925.42687465277
46,2020,3,17,10,29,41.97,17298563.503000002,17927014.423,-9097408.534,-907.28925,2371.21652,2933.72865,2020-03-17 10:29:41.970,63734816.434926346,-350247192.3723961,-155140380.8747441,148670128793.66394,-7099044726.5577345,-3077901587.5618315,58925.43729131943
46,2020,3,17,10,44,41.97,16334890.932,19900064.875,-6386042.585999999,-1231.0901000000001,2007.04531,3082.8242600000003,2020-03-17 10:44:41.970,64633644.5104854,-350126908.3630474,-155175083.6140653,148671967494.53168,-7074385580.450508,-3067212944.9101434,58925.4477079861
46,2020,3,17,10,59,41.97,15089034.461,21529349.044999998,-3564332.897,-1533.46005,1608.404,3178.5910799999997,2020-03-17 10:59:41.970,65532118.10429131,-350004660.0660053,-155208915.78312305,148673801347.12433,-7049726180.146368,-3056524191.8185806,58925.45812465277
46,2020,3,17,11,14,41.97,13582661.889999999,22786930.785,-681067.014,-1809.18244,1182.24055,3219.4288,2020-03-17 11:14:41.970,66430232.40743201,-349880448.98212606,-155241877.553407,148675630351.36603,-7025066526.468938,-3045835328.6383686,58925.46854131943
46,2020,3,17,11,29,41.97,11841927.815,23651345.643,2213959.088,-2053.51769,735.9668499999999,3204.69936,2020-03-17 11:29:41.970,67327982.61687021,-349754276.62124354,-155273969.100797,148677454507.1815,-7000406620.24196,-3035146355.7207766,58925.4789579861
46,2020,3,17,11,44,41.97,9897006.788,24107958.868,5070811.338,-2262.28483,277.32543,3134.73357,2020-03-17 11:44:41.970,68225363.93545613,-349626144.5021471,-155305190.60555425,148679273814.49533,-6975746462.28926,-3024457273.4171267,58925.48937465277
46,2020,3,17,11,59,41.97,7781557.9969999995,24149201.126,7840285.871,-2431.9320000000002,-185.74854,3010.8200100000004,2020-03-17 11:59:41.970,69122371.57194044,-349496054.1525607,-155335542.25231442,148681088273.2326,-6951086053.434772,-3013768082.0787897,58925.49979131943
46,2020,3,17,12,14,41.97,5532131.838,23774678.965,10474759.618,-2559.5948200000003,-645.26716,2835.17689,2020-03-17 12:14:41.970,70019000.74098665,-349364007.1091205,-155365024.2300786,148682897883.31866,-6926425394.502545,-3003078782.057191,58925.5102079861
46,2020,3,17,12,29,41.97,3187529.684,22991159.523,12929008.175,-2643.1419699999997,-1093.3289100000002,2610.9076999999997,2020-03-17 12:29:41.970,70915246.66318393,-349230004.91735333,-155393636.73220617,148684702644.6789,-6901764486.316704,-2992389373.7037983,58925.52062465277
46,2020,3,17,12,44,41.97,788128.738,21812431.324,15160976.946,-2681.20714,-1522.25445,2341.94191,2020-03-17 12:44:41.970,71811104.56505945,-349094049.13165575,-155421379.9564065,148686502557.23898,-6877103329.701505,-2981699857.3701386,58925.53104131943
46,2020,3,17,12,59,41.97,-1624815.819,20259045.236,17132492.737,-2673.20749,-1924.71678,2032.96222,2020-03-17 12:59:41.970,72706569.67909083,-348956141.31527144,-155448254.10473105,148688297620.92493,-6852441925.481283,-2971010233.407786,58925.5414579861
46,2020,3,17,13,14,41.97,-4009879.113,18357941.656999998,18809904.416,-2619.34845,-2293.8635999999997,1689.31996,2020-03-17 13:14:41.970,73601637.24371864,-348816283.0402707,-155474259.38356572,148690087835.66278,-6827780274.480473,-2960320502.168355,58925.55187465277
46,2020,3,17,13,29,41.97,-6326173.186,16141971.775,20164642.785,-2520.61526,-2623.43003,1316.94048,2020-03-17 13:29:41.970,74496302.50335856,-348674475.8875282,-155499396.0036224,148691873201.37915,-6803118377.523625,-2949630664.0035233,58925.56229131943
46,2020,3,17,13,44,41.97,-8534040.219,13649322.266999999,21173691.437000003,-2378.75176,-2907.8402300000002,922.22025,2020-03-17 13:44:41.970,75390560.70841363,-348530721.4467015,-155523664.17993182,148693653718.00058,-6778456235.435381,-2938940719.265009,58925.5727079861
46,2020,3,17,13,59,41.97,-10595721.194,10922854.074000001,21819962.02,-2196.2271499999997,-3142.29656,511.91759,2020-03-17 13:59:41.970,76284407.11528629,-348385021.31621057,-155547064.13183504,148695429385.45386,-6753793849.040478,-2928250668.3045845,58925.58312465277
46,2020,3,17,14,14,41.97,-12475989.496,8009366.93,22092568.973,-1976.19148,-3322.85523,93.03889,2020-03-17 14:14:41.970,77177836.98639056,-348237377.10321516,-155569596.0829759,148697200203.6661,-6729131219.163759,-2917560511.4740696,58925.59354131943
46,2020,3,17,14,29,41.97,-14142739.730999999,4958802.1280000005,21987000.413000003,-1722.42081,-3446.4878099999996,-327.27806999999996,2020-03-17 14:29:41.970,78070845.59016411,-348087790.42359424,-155591260.26129293,148698966172.56482,-6704468346.6301775,-2906870249.125336,58925.6039579861
46,2020,3,17,14,44,41.97,-15567522.918000001,1823396.604,21505183.421,-1439.25302,-3511.12781,-741.8819100000001,2020-03-17 14:44:41.970,78963428.20108007,-347936262.9019242,-155612056.8990116,148700727292.07745,-6679805232.264753,-2896179881.6103,58925.61437465277
46,2020,3,17,14,59,41.97,-16726020.066000002,-1343198.101,20655443.441,-1131.5152500000002,-3515.7021,-1143.7248399999999,2020-03-17 14:59:41.970,79855580.09965879,-347782796.17145836,-155631986.23263672,148702483562.13177,-6655141876.892634,-2885489409.280927,58925.62479131943
46,2020,3,17,15,14,41.97,-17598447.141,-4486818.176,19452359.008,-804.4442,-3460.1467900000002,-1525.97782,2020-03-17 15:14:41.970,80747296.5724798,-347627391.87410456,-155651048.50294405,148704234982.65594,-6630478281.339058,-2874798832.489238,58925.6352079861
46,2020,3,17,15,29,41.97,-18169885.389,-7553697.186000001,17916514.361,-463.60014,-3345.40757,-1882.1420799999999,2020-03-17 15:29:41.970,81638572.9121935,-347470051.66040456,-155669243.95497292,148705981553.57812,-6605814446.429357,-2864108151.5872946,58925.64562465277
46,2020,3,17,15,44,41.97,-18430531.996999998,-10491368.964,16074153.877,-114.77605,-3173.42441,-2206.15554,2020-03-17 15:44:41.970,82529404.41753283,-347310777.18951344,-155686572.83801812,148707723274.8269,-6581150372.988962,-2853417366.927214,58925.65604131943
46,2020,3,17,15,59,41.97,-18375867.157,-13249549.808,13956743.598,236.09707,-2947.10086,-2492.4926100000002,2020-03-17 15:59:41.970,83419786.39332457,-347149570.12917715,-155703035.40562218,148709460146.33102,-6556486061.843416,-2842726478.861158,58925.6664579861
46,2020,3,17,16,14,41.97,-18006734.688,-15780986.198,11600446.377,583.04738,-2670.25823,-2736.25608,2020-03-17 16:14:41.970,84309714.15050136,-346986432.1557128,-155718631.91556767,148711192168.01938,-6531821513.818325,-2832035487.741336,58925.67687465277
46,2020,3,17,16,29,41.97,-17329334.56,-18042254.629,9045518.474000001,920.16058,-2347.57508,-2933.2596,2020-03-17 16:29:41.970,85199183.00611258,-346821364.9539858,-155733362.6298694,148712919339.82138,-6507156729.739426,-2821344393.9200106,58925.68729131943
46,2020,3,17,16,44,41.97,-16355126.885,-19994500.607,6335636.625,1241.67804,-1984.51267,-3080.09948,2020-03-17 16:44:41.970,86088188.28333604,-346654370.21739125,-155747227.8147661,148714641661.66614,-6482491710.432543,-2810653197.749491,58925.6977079861
46,2020,3,17,16,59,41.97,-15100648.214000002,-21604104.575000003,3517165.7879999997,1542.09327,-1587.22726,-3174.2144799999996,2020-03-17 16:59:41.970,86976725.31148937,-346485449.64783096,-155760227.7407135,148716359133.48355,-6457826456.72358,-2799961899.5821266,58925.70812465277
46,2020,3,17,17,14,41.97,-13587242.351000002,-22843263.347,638378.8809999999,1816.24517,-1162.47028,-3213.93255,2020-03-17 17:14:41.970,87864789.42604102,-346314604.95569277,-155772362.68237573,148718071755.2036,-6433160969.438566,-2789270499.7703285,58925.71854131943
46,2020,3,17,17,29,41.97,-11840709.223,-23690476.748,-2251359.2290000003,2059.40661,-717.47772,-3198.5034,2020-03-17 17:29:41.970,88752375.96862155,-346141837.8598302,-155783632.91861826,148719779526.7564,-6408495249.403592,-2778578998.666547,58925.7289579861
46,2020,3,17,17,44,41.97,-9890876.786999999,-24130930.409,-5102430.343,2267.36667,-259.85029,-3128.1160200000004,2020-03-17 17:44:41.970,89639480.28703466,-345967150.0875419,-155794038.7324995,148721482448.0723,-6383829297.44487,-2767887396.623278,58925.73937465277
46,2020,3,17,17,59,41.97,-7771102.275,-24156767.189999998,-7865810.364,2436.50511,202.57393000000002,-3003.90062,2020-03-17 17:59:41.970,90526097.73526844,-345790543.37454945,-155803580.41126359,148723180519.08194,-6359163114.388707,-2757195693.9930773,58925.74979131943
46,2020,3,17,18,14,41.97,-5517710.479,-23767241.419000003,-10493911.291000001,2563.85764,661.85225,-2827.91462,2020-03-17 18:14:41.970,91412223.67350587,-345612019.4649776,-155812258.24633217,148724873739.71616,-6334496701.061489,-2746503891.1285324,58925.7602079861
46,2020,3,17,18,29,41.97,-3169377.958,-22968751.983,-12941403.296,2647.17056,1110.07338,-2603.11242,2020-03-17 18:29:41.970,92297853.46813653,-345431580.1113335,-155820072.53329694,148726562109.90598,-6309830058.289705,-2735811988.3822904,58925.77062465277
46,2020,3,17,18,44,41.97,-766473.264,-21774752.413,-15166002.447999999,2684.9437,1539.49439,-2333.29927,2020-03-17 18:44:41.970,93182982.49176665,-345249227.0744849,-155827023.57191196,148728245629.58282,-6285163186.8999405,-2725119986.1070404,58925.78104131943
46,2020,3,17,18,59,41.97,1649635.801,-20205538.208,-17129209.966,2676.46059,1942.67616,-2023.06988,2020-03-17 18:59:41.970,94067606.12323031,-345064962.1236407,-155833111.66608602,148729924298.6783,-6260496087.718877,-2714427884.6555233,58925.7914579861
46,2020,3,17,19,14,41.97,4037296.016,-18287913.897,-18796989.514000002,2621.8050399999997,2312.61473,-1677.73226,2020-03-17 19:14:41.970,94951719.74759996,-344878787.03633,-155838337.12387434,148731598117.1242,-6235828761.573278,-2703735684.3805227,58925.80187465277
46,2020,3,17,19,29,41.97,6355291.219,-16054744.566,-20140369.885,2521.86372,2642.8663,-1303.2182699999998,2020-03-17 19:29:41.970,95835318.7561973,-344690703.5983803,-155842700.25747165,148733267084.8525,-6211161209.290016,-2693043385.634868,58925.81229131943
46,2020,3,17,19,44,41.97,8563560.611000001,-13544398.798,-21135961.671,2378.3142700000003,2927.66315,-905.98223,2020-03-17 19:44:41.970,96718398.54660375,-344500713.60389864,-155846201.38320407,148734931201.79556,-6186493431.696047,-2682350988.771441,58925.8227079861
46,2020,3,17,19,59,41.97,10623899.950000001,-10800092.105,-21766377.852,2193.59917,3162.01845,-492.88908999999995,2020-03-17 19:59:41.970,97600954.52267085,-344308818.85524964,-155848840.82152137,148736590467.88583,-6161825429.6184225,-2671658494.1431694,58925.83312465277
46,2020,3,17,20,14,41.97,12500632.814000001,-7869141.905,-22020549.964,1970.88547,3341.81771,-71.09454,2020-03-17 20:14:41.970,98482982.094531,-344115021.163036,-155850618.89698964,148738244883.05597,-6137157203.884274,-2660965902.103019,58925.84354131943
46,2020,3,17,20,29,41.97,14161239.522,-4802146.9459999995,-21893933.319,1714.01106,3463.89491,352.08122,2020-03-17 20:29:41.970,99364476.6786077,-343919322.3460771,-155851535.93828315,148739894447.23917,-6112488755.320857,-2650273213.0040193,58925.8539579861
46,2020,3,17,20,44,41.97,15576931.966,-1652105.6670000001,-21388596.819,1427.41838,3526.09182,769.28338,2020-03-17 20:44:41.970,100245433.69762589,-343721724.2313888,-155851592.27817735,148741539160.36853,-6087820084.755488,-2639580427.1992297,58925.86437465277
46,2020,3,17,20,59,41.97,16723163.470999999,1526510.7089999998,-20513195.018,1116.07656,3527.29909,1173.2538299999999,2020-03-17 20:59:41.970,101125848.58062224,-343522228.65416396,-155850788.25354066,148743179022.3775,-6063151193.015598,-2628887545.041767,58925.87479131943
46,2020,3,17,21,14,41.97,17580063.986,4678713.466,-19282822.391999997,785.39355,3467.47811,1556.96119,2020-03-17 21:14:41.970,102005716.76295558,-343320837.45775026,-155849124.20532683,148744814033.19986,-6038482080.9286785,-2618194566.8847837,58925.8852079861
46,2020,3,17,21,29,41.97,18132792.248000003,7749962.538,-17718752.03,441.11982,3347.6631700000003,1913.7271899999998,2020-03-17 21:29:41.970,102885033.68631671,-343117552.4936318,-155846600.47856796,148746444192.76953,-6013812749.322356,-2607501493.0814977,58925.89562465277
46,2020,3,17,21,44,41.97,18371798.137999997,10687125.594999999,-15848063.247,89.24540999999999,3169.94365,2237.34674,2020-03-17 21:44:41.970,103763794.79873878,-342912375.62140685,-155843217.42236614,148748069501.02072,-5989143199.024313,-2596808323.985149,58925.90604131943
46,2020,3,17,21,59,41.97,18292990.186,13439412.205,-13703164.858000001,-264.10759,2937.42655,2522.1993199999997,2020-03-17 21:59:41.970,104641995.55460721,-342705308.70876914,-155838975.38988626,148749689957.8877,-5964473430.862338,-2586115059.9490385,58925.9164579861
46,2020,3,17,22,14,41.97,17897805.036000002,15959265.642,-11321222.937,-612.795,2654.17994,2763.34949,2020-03-17 22:14:41.970,105519631.41466972,-342496353.63148725,-155833874.7383483,148751305563.3051,-5939803445.6643095,-2575421701.3265123,58925.92687465277
46,2020,3,17,22,29,41.97,17193177.641999997,18203195.726000004,-8743503.809,-950.76079,2325.1586899999998,2956.63445,2020-03-17 22:29:41.970,106396697.84604625,-342285512.27338356,-155827915.82901967,148752916317.2081,-5915133244.258178,-2564728248.4709554,58925.93729131943
46,2020,3,17,22,44,41.97,16191412.984000001,20132537.257,-6014644.732,-1272.14538,1956.11375,3098.73688,2020-03-17 22:44:41.970,107273190.32223892,-342072786.5263149,-155821099.02720785,148754522219.53152,-5890462827.472015,-2554034701.735809,58925.9477079861
46,2020,3,17,22,59,41.97,14909962.014999999,21714120.205,-3181866.113,-1571.38975,1553.48705,3187.24183,2020-03-17 22:59:41.970,108149104.3231417,-341858178.29015255,-155813424.70225275,148756123270.21075,-5865792196.133965,-2543341061.47455,58925.95812465277
46,2020,3,17,23,14,41.97,13371106.539,22920839.634,-294140.21400000004,-1843.33341,1124.29421,3220.6764200000002,2020-03-17 23:14:41.970,109024435.33505026,-341641689.4727612,-155804893.22751883,148757719469.1816,-5841121351.072258,-2532647328.040706,58925.96854131943
46,2020,3,17,23,29,41.97,11601559.405,23732115.49,2598668.009,-2083.30429,675.9975000000001,3198.53194,2020-03-17 23:29:41.970,109899178.85067153,-341423321.9899802,-155795504.98038816,148759310816.3796,-5816450293.115221,-2521953501.78785,58925.9789579861
46,2020,3,17,23,44,41.97,9631988.094,24134234.711,5446671.886,-2287.19887,216.37185,3121.2680800000003,2020-03-17 23:44:41.970,110773330.36913359,-341203077.76560205,-155785260.3422524,148760897311.7412,-5791779023.091262,-2511259583.069598,58925.98937465277
46,2020,3,17,23,59,41.97,7496471.080999999,24120570.527,8200829.873000001,-2451.55118,-246.63362999999998,2990.29952,2020-03-17 23:59:41.970,111646885.39599517,-340980958.7313538,-155774159.69850537,148762478955.20245,-5767107541.828886,-2500565572.239613,58925.99979131943
46,2020,3,18,0,14,41.97,5231897.387,23691677.068,10813793.581,-2573.58952,-705.0355099999999,2807.9654299999997,2020-03-18 00:14:41.970,112519839.44325508,-340756966.8268761,-155762203.4385359,148764055746.7,-5742435850.156684,-2489871469.651604,58926.0102079861
46,2020,3,18,0,29,41.97,2877321.645,22855254.575999998,13240716.193,-2651.28054,-1150.95476,2577.48359,2020-03-18 00:29:41.970,113392188.02936165,-340531103.999704,-155749391.95571953,148765627686.17056,-5717763948.903337,-2479177275.659324,58926.02062465277
46,2020,3,18,0,44,41.97,473284.045,21625998.748000003,15440022.587,-2683.35903,-1576.75217,2302.8883699999997,2020-03-18 00:44:41.970,114263926.67922243,-340303372.2052462,-155735725.64741197,148767194773.55124,-5693091838.897604,-2468482990.616571,58926.03104131943
46,2020,3,18,0,59,41.97,-1938888.905,20025323.251999997,17374107.801999997,-2669.34485,-1975.15734,1988.95688,2020-03-18 00:59:41.970,115135050.92421326,-340073773.4067665,-155721204.91494095,148768757008.7793,-5668419520.968343,-2457788614.877184,58926.0414579861
46,2020,3,18,1,14,41.97,-4317793.477,18080973.334999997,19009968.564,-2609.5459499999997,-2339.38993,1641.12276,2020-03-18 01:14:41.970,116005556.30218776,-339842309.5753625,-155705830.16359878,148770314391.79224,-5643746995.944488,-2447094148.7950525,58926.05187465277
46,2020,3,18,1,29,41.97,-6622654.391,15826533.872,20319751.723,-2505.0481800000002,-2663.27097,1265.3804,2020-03-18 01:29:41.970,116875438.35748658,-339608982.6899469,-155689601.80263552,148771866922.52774,-5619074264.65507,-2436399592.7241073,58926.06229131943
46,2020,3,18,1,44,41.97,-8814015.608,13300842.209,21281212.715,-2357.6925,-2941.32294,868.18106,2020-03-18 01:44:41.970,117744692.64094642,-339373794.73722744,-155672520.2452507,148773414600.92377,-5594401327.929208,-2425704947.0183306,58926.0727079861
46,2020,3,18,1,59,41.97,-10854405.148,10547316.554000001,21878077.671,-2170.0402099999997,-3168.8571300000003,456.32295,2020-03-18 01:59:41.970,118613314.70990948,-339136747.71168715,-155654585.90858626,148774957426.91873,-5569728186.596095,-2415010212.0317335,58926.08312465277
46,2020,3,18,2,14,41.97,-12708963.535,7613211.742000001,22100304.468,-1945.32706,-3342.0475500000002,36.83686,2020-03-18 02:14:41.970,119481300.12823245,-338897843.61556447,-155635799.21371922,148776495400.45102,-5545054841.485028,-2404315388.1183896,58926.09354131943
46,2020,3,18,2,29,41.97,-14346026.261000002,4548814.91,21944239.605,-1687.40707,-3457.99044,-383.13068,2020-03-18 02:29:41.970,120348644.46629532,-338657084.45883435,-155616160.5856541,148778028521.45923,-5520381293.425377,-2393620475.6324077,58926.1039579861
46,2020,3,18,2,44,41.97,-15737651.502999999,1406594.2580000001,21412669.342,-1400.68724,-3514.74892,-796.43523,2020-03-18 02:44:41.970,121215343.30101083,-338414472.2591876,-155595670.45331556,148779556789.88257,-5495707543.24659,-2382925474.927938,58926.11437465277
46,2020,3,18,2,59,41.97,-16860085.257,-1759685.5089999998,20514765.025000002,-1090.0539600000002,-3511.3823599999996,-1196.0515,2020-03-18 02:59:41.970,122081392.21583304,-338170009.04201263,-155574329.24954087,148781080205.65985,-5471033591.778223,-2372230386.3591795,58926.12479131943
46,2020,3,18,3,14,41.97,-17694157.001,-4895867.219,19265923.989,-760.7923599999999,-3447.96025,-1575.18812,2020-03-18 03:14:41.970,122946786.80076633,-337923696.84037435,-155552137.41107282,148782598768.73074,-5446359439.849903,-2361535210.2803745,58926.1352079861
46,2020,3,18,3,29,41.97,-18225599.958,-7948310.711,17687508.777,-418.49965,-3325.56042,-1927.39854,2020-03-18 03:29:41.970,123811522.6523744,-337675537.69499636,-155529095.378552,148784112479.03482,-5421685088.291337,-2350839947.0458083,58926.14562465277
46,2020,3,18,3,44,41.97,-18445291.12,-10864793.729999999,15806488.804000001,-68.99362,-3146.2517700000003,-2246.68667,2020-03-18 03:44:41.970,124675595.37378874,-337425533.6542399,-155505203.5965094,148785621336.5121,-5397010537.932327,-2340144597.009807,58926.15604131943
46,2020,3,18,3,59,41.97,-18349407.180999998,-13595390.281,13654989.889,281.78247,-2913.0614800000003,-2527.6057600000004,2020-03-18 03:59:41.970,125539000.57471777,-337173686.77408606,-155480462.51335967,148787125341.10248,-5372335789.602765,-2329449160.52675,58926.1664579861
46,2020,3,18,4,14,41.97,-17939493.740000002,-16093312.711000001,11269758.396,627.8573600000001,-2629.92725,-2765.3490500000003,2020-03-18 04:14:41.970,126401733.87145516,-336919999.1181152,-155454872.5813928,148788624492.7467,-5347660844.1326065,-2318753637.951048,58926.17687465277
46,2020,3,18,4,29,41.97,-17222446.231000002,-18315704.151,8691547.94,963.33021,-2301.63487,-2955.83095,2020-03-18 04:29:41.970,127263790.8868889,-336664472.7574876,-155428434.25676775,148790118791.3851,-5322985702.351904,-2308058029.637162,58926.18729131943
46,2020,3,18,4,44,41.97,-16210402.332,-20224368.463999998,5964437.890000001,1282.46865,-1933.7419,-3095.75722,2020-03-18 04:44:41.970,128125167.25050947,-336407109.7709252,-155401147.99950445,148791608236.95877,-5298310365.090797,-2297362335.939595,58926.1977079861
46,2020,3,18,4,59,41.97,-14920546.887,-21786425.549,3135094.0059999996,1579.80492,-1532.48826,-3182.68316,2020-03-18 04:59:41.970,128985858.59841844,-336147912.2446912,-155373014.27347684,148793092829.40848,-5273634833.179503,-2286666557.212897,58926.20812465277
46,2020,3,18,5,14,41.97,-13374831.693,-22974880.735999998,251982.67,1850.22864,-1104.69496,-3215.0584200000003,2020-03-18 05:14:41.970,129845860.57333732,-335886882.27257156,-155344033.54640508,148794572568.6759,-5248959107.448314,-2275970693.811648,58926.21854131943
46,2020,3,18,5,29,41.97,-11599613.928000001,-23769098.119999997,-2635448.903,2089.07461,-657.65212,-3192.25758,2020-03-18 05:29:41.970,130705168.82461584,-335624021.95585525,-155314206.28984886,148796047454.70245,-5224283188.727624,-2265274746.0904884,58926.2289579861
46,2020,3,18,5,44,41.97,-9625218.338000001,-24155168.984,-5477613.2299999995,2292.20414,-198.99810000000002,-3114.59565,2020-03-18 05:44:41.970,131563779.00824007,-335359333.40331584,-155283532.97919995,148797517487.43005,-5199607077.847898,-2254578714.404091,58926.23937465277
46,2020,3,18,5,59,41.97,-7485429.711,-24126168.015,-8225630.054,2456.07841,263.40862999999996,-2983.3278600000003,2020-03-18 05:59:41.970,132421686.78684111,-335092818.73119175,-155252014.09367457,148798982666.8007,-5174930775.639681,-2243882599.107176,58926.24979131943
46,2020,3,18,6,14,41.97,-5216923.461,-23682291.717,-10832166.462,2577.8224299999997,721.6228,-2800.63347,2020-03-18 06:14:41.970,133278887.82970335,-334824480.063167,-155219650.11630628,148800442992.75677,-5150254282.933596,-2233186400.5544996,58926.2602079861
46,2020,3,18,6,29,41.97,-2858643.405,-22830875.364,-13252255.156,2655.27821,1167.74858,-2569.5834400000003,2020-03-18 06:29:41.970,134135377.81277268,-334554319.53035253,-155186441.5339393,148801898465.24075,-5125577600.560367,-2222490119.100871,58926.27062465277
46,2020,3,18,6,44,41.97,-451136.92500000005,-21586286.876,-15444076.473,2687.0461099999998,1594.07643,-2294.09222,2020-03-18 06:44:41.970,134991152.41866452,-334282339.27126765,-155152388.83722016,148803349084.1954,-5100900729.3507805,-2211793755.1011286,58926.28104131943
46,2020,3,18,6,59,41.97,1964141.338,-19969698.167,-17369690.105,2672.51326,1993.21813,-1978.85432,2020-03-18 06:59:41.970,135846207.33667246,-334008541.43182015,-155117492.52059165,148804794849.56384,-5076223670.135712,-2201097308.9101663,58926.2914579861
46,2020,3,18,7,14,41.97,4345545.285999999,-18008736.740000002,-18995703.125,2611.8683699999997,2358.23742,-1629.26641,2020-03-18 07:14:41.970,136700538.26277587,-333732928.1652877,-155081753.0822846,148806235761.28937,-5051546423.746129,-2190400780.8829155,58926.30187465277
46,2020,3,18,7,29,41.97,6651960.182,-15737022.565,-20293861.836,2506.10243,2682.7739199999996,-1251.33611,2020-03-18 07:29:41.970,137554140.8996483,-333455501.6322991,-155045171.0243112,148807671819.3154,-5026868991.013051,-2179704171.3743477,58926.31229131943
46,2020,3,18,7,44,41.97,8843519.601,-13193597.439,-21241556.169,2356.99502,2961.15773,-851.5791499999999,2020-03-18 07:44:41.970,138407010.95666564,-333176264.00081533,-155007746.85245776,148809103023.58575,-5002191372.767604,-2169007480.739475,58926.3227079861
46,2020,3,18,7,59,41.97,10882303.603,-10422256.192000002,-21822226.808,2167.0862199999997,3188.51257,-436.90636,2020-03-18 07:59:41.970,139259144.14991337,-332895217.4461103,-154969481.0762773,148810529374.0443,-4977513569.8409815,-2158310709.3333573,58926.33312465277
46,2020,3,18,8,14,41.97,12733005.318,-7470791.041999999,-22025666.904000003,1939.63463,3360.84531,-14.50278,2020-03-18 08:14:41.970,140110536.20219567,-332612364.1507531,-154930374.20908272,148811950870.6355,-4952835583.064459,-2147613857.5110908,58926.34354131943
46,2020,3,18,8,29,41.97,14363553.624,-4390162.21,-21848212.129,1678.56188,3475.1200299999996,408.29918,2020-03-18 08:29:41.970,140961182.84304225,-332327706.304588,-154890426.76793933,148813367513.30374,-4928157413.269397,-2136916925.6278205,58926.3539579861
46,2020,3,18,8,44,41.97,15745680.224,-1233609.482,-21292814.867000002,1388.3847700000001,3529.3149599999997,824.1500000000001,2020-03-18 08:44:41.970,141811079.8087168,-332041246.10471606,-154849639.2736576,148814779301.99374,-4903479061.287231,-2126219914.0387263,58926.36437465277
46,2020,3,18,8,59,41.97,16855420.427,1944279.324,-20369000.526,1074.13598,3522.4610799999996,1225.81431,2020-03-18 08:59:41.970,142660222.84222475,-331752985.75547683,-154808012.25078624,148816186236.65033,-4878800527.949478,-2115522823.0990317,58926.37479131943
46,2020,3,18,9,14,41.97,17673538.043,5088526.0,-19092706.195,741.2750299999999,3454.6614600000003,1606.30066,2020-03-18 09:14:41.970,143508607.69332054,-331462927.46843004,-154765546.22760534,148817588317.21896,-4854121814.087727,-2104825653.164002,58926.3852079861
46,2020,3,18,9,29,41.97,18185866.264,8144728.0940000005,-17486004.187,395.59088999999994,3327.09075,1958.98715,2020-03-18 09:29:41.970,144356230.11851618,-331171073.46233535,-154722241.73611832,148818985543.6449,-4829442920.533652,-2094128404.5889456,58926.39562465277
46,2020,3,18,9,44,41.97,18383557.945,11060015.628999999,-15576715.274,43.09835,3141.97474,2277.74048,2020-03-18 09:44:41.970,145203085.88108853,-330877425.96313566,-154678099.3120459,148820377915.87396,-4804763848.119016,-2083431077.7292118,58926.40604131943
46,2020,3,18,9,59,41.97,18263240.474999998,13783980.567,-13397918.635,-310.06999,2902.55034,2557.02608,2020-03-18 09:59:41.970,146049170.75108665,-330581987.20393693,-154633119.49481818,148821765433.85214,-4780084597.675632,-2072733672.940189,58926.4164579861
46,2020,3,18,10,14,41.97,17827072.316000003,16269561.671,-10987367.613,-657.7738899999999,2613.0066300000003,2792.00692,2020-03-18 10:14:41.970,146894480.50533983,-330284759.4249912,-154587302.82756796,148823148097.52533,-4755405170.035414,-2062036190.5773065,58926.42687465277
46,2020,3,18,10,29,41.97,17082700.238,18473868.275000002,-8386822.281999999,-993.97559,2278.4083100000003,2978.62927,2020-03-18 10:29:41.970,147739010.92746505,-329985744.8736765,-154540649.8571236,148824525906.84012,-4730725566.0303545,-2051338630.9960392,58926.43729131943
46,2020,3,18,10,44,41.97,16043118.280000001,20358927.75,-5641311.486,-1312.8476899999998,1904.6029600000002,3113.6934300000003,2020-03-18 10:44:41.970,148582757.80787417,-329684945.8044797,-154493161.1340017,148825898861.74323,-4706045786.492499,-2040640994.551893,58926.4477079861
46,2020,3,18,10,59,41.97,14726431.458999999,21892343.011,-2798338.355,-1608.8766400000002,1498.1142300000001,3194.90836,2020-03-18 10:59:41.970,149425716.94378215,-329382364.4789773,-154444837.21240023,148827266962.1815,-4681365832.2540045,-2029943281.6004286,58926.45812465277
46,2020,3,18,11,14,41.97,13155529.101,23047848.353,92955.624,-1876.95972,1066.02312,3220.92908,2020-03-18 11:14:41.970,150267884.13921368,-329078003.16581756,-154395678.6501917,148828630208.10208,-4656685704.147077,-2019245492.4972384,58926.46854131943
46,2020,3,18,11,29,41.97,11357674.471,23805754.044,2982652.252,-2112.49378,615.8399,3191.3763400000003,2020-03-18 11:29:41.970,151109255.20501104,-328771864.1407015,-154345686.00891545,148829988599.4524,-4632005403.004007,-2008547627.5979545,58926.4789579861
46,2020,3,18,11,44,41.97,9364018.929,24153272.429,5820927.96,-2311.45399,155.36939,3106.83849,2020-03-18 11:44:41.970,151949825.9588414,-328463949.68636554,-154294859.85377142,148831342136.17993,-4607324929.657181,-1997849687.2582574,58926.48937465277
46,2020,3,18,11,59,41.97,7209050.1729999995,24084720.773000002,8558918.863,-2470.46134,-307.42783000000003,2968.8557800000003,2020-03-18 11:59:41.970,152789592.22520405,-328154262.09256196,-154243200.7536126,148832690818.23282,-4582644284.939032,-1987151671.8338575,58926.49979131943
46,2020,3,18,12,14,41.97,4929985.255,23601598.522,11149564.035,-2586.83772,-764.57521,2779.88774,2020-03-18 12:14:41.970,153628549.83543774,-327842803.6560419,-154190709.28093812,148834034645.55902,-4557963469.682077,-1976453581.6805124,58926.5102079861
46,2020,3,18,12,29,41.97,2566119.825,22712539.12,13548412.216,-2658.6480300000003,-1208.21878,2543.26476,2020-03-18 12:29:41.970,154466694.62772804,-327529576.6805361,-154137386.0118864,148835373618.10693,-4533282484.718922,-1965755417.1540208,58926.52062465277
46,2020,3,18,12,44,41.97,158145.61000000002,21433138.824,15714378.254999999,-2684.72859,-1630.7615600000001,2263.12505,2020-03-18 12:44:41.970,155304022.44711405,-327214583.4767376,-154083231.52622783,148836707735.82507,-4508601330.882233,-1955057178.6102157,58926.53104131943
46,2020,3,18,12,59,41.97,-2252551.617,19785667.128000002,17610436.823,-2664.70208,-2024.99185,1944.3385600000001,2020-03-18 12:59:41.970,156140529.14549622,-326897826.36228275,-154028246.40735808,148838036998.66254,-4483920009.0047655,-1944358866.4049778,58926.5414579861
46,2020,3,18,13,14,41.97,-4624601.328,17798665.353,19204242.432,-2598.97881,-2384.2031700000002,1592.41956,2020-03-18 13:14:41.970,156976210.58164334,-326579307.6617338,-153972431.24229124,148839361406.56808,-4459238519.919336,-1933660480.8942213,58926.55187465277
46,2020,3,18,13,29,41.97,-6917352.773,15506441.661,20468666.305999998,-2488.7449500000002,-2702.3042,1213.4296,2020-03-18 13:29:41.970,157811062.62119892,-326259029.7065603,-153915786.6216524,148840680959.49124,-4434556864.458847,-1922962022.433904,58926.56229131943
46,2020,3,18,13,44,41.97,-9091563.154,12948472.206,21382242.334,-2335.93803,-2973.91721,813.87281,2020-03-18 13:44:41.970,158645081.1366894,-325936994.83512145,-153858313.13967118,148841995657.38162,-4409875043.456266,-1912263491.3800194,58926.5727079861
46,2020,3,18,13,59,41.97,-11110058.434,10168719.362,21929515.937,-2143.21076,-3194.4637199999997,400.58518999999995,2020-03-18 13:59:41.970,159478262.0075302,-325613205.39264786,-153800011.3941744,148843305500.18896,-4385193057.744637,-1901564888.0886042,58926.58312465277
46,2020,3,18,14,14,41.97,-12938356.458,7214878.91,22101291.378999997,-1913.88365,-3360.23657,-19.380100000000002,2020-03-18 14:14:41.970,160310601.12003303,-325287663.73122334,-153740881.98657945,148844610487.86343,-4360510908.157092,-1890866212.9157376,58926.59354131943
46,2020,3,18,14,29,41.97,-14545242.896,4137568.8570000003,21894774.581,-1651.88767,-3468.45746,-438.86992000000004,2020-03-18 14:29:41.970,161142094.36741313,-324960372.2097677,-153680925.52188715,148845910620.35526,-4335828595.526813,-1880167466.2175322,58926.6039579861
46,2020,3,18,14,44,41.97,-15903291.354999999,989473.1070000001,21313610.108,-1361.69768,-3517.31963,-850.7489400000001,2020-03-18 14:44:41.970,161972737.64979577,-324631333.19401765,-153620142.60867506,148847205897.61487,-4311146120.687072,-1869468648.35014,58926.61437465277
46,2020,3,18,14,59,41.97,-16989319.924,-2175546.383,20367812.427,-1048.2579700000001,-3506.01522,-1248.01647,2020-03-18 14:59:41.970,162802526.87422305,-324300549.0565104,-153558533.85909036,148848496319.59332,-4286463484.4712114,-1858769759.6697605,58926.62479131943
46,2020,3,18,15,14,41.97,-17784777.404,-5303355.0709999995,19073593.024,-716.90062,-3434.7470200000002,-1623.9208,2020-03-18 15:14:41.970,163631457.95466125,-323968022.1765644,-153496099.888843,148849781886.24152,-4261780687.7126336,-1848070800.5326176,58926.6352079861
46,2020,3,18,15,29,41.97,-18276053.432,-8340454.896,17453086.304,-373.25819,-3304.7246999999998,-1972.0695699999999,2020-03-18 15:29:41.970,164459526.8120073,-323633754.9402622,-153432841.31719926,148851062597.51083,-4237097731.244836,-1837371771.2949915,58926.64562465277
46,2020,3,18,15,44,41.97,-18454707.76,-11234882.901,15533978.584,-23.17159,-3118.14542,-2286.5345,2020-03-18 15:44:41.970,165286729.3740953,-323297749.74043304,-153368758.7669741,148852338453.35275,-4212414615.9013743,-1826672672.3131907,58926.65604131943
46,2020,3,18,15,59,41.97,-18317615.027,-13937085.492,13349045.776999999,327.40538000000004,-2878.1591,-2561.94929,2020-03-18 15:59:41.970,166113061.57570368,-322960008.9766341,-153303852.86452478,148853609453.71902,-4187731342.5158796,-1815973503.943565,58926.6664579861
46,2020,3,18,16,14,41.97,-17867022.498999998,-16400754.629999999,10935606.67,672.50373,-2588.81864,-2793.5991200000003,2020-03-18 16:14:41.970,166938519.35856158,-322620535.05513364,-153238124.23974416,148854875598.56165,-4163047911.922047,-1805274266.542499,58926.67687465277
46,2020,3,18,16,29,41.97,-17110519.413000003,-18583612.664,8334899.955000001,1006.23781,-2255.01566,-2977.50034,2020-03-18 16:29:41.970,167763098.67135596,-322279330.38889277,-153171573.5260535,148856136887.83292,-4138364324.953662,-1794574960.4664261,58926.68729131943
46,2020,3,18,16,44,41.97,-16060917.842,-20448133.014,5591394.351,1322.90316,-1882.40237,-3110.46919,2020-03-18 16:44:41.970,168586795.4697374,-321936397.3975484,-153104201.3603959,148857393321.48532,-4113680582.4445643,-1783875586.0718102,58926.6977079861
46,2020,3,18,16,59,41.97,-14736046.280000001,-21962184.683,2752042.363,1617.07235,-1477.3005400000002,-3190.17823,2020-03-18 16:59:41.970,169409605.71632758,-321591738.50739485,-153036008.3832292,148858644899.47177,-4088996685.22867,-1773176143.7151537,58926.70812465277
46,2020,3,18,17,14,41.97,-13158458.498,-23099589.456,-134510.773,1883.68718,-1046.5987599999999,-3215.1992800000003,2020-03-18 17:14:41.970,170231525.3807254,-321245356.15136695,-152966995.23851946,148859891621.74506,-4064312634.139969,-1762476633.7530017,58926.71854131943
46,2020,3,18,17,29,41.97,-11355061.609000001,-23840581.798,-3018750.4239999996,2118.14576,-597.6392099999999,-3185.03204,2020-03-18 17:29:41.970,171052550.4395135,-320897252.7690217,-152897162.5737341,148861133488.25845,-4039628430.0125246,-1751777056.5419364,58926.7289579861
46,2020,3,18,17,44,41.97,-9356668.662,-24172162.812,-5851134.851,2316.38289,-138.0957,-3100.11751,2020-03-18 17:44:41.970,171872676.87626496,-320547430.80652165,-152826511.03983513,148862370498.96558,-4014944073.6804585,-1741077412.4385757,58926.73937465277
46,2020,3,18,17,59,41.97,-7197482.455999999,-24088341.148,-8582942.525,2474.94227,324.15521,-2961.83566,2020-03-18 17:59:41.970,172691900.68154913,-320195892.716617,-152755041.29127213,148863602653.82013,-3990259565.977975,-1730377701.799577,58926.74979131943
46,2020,3,18,18,14,41.97,-4914518.58,-23590255.548,-11167110.137,2591.03912,781.16801,-2772.48705,2020-03-18 18:14:41.970,173510217.85293904,-319842640.9586279,-152682753.9859758,148864829952.776,-3965574907.7393365,-1719677924.9816363,58926.7602079861
46,2020,3,18,18,29,41.97,-2546976.906,-22686175.617000002,-13559046.821,2662.6119,1225.06469,-2535.25837,2020-03-18 18:29:41.970,174327624.3950171,-319487677.99842715,-152609649.7853513,148866052395.78748,-3940890099.7988987,-1708978082.3414903,58926.77062465277
46,2020,3,18,18,44,41.97,-135571.874,-21391379.483,-15717410.226,2688.3620100000003,1648.17144,-2254.17217,2020-03-18 18:44:41.970,175144116.31938168,-319131006.30842304,-152535729.35427082,148867269982.80893,-3916205142.9910574,-1698278174.2359085,58926.78104131943
46,2020,3,18,18,59,41.97,2278167.1780000003,-19727909.202999998,-17604830.455,2667.78048,2043.15324,-1934.02145,2020-03-18 18:59:41.970,175959689.6446531,-318772628.3675418,-152460993.36106765,148868482713.79517,-3891520038.1502953,-1687578201.0216968,58926.7914579861
46,2020,3,18,19,14,41.97,4652613.5770000005,-17724206.979,-19188568.592,2601.16099,2403.1437,-1580.28988,2020-03-18 19:14:41.970,176774340.39648092,-318412546.6612102,-152385442.47752926,148869690588.70123,-3866834786.1111584,-1676878163.0557067,58926.80187465277
46,2020,3,18,19,29,41.97,6946766.24,-15414637.497,-20441097.493,2489.59867,2721.8678600000003,-1199.0590000000002,2020-03-18 19:29:41.970,177588064.6075487,-318050763.68133867,-152309077.37889022,148870893607.48212,-3842149387.7082605,-1666178060.6948202,58926.81229131943
46,2020,3,18,19,44,41.97,9120965.05,-12838903.893000001,-21340593.726999998,2334.97451,2993.7554099999998,-796.90392,2020-03-18 19:44:41.970,178400858.31758162,-317687281.9263029,-152231898.74382576,148872091770.0934,-3817463843.7762985,-1655477894.2959642,58926.8227079861
46,2020,3,18,19,59,41.97,11137585.768000001,-10041366.95,-21871331.074,2139.92553,3214.04216,-380.77918,2020-03-18 19:59:41.970,179212717.5733518,-317322103.9009282,-152153907.25444514,148873285076.49084,-3792778155.150014,-1644777664.216093,58926.83312465277
46,2020,3,18,20,14,41.97,12961701.739,-7070279.069999999,-22023967.683,1907.8009,3378.8576,42.103120000000004,2020-03-18 20:14:41.970,180023638.42868498,-316955232.1164711,-152075103.59628505,148874473526.63028,-3768092322.664231,-1634077370.812205,58926.84354131943
46,2020,3,18,20,29,41.97,14561700.105,-3976946.367,-21795720.88,1642.60487,3485.29679,464.4007,2020-03-18 20:29:41.970,180833616.94446635,-316586669.0906023,-151995488.45830247,148875657120.4679,-3743406347.1538405,-1623377014.4413352,58926.8539579861
46,2020,3,18,20,44,41.97,15909840.969,-814833.725,-21190425.728,1348.92724,3531.475,878.77166,2020-03-18 20:44:41.970,181642649.18864676,-316216417.3473905,-151915062.5328685,148876835857.96014,-3718720229.453805,-1612676595.4605565,58926.86437465277
46,2020,3,18,20,59,41.97,16982748.924,2361371.057,-20218475.592,1031.8627600000002,3516.5638,1278.00568,2020-03-18 20:59:41.970,182450731.23624885,-315844479.41728365,-151833826.51576164,148878009739.06372,-3694033970.3991327,-1601976114.2269726,58926.87479131943
46,2020,3,18,21,14,41.97,17761827.531999998,5496716.951,-18896645.255,696.92084,3440.8078,1655.15342,2020-03-18 21:14:41.970,183257859.16937342,-315470857.837093,-151751781.1061608,148879178763.73547,-3669347570.8249354,-1591275571.097732,58926.8852079861
46,2020,3,18,21,29,41.97,18233588.816,8536955.540000001,-17247799.413000003,349.92726,3305.52157,2003.6514,2020-03-18 21:29:41.970,184064029.07720456,-315095555.14997625,-151668927.00663918,148880342931.93268,-3644661031.5663657,-1580574966.430018,58926.89562465277
46,2020,3,18,21,44,41.97,18389891.392,11429495.072,-15300491.672,-3.0802300000000002,3113.0665400000003,2317.44005,2020-03-18 21:44:41.970,184869237.05601647,-314718573.9054198,-151585264.9231571,148881502243.61276,-3619974353.4586406,-1569874300.5810437,58926.90604131943
46,2020,3,18,21,59,41.97,18228082.671,14124324.946,-13088461.336000001,-355.96037,2866.80847,2591.07239,2020-03-18 21:59:41.970,185673479.20917916,-314339916.6592217,-151500795.56505597,148882656698.73334,-3595287537.337065,-1559173573.908072,58926.9164579861
46,2020,3,18,22,14,41.97,17751042.462,16574893.360999998,-10650037.363,-702.57863,2571.0561,2819.81129,2020-03-18 22:14:41.970,186476751.64716437,-313959585.97347504,-151415519.6450512,148883806297.25223,-3570600584.0369864,-1548472786.7683895,58926.92687465277
46,2020,3,18,22,29,41.97,16967127.258,18738921.796,-8027460.734,-1036.9173,2230.98235,2999.71327,2020-03-18 22:29:41.970,187279050.48755136,-313577584.41655165,-151329437.8792259,148884951039.1277,-3545913494.393837,-1537771939.5193276,58926.93729131943
46,2020,3,18,22,44,41.97,15890016.518000001,20579141.281,-5266138.074,-1353.18289,1852.52964,3127.6971599999997,2020-03-18 22:44:41.970,188080371.85503316,-313193914.5630837,-151242550.98702416,148886090924.31815,-3521226269.2430983,-1527071032.518247,58926.9477079861
46,2020,3,18,22,59,41.97,14538464.185,22063937.06,-2413840.725,-1645.90887,1442.3013600000002,3201.59651,2020-03-18 22:59:41.970,188880711.88142192,-312808578.9939478,-151154859.6912445,148887225952.78214,-3496538909.4203386,-1516370066.122555,58926.95812465277
46,2020,3,18,23,14,41.97,12935960.597,23167890.200999998,480135.564,-1910.05178,1007.44175,3220.1945699999997,2020-03-18 23:14:41.970,189680066.7056555,-312421580.2962484,-151066364.71803352,148888356124.47867,-3471851415.7611637,-1505669040.6896837,58926.96854131943
46,2020,3,18,23,29,41.97,11110311.658,23872206.866,3365834.5319999997,-2141.0787400000004,555.50688,3183.2416700000003,2020-03-18 23:29:41.970,190478432.47380203,-312032921.06330013,-150977066.79687896,148889481439.3668,-3447163789.1012745,-1494967956.5771108,58926.9789579861
46,2020,3,18,23,44,41.97,9093143.702,24165028.343999997,6193510.830999999,-2335.04476,94.32912,3091.45464,2020-03-18 23:44:41.970,191275805.339067,-311642603.8946117,-150886966.66060337,148890601897.40588,-3422476030.2764187,-1484266814.142346,58926.98937465277
46,2020,3,18,23,59,41.97,6919343.778,24041617.375,8914493.076000001,-2488.65877,-368.12177,2946.4987800000004,2020-03-18 23:59:41.970,192072181.46179822,-311250631.3958686,-150796065.0453578,148891717498.55566,-3397788140.122402,-1473565613.742929,58926.99979131943
46,2020,3,19,0,14,41.97,4626446.100000001,23504419.551,11482023.963,-2599.33689,-823.87856,2750.9530299999997,2020-03-19 00:14:41.970,192867557.00949186,-310857006.178917,-150704362.69061488,148892828242.77603,-3373100119.4751205,-1462864355.7364483,58927.0102079861
46,2020,3,19,0,29,41.97,2253976.597,22562995.738,13852057.322,-2665.24314,-1265.11448,2508.2599600000003,2020-03-19 00:29:41.970,193661928.15679786,-310461730.8617463,-150611860.3391624,148893934130.027,-3348411969.170508,-1452163040.4805186,58927.02062465277
46,2020,3,19,0,44,41.97,-157233.54,21233839.493,15984012.621,-2685.31564,-1684.2771400000001,2222.66007,2020-03-19 00:44:41.970,194455291.08552578,-310064808.06847316,-150518558.73709717,148895035160.26898,-3323723690.0445714,-1441461668.3327882,58927.03104131943
46,2020,3,19,0,59,41.97,-2565751.224,19540069.335,17841455.468,-2659.27998,-2074.21567,1899.1146999999999,2020-03-19 00:59:41.970,195247641.9846505,-309666240.4293243,-150424458.63381803,148896131333.4625,-3299035282.933385,-1430760239.650951,58927.0414579861
46,2020,3,19,1,14,41.97,-4930251.0940000005,17511014.012,19392708.044999998,-2587.64877,-2428.29943,1543.21705,2020-03-19 01:14:41.970,196038977.05031794,-309266030.5806206,-150329560.78201962,148897222649.56863,-3274346748.6730933,-1420058754.7927299,58927.05187465277
46,2020,3,19,1,29,41.97,-7210218.694,15181694.633,20611374.259,-2471.7081200000002,-2740.52651,1161.09404,2020-03-19 01:29:41.970,196829292.48584998,-308864181.16475964,-150233865.93768603,148898309108.54837,-3249658088.099889,-1409357214.1158838,58927.06229131943
46,2020,3,19,1,44,41.97,-9366635.837,12592214.335,21476773.043,-2313.49161,-3005.6205,759.3006799999999,2020-03-19 01:44:41.970,197618584.50175092,-308460694.8301994,-150137374.8600839,148899390710.3631,-3224969302.0500283,-1398655617.9782047,58927.0727079861
46,2020,3,19,1,59,41.97,-11362637.205,9787066.543000001,21974273.9,-2115.74257,-3219.11449,344.70875,2020-03-19 01:59:41.970,198406849.31571248,-308055574.23144245,-150040088.31175664,148900467454.97437,-3200280391.359844,-1387953966.7375233,58927.08312465277
46,2020,3,19,2,14,41.97,-13164127.984000001,6814373.833,22095530.393,-1881.86538,-3377.42112,-75.60838,2020-03-19 02:14:41.970,199194083.15261933,-307648822.02901864,-149942007.05851716,148901539342.34412,-3175591356.8657184,-1377252260.751706,58927.09354131943
46,2020,3,19,2,29,41.97,-14740353.124,3725070.1319999998,21838608.885,-1615.86682,-3477.8883299999998,-494.49305999999996,2020-03-19 02:29:41.970,199980282.24455476,-307240440.8894686,-149843131.86944246,148902606372.43436,-3150902199.404107,-1366550500.3786535,58927.1039579861
46,2020,3,19,2,44,41.97,-16064409.711000001,572039.542,21208011.366,-1322.28843,-3518.83997,-904.82114,2020-03-19 02:44:41.970,200765442.83080587,-306830433.485328,-149743463.5168659,148903668545.2074,-3126212919.811519,-1355848685.976299,58927.11437465277
46,2020,3,19,2,59,41.97,-17113694.816999998,-2590774.531,20214592.68,-1006.1310100000001,-3499.6011,-1299.6185600000001,2020-03-19 02:59:41.970,201549561.15786964,-306418802.4951106,-149643002.7763721,148904725860.6261,-3101523518.924525,-1345146817.9026117,58927.12479131943
46,2020,3,19,3,14,41.97,-17870282.204,-5709276.039,18875373.911,-672.77216,-3420.5077899999997,-1672.1752999999999,2020-03-19 03:14:41.970,202332633.47945738,-306005550.6032919,-149541750.42678958,148905778318.653,-3076833997.57976,-1334444896.5155954,58927.1352079861
46,2020,3,19,3,29,41.97,-18321222.22,-8730124.701000001,17213255.038,-327.87825,-3282.90117,-2016.1550199999997,2020-03-19 03:29:41.970,203114656.05650103,-305590680.5002927,-149439707.25018513,148906825919.25128,-3052144356.6139336,-1323742922.1732934,58927.14562465277
46,2020,3,19,3,44,41.97,-18458760.289,-11601632.126,15256631.347000001,22.68821,-3089.10612,-2325.69904,2020-03-19 03:44:41.970,203895625.15715793,-305174194.8824634,-149336874.03185642,148907868662.38452,-3027454596.8637886,-1313040895.2337742,58927.15604131943
46,2020,3,19,3,59,41.97,-18280470.466,-14274631.748,13038919.376,372.96452,-2842.3944300000003,-2595.52317,2020-03-19 03:59:41.970,204675537.0568165,-304756096.4520666,-149233251.5603267,148908906548.01593,-3002764719.1661506,-1302338816.05515,58927.1664579861
46,2020,3,19,4,14,41.97,-17789301.676,-16703308.904000001,10597999.465,716.98564,-2546.9331300000003,-2821.0059699999997,2020-03-19 04:14:41.970,205454388.038101,-304336387.9172622,-149128840.6273379,148909939576.10953,-2978074724.3578987,-1291636684.995559,58927.17687465277
46,2020,3,19,4,29,41.97,-16993535.461,-18845977.832000002,7975583.242,1048.88275,-2207.71834,-2998.2670599999997,2020-03-19 04:29:41.970,206232174.39087772,-303915071.99208987,-149023642.02784422,148910967746.6294,-2953384613.2759743,-1280934502.4131815,58927.18729131943
46,2020,3,19,4,44,41.97,-15906655.297,-20665792.873999998,5216515.56,1362.98096,-1830.49533,-3124.23428,2020-03-19 04:44:41.970,207008892.41225973,-303492151.3964532,-148917656.5600058,148911991059.5398,-2928694386.757383,-1270232268.666229,58927.1977079861
46,2020,3,19,4,59,41.97,-14547128.859000001,-22131381.985,2368021.553,1653.8948,-1421.66595,-3196.6982900000003,2020-03-19 04:59:41.970,207784538.40661177,-303067628.8561042,-148810885.02518266,148913009514.80542,-2904004045.6391797,-1259529984.1129436,58927.20812465277
46,2020,3,19,5,14,41.97,-12938105.997000001,-23217391.535,-521089.467,1916.61979,-988.18435,-3214.3537100000003,2020-03-19 05:14:41.970,208559108.68555635,-302641507.1026263,-148703328.227928,148914023112.39093,-2879313590.758484,-1248827649.111607,58927.21854131943
46,2020,3,19,5,29,41.97,-11107036.507000001,-23904932.609,-3401250.642,2146.61881,-537.4425699999999,-3176.82565,2020-03-19 05:29:41.970,209332599.56797835,-302213788.8734185,-148594986.97598213,148915031852.26157,-2854623022.9524865,-1238125264.0205343,58927.2289579861
46,2020,3,19,5,44,41.97,-9085213.245000001,-24181920.341000002,-6222981.3100000005,2339.90144,-77.14757,-3084.68113,2020-03-19 05:44:41.970,210105007.38003,-301784476.91167974,-148485862.08026627,148916035734.38254,-2829932343.0584097,-1227422829.1980674,58927.23937465277
46,2020,3,19,5,59,41.97,-6907247.416999999,-24043299.437999997,-8937733.861000001,2493.09506,384.80839,-2939.42451,2020-03-19 05:59:41.970,210876328.45513684,-301353573.9663912,-148375954.3548757,148917034758.7194,-2805241551.9135714,-1216720345.0025916,58927.24979131943
46,2020,3,19,6,14,41.97,-4610484.24,-23491150.789,-11498729.357,2603.50604,840.48203,-2743.47704,2020-03-19 06:14:41.970,211646559.1340022,-300921082.7923023,-148265264.61707395,148918028925.23807,-2780550650.355319,-1206017811.7925186,58927.2602079861
46,2020,3,19,6,29,41.97,-2234368.337,-22534676.046,-13861767.432,2669.17003,1282.0155499999998,-2500.14021,2020-03-19 06:29:41.970,212415695.76461232,-300487006.1499141,-148153793.6872866,148919018233.90454,-2755859639.221071,-1195315229.9262981,58927.27062465277
46,2020,3,19,6,44,41.97,180230.655,-21190059.118,-15985996.148,2688.88997,1701.77324,-2213.54348,2020-03-19 06:44:41.970,213183734.70224193,-300051346.8054616,-148041542.38909444,148920002684.68515,-2731168519.3483105,-1184612599.7624137,58927.28104131943
46,2020,3,19,6,59,41.97,2591720.9039999996,-19480205.707000002,-17834627.930999998,2662.26107,2092.4755,-1888.57687,2020-03-19 06:59:41.970,213950672.30945876,-299614107.53090054,-147928511.5492277,148920982277.54636,-2706477291.574562,-1173909921.659378,58927.2914579861
46,2020,3,19,7,14,41.97,4958507.507,-17434364.255,-19375588.392,2589.68199,2447.32792,-1530.80939,2020-03-19 07:14:41.970,214716504.95612907,-299175291.10388863,-147814701.99755976,148921957012.45514,-2681785956.737424,-1163207195.9757397,58927.30187465277
46,2020,3,19,7,29,41.97,7239715.294,-15087633.891999999,-20582085.858,2472.3517699999998,2760.1429,-1146.3946700000001,2020-03-19 07:29:41.970,215481229.01942235,-298734900.3077721,-147700114.56710067,148922926889.37848,-2657094515.6745377,-1152504423.0700798,58927.31229131943
46,2020,3,19,7,44,41.97,9395902.419,-12480367.169,-21433090.719,2312.2524200000003,3025.45146,-741.96518,2020-03-19 07:44:41.970,216244840.88381642,-298292937.93156826,-147584750.09399092,148923891908.28363,-2632402969.223615,-1141801603.301014,58927.3227079861
46,2020,3,19,7,59,41.97,11389751.806,-9657477.441000002,-21913715.162,2112.1171799999997,3238.60297,-324.517,2020-03-19 07:59:41.970,217007336.94110242,-297849406.7699498,-147468609.4174956,148924852069.13818,-2607711318.222433,-1131098737.0271928,58927.33312465277
46,2020,3,19,8,14,41.97,13186727.759,-6667662.686,-22015485.661,1875.3849300000002,3395.85079,98.71294,2020-03-19 08:14:41.970,217768713.59038985,-297404309.6232295,-147351693.37999746,148925807371.90988,-2583019563.5088015,-1120395824.607295,58927.34354131943
46,2020,3,19,8,29,41.97,14755685.518000001,-3562559.31,-21736502.48,1606.14136,3494.4219200000002,520.37479,2020-03-19 08:29:41.970,218528967.23811156,-296957649.2973439,-147234002.82699147,148926757816.56696,-2558327705.920598,-1109692866.4000335,58927.3539579861
46,2020,3,19,8,44,41.97,16069422.323,-395840.97500000003,-21081482.552,1309.04799,3532.5693,933.1365900000001,2020-03-19 08:44:41.970,219288094.29802835,-296509428.6038378,-147115538.60707816,148927703403.07745,-2533635746.295762,-1098989862.7641544,58927.36437465277
46,2020,3,19,8,59,41.97,17105159.52,2777721.289,-20061684.303000003,989.26013,3509.6054099999997,1329.8154,2020-03-19 08:59:41.970,220046091.1912342,-296059650.3598484,-146996301.57195744,148928644131.41013,-2508943685.472286,-1088286814.0584388,58927.37479131943
46,2020,3,19,9,14,41.97,17844946.484,5903220.512,-18694715.262000002,652.33548,3425.9163799999997,1703.50621,2020-03-19 09:14:41.970,220802954.34616107,-295608317.3880893,-146876292.5764225,148929580001.53375,-2484251524.2882237,-1077583720.6417022,58927.3852079861
46,2020,3,19,9,29,41.97,18275978.595,8926579.004999999,-17004225.59,304.13483,3282.95629,2047.7061299999998,2020-03-19 09:29:41.970,221558680.1985839,-295155432.5168351,-146755512.47835377,148930511013.4173,-2459559263.581675,-1066880582.8727846,58927.39562465277
46,2020,3,19,9,44,41.97,18390823.134999998,11795499.445,-15019492.944,-49.28296,3083.22153,2356.43126,2020-03-19 09:44:41.970,222313265.19162518,-294700998.5799057,-146633962.13871238,148931437167.03,-2434866904.190803,-1056177401.1105627,58927.40604131943
46,2020,3,19,9,59,41.97,18187548.759,14460384.071,-12774906.267,-401.76981,2830.20564,2624.32404,2020-03-19 09:59:41.970,223066705.77575988,-294245018.4166502,-146511642.4215345,148932358462.3416,-2410174446.953829,-1045474175.7139516,58927.4164579861
46,2020,3,19,10,14,41.97,17669756.137000002,16875204.83,-10309358.139,-747.19885,2528.33565,2846.74879,2020-03-19 10:14:41.970,223818998.4088203,-293787494.8719318,-146388554.19392458,148933274899.32166,-2385481892.709014,-1034770907.0418843,58927.42687465277
46,2020,3,19,10,29,41.97,16846509.301999997,18998308.289,-7665557.151,-1079.5742699999998,2182.8910499999997,3019.87359,2020-03-19 10:29:41.970,224570139.5560012,-293328430.7961115,-146264698.32604966,148934186477.94028,-2360789242.2946963,-1024067595.4533436,58927.43729131943
46,2020,3,19,10,44,41.97,15732169.279,20793140.464,-4889273.376,-1393.1382800000001,1799.90716,3140.73682,2020-03-19 10:44:41.970,225320125.68986365,-292867829.0450339,-146140075.69113326,148935093198.16794,-2336096496.5492578,-1013364241.3073301,58927.4477079861
46,2020,3,19,10,59,41.97,14346133.506000001,22228878.425,-2028531.268,-1682.47312,1386.06495,3207.29727,2020-03-19 10:59:41.970,226068953.2903408,-292405692.48000914,-146014687.16544873,148935995059.97498,-2311403656.311127,-1002660844.9628837,58927.45812465277
46,2020,3,19,11,14,41.97,12712486.428,23280957.496,867234.736,-1942.5961499999999,948.5696399999999,3218.4668300000003,2020-03-19 11:14:41.970,226816618.84474188,-291942023.96780026,-145888533.62831378,148936892063.33234,-2286710722.418811,-991957406.7790766,58927.46854131943
46,2020,3,19,11,29,41.97,10859568.356,23931485.08,3748046.0429999996,-2169.04608,495.02061000000003,3174.12537,2020-03-19 11:29:41.970,227563118.84775755,-291476826.3806051,-145761615.96208405,148937784208.21085,-2262017695.710842,-981253927.1150068,58927.4789579861
46,2020,3,19,11,44,41.97,8819471.211,24169534.535,6564251.13,-2357.9590200000002,33.27535,3075.11789,2020-03-19 11:44:41.970,228308449.80146417,-291010102.5960427,-145633935.05214685,148938671494.58188,-2237324577.025831,-970550406.3298118,58927.48937465277
46,2020,3,19,11,59,41.97,6627471.034,23991314.969,9267386.276999999,-2506.1327499999998,-428.68975,2923.23416,2020-03-19 11:59:41.970,229052608.21532822,-290541855.4971368,-145505491.78691524,148939553922.417,-2212631367.2024226,-959846844.782655,58927.49979131943
46,2020,3,19,12,14,41.97,4321408.182999999,23400215.285,11811010.468,-2611.07854,-882.91915,2721.17182,2020-03-19 12:14:41.970,229795590.60621163,-290072087.9723005,-145376287.0578222,148940431491.68817,-2187938067.0793304,-949143242.832732,58927.5102079861
46,2020,3,19,12,29,41.97,1941026.836,22406723.259999998,14151499.963,-2671.05971,-1321.6157500000002,2472.4838600000003,2020-03-19 12:29:41.970,230537393.4983762,-289600802.9153208,-145246321.75931403,148941304202.36703,-2163244677.4953194,-938439600.8392755,58927.52062465277
46,2020,3,19,12,44,41.97,-472714.086,21028222.672,16248789.131,-2685.1165300000002,-1737.27386,2181.5119799999998,2020-03-19 12:44:41.970,231278013.42348793,-289128003.22534364,-145115596.7888446,148942172054.42615,-2138551199.2892032,-927735919.1615431,58927.53104131943
46,2020,3,19,12,59,41.97,-2878346.306,19288673.629,18067045.490000002,-2653.07758,-2122.80546,1853.3073200000001,2020-03-19 12:59:41.970,232017446.92062193,-288653691.8068581,-144984113.0468691,148943035047.83798,-2113857633.2998457,-917032198.1588256,58927.5414579861
46,2020,3,19,13,14,41.97,-5234601.676999999,17218183.107,19575268.371,-2575.55755,-2471.6576200000004,1493.54025,2020-03-19 13:14:41.970,232755690.5362667,-288177871.5696812,-144851871.43683854,148943893182.57535,-2089163980.3661754,-906328438.1904459,58927.55187465277
46,2020,3,19,13,29,41.97,-7501113.839,14852474.387,20747802.204,-2453.94214,-2777.9194899999998,1108.4011899999998,2020-03-19 13:29:41.970,233492740.8243294,-287700545.42894214,-144718872.86519265,148944746458.6112,-2064470241.3271692,-895624639.6157621,58927.56229131943
46,2020,3,19,13,44,41.97,-9639100.579,12232265.412,21564757.077,-2290.3604,-3036.41746,704.49406,2020-03-19 13:44:41.970,234228594.34613934,-287221716.30506766,-144585118.24135482,148945594875.91885,-2039776417.021842,-884920802.7941537,58927.5727079861
46,2020,3,19,13,59,41.97,-11612016.056,9402567.288,22012330.871999998,-2087.6455100000003,-3242.79734,288.72434000000004,2020-03-19 13:59:41.970,234963247.67045358,-286741387.12376577,-144450608.47772565,148946438434.47186,-2015082508.289278,-874216928.0850393,58927.58312465277
46,2020,3,19,14,14,41.97,-13386162.786,6411915.017999999,22083028.879,-1849.28477,-3393.5926200000004,-131.81646,2020-03-19 14:14:41.970,235696697.3734606,-286259560.8160119,-144315344.48967692,148947277134.24408,-1990388515.9686098,-863513015.8478639,58927.59354131943
46,2020,3,19,14,29,41.97,-14931254.069,3311543.318,21775778.427,-1579.35967,-3486.27816,-549.9683,2020-03-19 14:29:41.970,236428940.03878558,-285776240.3180323,-144179327.19554552,148948110975.20932,-1965694440.899016,-852809066.4421057,58927.6039579861
46,2020,3,19,14,44,41.97,-16220918.468,154520.826,21095937.546,-1282.47716,-3519.30888,-958.62032,2020-03-19 14:44:41.970,237159972.257494,-285291428.5712895,-144042557.51662788,148948939957.34213,-1941000283.9197383,-842105080.2272764,58927.61437465277
46,2020,3,19,14,59,41.97,-17233138.836,-3005143.55,20055198.176999997,-963.69314,-3492.1429700000003,-1350.82722,2020-03-19 14:59:41.970,237889790.62809712,-284805128.52246654,-143905036.37717316,148949764080.61682,-1916306045.870059,-831401057.5629125,58927.62479131943
46,2020,3,19,15,14,41.97,-17950619.374,-6113408.232,18671385.873999998,-628.42923,-3405.2496,-1719.92264,2020-03-19 15:14:41.970,238618391.7565556,-284317343.12345296,-143766764.7043783,148950583345.00824,-1891611727.589312,-820696998.8085825,58927.6352079861
46,2020,3,19,15,29,41.97,-18361075.207000002,-9117106.46,16968159.296,-282.38399,-3260.10103,-2059.6282,2020-03-19 15:29:41.970,239345772.25628448,-283828075.33132815,-143627743.42838058,148951397750.49146,-1866917329.9168854,-809992904.3238887,58927.64562465277
46,2020,3,19,15,44,41.97,-18457440.002,-11964839.654,14974614.146,68.56018999999999,-3059.1491,-2364.15657,2020-03-19 15:44:41.970,240071928.74815682,-283337328.1083471,-143487973.48225346,148952207297.04178,-1842222853.692227,-799288774.4684643,58927.65604131943
46,2020,3,19,15,59,41.97,-18237988.258,-14607842.76,12724797.522,418.43342,-2805.78653,-2628.30726,2020-03-19 15:59:41.970,240796857.86050966,-282845104.42192507,-143347455.8019992,148953011984.63458,-1817528299.7548199,-788584609.6019661,58927.6664579861
46,2020,3,19,16,14,41.97,-17706370.038000003,-17000807.981999997,10257139.911,761.2763299999999,-2504.29324,-2847.55359,2020-03-19 16:14:41.970,241520556.22914684,-282351407.24462247,-143206191.32654327,148953811813.2459,-1792833668.944197,-777880410.0840856,58927.67687465277
46,2020,3,19,16,29,41.97,-16871557.114,-19102653.711,7613813.322,1091.23865,-2159.76833,-3018.11965,2020-03-19 16:29:41.970,242243020.4973437,-281856239.5541293,-143064180.99772874,148954606782.8515,-1768138962.099957,-767176176.2745454,58927.68729131943
46,2020,3,19,16,44,41.97,-15747700.774,-20877226.057,4840025.243,1402.67671,-1778.04851,-3137.0457499999998,2020-03-19 16:44:41.970,242964247.31585228,-281359604.33325166,-142921425.76030988,148955396893.42783,-1743444180.0617375,-756471908.533098,58927.6977079861
46,2020,3,19,16,59,41.97,-14353902.841,-22293921.169,1983259.227,1690.24854,-1365.6138,-3202.24135,2020-03-19 16:59:41.970,243684233.34290484,-280861504.5698942,-142777926.56194645,148956182144.95126,-1718749323.6692286,-745767607.2195239,58927.70812465277
46,2020,3,19,17,14,41.97,-12713902.835,-23328217.509,-907526.0399999999,1949.0048900000002,-929.48192,-3212.52427,2020-03-19 17:14:41.970,244402975.2442183,-280361943.2570482,-142633684.353198,148956962537.3988,-1694054393.7621694,-735063272.6936349,58927.71854131943
46,2020,3,19,17,29,41.97,-10855685.569,-23962108.417,-3782726.438,2174.47472,-477.09265,-3167.6452400000003,2020-03-19 17:29:41.970,245120469.6929991,-279860923.3927729,-142488700.08751702,148957738070.74728,-1669359391.180346,-724358905.3152728,58927.7289579861
46,2020,3,19,17,44,41.97,-8811014.885,-24184426.742,-6592937.38,2362.74364,-16.18387,-3068.29715,2020-03-19 17:44:41.970,245836713.36994666,-279358447.9801841,-142342974.72124436,148958508744.97415,-1644664316.7635999,-713654505.4443061,58927.73937465277
46,2020,3,19,17,59,41.97,-6614900.556,-23991054.878,-9289799.972000001,2510.5236999999997,445.3388,-2916.10844,2020-03-19 17:59:41.970,246551702.9632585,-278854520.0274366,-142196509.21360224,148959274560.05682,-1619969171.351817,-702950073.4406404,58927.74979131943
46,2020,3,19,18,14,41.97,-4305006.7129999995,-23385015.406,-11826834.007,2615.2133599999997,899.5365899999999,-2713.6204,2020-03-19 18:14:41.970,247265435.16863403,-278349142.5477114,-142049304.52668875,148960035515.97296,-1595273955.7849286,-692245609.664201,58927.7602079861
46,2020,3,19,18,29,41.97,-1921011.316,-22376439.444,-14160243.297999999,2674.94611,1338.57432,-2464.24845,2020-03-19 18:29:41.970,247977906.68927854,-277842318.559198,-141901361.62547195,148960791612.701,-1570578670.902926,-681541114.4749509,58927.77062465277
46,2020,3,19,18,44,41.97,496072.746,-20982411.979000002,-16249679.088000001,2688.62693,1754.8567,-2172.2278,2020-03-19 18:44:41.970,248689114.23590833,-277334051.0850827,-141752681.477784,148961542850.21884,-1545883317.5458295,-670836588.2328763,58927.78104131943
46,2020,3,19,18,59,41.97,2904603.411,-19226695.575999998,-18058947.722,2655.95543,2141.16185,-1842.5440500000002,2020-03-19 18:59:41.970,249399054.52675414,-276824343.15353143,-141603265.05431527,148962289228.50522,-1521187896.5537186,-660132031.2979984,58927.7914579861
46,2020,3,19,19,14,41.97,5263029.9059999995,-17139336.149,-19556649.531,2577.43523,2490.7694500000002,-1480.8499,2020-03-19 19:14:41.970,250107724.2875656,-276313197.79767555,-141453113.3286082,148963030747.5388,-1496492408.76674,-649427444.0303664,58927.80187465277
46,2020,3,19,19,29,41.97,7530615.211,-14756156.65,-20716736.911,2454.36903,2797.58124,-1093.36915,2020-03-19 19:29:41.970,250815120.2516156,-275800618.05559707,-141302227.27705187,148963767407.29868,-1471796855.0250554,-638722826.7900529,58927.81229131943
46,2020,3,19,19,44,41.97,9668147.624,-12118146.759,-21518980.867,2288.8393100000003,3056.2313,-686.7895699999999,2020-03-19 19:44:41.970,251521239.15970433,-275286606.970314,-141150607.87887573,148964499207.76416,-1447101236.1688855,-628018179.9371672,58927.8227079861
46,2020,3,19,19,59,41.97,11638628.521,-9270758.674,-21949336.855,2083.67478,3262.18403,-268.14655,2020-03-19 19:59:41.970,252226077.76016325,-274771167.589766,-140998256.11614406,148965226148.91467,-1422405553.0385115,-617313503.8318455,58927.83312465277
46,2020,3,19,20,14,41.97,13407923.647,-6263121.032,-22000202.496000003,1842.4029799999998,3411.8178000000003,155.30046000000002,2020-03-19 20:14:41.970,252929632.80885977,-274254302.966798,-140845172.97374985,148965948230.73013,-1397709806.4742327,-606608798.8342452,58927.84354131943
46,2020,3,19,20,29,41.97,14945365.825000001,-3147184.718,-21670561.713,1569.18988,3502.49241,576.19637,2020-03-19 20:29:41.970,253631901.06920087,-273736016.1591466,-140691359.43940917,148966665453.19052,-1373013997.3164346,-595904065.3045669,58927.8539579861
46,2020,3,19,20,44,41.97,16224297.737000002,23184.239,-20966011.922999997,1268.7672699999998,3532.5989600000003,987.2215199999999,2020-03-19 20:44:41.970,254332879.31213745,-273216310.22942567,-140536816.50365528,148967377816.27615,-1348318126.4055092,-585199303.6030276,58927.86437465277
46,2020,3,19,20,59,41.97,17222544.458,3193148.282,-19898673.148000002,946.34951,3501.59097,1381.22261,2020-03-19 20:59:41.970,255032564.31616837,-272695188.2451111,-140381545.15983278,148968085319.96756,-1323622194.581921,-574494514.0898783,58927.87479131943
46,2020,3,19,21,14,41.97,17922806.693,6307861.176,-18486980.188,607.5408799999999,3409.9959000000003,1751.34114,2020-03-19 21:14:41.970,255730952.86734498,-272172653.27852535,-140225546.40409148,148968787964.2455,-1298926202.686181,-563789697.1254008,58927.8852079861
46,2020,3,19,21,29,41.97,18312967.152000003,9313432.309,-16755361.299,258.23544,3259.40684,2091.13682,2020-03-19 21:29:41.970,256428041.75927445,-271648708.40682405,-140068821.23538128,148969485749.0911,-1274230151.5588217,-553084853.0698956,58927.89562465277
46,2020,3,19,21,44,41.97,18386304.136,12157874.508000001,-14733809.08,-95.48864999999999,3052.45423,2394.7033,2020-03-19 21:44:41.970,257123827.7931244,-271123356.7119814,-139911370.65544558,148970178674.48553,-1249534042.0404563,-542379982.2837067,58927.90604131943
46,2020,3,19,21,59,41.97,18141608.255,14792017.663,-12457351.44,-447.47835000000003,2792.7582700000003,2656.7740299999996,2020-03-19 21:59:41.970,257818307.77762687,-270596601.2807737,-139753195.6688162,148970866740.41043,-1224837874.9717178,-531675085.12719446,58927.9164579861
46,2020,3,19,22,14,41.97,17583200.099000003,17170371.12,-9965432.547,-791.61626,2484.86282,2872.81619,2020-03-19 22:14:41.970,258511478.52908206,-270068445.2047671,-139594297.28280702,148971549946.84756,-1200141651.1932836,-520970161.9607494,58927.92687465277
46,2020,3,19,22,29,41.97,16720848.687,19251918.784,-7301215.448,-1121.93024,2134.1522999999997,3039.11051,2020-03-19 22:29:41.970,259203336.8713627,-269538891.58030075,-139434676.50750834,148972228293.77905,-1175445371.5458965,-510265213.1447954,58927.93729131943
46,2020,3,19,22,44,41.97,15569592.508,21000832.321999997,-4510819.626999999,-1432.69987,1746.75305,3152.81577,2020-03-19 22:44:41.970,259893879.63591835,-269007943.50847423,-139274334.35578126,148972901781.1871,-1150749036.8703234,-499560239.0397761,58927.9477079861
46,2020,3,19,22,59,41.97,14149466.927,22387089.537,-1642507.979,-1718.55774,1329.4216299999998,3212.01658,2020-03-19 22:59:41.970,260583103.66177866,-268475604.0951316,-139113271.84325156,148973570409.05423,-1126052648.007398,-488855240.0061738,58927.95812465277
46,2020,3,19,23,14,41.97,12485143.568,23386987.023999996,1254161.4170000001,-1974.5834300000001,889.4220200000001,3215.75373,2020-03-19 23:14:41.970,261271005.7955577,-267941876.4508475,-138951489.98830462,148974234177.36337,-1101356205.7979794,-478150216.4044935,58927.96854131943
46,2020,3,19,23,29,41.97,10605488.993999999,23983538.456,4129202.8170000003,-2196.3886,434.39469,3164.0366599999998,2020-03-19 23:29:41.970,261957582.89145827,-267406763.69091222,-138788989.81207874,148974893086.09744,-1076659711.0829716,-467445168.5952609,58927.9789579861
46,2020,3,19,23,44,41.97,8543051.474,24166752.231,6933073.569999999,-2380.19151,-27.780079999999998,3057.8382300000003,2020-03-19 23:44:41.970,262642831.81127542,-266870268.9353172,-138625772.33846006,148975547135.23984,-1051963164.7033365,-456740096.9390417,58927.98937465277
46,2020,3,19,23,59,41.97,6333485.879,23933784.68,9617532.3,-2522.87977,-489.12161,2899.0721399999998,2020-03-19 23:59:41.970,263326749.74768755,-266332395.05391496,-138461838.51634026,148976196324.97977,-1027266559.6966679,-446034998.41405547,58927.99979131943
46,2020,3,20,0,14,41.97,4014927.6920000003,23288968.252,12136470.117999999,-2622.0603300000002,-941.68841,2690.55364,2020-03-20 00:14:41.970,264009332.93048042,-265793145.685058,-138297189.5302174,148976840654.88806,-1002569912.5107917,-435329880.1456446,58928.0102079861
46,2020,3,20,0,29,41.97,1627328.247,22243711.364,14446695.159,-2676.0966700000004,-1377.71523,2435.94567,2020-03-20 00:29:41.970,264690578.56816784,-265252523.7085803,-138131826.33478838,148977480125.1562,-977873216.1834083,-424624739.1120912,58928.02062465277
46,2020,3,20,0,44,41.97,-788237.9230000001,20816284.171,16508670.870000001,-2684.1313800000003,-1789.74541,2139.68951,2020-03-20 00:44:41.970,265370483.55295426,-264710532.26313394,-137965749.96487218,148978114735.7683,-953176471.5556517,-413919575.6740648,58928.03104131943
46,2020,3,20,0,59,41.97,-3190279.367,19031481.059,18287177.568,-2646.0960600000003,-2170.75585,1806.9245700000001,2020-03-20 00:59:41.970,266049044.78465587,-264167174.49199948,-137798961.4580066,148978744486.709,-928479679.4686891,-403214390.1922664,58928.0414579861
46,2020,3,20,1,14,41.97,-5537597.119,16920178.131,19751901.150000002,-2562.70735,-2514.27322,1443.39671,2020-03-20 01:14:41.970,266726259.17070523,-263622453.54307258,-137631461.8544425,148979369377.9631,-903782840.7637346,-392509183.0274189,58928.05187465277
46,2020,3,20,1,29,41.97,-7789984.6219999995,14518790.098,20877934.377,-2435.45009,-2814.47947,1055.3579399999999,2020-03-20 01:29:41.970,267402123.62615454,-263076372.5688484,-137463252.19713858,148979989409.51562,-879085956.282046,-381803954.540275,58928.06229131943
46,2020,3,20,1,44,41.97,-9908906.891,11868637.534,21646184.566,-2266.5481999999997,-3066.30525,649.45912,2020-03-20 01:44:41.970,268076635.07367995,-262528934.7264082,-137294333.53175476,148980604581.352,-854389026.8649317,-371098705.09161454,58928.0727079861
46,2020,3,20,1,59,41.97,-11858148.182,9015235.833,22043682.221,-2058.9239300000004,-3265.51033,232.63739,2020-03-20 01:59:41.970,268749790.4435852,-261980143.1774047,-137124706.90664726,148981214893.45764,-829692053.3537265,-360393435.0422456,58928.08312465277
46,2020,3,20,2,14,41.97,-13604418.144,6007518.062,22063786.737,-1816.1465,-3408.7499700000003,-187.9997,2020-03-20 02:14:41.970,269421586.6738053,-261430001.08804718,-136954373.37286267,148981820345.8186,-804995036.589811,-349688144.7529988,58928.09354131943
46,2020,3,20,2,29,41.97,-15117907.278,2897004.619,21706286.888,-1542.37097,-3493.6266699999996,-605.29185,2020-03-20 02:29:41.970,270092020.709911,-260878511.62908798,-136783333.98413196,148982420938.4207,-780297977.4146222,-338982834.58473516,58928.1039579861
46,2020,3,20,2,44,41.97,-16372783.394,-263066.907,20977395.338,-1242.2684399999998,-3518.72679,-1012.14358,2020-03-20 02:44:41.970,270761089.50511175,-260325677.97580758,-136611589.79686522,148983016671.2504,-755600876.6696177,-328277504.8983422,58928.11437465277
46,2020,3,20,2,59,41.97,-17347621.7,-3418637.936,19889637.875,-920.94853,-3483.64177,-1401.64033,2020-03-20 02:59:41.970,271428790.0202603,-259771503.30800056,-136439141.87014553,148983607544.29434,-730903735.196316,-317572156.0547334,58928.12479131943
46,2020,3,20,3,14,41.97,-18025762.132,-6515737.183999999,18461639.489,-583.87541,-3388.9738,-1767.16136,2020-03-20 03:14:41.970,272095119.223856,-259215990.80996123,-136265991.265724,148984193557.53912,-706206553.8362666,-306866788.41485137,58928.1352079861
46,2020,3,20,3,29,41.97,-18395588.532,-9501387.0,16717810.775000002,-236.77831,-3236.32581,-2102.48808,2020-03-20 03:29:41.970,272760074.0920489,-258659143.6704695,-136092139.04801312,148984774710.97205,-681509333.4310548,-296161402.3396586,58928.14562465277
46,2020,3,20,3,44,41.97,-18450725.342,-12324493.732,14687939.501,114.44211999999999,-3028.276,-2401.90627,2020-03-20 03:44:41.970,273423651.60864323,-258100965.0827761,-135917586.28408185,148985351004.5803,-656812074.8223258,-285455998.19015265,58928.15604131943
46,2020,3,20,3,59,41.97,-18190148.581,-14936708.263,12406693.47,463.81043,-2768.33709,-2660.30071,2020-03-20 03:59:41.970,274085848.7651013,-257541458.2445892,-135742334.04364955,148985922438.35153,-632114778.8517408,-274750576.32735175,58928.1664579861
46,2020,3,20,4,14,41.97,-17618209.038000003,-17293243.166,9913042.093,805.3745799999999,-2460.90076,-2873.24096,2020-03-20 04:14:41.970,274746662.56054777,-256980626.35805935,-135566383.39908066,148986489012.27362,-607417446.3610233,-264045137.1123016,58928.17687465277
46,2020,3,20,4,29,41.97,-16744566.802000001,-19353633.344,7249605.329,1133.3045100000002,-2111.16772,-3037.05678,2020-03-20 04:29:41.970,275406090.0017721,-256418472.62976593,-135389735.4253787,148987050726.3346,-582720078.1919274,-253339680.90607548,58928.18729131943
46,2020,3,20,4,44,41.97,-15584037.566000002,-21082427.672000002,4461939.830999999,1441.98944,-1725.06443,-3148.9020299999997,2020-03-20 04:44:41.970,276064128.1032341,-255855000.27070233,-135212391.20018095,148987607580.52277,-558022675.1862414,-242634208.0697707,58928.1977079861
46,2020,3,20,4,59,41.97,-14156352.421,-22449799.926,1597773.2719999999,1726.13251,-1309.14728,-3206.80577,2020-03-20 04:59:41.970,276720773.88706577,-255290212.4962623,-135034351.80375236,148988159574.82687,-533325238.1858065,-231928718.96451312,58928.20812465277
46,2020,3,20,5,14,41.97,-12485834.262,-23432068.326,-1293801.186,1980.8412,-870.4955100000001,-3209.70952,2020-03-20 05:14:41.970,277376024.38307655,-254724112.5262256,-134855618.31898046,148988706709.2355,-508627768.0324948,-221223213.9514525,58928.21854131943
46,2020,3,20,5,29,41.97,-10600995.292,-24012114.217,-4163157.402,2201.71202,-416.59439,-3157.48986,2020-03-20 05:29:41.970,278029876.628756,-254156703.58474347,-134676191.8313691,148989248983.73807,-483930265.5682231,-210517693.39176607,58928.2289579861
46,2020,3,20,5,44,41.97,-8534061.492,-24179691.844,-6960982.165,2384.90783,44.789629999999995,-3050.96548,2020-03-20 05:44:41.970,278682327.66927826,-253587988.90032527,-134496073.4290337,148989786398.32382,-459232731.63494635,-199812157.646657,58928.23937465277
46,2020,3,20,5,59,41.97,-6320431.293,-23931622.836999997,-9639120.385,2527.2264999999998,505.73994,-2891.8885,2020-03-20 05:59:41.970,279333374.55750495,-253017971.70582375,-134315264.20269465,148990318952.98212,-434535167.07464874,-189106607.07734972,58928.24979131943
46,2020,3,20,6,14,41.97,-3998076.929,-23271870.819,-12151405.172,2626.15944,958.32476,-2682.91954,2020-03-20 06:14:41.970,279983014.35398954,-252446655.23842087,-134133765.24567229,148990846647.70306,-409837572.7293699,-178401042.04510254,58928.2602079861
46,2020,3,20,6,29,41.97,-1606898.173,-22211493.549,-14454458.332,2679.93869,1394.73392,-2427.58695,2020-03-20 06:29:41.970,280631244.1269808,-251874042.7396143,-133951577.65388122,148991369482.47687,-385139949.4411769,-167695462.91119248,58928.27062465277
46,2020,3,20,6,44,41.97,811960.849,-20768472.130999997,-16508447.079000002,2687.5716700000003,1807.41489,-2130.2304,2020-03-20 06:44:41.970,281278060.95242584,-251300137.455203,-133768702.5258245,148991887457.29355,-360442298.0521815,-156989870.036924,58928.28104131943
46,2020,3,20,6,59,41.97,3216820.167,-18967418.987,-18277783.218000002,2648.86262,2189.2056900000002,-1795.9296,2020-03-20 06:59:41.970,281923461.913975,-250724942.6352726,-133585140.9625882,148992400572.14395,-335744619.40452826,-146284263.78362948,58928.2914579861
46,2020,3,20,7,14,41.97,5566185.529999999,-16839168.564,-19731751.89,2564.42009,2533.4621899999997,-1430.4192,2020-03-20 07:14:41.970,282567444.1029845,-250148461.5341825,-133400894.06783591,148992908827.0189,-311046914.340402,-135578644.51266026,58928.30187465277
46,2020,3,20,7,29,41.97,7819470.328000001,-14420256.918,-20845058.017,2435.6501599999997,2834.17735,-1039.99127,2020-03-20 07:29:41.970,283210004.61852014,-249570697.41055068,-133215962.94780284,148993412221.90955,-286349183.70203066,-124873012.58540416,58928.31229131943
46,2020,3,20,7,44,41.97,9937704.912999999,-11752298.532000002,-21598279.901,2264.73529,3086.08998,-631.3868299999999,2020-03-20 07:44:41.970,283851140.5673612,-248991653.52724102,-133030348.71129042,148993910756.8072,-261651428.33167082,-114167368.36326003,58928.3227079861
46,2020,3,20,7,59,41.97,11884220.458,-8881270.706,-21978221.037,2054.5988899999998,3284.78097,-211.67839999999998,2020-03-20 07:59:41.970,284490849.06400394,-248411333.15134734,-132844052.46966071,148994404431.70355,-236953649.071622,-103461712.20766413,58928.33312465277
46,2020,3,20,8,14,41.97,13625294.728,-5856717.822,-21978152.966000002,1808.8562399999998,3426.75488,211.85428000000002,2020-03-20 08:14:41.970,285129127.2306655,-247829739.55418146,-132657075.33683084,148994893246.59033,-212255846.76422387,-92756044.48006997,58928.34354131943
46,2020,3,20,8,29,41.97,15130747.740999999,-2730889.397,-21597943.972,1531.75234,3509.5051700000004,631.8532700000001,2020-03-20 08:29:41.970,285765972.19728684,-247246876.01125777,-132469418.42926738,148995377201.45984,-187558022.25184947,-82050365.54196104,58928.3539579861
46,2020,3,20,8,44,41.97,16374476.075000001,442172.67299999995,-20844070.558,1228.08796,3531.56168,1041.01349,2020-03-20 08:44:41.970,286401381.1015365,-246662745.80228004,-132281082.86598077,148995856296.30438,-162860176.37690282,-71344675.75484082,58928.36437465277
46,2020,3,20,8,59,41.97,17334915.676,3607581.158,-19729510.854,903.13489,3492.51919,1432.2135899999998,2020-03-20 08:59:41.970,287035351.08881485,-246077352.21112698,-132092069.76851976,148996330531.11655,-138162309.98183745,-60638975.48024292,58928.37479131943
46,2020,3,20,9,14,41.97,17995424.265,6710567.46,-18273521.407,562.54233,3393.0463799999998,1798.64384,2020-03-20 09:14:41.970,287667879.3122563,-245490698.52583885,-131902380.26096588,148996799905.88937,-113464423.90913355,-49933265.07971983,58928.3852079861
46,2020,3,20,9,29,41.97,18344575.985,9697444.684,-16501301.089,212.23582,3234.8748600000004,2133.9286199999997,2020-03-20 09:29:41.970,288298962.93273467,-244902788.03860277,-131712015.46992785,148997264420.61578,-88766519.001315,-39227544.914853975,58928.39562465277
46,2020,3,20,9,44,41.97,18376362.614,12516551.863,-14443548.137,-141.68908,3020.76832,2432.24107,2020-03-20 09:44:41.970,288928599.1188648,-244313624.04573953,-131520976.52453603,148997724075.2895,-64068596.100937724,-28521815.347250797,58928.40604131943
46,2020,3,20,9,59,41.97,18090297.46,15119161.712,-12135918.464,-493.07626,2754.47246,2688.40742,2020-03-20 09:59:41.970,289556785.04700744,-243723209.8476891,-131329264.55643685,148998178869.9038,-39370656.050587445,-17816076.738537863,58928.4164579861
46,2020,3,20,10,14,41.97,17491420.057,17460334.967,-9618395.408,-835.8197200000001,2440.64653,2897.99917,2020-03-20 10:14:41.970,290183517.9012717,-243131548.74899712,-131136880.69978741,148998628804.45285,-14672699.692898713,-7110329.450369887,58928.42687465277
46,2020,3,20,10,29,41.97,16590201.724,19499705.424,-6934582.832,-1163.97284,2084.7781,3057.41093,2020-03-20 10:29:41.970,290808794.8735199,-242538644.0583009,-130943826.09124967,148999073878.93063,10025272.129468132,3595426.1555760326,58928.43729131943
46,2020,3,20,10,44,41.97,15402354.075,21202181.258,-4130935.0270000002,-1471.8544,1693.08257,3163.92281,2020-03-20 10:44:41.970,291432613.1633698,-241944499.08831573,-130750101.86998513,148999514093.33173,34723258.57381342,14301189.717598148,58928.4477079861
46,2020,3,20,10,59,41.97,13948544.498,22538549.965,-1255938.048,-1754.14897,1272.38983,3215.74581,2020-03-20 10:59:41.970,292054969.9781985,-241349117.15582046,-130555709.1776493,148999949447.6506,59421258.797395796,25006960.87396741,58928.45812465277
46,2020,3,20,11,14,41.97,12254024.453,23485976.319000002,1640742.0420000001,-2005.9999199999997,830.02031,3212.04987,2020-03-20 11:14:41.970,292675862.53314614,-240752501.58164427,-130360649.15838596,149000379941.8822,84119271.95745715,35712739.26293573,58928.46854131943
46,2020,3,20,11,29,41.97,10348178.124,24028384.995,4509128.071,-2223.0931699999996,373.65309,3152.9739,2020-03-20 11:29:41.970,293295288.0511192,-240154655.69065234,-130164922.95882195,149000805576.02182,108817297.2111901,46418524.5227285,58928.4789579861
46,2020,3,20,11,44,41.97,8264000.389,24156721.926999997,7299801.759,-2401.73024,-88.81125,3039.61822,2020-03-20 11:44:41.970,293913243.7627941,-239555582.811733,-129968531.7280613,149001226350.06485,133515333.71575117,57124316.2915463,58928.48937465277
46,2020,3,20,11,59,41.97,6037514.306,23869090.93,9964759.044,-2538.88948,-549.39023,2874.0197,2020-03-20 11:59:41.970,294529726.90661997,-238955286.27778205,-129771476.61768006,149001642264.00687,158213380.6282676,67830114.20756608,58928.49979131943
46,2020,3,20,12,14,41.97,3707139.248,23170764.586000003,12458235.606,-2632.27437,-1000.1587999999999,2659.11049,2020-03-20 12:14:41.970,295144734.7288232,-238353769.42569107,-129573758.78172044,149002053317.8439,182911437.10583532,78535917.90894315,58928.5102079861
46,2020,3,20,12,29,41.97,1313021.475,22074070.77,14737488.332999999,-2680.34859,-1433.38598,2398.66163,2020-03-20 12:29:41.970,295758264.4834099,-237751035.59633228,-129375379.37668581,149002459511.57208,207609502.3055135,89241727.03380913,58928.52062465277
46,2020,3,20,12,44,41.97,-1103660.683,20598158.434,16763519.689000001,-2682.3574,-1841.66615,2097.21283,2020-03-20 12:44:41.970,296370313.43216974,-237147088.1345449,-129176339.56153443,149002860845.18777,232307575.3843261,99947541.22026798,58928.53104131943
46,2020,3,20,12,59,41.97,-3501404.756,18768648.302,18501733.307,-2638.3354,-2218.04317,1759.9901,2020-03-20 12:59:41.970,296980878.84467936,-236541930.38912234,-128976640.49767466,149003257318.68777,257005655.4992602,110653360.10640451,58928.5414579861
46,2020,3,20,13,14,41.97,-5839092.996,16617175.955999998,19922510.634,-2549.10091,-2556.1251,1392.813,2020-03-20 13:14:41.970,297589957.99830544,-235935565.71279716,-128776283.34895912,149003648932.069,281703741.8072778,121359183.33027631,58928.55187465277
46,2020,3,20,13,29,41.97,-8076690.373000001,14180836.364999998,21001700.077,-2416.23752,-2850.18826,1001.99327,2020-03-20 13:29:41.970,298197548.1782087,-235327997.462228,-128575269.28167935,149004035685.32864,306401833.4652983,132065010.52992252,58928.56229131943
46,2020,3,20,13,44,41.97,-10175920.367999999,11501540.227,21721011.746,-2242.06335,-3095.26895,594.22667,2020-03-20 13:44:41.970,298803646.677347,-234719228.99798593,-128373599.4645601,149004417578.46414,331099929.6302135,142770841.34335274,58928.5727079861
46,2020,3,20,13,59,41.97,-12100907.913999999,8625293.573,22068312.507,-2029.5888999999997,-3287.24206,176.47997,2020-03-20 13:59:41.970,299408250.7964778,-234109263.68454045,-128171275.06875412,149004794611.4732,355798029.4588891,153476675.40856004,58928.58312465277
46,2020,3,20,14,14,41.97,-13818779.567,5601412.958,22037817.722,-1782.46432,-3422.88552,-244.12539,2020-03-20 14:14:41.970,300011357.84416354,-233498104.89024577,-127968297.2678364,149005166784.3536,380496132.1081431,164182512.3635093,58928.59354131943
46,2020,3,20,14,29,41.97,-15300211.828,2481689.1890000002,21630177.572,-1504.9171,-3499.9301,-660.4309000000001,2020-03-20 14:29:41.970,300612965.1367729,-232885755.98732737,-127764667.23779894,149005534097.1039,405194236.7347722,174888351.84614405,58928.6039579861
46,2020,3,20,14,44,41.97,-16519919.447,-680486.938,20852457.419999998,-1201.6811599999999,-3517.094,-1065.35859,2020-03-20 14:44:41.970,301213069.998485,-232272220.3518682,-127560386.15704508,149005896549.72232,429892342.4955373,185594193.4943866,58928.61437465277
46,2020,3,20,14,59,41.97,-17457076.446,-3831023.129,19718013.084999997,-877.9184399999999,-3474.1020200000003,-1452.0266900000001,2020-03-20 14:59:41.970,301811669.7612934,-231657501.36379486,-127355455.20638415,149006254142.20767,454590448.5471629,196300036.9461321,58928.62479131943
46,2020,3,20,15,14,41.97,-18095663.601,-6916034.312,18246263.355,-539.13406,-3371.6891499999997,-1813.86209,2020-03-20 15:14:41.970,302408761.76500857,-231041602.40686402,-127149875.56902596,149006606874.55878,479288554.0463496,207005881.83925673,58928.6352079861
46,2020,3,20,15,29,41.97,-18424737.137,-9882747.557999998,16462363.389999999,-191.08628,-3211.58854,-2144.70786,2020-03-20 15:29:41.970,303004343.35726094,-230424526.86864895,-126943648.43057537,149006954746.77502,503986658.1497588,217711727.8116113,58928.64562465277
46,2020,3,20,15,44,41.97,-18438614.424,-12680389.191,14396784.039,160.30768,-2996.5039500000003,-2438.92457,2020-03-20 15:44:41.970,303598411.89350504,-229806278.14052543,-126736774.97902665,149007297758.85583,528684760.01402783,228417574.5010272,58928.65604131943
46,2020,3,20,15,59,41.97,-18136973.608,-15261040.264999999,12084803.363000002,509.06852999999995,-2730.06709,-2691.48383,2020-03-20 15:59:41.970,304190964.7370225,-229186859.6176586,-126529256.40475833,149007635910.80096,553382858.7957585,239123421.54531,58928.6664579861
46,2020,3,20,16,14,41.97,-17524865.244,-17580446.892,9565917.964,849.25331,-2416.78005,-2898.05273,2020-03-20 16:14:41.970,304781999.2589251,-228566274.69898897,-126321093.90052748,149007969202.61032,578080953.6515157,249829268.58224276,58928.67687465277
46,2020,3,20,16,29,41.97,-16612635.236999998,-19598772.391,6883182.924,1175.0538800000002,-2061.9436499999997,-3055.06783,2020-03-20 16:29:41.970,305371512.8381579,-227944526.78721905,-126112288.66146445,149008297634.2842,602779043.7378457,260535115.24958926,58928.68729131943
46,2020,3,20,16,44,41.97,-15415759.679000001,-21281278.83,4082490.366,1480.89395,-1671.5724,-3159.7973700000002,2020-03-20 16:44:41.970,305959502.8615038,-227321619.28879955,-125902841.88506721,149008621205.82312,627477128.2112578,271240961.1850889,58928.6977079861
46,2020,3,20,16,59,41.97,-13954593.491,-22598926.408999998,1211797.7280000001,1761.52335,-1252.29712,-3210.39061,2020-03-20 16:59:41.970,306545966.7235845,-226697555.61391583,-125692754.77119607,149008939917.2277,652175206.22823,281946806.02645886,58928.70812465277
46,2020,3,20,17,14,41.97,-12254036.165,-23528880.132999998,-1679682.127,2012.10772,-811.2565099999999,-3205.9131399999997,2020-03-20 17:14:41.970,307130901.82686603,-226072339.17647445,-125482028.52206813,149009253768.4991,676873276.9452089,292652649.4113928,58928.71854131943
46,2020,3,20,17,29,41.97,-10343119.268000001,-24054914.483,-4542316.011,2228.31241,-355.97923999999995,-3146.36744,2020-03-20 17:29:41.970,307714305.58166087,-225445973.39408958,-125270664.34225203,149009562759.6385,701571339.5186131,303358490.97756433,58928.7289579861
46,2020,3,20,17,44,41.97,-8254521.785000001,-24167708.257,-7326897.031,2406.3787300000004,105.74195,-3032.69788,2020-03-20 17:44:41.970,308296175.4061308,-224818461.68806887,-125058663.43866222,149009866890.6475,726269393.1048298,314064330.36262345,58928.73937465277
46,2020,3,20,17,59,41.97,-6024020.677,-23865023.419,-9985488.579,2543.19138,565.98176,-2866.77979,2020-03-20 17:59:41.970,308876508.726291,-224189807.48340094,-124846027.0205538,149010166161.52762,750967436.8602154,324770167.20419955,58928.74979131943
46,2020,3,20,18,14,41.97,-3689885.327,-23151763.631,-12472251.259000001,2636.33554,1016.8177700000001,-2651.39247,2020-03-20 18:14:41.970,309455302.9760131,-223560014.2087409,-124632756.2995169,149010460572.28104,775665469.9411048,335476001.1398997,58928.7602079861
46,2020,3,20,18,29,41.97,-1292225.7010000001,-22039910.165000003,-14744238.308,2684.14242,1450.4671899999998,-2390.1762299999996,2020-03-20 18:29:41.970,310032555.59702784,-222929085.29639706,-124418852.48947126,149010750122.91006,800363491.5037954,346181831.80730987,58928.77062465277
46,2020,3,20,18,44,41.97,1127694.932,-20548334.998,-16762145.356,2685.72233,1859.42254,-2087.57397,2020-03-20 18:44:41.970,310608264.03892887,-222297024.1823177,-124204316.80666102,149011034813.41727,825061500.7045505,356887658.843991,58928.78104131943
46,2020,3,20,18,59,41.97,3528171.046,-18702493.106000002,-18491000.891,2640.98429,2236.58402,-1748.7579799999999,2020-03-20 18:59:41.970,311182425.75917536,-221663834.30607727,-123989150.46964917,149011314643.8052,849759496.6996194,367593481.88748646,58928.7914579861
46,2020,3,20,19,14,41.97,5867777.316,-16533998.207,-19900784.632,2550.64171,2575.38579,-1379.54318,2020-03-20 19:14:41.970,311755038.2230958,-221029519.1108629,-123773354.69931178,149011589614.07724,874457478.6452063,378299300.575315,58928.80187465277
46,2020,3,20,19,29,41.97,8106089.752,-14080088.386,-20966962.133,2416.2037100000002,2869.91392,-986.2879399999999,2020-03-20 19:29:41.970,312326098.90389085,-220394082.04346076,-123556930.71883318,149011859724.23636,899155445.697502,389005114.5449775,58928.81229131943
46,2020,3,20,19,44,41.97,10204392.553,-11382990.229999999,-21670925.264000002,2239.9521299999997,3115.01364,-575.78439,2020-03-20 19:44:41.970,312895605.2826363,-219757526.55424303,-123339879.75370024,149012124974.28616,923853397.0126601,399710923.43394965,58928.8227079861
46,2020,3,20,19,59,41.97,12126357.834,-8489192.067,-22000329.860000003,2024.90425,3306.3837399999998,-155.13996,2020-03-20 19:59:41.970,313463554.8482868,-219119856.09715357,-123122203.03169692,149012385364.2306,948551331.746803,410416726.87968755,58928.83312465277
46,2020,3,20,20,14,41.97,13838685.667,-5448638.823,-21949323.62,1774.76199,3440.65603,268.34769,2020-03-20 20:14:41.970,314029945.097678,-218481074.12969565,-122903901.78289892,149012640894.07355,973249249.056029,421122524.5196234,58928.84354131943
46,2020,3,20,20,29,41.97,15311692.491,-2313862.619,-21518659.314,1493.8481800000002,3515.4584099999997,687.32006,2020-03-20 20:29:41.970,314594773.5355312,-217841184.11291724,-122684977.23966831,149012891563.8194,997947148.0964168,431828315.99117494,58928.8539579861
46,2020,3,20,20,44,41.97,16519836.788,860935.336,-20715690.547,1187.03103,3529.4598499999997,1094.48904,2020-03-20 20:44:41.970,315158037.67445457,-217200189.51139823,-122465430.63664806,149013137373.47272,1022645028.0240004,442534100.93173045,58928.86437465277
46,2020,3,20,20,59,41.97,17442172.003,4020834.9020000002,-19554249.503,859.63824,3482.39646,1482.76747,2020-03-20 20:59:41.970,315719735.03494835,-216558093.79323685,-122245263.21075672,149013378323.03833,1047342887.994801,453239878.97866344,58928.87479131943
46,2020,3,20,21,14,41.97,18062717.999,7111161.782000001,-18054408.428999998,517.36216,3375.0778600000003,1845.39652,2020-03-20 21:14:41.970,316279863.1454058,-215914900.43003634,-122024476.20118293,149013614412.52118,1072040727.1648052,463945649.7693228,58928.8852079861
46,2020,3,20,21,29,41.97,18370743.909,10078449.046,-16242128.909,166.15801,3209.37354,2176.06726,2020-03-20 21:29:41.970,316838419.5421185,-215270612.89689103,-121803070.84937999,149013845641.92676,1096738544.689972,474651412.9410386,58928.89562465277
46,2020,3,20,21,44,41.97,18360956.889000002,12871377.469999999,-14148805.206,-187.86304,2988.17949,2469.03409,2020-03-20 21:44:41.970,317395401.7692776,-214625234.6723735,-121581048.39906064,149014072011.26056,1121436339.7262363,485357168.1311171,58928.90604131943
46,2020,3,20,21,59,41.97,18033593.187999997,15441677.152,-11810710.12,-538.54373,2715.3656800000003,2719.2176,2020-03-20 21:59:41.970,317950807.3789778,-213978769.2385208,-121358410.09619148,149014293520.5284,1146134111.4295058,496062914.97684956,58928.9164579861
46,2020,3,20,22,14,41.97,17394409.871,17744973.531,-9268353.741999999,-879.79122,2395.70524,2922.29488,2020-03-20 22:14:41.970,318504633.9312201,-213331220.08082095,-121135157.18898776,149014510169.73654,1170831858.9556608,506768653.1155008,58928.92687465277
46,2020,3,20,22,29,41.97,16454577.535,19741562.143,-6565767.282,-1205.68621,2034.78716,3074.77551,2020-03-20 22:29:41.970,319056878.99391544,-212682590.6882,-120911290.92790769,149014721958.89105,1195529581.4605527,517474382.1843155,58928.93729131943
46,2020,3,20,22,44,41.97,15230476.350000001,21397097.875,-3749725.558,-1510.5883099999999,1638.91394,3174.06163,2020-03-20 22:44:41.970,319607540.1428868,-212032884.55300802,-120686812.5656475,149014928887.99872,1220227278.1000178,528180101.82052374,58928.9477079861
46,2020,3,20,22,59,41.97,13743399.714,22683186.311,-868922.956,-1789.2356499999999,1214.9867700000002,3218.49116,2020-03-20 22:59:41.970,320156614.9618732,-211382105.1710062,-120461723.35713556,149015130957.06625,1244924948.0298505,538885811.6613288,58928.95812465277
46,2020,3,20,23,14,41.97,12019171.582999999,23577866.867000002,2026881.607,-2036.83677,770.38031,3207.36332,2020-03-20 23:14:41.970,320704101.04253197,-210730256.0413532,-120236024.55952753,149015328166.10098,1269622590.4058313,549591511.3439147,58928.96854131943
46,2020,3,20,23,29,41.97,10087685.228,24065979.663,4887734.704000001,-2249.15308,312.80995,3140.94645,2020-03-20 23:29:41.970,321249995.9844425,-210077340.66659173,-120009717.4322003,149015520515.11002,1294320204.3837082,560297200.5054493,58928.9789579861
46,2020,3,20,23,44,41.97,7982372.56,24139410.531000003,7664357.387,-2422.57049,-149.80577,3020.46794,2020-03-20 23:44:41.970,321794297.39510846,-209423362.55263516,-119782803.23674746,149015708004.10104,1319017789.119204,571002878.783074,58928.98937465277
46,2020,3,20,23,59,41.97,5739614.373000001,23797211.017,10308997.425999999,-2554.15889,-609.48489,2848.0872,2020-03-20 23:59:41.970,322337002.88996154,-208768325.2087546,-119555283.23697303,149015890633.08215,1343715343.7680264,581708545.8139153,58928.99979131943
46,2020,3,21,0,14,41.97,3398102.694,23045593.47,12776250.567,-2641.71879,-1058.32116,2626.85212,2020-03-21 00:14:41.970,322878110.09236383,-208112232.1475648,-119327158.69888684,149016068402.06122,1368412867.4858458,592414201.2350781,58929.0102079861
46,2020,3,21,0,29,41.97,998167.4349999999,21897798.344,15023831.779,-2683.8149200000003,-1488.62004,2360.64123,2020-03-21 00:29:41.970,323417616.63361144,-207455086.88501173,-119098430.89069864,149016241311.04672,1393110359.4283113,603119844.6836461,58929.02062465277
46,2020,3,21,0,44,41.97,-1418921.514,20373848.968,17013296.228,-2679.7952600000003,-1893.0292399999998,2054.09101,2020-03-21 00:44:41.970,323955520.15293676,-206796892.94035783,-118869101.082813,149016409360.04727,1417807818.7510471,613825475.7966824,58929.03104131943
46,2020,3,21,0,59,41.97,-3811662.725,18500184.569000002,18710681.298,-2629.79737,-2264.6615699999998,1712.5125,2020-03-21 00:59:41.970,324491818.29751235,-206137653.83617032,-118639170.54782394,149016572549.0717,1442505244.6096592,624531094.211235,58929.0414579861
46,2020,3,21,1,14,41.97,-6139031.613,16309190.62,20087072.908999998,-2534.74104,-2597.2083700000003,1341.7972,2020-03-21 01:14:41.970,325026508.7224528,-205477373.09830657,-118408640.56050938,149016730878.1293,1467202636.1597207,635236699.5643272,58929.05187465277
46,2020,3,21,1,29,41.97,-8361176.305000001,13838631.19,21119082.389,-2396.30811,-2885.0419500000003,948.31465,2020-03-21 01:29:41.970,325559589.090819,-204816054.2559014,-118177512.39782594,149016884347.22928,1491899992.556784,645942291.492964,58929.06229131943
46,2020,3,21,1,44,41.97,-10440089.862000002,11130994.566,21789228.147,-2216.91026,-3123.30566,538.80354,2020-03-21 01:44:41.970,326091057.07361937,-204153700.84135363,-117945787.33890343,149017032956.38153,1516597312.956376,656647869.6341312,58929.0727079861
46,2020,3,21,1,59,41.97,-12340248.318,8232763.748,22086217.084,-1999.64535,-3307.99063,120.25815,2020-03-21 01:59:41.970,326620910.34981483,-203490316.39031285,-117713466.6650397,149017176705.59573,1541294596.5140047,667353433.6247957,58929.08312465277
46,2020,3,21,2,14,41.97,-14029204.700000001,5193624.199,22005122.32,-1748.2434600000001,-3435.9983700000003,-300.1882,2020-03-21 02:14:41.970,327149146.60632014,-202825904.4416658,-117480551.65969513,149017315594.88223,1565991842.3851542,678058983.1019063,58929.09354131943
46,2020,3,21,2,29,41.97,-15478130.083,2065621.893,21547455.353,-1467.0033,-3505.18849,-715.38098,2020-03-21 02:29:41.970,327675763.53800714,-202160468.53752318,-117247043.60848719,149017449624.25134,1590689049.7252753,688764517.7023876,58929.1039579861
46,2020,3,21,2,44,41.97,-16662293.606999999,-1097714.821,20721132.277,-1160.7203200000001,-3514.41137,-1118.26174,2020-03-21 02:44:41.970,328200758.8477088,-201494012.22320673,-117012943.79918535,149017578793.7138,1615386217.6898067,699470037.0631487,58929.11437465277
46,2020,3,21,2,59,41.97,-17561474.338,-4242275.755,19540335.158999998,-834.60735,-3463.52522,-1501.98351,2020-03-21 02:59:41.970,328724130.24622,-200826539.04723573,-116778253.5217054,149017703103.28043,1640083345.434155,710175540.8210789,58929.12479131943
46,2020,3,21,3,14,41.97,-18160298.821,-7314277.808,18025271.041,-494.20902,-3353.39762,-1860.0227,2020-03-21 03:14:41.970,329245875.4523025,-200158052.5613129,-116542974.06810434,149017822552.96262,1664780432.113718,720881028.6130472,58929.1352079861
46,2020,3,21,3,29,41.97,-18448499.216000002,-10261168.229,16201832.431,-145.31103000000002,-3185.89147,-2186.28584,2020-03-21 03:29:41.970,329765992.19268674,-199488556.3203127,-116307106.73257498,149017937142.7717,1689477476.883856,731586500.075906,58929.14562465277
46,2020,3,21,3,44,41.97,-18421087.95,-13032508.245000001,14101164.464,206.15442000000002,-2963.8354,-2475.21,2020-03-21 03:44:41.970,330284478.20207506,-198818053.88226667,-116070652.81144053,149018046872.71936,1714174478.8999133,742291954.8464873,58929.15604131943
46,2020,3,21,3,59,41.97,-18078445.954,-15580823.249,11759145.21,554.2058800000001,-2690.9791099999998,-2721.8551500000003,2020-03-21 03:59:41.970,330801331.22314423,-198146548.80835092,-115833613.60314915,149018151742.81744,1738871437.3172126,752997392.5616016,58929.1664579861
46,2020,3,21,4,14,41.97,-17426322.717,-17862406.088,9215786.889999999,892.91112,-2371.93394,-2921.9873199999997,2020-03-21 04:14:41.970,331316549.00654876,-197474044.6628723,-115595990.4082689,149018251753.07834,1763568351.2910545,763702812.858046,58929.17687465277
46,2020,3,21,4,29,41.97,-16475747.621,-19838060.485999998,6514566.9799999995,1216.48558,-2012.0993399999998,-3072.15103,2020-03-21 04:29:41.970,331830129.31092316,-196800545.01325586,-115357784.52948205,149018346903.51453,1788265219.9767165,774408215.3725948,58929.18729131943
46,2020,3,21,4,44,41.97,-15242853.327000001,-21473772.286,3701699.364,1519.38914,-1617.57616,-3169.7299000000003,2020-03-21 04:44:41.970,332342069.90288585,-196126053.43003106,-115118997.27158011,149018437194.1385,1812962042.5294497,785113599.742004,58929.1977079861
46,2020,3,21,4,59,41.97,-13748613.294,-22741297.077999998,825356.777,1796.41987,-1195.06778,-3212.99409,2020-03-21 04:59:41.970,332852368.5570404,-195450573.48681858,-114879629.94145805,149018522624.96347,1837658818.104496,795818965.6030123,58929.20812465277
46,2020,3,21,5,14,41.97,-12018496.916,-23618653.807,-2065143.219,2042.8031199999998,-751.77028,-3201.1337000000003,2020-03-21 05:14:41.970,333361023.05598,-194774108.7603171,-114639683.84810929,149018603196.00256,1862355545.8570614,806524312.592339,58929.21854131943
46,2020,3,21,5,29,41.97,-10082047.131,-24090515.291,-4920175.646,2254.27443,-295.25341,-3134.27729,2020-03-21 05:29:41.970,333868031.190289,-194096662.8302903,-114399160.30262026,149018678907.2693,1887052224.942346,817229640.3466868,58929.2289579861
46,2020,3,21,5,44,41.97,-7972386.749,-24148487.999,-7690655.18,2427.15482,166.6661,-3013.49469,2020-03-21 05:44:41.970,334373390.75854677,-193418239.27955335,-114158060.61816502,149018749758.7773,1911748854.515518,827934948.5027374,58929.23937465277
46,2020,3,21,5,59,41.97,-5725661.057,-23791275.189,-10328878.644000001,2558.41684,626.05672,-2840.7839799999997,2020-03-21 05:59:41.970,334877099.5673293,-192738841.69395965,-113916386.10999982,149018815750.54077,1936445433.7317257,838640236.6971561,58929.24979131943
46,2020,3,21,6,14,41.97,-3380425.5330000003,-23024719.34,-12789348.507000001,2645.7403,1075.00781,-2619.04233,2020-03-21 06:14:41.970,335379155.4312134,-192058473.6623879,-113674138.09545815,149018876882.5739,1961141961.746099,849345504.566588,58929.2602079861
46,2020,3,21,6,29,41.97,-976988.627,-21861721.841,-15029562.97,2687.5562,1505.76631,-2352.02095,2020-03-21 06:29:41.970,335879556.172778,-191377138.77672866,-113431317.89394489,149018933154.891,1985838437.7137504,860050751.7476618,58929.27062465277
46,2020,3,21,6,44,41.97,1443279.409,-20322040.034,-17010758.525000002,2683.07811,1910.8721500000001,-2044.26461,2020-03-21 06:44:41.970,336378299.622608,-190694840.63187107,-113187926.8269313,149018984567.50708,2010534860.7897677,870755977.8769879,58929.28104131943
46,2020,3,21,6,59,41.97,3838659.891,-18431963.926,-18698591.48,2632.31997,2283.28985,-1701.0366800000002,2020-03-21 06:59:41.970,336875383.6192969,-190011582.82568997,-112943966.21794963,149019031120.43707,2035231230.1292224,881461182.5911589,58929.2914579861
46,2020,3,21,7,14,41.97,6167808.84,-16223877.082999999,-20063745.772,2536.09996,2616.53388,-1328.23051,2020-03-21 07:14:41.970,337370806.00944906,-189327368.959032,-112699437.3925877,149019072813.69617,2059927544.8871613,892166365.5267487,58929.30187465277
46,2020,3,21,7,29,41.97,8390477.115,-13735708.461000001,-21082455.549999997,2396.02993,2904.78529,-932.26885,2020-03-21 07:29:41.970,337864564.6476826,-188642202.63570336,-112454341.6784837,149019109647.30005,2084623804.2186146,902871526.3203127,58929.31229131943
46,2020,3,21,7,44,41.97,10468214.583999999,-11010284.025999999,-21736932.402999997,2214.49049,3142.99736,-519.99287,2020-03-21 07:44:41.970,338356657.3966327,-187956087.46245608,-112208680.40532069,149019141621.2643,2109320007.2785947,913576664.6083915,58929.3227079861
46,2020,3,21,7,59,41.97,12365045.509,-8094589.052999999,-22015688.720999997,1994.59202,3326.98811,-98.54269000000001,2020-03-21 07:59:41.970,338847082.1269533,-187269027.0489746,-111962454.90482138,149019168735.6053,2134016153.2220895,924281780.027504,58929.33312465277
46,2020,3,21,8,14,41.97,14048102.647,-5038953.806000001,-21913750.542000003,1740.12206,3453.51777,324.76839,2020-03-21 08:14:41.970,339335836.7173211,-186581025.0078629,-111715666.51074278,149019190990.33905,2158712241.2040772,934986872.2141562,58929.34354131943
46,2020,3,21,8,29,41.97,15488208.219,-1896176.9409999999,-21432755.23,1455.47998,3520.34944,742.58368,2020-03-21 08:29:41.970,339822919.05443686,-185892084.9546315,-111468316.55887078,149019208385.48218,2183408270.379508,945691940.8048323,58929.3539579861
46,2020,3,21,8,44,41.97,16660390.761999998,1279397.667,-20580931.487999998,1145.60004,3526.29174,1147.63434,2020-03-21 08:44:41.970,340308327.0330289,-185202210.50768375,-111220406.38701506,149019220921.0515,2208104239.9033165,956396985.4360011,58929.36437465277
46,2020,3,21,8,59,41.97,17544328.005,4432833.899999999,-19372961.461999997,815.86422,3471.22224,1532.86971,2020-03-21 08:59:41.970,340792058.55585635,-184511405.28830314,-110971937.33500355,149019228597.06415,2232800148.9304204,967102005.7441139,58929.37479131943
46,2020,3,21,9,14,41.97,18124707.244000003,7509568.659,-17829726.984,472.00633,3356.09125,1891.58406,2020-03-21 09:14:41.970,341274111.53371036,-183819672.9206399,-110722910.74467692,149019231413.53726,2257495996.615718,977807001.3656051,58929.3852079861
46,2020,3,21,9,29,41.97,18391496.272,10456371.521,-15977944.303,120.00941,3182.9055999999996,2217.53722,2020-03-21 09:29:41.970,341754483.8854182,-183127017.03169772,-110473327.95988385,149019229370.48865,2282191782.1140857,988511971.9368899,58929.39562465277
46,2020,3,21,9,44,41.97,18340119.614,13222280.887999998,-13849693.883,-234.00169000000002,2954.6927,2505.06675,2020-03-21 09:44:41.970,342233173.53784466,-182433441.25132105,-110223190.32647505,149019222467.93604,2306887504.580385,999216917.0943675,58929.40604131943
46,2020,3,21,9,59,41.97,17971536.72,15759499.14,-11481853.966,-583.87045,2675.44548,2749.18923,2020-03-21 09:59:41.970,342710178.4258958,-181738949.21218145,-109972499.19229834,149019210705.8975,2331583163.169466,1009921836.4744219,58929.4164579861
46,2020,3,21,10,14,41.97,17292220.711000003,18024230.065,-8915448.566,-923.51913,2350.0494500000004,2945.68884,2020-03-21 10:14:41.970,343185496.49252117,-181043544.54976425,-109721255.907193,149019194084.39142,2356278757.0361505,1020626729.7134173,58929.42687465277
46,2020,3,21,10,29,41.97,16314038.272,19977443.059,-6194922.248,-1247.05762,1984.1931399999999,3091.1911999999998,2020-03-21 10:29:41.970,343659125.688716,-180347230.9023563,-109469461.82298496,149019172603.4363,2380974285.3352513,1031331596.4477035,58929.43729131943
46,2020,3,21,10,44,41.97,15054033.305000002,21585550.071000002,-3367355.4960000003,-1548.88814,1584.26414,3183.2213399999996,2020-03-21 10:44:41.970,344131063.97352463,-179650011.91103205,-109217118.2934809,149019146263.05118,2405669747.2215595,1042036436.313611,58929.4477079861
46,2020,3,21,10,59,41.97,13534118.847,22820983.174000002,-481635.57200000004,-1823.8040099999998,1157.23261,3220.24453,2020-03-21 10:59:41.970,344601309.3140423,-178951891.21964058,-108964226.67446336,149019115063.25507,2430365141.849847,1052741248.9474543,58929.45812465277
46,2020,3,21,11,14,41.97,11780683.573,23662662.72,2412401.484,-2067.08042,710.5250400000001,3201.68949,2020-03-21 11:14:41.970,345069859.68541867,-178252872.4747926,-108710788.32368504,149019079004.0673,2455060468.374879,1063446033.9855336,58929.46854131943
46,2020,3,21,11,29,41.97,9824120.82,24096348.364,5264841.695,-2274.55557,251.89068999999998,3127.9537,2020-03-21 11:29:41.970,345536713.07085943,-177552959.3258472,-108456804.60086381,149019038085.50754,2479755725.9513907,1074150791.0641282,58929.4789579861
46,2020,3,21,11,44,41.97,7698289.463,24114867.676000003,8026560.823,-2442.70077,-210.73646,3000.39115,2020-03-21 11:44:41.970,346001867.4616298,-176852155.42489856,-108202276.86767723,149018992307.59558,2504450913.734108,1084855519.8195043,58929.48937465277
46,2020,3,21,11,59,41.97,5439917.106,23718219.533,10650073.233,-2568.67834,-669.3774500000001,2821.28294,2020-03-21 11:59:41.970,346465320.85705644,-176150464.42676315,-107947206.48775712,149018941670.3518,2529146030.877743,1095560219.8879092,58929.49979131943
46,2020,3,21,12,14,41.97,3087956.949,22913551.935,13090347.02,-2650.38657,-1116.14722,2593.79185,2020-03-21 12:14:41.970,346927071.26453024,-175447889.98896646,-107691594.82668445,149018886173.79636,2553841076.536985,1106264890.9055777,58929.5102079861
46,2020,3,21,12,29,41.97,682910.23,21715016.233,15305571.459999999,-2686.4912,-1543.3899900000001,2321.9020600000003,2020-03-21 12:29:41.970,347387116.6995087,-174744435.77172977,-107435443.25198396,149018825817.95004,2578536049.866511,1116969532.508723,58929.52062465277
46,2020,3,21,12,44,41.97,-1733873.5119999999,20143501.944,17257864.077999998,-2676.4432,-1943.80884,2010.3455399999998,2020-03-21 12:44:41.970,347845455.1855191,-174040105.4379573,-107178753.1331188,149018760602.83368,2603230950.020988,1127674144.3335466,58929.53104131943
46,2020,3,21,12,59,41.97,-4120906.07,18226258.334999997,18913906.058000002,-2620.48305,-2310.58745,1664.51669,2020-03-21 12:59:41.970,348302084.7541605,-173334902.6532224,-106921525.84148507,149018690528.4685,2627925776.1550517,1138378726.0162299,58929.5414579861
46,2020,3,21,13,14,41.97,-6437268.019,15996410.66,20245496.25,-2519.63164,-2637.50215,1290.37709,2020-03-21 13:14:41.970,348757003.44510627,-172628831.0857554,-106663762.75040668,149018615594.87573,2652620527.4233418,1149083277.1929436,58929.55187465277
46,2020,3,21,13,29,41.97,-8643302.266999999,13492380.510000002,21230015.67,-2375.6686,-2919.0228,894.3521599999999,2020-03-21 13:29:41.970,349210209.30610645,-171921894.40643,-106405465.23513013,149018535802.07733,2677315202.980473,1159787797.499837,58929.56229131943
46,2020,3,21,13,44,41.97,-10701282.547999999,10757220.912,21850796.016,-2191.09844,-3150.40109,483.22152,2020-03-21 13:44:41.970,349661700.39299095,-171214096.2887499,-106146634.67281884,149018451150.09515,2702009801.981044,1170492286.573045,58929.5727079861
46,2020,3,21,13,59,41.97,-12576046.375,7837877.910999999,22097387.377,-1969.10554,-3327.74549,64.0049,2020-03-21 13:59:41.970,350111474.7696715,-170505440.40883616,-105887272.44254819,149018361638.9512,2726704323.5796375,1181196744.048689,58929.58312465277
46,2020,3,21,14,14,41.97,-14235582.765999999,4784391.093,21965721.900000002,-1713.49883,-3448.0818700000004,-356.15467,2020-03-21 14:14:41.970,350559530.5081442,-169795930.44541407,-105627379.92529985,149018267268.66812,2751398766.930829,1191901169.5628743,58929.59354131943
46,2020,3,21,14,29,41.97,-15651565.876999998,1649046.194,21458171.77,-1428.64707,-3509.3992900000003,-770.10866,2020-03-21 14:29:41.970,351005865.68849194,-169085570.07979953,-105366958.50395685,149018168039.26852,2776093131.189171,1202605562.7516844,58929.6039579861
46,2020,3,21,14,44,41.97,-16799826.598,-1514506.6870000002,20583501.299,-1119.40589,-3510.6805900000004,-1170.8202700000002,2020-03-21 14:44:41.970,351450478.3988871,-168374362.99588653,-105106009.56329785,149018063950.7755,2800787415.5092096,1213309923.251197,58929.61437465277
46,2020,3,21,14,59,41.97,-17660755.123999998,-4652155.415999999,19356714.422000002,-791.03754,-3451.9174000000003,-1551.47937,2020-03-21 14:59:41.970,351893366.7355942,-167662312.88013372,-104844534.48999223,149017955003.21204,2825481619.045471,1224014250.6974664,58929.62479131943
46,2020,3,21,15,14,41.97,-18219628.479,-7710234.687,17798800.271,-449.12453000000005,-3334.10963,-1905.6138199999998,2020-03-21 15:14:41.970,352334528.80297136,-166949423.42155161,-104582534.6725943,149017841196.6017,2850175740.952469,1234718544.7265334,58929.6352079861
46,2020,3,21,15,29,41.97,-18466857.998999998,-10636427.378,15936380.84,-99.47838,-3159.24936,-2227.19544,2020-03-21 15:29:41.970,352773962.7134739,-166235698.31168905,-104320011.50153847,149017722530.9683,2874869780.384709,1245422804.9744258,58929.64562465277
46,2020,3,21,15,44,41.97,-18398152.886,-13380644.433,13801266.123,251.95548000000002,-2930.28925,-2510.73944,2020-03-21 15:44:41.970,353211666.5876567,-165521141.24462056,-104056966.36913352,149017599006.33575,2899563736.496673,1256127031.0771556,58929.65604131943
46,2020,3,21,15,59,41.97,-18014597.016,-15895869.515,11429923.363,599.19515,-2651.09589,-2751.39564,2020-03-21 15:59:41.970,353647638.5541749,-164805755.91693312,-103793400.66955751,149017470622.7283,2924257608.442837,1266831222.6707158,58929.6664579861
46,2020,3,21,16,14,41.97,-17322637.408,-18138955.018,8862868.338,936.32088,-2326.38845,-2945.03024,2020-03-21 16:14:41.970,354081876.7497892,-164089546.02771264,-103529315.7988525,149017337380.1705,2948951395.37766,1277535379.3910875,58929.67687465277
46,2020,3,21,16,29,41.97,-16333983.985000001,-20071356.558,6143987.8319999995,1257.57336,-1961.66347,-3088.29677,2020-03-21 16:29:41.970,354514379.31936556,-163372515.2785317,-103264713.15491897,149017199278.687,2973645096.4555936,1288239500.874236,58929.68729131943
46,2020,3,21,16,44,41.97,-15065421.550999999,-21659793.729000002,3319803.5949999997,1557.4502400000001,-1563.10638,-3178.6949600000003,2020-03-21 16:44:41.970,354945144.4158792,-162654667.373436,-102999594.13751066,149017056318.30283,2998338710.8310747,1298943586.756114,58929.6977079861
46,2020,3,21,16,59,41.97,-13538536.265999999,-22876825.808000002,438689.18100000004,1830.79938,-1137.49114,-3214.61641,2020-03-21 16:59:41.970,355374170.20041656,-161936006.0189309,-102733960.14822933,149016908499.04343,3023032237.6585226,1309647636.6726544,58929.70812465277
46,2020,3,21,17,14,41.97,-11779360.274999999,-23701332.185,-2449947.978,2072.90721,-692.06918,-3195.37603,2020-03-21 17:14:41.970,355801454.84217703,-161216534.92396918,-102467812.59051928,149016755820.93402,3047725676.0923514,1320351650.2597804,58929.71854131943
46,2020,3,21,17,29,41.97,-9817939.525,-24118888.604,-5296506.0819999995,2279.58078,-234.44915,-3121.22843,2020-03-21 17:29:41.970,356226996.5184768,-160496257.79993728,-102201152.86966209,149016598284.00067,3072419025.286952,1331055627.1533947,58929.7289579861
46,2020,3,21,17,44,41.97,-7687831.206,-24122031.797,-8052036.237000001,2447.22192,227.53049000000001,-2993.3686900000002,2020-03-21 17:44:41.970,356650793.4147493,-159775178.36064273,-101933982.39277138,149016435888.2692,3097112284.3967185,1341759566.989391,58929.73937465277
46,2020,3,21,17,59,41.97,-5425538.538,-23710406.847,-10669083.232,2572.89201,685.93433,-2813.91716,2020-03-21 17:59:41.970,357072843.7245494,-159053300.32230064,-101666302.56878725,149016268633.766,3121805452.5760255,1352463469.403645,58929.74979131943
46,2020,3,21,18,14,41.97,-3069891.915,-22890793.469,-13102505.368,2654.3662600000002,1132.86582,-2585.8880700000004,2020-03-21 18:14:41.970,357493145.64955443,-158330627.4035209,-101398114.80847123,149016096520.51758,3146498528.979232,1363167334.0320182,58929.7602079861
46,2020,3,21,18,29,41.97,-661386.48,-21677009.469,-15310258.962,2690.17605,1560.60402,-2313.14251,2020-03-21 18:29:41.970,357911697.3995668,-157607163.325295,-101129420.52440079,149015919548.55084,3171191512.760687,1373871160.5103574,58929.77062465277
46,2020,3,21,18,44,41.97,1758512.746,-20089691.757,-17254133.472000003,2679.63854,1961.73855,-2000.3258599999997,2020-03-21 18:44:41.970,358328497.19251704,-156882911.81098324,-100860221.13096407,149015737717.8928,3195884403.0747347,1384574948.4744968,58929.78104131943
46,2020,3,21,18,59,41.97,4148086.3419999997,-18155957.534,-18900423.844,2622.87273,2329.30047,-1652.79094,2020-03-21 18:59:41.970,358743543.2544649,-156157876.586301,-100590518.04435454,149015551028.5707,3220577199.0757065,1395278697.5602565,58929.7914579861
46,2020,3,21,19,14,41.97,6466084.076,-15908950.458999999,-20220527.53,2520.8014099999996,2656.88663,-1276.50778,2020-03-21 19:14:41.970,359156833.8196028,-155432061.37930644,-100320312.68256567,149015359480.6122,3245269899.9179134,1405982407.4034371,58929.80187465277
46,2020,3,21,19,29,41.97,8672443.810999999,-13387278.829,-21191454.871000003,2375.13873,2938.7749,-877.96151,2020-03-21 19:29:41.970,359568367.1302567,-154705469.92038694,-100049606.46538568,149015163074.0452,3269962504.7556734,1416686077.6398335,58929.81229131943
46,2020,3,21,19,44,41.97,10728992.758,-10634354.905,-21796242.888,2188.3634500000003,3170.0281999999997,-464.04017,2020-03-21 19:44:41.970,359978141.43689,-153978105.94224644,-99778400.81439193,149014961808.8976,3294655012.7432756,1427389707.9052198,58929.8227079861
46,2020,3,21,19,59,41.97,12600118.294,-7697646.5,-22024264.241,1963.67811,3346.58516,-41.91428,2020-03-21 19:59:41.970,360386154.998105,-153249973.1798918,-99506697.1529461,149014755685.1979,3319347423.035012,1438093297.8353577,58929.83312465277
46,2020,3,21,20,14,41.97,14253395.917,-4627853.758,-21871424.948,1704.9547499999999,3465.33538,381.08956,2020-03-21 20:14:41.970,360792406.08064485,-152521075.3706205,-99234496.90618837,149014544702.97455,3344039734.785153,1448796847.0659938,58929.84354131943
46,2020,3,21,20,29,41.97,15660162.574,-1478025.658,-21340246.479000002,1416.66798,3524.17787,797.61879,2020-03-21 20:29:41.970,361196892.95939595,-151791416.2540067,-98961801.50103234,149014328862.25668,3368731947.1479692,1459500355.2328653,58929.8539579861
46,2020,3,21,20,44,41.97,16796024.534,1697367.92,-20439830.041,1103.81661,3522.0611700000004,1200.42619,2020-03-21 20:44:41.970,361599613.917391,-151060999.57188925,-98688612.36615972,149014108163.07315,3393424059.2777166,1470203821.9716928,58929.86437465277
46,2020,3,21,20,59,41.97,17641290.067,4843391.669,-19185703.091,771.83522,3459.00432,1582.4998400000002,2020-03-21 20:59:41.970,362000567.24581,-150329829.06835765,-98414930.93201481,149013882605.45355,3418116070.328649,1480907246.9181845,58929.87479131943
46,2020,3,21,21,14,41.97,18181318.627,7905610.291,-17599550.433000002,426.49735,3336.0979500000003,1937.18922,2020-03-21 21:14:41.970,362399751.24398255,-149597908.4897394,-98140758.63079935,149013652189.42734,3442807979.4549923,1491610629.7080293,58929.8852079861
46,2020,3,21,21,29,41.97,18406779.78,10831045.984000001,-15708834.538999999,73.81203000000001,3155.4854899999996,2258.32488,2020-03-21 21:29:41.970,362797164.2193916,-148865241.58458722,-97866096.89646727,149013416915.0245,3467499785.8109837,1502313969.9769096,58929.89562465277
46,2020,3,21,21,44,41.97,18313816.869,13569110.098,-13546311.966,-280.08408000000003,2920.32473,2540.3292500000002,2020-03-21 21:44:41.970,363192804.4876737,-148131832.1036655,-97590947.16471893,149013176782.27505,3492191488.5508423,1513017267.360492,58929.90604131943
46,2020,3,21,21,59,41.97,17904112.32,16072491.550999999,-11149454.847000001,-629.03703,2634.73027,2778.31643,2020-03-21 21:59:41.970,363586670.37262243,-147397683.79993773,-97315310.87299633,149012931791.2096,3516883086.8287754,1523720521.4944286,58929.9164579861
46,2020,3,21,22,14,41.97,17184853.419999998,18297985.431,-8559788.326,-966.98604,2303.69836,2968.1788899999997,2020-03-21 22:14:41.970,363978760.20618993,-146662800.42855304,-97039189.46047741,149012681941.85864,3541574579.7989855,1534423732.014359,58929.92687465277
46,2020,3,21,22,29,41.97,16168599.454,20207246.408999998,-5822156.552,-1288.07191,1933.01533,3106.65927,2020-03-21 22:29:41.970,364369072.3284885,-145927185.74683326,-96762584.36807087,149012427234.25314,3566265966.6156697,1545126898.555908,58929.93729131943
46,2020,3,21,22,44,41.97,14873053.031,21767453.21,-2983931.1659999997,-1586.74111,1529.15182,3191.4061399999996,2020-03-21 22:44:41.970,364757605.0877951,-145190843.51426038,-96485497.03841077,149012167668.42435,3590957246.433014,1555830020.7546914,58929.9477079861
46,2020,3,21,22,59,41.97,13320740.384000001,22951872.249,-94177.327,-1857.84369,1099.14486,3221.0125199999998,2020-03-21 22:59:41.970,365144356.84055066,-144453777.49246264,-96207928.91585134,149011903244.40353,3615648418.4051933,1566533098.2463093,58929.95812465277
46,2020,3,21,23,14,41.97,11538607.163,23740310.700000003,2797206.998,-2096.72284,650.47054,3195.03669,2020-03-21 23:14:41.970,365529325.95136356,-143715991.44520214,-95929881.44646136,149011633962.22256,3640339481.6863747,1577236130.6663435,58929.96854131943
46,2020,3,21,23,29,41.97,9557537.876,24119451.588,5640362.439,-2299.29475,190.90965,3114.00515,2020-03-21 23:29:41.970,365912510.7930115,-142977489.13836145,-95651356.07801905,149011359821.91327,3665030435.430727,1587939117.650374,58929.9789579861
46,2020,3,21,23,44,41.97,7411808.462,24083065.956,8386334.333999999,-2462.11715,-271.59073,2979.3979799999997,2020-03-21 23:44:41.970,366293909.7464439,-142238274.33993077,-95372354.26000677,149011080823.50784,3689721278.7923975,1598642058.8339581,58929.98937465277
46,2020,3,21,23,59,41.97,5138482.621,23632099.628,10987917.973,-2582.44559,-729.0569999999999,2793.61726,2020-03-21 23:59:41.970,366673521.2007841,-141498350.81999514,-95092877.44360542,149010796967.03894,3714412010.925536,1609344953.8526454,58929.99979131943
46,2020,3,22,0,14,41.97,2776763.409,22774635.35,13400468.849000001,-2658.27655,-1173.62756,2559.93945,2020-03-22 00:14:41.970,367051343.5533298,-140757722.35072085,-94812927.08168948,149010508252.539,3739102630.9842815,1620047802.3419712,58930.0102079861
46,2020,3,22,0,29,41.97,367311.706,21525727.727,15582659.95,-2688.37757,-1597.6876499999998,2282.45365,2020-03-22 00:29:41.970,367427375.2095579,-140016392.70634234,-94532504.62882125,149010214680.04114,3763793138.122769,1630750603.9374588,58930.02062465277
46,2020,3,22,0,44,41.97,-2048455.505,19907127.519,17497184.226,-2672.30258,-1993.99786,1965.98559,2020-03-22 00:44:41.970,367801614.58312416,-139274365.66315016,-94251611.54124594,149009916249.5786,3788483531.4951186,1641453358.2746177,58930.03104131943
46,2020,3,22,0,59,41.97,-4429075.324,17946885.653,19111376.626000002,-2610.39486,-2355.8147599999998,1616.01139,2020-03-22 00:59:41.970,368174060.0958659,-138531644.99947676,-93970249.27688588,149009612961.1849,3813173810.255458,1652156064.988948,58930.0414579861
46,2020,3,22,1,14,41.97,-6733745.3889999995,15678857.093,20397757.34,-2503.77614,-2677.00145,1238.56091,2020-03-22 01:14:41.970,368544710.17780507,-137788234.49568418,-93688419.2953355,149009304814.89368,3837863973.5578904,1662858723.715932,58930.05187465277
46,2020,3,22,1,29,41.97,-8923014.913999999,13142109.364,21334483.789,-2354.32326,-2952.12688,840.11351,2020-03-22 01:29:41.970,368913563.26714873,-137044137.93415064,-93406123.05785595,149008991810.73904,3862554020.55653,1673561334.0910454,58930.06229131943
46,2020,3,22,1,44,41.97,-10959449.253,10380247.353,21905705.888,-2164.63285,-3176.5524100000002,427.4877,2020-03-22 01:44:41.970,369280617.8102923,-136299359.09925786,-93123362.02736972,149008673948.75516,3887243950.4054747,1684263895.7497473,58930.0727079861
46,2020,3,22,1,59,41.97,-12808257.606999999,7440666.192,22101819.983000003,-1937.97489,-3346.50491,7.72658,2020-03-22 01:59:41.970,369645872.2618206,-135553901.77737755,-92840137.66845517,149008351228.97665,3911933762.2588177,1694966408.3274872,58930.08312465277
46,2020,3,22,2,14,41.97,-14437874.287,4373744.813,21919618.448000003,-1678.2360800000001,-3459.1354,-412.01918,2020-03-22 02:14:41.970,370009325.08451045,-134807769.75685897,-92556451.44734128,149008023651.43814,3936623455.270649,1705668871.4597003,58930.09354131943
46,2020,3,22,2,29,41.97,-15820484.794,1231993.347,21362333.463,-1389.8539999999998,-3512.5629,-824.60918,2020-03-22 02:29:41.970,370370974.74933237,-134060966.82801545,-92272304.83190249,149007691216.17502,3961313028.5950527,1716371284.7818122,58930.1039579861
46,2020,3,22,2,44,41.97,-16932488.882000003,-1930832.06,20439575.017,-1077.74312,-3505.90294,-1223.03027,2020-03-22 02:44:41.970,370730819.73545235,-133313496.78311148,-91987699.29165295,149007353923.222,3986002481.3861055,1727073647.929235,58930.11437465277
46,2020,3,22,2,59,41.97,-17754893.742,-5060633.127,19167164.579,-747.21366,-3439.28055,-1600.51112,2020-03-22 02:59:41.970,371088858.53023475,-132565363.41634975,-91702636.29774144,149007011772.6151,4010691812.797879,1737775960.5373707,58930.12479131943
46,2020,3,22,3,14,41.97,-18273631.408,-8103878.006,17566867.297000002,-403.88455,-3313.8277,-1950.63292,2020-03-22 03:14:41.970,371445089.6292425,-131816570.52385798,-91417117.32294622,149006664764.39,4035381021.9844475,1748478222.2416072,58930.1352079861
46,2020,3,22,3,29,41.97,-18479795.543,-11008500.495000001,15666026.948,-53.59151,-3131.6651,-2267.43455,2020-03-22 03:29:41.970,371799511.5362413,-131067121.90367617,-91131143.84166913,149006312898.58282,4060070108.099867,1759180432.6773207,58930.14562465277
46,2020,3,22,3,44,41.97,-18369793.828,-13724775.955,13497109.141,297.7084,-2895.8686500000003,-2545.511,2020-03-22 03:44:41.970,372152122.7631994,-130317021.3557432,-90844717.32993072,149005956175.22968,4084759070.2981987,1769882591.4798763,58930.15604131943
46,2020,3,22,3,59,41.97,-17945413.314000003,-16206160.197999999,11097159.637,644.0345,-2610.42079,-2780.10342,2020-03-22 03:59:41.970,372502921.8302904,-129566272.6818841,-90557839.26536456,149005594594.36722,4109447907.7334967,1780584698.2846308,58930.1664579861
46,2020,3,22,4,14,41.97,-17213797.283,-18410078.006,8507185.851,979.48118,-2280.14729,-2967.17952,2020-03-22 04:14:41.970,372851907.2658954,-128814879.68579699,-90270511.12721218,149005228156.03247,4134136619.5598106,1791286752.7269232,58930.17687465277
46,2020,3,22,4,29,41.97,-16187333.425,-20298648.472,5771470.848,1298.31606,-1910.64022,-3103.50294,2020-03-22 04:29:41.970,373199077.6066048,-128062846.17303981,-89982734.39631754,149004856860.26242,4158825204.931185,1801988754.442088,58930.18729131943
46,2020,3,22,4,44,41.97,-14883454.429,-21839335.053,2936830.31,1595.07619,-1508.16785,-3186.69046,2020-03-22 04:44:41.970,373544431.39721954,-127310175.95101753,-89694510.55512176,149004480707.09424,4183513663.0016646,1812690703.065441,58930.1977079861
46,2020,3,22,4,59,41.97,-13324353.452,-23005509.164,51823.979,1864.66078,-1079.5728,-3215.25573,2020-03-22 04:59:41.970,373887967.1907531,-126556872.8289691,-89405841.0876577,149004099696.56577,4208201992.9252872,1823392598.232292,58930.20812465277
46,2020,3,22,5,14,41.97,-11536618.309,-23776917.244,-2834065.923,2102.41883,-632.1596499999999,-3188.63881,2020-03-22 05:14:41.970,374229683.54843485,-125802940.6179544,-89116727.47954455,149003713828.71487,4232890193.8560867,1834094439.5779393,58930.21854131943
46,2020,3,22,5,29,41.97,-9550789.602,-24140042.573,-5671276.034,2304.23024,-173.57373,-3107.22044,2020-03-22 05:29:41.970,374569579.0397091,-125048383.13084108,-88827171.21798255,149003323103.57944,4257578264.9480963,1844796226.737669,58930.2289579861
46,2020,3,22,5,44,41.97,-7400849.406,-24088354.659,-8411009.054,2466.57883,288.3272,-2972.32067,2020-03-22 05:44:41.970,374907652.2422396,-124293204.18229187,-88537173.79174763,149002927521.19815,4282266205.355343,1855497959.3467522,58930.23937465277
46,2020,3,22,5,59,41.97,-5123648.403,-23622440.757,-11006072.521,2586.61582,745.60621,-2786.18151,2020-03-22 05:59:41.970,375243901.74190986,-123537407.58875114,-88246736.69118613,149002527081.60944,4306954014.23185,1866199637.0404572,58930.24979131943
46,2020,3,22,6,14,41.97,-2758280.6289999997,-22750015.99,-13411694.697999999,2662.21258,1190.3833100000002,-2551.9334599999997,2020-03-22 06:14:41.970,375578326.13282496,-122780997.16843224,-87955861.40820919,149002121784.85226,4331641690.731644,1876901259.4540346,58930.2602079861
46,2020,3,22,6,29,41.97,-345416.048,-21485810.596,-15586303.236,2692.00141,1614.97202,-2273.5462599999996,2020-03-22 06:29:41.970,375910924.017314,-122023976.74130413,-87664549.43628764,149001711630.9658,4356329234.008745,1887602826.2227292,58930.27062465277
46,2020,3,22,6,44,41.97,2073397.8120000002,-19851334.989,-17492252.63,2675.40341,2012.0139,-1955.76452,2020-03-22 06:44:41.970,376241694.0059312,-121266350.12907872,-87372802.27044651,149001296619.98938,4381016643.217168,1898304336.9817712,58930.28104131943
46,2020,3,22,6,59,41.97,4456453.238,-17874525.512000002,-19096487.163000003,2612.6427200000003,2374.60873,-1604.02892,2020-03-22 06:59:41.970,376570634.71745867,-120508121.15519767,-87080621.4072596,149000876751.96274,4405703917.510929,1909005791.3663797,58930.2914579861
46,2020,3,22,7,14,41.97,6762606.1559999995,-15589276.014999999,-20371126.966,2504.7465500000003,2696.43766,-1224.38432,2020-03-22 07:14:41.970,376897744.77890635,-119749293.64481921,-86788008.34484425,149000452026.92587,4430391056.044048,1919707189.0117679,58930.30187465277
46,2020,3,22,7,29,41.97,8951993.595,-13034862.542000001,-21293966.012000002,2353.5309899999997,2971.87718,-823.37625,2020-03-22 07:29:41.970,377223022.82551616,-118989871.42480534,-86494964.58285595,149000022444.91882,4455078057.970528,1930408529.5531328,58930.31229131943
46,2020,3,22,7,44,41.97,10986731.807,-10255270.542,-21848872.35,2161.57229,3196.10146,-407.93751,2020-03-22 07:44:41.970,377546467.5007611,-118229858.32370883,-86201491.62248287,148999588005.98203,4479764922.444382,1941109812.6256666,58930.3227079861
46,2020,3,22,7,59,41.97,12831582.31,-7298435.961,-22026082.544,1932.16432,3365.17098,14.73321,2020-03-22 07:59:41.970,377868077.4563494,-117469258.1717601,-85907590.96644069,148999148710.15634,4504451648.619621,1951811037.8645468,58930.33312465277
46,2020,3,22,8,14,41.97,14454573.484000001,-4215413.363,-21822384.171,1669.2625,3476.10581,437.29832,2020-03-22 08:14:41.970,378187851.352224,-116708074.800854,-85613264.11896685,148998704557.48267,4529138235.6502495,1962512204.9049425,58930.34354131943
46,2020,3,22,8,29,41.97,15827566.08,-1059485.79,-21241182.3,1377.41539,3526.94155,852.41176,2020-03-22 08:29:41.970,378505787.85656637,-115946312.04453729,-85318512.58581556,148998255548.00208,4553824682.690276,1973213313.3820114,58930.3539579861
46,2020,3,22,8,44,41.97,16926751.915,2114767.6350000002,-20292448.025000002,1061.6848599999998,3516.76711,1252.85023,2020-03-22 08:44:41.970,378821885.64579594,-115183973.73799513,-85023337.87425226,148997801681.7562,4578510988.893703,1983914362.9309034,58930.36437465277
46,2020,3,22,8,59,41.97,17733076.209,5252429.378,-18992549.419999998,727.55649,3445.7429899999997,1631.64286,2020-03-22 08:59:41.970,379136143.40457404,-114421063.7180383,-84727741.49304822,148997342958.78677,4603197153.414538,1994615353.1867561,58930.37479131943
46,2020,3,22,9,14,41.97,18232575.446,8299208.790999999,-17363967.553999998,380.84171,3315.09984,1982.19649,2020-03-22 09:14:41.970,379448559.8258037,-113657585.82309006,-84431724.95247528,148996879379.13565,4627883175.406787,2005316283.7846973,58930.3852079861
46,2020,3,22,9,29,41.97,18416624.189999998,11202397.098,-15434902.522,27.57373,3127.1170599999996,2298.41441,2020-03-22 09:29:41.970,379759133.6106324,-112893543.89317338,-84135289.76430035,148996410942.84515,4652569054.024452,2016017154.359848,58930.39562465277
46,2020,3,22,9,44,41.97,18282086.122,13911794.252,-13238776.633,-326.10093,2885.08178,2574.80579,2020-03-22 09:44:41.970,380067863.468453,-112128941.76989757,-83838437.44177996,148995937649.95786,4677254788.421534,2026717964.5473137,58930.40604131943
46,2020,3,22,9,59,41.97,17831366.411,16380590.312,-10813644.0,-674.03285,2593.2289499999997,2806.5838599999997,2020-03-22 09:59:41.970,380374748.11690575,-111363783.29644543,-83541169.49965511,148995459500.51636,4701940377.752036,2037418713.9821942,58930.4164579861
46,2020,3,22,10,14,41.97,17072364.544,18566184.915000003,-8201517.669000001,-1010.18012,2256.66392,2989.7506900000003,2020-03-22 10:14:41.970,380679786.2818796,-110598072.31756024,-83243487.45414574,148994976494.56393,4726625821.169971,2048119402.2995794,58930.42687465277
46,2020,3,22,10,29,41.97,16018328.728,20430929.659,-5447627.06,-1328.71628,1881.26889,3121.16701,2020-03-22 10:29:41.970,380982976.6975146,-109831812.67953281,-82945392.82294525,148994488632.1436,4751311117.829332,2058820029.1345496,58930.43729131943
46,2020,3,22,10,44,41.97,14687614.978,21942779.867000002,-2599619.863,-1624.13386,1473.5954,3198.60565,2020-03-22 10:44:41.970,381284318.1062019,-109065008.23018812,-82646887.1252154,148993995913.29904,4775996266.884132,2069520594.1221738,58930.4477079861
46,2020,3,22,10,59,41.97,13103355.902999999,23075844.107,293276.467,-1891.3412,1040.74507,3220.78777,2020-03-22 10:59:41.970,381583809.2585866,-108297662.81887281,-82347971.88158058,148993498338.07388,4800681267.488373,2080221096.8975132,58930.45812465277
46,2020,3,22,11,14,41.97,11293045.941,23810822.036000002,3181117.8260000004,-2125.75094,590.24111,3187.40123,2020-03-22 11:14:41.970,381881448.91356903,-107529780.29644166,-82048648.61412272,148992995906.51248,4825366118.796058,2090921537.0956197,58930.46854131943
46,2020,3,22,11,29,41.97,9288051.385,24135323.48,6014115.113,-2323.35848,129.89334,3099.10123,2020-03-22 11:29:41.970,382177235.8383059,-106761364.51524498,-81748918.84637566,148992488618.65887,4850050819.961203,2101621914.3515346,58930.4789579861
46,2020,3,22,11,44,41.97,7123054.859,24044064.127,8743498.482,-2480.80896,-332.34056,2957.4933300000002,2020-03-22 11:44:41.970,382471168.8082127,-105992419.32911527,-81448784.10331996,148991976474.55765,4874735370.137814,2112322228.3002915,58930.48937465277
46,2020,3,22,11,59,41.97,4835444.984,23538935.680999998,11322358.692,-2595.4519299999997,-788.49479,2765.09967,2020-03-22 11:59:41.970,382763246.6069633,-105222948.59335433,-81148245.91137724,148991459474.2538,4899419768.479895,2123022478.576914,58930.49979131943
46,2020,3,22,12,14,41.97,2464662.765,22628950.755000003,13706450.861,-2665.3827899999997,-1230.73367,2525.3093999999996,2020-03-22 12:14:41.970,383053468.0264939,-104452956.16472036,-80847305.79840508,148990937617.7922,4924104014.141466,2133722664.8164175,58930.5102079861
46,2020,3,22,12,29,41.97,51516.737,21330065.102,15854947.0,-2689.4707000000003,-1651.48557,2242.3146699999998,2020-03-22 12:29:41.970,383341831.8670026,-103682445.90141472,-80545965.29369149,148990410905.21835,4948788106.276538,2144422786.6538064,58930.52062465277
46,2020,3,22,12,44,41.97,-2362520.86,19664881.895,17731124.985999998,-2667.3728300000002,-2043.5706800000003,1921.03365,2020-03-22 12:44:41.970,383628336.9369521,-102911421.6630689,-80244225.92794947,148989879336.57782,4973472044.039127,2155122843.724079,58930.53104131943
46,2020,3,22,12,59,41.97,-4736024.609,17662244.744,19302983.091,-2599.53507,-2400.3202899999997,1567.02241,2020-03-22 12:59:41.970,383912982.05306983,-102139887.31073172,-79942089.23331164,148989342911.9164,4998155826.583252,2165822835.662222,58930.5414579861
46,2020,3,22,13,14,41.97,-7028321.146000001,15356727.743999999,20543770.779,-2487.17962,-2715.68597,1186.37723,2020-03-22 13:14:41.970,384195766.0403507,-101367846.70685619,-79639556.74332489,148988801631.28024,5022839453.062935,2176522762.103216,58930.55187465277
46,2020,3,22,13,29,41.97,-9200177.502,12788032.38,21432428.079,-2332.2799800000003,-2984.3372,785.6294499999999,2020-03-22 13:29:41.970,384476687.7320582,-100595303.71528642,-79336629.99294493,148988255494.71564,5047522922.632195,2187222622.682031,58930.56229131943
46,2020,3,22,13,44,41.97,-11214461.566,10000302.202000001,21953927.529,-2137.52414,-3201.7462499999997,371.63443,2020-03-22 13:44:41.970,384755745.96972495,-99822262.20124455,-79033310.51853086,148987704502.2694,5072206234.445063,2197922417.0336294,58930.5727079861
46,2020,3,22,13,59,41.97,-13036764.384,7041367.242000001,22099514.287,-1906.26673,-3364.25936,-48.54343,2020-03-22 13:59:41.970,385032939.6031552,-99048726.03131787,-78729599.85783978,148987148653.98837,5096889387.655564,2208622144.792964,58930.58312465277
46,2020,3,22,14,14,41.97,-14635974.808999998,3961930.801,21866841.614,-1642.47115,-3469.15347,-467.74795,2020-03-22 14:14:41.970,385308267.49042547,-98274699.07344596,-78425499.5500214,148986587949.9195,5121572381.417731,2219321805.594981,58930.59354131943
46,2020,3,22,14,29,41.97,-15984797.879,814711.868,21260000.46,-1350.64255,-3514.6780299999996,-878.84894,2020-03-22 14:29:41.970,385581728.4978864,-97500185.19690724,-78121011.13561276,148986022390.11044,5146255214.885607,2230021399.074618,58930.6039579861
46,2020,3,22,14,44,41.97,-17060209.217,-2346443.207,20289443.379,-1035.7528499999999,-3500.08148,-1274.85897,2020-03-22 14:44:41.970,385853321.50016344,-96725188.27230616,-77816136.15653244,148985451974.60864,5170937887.213218,2240720924.8668013,58930.61437465277
46,2020,3,22,14,59,41.97,-17843838.707,-5467465.906,18971804.424999997,-703.15874,-3425.62219,-1649.04753,2020-03-22 14:59:41.970,386123045.38015944,-95949712.17156027,-77510876.15607558,148984876703.4622,5195620397.554613,2251420382.6064506,58930.62479131943
46,2020,3,22,15,14,41.97,-18322277.686,-8494973.549,17329618.066,-358.51392,-3292.5638,-1995.05102,2020-03-22 15:14:41.970,386390899.0290542,-95173760.76788697,-77205232.67890818,148984296576.71927,5220302745.063843,2262119771.9284816,58930.6352079861
46,2020,3,22,15,29,41.97,-18487304.945,-11377166.117999999,15390941.494,-7.67666,-3103.15503,-2306.9771600000004,2020-03-22 15:29:41.970,386656881.3463076,-94397337.93579073,-76899207.27106185,148983711594.42816,5244984928.894953,2272819092.467797,58930.64562465277
46,2020,3,22,15,44,41.97,-18336027.915,-14064697.935,13188886.064000001,343.38608999999997,-2860.59407,-2579.50232,2020-03-22 15:44:41.970,386920991.2396595,-93620447.55104996,-76592801.47992826,148983121756.63754,5269666948.202003,2283518343.8592906,58930.65604131943
46,2020,3,22,15,59,41.97,-17870936.524,-16511510.558000002,10761064.828,688.6966199999999,-2568.9780299999998,-2807.96038,2020-03-22 15:59:41.970,387183227.62513155,-92843093.49070373,-76286016.85425377,148982527063.3966,5294348802.139051,2294217525.7378545,58930.6664579861
46,2020,3,22,16,14,41.97,-17099868.467,-18675613.575,8148964.447000001,1022.36514,-2233.23785,-2988.42173,2020-03-22 16:14:41.970,387443589.427029,-92065279.63303927,-75978854.94413413,148981927514.75433,5319030489.860161,2304916637.7383657,58930.67687465277
46,2020,3,22,16,29,41.97,-16035885.822,-20519800.587,5397250.927,1338.6878900000002,-1859.0595,-3117.76107,2020-03-22 16:29:41.970,387702075.57794094,-91287009.85757856,-75671317.30100887,148981323110.7603,5343712010.519397,2315615679.4957,58930.68729131943
46,2020,3,22,16,44,41.97,-14697064.322,-22012288.396,2553019.801,1632.24292,-1452.79227,-3193.7129,2020-03-22 16:44:41.970,387958685.018742,-90508288.04506528,-75363405.47765589,148980713851.46432,5368393363.270836,2326314650.644719,58930.6977079861
46,2020,3,22,16,59,41.97,-13106197.893000001,-23127268.323,-334997.59,1897.98226,-1021.34546,-3214.9134099999997,2020-03-22 16:59:41.970,388213416.69859415,-89729118.07745202,-75055121.02818625,148980099736.91614,5393074547.2685585,2337013550.8202853,58930.70812465277
46,2020,3,22,17,14,41.97,-11290422.502,-23845359.797000002,-3217259.112,2131.31886,-572.0747299999999,-3180.92796,2020-03-22 17:14:41.970,388466269.5749467,-88949503.83788705,-74746465.50803845,148979480767.1661,5417755561.666653,2347712379.657246,58930.71854131943
46,2020,3,22,17,29,41.97,-9280764.718,-24153957.645,-6044254.774,2328.2067,-112.65987,-3092.26336,2020-03-22 17:29:41.970,388717242.6135385,-88169449.21070151,-74437440.47397329,148978856942.2649,5442436405.6192,2358411136.7904425,58930.7289579861
46,2020,3,22,17,44,41.97,-7111621.766,-24047466.147,-8767353.638,2485.2126700000003,349.02432,-2950.3643500000003,2020-03-22 17:44:41.970,388966334.78839934,-87388958.08139604,-74128047.48406814,148978228262.263,5467117078.280299,2369109821.85471,58930.73937465277
46,2020,3,22,17,59,41.97,-4820181.154,-23527414.658999998,-11339640.355,2599.57874,805.0417199999999,-2757.594,2020-03-22 17:59:41.970,389213545.0818493,-86608034.3366282,-73818288.09771179,148977594727.21167,5491797578.804058,2379808434.484879,58930.74979131943
46,2020,3,22,18,14,41.97,-2445789.1829999997,-22602451.527000003,-13716726.874,2669.2731900000003,1247.53125,-2517.1982000000003,2020-03-22 18:14:41.970,389458872.4845026,-85826681.86419894,-73508163.87559882,148976956337.1619,5516477906.344575,2390506974.3157697,58930.7602079861
46,2020,3,22,18,29,41.97,-29278.701999999997,-21288215.136,-15857525.026999999,2693.02976,1668.84321,-2233.25431,2020-03-22 18:29:41.970,389702315.9952662,-85044904.55303992,-73197676.37972422,148976313092.16537,5541158060.055973,2401205440.9821935,58930.77062465277
46,2020,3,22,18,44,41.97,2387732.558,-19607083.029000003,-17724966.071,2670.37376,2061.67341,-1910.60474,2020-03-22 18:44:41.970,389943874.6213427,-84262706.29320052,-72886827.17337796,148975664992.27402,5565838039.092367,2411903834.118959,58930.78104131943
46,2020,3,22,18,59,41.97,4763561.035,-17587802.322,-19286654.007,2601.63447,2419.19246,-1554.7764,2020-03-22 18:59:41.970,390183547.3782307,-83480090.97583453,-72575617.82113972,148975012037.53967,5590517842.607886,2422602153.360864,58930.7914579861
46,2020,3,22,19,14,41.97,7057181.1850000005,-15265006.800999999,-20515440.446000002,2487.9433799999997,2735.16787,-1171.88715,2020-03-22 19:14:41.970,390421333.289726,-82697062.49318732,-72264049.88887306,148974354228.0147,5615197469.756661,2433300398.3427024,58930.80187465277
46,2020,3,22,19,29,41.97,9228941.256000001,-12678628.296999998,-21389910.045,2331.2179899999996,3004.07653,-768.54088,2020-03-22 19:29:41.970,390657231.38792235,-81913624.7385827,-71952124.94372034,148973691563.75186,5639876919.692841,2443998568.6992636,58930.81229131943
46,2020,3,22,19,44,41.97,11241258.058,-9873211.985,-21894767.022,2134.1313400000004,3221.20535,-351.71292,2020-03-22 19:44:41.970,390891240.71321374,-81129781.60641018,-71639844.55409719,148973024044.80368,5664556191.570564,2454696664.06532,58930.8227079861
46,2020,3,22,19,59,41.97,13059278.004,-6897147.234,-22021114.954,1900.06764,3382.73796,71.37214,2020-03-22 19:59:41.970,391123360.3142934,-80345536.99211131,-71327210.28968677,148972351671.22336,5689235284.543994,2465394684.0756474,58930.83312465277
46,2020,3,22,20,14,41.97,14651492.144,-3801827.344,-21766624.002,1633.06455,3485.82575,493.36807,2020-03-22 20:14:41.970,391353589.24815714,-79560894.79216732,-71014223.72143477,148971674443.06424,5713914197.767289,2476092628.3650126,58930.84354131943
46,2020,3,22,20,29,41.97,15990293.664,-640753.065,-21135581.727,1337.74316,3528.64156,906.93767,2020-03-22 20:29:41.970,391581926.58010286,-78775858.90408577,-70700886.42154382,148970992360.37997,5738592930.394623,2486790496.568175,58930.8539579861
46,2020,3,22,20,44,41.97,17052467.244,2531403.962,-20138825.908999998,1019.2268900000001,3510.4148400000004,1304.8838899999998,2020-03-22 20:44:41.970,391808371.3837315,-77990433.2263876,-70387199.96346788,148970305423.2243,5763271481.580178,2497488288.3198853,58930.86437465277
46,2020,3,22,20,59,41.97,17819600.924,5659760.746,-18793559.993,683.0505999999999,3431.44746,1680.2790599999998,2020-03-22 20:59:41.970,392032922.7409493,-77204621.65859394,-70073165.92190687,148969613631.6515,5787949850.478132,2508186003.2548947,58930.87479131943
46,2020,3,22,21,14,41.97,18278412.514,8690187.792000001,-17123054.142,335.06188999999995,3293.10963,2026.58952,2020-03-22 21:14:41.970,392255579.7419675,-76418428.10121337,-69758785.87280129,148968916985.7157,5812628036.242688,2518883641.007938,58930.8852079861
46,2020,3,22,21,29,41.97,18420984.247,11570261.282,-15156237.108,-18.68377,3097.8159,2337.79317,2020-03-22 21:29:41.970,392476341.4853037,-75631856.4557285,-69444061.39332666,148968215485.4718,5837306038.028047,2529581201.213755,58930.89562465277
46,2020,3,22,21,44,41.97,18244901.130999997,14250184.831,-12927186.375,-372.03181,2848.9816,2608.4876,2020-03-22 21:44:41.970,392695207.07778376,-74844910.62458347,-69128994.06188823,148967509130.97452,5861983854.988422,2540278683.507068,58930.90604131943
46,2020,3,22,21,59,41.97,17753290.389000002,16683663.562,-10474526.069,-718.83924,2550.9606599999997,2833.98658,2020-03-22 21:59:41.970,392912175.6345408,-74057594.5111703,-68813585.45811535,148966797922.27905,5886661486.278037,2550976087.5226054,58930.9164579861
46,2020,3,22,22,14,41.97,16954761.353,18828714.208,-7840743.996,-1053.08481,2208.9658600000002,3010.40297,2020-03-22 22:14:41.970,393127246.2790177,-73269912.01981635,-68497837.162856,148966081859.44077,5911338931.051121,2561673412.8950787,58930.92687465277
46,2020,3,22,22,29,41.97,15863247.207,20648396.254,-5071440.793,-1368.97657,1828.9734,3134.71645,2020-03-22 22:29:41.970,393340418.1429679,-72481867.05577102,-68181750.75817147,148965360942.51547,5936016188.461913,2572370659.2592,58930.93729131943
46,2020,3,22,22,44,41.97,14497751.916,22111450.815,-2214525.4880000004,-1661.05467,1417.6137099999999,3204.82471,2020-03-22 22:44:41.970,393551690.3664553,-71693463.52519289,-67865327.82733084,148964635171.55884,5960693257.664664,2583067826.249674,58930.9477079861
46,2020,3,22,22,59,41.97,12882007.614,23192835.909,680627.2760000001,-1924.28726,982.0507699999999,3219.57729,2020-03-22 22:59:41.970,393761062.09785634,-70904705.3351364,-67548569.95480543,148963904546.62723,5985370137.813634,2593764913.501199,58930.95812465277
46,2020,3,22,23,14,41.97,11044049.407,23874148.966000002,3564042.4979999997,-2154.15776,529.85267,3178.7917,2020-03-22 23:14:41.970,393968532.49385965,-70115596.3935392,-67231478.72626354,148963169067.7771,6010046828.063083,2604461920.6484675,58930.96854131943
46,2020,3,22,23,29,41.97,9015716.14,24143929.831,6386016.471,-2346.74191,68.85593,3083.25154,2020-03-22 23:29:41.970,394174100.719468,-69326140.60920893,-66914055.728564605,148962428735.06494,6034723327.567303,2615158847.3261647,58930.9789579861
46,2020,3,22,23,44,41.97,6832086.931,23997839.938,9097978.915,-2498.77325,-392.97352,2934.6873,2020-03-22 23:44:41.970,394377765.94799894,-68536341.89181003,-66596302.54975429,148961683548.5481,6059399635.480571,2625855693.1689787,58930.98937465277
46,2020,3,22,23,59,41.97,4530864.365,23438715.849,11653330.193,-2607.6960599999998,-847.68008,2735.74036,2020-03-22 23:59:41.970,394579527.36108446,-67746204.15185106,-66278220.77905842,148960933508.28333,6084075750.957194,2636552457.8115835,58930.99979131943
46,2020,3,23,0,14,41.97,2151716.33,22476498.719,14008239.436,-2671.70497,-1287.4560999999999,2489.91134,2020-03-23 00:14:41.970,394779384.14867383,-66955731.300671354,-65959812.00687793,148960178614.32834,6108751673.151479,2647249140.888647,58931.0102079861
46,2020,3,23,0,29,41.97,-264413.64900000003,21128036.853,16122387.564000001,-2689.77154,-1704.7755499999998,2201.4945,2020-03-23 00:29:41.970,394977335.50903225,-66164927.25042812,-65641077.8247832,148959418866.74072,6133427401.217745,2657945742.034843,58931.02062465277
46,2020,3,23,0,44,41.97,-2676009.926,19416780.439999998,17959649.603,-2661.65604,-2092.52022,1875.49875,2020-03-23 00:44:41.970,395173380.6487429,-65373795.914083436,-65322019.8255086,148958654265.5787,6158102934.310323,2668642260.884824,58931.03104131943
46,2020,3,23,0,59,41.97,-5041696.649,17372356.854000002,19488696.644,-2587.90682,-2444.09806,1517.55836,2020-03-23 00:59:41.970,395367518.7827083,-64582341.20539112,-65002639.60294713,148957884810.90045,6182778271.583562,2679338697.0732503,58931.0414579861
46,2020,3,23,1,14,41.97,-7320941.288,15030048.772,20683515.307,-2469.84617,-2753.5508,1133.8342,2020-03-23 01:14:41.970,395559749.1341486,-63790567.038883746,-64682938.752144754,148957110502.76425,6207453412.19181,2690035050.2347717,58931.05187465277
46,2020,3,23,1,29,41.97,-9474740.082,12430179.63,21523834.388,-2309.5436299999997,-3015.64997,730.9076100000001,2020-03-23 01:29:41.970,395750070.9346053,-62998477.32985961,-64362918.86929503,148956331341.2291,6232128355.289425,2700731320.0040355,58931.06229131943
46,2020,3,23,1,44,41.97,-11466274.223000001,9617418.419,21995453.389,-2109.77778,-3225.97997,315.66874,2020-03-23 01:44:41.970,395938483.4239398,-62206075.994369745,-64042581.55173359,148955547326.3539,6256803100.0308,2711427506.015678,58931.0727079861
46,2020,3,23,1,59,41.97,-13261526.57,6640015.845,22090468.755000003,-1873.98693,-3381.00739,-104.79882,2020-03-23 01:59:41.970,396124985.85033524,-61413366.94920482,-63721928.39793277,148954758458.19806,6281477645.5703125,2722123607.9043407,58931.08312465277
46,2020,3,23,2,14,41.97,-14829849.538,3548984.607,21807395.220999997,-1606.21002,-3478.1357900000003,-523.3354300000001,2020-03-23 02:14:41.970,396309577.47029656,-60620354.11188215,-63400961.007495865,148953964736.82092,6306151991.062366,2732819625.304651,58931.09354131943
46,2020,3,23,2,29,41.97,-16144475.648,397237.078,21151181.220999997,-1311.0185199999999,-3515.74546,-932.8231900000001,2020-03-23 02:29:41.970,396492257.5486513,-59827041.40063253,-63079680.981152005,148953166162.28244,6330826135.661372,2743515557.8512397,58931.1039579861
46,2020,3,23,2,44,41.97,-17182963.151,-2761305.93,20133118.754,-993.44043,-3493.21791,-1326.30243,2020-03-23 02:44:41.970,396673025.35855067,-59033432.73438746,-62758089.920750335,148952362734.64255,6355500078.521757,2754211405.1787252,58931.11437465277
46,2020,3,23,2,59,41.97,-17927570.105,-5872621.415,18770649.562999997,-658.87747,-3410.94473,-1697.08535,2020-03-23 02:59:41.970,396851880.1814695,-58239532.0327659,-62436189.42925465,148951554453.96176,6380173818.797958,2764907166.9217296,58931.12479131943
46,2020,3,23,3,14,41.97,-18365551.285,-8883491.421,17087070.831,-313.01657,-3270.3209,-2038.86543,2020-03-23 03:14:41.970,397028821.3072079,-57445343.216061234,-62113981.110738,148950741320.30035,6404847355.644429,2775602842.714861,58931.1352079861
46,2020,3,23,3,29,41.97,-18489373.342,-11742397.213,15111144.972,38.263070000000006,-3073.7225000000003,-2345.82095,2020-03-23 03:29:41.970,397203848.0338904,-56650870.20522843,-61791466.570376985,148949923333.71933,6429520688.215626,2786298432.192732,58931.14562465277
46,2020,3,23,3,44,41.97,-18296844.724999998,-14400386.525,12876619.387,388.98622,-2824.46919,-2612.71124,2020-03-23 03:44:41.970,397376959.66796786,-55856116.9218707,-61468647.4144465,148949100494.2797,6454193815.666028,2796993934.989947,58931.15604131943
46,2020,3,23,3,59,41.97,-17791158.035,-16811900.218,10421663.362,733.1797799999999,-2526.77162,-2834.96436,2020-03-23 03:59:41.970,397548155.5242172,-55061087.28822693,-61145525.25031405,148948272802.0429,6478866737.150131,2807689350.7411046,58931.1664579861
46,2020,3,23,4,14,41.97,-16980843.667,-18935545.139999997,7788230.531,1064.9714999999999,-2185.66456,-3008.75462,2020-03-23 04:14:41.970,397717434.9257424,-54265785.227158025,-60822101.68643433,148947440257.07053,6503539451.822436,2818384679.080805,58931.17687465277
46,2020,3,23,4,29,41.97,-15879634.883000001,-20734800.546,5021356.526,1378.68787,-1806.92629,-3131.06886,2020-03-23 04:29:41.970,397884797.20397526,-53470214.66213441,-60498378.33234369,148946602859.4244,6528211958.837458,2829079919.643637,58931.18729131943
46,2020,3,23,4,44,41.97,-14506245.769,-22178646.189,2168402.5689999997,1668.94954,-1396.98533,-3199.7600899999998,2020-03-23 04:44:41.970,398050241.69867486,-52674379.517222844,-60174356.798654705,148945760609.16653,6552884257.349727,2839775072.0641923,58931.1977079861
46,2020,3,23,4,59,41.97,-12884064.909999998,-23242101.198,-721743.178,1930.76295,-962.81563,-3213.58758,2020-03-23 04:59:41.970,398213767.7579298,-51878283.71707317,-59850038.69705062,148944913506.3595,6577556346.513789,2850470135.9770536,58931.20812465277
46,2020,3,23,5,14,41.97,-11040768.966,-23906664.0,-3599493.807,2159.60641,-511.82178,-3172.2423000000003,2020-03-23 05:14:41.970,398375374.73815656,-51081931.18690561,-59525425.64027979,148944061551.06583,6602228225.484203,2861165111.016803,58931.21854131943
46,2020,3,23,5,29,41.97,-9007861.776,-24160644.958,-6415407.943,2351.50929,-51.715700000000005,-3076.35706,2020-03-23 05:29:41.970,398535062.0041019,-50285325.85249753,-59200519.24215026,148943204743.34836,6626899893.415543,2871859996.8180175,58931.2289579861
46,2020,3,23,5,44,41.97,-6820145.921999999,-23999385.0,-9121036.063,2503.12269,409.61313,-2927.50088,2020-03-23 05:44:41.970,398692828.9288424,-49488471.64017034,-58875321.11752425,148942343083.2703,6651571349.4623995,2882554793.015271,58931.23937465277
46,2020,3,23,5,59,41.97,-4515135.02,-23425355.286999997,-11669754.523,2611.78025,864.23185,-2728.1573,2020-03-23 05:59:41.970,398848674.8937848,-48691372.47677679,-58549832.882312626,148941476570.89508,6676242592.779366,2893249499.2431326,58931.24979131943
46,2020,3,23,6,14,41.97,-2132416.1720000003,-22448134.935,-14017572.822,2675.54786,1304.30066,-2481.68661,2020-03-23 06:14:41.970,399002599.288667,-47894032.28968758,-58224056.153469354,148940605206.2864,6700913622.5210705,2903944115.136172,58931.2602079861
46,2020,3,23,6,29,41.97,287026.891,-21084265.884,-16123899.848,2693.2612,1722.20898,-2192.27255,2020-03-23 06:29:41.970,399154601.5115579,-47096455.006778546,-57897992.54898608,148939728989.5081,6725584437.842142,2914638640.328946,58931.27062465277
46,2020,3,23,6,44,41.97,2701518.5670000003,-19356986.17,-17952255.281000003,2664.55003,2110.70906,-1864.85387,2020-03-23 06:44:41.970,399304680.9688583,-46298644.55641752,-57571643.68788643,148938847920.62433,6750255037.897232,2925333074.4560223,58931.28104131943
46,2020,3,23,6,59,41.97,5069411.903,-17295845.104,-19470913.084,2589.8488199999997,2463.04448,-1505.04205,2020-03-23 06:59:41.970,399452837.0753007,-45500604.86745143,-57245011.190220825,148937961999.69974,6774925421.840995,2936027417.151952,58931.2914579861
46,2020,3,23,7,14,41.97,7349812.243000001,-14936206.03,-20653465.0,2470.39308,2773.07098,-1119.0260700000001,2020-03-23 07:14:41.970,399599069.2539503,-44702339.86919298,-56918096.67706052,148937071226.79874,6799595588.828121,2946721668.051293,58931.30187465277
46,2020,3,23,7,29,41.97,9503291.112000002,-12318644.539,-21479293.27,2308.20128,3035.3676,-713.46616,2020-03-23 07:29:41.970,399743376.936205,-43903853.49140791,-56590901.77049249,148936175601.9865,6824265538.013303,2957415826.788594,58931.31229131943
46,2020,3,23,7,44,41.97,11492577.412,-9488252.069,-21933943.296,2106.0425600000003,3245.3354600000002,-295.37804,2020-03-23 07:44:41.970,399885759.5617956,-43105149.664302096,-56263428.093613714,148935275125.32825,6848935268.5512495,2968109892.9984016,58931.3227079861
46,2020,3,23,7,59,41.97,13283213.254,-6493856.709,-22009388.704,1867.3905200000002,3399.28259,127.99007000000002,2020-03-23 07:59:41.970,400026216.5787867,-42306232.318508,-55935677.270525634,148934369796.8893,6873604779.596688,2978803866.3152637,58931.33312465277
46,2020,3,23,8,14,41.97,14844162.237,-3387174.805,-21704183.203,1596.3639300000002,3494.49269,549.28563,2020-03-23 08:14:41.970,400164747.4435761,-41507105.38507204,-55607650.92632873,148933459616.73553,6898274070.304364,2989497746.3737164,58931.34354131943
46,2020,3,23,8,29,41.97,16148358.731,-221908.408,-21023495.722,1297.65509,3529.2764,961.1826100000001,2020-03-23 08:29:41.970,400301351.6208962,-40707772.795441516,-55279350.687116876,148932544584.9328,6922943139.829042,3000191532.808305,58931.3539579861
46,2020,3,23,8,44,41.97,17173187.738,2947195.153,-19979027.493,976.44739,3503.00407,1356.51253,2020-03-23 08:44:41.970,400436028.58381337,-39908238.48145152,-54950778.17997201,148931624701.54742,6947611987.325492,3010885225.25356,58931.36437465277
46,2020,3,23,8,59,41.97,17900886.122,6065304.382999999,-18588812.04,638.3233299999999,3416.1188899999997,1728.39323,2020-03-23 08:59:41.970,400568777.8137279,-39108506.37531183,-54621935.03295827,148930699966.6459,6972280611.948516,3021578823.344019,58931.37479131943
46,2020,3,23,9,14,41.97,18318857.459,9078467.682,-16876901.339,289.16483999999997,3270.1302,2070.35265,2020-03-23 09:14:41.970,400699598.80037636,-38308580.40959408,-54292822.8751169,148929770380.2951,6996949012.852919,3032272326.7142134,58931.3852079861
46,2020,3,23,9,29,41.97,18419894.418,11934562.415000001,-14872943.658,-64.9522,3067.58695,2376.44528,2020-03-23 09:29:41.970,400828491.04182875,-37508464.51721853,-53963443.33646032,148928835942.56186,7021617189.193538,3042965734.998673,58931.39562465277
46,2020,3,23,9,44,41.97,18202304.376,14584211.248,-12611660.822,-417.86717,2812.03161,2641.35893,2020-03-23 09:44:41.970,400955454.0444913,-36708162.63144132,-53633798.04796689,148927896653.51358,7046285140.125213,3053659047.8319182,58931.40604131943
46,2020,3,23,9,59,41.97,17669935.895999998,16981648.618,-10132234.627,-763.4454000000001,2507.9356000000002,2860.50945,2020-03-23 09:59:41.970,401080487.32310516,-35907678.685841046,-53303888.64157516,148926952513.21774,7070952864.802805,3064352264.848481,58931.4164579861
46,2020,3,23,10,14,41.97,16832105.704,19085521.176999997,-7477614.034,-1095.6882400000002,2160.61745,3030.12177,2020-03-23 10:14:41.970,401203590.4007469,-35107016.61430597,-52973716.75017848,148926003521.74213,7095620362.381207,3075045385.682879,58931.42687465277
46,2020,3,23,10,29,41.97,15703427.813000001,20859607.45,-4693756.292,-1408.8401,1776.14537,3147.2954400000003,2020-03-23 10:29:41.970,401324762.8088292,-34306180.351021156,-52643284.00761936,148925049679.15497,7120287632.01531,3085738409.9696336,58931.43729131943
46,2020,3,23,10,44,41.97,14303548.385,22273443.610999998,-1828816.451,-1697.49047,1361.2264400000001,3210.05364,2020-03-23 10:44:41.970,401444004.0871007,-33505173.83045515,-52312592.04868407,148924090985.52448,7144954672.860043,3096431337.3432593,58931.4477079861
46,2020,3,23,10,59,41.97,12656791.837000001,23302844.327,1067699.382,-1956.66887,923.0846799999999,3217.37461,2020-03-23 10:59:41.970,401561313.7836454,-32704000.987347085,-51981642.50909691,148923127440.91907,7169621484.070332,3107124167.4382777,58931.45812465277
46,2020,3,23,11,14,41.97,10791725.376,23930309.823,3945801.1259999997,-2181.93087,469.33056,3169.20539,2020-03-23 11:14:41.970,401676691.45488393,-31902665.75669357,-51650437.025514774,148922159045.40765,7194288064.801137,3117816899.889197,58931.46854131943
46,2020,3,23,11,29,41.97,8740650.682,24145312.726,6755886.064,-2369.43374,7.82478,3066.4576,2020-03-23 11:29:41.970,401790136.66557294,-31101172.073735964,-51318977.23552169,148921185799.05948,7218954414.207434,3128509534.3305326,58931.4789579861
46,2020,3,23,11,44,41.97,6539032.714,23944460.718,9449598.57,-2516.00033,-453.461,2910.98592,2020-03-23 11:44:41.970,401901648.98880523,-30299523.873946887,-50987264.77762316,148920207701.94376,7243620531.444217,3139202070.3967943,58931.48937465277
46,2020,3,23,11,59,41.97,4224876.632,23331533.492,11980662.913,-2619.17034,-906.5837799999999,2705.54997,2020-03-23 11:59:41.970,402011228.0060101,-29497725.093017682,-50655301.29124056,148919224754.13004,7268286415.666496,3149894507.7224903,58931.49979131943
46,2020,3,23,12,14,41.97,1838064.521,22317394.93,14305674.671999998,-2677.23832,-1343.76649,2453.76069,2020-03-23 12:14:41.970,402118873.306953,-28695779.666845016,-50323088.41670583,148918236955.6884,7292952066.0293045,3160586845.9421277,58931.5102079861
46,2020,3,23,12,29,41.97,-580335.929,20919783.669,16384837.493999999,-2689.27797,-1757.53053,2160.01269,2020-03-23 12:29:41.970,402224584.4897359,-27893691.531518064,-49990627.79525558,148917244306.6887,7317617481.687695,3171279084.690214,58931.52062465277
46,2020,3,23,12,44,41.97,-2988778.5020000003,19162987.342,18182633.19,-2655.1528399999997,-2140.82143,1829.40408,2020-03-23 12:44:41.970,402328361.16079736,-27091464.62330553,-49657921.06902595,148916246807.20148,7342282661.796737,3181971223.6012526,58931.53104131943
46,2020,3,23,12,59,41.97,-5345949.056000001,17077407.601,19668414.743,-2575.5135400000004,-2487.12559,1467.64562,2020-03-23 12:59:41.970,402430202.93491143,-26289102.87864235,-49324969.881046645,148915244457.29736,7366947605.511524,3192663262.309742,58931.5414579861
46,2020,3,23,13,14,41.97,-7611467.743,14699024.676,20816913.335,-2451.78197,-2790.57652,1080.96082,2020-03-23 13:14:41.970,402530109.43519,-25486610.234117087,-48991775.87523573,148914237257.0471,7391612311.987167,3203355200.450191,58931.55187465277
46,2020,3,23,13,29,41.97,-9746571.386,12068771.588,21608652.177,-2286.1231599999996,-3046.04918,675.97902,2020-03-23 13:29:41.970,402628080.29307985,-24683990.62645855,-48658340.69639386,148913225206.52206,7416276780.378797,3214047037.6570964,58931.56229131943
46,2020,3,23,13,44,41.97,-11714765.2,9231829.25,22030261.558,-2081.40539,-3249.24125,259.62312,2020-03-23 13:44:41.970,402724115.1483647,-23881247.992522962,-48324665.99019874,148912208305.7935,7440941009.841566,3224738773.5649543,58931.5727079861
46,2020,3,23,13,59,41.97,-13482433.775,6236854.596,22074691.163,-1841.1497,-3396.7406100000003,-161.00619,2020-03-23 13:59:41.970,402818213.64916474,-23078386.269281004,-47990753.40319976,148911186554.9332,7465604999.530649,3235430407.808269,58931.58312465277
46,2020,3,23,14,14,41.97,-15019402.049,3135154.557,21741317.266999997,-1569.4694499999998,-3486.07805,-578.74793,2020-03-23 14:14:41.970,402910375.4519356,-22275409.39380462,-47656604.5828122,148910159954.01294,7490268748.601238,3246121940.0215373,58931.59354131943
46,2020,3,23,14,29,41.97,-16299437.890999999,-20180.747,21035943.954,-1271.0011299999999,-3515.76516,-986.4985899999999,2020-03-23 14:29:41.970,403000600.221469,-21472321.30325415,-47322221.177311786,148909128503.105,7514932256.2085495,3256813369.8392506,58931.6039579861
46,2020,3,23,14,44,41.97,-17300688.815,-3175171.913,19970698.969,-950.82737,-3485.31661,-1377.32828,2020-03-23 14:44:41.970,403088887.63089293,-20669125.9348653,-46987604.83582915,148908092202.28183,7539595521.5078125,3267504696.8959107,58931.61437465277
46,2020,3,23,14,59,41.97,-18006046.35,-6275857.319,18563826.229,-614.39337,-3395.25707,-1744.59392,2020-03-23 14:59:41.970,403175237.3616706,-19865827.225936066,-46652757.208344154,148907051051.61612,7564258543.654295,3278195920.826009,58931.62479131943
46,2020,3,23,15,14,41.97,-18403432.575,-9269199.303,16839378.395,-267.41768,-3247.11237,-2082.04792,2020-03-23 15:14:41.970,403259649.10360116,-19062429.11381374,-46317679.945680514,148906005051.1808,7588921321.80327,3288887041.264042,58931.6352079861
46,2020,3,23,15,29,41.97,-18486004.356000002,-12103975.466,14826814.243999999,84.20128,-3043.3852500000003,-2383.94082,2020-03-23 15:29:41.970,403342122.55481917,-18258935.53588202,-45982374.69950005,148904954201.04913,7613583855.110038,3299578057.844499,58931.64562465277
46,2020,3,23,15,44,41.97,-18252271.977,-14731641.207,12560506.906000001,434.48173,-2787.5158,-2645.11647,2020-03-23 15:44:41.970,403422657.4217936,-17455350.42954793,-45646843.12229722,148903898501.29446,7638246142.729928,3310268970.2018785,58931.65604131943
46,2020,3,23,15,59,41.97,-17706129.958,-17107149.928,10079170.287999999,777.45693,-2483.82697,-2861.09841,2020-03-23 15:59:41.970,403501253.41932946,-16651677.732228618,-45311086.867393546,148902837951.99072,7662908183.81828,3320959777.970672,58931.6664579861
46,2020,3,23,16,14,41.97,-16856799.091000002,-19189717.731000002,7425212.293,1107.27388,-2137.45586,-3028.16601,2020-03-23 16:14:41.970,403577910.27056587,-15847921.381338878,-44975107.58893204,148901772553.21176,7687569977.530457,3331650480.7853684,58931.67687465277
46,2020,3,23,16,29,41.97,-15718680.008,-20943520.075,4644024.580999999,1418.29094,-1754.2713700000002,-3143.4190599999997,2020-03-23 16:29:41.970,403652627.7069766,-15044085.314277528,-44638906.941871576,148900702305.03183,7712231523.021856,3342341078.2804646,58931.68729131943
46,2020,3,23,16,44,41.97,-14311119.899,-22338308.623,1783219.814,1705.17294,-1340.77937,-3204.82976,2020-03-23 16:44:41.970,403725405.4683699,-14240173.468414772,-44302486.58198142,148899627207.5255,7736892819.447891,3353031570.090453,58931.6977079861
46,2020,3,23,16,59,41.97,-12658095.391,-23349937.52,-1108171.72,1962.98215,-904.01649,-3211.28078,2020-03-23 16:59:41.970,403796243.30288714,-13436189.781079235,-43965848.16583564,148898547260.76752,7761553865.963987,3363721955.849823,58931.70812465277
46,2020,3,23,17,14,41.97,-10787815.974,-23960789.542,-3980533.249,2187.26361,-451.4341,-3162.5888,2020-03-23 17:14:41.970,403865140.96700466,-12632138.189544693,-43628993.35080739,148897462464.83286,7786214661.725612,3374412235.1930685,58931.71854131943
46,2020,3,23,17,29,41.97,-8732253.753999999,-24160093.988,-6784506.899,2374.1232600000003,9.22597,-3059.5125,2020-03-23 17:29:41.970,403932098.2255311,-11828022.63101736,-43291923.79506361,148896372819.7968,7810875205.888248,3385102407.7546816,58931.7289579861
46,2020,3,23,17,44,41.97,-6526606.669,-23944129.81,-9471839.214,2520.29742,470.06182,-2903.74482,2020-03-23 17:44:41.970,403997114.85160875,-11023847.042622762,-42954641.157559186,148895278325.73505,7835535497.607391,3395792473.1691523,58931.73937465277
46,2020,3,23,17,59,41.97,-4208703.58,-23316309.275,-11996212.426,2623.21228,923.1461800000001,-2697.88905,2020-03-23 17:59:41.970,404060190.62671214,-10219615.361392744,-42617147.0980315,148894178982.72308,7860195536.038578,3406482431.0709767,58931.74979131943
46,2020,3,23,18,14,41.97,-1818360.85,-22287139.466000002,-14314047.044000002,2681.03203,1360.66286,-2445.4189899999997,2020-03-23 18:14:41.970,404121325.3406484,-9415331.524252493,-42279443.276994854,148893074790.8373,7884855320.337361,3417172281.094647,58931.7602079861
46,2020,3,23,18,29,41.97,603298.963,-20874060.979999997,-16385261.522,2692.6946900000003,1775.0427300000001,-2150.6235399999996,2020-03-23 18:29:41.970,404180518.7915566,-8610999.468007565,-41941531.355734825,148891965750.15378,7909514849.659312,3427862022.8746524,58931.77062465277
46,2020,3,23,18,44,41.97,3014554.736,-19101165.400000002,-18173975.29,2657.93473,2159.09674,-1818.5364,2020-03-23 18:44:41.970,404237770.78590727,-7806623.129330874,-41603412.99630282,148890851860.74918,7934174123.160036,3438551656.0454936,58931.78104131943
46,2020,3,23,18,59,41.97,5373808.562,-16998795.318,-19649142.178999998,2577.29177,2506.14348,-1454.8518800000002,2020-03-23 18:59:41.970,404293081.138502,-7002206.444749705,-41265089.86151034,148889733122.70023,7958833139.995154,3449241180.2416587,58931.7914579861
46,2020,3,23,19,14,41.97,7640308.968,-14603032.899,-20785102.351,2452.10502,2810.1289399999996,-1065.8282,2020-03-23 19:14:41.970,404346449.67247343,-6197753.350632709,-40926563.61492341,148888609536.08417,7983491899.32032,3459930595.097647,58931.80187465277
46,2020,3,23,19,29,41.97,9774862.671,-11955085.114,-21562042.118,2284.49341,3065.73596,-658.1798100000001,2020-03-23 19:29:41.970,404397876.21928406,-5393267.783177098,-40587835.92085726,148887481100.97818,8008150400.291203,3470619900.2479496,58931.81229131943
46,2020,3,23,19,44,41.97,11740521.983000001,-9100575.847,-21966352.609,2077.32136,3268.48136,-238.96063,2020-03-23 19:44:41.970,404447360.6187266,-4588753.678395285,-40248908.444370255,148886347817.45996,8032808642.063504,3481309095.3270693,58931.8227079861
46,2020,3,23,19,59,41.97,13503235.217,-6088756.931,-21990879.996,1834.1509,3414.79871,184.55983,2020-03-23 19:59:41.970,404494902.7189226,-3784214.9721023175,-39909782.8512588,148885209685.6074,8057466623.792951,3491998179.9695,58931.83312465277
46,2020,3,23,20,14,41.97,15032447.999,-2971651.8890000004,-21635061.937,1559.1806,3502.1048,605.02504,2020-03-23 20:14:41.970,404540502.3763225,-2979655.5999027453,-39570460.80805151,148884066705.49857,8082124344.635287,3502687153.809738,58931.84354131943
46,2020,3,23,20,29,41.97,16301644.173,196852.389,-20904947.005000003,1257.17258,3528.84864,1015.1225,2020-03-23 20:29:41.970,404584159.4557054,-2175079.4971773634,-39230943.98200355,148882918877.21167,8106781803.746292,3513376016.482285,58931.8539579861
46,2020,3,23,20,44,41.97,17288815.997,3361949.624,-19813096.08,933.36864,3494.54154,1407.71461,2020-03-23 20:44:41.970,404625873.8301782,-1370490.5990707502,-38891234.04109124,148881766200.82565,8131439000.281769,3524064767.621641,58931.86437465277
46,2020,3,23,20,59,41.97,17976854.609,6468876.517,-18378366.946,593.39719,3399.76782,1775.96684,2020-03-23 20:59:41.970,404665645.3811743,-565892.840477926,-38551332.65400641,148880608676.41925,8156095933.397538,3534753406.8623066,58931.87479131943
46,2020,3,23,21,14,41.97,18353853.219,9463875.721,-16625585.674999999,243.17269,3246.1753999999996,2113.47079,2020-03-23 21:14:41.970,404703473.99845463,238709.84396854675,-38211241.490150675,148879446304.07156,8180752602.249451,3545441933.8387866,58931.8852079861
46,2020,3,23,21,29,41.97,18413317.152,12295141.483,-14585110.597000001,-111.21043999999999,3036.44673,2414.35942,2020-03-23 21:29:41.970,404739359.5801054,1043313.519911327,-37870962.21963008,148878279083.86185,8205409005.993395,3556130348.185584,58931.89562465277
46,2020,3,23,21,44,41.97,18154276.684,14913730.278,-12292296.855,-463.58738,2774.2502299999996,2673.4123099999997,2020-03-23 21:44:41.970,404773302.03253895,1847914.2532816308,-37530496.51324928,148877107015.87015,8230065143.785267,3566818649.537206,58931.90604131943
46,2020,3,23,21,59,41.97,17581300.57,17274419.406,-9786871.565,-807.83367,2464.17334,2886.14879,2020-03-23 21:59:41.970,404805301.270492,2652508.1103119254,-37189846.04250603,148875930100.17618,8254721014.780998,3577506837.528158,58931.9164579861
46,2020,3,23,22,14,41.97,16704410.136999998,19336497.557,-7112231.387,-1137.97503,2111.63859,3048.9069,2020-03-23 22:14:41.970,404835357.2170256,3457091.157548868,-36849012.47958571,148874748336.8601,8279376618.136555,3588194911.79295,58931.92687465277
46,2020,3,23,22,29,41.97,15538895.848,21064472.764999997,-4314675.885,-1448.29393,1722.8043,3158.9069099999997,2020-03-23 22:29:41.970,404863469.80352455,4261659.461866545,-36507997.49735552,148873561726.00235,8304031953.00791,3598882871.9660907,58931.93729131943
46,2020,3,23,22,44,41.97,14105040.198,22428684.925,-1442591.245,-1733.43082,1304.4521300000001,3214.29795,2020-03-23 22:44:41.970,404889638.9696963,5066209.090479048,-36166802.76935905,148872370267.6836,8328687018.551084,3609570717.6820927,58931.9477079861
46,2020,3,23,22,59,41.97,12427752.658,23405812.082,1454400.166,-1988.47802,863.86388,3214.18719,2020-03-23 22:59:41.970,404913864.6635706,5870736.110953791,-35825429.96981065,148871173961.9849,8353341813.922117,3620258448.5754695,58931.95812465277
46,2020,3,23,23,14,41.97,10536124.078000002,23979261.947,4326308.449,-2209.06456,408.69014999999996,3158.6511100000002,2020-03-23 23:14:41.970,404936146.8414984,6675236.591224231,-35483880.77358967,148869972808.98727,8377996338.277073,3630946064.280739,58931.96854131943
46,2020,3,23,23,29,41.97,8462909.437,24139442.531,7123646.944,-2391.4303,-53.18655,3048.729,2020-03-23 23:29:41.970,404956485.46815205,7479706.599602867,-35142156.85623518,148868766808.7724,8402650590.772051,3641633564.4324183,58931.9789579861
46,2020,3,23,23,44,41.97,6243949.092,23883908.235,9798289.299,-2532.48833,-513.7912100000001,2886.39909,2020-03-23 23:44:41.970,404974880.5165235,8284142.204794286,-34800259.89394006,148867555961.42194,8427304570.563168,3652320948.6650276,58931.98937465277
46,2020,3,23,23,59,41.97,3917539.6139999996,23217380.233,12304297.612,-2629.87448,-965.19576,2674.5383500000003,2020-03-23 23:59:41.970,404991331.9675014,9088539.453961326,-34458191.57288093,148866340267.0177,8451958276.806311,3663008216.61297,58931.99979131943
46,2020,3,24,0,14,41.97,1523766.0920000002,22151643.239,14598707.970999999,-2681.9834299999998,-1399.65583,2416.86673,2020-03-24 00:14:41.970,405005839.81161356,9892894.460525958,-34115953.55187571,148865119725.64215,8476611708.658189,3673695367.9110045,58932.0102079861
46,2020,3,24,0,29,41.97,-896192.419,20705316.954,16642256.388999999,-2687.99175,-1809.74271,2117.87815,2020-03-24 00:29:41.970,405018404.0463317,10697203.272498695,-33773547.518376224,148863894337.37762,8501264865.274744,3684382402.1935387,58932.02062465277
46,2020,3,24,0,44,41.97,-3300770.9899999998,18903520.519,18400043.218,-2647.86607,-2188.46762,1782.75819,2020-03-24 00:44:41.970,405029024.67792046,11501461.960281635,-33430975.15113515,148862664102.30695,8525917745.81221,3695069319.0951047,58932.03104131943
46,2020,3,24,0,59,41.97,-5648729.242000001,16777420.433,19842112.355,-2562.35903,-2529.39727,1417.29229,2020-03-24 00:59:41.970,405037701.7209601,12305666.594733581,-33088238.129531104,148861429020.51312,8550570349.42686,3705756118.250233,58932.0414579861
46,2020,3,24,1,14,41.97,-7899851.751999999,14363683.463,20943946.914,-2432.9917,-2826.75862,1027.7647000000002,2020-03-24 01:14:41.970,405044435.1983465,13109813.247183075,-32745338.133563004,148860189092.07938,8575222675.274975,3716442799.2934566,58932.05187465277
46,2020,3,24,1,29,41.97,-10015627.168000001,11703839.818,21686870.123,-2262.02388,-3075.5314399999997,620.8507599999999,2020-03-24 01:29:41.970,405049225.1412895,13913897.989441214,-32402276.84384449,148858944317.08923,8599874722.512884,3727129361.859314,58932.06229131943
46,2020,3,24,1,44,41.97,-11959895.291000001,8843568.78,22058346.828,-2052.41279,-3271.5278900000003,203.50404,2020-03-24 01:44:41.970,405052071.5893127,14717916.893814582,-32059055.941598386,148857694695.62656,8624526490.296938,3737815805.5823402,58932.0727079861
46,2020,3,24,1,59,41.97,-13699452.160999998,5831919.035,22052181.839,-1807.7611200000001,-3411.45797,-217.15974,2020-03-24 01:59:41.970,405052974.59025204,15521866.033118382,-31715677.10865089,148856440227.77536,8649177977.783522,3748502130.0970807,58932.08312465277
46,2020,3,24,2,14,41.97,-15204603.966999998,2720476.606,21668612.964,-1532.2554799999998,-3492.98037,-633.9804,2020-03-24 02:14:41.970,405051934.2002555,16325741.480689107,-31372142.027426243,148855180913.61978,8673829184.129036,3759188335.038079,58932.09354131943
46,2020,3,24,2,29,41.97,-16449661.535,-437506.215,20914298.069000002,-1230.59609,-3514.73827,-1039.87085,2020-03-24 02:29:41.970,405048950.4837815,17129539.31039756,-31028452.380940877,148853916753.2446,8698480108.48993,3769874420.039883,58932.1039579861
46,2020,3,24,2,44,41.97,-17413368.044,-3588007.193,19802196.952,-907.91883,-3476.3796,-1427.93297,2020-03-24 02:44:41.970,405044023.51359844,17933255.596661877,-30684609.852798004,148852647746.7345,8723130750.02267,3780560384.737044,58932.11437465277
46,2020,3,24,2,59,41.97,-18079253.595999997,-6677141.783,18351350.256,-569.71087,-3378.5618999999997,-1791.57032,2020-03-24 02:59:41.970,405037153.37078357,18736886.414460234,-30340616.127181847,148851373894.1745,8747781107.883762,3791246228.7641134,58932.12479131943
46,2020,3,24,3,14,41.97,-18435911.297,-9652068.041000001,16586558.998,-221.72081,-3222.9414300000003,-2124.59602,2020-03-24 03:14:41.970,405028340.1447214,19540427.839344013,-29996472.888852086,148850095195.65005,8772431181.229734,3801931951.7556543,58932.1352079861
46,2020,3,24,3,29,41.97,-18477190.539,-12461874.804,14537969.632000001,130.13527,-3012.14688,-2421.3345600000002,2020-03-24 03:29:41.970,405017583.93310434,20343875.947450463,-29652181.82313834,148848811651.24664,8797080969.217148,3812617553.346218,58932.14562465277
46,2020,3,24,3,44,41.97,-18202304.284,-15058439.314,12240570.877,479.87071999999995,-2749.73784,-2676.71586,2020-03-24 03:44:41.970,405004884.84193,21147226.815515812,-29307744.61593439,148847523261.0501,8821730471.002598,3823303033.1703753,58932.15604131943
46,2020,3,24,3,59,41.97,-17615848.322,-17397240.731000002,9733609.805,821.52682,-2440.14838,-2886.3603200000002,2020-03-24 03:59:41.970,404990242.9855009,21950476.520888124,-28963162.953692693,148846230025.1466,8846379685.742708,3833988390.8626885,58932.1664579861
46,2020,3,24,4,14,41.97,-16727731.699,-19438116.463,7059935.965,1149.2714500000002,-2088.61651,-3046.65355,2020-03-24 04:14:41.970,404973658.4864232,22753621.141540147,-28618438.52341868,148844931943.62247,8871028612.59413,3844673626.057728,58932.17687465277
46,2020,3,24,4,29,41.97,-15553018.775,-21145948.843999997,4265283.453,1457.4965200000001,-1701.10011,-3154.80931,2020-03-24 04:29:41.970,404955131.47560596,23556656.75608216,-28273573.012665287,148843629016.56436,8895677250.713547,3855358738.390072,58932.18729131943
46,2020,3,24,4,44,41.97,-14111684.74,-22491270.535,1397501.996,1740.91265,-1284.1805200000001,-3208.91965,2020-03-24 04:44:41.970,404934662.09225965,24359579.443775147,-27928568.109527145,148842321244.05905,8920325599.257694,3866043727.4942966,58932.1977079861
46,2020,3,24,4,59,41.97,-12428287.754999999,-23450778.013,-1494250.8969999999,1994.6394400000001,-844.9550099999999,-3207.9911700000002,2020-03-24 04:59:41.970,404912250.48389566,25162385.284543335,-27583425.5026351,148841008626.1936,8944973657.383293,3876728593.004981,58932.20812465277
46,2020,3,24,5,14,41.97,-10531562.315,-24007743.799,-4360343.784,2214.2900600000003,-390.91947999999996,-3151.96639,2020-03-24 05:14:41.970,404887896.8063239,25965070.35898738,-27238146.881150633,148839691163.0556,8969621424.247145,3887413334.556713,58932.21854131943
46,2020,3,24,5,29,41.97,-8453939.775999999,-24152319.477,-7151517.493000001,2396.04826,70.1566,-3041.72973,2020-03-24 05:29:41.970,404861601.22365355,26767630.748397067,-26892733.934760034,148838368854.73257,8994268899.006058,3898097951.784078,58932.2289579861
46,2020,3,24,5,44,41.97,-6231003.363,-23881723.233,-9819729.562,2536.73669,530.3613700000001,-2879.09756,2020-03-24 05:44:41.970,404833363.90829,27570062.5347643,-26547188.35366904,148837041701.31238,9018916080.816875,3908782444.3216743,58932.23937465277
46,2020,3,24,5,59,41.97,-3900886.2479999997,-23200307.498,-12318982.480999999,2633.8749199999997,981.7755099999999,-2666.7921899999997,2020-03-24 05:59:41.970,404803185.04093516,28372361.800796006,-26201511.828597087,148835709702.88324,9043562968.83648,3919466811.804095,58932.24979131943
46,2020,3,24,6,14,41.97,-1503622.427,-22119504.22,-14606121.338000001,2685.72608,1416.60883,-2408.39988,2020-03-24 06:14:41.970,404771064.8105855,29174524.629926864,-25855706.05077168,148834372859.53342,9068209562.221771,3930151053.8659415,58932.2602079861
46,2020,3,24,6,29,41.97,919538.81,-20657647.458,-16641586.663999999,2691.33098,1827.33592,-2108.31342,2020-03-24 06:29:41.970,404737003.41453046,29976547.106332343,-25509772.711922836,148833031171.35178,9092855860.129704,3940835170.1418176,58932.27062465277
46,2020,3,24,6,44,41.97,3326843.194,-18839675.134,-18390108.873,2650.52897,2206.82861,-1771.6598800000002,2020-03-24 06:44:41.970,404701001.058353,30778425.314941563,-25163713.504277453,148831684638.4272,9117501861.717245,3951519160.2663364,58932.28104131943
46,2020,3,24,6,59,41.97,5676754.291,-16696714.02,-19821331.433,2563.96474,2548.48256,-1404.21468,2020-03-24 06:59:41.970,404663057.9559259,31580155.341450084,-24817530.120553624,148830333260.8487,9142147566.141413,3962203023.874112,58932.2914579861
46,2020,3,24,7,14,41.97,7928676.082,-14265554.251,-20910351.05,2433.08097,2846.3358099999996,-1012.30339,2020-03-24 07:14:41.970,404623174.32941234,32381733.272332806,-24471224.2539551,148828977038.706,9166792972.559242,3972886760.599759,58932.30187465277
46,2020,3,24,7,29,41.97,10043662.393000001,-11588021.752,-21638164.446,2260.09647,3095.17667,-602.69262,2020-03-24 07:29:41.970,404581350.4092637,33183155.194856945,-24124797.598165665,148827615972.0885,9191438080.127811,3983570370.0779033,58932.31229131943
46,2020,3,24,7,44,41.97,11985100.275999999,-8710259.05,-21992012.906,2047.97022,3290.63911,-182.47229000000002,2020-03-24 07:44:41.970,404537586.4342189,33984417.19709468,-23778251.847343467,148826250061.0863,9216082888.004223,3994253851.9431715,58932.3227079861
46,2020,3,24,7,59,41.97,13719354.796,-5681926.75,-21965617.573,1800.35165,3429.28333,241.06904,2020-03-24 07:59:41.970,404491882.6513029,34785515.367936164,-23431588.696115416,148824879305.78955,9240727395.345638,4004937205.8301964,58932.33312465277
46,2020,3,24,8,14,41.97,15216363.181,-2555339.6750000003,-21559300.408999998,1521.51801,3508.66014,660.5731900000001,2020-03-24 08:14:41.970,404444239.3158246,35586445.797102414,-23084809.839571618,148823503706.28885,9265371601.309225,4015620431.373614,58932.34354131943
46,2020,3,24,8,29,41.97,16450167.152000003,615446.957,-20779987.89,1216.2998,3527.35739,1068.74355,2020-03-24 08:29:41.970,404394656.69137686,36387204.575158045,-22737916.973259687,148822123262.67468,9290015505.05219,4026303528.2080646,58932.3539579861
46,2020,3,24,8,44,41.97,17399373.289,3775584.773,-19641096.709000003,889.9956500000001,3485.0276400000002,1458.47564,2020-03-24 08:44:41.970,404343135.04983395,37187787.79352423,-22390911.793179102,148820737975.03833,9314659105.731789,4036986495.9681997,58932.36437465277
46,2020,3,24,8,59,41.97,18047532.598,6870395.557,-18162303.035,548.2781799999999,3382.39615,1822.98485,2020-03-24 08:59:41.970,404289674.67135084,37988191.54449139,-22043795.99577568,148819347843.4708,9339302402.505293,4047669334.288666,58932.37479131943
46,2020,3,24,9,14,41.97,18383431.913,9846332.814,-16369199.209,197.09256,3221.24894,2155.92852,2020-03-24 09:14:41.970,404234275.84436136,38788411.92123225,-21696571.277935904,148817952868.0635,9363945394.53003,4058352042.804123,58932.3852079861
46,2020,3,24,9,29,41.97,18401291.523,12651923.666000001,-14292843.97,-157.45015,3004.40111,2451.51999,2020-03-24 09:29:41.970,404176938.8655772,39588445.017814524,-21349239.336981274,148816553048.9085,9388588080.963333,4069034621.1492305,58932.39562465277
46,2020,3,24,9,44,41.97,18100865.179,15238673.474,-11969214.486000001,-509.18289000000004,2735.6458300000004,2704.6323700000003,2020-03-24 09:44:41.970,404117664.0399869,40388286.929213725,-21001801.87066274,148815148386.09753,9413230460.962603,4079717068.958658,58932.40604131943
46,2020,3,24,9,59,41.97,17487440.645,17561916.263,-9438570.453,-851.99336,2419.68506,2910.88991,2020-03-24 09:59:41.970,404056451.68085253,41187933.7513262,-20654260.577155028,148813738879.72296,9437872533.685251,4090399385.8670774,58932.4164579861
46,2020,3,24,10,14,41.97,16571740.929,19581595.128000002,-6744742.296999999,-1179.9335500000002,2062.04355,3066.74499,2020-03-24 10:14:41.970,403993302.1097104,41987381.58098175,-20306617.155051056,148812324529.87726,9462514298.288744,4101081571.509165,58932.42687465277
46,2020,3,24,10,29,41.97,15369728.353,21262958.245,-3934357.033,-1487.32581,1668.96764,3169.53941,2020-03-24 10:29:41.970,403928215.6563685,42786626.515956506,-19958873.30335627,148810905336.6532,9487155753.930563,4111763625.5196066,58932.43729131943
46,2020,3,24,10,44,41.97,13902315.574000001,22577157.922,-1056016.497,-1768.8632200000002,1247.31133,3217.54882,2020-03-24 10:44:41.970,403861192.65890515,43585664.65498584,-19611030.721483085,148809481300.1439,9511796899.76824,4122445547.5330873,58932.4477079861
46,2020,3,24,10,59,41.97,12194989.495,23501742.166,1840556.493,-2019.70245,804.41182,3210.00947,2020-03-24 10:59:41.970,403792233.4636677,44384492.09777704,-19263091.1092452,148808052420.44257,9536437734.959341,4133127337.184305,58932.45812465277
46,2020,3,24,11,14,41.97,10277355.697,24021030.554,4705388.033,-2235.5472800000002,347.95729,3147.1271500000003,2020-03-24 11:14:41.970,403721338.4252703,45183104.945022285,-18915056.166851986,148806618697.64282,9561078258.661467,4143808994.107955,58932.46854131943
46,2020,3,24,11,29,41.97,8182612.459,24126368.589,7489123.027,-2412.7212999999997,-114.15043,3030.06827,2020-03-24 11:29:41.970,403648507.9065934,45981499.29841132,-18566927.5949029,148805180131.8383,9585718470.032251,4154490517.9387503,58932.4789579861
46,2020,3,24,11,44,41.97,5946964.643999999,23816257.239,10143879.307,-2548.2286900000004,-573.9354599999999,2860.93383,2020-03-24 11:44:41.970,403573742.2787813,46779671.260644384,-18218707.0943818,148803736723.12326,9610358368.229366,4165171908.3113995,58932.48937465277
46,2020,3,24,11,59,41.97,3608988.671,23096356.792,12624070.852,-2639.80203,-1023.48711,2642.71703,2020-03-24 11:59:41.970,403497041.921241,47577616.935444795,-17870396.366651416,148802288471.59186,9634997952.410522,4175853164.8606176,58932.49979131943
46,2020,3,24,12,14,41.97,1208960.4139999999,21979366.561,14887185.946,-2685.93678,-1455.0961300000001,2379.24568,2020-03-24 12:14:41.970,403418407.22164065,48375332.4275721,-17521997.113447566,148800835377.33865,9659637221.733467,4186534287.221133,58932.5102079861
46,2020,3,24,12,29,41.97,-1211841.753,20484784.189999998,16894507.296,-2685.91201,-1861.38562,2075.1111,2020-03-24 12:29:41.970,403337838.5759077,49172813.84283444,-17173511.036873706,148799377440.45865,9684276175.35599,4197215275.027673,58932.52062465277
46,2020,3,24,12,44,41.97,-3611846.448,18638550.351000004,18611762.535,-2639.7975800000004,-2235.43448,1735.58481,2020-03-24 12:44:41.970,403255336.3882272,49970057.28810179,-16824939.83939524,148797914661.04672,9708914812.435911,4207896127.9149747,58932.53104131943
46,2020,3,24,12,59,41.97,-5949899.142,16472586.417,20009695.065,-2548.44786,-2570.89153,1366.52509,2020-03-24 12:59:41.970,403170901.07104045,50767058.87131831,-16476285.223833816,148796447039.19836,9733553132.131075,4218576845.5177794,58932.5414579861
46,2020,3,24,13,14,41.97,-8185960.579,14024234.237,21064546.82,-2413.4826199999998,-2862.07865,974.27502,2020-03-24 13:14:41.970,403084533.0450428,51563814.70151556,-16127548.89336183,148794974575.00912,9758191133.599401,4229257427.4708366,58932.55187465277
46,2020,3,24,13,29,41.97,-10281782.441,11335608.469,21758446.15,-2237.25576,-3104.0818099999997,565.5539,2020-03-24 13:29:41.970,402996232.739183,52360320.88882493,-15778732.551496703,148793497268.57483,9782828815.9988,4239937873.4089,58932.56229131943
46,2020,3,24,13,44,41.97,-12201549.634000001,8452872.941,22079695.713,-2022.81252,-3292.82867,147.34391,2020-03-24 13:44:41.970,402906000.5906604,53156573.54449059,-15429837.902095303,148792015119.99158,9807466178.487268,4250618182.9667335,58932.5727079861
46,2020,3,24,13,59,41.97,-13912479.307,5425453.409,22022956.816999998,-1773.83627,-3425.15223,-273.22635,2020-03-24 13:59:41.970,402813837.0449235,53952568.78088213,-15080866.649348343,148790528129.3557,9832103220.222797,4261298355.7791033,58932.58312465277
46,2020,3,24,14,14,41.97,-15385367.563,2305199.657,21589328.281999998,-1494.58566,-3498.8396599999996,-688.99956,2020-03-24 14:14:41.970,402719742.5556686,54748302.71150757,-14731820.497774672,148789036296.76395,9856739940.363438,4271978391.4807854,58932.59354131943
46,2020,3,24,14,29,41.97,-16595075.716,-854489.5800000001,20786319.334,-1189.8233,-3512.66602,-1092.90715,2020-03-24 14:29:41.970,402623717.5848384,55543771.45102581,-14382701.152215738,148787539622.313,9881376338.067287,4282658289.706561,58932.6039579861
46,2020,3,24,14,44,41.97,-17520948.867,-3999565.1210000003,19627717.55,-864.73685,-3466.41255,-1478.08483,2020-03-24 14:44:41.970,402525762.6026181,56338971.115259744,-14033510.317829914,148786038106.10025,9906012412.492464,4293338050.0912175,58932.61437465277
46,2020,3,24,14,59,41.97,-18147160.584000003,-7076235.285,18133354.231000002,-524.85388,-3360.86939,-1837.98469,2020-03-24 14:59:41.970,402425878.0874364,57133897.82120858,-13684249.700086907,148784531748.22272,9930648162.797138,4304017672.269551,58932.62479131943
46,2020,3,24,15,14,41.97,-18462978.441,-10031869.274999999,16328770.99,-175.9514,-3197.8227,-2166.48245,2020-03-24 15:14:41.970,402324064.5259621,57928547.687060945,-13334921.004762067,148783020548.77838,9955283588.139511,4314697155.876367,58932.6352079861
46,2020,3,24,15,29,41.97,-18462946.267,-12815881.981,14244792.620000001,176.03859,-2980.0263099999997,-2457.97817,2020-03-24 15:29:41.970,402220322.41310287,58722916.8322076,-12985525.937930837,148781504507.86502,9979918687.677832,4325376500.546467,58932.64562465277
46,2020,3,24,15,44,41.97,-18146980.062999997,-15380586.44,11917012.675,525.12631,-2711.1582,-2707.48932,2020-03-24 15:44:41.970,402114652.25200254,59517001.37725395,-12636066.20596312,148779983625.58066,10004553460.57038,4336055705.914677,58932.65604131943
46,2020,3,24,15,59,41.97,-17520375.687,-17682000.43,9385199.411,865.36276,-2395.76223,-2910.73444,2020-03-24 15:59:41.970,402007054.55404013,60310797.444032945,-12286543.515517613,148778457902.02396,10029187905.975471,4346734771.615813,58932.6664579861
46,2020,3,24,16,14,41.97,-16593727.694000002,-19680594.217,6692631.01,1190.9384300000002,-2039.17576,-3064.20639,2020-03-24 16:14:41.970,401897529.8388284,61104301.155617915,-11936959.573536156,148776927337.2934,10053822023.051474,4357413697.28471,58932.67687465277
46,2020,3,24,16,29,41.97,-15382759.936,-21341967.073,3885370.171,1496.28039,-1647.44389,-3165.23367,2020-03-24 16:29:41.970,401786078.63421,61897508.63633503,-11587316.087238245,148775391931.488,10078455810.956793,4368092482.556208,58932.68729131943
46,2020,3,24,16,44,41.97,-13908069.947,-22637441.066,1011489.267,1776.14654,-1227.22156,-3212.02875,2020-03-24 16:44:41.970,401672701.4762578,62690416.011776306,-11237614.764115255,148773851684.70682,10103089268.849874,4378771127.065148,58932.6977079861
46,2020,3,24,16,59,41.97,-12194790.445,-23544561.645999998,-1879741.761,2025.7152700000001,-785.66457,-3203.7224,2020-03-24 16:59:41.970,401557398.90927136,63483019.40881205,-10887857.31192488,148772306597.04944,10127722395.889198,4389449630.446385,58932.70812465277
46,2020,3,24,17,14,41.97,-10272172.729,-24047495.822,-4738691.718,2240.66914,-330.31127,-3140.38303,2020-03-24 17:14:41.970,401440171.4857763,64275314.95560383,-10538045.438685529,148770756668.61548,10152355191.233276,4400127992.334778,58932.71854131943
46,2020,3,24,17,29,41.97,-8173098.108999999,-24137320.233999997,-7516214.972,2417.2708799999996,131.0435,-3023.02056,2020-03-24 17:29:41.970,401321019.76652086,65067298.78161695,-10188180.852670683,148769201899.5048,10176987654.040691,4410806212.365204,58932.7289579861
46,2020,3,24,17,44,41.97,-5933524.849,-23812193.047000002,-10164494.57,2552.43043,590.48018,-2853.57433,2020-03-24 17:44:41.970,401199944.32047546,65858967.01763346,-9838265.262403248,148767642289.81772,10201619783.470036,4421484290.172528,58932.73937465277
46,2020,3,24,17,59,41.97,-3591879.3740000003,-23077405.51,-12637867.227,2643.76154,1040.08976,-2634.88492,2020-03-24 17:59:41.970,401076945.7248293,66650315.79576453,-9488300.376649942,148766077839.65466,10226251578.67997,4432162225.391643,58932.74979131943
46,2020,3,24,18,14,41.97,-1188401.625,-21945311.006,-14893615.786,2689.62691,1472.11035,-2370.65004,2020-03-24 18:14:41.970,400952024.56498975,67441341.24946332,-9138287.90441573,148764508549.11642,10250883038.829163,4442840017.657437,58932.7602079861
46,2020,3,24,18,29,41.97,1235544.509,-20435131.544,-16892715.016,2689.1704999999997,1879.0625599999998,-2065.36508,2020-03-24 18:29:41.970,400825181.4345788,68232039.51353769,-8788229.55493811,148762934418.30374,10275514163.076359,4453517666.604813,58932.77062465277
46,2020,3,24,18,44,41.97,3638183.983,-18572643.854000002,-18600517.215,2642.33667,2253.88127,-1724.24898,2020-03-24 18:44:41.970,400696416.9354325,69022406.72416277,-8438127.037681533,148761355447.3181,10300144950.580328,4464195171.868678,58932.78104131943
46,2020,3,24,18,59,41.97,5978054.227,-16389749.446000002,-19987364.912,2549.8751199999997,2590.0412899999997,-1353.15655,2020-03-24 18:59:41.970,400565731.6775977,69812439.01889378,-8087982.062331812,148759771636.26074,10324775400.499876,4474872533.083947,58932.7914579861
46,2020,3,24,19,14,41.97,8214726.862,-13923935.212000001,-21029119.106999997,2413.33158,2881.67455,-958.47868,2020-03-24 19:14:41.970,400433126.27933097,70602132.53667861,-7737796.338790446,148758182985.23358,10349405511.993853,4485549749.885546,58932.80187465277
46,2020,3,24,19,29,41.97,10309514.558999998,-11217633.244,-21707592.841000002,2235.0241899999996,3123.67649,-547.0320800000001,2020-03-24 19:29:41.970,400298601.3670956,71391483.4178705,-7387571.577169026,148756589494.3386,10374035284.221176,4496226821.908407,58932.81229131943
46,2020,3,24,19,44,41.97,12226150.199,-8317490.573999999,-22010881.495,2018.0056,3311.7995300000002,-125.94037999999999,2020-03-24 19:44:41.970,400162157.5755602,72180487.80424082,-7037309.487783596,148754991163.67792,10398664716.340761,4506903748.787473,58932.8227079861
46,2020,3,24,19,59,41.97,13931425.810999999,-5273561.364,-21933583.062999997,1766.01159,3442.7316299999998,297.49111,2020-03-24 19:59:41.970,400023795.54759616,72969141.83899167,-6687011.781149061,148753387993.35406,10423293807.51161,4517580530.157695,58932.83312465277
46,2020,3,24,20,14,41.97,15395779.375,-2138435.714,-21476903.587,1483.3967699999998,3514.15828,715.90493,2020-03-24 20:14:41.970,399883515.9342756,73757441.66676834,-6336680.167973549,148751779983.4699,10447922556.892725,4528257165.65403,58932.84354131943
46,2020,3,24,20,29,41.97,16593818.403,1033679.351,-20648645.117,1175.05857,3524.80661,1122.02264,2020-03-24 20:29:41.970,399741319.39486957,74545383.43367237,-5986316.35915277,148750167134.1284,10472550963.643194,4538933654.911444,58932.8539579861
46,2020,3,24,20,44,41.97,17504770.33,4187910.0769999996,-19463075.762000002,846.35087,3474.4704199999996,1508.77518,2020-03-24 20:44:41.970,399597206.59684515,75332963.28727372,-5635922.065764453,148748549445.43274,10497179026.922127,4549609997.564915,58932.86437465277
46,2020,3,24,20,59,41.97,18112851.048,7269679.921,-17940683.704,502.98875,3364.01562,1869.4299800000001,2020-03-24 20:59:41.970,399451178.21586376,76120177.37662387,-5285498.99906264,148746926917.4865,10521806745.888662,4560286193.249426,58932.87479131943
46,2020,3,24,21,14,41.97,18407544.443,10225669.399,-16107819.322999999,150.94626,3195.36569,2197.71209,2020-03-24 21:14:41.970,399303234.9357792,76907021.85226826,-4935048.870472157,148745299550.39346,10546434119.702011,4570962241.599974,58932.8852079861
46,2020,3,24,21,29,41.97,18383787.533999998,13004753.938,-13996231.843,-203.65077000000002,2971.4674,2487.9170099999997,2020-03-24 21:29:41.970,399153377.4486348,77693492.86625874,-4584573.391582927,148743667344.25763,10571061147.521408,4581638142.251556,58932.89562465277
46,2020,3,24,21,44,41.97,18042057.626999997,15558902.203,-11642509.034999998,-554.6348800000001,2696.23739,2735.01296,2020-03-24 21:44:41.970,399001606.4546614,78479586.57216667,-4234074.274144414,148742030299.1834,10595687828.506144,4592313894.839191,58932.90604131943
46,2020,3,24,21,59,41.97,17388359.905,17844018.092,-9087430.474000001,-895.90777,2374.49062,2934.73036,2020-03-24 21:59:41.970,398847922.66227555,79265299.12509485,-3883553.230059925,148740388415.27515,10620314161.81553,4602989498.997888,58932.9164579861
46,2020,3,24,22,14,41.97,16434115.835,19820710.755,-6375246.621,-1221.5495,2011.85226,3083.63693,2020-03-24 22:14:41.970,398692326.7880763,80050626.68169104,-3533011.9713810557,148738741692.63785,10644940146.608965,4613664954.362688,58932.92687465277
46,2020,3,24,22,29,41.97,15195954.819,21454978.479000002,-3552897.435,-1525.92398,1614.65473,3179.19675,2020-03-24 22:29:41.970,398534819.5568439,80835565.40015966,-3182452.210302074,148737090131.37637,10669565782.045841,4624340260.568628,58932.93729131943
46,2020,3,24,22,44,41.97,13695413.435,22718794.101,-669185.379,-1803.77846,1189.82222,3219.81239,2020-03-24 22:44:41.970,398375401.7015371,81620111.44027494,-2831875.6591542424,148735433731.59604,10694191067.285635,4635015417.250755,58932.9477079861
46,2020,3,24,22,59,41.97,11958548.444,23590581.744,2226081.547,-2050.33538,744.7450799999999,3204.84934,2020-03-24 22:59:41.970,398214073.9632903,82404260.96339358,-2481284.030400281,148733772493.4026,10718816001.487848,4645690424.044128,58932.95812465277
46,2020,3,24,23,14,41.97,10015471.397,24055576.945,5082960.688,-2261.37449,287.14679,3134.64249,2020-03-24 23:14:41.970,398050837.0914122,83188010.13246706,-2130679.0366286896,148732106416.90167,10743440583.81203,4656365280.583812,58932.96854131943
46,2020,3,24,23,29,41.97,7899814.07,24106064.689,7852243.502,-2433.3041999999996,-175.0539,3010.48497,2020-03-24 23:29:41.970,397885691.84338284,83971355.1120542,-1780062.390548172,148730435502.19946,10768064813.417786,4667039986.504886,58932.9789579861
46,2020,3,24,23,44,41.97,5648135.176,23741492.365,10486306.468,-2563.2206100000003,-633.88259,2834.5998200000004,2020-03-24 23:44:41.970,397718638.9848513,84754292.0683341,-1429435.8049819828,148728759749.4022,10792688689.46474,4677714541.442438,58932.98937465277
46,2020,3,24,23,59,41.97,3299279.654,22968457.113,12939929.155,-2648.95368,-1081.44831,2610.0955,2020-03-24 23:59:41.970,397549679.28963304,85536817.16911843,-1078800.9928623657,148727079158.61642,10817312211.112593,4688388945.031563,58932.99979131943
46,2020,3,25,0,14,41.97,893702.5630000001,21800570.292,15171066.003,-2689.09982,-1510.0790399999998,2340.9063,2020-03-25 00:14:41.970,397378813.53970844,86318926.58386423,-728159.6672248811,148725393729.9492,10841935377.521076,4699063196.907368,58933.0102079861
46,2020,3,25,0,29,41.97,-1527230.672,20258197.743,17141555.298,-2683.0413000000003,-1912.45208,2031.71985,2020-03-25 00:29:41.970,397206042.5252192,87100616.48368603,-377513.5412028453,148723703463.50745,10866558187.849964,4709737296.704966,58933.02062465277
46,2020,3,25,0,44,41.97,-3921954.3619999997,18368095.163000003,18817763.5,-2630.9508899999996,-2281.71593,1687.89177,2020-03-25 00:44:41.970,397031367.04446673,87881883.04136904,-26864.328021676043,148722008359.3985,10891180641.259079,4720411244.059489,58933.03104131943
46,2020,3,25,0,59,41.97,-6249411.819,16162928.878,20171142.082,-2533.78442,-2611.60331,1315.35138,2020-03-25 00:59:41.970,396854787.9039094,88662722.4313813,323786.2590066756,148720308417.72998,10915802736.908295,4731085038.606071,58933.0414579861
46,2020,3,25,1,14,41.97,-8469751.576000001,13680704.374000002,21178698.661,-2393.2598399999997,-2896.5326600000003,920.4986200000001,2020-03-25 01:14:41.970,396676305.91816014,89443130.82988639,674436.5064893934,148718603638.60986,10940424473.957525,4741758679.979858,58933.05187465277
46,2020,3,25,1,29,41.97,-10544999.425,10964107.985000001,21823371.78,-2211.82444,-3131.69743,510.09472,2020-03-25 01:29:41.970,396495921.9099838,90223104.41475594,1025084.700958358,148716894022.14603,10965045851.566744,4752432167.816009,58933.06229131943
46,2020,3,25,1,44,41.97,-12439695.717,8059774.239,22094305.117,-1992.61059,-3313.14189,91.14837,2020-03-25 01:44:41.970,396313636.7102949,91002639.3655821,1375729.1288757643,148715179568.44696,10989666868.89594,4763105501.749686,58933.0727079861
46,2020,3,25,1,59,41.97,-14121488.165000001,5017491.255,21987017.794999998,-1739.3812500000001,-3437.82283,-329.20104,2020-03-25 01:59:41.970,396129451.15815514,91781731.86369015,1726368.0766397556,148713460277.6213,11014287525.105188,4773778681.416075,58933.08312465277
46,2020,3,25,2,14,41.97,-15561671.211000001,1889357.2859999998,21503469.07,-1456.4659,-3503.65641,-743.80116,2020-03-25 02:14:41.970,395943366.10077,92560378.09215128,2076999.830590017,148711736149.77798,11038907819.354578,4784451706.450353,58933.09354131943
46,2020,3,25,2,29,41.97,-16735663.933,-1271098.143,20652017.096,-1148.68821,-3509.54985,-1145.6039700000001,2020-03-25 02:29:41.970,395755382.3934881,93338574.23579457,2427622.677013364,148710007185.0259,11063527750.804277,4795124576.487727,58933.1039579861
46,2020,3,25,2,44,41.97,-17623419.396,-4409814.66,19447272.983,-821.28619,-3455.41768,-1527.78097,2020-03-25 02:44:41.970,395565500.8997964,94116316.48122,2778234.902149392,148708273383.47476,11088147318.61447,4805797291.163402,58933.11437465277
46,2020,3,25,2,59,41.97,-18209759.348,-7473109.084,17909852.716000002,-479.82633000000004,-3342.18239,-1883.8346999999999,2020-03-25 02:59:41.970,395373722.4913191,94893601.01681075,3128834.79219605,148706534745.23395,11112766521.945406,4816469850.1126,58933.12479131943
46,2020,3,25,3,14,41.97,-18484629.154999997,-10408577.035,16066030.876999998,-130.11244,-3171.75949,-2207.70519,2020-03-25 03:14:41.970,395180048.04781497,95670424.03274581,3479420.633315251,148704791270.41336,11137385359.95737,4827142252.970551,58933.1352079861
46,2020,3,25,3,29,41.97,-18443268.979000002,-13165974.154,13947301.442,221.90915999999999,-2947.02718,-2493.86978,2020-03-25 03:29:41.970,394984478.4571737,96446781.72101228,3829990.711638484,148703042959.12332,11162003831.810719,4837814499.372497,58933.14562465277
46,2020,3,25,3,44,41.97,-18086298.276,-15698063.159,11589852.231,570.24719,-2671.7808299999997,-2737.43493,2020-03-25 03:44:41.970,394787014.61541456,97222670.27541836,4180543.3132724357,148701289811.4741,11186621936.665825,4848486588.95369,58933.15604131943
46,2020,3,25,3,59,41.97,-17419711.899,-17961413.318,9033960.838000001,908.96409,-2350.67285,-2934.2186699999997,2020-03-25 03:59:41.970,394587657.4266828,97998085.89160508,4531076.724304542,148699531827.57626,11211239673.68314,4859158521.349391,58933.1664579861
46,2020,3,25,4,14,41.97,-16454787.332,-19917139.384999998,6323321.129,1232.27457,-1989.13842,-3080.8222299999998,2020-03-25 04:14:41.970,394386407.8032478,98773024.76705964,4881589.230808659,148697769007.5409,11235857042.023144,4869830296.194879,58933.17687465277
46,2020,3,25,4,29,41.97,-15207903.864,-21531567.761,3504310.5420000004,1534.6425100000001,-1593.30818,-3174.68977,2020-03-25 04:29:41.970,394183266.6654995,99547483.1011272,5232079.118850604,148696001351.47903,11260474040.846373,4880501913.125437,58933.18729131943
46,2020,3,25,4,44,41.97,-13700275.863,-22776818.472,625209.527,1810.8746899999999,-1169.9087,-3214.15482,2020-03-25 04:44:41.970,393978234.9419465,100321457.09502374,5582544.674493797,148694228859.5022,11285090669.313408,4891173371.776361,58933.1977079861
46,2020,3,25,4,59,41.97,-11957603.714000002,-23631292.664,-2264614.5700000003,2056.20975,-726.15226,-3198.47268,2020-03-25 04:59:41.970,393771313.5692131,101094942.95184839,5932984.183804834,148692451531.72195,11309706926.58488,4901844671.782963,58933.20812465277
46,2020,3,25,5,14,41.97,-10009647.354,-24080056.606,-5115546.029,2266.40101,-269.61737000000005,-3127.83773,2020-03-25 05:14:41.970,393562503.49203634,101867936.87659612,6283395.932859121,148690669368.25037,11334322811.821476,4912515812.780563,58933.21854131943
46,2020,3,25,5,29,41.97,-7889728.727,-24115114.683,-7878567.902,2437.79137,191.8781,-3003.38514,2020-03-25 05:29:41.970,393351805.66326344,102640435.07616992,6633778.207746432,148688882369.19943,11358938324.183922,4923186794.404485,58933.2289579861
46,2020,3,25,5,44,41.97,-5634170.817,-23735565.589,-10506103.531000001,2567.3790400000003,650.40929,-2827.17666,2020-03-25 05:44:41.970,393139221.0438492,103412433.75939324,6984129.294576534,148687090534.6817,11383553462.832994,4933857616.290081,58933.23937465277
46,2020,3,25,5,59,41.97,-3281682.17,-22947637.79,-12952838.009,2652.8728300000002,1098.07988,-2602.17029,2020-03-25 05:59:41.970,392924750.6028531,104183929.13702278,7334447.479484791,148685293864.80984,11408168226.929539,4944528278.072701,58933.24979131943
46,2020,3,25,6,14,41.97,-872696.923,-21764602.36,-15176505.199,2692.7355,1527.1586399999999,-2332.1740800000002,2020-03-25 06:14:41.970,392708395.3174368,104954917.4217606,7684731.048637726,148683492359.69672,11432782615.634418,4955198779.3877125,58933.2602079861
46,2020,3,25,6,29,41.97,1551318.609,-20206563.454,-17138626.241,2686.21456,1930.21443,-2021.7846499999998,2020-03-25 06:29:41.970,392490156.1728603,105725394.82826672,8034978.288238646,148681686019.45566,11457396628.108566,4965869119.870493,58933.27062465277
46,2020,3,25,6,44,41.97,3948580.978,-18300128.835,-18805186.115000002,2633.35948,2300.24731,-1676.3112,2020-03-25 06:44:41.970,392270034.162481,106495357.5731714,8385187.484533227,148679874844.2,11482010263.51296,4976539299.156428,58933.28104131943
46,2020,3,25,6,59,41.97,6277713.852,-16077965.136,-20147235.688,2535.02483,2630.81318,-1301.68613,2020-03-25 06:59:41.970,392048030.287749,107264801.875088,8735356.923815124,148678058834.0435,11506623521.008638,4987209316.880932,58933.2914579861
46,2020,3,25,7,14,41.97,8498468.644000001,-13578244.703,-21141407.847,2392.85908,2916.13968,-904.36375,2020-03-25 07:14:41.970,391824145.55820507,108033723.9546247,9085484.8924315,148676237989.1,11531236399.756672,4997879172.679407,58933.30187465277
46,2020,3,25,7,29,41.97,10572428.606999999,-10843992.979,-21770337.724,2209.27905,3151.23094,-491.20871,2020-03-25 07:29:41.970,391598380.99147815,108802120.03439763,9435569.676788734,148674412309.4838,11555848898.9182,5008548866.187279,58933.31229131943
46,2020,3,25,7,44,41.97,12463683.549999999,-7922347.3780000005,-22022978.632999998,1987.4303,3331.9591800000003,-69.37621,2020-03-25 07:44:41.970,391370737.61328226,109569986.33904277,9785609.563357903,148672581795.30933,11580461017.654408,5019218397.039995,58933.3227079861
46,2020,3,25,7,59,41.97,14139462.736,-4863740.4120000005,-21894807.239,1731.13389,3455.14112,353.814,2020-03-25 07:59:41.970,391141216.4574128,110337319.09522852,10135602.838680409,148670746446.69138,11605072755.126518,5029887764.873002,58933.33312465277
46,2020,3,25,8,14,41.97,15570714.135,-1721021.427,-21387913.41,1444.82055,3518.59777,771.00749,2020-03-25 08:14:41.970,390909818.56574494,111104114.53166835,10485547.789373584,148668906263.74487,11629684110.495823,5040556969.321761,58933.34354131943
46,2020,3,25,8,29,41.97,16732619.083,1451467.3290000001,-20510972.421,1133.4532399999998,3521.1959500000003,1174.94632,2020-03-25 08:29:41.970,390676544.9882299,111870368.87913263,10835442.702136282,148667061246.585,11654295082.923655,5051226010.021749,58933.3539579861
46,2020,3,25,8,44,41.97,17605032.533,4598843.557999999,-19279099.379,802.4394500000001,3462.87083,1558.5991299999998,2020-03-25 08:44:41.970,390441396.78289205,112636078.37046164,11185285.863754436,148665211395.32715,11678905671.571396,5061894886.608452,58933.36437465277
46,2020,3,25,8,59,41.97,18172840.423,7666649.174000001,-17713588.040999997,457.53497,3344.62875,1915.28757,2020-03-25 08:59:41.970,390204375.01582617,113401239.24057749,11535075.561106639,148663356710.08722,11703515875.600502,5072563598.717369,58933.37479131943
46,2020,3,25,9,14,41.97,18426227.232,10601808.115,-15841538.475,104.74092999999999,3168.53002,2238.80647,2020-03-25 09:14:41.970,389965480.7611947,114165847.72649674,11884810.081169792,148661497190.9811,11728125694.172453,5083232145.98402,58933.3852079861
46,2020,3,25,9,29,41.97,18360848.556,13353559.836000001,-13695380.265,-249.804,2937.65217,2523.5353800000003,2020-03-25 09:29:41.970,389724715.10122454,114929900.06734268,12234487.71102462,148659632838.12506,11752735126.448792,5093900528.043928,58933.39562465277
46,2020,3,25,9,44,41.97,17977905.368,15874351.032,-11312300.062,-599.9339299999999,2656.03402,2764.53924,2020-03-25 09:44:41.970,389482079.1262037,115693392.50435776,12584106.73786127,148657763651.63565,11777344171.591122,5104568744.532631,58933.40604131943
46,2020,3,25,9,59,41.97,17284118.629,18120668.917,-8733584.223,-939.5664700000001,2328.6019699999997,2957.65609,2020-03-25 09:59:41.970,389237573.9344788,116456321.28091575,12933665.448984938,148655889631.6294,11801952828.761086,5115236795.085682,58933.4164579861
46,2020,3,25,10,14,41.97,16291604.908,20053800.582,-6003889.019,-1262.8116499999999,1961.07973,3099.57006,2020-03-25 10:14:41.970,388991200.63245213,117218682.6425344,13283162.131821383,148654010778.22348,11826561097.120392,5125904679.338643,58933.42687465277
46,2020,3,25,10,29,41.97,15017655.673999999,21640504.516000003,-3170452.277,-1564.0766800000001,1559.88368,3187.86831,2020-03-25 10:29:41.970,388742960.33457786,117980472.83688746,13632595.073922558,148652127091.5351,11851168975.830782,5136572396.927094,58933.43729131943
46,2020,3,25,10,44,41.97,13484424.864,22853582.19,-282261.46499999997,-1838.1646899999998,1132.0059099999999,3221.08077,2020-03-25 10:44:41.970,388492854.1633602,118741688.11381741,13981962.562972173,148650238571.6818,11875776464.054068,5147239947.486629,58933.4477079861
46,2020,3,25,10,59,41.97,11718531.133000001,23672339.814,2610806.091,-2080.36531,684.88751,3198.70221,2020-03-25 10:59:41.970,388240883.24934894,119502324.72534731,14331262.886791274,148648345218.7811,11900383560.952108,5157907330.652847,58933.45812465277
46,2020,3,25,11,14,41.97,9750582.787999999,24082932.62,5458854.766000001,-2286.5356,226.28470000000002,3121.19641,2020-03-25 11:14:41.970,387987048.73113775,120262378.92569365,14680494.333343795,148646447032.95132,11924990265.68682,5168574546.061364,58933.46854131943
46,2020,3,25,11,29,41.97,7614634.854,24078586.543,8212837.955999999,-2453.16976,-235.86933,2989.98261,2020-03-25 11:29:41.970,387731351.7553601,121021846.97127812,15029655.19074219,148644544014.31058,11949596577.420172,5179241593.347819,58933.4789579861
46,2020,3,25,11,44,41.97,5347588.808999999,23659694.605,10825405.509,-2577.4566499999996,-693.60418,2807.40499,2020-03-25 11:44:41.970,387473793.47668666,121780725.12074046,15378743.747252947,148642636162.9774,11974202495.31418,5189908472.147855,58933.48937465277
46,2020,3,25,11,59,41.97,2988546.416,22833787.814,13251716.364,-2657.32417,-1139.0509499999998,2576.68609,2020-03-25 11:59:41.970,387214375.0578218,122539009.63495041,15727758.291302208,148640723479.0705,11998808018.530916,5200575182.097123,58933.49979131943
46,2020,3,25,12,14,41.97,578129.625,21615382.685,15450202.516999999,-2691.47024,-1564.57729,2301.86546,2020-03-25 12:14:41.970,386953097.6695009,123296696.77702002,16076697.111481316,148638805962.70886,12023413146.232521,5211241722.831301,58933.5102079861
46,2020,3,25,12,29,41.97,-1842221.162,20025709.713,17383271.691999998,-2679.3798899999997,-1962.9165,1987.72506,2020-03-25 12:29:41.970,386689962.49048686,124053782.81231622,16425558.496552387,148636883614.01187,12048017877.581161,5221908093.986066,58933.52062465277
46,2020,3,25,12,44,41.97,-4230958.1680000005,18092329.086000003,19017937.533,-2621.3289400000003,-2327.2887,1639.70306,2020-03-25 12:44:41.970,386424970.7075671,124810264.00847289,16774340.735453907,148634956433.09906,12072622211.739094,5232574295.197128,58933.53104131943
46,2020,3,25,12,59,41.97,-6547134.553,15848641.662,20326367.702,-2518.37431,-2651.51218,1263.7979500000001,2020-03-25 12:59:41.970,386158123.5155502,125566136.63540311,17123042.117306262,148633024420.0901,12097226147.86859,5243240326.100197,58933.5414579861
46,2020,3,25,13,14,41.97,-8751098.249,13333304.706,21286341.892,-2372.3316,-2930.10341,866.46455,2020-03-25 13:14:41.970,385889422.1172633,126321396.96531159,17471660.93141734,148631087575.10504,12121829685.132008,5253906186.330997,58933.55187465277
46,2020,3,25,13,29,41.97,-10805160.185999999,10589563.158000002,21881613.416,-2185.74073,-3158.3645699999997,454.50397999999996,2020-03-25 13:29:41.970,385618867.72354794,127076041.27270691,17820195.46728807,148629145898.2642,12146432822.69174,5264571875.525272,58933.56229131943
46,2020,3,25,13,44,41.97,-12674226.454,7664508.138,22102169.682,-1961.82031,-3332.45757,34.94933,2020-03-25 13:44:41.970,385346461.55325776,127830065.83441368,18168644.01461802,148627199389.68796,12171035559.710258,5275237393.318775,58933.5727079861
46,2020,3,25,13,59,41.97,-14326384.725,4608275.237,21944388.45,-1704.4117999999999,-3449.46375,-385.05129999999997,2020-03-25 13:59:41.970,385072204.8332545,128583466.92958495,18517004.863310922,148625248049.49734,12195637895.350063,5285902739.347277,58933.58312465277
46,2020,3,25,14,14,41.97,-15733436.14,1473195.703,21411088.32,-1417.9143000000001,-3507.42875,-798.35267,2020-03-25 14:14:41.970,384796098.7984057,129336240.83971423,18865276.303480286,148623291877.81332,12220239828.773726,5296567913.246558,58933.59354131943
46,2020,3,25,14,29,41.97,-16871364.724,-1687085.943,20511473.396,-1107.21114,-3505.3921899999996,-1197.92938,2020-03-25 14:29:41.970,384518144.69158006,130088383.84864798,19213456.625454914,148621330874.75708,12244841359.143862,5307232914.652418,58933.6039579861
46,2020,3,25,14,44,41.97,-17720737.394,-4818514.021,19260973.502,-777.58922,-3443.40184,-1576.99075,2020-03-25 14:44:41.970,384238343.7636459,130839892.24259786,19561544.1197845,148619365040.45013,12269442485.623169,5317897743.20067,58933.61437465277
46,2020,3,25,14,59,41.97,-18267028.569,-7867529.549,17680982.708,-434.65229999999997,-3322.5121799999997,-1929.09167,2020-03-25 14:59:41.970,383956697.27346593,131590762.31015284,19909537.077245146,148617394375.0144,12294043207.374357,5328562398.527143,58933.62479131943
46,2020,3,25,15,14,41.97,-18500864.424,-10781969.832999999,15798500.306,-84.22935,-3144.76746,-2248.23828,2020-03-25 15:14:41.970,383673206.48789597,132340990.34229128,20257433.78884494,148615418878.57193,12318643523.560232,5339226880.2676735,58933.6352079861
46,2020,3,25,15,29,41.97,-18418182.932,-13511945.833,13645679.663,267.72074000000003,-2913.16933,-2528.98677,2020-03-25 15:29:41.970,383387872.6817803,133090572.63239351,20605232.545829564,148613438551.24496,12343243433.343637,5349891188.058121,58933.64562465277
46,2020,3,25,15,44,41.97,-18020306.925,-16010683.59,11259291.706,615.20693,-2631.6294,-2766.53407,2020-03-25 15:44:41.970,383100697.1379483,133839505.47625376,20952931.639687788,148611453393.1561,12367842935.88748,5360555321.534351,58933.65604131943
46,2020,3,25,15,59,41.97,-17313928.61,-18235316.333,8680111.032000002,952.30479,-2304.9071799999997,-2956.79884,2020-03-25 15:59:41.970,382811681.14721173,134587785.17209265,21300529.362157047,148609463404.42798,12392442030.354717,5371219280.332256,58933.6664579861
46,2020,3,25,16,14,41.97,-16311005.237,-20147614.417,5952233.892,1273.25495,-1938.53411,-3096.49168,2020-03-25 16:14:41.970,382520826.00836134,135335408.02056888,21648024.005228955,148607468585.18378,12417040715.90836,5381883064.087732,58933.67687465277
46,2020,3,25,16,29,41.97,-15028566.885,-21714640.933,3122338.412,1572.55969,-1538.7245,-3183.17307,2020-03-25 16:29:41.970,382228133.02816284,136082370.32479215,21995413.86115495,148605468935.54684,12441638991.711504,5392546672.4367,58933.68729131943
46,2020,3,25,16,44,41.97,-13488438.723,-22909321.735000003,238898.548,1845.0761499999999,-1112.27465,-3215.29808,2020-03-25 16:44:41.970,381933603.52135485,136828668.39033478,22342697.222451784,148603464455.6407,12466236856.927258,5403210105.01508,58933.6977079861
46,2020,3,25,16,59,41.97,-11716881.476,-23710919.724,-2648635.81,2086.10462,-666.45121,-3192.24674,2020-03-25 16:59:41.970,381637238.8106434,137574298.52524418,22689872.381907046,148601455145.58908,12490834310.718817,5413873361.458828,58933.70812465277
46,2020,3,25,17,14,41.97,-9744155.208,-24105404.566,-5490679.347999999,2291.47042,-208.87069,-3114.33933,2020-03-25 17:14:41.970,381339040.2267007,138319257.04005465,23036937.63258476,148599441005.51605,12515431352.24943,5424536441.4039,58933.71854131943
46,2020,3,25,17,29,41.97,-7604012.931,-24085710.544,-8238358.565,2457.5976800000003,252.62827,-2982.83598,2020-03-25 17:29:41.970,381039009.1081606,139063540.2478004,23383891.267830957,148597422035.54608,12540027980.682402,5435199344.486272,58933.7289579861
46,2020,3,25,17,44,41.97,-5333131.881,-23651876.982,-10844351.473000001,2581.57389,710.11779,-2799.92028,2020-03-25 17:44:41.970,380737146.80161494,139807144.4640265,23730731.581279147,148595398235.80353,12564624195.1811,5445862070.341934,58933.73937465277
46,2020,3,25,17,59,41.97,-2970491.492,-22811067.581,-13263705.294,2661.20356,1155.71657,-2568.66682,2020-03-25 17:59:41.970,380433454.6616107,140550066.00680232,24077456.866855916,148593369606.41336,12589219994.908924,5456524618.606898,58933.74979131943
46,2020,3,25,18,14,41.97,-556708.296,-21577467.047,-15454617.797999999,2695.0501299999996,1581.72633,-2292.99289,2020-03-25 18:14:41.970,380127934.0506467,141292301.19673246,24424065.418786418,148591336147.5006,12613815379.029377,5467186988.917181,58933.7602079861
46,2020,3,25,18,29,41.97,1866661.1539999999,-19972055.563,-17379168.290000003,2682.4649200000003,1980.7664599999998,-1977.5950200000002,2020-03-25 18:29:41.970,379820586.33916897,142033846.35697007,24770555.53160003,148589297859.1905,12638410346.705984,5477849180.908825,58933.77062465277
46,2020,3,25,18,44,41.97,4257837.369,-18022263.825000003,-19003984.902,2623.60261,2345.9043300000003,-1627.8710800000001,2020-03-25 18:44:41.970,379511412.9055688,142774697.81322804,25116925.50013576,148587254741.60867,12663004897.102335,5488511194.217883,58933.78104131943
46,2020,3,25,18,59,41.97,6575542.567000001,-15761513.625,-20300835.774,2519.42245,2670.77893,-1249.82923,2020-03-25 18:59:41.970,379200415.1361783,143514851.8937918,25463173.61954787,148585206794.8809,12687599029.38209,5499173028.48042,58933.7914579861
46,2020,3,25,19,14,41.97,8779719.995,-13228651.095999999,-21247132.89,2371.6751999999997,2949.7153900000003,-849.9851600000001,2020-03-25 19:14:41.970,378887594.42526656,144254304.92953056,25809298.185311403,148583154019.13336,12712192742.70897,5509834683.332528,58933.80187465277
46,2020,3,25,19,29,41.97,10832235.027,-10467281.862,-21826338.803999998,2182.87574,3177.82806,-435.24937,2020-03-25 19:29:41.970,378572952.1750373,144993053.253911,26155297.4932277,148581096414.4923,12736786036.246729,5520496158.410302,58933.81229131943
46,2020,3,25,19,44,41.97,12697545.222000001,-7525019.288000001,-22028268.104,1956.26156,3351.11022,-12.80632,2020-03-25 19:44:41.970,378256489.79562443,145731093.20300782,26501169.839429956,148579033981.08438,12761378909.159208,5531157453.349864,58933.8227079861
46,2020,3,25,19,59,41.97,14343326.982,-4452658.808,-21849277.394,1695.73791,3466.50834,410.01212,2020-03-25 19:59:41.970,377938208.7050888,146468421.11551648,26846913.520388726,148576966719.03625,12785971360.610308,5541818567.787344,58933.83312465277
46,2020,3,25,20,14,41.97,15741047.06,-1303292.876,-21292339.533,1405.81033,3521.97953,825.85688,2020-03-25 20:14:41.970,377618110.3294142,147205033.3327653,27192526.832917493,148574894628.47522,12810563389.763968,5552479501.3588915,58933.84354131943
46,2020,3,25,20,29,41.97,16866468.143,1868617.585,-20367000.103,1091.50576,3516.5306,1227.49281,2020-03-25 20:29:41.970,377296196.10250497,147940926.19872782,27538008.074178226,148572817709.5283,12835154995.78419,5563140253.700673,58933.8539579861
46,2020,3,25,20,44,41.97,17700078.814,5008198.385,-19089216.249,758.28369,3450.23803,1607.92849,2020-03-25 20:44:41.970,376972467.46618044,148676096.06003433,27883355.541686773,148570735962.3234,12859746177.835066,5573800824.448871,58933.86437465277
46,2020,3,25,20,59,41.97,18227439.645999998,8061126.335,-17481080.399,411.9389,3324.24818,1960.54188,2020-03-25 20:59:41.970,376646925.8701737,149410539.2659843,28228567.533318643,148568649386.9881,12884336935.0807,5584461213.239681,58933.87479131943
46,2020,3,25,21,14,41.97,18439438.689999998,10974584.723,-15570433.597,58.49774,3140.75748,2279.1994999999997,2020-03-25 21:14:41.970,376319572.77212596,150144252.16855857,28573642.34731425,148566557983.65067,12908927266.685297,5595121419.709326,58933.8852079861
46,2020,3,25,21,29,41.97,18332451.441,13698192.158,-13390375.435,-295.89011999999997,2902.97314,2558.3666599999997,2020-03-25 21:29:41.970,375990409.63758415,150877231.12243098,28918578.282284647,148564461752.43933,12933517171.813114,5605781443.494024,58933.89562465277
46,2020,3,25,21,44,41.97,17908402.182,16184887.414,-10978679.651,-645.06222,2615.05487,2793.20653,2020-03-25 21:44:41.970,375659437.93999654,151609472.48498097,29263373.637216963,148562360693.48264,12958106649.628454,5616441284.230031,58933.90604131943
46,2020,3,25,21,59,41.97,17174725.636,18391753.737999998,-8377126.384,-982.95392,2282.0388399999997,2979.6659499999996,2020-03-25 21:59:41.970,375326659.16070956,152340972.61630535,29608026.71147993,148560254806.90958,12982695699.295696,5627100941.553612,58933.9164579861
46,2020,3,25,22,14,41.97,16144229.847000001,20280767.341,-5630763.739,-1303.7069299999998,1909.74551,3114.54643,2020-03-25 22:14:41.970,374992074.78896415,153071727.87923023,29952535.804829463,148558144092.84894,13007284319.979269,5637760415.101046,58933.92687465277
46,2020,3,25,22,29,41.97,14834863.194,21819456.358,-2787112.7369999997,-1601.7734699999999,1504.67322,3195.5588000000002,2020-03-25 22:29:41.970,374655686.3218916,153801734.63932344,30296899.21741408,148556028551.43045,13031872510.843666,5648419704.508629,58933.93729131943
46,2020,3,25,22,44,41.97,13269390.394,22981458.467,104669.273,-1872.0140000000001,1073.8798000000002,3221.36071,2020-03-25 22:44:41.970,374317495.2645104,154530989.26490626,30641115.24978057,148553908182.78345,13056460271.05345,5659078809.41268,58933.9477079861
46,2020,3,25,22,59,41.97,11474984.109000001,23746967.542,2994650.9409999996,-2109.78676,624.85479,3191.5762999999997,2020-03-25 22:59:41.970,373977503.12972265,155259488.12706542,30985182.202879354,148551782987.03775,13081047599.773228,5669737729.44953,58933.95812465277
46,2020,3,25,23,14,41.97,9482740.374000002,24103062.022,5832998.892,-2311.02726,165.38485,3106.79797,2020-03-25 23:14:41.970,373635711.43830913,155987227.59966552,31329098.37807013,148549652964.32352,13105634496.167686,5680396464.2555275,58933.96854131943
46,2020,3,25,23,29,41.97,7327127.439,24043910.178999998,8570843.347,-2472.31654,-296.58477999999997,2968.57057,2020-03-25 23:29:41.970,373292121.7189273,156714204.05936083,31672862.07712729,148547518114.77106,13130220959.40156,5691055013.467039,58933.9789579861
46,2020,3,25,23,44,41.97,5045378.711,23570849.929,11161121.82,-2590.9369899999997,-753.0900499999999,2779.35862,2020-03-25 23:44:41.970,372946735.5081062,157440413.8856071,32016471.602245532,148545378438.511,13154806988.639662,5701713376.7204485,58933.98937465277
46,2020,3,25,23,59,41.97,2676841.317,22692343.294999998,13559386.091,-2664.91506,-1196.28646,2542.49773,2020-03-25 23:59:41.970,372599554.3502435,158165853.46067387,32359925.2560453,148543233935.6742,13179392583.04685,5712371553.652156,58933.99979131943
46,2020,3,26,0,14,41.97,262292.176,21423808.731000002,15724559.579,-2693.05026,-1618.58342,2262.13119,2020-03-26 00:14:41.970,372250579.7976014,158890519.16965637,32703221.34157833,148541084606.39154,13203977741.788054,5723029543.89858,58934.0102079861
46,2020,3,26,0,29,41.97,-2156765.1139999996,19787331.275000002,17619627.552,-2674.93101,-2012.77256,1943.13421,2020-03-26 00:29:41.970,371899813.41030264,159614407.40048733,33046358.162333157,148538930450.79474,13228562464.028261,5733687347.096156,58934.02062465277
46,2020,3,26,0,44,41.97,-4538813.056,17811268.520000003,19212262.202999998,-2610.93583,-2372.1475,1591.02563,2020-03-26 00:44:41.970,371547256.75632775,160337514.5439496,33389334.02224063,148536771469.01514,13253146748.932526,5744344962.881336,58934.03104131943
46,2020,3,26,0,59,41.97,-6843026.5540000005,15529745.478999998,20475355.495,-2502.22236,-2690.61384,1211.8711799999999,2020-03-26 00:59:41.970,371192911.4115097,161059836.9936873,33732147.225679405,148534607661.18445,13277730595.66597,5755002390.890597,58934.0414579861
46,2020,3,26,1,14,41.97,-9029964.424,12982059.354999999,21387465.575,-2350.7033,-2962.78761,812.17861,2020-03-26 01:14:41.970,370836778.9595309,161781371.14621833,34074796.077481516,148532439027.43494,13302314003.393766,5765659630.76042,58934.05187465277
46,2020,3,26,1,29,41.97,-11062233.619,10212000.587000001,21933165.08,-2159.01043,-3184.08101,398.78688,2020-03-26 01:29:41.970,370478860.99192005,162502113.40094617,34417278.88293774,148530265567.899,13326896971.281157,5776316682.127314,58934.06229131943
46,2020,3,26,1,44,41.97,-12905116.071,7267102.769,22103287.828,-1930.44766,-3350.77455,-21.248630000000002,2020-03-26 01:44:41.970,370119159.10804725,163222060.160172,34759593.94780326,148528087282.709,13351479498.49345,5786973544.627806,58934.0727079861
46,2020,3,26,1,59,41.97,-14527148.597,4197834.069,21895070.989,-1668.93384,-3460.07486,-440.77326999999997,2020-03-26 01:59:41.970,369757674.91512007,163941207.82910666,35101739.57830309,148525904171.99805,13376061584.19601,5797630217.898433,58934.08312465277
46,2020,3,26,2,14,41.97,-15900647.15,1056743.305,21312191.395999998,-1378.93643,-3510.15751,-852.6509199999999,2020-03-26 02:14:41.970,369394410.02818066,164659552.81588235,35443714.081137575,148523716235.89896,13400643227.554274,5808286701.575762,58934.09354131943
46,2020,3,26,2,29,41.97,-17002167.651,-2102425.71,20364696.138,-1065.3970800000002,-3500.19471,-1249.88089,2020-03-26 02:29:41.970,369029366.0701012,165377091.53156468,35785515.763487935,148521523474.54535,13425224427.733734,5818942995.296364,58934.1039579861
46,2020,3,26,2,44,41.97,-17812896.548,-5225637.727,19068828.987,-733.6501,-3430.3673400000002,-1625.71223,2020-03-26 02:44:41.970,368662544.6715806,166093820.39016494,36127142.933021694,148519325888.07043,13449805183.899956,5829599098.696835,58934.11437465277
46,2020,3,26,2,59,41.97,-18318965.268,-8259473.511,17446755.626,-389.33502,-3301.86155,-1973.75407,2020-03-26 02:59:41.970,368293947.4711394,166809735.80865142,36468593.89789832,148517123476.6085,13474385495.21856,5840255011.413794,58934.12479131943
46,2020,3,26,3,14,41.97,-18511683.731000002,-11152027.173,15526191.962000001,-38.30437,-3116.84974,-2288.0803699999997,2020-03-26 03:14:41.970,367923576.1151175,167524834.20696196,36809866.966774486,148514916240.2933,13498965360.855238,5850910733.083878,58934.1352079861
46,2020,3,26,3,29,41.97,-18387689.212,-13853779.466,13339941.151,313.47201,-2878.4561599999997,-2563.32781,2020-03-26 03:29:41.970,367551432.257669,168239112.00801575,37150960.448809855,148512704179.2593,13523544779.975746,5861566263.343733,58934.14562465277
46,2020,3,26,3,44,41.97,-17949007.926999997,-16318433.352,10925346.251,660.0049700000001,-2590.70756,-2794.7851899999996,2020-03-26 03:44:41.970,367177517.56075835,168952565.63772482,37491872.653672256,148510487293.64105,13548123751.745897,5872221601.830027,58934.15604131943
46,2020,3,26,3,59,41.97,-17203027.951,-18503698.536,8323666.662,995.3848899999999,-2258.4692400000004,-2978.4731199999997,2020-03-26 03:59:41.970,366801833.69415736,169665191.52500638,37832601.89154349,148508265583.57346,13572702275.331581,5882876748.179452,58934.1664579861
46,2020,3,26,4,14,41.97,-16162383.312,-20372012.185,5579387.757999999,1313.8799800000002,-1887.3673099999999,-3111.21259,2020-03-26 04:14:41.970,366424382.33544034,170376986.10179478,38173146.473124675,148506039049.19135,13597280349.898745,5893531702.028711,58934.17687465277
46,2020,3,26,4,29,41.97,-14844750.419,-21891183.79,2739474.241,1610.03253,-1483.69802,-3190.68129,2020-03-26 04:29:41.970,366045165.1699804,171087945.80305305,38513504.709641665,148503807690.63046,13621857974.613398,5904186463.01454,58934.18729131943
46,2020,3,26,4,44,41.97,-13272559.354,-23034953.041,-147421.17099999997,1878.7516,-1054.32535,-3215.4563500000004,2020-03-26 04:44:41.970,365664183.8909461,171798067.0667851,38853674.912850656,148501571508.02603,13646435148.641628,5914841030.773672,58934.1977079861
46,2020,3,26,4,59,41.97,-11472623.936,-23783450.740000002,-3031781.176,2115.40057,-606.56821,-3185.04282,2020-03-26 04:59:41.970,365281440.1992958,172507346.33404738,39193655.39504364,148499330501.51404,13671011871.14957,5925495404.942877,58934.20812465277
46,2020,3,26,5,14,41.97,-9475695.866,-24123554.092,-5864066.106000001,2315.87806,-148.07881,-3099.88685,2020-03-26 05:14:41.970,364896935.8037758,173215780.04896122,39533444.46905389,148497084671.23062,13695588141.303444,5936149585.158933,58934.21854131943
46,2020,3,26,5,29,41.97,-7315949.632,-24049129.325000003,-8595560.987000002,2476.69062,313.28579,-2961.37321,2020-03-26 05:29:41.970,364510672.42091495,173923364.65872395,39873040.448261425,148494834017.31198,13720163958.269514,5946803571.058644,58934.2289579861
46,2020,3,26,5,44,41.97,-5030406.177,-23561156.292,-11179213.134,2595.01591,769.59712,-2771.80666,2020-03-26 05:44:41.970,364122651.7750208,174630096.61362153,40212441.646598555,148492578539.89474,13744739321.214134,5957457362.278832,58934.23937465277
46,2020,3,26,5,59,41.97,-2658304.532,-22667731.674,-13570445.813000001,2668.75492,1212.99126,-2534.37746,2020-03-26 05:59:41.970,363732875.59817576,175335972.36704022,40551646.378555305,148490318239.11575,13769314229.303717,5968110958.456334,58934.24979131943
46,2020,3,26,6,14,41.97,-240431.762,-21383949.444999997,-15727933.654000001,2696.57223,1635.8051899999998,-2253.11094,2020-03-26 06:14:41.970,363341345.63023347,176040988.3754779,40890652.959184855,148488053115.11206,13793888681.704721,5978764359.228008,58934.2602079861
46,2020,3,26,6,29,41.97,2181577.549,-19731659.415999997,-17614325.884999998,2677.9233,2030.71102,-1932.80207,2020-03-26 06:29:41.970,362948063.6188138,176745141.09855685,41229459.70410921,148485783168.02097,13818462677.58371,5989417564.230739,58934.27062465277
46,2020,3,26,6,44,41.97,4565960.227,-17739106.895,-19196904.151,2613.06803,2390.84551,-1578.93573,2020-03-26 06:44:41.970,362553031.3193,177448426.99903473,41568064.92952448,148483508397.98013,13843036216.107275,6000070573.101417,58934.28104131943
46,2020,3,26,6,59,41.97,6871549.327,-15440458.721,-20448162.65,2503.0701799999997,2709.9326499999997,-1197.59403,2020-03-26 06:59:41.970,362156250.49483347,178150842.5428171,41906466.9522064,148481228805.12726,13867609296.442106,6010723385.476965,58934.2914579861
46,2020,3,26,7,14,41.97,9058491.947,-12875223.075,-21346299.533,2349.78237,2982.39675,-795.35208,2020-03-26 07:14:41.970,361757722.91631055,178852384.19896865,42244664.08951587,148478944389.60062,13892181917.754934,6021376000.994315,58934.30187465277
46,2020,3,26,7,29,41.97,11088947.112,-10087572.581,-21875609.985,2155.8168800000003,3203.4638800000002,-379.16404,2020-03-26 07:29:41.970,361357450.3623776,179553048.43972576,42582654.659404464,148476655151.53824,13916754079.212578,6032028419.290423,58934.31229131943
46,2020,3,26,7,44,41.97,12927750.984000001,-7125582.140000001,-22026773.127,1924.50228,3369.2496300000003,43.75856,2020-03-26 07:44:41.970,360955434.619428,180252831.74050763,42920436.98041969,148474361091.07898,13941325779.981907,6042680640.002268,58934.3227079861
46,2020,3,26,7,59,41.97,14543037.06,-4040394.6890000002,-21797026.725,1659.8269,3476.8312,466.07401,2020-03-26 07:59:41.970,360551677.48159677,180951730.5799288,43258009.371710755,148472062208.36157,13965897019.229874,6053332662.766849,58934.33312465277
46,2020,3,26,8,14,41.97,15906799.777,-885329.6309999999,-21190225.786,1366.3698,3524.30246,880.44091,2020-03-26 08:14:41.970,360146180.7507574,181649741.43981,43595370.153033845,148469758503.52496,13990467796.123487,6063984487.221179,58934.34354131943
46,2020,3,26,8,29,41.97,16995390.814999998,2285050.06,-20216783.264000002,1049.22045,3510.8105699999996,1279.6492500000002,2020-03-26 08:29:41.970,359738946.2365181,182346860.8051909,43932517.64475763,148467449976.70847,14015038109.82983,6074636113.002288,58934.3539579861
46,2020,3,26,8,44,41.97,17789938.642,5415895.088,-18893493.358,713.8887000000001,3436.57335,1656.74974,2020-03-26 08:44:41.970,359329975.75621575,183043085.1643417,44269450.16786878,148465136628.05176,14039607959.516056,6085287539.747243,58934.36437465277
46,2020,3,26,8,59,41.97,18276683.182,8453033.810999999,-17243240.199,366.20656,3302.8768099999998,2005.1788300000003,2020-03-26 08:59:41.970,358919271.1349136,183738411.00877458,44606166.04397738,148462818457.69467,14064177344.349377,6095938767.093109,58934.37479131943
46,2020,3,26,9,14,41.97,18447219.156999998,11343925.058,-15294596.965,12.223740000000001,3112.05285,2318.87673,2020-03-26 09:14:41.970,358506834.2053967,184432834.83325568,44942663.595322445,148460495465.77704,14088746263.497084,6106589794.676991,58934.3852079861
46,2020,3,26,9,29,41.97,18298643.349999998,14038582.017,-13081322.685999999,-341.90101,2867.43734,2592.39635,2020-03-26 09:29:41.970,358092666.8081671,185126353.1358172,45278941.14477734,148458167652.4394,14113314716.126514,6117240622.136,58934.39562465277
46,2020,3,26,9,44,41.97,17833603.013,16490449.893000001,-10641766.084,-690.01058,2573.30949,2821.00066,2020-03-26 09:44:41.970,357676770.7914405,185818962.41776848,45614997.015855305,148455835017.8223,14137882701.405115,6127891249.107271,58934.40604131943
46,2020,3,26,9,59,41.97,17060244.555,18657220.969,-8018187.654,-1026.06,2234.81363,3000.74663,2020-03-26 09:59:41.970,357259148.0111408,186510659.18370873,45950829.532714866,148453497562.06647,14162450218.500378,6138541675.227972,58934.4164579861
46,2020,3,26,10,14,41.97,15992063.718,20501571.96,-5256012.866,-1344.22454,1857.86503,3128.55415,2020-03-26 10:14:41.970,356839800.3308983,187201439.94153792,46286437.0201653,148451155285.3129,14187017266.579845,6149191900.135265,58934.42687465277
46,2020,3,26,10,29,41.97,14647660.386,21991810.191,-2403030.682,-1639.00313,1449.04181,3202.25845,2020-03-26 10:29:41.970,356418729.6220423,187891301.20246917,46621817.80367214,148448808187.70294,14211583844.811169,6159841923.466359,58934.43729131943
46,2020,3,26,10,44,41.97,13050403.14,23102417.066000003,491447.386,-1905.31521,1015.4652399999999,3220.64523,2020-03-26 10:44:41.970,355995937.7635996,188580239.48104,46956970.20936257,148446456269.37823,14236149952.362034,6170491744.858468,58934.4477079861
46,2020,3,26,10,59,41.97,11228010.37,23814479.477,3377451.834,-2138.58903,564.6708299999999,3183.46799,2020-03-26 10:59:41.970,355571426.64228874,189268251.29512462,47291892.56403092,148444099530.48038,14260715588.400213,6181141363.948836,58934.45812465277
46,2020,3,26,11,14,41.97,9212056.366,24116002.180999998,6205227.251,-2334.83977,104.47317000000001,3091.4474,2020-03-26 11:14:41.970,355145198.1525163,189955333.16594535,47626583.19514422,148441737971.15164,14285280752.09356,6191790780.374721,58934.46854131943
46,2020,3,26,11,29,41.97,7037412.142,24002096.633,8926095.93,-2490.7363,-357.17296999999996,2946.2532499999998,2020-03-26 11:29:41.970,354717254.19637275,190641481.61808446,47961040.43084745,148439371591.53412,14309845442.609968,6202439993.773404,58934.4789579861
46,2020,3,26,11,44,41.97,4741631.798,23475044.243,11493297.552,-2603.65528,-812.31235,2750.46944,2020-03-26 11:44:41.970,354287596.6836273,191326693.1794959,48295262.599969134,148437000391.77048,14334409659.11742,6213089003.782188,58934.48937465277
46,2020,3,26,11,59,41.97,2364296.034,22544234.482,13862790.25,-2671.72219,-1253.12722,2507.54338,2020-03-26 11:59:41.970,353856227.5317255,192010964.38151705,48629248.03202681,148434624372.00333,14358973400.783974,6223737810.038396,58934.49979131943
46,2020,3,26,12,14,41.97,-53675.099,21225980.56,15993999.487,-2693.83864,-1672.07105,2221.72088,2020-03-26 12:14:41.970,353423148.66578275,192694291.7588805,48962995.05723245,148432243532.37595,14383536666.777754,6234386412.179371,58934.5102079861
46,2020,3,26,12,29,41.97,-2470727.879,19543217.53,17850502.487999998,-2669.696,-2061.99571,1897.9683,2020-03-26 12:29:41.970,352988362.0185815,193376671.8497256,49296502.006497845,148429857873.0315,14408099456.266937,6245034809.842478,58934.52062465277
46,2020,3,26,12,44,41.97,-4845386.7469999995,17525089.599,19400637.439999998,-2599.77548,-2416.2702,1541.88355,2020-03-26 12:44:41.970,352551869.53056675,194058101.1956106,49629767.21144015,148427467394.11337,14432661768.4198,6255683002.665108,58934.53104131943
46,2020,3,26,12,59,41.97,-7136960.248000001,15206435.095,20618028.279,-2485.33508,-2728.88907,1159.5977500000001,2020-03-26 12:59:41.970,352113673.1498409,194738576.3415237,49962789.00438733,148425072095.76562,14457223602.40466,6266330990.284664,58934.5414579861
46,2020,3,26,13,14,41.97,-9306229.533,12627178.944,21482017.508,-2328.38398,-2994.5693,757.6695599999999,2020-03-26 13:14:41.970,351673774.8321605,195418093.8358957,50295565.718383566,148422671978.132,14481784957.38994,6276978772.338581,58934.55187465277
46,2020,3,26,13,29,41.97,-11316108.410999998,9831643.702,21978001.165999997,-2131.6450800000002,-3208.8343,342.97368,2020-03-26 13:29:41.970,351232176.54093117,196096650.23061055,50628095.68719466,148420267041.3569,14506345832.544106,6287626348.464306,58934.56229131943
46,2020,3,26,13,44,41.97,-13132264.715,6867791.095,22097661.675,-1898.50659,-3368.08413,-77.41428,2020-03-26 13:44:41.970,350788880.24720395,196774242.08101812,50960377.24531371,148417857285.58484,14530906227.03571,6298273718.2993145,58934.5727079861
46,2020,3,26,13,59,41.97,-14723693.524,3786406.784,21839095.904999997,-1632.96364,-3469.65139,-496.33524,2020-03-26 13:59:41.970,350343887.9296704,197450865.94594538,51292408.72796619,148415442710.96054,14555466140.033361,6308920881.481097,58934.58312465277
46,2020,3,26,14,14,41.97,-16063233.652,640241.581,21206837.304,-1339.55081,-3511.84203,-906.66436,2020-03-26 14:14:41.970,349897201.5746581,198126518.38770795,51624188.47111571,148413023317.6291,14580025570.705763,6319567837.647177,58934.59354131943
46,2020,3,26,14,29,41.97,-17128019.755000003,-2516877.256,20211772.441,-1023.26665,-3493.96096,-1301.42769,2020-03-26 14:29:41.970,349448823.1761267,198801195.9721225,51955714.81146935,148410599105.73553,14604584518.221668,6330214586.435082,58934.6039579861
46,2020,3,26,14,44,41.97,-17899863.333,-5630950.756999999,18870953.704,-689.49134,-3416.32208,-1673.9160399999998,2020-03-26 14:44:41.970,348998754.73566425,199474895.2685175,52286986.08648305,148408170075.4257,14629142981.749926,6340861127.482381,58934.61437465277
46,2020,3,26,14,59,41.97,-18365556.917000003,-8648715.032,17207311.301000003,-343.89856000000003,-3280.2427700000003,-2017.7946100000001,2020-03-26 14:59:41.970,348546998.2624808,200147612.8497454,52618000.63436708,148405736226.8451,14653700960.459429,6351507460.426647,58934.62479131943
46,2020,3,26,15,14,41.97,-18517096.781,-11518536.082,15249269.031,7.63727,-3088.0228500000003,-2327.20698,2020-03-26 15:14:41.970,348093555.77340573,200819345.29219443,52948756.79409164,148403297560.13986,14678258453.51916,6362153584.905495,58934.6352079861
46,2020,3,26,15,29,41.97,-18351820.56,-14191278.775999999,13030269.629,359.13711,-2842.9082000000003,-2596.8718599999997,2020-03-26 15:29:41.970,347638429.2928833,201490089.17580017,53279252.905392,148400854075.45605,14702815460.098177,6372799500.556542,58934.64562465277
46,2020,3,26,15,44,41.97,-17872457.356,-16621136.316,10588216.752,704.61544,-2549.0394699999997,-2822.17129,2020-03-26 15:44:41.970,347181620.85296726,202159841.08405697,53609487.30877417,148398405772.94034,14727371979.365604,6383445207.01744,58934.65604131943
46,2020,3,26,15,59,41.97,-17087089.058000002,-18766406.974000003,7964841.95,1038.17915,-2211.3862700000004,-2999.22893,2020-03-26 15:59:41.970,346723132.4933169,202828597.6040301,53939458.345520385,148395952652.73932,14751928010.490643,6394090703.925855,58934.6664579861
46,2020,3,26,16,14,41.97,-16009022.902,-20590205.397,5205006.161,1354.12568,-1835.66769,-3124.9771100000003,2020-03-26 16:14:41.970,346262966.26119304,203496355.32636675,54269164.3576942,148393494715.00006,14776483552.642555,6404735990.919487,58934.67687465277
46,2020,3,26,16,29,41.97,-14656576.61,-22061096.549000002,2355946.418,1647.03891,-1428.2600599999998,-3197.21128,2020-03-26 16:29:41.970,345801124.21145326,204163110.8453083,54598603.68814635,148391031959.8698,14801038604.990694,6415381067.636045,58934.68729131943
46,2020,3,26,16,44,41.97,-13052778.785,-23153641.3,-533520.5,1911.88127,-996.09309,-3214.6310599999997,2020-03-26 16:44:41.970,345337608.4065472,204828860.75870165,54927774.68051994,148388564387.496,14825593166.704477,6426025933.713267,58934.6977079861
46,2020,3,26,16,59,41.97,-11224988.694,-23848843.841000002,-3413824.802,2144.08059,-546.53579,-3176.86665,2020-03-26 16:59:41.970,344872420.91651237,205493601.6680108,55256675.67925589,148386091998.0264,14850147236.953392,6436670588.788914,58934.70812465277
46,2020,3,26,17,14,41.97,-9204440.877999999,-24134492.470000003,-6235487.3889999995,2339.60999,-87.2739,-3084.48994,2020-03-26 17:14:41.970,344405563.8189697,206157330.17832893,55585305.02959848,148383614791.60883,14874700814.907011,6447315032.500771,58934.71854131943
46,2020,3,26,17,29,41.97,-7025721.494,-24005386.898000002,-8949966.505,2495.05946,373.81940000000003,-2939.0099,2020-03-26 17:29:41.970,343937039.1991194,206820042.8983897,55913661.07760067,148381132768.39166,14899253899.73497,6457959264.486644,58934.7289579861
46,2020,3,26,17,44,41.97,-4726184.517,-23463446.987999998,-11510492.995000001,2607.69772,828.81731,-2742.8518799999997,2020-03-26 17:44:41.970,343466849.1497354,207481736.44057855,56241742.170129634,148378645928.52332,14923806490.60699,6468603284.384357,58934.73937465277
46,2020,3,26,17,59,41.97,-2345317.204,-22517699.805,-13872879.7,2675.52293,1269.87562,-2499.32087,2020-03-26 17:59:41.970,342994995.77116257,208142407.42094523,56569546.654872075,148376154272.15234,14948358586.692846,6479247091.831764,58934.74979131943
46,2020,3,26,18,14,41.97,75934.746,-21184143.914,-15996290.707,2697.30129,1689.36888,-2212.54907,2020-03-26 18:14:41.970,342521481.1713103,208802052.45921457,56897072.88033977,148373657799.4281,14972910187.162418,6489890686.466739,58934.7602079861
46,2020,3,26,18,29,41.97,2495870.935,-19485492.049,-17843956.597,2672.59261,2080.0241100000003,-1887.42849,2020-03-26 18:29:41.970,342046307.4656496,209460668.1787985,57224319.19587491,148371156510.4993,14997461291.185627,6500534067.927179,58934.77062465277
46,2020,3,26,18,44,41.97,4872756.833000001,-17450795.482,-19383822.574,2601.7620300000003,2435.0495699999997,-1529.5293700000002,2020-03-26 18:44:41.970,341569476.7772073,210118251.20680782,57551283.95165561,148368650405.51572,15022011897.932495,6511177235.851009,58934.78104131943
46,2020,3,26,18,59,41.97,7165548.550000001,-15114955.636,-20589117.348,2485.97756,2748.25617,-1145.00586,2020-03-26 18:59:41.970,341090991.2365633,210774798.1740633,57877965.498701304,148366139484.62683,15046562006.573116,6521820189.876166,58934.7914579861
46,2020,3,26,19,14,41.97,9334608.912,-12518130.636,-21438831.91,2327.19321,3014.1691100000003,-740.4904399999999,2020-03-26 19:14:41.970,340610852.98184353,211430305.71510786,58204362.18887809,148363623747.98267,15071111616.277641,6532462929.640618,58934.80187465277
46,2020,3,26,19,29,41.97,11342401.917,-9705046.582999999,-21918098.849999998,2128.11787,3228.1276399999997,-322.97875999999997,2020-03-26 19:29:41.970,340129064.1587178,212084770.4682176,58530472.37490433,148361103195.7335,15095660726.216309,6543105454.78236,58934.81229131943
46,2020,3,26,19,44,41.97,13154152.871,-6724225.205,-22018464.569,1892.17026,3386.3708199999996,100.29285,2020-03-26 19:44:41.970,339645626.9203937,212738189.075414,58856294.41035595,148358577828.02957,15120209335.559444,6553747764.9394,58934.8227079861
46,2020,3,26,19,59,41.97,14738461.952,-3627141.33,-21738048.676,1623.42061,3486.1074099999996,521.9752,2020-03-26 19:59:41.970,339160543.42761314,213390558.18247527,59181826.64967188,148356047645.02167,15144757443.477417,6564389859.749777,58934.83312465277
46,2020,3,26,20,14,41.97,16067859.707,-467325.07800000004,-21081586.903,1326.5201,3525.56859,934.7368700000001,2020-03-26 20:14:41.970,338673815.84864646,214041874.4389477,59507067.44815954,148353512646.8607,15169305049.14071,6575031738.85155,58934.84354131943
46,2020,3,26,20,29,41.97,17119293.941,2700575.0779999997,-20060356.084,1006.61924,3504.04205,1331.39524,2020-03-26 20:29:41.970,338185446.35928947,214692134.49815756,59832015.162000164,148350972833.6978,15193852151.719864,6585673401.88281,58934.8539579861
46,2020,3,26,20,44,41.97,17874538.694,5821751.298,-18691981.976,669.27656,3421.88676,1705.0453699999998,2020-03-26 20:44:41.970,337695437.14285785,215341335.01722252,60156668.148254305,148348428205.6844,15218398750.38548,6596314848.481657,58934.86437465277
46,2020,3,26,20,59,41.97,18320517.401,8842199.753,-17000133.009,320.35954,3280.52794,2049.18421,2020-03-26 20:59:41.970,337203790.3901823,215989472.65706348,60481024.76486731,148345878762.9721,15242944844.308268,6606956078.286226,58934.87479131943
46,2020,3,26,21,14,41.97,18449533.987999998,11709670.496000001,-15014105.331,-34.06057,3082.4321,2357.82755,2020-03-26 21:14:41.970,336710508.2996049,216636544.08241582,60805083.370674565,148343324505.71283,15267490432.658993,6617597090.934679,58934.8852079861
46,2020,3,26,21,29,41.97,18259407.414,14374586.092,-12768306.662,-387.81777,2831.06266,2625.6175399999997,2020-03-26 21:29:41.970,336215593.07697403,217282545.96184126,61128842.325407095,148340765434.05884,15292035514.608501,6628237886.0651865,58934.89562465277
46,2020,3,26,21,44,41.97,17753507.114,16790911.838,-10301648.579999998,-734.7621600000001,2530.81693,2847.91833,2020-03-26 21:44:41.970,335719046.93563956,217927474.96773925,61452299.98969688,148338201548.1623,15316580089.327713,6638878463.315956,58934.90604131943
46,2020,3,26,21,59,41.97,16940688.761,18916961.331,-7656858.665,-1068.87025,2186.9457300000004,3020.89821,2020-03-26 21:59:41.970,335220872.0964484,218571327.77635857,61775454.7250823,148335632848.17593,15341124155.987629,6649518822.325211,58934.9164579861
46,2020,3,26,22,14,41.97,15835131.781,20716122.479000002,-4879725.573,-1384.35255,1805.45727,3141.59629,2020-03-26 22:14:41.970,334721070.7877402,219214101.06780902,62098304.89401362,148333059334.2527,15365667713.75934,6660158962.731213,58934.92687465277
46,2020,3,26,22,29,41.97,14456082.059,22157490.726,-2018291.395,-1675.7563499999999,1393.00744,3207.9727500000004,2020-03-26 22:29:41.970,334219645.2453425,219855791.5260729,62420848.859858334,148330481006.54565,15390210761.81398,6670798884.172231,58934.93729131943
46,2020,3,26,22,44,41.97,12827505.139,23216398.22,877993.385,-1938.0615400000002,956.7787,3218.94162,2020-03-26 22:44:41.970,333716597.71256554,220496395.83901656,62743084.98690657,148327897865.2082,15414753299.322796,6681438586.286568,58934.9477079861
46,2020,3,26,22,59,41.97,10977656.976,23874829.886,3759136.4220000003,-2166.76768,504.35032,3174.38574,2020-03-26 22:59:41.970,333211930.44019866,221135910.6984017,63065011.6403766,148325309910.3939,15439295325.4571,6692078068.712546,58934.95812465277
46,2020,3,26,23,14,41.97,8938580.847,24121719.731000002,6575475.424000001,-2357.9708,43.56244,3075.15378,2020-03-26 23:14:41.970,332705645.68650466,221774332.79989782,63386627.18642016,148322717142.2566,15463836839.388268,6702717331.088524,58934.96854131943
46,2020,3,26,23,29,41.97,6745540.313,23953123.200000003,9278539.522,-2508.4285099999997,-417.62298,2923.03982,2020-03-26 23:29:41.970,332197745.71721554,222411658.84309268,63707929.992127985,148320119560.95038,15488377840.28778,6713356373.052866,58934.9789579861
46,2020,3,26,23,44,41.97,4436399.188,23372263.878999997,11821884.674,-2615.61252,-871.26188,2720.7463399999997,2020-03-26 23:44:41.970,331688232.8055285,223047885.5315043,64028918.42553508,148317517166.62964,15512918327.327171,6723995194.243973,58934.98937465277
46,2020,3,26,23,59,41.97,2050960.1899999997,22389455.270999998,14161888.591,-2677.74784,-1309.56556,2471.8314100000002,2020-03-26 23:59:41.970,331177109.2320999,223683009.57259294,64349590.85562633,148314909959.44904,15537458299.67807,6734633794.300274,58934.99979131943
46,2020,3,27,0,14,41.97,-369725.62299999996,21021901.538,16258492.474000001,-2693.8382500000002,-1725.03366,2180.64182,2020-03-27 00:14:41.970,330664377.2850418,224317027.67777163,64669945.652341634,148312297939.56342,15561997756.512169,6745272172.860212,58935.0102079861
46,2020,3,27,0,29,41.97,-2784065.8619999997,19293377.218000002,18075872.985000003,-2663.67859,-2110.5805100000002,1852.23396,2020-03-27 00:29:41.970,330150039.2599164,224949936.5624188,64989981.186581634,148309681107.1276,15586536697.001257,6755910329.5622635,58935.02062465277
46,2020,3,27,0,44,41.97,-5150639.36,17233805.533,19583045.41,-2587.8523800000003,-2459.65232,1492.28282,2020-03-27 00:44:41.970,329634097.4597321,225581732.9458892,65309695.83021297,148307059462.29718,15611075120.31718,6766548264.044922,58935.03104131943
46,2020,3,27,0,59,41.97,-7428900.088,14878727.336,20754373.324,-2467.7175899999997,-2766.33432,1106.98302,2020-03-27 00:59:41.970,329116554.19493836,226212413.5515256,65629087.95607371,148304433005.2275,15635613025.63189,6777185975.946714,58935.0414579861
46,2020,3,27,1,14,41.97,-9579862.853,12268683.069,21569989.498999998,-2305.3792299999996,-3025.4458799999998,702.9421,2020-03-27 01:14:41.970,328597411.7834204,226841975.1066701,65948155.93797875,148301801736.0746,15660150412.117393,6787823464.906194,58935.05187465277
46,2020,3,27,1,29,41.97,-11566758.992999999,9448514.003,22016117.435,-2103.65049,-3232.62281,287.06846,2020-03-27 01:29:41.970,328076672.5504957,227470414.34267622,66266898.150725245,148299165654.99442,15684687278.945786,6798460730.561924,58935.06229131943
46,2020,3,27,1,44,41.97,-13355652.101,6466595.646,22085290.331,-1866.00294,-3384.38565,-133.54424,2020-03-27 01:44:41.970,327554338.8289089,228097727.99491984,66585312.97009809,148296524762.14328,15709223625.28925,6809097772.552509,58935.0727079861
46,2020,3,27,1,59,41.97,-14916004.416,3374016.0949999997,21776465.026,-1596.50684,-3478.19361,-551.73455,2020-03-27 01:59:41.970,327030412.9588264,228723912.80281088,66903398.77287526,148293879057.67773,15733759450.32004,6819734590.516576,58935.08312465277
46,2020,3,27,2,14,41.97,-16221185.424999999,223712.632,21095029.964,-1299.7625799999998,-3512.48339,-960.39101,2020-03-27 02:14:41.970,326504897.28783244,229348965.509805,67221153.9368332,148291228541.75446,15758294753.210485,6830371184.092767,58935.09354131943
46,2020,3,27,2,29,41.97,-17248915.130000003,-2930419.765,20052707.731,-980.82425,-3486.69272,-1352.5684099999999,2020-03-27 02:29:41.970,325977794.1709235,229972882.86341518,67538576.8407524,148288573214.5306,15782829533.133005,6841007552.919761,58935.1039579861
46,2020,3,27,2,44,41.97,-17981635.407,-6034434.113,18667354.09,-645.11644,-3401.2683300000003,-1721.60125,2020-03-27 02:44:41.970,325449105.9705044,230595661.61522287,67855665.86442253,148285913076.1634,15807363789.26009,6851643696.636261,58935.11437465277
46,2020,3,27,2,59,41.97,-18406803.867,-9035237.306000002,16962656.838999998,-298.34542,-3257.6584300000004,-2061.2126700000003,2020-03-27 02:59:41.970,324918835.056383,231217298.52088964,68172419.38864823,148283248126.8104,15831897520.764315,6862279614.880993,58935.12479131943
46,2020,3,27,3,14,41.97,-18517105.692,-11881482.195,14967739.141,53.5941,-3058.2896,-2365.61754,2020-03-27 03:14:41.970,324386983.80576557,231837790.34016925,68488835.79525417,148280578366.6293,15856430726.818344,6872915307.292703,58935.1352079861
46,2020,3,27,3,29,41.97,-18310579.985,-14524432.000999998,12716673.302,404.7155,-2806.5284300000003,-2629.61816,2020-03-27 03:29:41.970,323853554.6032526,232457133.8369181,68804913.46709067,148277903795.7783,15880963406.59491,6883550773.510174,58935.14562465277
46,2020,3,27,3,44,41.97,-17790658.351999998,-16918783.478,10247912.233,749.03855,-2506.6283,-2848.69126,2020-03-27 03:44:41.970,323318549.8408325,233075325.7791076,69120650.78803906,148275224414.41525,15905495559.266823,6894186013.172209,58935.15604131943
46,2020,3,27,3,59,41.97,-16966114.617,-19023435.625,7603647.101,1080.68832,-2163.66174,-3019.06476,2020-03-27 03:59:41.970,322781971.91787857,233692362.93883562,69436046.14301707,148272540222.69897,15930027184.006983,6904821025.917638,58935.1664579861
46,2020,3,27,4,14,41.97,-15850925.854999999,-20802191.366,4829100.875,1393.9931299999998,-1783.43921,-3137.7832799999996,2020-03-27 04:14:41.970,322243823.2411429,234308242.09233746,69751097.91798434,148269851220.7882,15954558279.988377,6915455811.385317,58935.17687465277
46,2020,3,27,4,29,41.97,-14464046.26,-22224380.375,1971768.581,1683.58004,-1372.41526,-3202.76087,2020-03-27 04:29:41.970,321704106.2247524,234922960.0199979,70065804.49994768,148267157408.84177,15979088846.38406,6926090369.214125,58935.18729131943
46,2020,3,27,4,44,41.97,-12829096.716,-23265392.184,-919383.8369999999,1944.46641,-937.5832899999999,-3212.8201,2020-03-27 04:44:41.970,321162823.29020345,235536513.50636223,70380164.2769666,148264458787.0189,16003618882.367176,6936724699.04297,58935.1977079861
46,2020,3,27,4,59,41.97,-10973974.358,-23907109.952999998,-3794749.3140000002,2172.14588,-486.36021,-3167.7165,2020-03-27 04:59:41.970,320619976.86635745,236148899.3401484,70694175.63815878,148261755355.4791,16028148387.110947,6947358800.510791,58935.20812465277
46,2020,3,27,5,14,41.97,-8930387.791,-24138236.61,-6604924.564,2362.66737,-26.46297,-3068.1475800000003,2020-03-27 05:14:41.970,320075569.38943547,236760114.31425798,71007836.97370528,148259047114.3822,16052677359.788675,6957992673.256543,58935.21854131943
46,2020,3,27,5,29,41.97,-6733324.993,-23954506.774,-9301556.046,2512.7054200000002,434.22148999999996,-2915.7461200000002,2020-03-27 05:29:41.970,319529603.30301446,237370155.2257877,71321146.67485616,148256334063.88794,16077205799.573761,6968626316.919221,58935.2289579861
46,2020,3,27,5,44,41.97,-4420462.238,-23358779.588,-11838172.608000001,2619.6206700000002,887.77045,-2713.05728,2020-03-27 05:44:41.970,318982081.058021,237979018.87604108,71634103.13393581,148253616204.15665,16101733705.639658,6979259731.13783,58935.23937465277
46,2020,3,27,5,59,41.97,-2031523.565,-22361009.623999998,-14170990.348,2681.50911,1326.3617700000002,-2463.4997900000003,2020-03-27 05:59:41.970,318433005.11272746,238586702.07054022,71946704.74434832,148250893535.34875,16126261077.159922,6989892915.551413,58935.24979131943
46,2020,3,27,6,14,41.97,392398.626,-20978095.075,-16259675.454,2697.23903,1742.40984,-2171.3114400000004,2020-03-27 06:14:41.970,317882377.93274695,239193201.6190365,72258949.90058313,148248166057.62488,16150787913.308191,7000525869.79904,58935.2602079861
46,2020,3,27,6,29,41.97,2809550.358,-19233604.632999998,-18068051.249,2666.47478,2128.69877,-1841.47974,2020-03-27 06:29:41.970,317330201.9910285,239798514.3355232,72570836.9982201,148245433771.14597,16175314213.258179,7011158593.519796,58935.27062465277
46,2020,3,27,6,44,41.97,5178238.061,-17157386.686,-19564736.429,2589.68673,2478.51033,-1479.65859,2020-03-27 06:44:41.970,316776479.7678518,240402637.03824586,72882364.43393499,148242696676.0731,16199839976.183683,7021791086.352811,58935.28104131943
46,2020,3,27,6,59,41.97,7457553.091,-14785066.655000001,-20723702.529,2468.14688,2785.74416,-1092.07233,2020-03-27 06:59:41.970,316221213.7508228,241005566.54971436,73193530.60550523,148239954772.56778,16224365201.258596,7032423347.93723,58935.2914579861
46,2020,3,27,7,14,41.97,9608085.859000001,-12157440.461000001,-21524739.939,2303.9101299999998,3045.02803,-685.40874,2020-03-27 07:14:41.970,315664406.4348686,241607299.69671458,73504333.91181497,148237208060.79172,16248889887.65687,7043055377.912222,58935.30187465277
46,2020,3,27,7,29,41.97,11592616.659,-9319774.149,-21953823.319,2099.78131,3251.81578,-266.70283,2020-03-27 07:29:41.970,315106060.3222324,242207833.31031936,73814772.75286065,148234456540.90674,16273414034.552568,7053687175.91699,58935.31229131943
46,2020,3,27,7,44,41.97,13376770.527,-6321021.587,-22003369.047,1859.2683299999999,3402.4710699999996,156.78652000000002,2020-03-27 07:44:41.970,314546177.92246914,242807164.22590056,74124845.52975637,148231700213.07483,16297937641.11981,7064318741.590759,58935.3227079861
46,2020,3,27,7,59,41.97,14929623.973,-3212973.885,-21672379.227,1586.52217,3494.33514,577.70491,2020-03-27 07:59:41.970,313984761.7524402,243405289.28313985,74434550.64473939,148228939077.45862,16322460706.532814,7074950074.572794,58935.33312465277
46,2020,3,27,8,14,41.97,16224252.192,-49355.606999999996,-20966468.895000003,1286.26485,3525.77703,988.73323,2020-03-27 08:14:41.970,313421814.33630836,244002205.32604113,74743886.50117531,148226173134.2206,16346983229.965893,7085581174.502374,58935.34354131943
46,2020,3,27,8,29,41.97,17238206.375,3115115.915,-19897775.276,963.70634,3496.22521,1382.7185200000001,2020-03-27 08:29:41.970,312857338.20553327,244597909.20294118,75052851.50356385,148223402383.52362,16371505210.593409,7096212041.018803,58935.3539579861
46,2020,3,27,8,44,41.97,17953911.969,6225691.024,-18484750.156,624.45226,3406.17976,1752.80243,2020-03-27 08:44:41.970,312291335.8988666,245192397.76652136,75361444.0575441,148220626825.53076,16396026647.589842,7106842673.761422,58935.36437465277
46,2020,3,27,8,59,41.97,18358980.205,9228550.2,-16751838.794,274.40374,3257.20464,2092.54451,2020-03-27 08:59:41.970,311723809.96234643,245785667.87381962,75669662.5698998,148217846460.40543,16420547540.129738,7117473072.3696,58935.37479131943
46,2020,3,27,9,14,41.97,18446426.86,12071750.669,-14729050.997,-80.34825,3051.90021,2396.03809,2020-03-27 09:14:41.970,311154762.94929326,246377716.38624126,75977505.44856496,148215061288.3113,16445067887.387743,7128103236.482724,58935.3852079861
46,2020,3,27,9,29,41.97,18214794.015,14706139.486,-12451432.196,-433.63241000000005,2793.8563400000003,2658.0163,2020-03-27 09:29:41.970,310584197.4203038,246968540.16957104,76284971.10262918,148212271309.4119,16469587688.53857,7138733165.740216,58935.39562465277
46,2020,3,27,9,44,41.97,17668172.509,17086216.007,-9958444.362,-779.30797,2487.5870099999997,2873.94603,2020-03-27 09:44:41.970,310012115.94324785,247558136.09398386,76592057.9423432,148209476523.8716,16494106942.757027,7149362859.781528,58935.40604131943
46,2020,3,27,9,59,41.97,16816124.77,19170927.692,-7293268.4520000005,-1111.3747899999998,2138.44781,3040.10808,2020-03-27 09:59:41.970,309438521.09326184,248146501.03405723,76898764.37912416,148206676931.85452,16518625649.21801,7159992318.246125,58935.4164579861
46,2020,3,27,10,14,41.97,15673509.735,20924384.518,-4502041.616,-1424.08047,1752.53791,3153.6617499999998,2020-03-27 10:14:41.970,308863415.45274395,248733631.86878204,77205088.82556108,148203872533.52536,16543143807.09648,7170621540.773518,58935.42687465277
46,2020,3,27,10,29,41.97,14260213.511,22316479.036000002,-1633043.681,-1712.02237,1336.5887400000001,3212.69279,2020-03-27 10:29:41.970,308286801.61135036,249319525.48157442,77511029.69542038,148201063329.0489,16567661415.567501,7181250527.0032425,58935.43729131943
46,2020,3,27,10,44,41.97,12600791.36,23323401.073000003,1264151.68,-1970.24235,897.84164,3216.24381,2020-03-27 10:44:41.970,307708682.1659888,249904178.76028702,77816585.4036512,148198249318.58994,16592178473.806234,7191879276.574845,58935.4477079861
46,2020,3,27,10,59,41.97,10724028.236,23928038.335,4139545.1329999994,-2194.3127,443.91711,3164.32689,2020-03-27 10:59:41.970,307129059.72081447,250487588.59722048,78121754.36639073,148195430502.3141,16616694980.987904,7202507789.127926,58935.45812465277
46,2020,3,27,11,14,41.97,8662426.697,24120256.577,6943583.131,-2380.4114099999997,-17.32164,3057.91824,2020-03-27 11:14:41.970,306547936.88722533,251069751.8891354,78426535.00097013,148192606880.38657,16641210936.287819,7213136064.3020935,58935.46854131943
46,2020,3,27,11,29,41.97,6451632.212,23897055.471,9628016.719999999,-2525.3857900000003,-477.90799,2898.93556,2020-03-27 11:29:41.970,305965316.2838559,251650665.53726277,78730925.72591904,148189778452.97336,16665726338.881397,7223764101.736993,58935.4789579861
46,2020,3,27,11,44,41.97,4129806.947,23262598.79,12146732.414,-2626.80324,-929.91147,2690.19877,2020-03-27 11:44:41.970,305381200.53657323,252230326.4473168,79034924.96097207,148186945220.24045,16690241187.944122,7234391901.072302,58935.48937465277
46,2020,3,27,11,59,41.97,1736963.781,22228119.945,14456540.719,-2682.98878,-1365.5747600000002,2435.37537,2020-03-27 11:59:41.970,304795592.27847195,252808731.52950525,79338531.1270735,148184107182.35394,16714755482.651562,7245019461.947712,58935.49979131943
46,2020,3,27,12,14,41.97,-685727.255,20811706.174,16517909.042,-2693.04876,-1777.44594,2138.9118,2020-03-27 12:14:41.970,304208494.1498689,253385877.69854182,79641742.64638293,148181264339.48035,16739269222.179394,7255646784.00296,58935.5102079861
46,2020,3,27,12,29,41.97,-3096647.758,19037966.785,18295627.121000003,-2656.88098,-2158.50362,1805.9523399999998,2020-03-27 12:29:41.970,303619908.7982982,253961761.8736568,79944557.9422807,148178416691.7865,16763782405.703346,7266273866.877799,58935.52062465277
46,2020,3,27,12,44,41.97,-5454442.711,16937592.674,19759394.574,-2575.17128,-2502.27305,1442.24749,2020-03-27 12:44:41.970,303029838.8785055,254536380.9786095,80246975.43937348,148175564239.43936,16788295032.399271,7276900710.212017,58935.53104131943
46,2020,3,27,12,59,41.97,-7718723.279,14546815.999,20884321.843999997,-2449.37711,-2802.9316999999996,1054.05341,2020-03-27 12:59:41.970,302438287.0524451,255109731.9416987,80548993.56349945,148172706982.60593,16812807101.44309,7287527313.6454315,58935.5414579861
46,2020,3,27,13,14,41.97,-9850749.197999999,11906780.182,21651337.41,-2281.69871,-3055.4027100000003,648.0245199999999,2020-03-27 13:14:41.970,301845255.98927253,255681811.69577494,80850610.74173397,148169844921.45386,16837318612.010805,7298153676.8178835,58935.55187465277
46,2020,3,27,13,29,41.97,-11814079.961,9062831.558,22047495.83,-2075.03874,-3255.43539,231.1008,2020-03-27 13:29:41.970,301250748.36534077,256252617.17825195,81151825.40239476,148166978056.15082,16861829563.278515,7308779799.369246,58935.56229131943
46,2020,3,27,13,44,41.97,-13575184.723000001,6063744.864999999,22066182.785,-1832.95111,-3399.67165,-189.60809,2020-03-27 13:44:41.970,300654766.86419487,256822145.33111736,81452635.97504744,148164106386.86465,16886339954.42241,7319405680.939421,58935.5727079861
46,2020,3,27,13,59,41.97,-15104001.723,2960895.407,21707214.872,-1559.58007,-3485.69794,-606.94052,2020-03-27 13:59:41.970,300057314.1765673,257390393.10094565,81753040.89051126,148161229913.76355,16910849784.618748,7330031321.168338,58935.58312465277
46,2020,3,27,14,14,41.97,-16374438.848,-192608.724,20976833.419,-1259.59051,-3512.0820400000002,-1013.80047,2020-03-27 14:14:41.970,299458393.0003723,257957357.43890777,82053038.58086406,148158348637.0159,16935359053.043898,7340656719.69596,58935.59354131943
46,2020,3,27,14,29,41.97,-17364807.948000003,-3342820.69,19887593.041,-938.09064,-3478.39457,-1403.2735599999999,2020-03-27 14:29:41.970,298858006.04070127,258523035.30078447,82352627.47944814,148155462556.7905,16959867758.874308,7351281876.162274,58935.6039579861
46,2020,3,27,14,44,41.97,-18058186.428,-6435861.291,18458147.068,-600.5478899999999,-3385.2149200000003,-1768.73993,2020-03-27 14:44:41.970,298256156.00981724,259087423.64697647,82651806.02087533,148152571673.2561,16984375901.286507,7361906790.207298,58935.61437465277
46,2020,3,27,14,59,41.97,-18442700.698,-9418823.68,16712933.352,-252.69952,-3234.12158,-2103.98253,2020-03-27 14:59:41.970,297652845.6271504,259650519.44251692,82950572.64103268,148149675986.58185,17008883479.45712,7372531461.47108,58935.62479131943
46,2020,3,27,15,14,41.97,-18511727.057,-12240662.447,14681765.284,99.54122,-3027.6671199999996,-2403.28923,2020-03-27 15:14:41.970,297048077.61929274,260212319.65708217,83248925.77708788,148146775496.9371,17033390492.562868,7383155889.5937,58935.6352079861
46,2020,3,27,15,29,41.97,-18264006.740000002,-14853053.237,12399334.152999999,450.18182,-2769.3377899999996,-2661.5474400000003,2020-03-27 15:29:41.970,296441854.7199927,260772821.2650035,83546863.86749458,148143870204.49146,17057896939.78054,7393780074.215257,58935.64562465277
46,2020,3,27,15,44,41.97,-17703672.959,-17211209.346,9904630.26,793.2491,-2463.4983899999997,-2874.3298400000003,2020-03-27 15:44:41.970,295834179.67015094,261332021.24527884,83844385.35199796,148140960109.4149,17082402820.287027,7404404014.975894,58935.65604131943
46,2020,3,27,15,59,41.97,-16840189.033999998,-19274642.216000002,7240291.46,1122.8880000000001,-2115.32282,-3037.96972,2020-03-27 15:59:41.970,295225055.2178137,261889916.58158416,84141488.67164025,148138045211.87735,17106908133.25931,7415027711.515776,58935.6664579861
46,2020,3,27,16,14,41.97,-15688197.939,-21007853.288999997,4451888.966,1433.4593399999999,-1730.71119,-3149.62483,2020-03-27 16:14:41.970,294614484.1181694,262446504.26228476,84438172.26876588,148135125512.0493,17131412877.874453,7425651163.475095,58935.67687465277
46,2020,3,27,16,29,41.97,-14267284.97,-22380945.549,1587161.3930000002,1719.63492,-1316.1943700000002,-3207.3283500000002,2020-03-27 16:29:41.970,294002469.1335425,263001781.2804472,84734434.58702734,148132201010.10107,17155917053.309612,7436274370.4940815,58935.68729131943
46,2020,3,27,16,44,41.97,-12601656.58,-23370144.027999997,-1304790.963,1976.48843,-878.8274,-3210.02612,2020-03-27 16:44:41.970,293389013.0333886,263555744.63385046,85030274.07139026,148129271706.20377,17180420658.742043,7446897332.212983,58935.6977079861
46,2020,3,27,16,59,41.97,-10719739.833,-23958215.803,-4174338.7229999998,2199.58068,-426.07299,-3157.59904,2020-03-27 16:59:41.970,292774118.59428996,264108391.32499772,85325689.16813916,148126337600.52823,17204923693.349056,7457520048.27209,58935.70812465277
46,2020,3,27,17,14,41.97,-8653708.344,-24134781.427,-6972169.321,2385.0375000000004,34.32295,-3050.87008,2020-03-27 17:14:41.970,292157788.59994894,264659718.3611276,85620678.32488276,148123398693.24588,17229426156.308105,7468142518.311714,58935.71854131943
46,2020,3,27,17,29,41.97,-6438941.887,-23896511.385,-9650132.039,2529.6189799999997,494.46199,-2891.5953499999996,2020-03-27 17:29:41.970,291540025.8411844,265209722.7542258,85915239.9905594,148120454984.5281,17253928046.796684,7478764741.972206,58935.7289579861
46,2020,3,27,17,44,41.97,-4113428.1890000002,-23247202.993,-12162067.806,2630.77853,946.42782,-2682.43911,2020-03-27 17:44:41.970,290920833.1159255,265758401.52103698,86209372.61544265,148117506474.54675,17278429363.9924,7489386718.893937,58935.73937465277
46,2020,3,27,17,59,41.97,-1717116.568,-22197735.142,-14464609.290000001,2686.7105800000004,1382.42268,-2426.93281,2020-03-27 17:59:41.970,290300213.2292071,266305751.68307537,86503074.65114665,148114553163.47394,17302930107.07296,7500008448.717315,58935.74979131943
46,2020,3,27,18,14,41.97,708765.8420000001,-20765900.397,-16517937.094,2696.38592,1794.90304,-2129.41863,2020-03-27 18:14:41.970,289678168.99316484,266851770.26663765,86796344.55063158,148111595051.48178,17327430275.216137,7510629931.08277,58935.7602079861
46,2020,3,27,18,29,41.97,3122423.717,-18976116.146,-18286478.362999998,2659.5736300000003,2176.71231,-1794.97809,2020-03-27 18:29:41.970,289054703.22702914,267396454.3028132,87089180.76820941,148108632138.7427,17351929867.599804,7521251165.630778,58935.77062465277
46,2020,3,27,18,44,41.97,5482216.728999999,-16859018.72,-19739534.917,2576.8492300000003,2521.20779,-1429.3470100000002,2020-03-27 18:44:41.970,288429818.7571208,267939800.82749626,87381581.7595487,148105664425.42966,17376428883.401947,7531872152.001827,58935.78104131943
46,2020,3,27,18,59,41.97,7747383.587,-14450946.609000001,-20851829.104000002,2449.5883799999997,2822.37976,-1038.8179799999998,2020-03-27 18:59:41.970,287803518.4168451,268481806.8813975,87673545.98168087,148102691911.71536,17400927321.800606,7542492889.836446,58935.7914579861
46,2020,3,27,19,14,41.97,9878753.997,-11793321.018000001,-21603956.878000002,2279.94634,3074.9601599999996,-630.1320099999999,2020-03-27 19:14:41.970,287175805.04668826,269022469.5100555,87965071.89300515,148099714597.77316,17425425181.973923,7553113378.775197,58935.80187465277
46,2020,3,27,19,29,41.97,11839435.638999999,-8931934.075,-21982739.201,2070.82304,3274.5187699999997,-210.36124,2020-03-27 19:29:41.970,286546681.4942096,269561785.76384795,88256157.95329428,148096732483.77643,17449922463.10015,7563733618.458666,58935.81229131943
46,2020,3,27,19,44,41.97,13595463.545,-5916156.829,-21981464.616,1825.81455,3417.5449599999997,213.21520999999998,2020-03-27 19:44:41.970,285916150.61403865,270099752.6980037,88546802.62369981,148093745569.89886,17474419164.357613,7574353608.527474,58935.8227079861
46,2020,3,27,19,59,41.97,15116399.81,-2798080.8910000003,-21600017.829,1549.1514200000001,3501.51317,633.2400500000001,2020-03-27 19:59:41.970,285284215.2678694,270636367.3726139,88837004.36675783,148090753856.3144,17498915284.924736,7584973348.622271,58935.83312465277
46,2020,3,27,20,14,41.97,16375872.346,368391.035,-20844891.206,1245.6250499999999,3524.93073,1042.40876,2020-03-27 20:14:41.970,284650878.3244543,271171626.85264415,89126761.6463942,148087757343.19727,17523410823.980026,7595592838.383738,58935.84354131943
46,2020,3,27,20,29,41.97,17352042.463000003,3528489.302,-19729078.327,920.50337,3487.36701,1433.60033,2020-03-27 20:29:41.970,284016142.6596,271705528.20794547,89416072.92793025,148084756030.72168,17547905780.7021,7606212077.452584,58935.8539579861
46,2020,3,27,20,44,41.97,18027992.29,6627538.894,-18271851.001,579.43737,3389.46289,1800.0050999999999,2020-03-27 20:44:41.970,283380011.15616196,272238068.51326567,89704936.6780881,148081749919.06244,17572400154.26964,7616831065.469558,58935.86437465277
46,2020,3,27,20,59,41.97,18392024.582,9611920.685999999,-16498423.441,228.36010000000002,3232.92052,2135.24723,2020-03-27 20:59:41.970,282742486.7040385,272769244.8482621,89993351.36499621,148078739008.39438,17596893943.861465,7627449802.075434,58935.87479131943
46,2020,3,27,21,14,41.97,18437869.073999997,12430014.501,-14439509.531,-126.61961999999998,3020.47321,2433.49939,2020-03-27 21:14:41.970,282103572.20016646,273299054.2975116,90281315.45819487,148075723298.8926,17621387148.656425,7638068286.911016,58935.8852079861
46,2020,3,27,21,29,41.97,18164791.425,15033106.35,-12130781.297,-479.327,2755.83607,2689.58728,2020-03-27 21:29:41.970,281463270.5485157,273827493.9505235,90568827.42864174,148072702790.73242,17645879767.833508,7648686519.617143,58935.89562465277
46,2020,3,27,21,44,41.97,17577602.679,17376242.919,-9612238.674,-823.6322200000001,2443.63829,2899.08187,2020-03-27 21:44:41.970,280821584.6600837,274354560.90175027,90855885.74871735,148069677484.0895,17670371800.571774,7659304499.834679,58935.90604131943
46,2020,3,27,21,59,41.97,16686569.207,19419017.362999998,-6927502.481000001,-1153.56026,2089.33851,3058.3775499999997,2020-03-27 21:59:41.970,280178517.45289105,274880252.2505995,91142488.89223042,148066647379.13968,17694863246.05039,7669922227.204526,58935.9164579861
46,2020,3,27,22,14,41.97,15507225.078,21126271.935000002,-4123044.012,-1463.39752,1699.1249699999998,3164.75458,2020-03-27 22:14:41.970,279534071.85197425,275404565.10144544,91428635.33442374,148063612476.05887,17719354103.44861,7680539701.367624,58935.92687465277
46,2020,3,27,22,29,41.97,14060090.784,22468704.704,-1247365.9070000001,-1747.79297,1279.80256,3216.4247600000003,2020-03-27 22:29:41.970,278888250.78938335,275927496.56364065,91714323.55197918,148060572775.02353,17743844371.945766,7691156921.964927,58935.93729131943
46,2020,3,27,22,44,41.97,12370304.104,23423369.654,1649850.207,-2001.85191,838.66928,3212.55951,2020-03-27 22:44:41.970,278241057.2041742,276449043.7515274,91999552.02302356,148057528276.21014,17768334050.721325,7701773888.637435,58935.9477079861
46,2020,3,27,22,59,41.97,10467170.577000001,23974061.731000002,4518613.299,-2221.2206,383.38457999999997,3153.30004,2020-03-27 22:59:41.970,277592494.0424046,276969203.78444976,92284319.22713412,148054478979.79553,17792823138.954796,7712390601.026169,58935.95812465277
46,2020,3,27,23,14,41.97,8383642.556999999,24111580.804,7309493.645,-2402.1601100000003,-78.16760000000001,3039.7497599999997,2020-03-27 23:14:41.970,276942564.2571283,277487973.7867642,92568623.64534384,148051424885.95663,17817311635.82582,7723007058.772194,58935.96854131943
46,2020,3,27,23,29,41.97,6155737.037,23833871.018999998,9974478.827000001,-2541.60833,-538.01836,2873.9492800000003,2020-03-27 23:29:41.970,276291270.80839056,278005350.88785213,92852463.76014714,148048365994.87076,17841799540.514107,7733623261.516601,58935.9789579861
46,2020,3,27,23,44,41.97,3821903.437,23146034.463,12467799.825,-2637.22907,-988.25314,2658.8351000000002,2020-03-27 23:44:41.970,275638616.6632219,278521332.2221315,93135838.05550534,148045302306.71536,17866286852.19947,7744239208.900507,58935.98937465277
46,2020,3,27,23,59,41.97,1422353.171,22060220.496000003,14746712.907,-2687.44778,-1421.1482799999999,2398.18295,2020-03-27 23:59:41.970,274984604.80782515,279035914.9194979,93418745.01158814,148042233821.66843,17890773570.061703,7754854900.565005,58935.99979131943
46,2020,3,28,0,14,41.97,-1001636.95,20595395.089,16772225.12,-2691.47342,-1829.3023699999999,2096.53728,2020-03-28 00:14:41.970,274329238.1988279,279549096.1436421,93701183.12584406,148039160539.90762,17915259693.28105,7765470336.151416,58936.0102079861
46,2020,3,28,0,29,41.97,-3408433.826,18776991.379,18509746.297000002,-2649.30723,-2205.76047,1759.12917,2020-03-28 00:29:41.970,273672519.836353,280060873.03456503,93983150.88139552,148036082461.6111,17939745221.037495,7776085515.300889,58936.02062465277
46,2020,3,28,0,44,41.97,-5756761.0139999995,16636459.868000003,19929671.15,-2561.7368800000004,-2544.12871,1391.7825500000001,2020-03-28 00:44:41.970,273014452.7153207,280571242.7469451,94264646.76812659,148032999586.9575,17964230152.511215,7786700437.654677,58936.03104131943
46,2020,3,28,0,59,41.97,-8006398.513,14210712.846,21007864.225,-2430.31886,-2838.67841,1000.8132,2020-03-28 00:59:41.970,272355039.8376112,281080202.44055563,94545669.27741602,148029911916.12543,17988714486.882504,7797315102.854066,58936.0414579861
46,2020,3,28,1,14,41.97,-10118862.129999999,11541484.183,21726055.161,-2257.3479899999998,-3084.4378500000003,592.9203699999999,2020-03-28 01:14:41.970,271694284.2120577,281587749.28027654,94826216.90214252,148026819449.29376,18013198223.33174,7807929510.540372,58936.05187465277
46,2020,3,28,1,29,41.97,-12058049.957999999,8674611.623000002,22072133.163999997,-2045.81552,-3277.27098,175.07358,2020-03-28 01:29:41.970,271032188.854443,282093880.43610466,95106288.13669047,148023722186.64178,18037681361.039406,7818543660.354945,58936.06229131943
46,2020,3,28,1,44,41.97,-13790846.318,5659254.586,22040338.09,-1799.3566700000001,-3413.94193,-245.6037,2020-03-28 01:44:41.970,270368756.7874924,282598593.08316684,95385881.4769553,148020620128.34875,18062163899.186073,7829157551.939163,58936.0727079861
46,2020,3,28,1,59,41.97,-15287674.056,2547060.3989999997,21631346.088,-1522.1885200000002,-3492.1649399999997,-661.95173,2020-03-28 01:59:41.970,269703991.04086965,283101884.4017304,95664995.42034927,148017513274.59448,18086645836.9524,7839771184.934445,58936.08312465277
46,2020,3,28,2,14,41.97,-16522986.959000003,-608707.62,20852249.284,-1219.03918,-3510.6392,-1066.89199,2020-03-28 02:14:41.970,269037894.6511705,283603751.5772156,95943628.46580681,148014401625.5586,18111127173.519165,7850384558.982241,58936.09354131943
46,2020,3,28,2,29,41.97,-17475695.005000003,-3754066.503,19716430.400000002,-895.0695400000001,-3469.06826,-1453.54294,2020-03-28 02:29:41.970,268370470.66191846,284104191.8002072,96221779.11379011,148011285181.42126,18135607908.067215,7860997673.724022,58936.1039579861
46,2020,3,28,2,44,41.97,-18129516.114,-6835220.473999999,18243334.656,-555.78844,-3368.16389,-1815.33228,2020-03-28 02:44:41.970,267701722.12355903,284603202.266466,96499445.86629479,148008163942.36304,18160088039.77751,7871610528.801311,58936.11437465277
46,2020,3,28,2,59,41.97,-18473249.109,-9799464.266999999,16458142.611,-206.96252,-3209.63444,-2146.1045400000003,2020-03-28 02:59:41.970,267031652.09345374,285100780.17694026,96776627.22685537,148005037908.5643,18184567567.8311,7882223123.855645,58936.12479131943
46,2020,3,28,3,14,41.97,-18500963.607,-12596068.992,14391348.961,145.47798,-2996.15771,-2440.22228,2020-03-28 03:14:41.970,266360263.63587585,285596922.7377782,97053321.70055075,148001907080.20587,18209046491.409138,7892835458.528611,58936.1352079861
46,2020,3,28,3,29,41.97,-18212103.711,-15177136.72,12078253.61,495.53634,-2731.33863,-2692.65957,2020-03-28 03:29:41.970,265687559.82200417,286091627.16033834,97329527.79401001,147998771457.46884,18233524809.692856,7903447532.461819,58936.14562465277
46,2020,3,28,3,44,41.97,-17611503.495,-17498410.312,9558372.576,837.24807,-2419.6522,-2899.08642,2020-03-28 03:44:41.970,265013543.72991788,286584890.6612032,97605244.01541768,147995631040.5345,18258002521.86361,7914059345.296918,58936.15604131943
46,2020,3,28,3,59,41.97,-16709313.527999999,-19520025.462,6874777.5819999995,1164.77963,-2066.3722500000003,-3055.94263,2020-03-28 03:59:41.970,264338218.4445915,287076710.4621891,97880468.8745196,147992485829.58432,18282479627.102825,7924670896.675583,58936.1664579861
46,2020,3,28,4,14,41.97,-15520838.956,-21207192.528,4073374.3079999997,1472.526,-1677.4868199999999,-3160.50004,2020-03-28 04:14:41.970,263661587.05788878,287567083.7903584,98155200.88262834,147989335824.8,18306956124.59204,7935282186.239531,58936.17687465277
46,2020,3,28,4,29,41.97,-14066290.995,-22530796.587,1202130.432,1755.2052899999999,-1259.60124,-3210.9116599999998,2020-03-28 04:29:41.970,262983652.66855815,288056007.878032,98429438.55262876,147986181026.36377,18331432013.5129,7945893213.630505,58936.18729131943
46,2020,3,28,4,44,41.97,-12370455.091,-23467905.154,-1689734.417,2007.9490299999998,-819.8300800000001,-3206.24703,2020-03-28 04:44:41.970,262304418.3822268,288543479.96280074,98703180.39898357,147983021434.45773,18355907293.047108,7956503978.490284,58936.1977079861
46,2020,3,28,4,59,41.97,-10462280.369,-24002174.261,-4552583.823,2226.38655,-365.6796,-3146.5125399999997,2020-03-28 04:59:41.970,261623887.31139526,289029497.2875364,98976424.93773924,147979857049.26434,18380381962.376503,7967114480.460686,58936.20812465277
46,2020,3,28,5,14,41.97,-8374396.4059999995,-24124145.054,-7337211.166,2406.72186,95.07764,-3032.65639,2020-03-28 05:14:41.970,260942062.5754322,289514057.1004043,99249170.68653102,147976687870.9663,18404856020.683014,7977724719.183556,58936.21854131943
46,2020,3,28,5,29,41.97,-6142564.706,-23831424.725,-9995683.461000001,2545.80162,554.53414,-2866.5575200000003,2020-03-28 05:29:41.970,260258947.3005691,289997156.6548747,99521416.16458908,147973513899.74652,18429329467.148632,7988334694.300777,58936.2289579861
46,2020,3,28,5,44,41.97,-3805073.538,-23128747.442,-12482168.029000001,2641.17283,1004.78238,-2650.99847,2020-03-28 05:44:41.970,259574544.6198944,290478793.20973426,99793159.89274384,147970335135.7883,18453802300.955536,7998944405.454263,58936.23937465277
46,2020,3,28,5,59,41.97,-1402085.9479999999,-22027912.96,-14753727.557,2691.12899,1438.0512999999999,-2389.62237,2020-03-28 05:59:41.970,258888857.67334828,290958964.02909875,100064400.39343151,147967151579.2748,18478274521.2859,8009553852.285961,58936.24979131943
46,2020,3,28,6,14,41.97,1025048.2059999999,-20547602.69,-16771069.413,2694.74375,1846.84175,-2086.87436,2020-03-28 06:14:41.970,258201889.60771734,291437666.3824239,100335136.19069993,147963963230.38998,18502746127.322063,8020163034.437858,58936.2602079861
46,2020,3,28,6,29,41.97,3434504.493,-18713075.218000002,-18499235.594,2651.89108,2224.0585300000002,-1747.92844,2020-03-28 06:29:41.970,257513643.57662904,291914897.5445176,100605365.81021401,147960770089.31754,18527217118.24642,8030771951.551968,58936.27062465277
46,2020,3,28,6,44,41.97,5784708.092,-16555745.485,-19908220.578,2563.25155,2563.13646,-1378.60058,2020-03-28 06:44:41.970,256824122.74054638,292390654.7955518,100875087.77926132,147957572156.24164,18551687493.241497,8041380603.270347,58936.28104131943
46,2020,3,28,6,59,41.97,8035057.154,-14112654.015,-20973505.388,2430.3041900000003,2858.15821,-985.24969,2020-03-28 06:59:41.970,256133330.266762,292864935.42107344,101144300.62675789,147954369431.34668,18576157251.48991,8051988989.235073,58936.2914579861
46,2020,3,28,7,14,41.97,10146632.379,-11425834.761,-21676497.614,2255.30402,3103.96148,-574.66795,2020-03-28 07:14:41.970,255441269.32939342,293337736.7120179,101413002.88325381,147951161914.81717,18600626392.17435,8062597109.088275,58936.30187465277
46,2020,3,28,7,29,41.97,12082879.944,-8541592.078,-22004868.671,2041.2453699999999,3296.23335,-153.96246,2020-03-28 07:29:41.970,254747943.10937694,293809055.9647192,101681193.08093844,147947949606.83795,18625094914.477646,8073204962.472104,58936.31229131943
46,2020,3,28,7,44,41.97,13810255.2,-5509699.254,-21952781.432,1791.81147,3431.58995,269.56969,2020-03-28 07:44:41.970,254053354.79446247,294278890.48092294,101948869.75364667,147944732507.5941,18649562817.582703,8083812549.028748,58936.3227079861
46,2020,3,28,7,59,41.97,15298815.17,-2382532.6089999997,-21521003.315,1511.31123,3507.6397300000003,688.5705800000001,2020-03-28 07:59:41.970,253357507.57920802,294747237.56779754,102216031.43686414,147941510617.27097,18674030100.67253,8094419868.400435,58936.33312465277
46,2020,3,28,8,14,41.97,16522748.675999999,785843.384,-20716902.048,1204.60407,3523.02881,1095.75264,2020-03-28 08:14:41.970,252660404.66497383,295214094.537946,102482676.66773303,147938283936.05392,18698496762.93023,8105026920.22942,58936.34354131943
46,2020,3,28,8,29,41.97,17460834.019,3940623.415,-19554323.540000003,877.01435,3477.46757,1484.0290499999999,2020-03-28 08:29:41.970,251962049.25991762,295679458.70941794,102748803.98505768,147935052464.12888,18722962803.539024,8115633704.157996,58936.3539579861
46,2020,3,28,8,44,41.97,18096815.439000003,7027223.765,-18053353.59,534.2367099999999,3371.7375500000003,1846.64103,2020-03-28 08:44:41.970,251262444.57898843,296143327.40572226,103014411.92931028,147931816201.68185,18747428221.682213,8126240219.828496,58936.36437465277
46,2020,3,28,8,59,41.97,18419691.071000002,9992242.04,-16239967.412,182.23437,3207.67857,2177.2794200000003,2020-03-28 08:59:41.970,250561593.84392118,296605697.95583737,103279499.04263636,147928575148.89902,18771893016.54321,8136846466.88328,58936.37479131943
46,2020,3,28,9,14,41.97,18423906.822,12784396.371000001,-14145573.221,-172.86787,2988.1560299999996,2470.1981299999998,2020-03-28 09:14:41.970,249859500.28323174,297066567.6942241,103544063.86886084,147925329305.96677,18796357187.30552,8147452444.9647455,58936.3852079861
46,2020,3,28,9,29,41.97,18109452.436,15355426.522,-11806458.27,-524.8936600000001,2717.00909,2720.31714,2020-03-28 09:29:41.970,249156167.13221022,297525933.9608385,103808104.95349306,147922078673.07196,18820820733.152756,8158058153.715326,58936.39562465277
46,2020,3,28,9,44,41.97,17481857.952999998,17660940.084000003,-9263147.674,-867.72603,2398.98063,2923.3129400000003,2020-03-28 09:44:41.970,248451597.63291684,297983794.1011407,104071620.84373309,147918823250.4015,18845283653.268627,8168663592.7774935,58936.40604131943
46,2020,3,28,9,59,41.97,16552090.769,19661188.006,-6559688.141,-1195.41697,2039.6305699999998,3075.6946799999996,2020-03-28 09:59:41.970,247745795.0341753,298440145.46611077,104334610.08847699,147915563038.1425,18869745946.83695,8179268761.793749,58936.4164579861
46,2020,3,28,10,14,41.97,15336355.519000001,21321755.19,-3742870.227,-1502.29343,1645.23416,3174.86444,2020-03-28 10:14:41.970,247038762.59156775,298894985.4122573,104597071.23832278,147912298036.48242,18894207613.041622,8189873660.406632,58936.42687465277
46,2020,3,28,10,29,41.97,13855800.952,22614153.662,-861403.879,-1783.05768,1222.6675300000002,3219.16059,2020-03-28 10:29:41.970,246330503.5674291,299348311.3016317,104859002.84557575,147909028245.6088,18918668651.066677,8200478288.258718,58936.43729131943
46,2020,3,28,10,44,41.97,12136139.806,23516307.919999998,2034937.141,-2032.8799800000002,779.28295,3207.8835099999997,2020-03-28 10:44:41.970,245621021.2308413,299800120.5018382,105120403.46425468,147905753665.70975,18943129060.096226,8211082644.992615,58936.4477079861
46,2020,3,28,10,59,41.97,10207189.374,24012924.301,4896185.921999999,-2247.4818499999997,322.77634,3141.3034199999997,2020-03-28 10:59:41.970,244910318.8576281,300250410.38604707,105381271.6500969,147902474296.9731,18967588839.31447,8221686730.250969,58936.45812465277
46,2020,3,28,11,14,41.97,8102341.886999999,24095738.693,7673052.066000001,-2423.20855,-138.95018000000002,3020.65036,2020-03-28 11:14:41.970,244198399.7303492,300699178.33300656,105641605.96056458,147899190139.58734,18992047987.905735,8232290543.676463,58936.46854131943
46,2020,3,28,11,29,41.97,5857975.069,23763639.362999998,10317774.594,-2557.08941,-597.92786,2848.08707,2020-03-28 11:29:41.970,243485267.1382948,301146421.72705394,105901404.95485002,147895901193.74112,19016506505.054443,8242894084.911819,58936.4789579861
46,2020,3,28,11,44,41.97,3512814.1289999997,23022664.163000003,12784942.981,-2646.88525,-1046.26047,2626.6654900000003,2020-03-28 11:44:41.970,242770924.3774797,301592137.9581283,106160667.1938816,147892607459.62314,19040964389.94513,8253497353.599779,58936.48937465277
46,2020,3,28,11,59,41.97,1107257.1150000002,21885873.743,15032272.177000001,-2691.12235,-1476.2603100000001,2360.2682499999996,2020-03-28 11:59:41.970,242055374.75063813,302036324.4217827,106419391.2403293,147889308937.42252,19065421641.762398,8264100349.383137,58936.49979131943
46,2020,3,28,12,14,41.97,-1317324.116,20373104.667,17021318.711,-2689.11263,-1880.57869,2053.53649,2020-03-28 12:14:41.970,241338621.56721798,302478978.51919466,106677575.65861055,147886005627.32846,19089878259.69098,8274703071.904717,58936.5102079861
46,2020,3,28,12,29,41.97,-3719294.944,18510608.312,18718126.362999998,-2640.9602200000004,-2252.32891,1711.78581,2020-03-28 12:29:41.970,240620668.1433749,302920097.65718055,106935219.01489611,147882697529.5305,19114334242.915703,8285305520.807381,58936.52062465277
46,2020,3,28,12,44,41.97,-6057468.858,16330583.243999999,20093791.449,-2547.5545500000003,-2585.19972,1340.91202,2020-03-28 12:44:41.970,239901517.80196708,303359679.2482056,107192319.87711535,147879384644.21848,19138789590.62151,8295907695.73403,58936.53104131943
46,2020,3,28,12,59,41.97,-8291806.31,13870610.324,21124939.413,-2410.5506600000003,-2873.55781,947.28857,2020-03-28 12:59:41.970,239181173.8725494,303797720.71039647,107448876.81496236,147876066971.58237,19163244301.993427,8306509596.327588,58936.5414579861
46,2020,3,28,13,14,41.97,-10384090.265999999,11173001.042,21794106.043,-2232.3372400000003,-3112.5379199999998,537.6575,2020-03-28 13:14:41.970,238459639.6913677,304234219.4675538,107704888.39990166,147872744511.81223,19187698376.216606,8317111222.231032,58936.55187465277
46,2020,3,28,13,29,41.97,-12298567.809,8284070.665999999,22090018.327000003,-2015.9932999999999,-3298.11967,119.01574,2020-03-28 13:29:41.970,237736918.60135332,304669172.949164,107960353.20517379,147869417265.09863,19212151812.476265,8327712573.087366,58936.56229131943
46,2020,3,28,13,44,41.97,-14002547.968999999,5253348.573,22007771.529000003,-1765.23436,-3427.19021,-301.50149999999996,2020-03-28 13:44:41.970,237013013.9521172,305102578.5904107,108215269.8058012,147866085231.63226,19236604609.957764,8338313648.539633,58936.5727079861
46,2020,3,28,13,59,41.97,-15466946.747,2132738.775,21548900.68,-1484.3491099999999,-3497.59215,-716.73848,2020-03-28 13:59:41.970,236287929.09994468,305534433.8321879,108469636.77859388,147862748411.6041,19261056767.846565,8348914448.23091,58936.58312465277
46,2020,3,28,14,14,41.97,-16666771.245,-1024355.898,20721346.123,-1178.1275600000001,-3508.15636,-1119.63635,2020-03-28 14:14:41.970,235561667.40778914,305964736.1211113,108723452.70215541,147859406805.20514,19285508285.328175,8359514971.804315,58936.59354131943
46,2020,3,28,14,29,41.97,-17581535.724,-4163932.1950000003,19539314.253,-851.78183,-3458.7192999999997,-1503.3483700000002,2020-03-28 14:29:41.970,234834232.2452669,306393482.9095302,108976716.15688813,147856060412.62683,19309959161.588295,8370115218.903,58936.6039579861
46,2020,3,28,14,44,41.97,-18195603.415000003,-7232293.475000001,18023035.944,-510.86056999999994,-3350.1248800000003,-1861.3518,2020-03-28 14:44:41.970,234105626.9886512,306820671.6555405,109229425.72499971,147852709234.06085,19334409395.812656,8380715189.170148,58936.61437465277
46,2020,3,28,14,59,41.97,-18498448.9,-10176951.391,16198426.523,-161.1582,-3184.21071,-2187.5545700000002,2020-03-28 14:59:41.970,233375855.02086648,307246299.82299596,109481579.99050823,147849353269.699,19358858987.187145,8391314882.24899,58936.62479131943
46,2020,3,28,15,14,41.97,-18484836.946,-12947508.256,14096652.486000001,191.37978,-2963.77896,-2476.3955800000003,2020-03-28 15:14:41.970,232644919.73148295,307670364.8815212,109733177.53924851,147845992519.73337,19383307934.897713,8401914297.782794,58936.6352079861
46,2020,3,28,15,29,41.97,-18154914.812,-15496506.367,11753611.431,540.75418,-2692.5521400000002,-2722.93702,2020-03-28 15:29:41.970,231912824.51671052,308092864.3065223,109984216.95887746,147842626984.35626,19407756238.130436,8412513435.414851,58936.64562465277
46,2020,3,28,15,44,41.97,-17514216.164,-17780230.828,9209332.952000001,881.01089,-2375.11407,-2922.94748,2020-03-28 15:44:41.970,231179572.7793933,308513795.5792008,110234696.83888015,147839256663.76028,19432203896.0715,8423112294.7885,58936.65604131943
46,2020,3,28,15,59,41.97,-16573576.022000002,-19759452.932,6507309.471,1206.3396,-2016.8369199999997,-3072.97431,2020-03-28 15:59:41.970,230445167.92900386,308933156.18656474,110484615.77057552,147835881558.1381,19456650907.907185,8433710875.547116,58936.6664579861
46,2020,3,28,16,14,41.97,-15348957.421,-21400101.781,3693767.166,1511.17104,-1623.79491,-3170.40418,2020-03-28 16:14:41.970,229709613.38163725,309350943.6214412,110733972.34712233,147832501667.6828,19481097272.82388,8444309177.334115,58936.67687465277
46,2020,3,28,16,29,41.97,-13861191.811,-22673852.701,816888.24,1790.27114,-1202.66585,-3213.51047,2020-03-28 16:29:41.970,228972912.56000546,309767155.38248795,110982765.1635247,147829116992.58768,19505542990.00808,8454907199.79294,58936.68729131943
46,2020,3,28,16,44,41.97,-12135636.63,-23558622.046,-2074003.2310000001,2038.8306900000002,-760.62181,-3201.4866199999997,2020-03-28 16:44:41.970,228235068.89343175,310181788.9742066,111230992.81663826,147825727533.04614,19529988058.646366,8465504942.5670805,58936.6977079861
46,2020,3,28,16,59,41.97,-10201754.855999999,-24038959.255000003,-4929278.781,2252.5488,-305.21044,-3134.46456,2020-03-28 16:59:41.970,227496085.81784436,310594841.90695417,111478653.90517569,147822333289.2519,19554432477.92547,8476102405.300058,58936.70812465277
46,2020,3,28,17,14,41.97,-8092622.747,-24106328.534,-7699852.6110000005,2427.70878,155.77134,-3013.5174199999997,2020-03-28 17:14:41.970,226755966.77577135,311006311.6969552,111725747.0297127,147818934261.39896,19578876247.032185,8486699587.635436,58936.71854131943
46,2020,3,28,17,29,41.97,-5844373.319999999,-23759274.203,-10338023.988000002,2561.2448099999997,614.4091900000001,-2840.64646,2020-03-28 17:29:41.970,226014715.21633443,311416195.8663149,111972270.79269399,147815530449.6813,19603319365.153416,8497296489.216808,58936.7289579861
46,2020,3,28,17,44,41.97,-3495584.3850000002,-23003465.628999997,-12798300.554,2650.79828,1062.80673,-2618.75172,2020-03-28 17:44:41.970,225272334.59524325,311824491.94302964,112218223.79843879,147812121854.2937,19627761831.47622,8507893109.6878195,58936.73937465277
46,2020,3,28,17,59,41.97,-1086621.102,-21851619.69,-15038188.121,2694.76231,1493.2219200000002,-2351.5869199999997,2020-03-28 17:59:41.970,224528828.37478969,312231197.4610012,112463604.65314706,147808708475.43048,19652203645.18771,8518489448.692141,58936.74979131943
46,2020,3,28,18,14,41.97,1341055.97,-20323300.847,-17018932.858,2692.31377,1898.20223,-2043.6989200000003,2020-03-28 18:14:41.970,223784200.02384168,312636309.96004796,112708411.96490502,147805290313.28656,19676644805.475105,8529085505.873483,58936.7602079861
46,2020,3,28,18,29,41.97,3745605.528,-18444601.103,-18706202.367999997,2643.4316299999996,2270.7160000000003,-1700.35259,2020-03-28 18:29:41.970,223038453.01783797,313039826.98591703,112952644.3436914,147801867368.0572,19701085311.525764,8539681280.875599,58936.77062465277
46,2020,3,28,18,44,41.97,6085530.49,-16247704.346,-20070693.024,2548.9013800000002,2604.2775699999997,-1327.44228,2020-03-28 18:44:41.970,222291590.83878154,313441746.0902972,113196300.40138294,147798439639.93762,19725525162.52713,8550276773.342277,58936.78104131943
46,2020,3,28,18,59,41.97,8320400.442,-13770341.765999999,-21088652.071,2410.30503,2893.06383,-931.39125,2020-03-28 18:59:41.970,221543616.9752344,313842064.83083117,113439378.7517605,147795007129.1233,19749964357.66676,8560871982.917342,58936.7914579861
46,2020,3,28,19,14,41.97,10411558.618999999,-11055147.169,-21742304.421,2229.99677,3132.0197799999996,-519.0406899999999,2020-03-28 19:14:41.970,220794534.92231143,314240780.7711269,113681878.01051496,147791569835.81027,19774402896.132324,8571466909.244662,58936.80187465277
46,2020,3,28,19,29,41.97,12322800.56,-8148922.966,-22020175.66,2011.0644,3316.95107,-97.53041,2020-03-28 19:29:41.970,220044348.18167445,314637891.48077154,113923796.79525292,147788127760.19446,19798840777.111584,8582061551.968142,58936.81229131943
46,2020,3,28,19,44,41.97,14021011.93,-5101829.484,-21917304.65,1757.27728,3444.6016099999997,325.82678999999996,2020-03-28 19:44:41.970,219293060.26152647,315033394.5353426,114165133.72550291,147784680902.47208,19823277999.792423,8592655910.73172,58936.8227079861
46,2020,3,28,19,59,41.97,15476753.615,-1966511.8199999998,-21435341.095,1473.0213800000001,3512.7144700000003,743.67475,2020-03-28 19:59:41.970,218540674.67660567,315427287.5164204,114405887.42272097,147781229262.83954,19847714563.362816,8603249985.179375,58936.83312465277
46,2020,3,28,20,14,41.97,16664783.056,1202820.16,-20582525.576,1163.2227500000001,3520.0749299999998,1148.7450900000001,2020-03-28 20:14:41.970,217787194.9481796,315819568.01160103,114646056.5102968,147777772841.49377,19872150467.01087,8613843774.955133,58936.84354131943
46,2020,3,28,20,29,41.97,17564501.899,4351342.010000001,-19373551.791,833.26053,3466.53435,1533.98741,2020-03-28 20:29:41.970,217032624.60403943,316210233.61450887,114885639.61355959,147774311638.63168,19896585709.924778,8624437279.703041,58936.8539579861
46,2020,3,28,20,44,41.97,18160321.366,7424577.67,-17829313.037,488.87137,3353.0146099999997,1892.6959299999999,2020-03-28 20:44:41.970,216276967.17849368,316599281.9248077,115124635.35978408,147770845654.4503,19921020291.29287,8635030499.067207,58936.86437465277
46,2020,3,28,20,59,41.97,18441938.279000003,10369357.383000001,-15976537.209,136.04685,3181.49251,2218.63011,2020-03-28 20:59:41.970,215520226.21236232,316986710.5482147,115363042.37819622,147767374889.14725,19945454210.30353,8645623432.691761,58936.87479131943
46,2020,3,28,21,14,41.97,18404516.401,13134752.751,-13847316.878,-219.07407,2954.96455,2506.1268499999996,2020-03-28 21:14:41.970,214762405.25297096,317372517.09651184,115600859.29997937,147763899342.92004,19969887466.145317,8656216080.220873,58936.8852079861
46,2020,3,28,21,29,41.97,18048769.604000002,15672971.436,-11478543.069,-570.31529,2677.39266,2750.2019299999997,2020-03-28 21:29:41.970,214003507.85414514,317756699.1875587,115838084.75828029,147760419015.9666,19994320058.00684,8666808441.298763,58936.89562465277
46,2020,3,28,21,44,41.97,17380945.322,17940194.821000002,-8911253.361,-911.5745,2353.6319200000003,2946.6386199999997,2020-03-28 21:44:41.970,213243537.5762038,318139254.4453053,116074717.3882149,147756933908.48505,20018751985.076866,8677400515.569681,58936.90604131943
46,2020,3,28,21,59,41.97,16412708.780000001,19897343.047,-6189906.621,-1236.9324399999998,1989.34176,3092.06182,2020-03-28 21:59:41.970,212482497.9859537,318520180.49980366,116310755.82687433,147753444020.67374,20043183246.544228,8687992302.677914,58936.9164579861
46,2020,3,28,22,14,41.97,15160930.451,21510753.391999997,-3361598.165,-1540.75828,1590.88247,3183.99616,2020-03-28 22:14:41.970,211720392.6566831,318899474.9872213,116546198.71333091,147749949352.73126,20067613841.597904,8698583802.267796,58936.92687465277
46,2020,3,28,22,29,41.97,13647381.175,22752759.745,-475230.234,-1817.80913,1165.1993300000001,3220.90701,2020-03-28 22:29:41.970,210957225.1681564,319277135.54985344,116781044.68864426,147746449904.8563,20092043769.42698,8709175013.9837,58936.93729131943
46,2020,3,28,22,44,41.97,11898341.172,23602163.066,2419346.54,-2063.32155,719.6966500000001,3202.2238500000003,2020-03-28 22:44:41.970,210192999.10660726,319653159.83613455,117015292.395867,147742945677.24792,20116473029.220604,8719765937.470036,58936.9477079861
46,2020,3,28,22,59,41.97,9944130.826000001,24044584.997,5272204.612000001,-2273.09361,262.10451,3128.34571,2020-03-28 22:59:41.970,209427718.06473345,320027545.50065297,117248940.48005119,147739436670.10556,20140901620.168095,8730356572.37124,58936.95812465277
46,2020,3,28,23,14,41.97,7818572.561,24072699.262,8034207.898,-2443.55578,-199.6591,3000.62885,2020-03-28 23:14:41.970,208661385.64169005,320400290.20416105,117481987.58825387,147735922883.6286,20165329541.45886,8740946918.331818,58936.96854131943
46,2020,3,28,23,29,41.97,5558394.2930000005,23686337.947,10657861.32,-2571.8296600000003,-657.62798,2821.3574000000003,2020-03-28 23:29:41.970,207894005.44308367,320771391.61359006,117714432.36954339,147732404318.0167,20189756792.282383,8751536974.996292,58936.9789579861
46,2020,3,28,23,44,41.97,3202585.818,22892472.251,13098126.54,-2655.77374,-1103.92657,2593.6978000000004,2020-03-28 23:44:41.970,207125581.08096662,321140847.40206057,117946273.47500522,147728880973.46988,20214183371.82831,8762126742.009224,58936.98937465277
46,2020,3,28,23,59,41.97,791720.142,21705069.643999998,15313189.894,-2694.0155200000004,-1530.90531,2321.6383,2020-03-28 23:59:41.970,206356116.17383075,321508655.2488969,118177509.55774836,147725352850.18835,20238609279.28636,8772716219.015226,58936.99979131943
46,2020,3,29,0,14,41.97,-1632748.225,20144832.306,17265170.689,-2685.96983,-1931.2703,2009.91507,2020-03-29 00:14:41.970,205585614.346601,321874812.8396387,118408139.27291079,147721819948.37238,20263034513.846394,8783305405.658943,58937.0102079861
46,2020,3,29,0,29,41.97,-4029194.008,18238818.737,18920752.919,-2631.84409,-2298.20519,1663.9270999999999,2020-03-29 00:29:41.970,204814079.23062986,322239317.8660538,118638161.277666,147718282268.2228,20287459074.698338,8793894301.58507,58937.02062465277
46,2020,3,29,0,44,41.97,-6356533.144,16019966.962000001,20251745.071000002,-2532.629,-2625.4831400000003,1289.63996,2020-03-29 00:44:41.970,204041514.4636907,322602168.0261512,118867574.231229,147714739809.94043,20311882961.03229,8804482906.438328,58937.03104131943
46,2020,3,29,0,59,41.97,-8574918.028,13526514.891,21235540.294,-2390.07764,-2907.56775,893.48279,2020-03-29 00:59:41.970,203267923.68997222,322963361.02419335,119096376.79486223,147711192573.72632,20336306172.03841,8815071219.863483,58937.0414579861
46,2020,3,29,1,14,41.97,-10646409.718999999,10801338.82,21855485.535,-2206.6718600000004,-3139.70152,482.2384,2020-03-29 01:14:41.970,202493310.5600718,323322894.57070875,119324567.6318815,147707640559.78186,20360728706.906998,8825659241.505352,58937.05187465277
46,2020,3,29,1,29,41.97,-12535614.509000001,7891217.659,22101148.695,-1985.57752,-3317.9808199999998,62.92903,2020-03-29 01:29:41.970,201717678.73098958,323680766.3825051,119552145.40766248,147704083768.30862,20385150564.828445,8836246971.008774,58937.06229131943
46,2020,3,29,1,44,41.97,-14210275.467,4846036.035,21968481.691,-1730.5893800000001,-3439.41658,-357.30049,2020-03-29 01:44:41.970,200941031.8661227,324036974.1826817,119779108.78964648,147700522199.50833,20409571744.993267,8846834408.018644,58937.0727079861
46,2020,3,29,1,59,41.97,-15641810.065,1717939.364,21459877.770999998,-1446.06655,-3501.98029,-771.3005499999999,2020-03-29 01:59:41.970,200163373.63525787,324391515.7006424,120005456.44734658,147696955853.583,20433992246.592094,8857421552.179892,58937.08312465277
46,2020,3,29,2,14,41.97,-16805785.9,-1439545.624,20584122.979,-1136.8596200000002,-3504.6347299999998,-1172.03393,2020-03-29 02:14:41.970,199384707.71456707,324744388.672108,120231187.05235398,147693384730.73508,20458412068.815636,8868008403.137484,58937.09354131943
46,2020,3,29,2,29,41.97,-17682327.474999998,-4572411.0940000005,19356243.044999998,-808.23054,-3447.3492600000004,-1552.6907700000002,2020-03-29 02:29:41.970,198605037.78659955,325095590.8391297,120456299.27834378,147689808831.16675,20482831210.85478,8878594960.53643,58937.1039579861
46,2020,3,29,2,44,41.97,-18256447.976999998,-7627075.106000001,17797248.421,-465.76628,-3331.0996,-1906.7996899999998,2020-03-29 02:44:41.970,197824367.54027674,325445119.9501005,120680791.80108133,147686228155.08093,20507249671.900455,8889181224.021786,58937.11437465277
46,2020,3,29,2,59,41.97,-18518301.02,-10551281.411,15933781.478999998,-115.28746,-3157.8521,-2228.33383,2020-03-29 02:59:41.970,197042700.67088568,325792973.7597702,120904663.29842813,147682642702.68057,20531667451.143753,8899767193.23864,58937.12479131943
46,2020,3,29,3,14,41.97,-18463348.378,-13294978.115,13797671.251,237.24675000000002,-2930.53253,-2511.81007,2020-03-29 03:14:41.970,196260040.88007253,326139150.0292558,121127912.45034842,147679052474.16867,20556084547.77586,8910352867.832134,58937.1352079861
46,2020,3,29,3,29,41.97,-18092440.854000002,-15811161.509,11425402.346,585.8362999999999,-2652.97991,-2752.3802499999997,2020-03-29 03:29:41.970,195476391.8758369,326483646.5260566,121350537.93891475,147675457469.74872,20580500960.98807,8920938247.447428,58937.14562465277
46,2020,3,29,3,44,41.97,-17411810.614,-18056671.669,8857505.971,924.53916,-2329.88565,-2945.91284,2020-03-29 03:44:41.970,194691757.37252504,326826461.02406526,121572538.44831468,147671857689.6244,20604916689.971806,8931523331.729746,58937.15604131943
46,2020,3,29,3,59,41.97,-16432974.547999999,-19992926.962,6137882.184,1247.56988,-1966.71872,-3089.06387,2020-03-29 03:59:41.970,193906141.09082383,327167591.3035813,121793912.66485652,147668253133.9995,20629331733.918575,8942108120.324345,58937.1664579861
46,2020,3,29,4,14,41.97,-15172549.516999999,-21586585.246,3313063.682,1549.39657,-1569.6377699999998,-3179.3357499999997,2020-03-29 04:14:41.970,193119546.75775436,327507035.1513246,122014659.27697589,147664643803.07812,20653746092.020046,8952692612.876522,58937.17687465277
46,2020,3,29,4,29,41.97,-13651981.704,-22810120.447,431432.516,1824.83456,-1145.39116,-3215.12285,2020-03-29 04:29:41.970,192331978.10666588,327844790.3604472,122234776.97524153,147661029697.06458,20678159763.467937,8963276809.031616,58937.18729131943
46,2020,3,29,4,44,41.97,-11897193.669,-23642304.271,-2457597.911,2069.13535,-701.2063400000001,-3195.74289,2020-03-29 04:44:41.970,191543438.877229,328180854.73054737,122454264.4523617,147657410816.1634,20702572747.454136,8973860708.435007,58937.1977079861
46,2020,3,29,4,59,41.97,-9938154.099,-24068584.095,-5304422.389,2278.06921,-244.67006,-3121.45334,2020-03-29 04:59:41.970,190753932.81542987,328515226.06768143,122673120.4031905,147653787160.57928,20726985043.17063,8984444310.73212,58937.20812465277
46,2020,3,29,5,14,41.97,-7808376.651,-24081349.629,-8060091.136,2447.99989,216.39872,-2993.4520500000003,2020-03-29 05:14:41.970,189963463.6735635,328847902.18437785,122891343.52473383,147650158730.5174,20751396649.809513,8995027615.568413,58937.21854131943
46,2020,3,29,5,29,41.97,-5544355.59,-23680082.617,-10677150.483,2575.95012,674.0812900000001,-2813.86196,2020-03-29 05:29:41.970,189172035.2102275,329178880.8996492,123108932.5161558,147646525526.18286,20775807566.56299,9005610622.589392,58937.2289579861
46,2020,3,29,5,44,41.97,-3184947.206,-22871385.76,-13110462.540000001,2659.65641,1120.4947599999998,-2585.69974,2020-03-29 05:44:41.970,188379651.19031578,329508160.0390059,123325886.07878485,147642887547.78107,20800217792.623394,9016193331.440613,58937.23937465277
46,2020,3,29,5,59,41.97,-770707.1120000001,-21668889.068,-15317989.468,2697.6121200000002,1547.92843,-2312.82856,2020-03-29 05:59:41.970,187586315.38501188,329835737.4344688,123542202.91612014,147639244795.51788,20824627327.18316,9026775741.767656,58937.24979131943
46,2020,3,29,6,14,41.97,1656805.488,-20093034.013,-17261528.305,2689.0976100000003,1948.97862,-1999.89554,2020-03-29 06:14:41.970,186792031.571783,330161610.9245825,123757881.73383749,147635597269.59897,20849036169.43484,9037357853.216154,58937.2602079861
46,2020,3,29,6,29,41.97,4055744.666,-18170738.027,-18907382.957000002,2634.19696,2316.67931,-1652.25485,2020-03-29 06:29:41.970,185996803.53437302,330485778.3544279,123972921.23979612,147631944970.23065,20873444318.571087,9047939665.43178,58937.27062465277
46,2020,3,29,6,44,41.97,6384703.294,-15934944.152,-20226960.842,2533.80044,2644.62629,-1275.87739,2020-03-29 06:44:41.970,185200635.06279668,330808237.57563645,124187320.14404449,147628287897.6193,20897851773.78474,9058521178.060257,58937.28104131943
46,2020,3,29,6,59,41.97,8603434.378,-13424062.804,-21197282.877,2389.59266,2927.09237,-877.2487799999999,2020-03-29 06:59:41.970,184403529.95333248,331128986.4464017,124401077.15882687,147624626051.97128,20922258534.268665,9069102390.74734,58937.2914579861
46,2020,3,29,7,14,41.97,10673555.236,-10681314.735,-21801396.906999998,2204.0263699999996,3159.1314,-463.25714,2020-03-29 07:14:41.970,183605492.00851676,331448022.83149344,124614190.99858941,147620959433.49377,20946664599.21588,9079683303.138815,58937.30187465277
46,2020,3,29,7,29,41.97,12559221.677,-7753986.251,-22028686.363,1980.28205,3336.66886,-41.072810000000004,2020-03-29 07:29:41.970,182806525.03713685,331765344.6022703,124826660.37998663,147617288042.3935,20971069967.819527,9090263914.88054,58937.31229131943
46,2020,3,29,7,44,41.97,14227759.747,-4692609.531,-21875067.754,1722.21412,3456.5774399999996,381.97801999999996,2020-03-29 07:44:41.970,182006632.85422498,332080949.63669366,125038484.0218876,147613611878.8779,20995474639.272854,9100844225.618397,58937.3227079861
46,2020,3,29,7,59,41.97,15650243.245,-1550082.4849999999,-21343072.666,1434.28441,3516.73557,798.54322,2020-03-29 07:59:41.970,181205819.28105083,332394835.81934005,125249660.6453823,147609930943.15442,21019878612.76922,9111424234.998306,58937.33312465277
46,2020,3,29,8,14,41.97,16802006.083,1619256.09,-20441812.052,1121.48412,3516.06803,1201.37594,2020-03-29 08:14:41.970,180404088.14511633,332707001.0414144,125460188.97378808,147606245235.43094,21044281887.502125,9122003942.666245,58937.34354131943
46,2020,3,29,8,29,41.97,17663079.759,4760579.287,-19186822.87,789.24567,3454.56729,1583.46441,2020-03-29 08:29:41.970,179601443.2801481,333017443.2007637,125670067.73265572,147602554755.91507,21068684462.665123,9132583348.268219,58937.3539579861
46,2020,3,29,8,44,41.97,18218547.499,7819535.282,-17599799.391,443.34598,3333.29525,1938.1580199999999,2020-03-29 08:44:41.970,178797888.52609107,333326160.2018902,125879295.6497761,147598859504.8153,21093086337.452,9143162451.45029,58937.36437465277
46,2020,3,29,8,59,41.97,18458808.257,10743203.146,-15708213.788999999,89.80318,3154.3651,2259.28689,2020-03-29 08:59:41.970,177993427.72910222,333633149.9559636,126087871.45518632,147595159482.3399,21117487511.05654,9153741251.858562,58937.37479131943
46,2020,3,29,9,14,41.97,18379745.437000003,13481023.432,-13544832.827,-265.23147,2920.90349,2541.27275,2020-03-29 09:14:41.970,177188064.74154386,333938410.38083625,126295793.88117604,147591454688.69763,21141887982.672703,9164319749.139162,58937.3852079861
46,2020,3,29,9,29,41.97,17982797.116,15985686.185,-11147139.572,-615.58404,2636.99387,2779.2288200000003,2020-03-29 09:29:41.970,176381803.42197648,334241939.40105474,126503061.66229437,147587745124.09723,21166287751.494568,9174897942.938282,58937.39562465277
46,2020,3,29,9,44,41.97,17274926.496,18213959.774,-8556670.973000001,-955.16877,2307.60192,2969.04655,2020-03-29 09:44:41.970,175574647.63515308,334543734.9478737,126709673.53535543,147584030788.74792,21190686816.71631,9185475832.902151,58937.40604131943
46,2020,3,29,9,59,41.97,16268493.306,20127445.191,-5818283.849,-1278.097,1938.48471,3107.46768,2020-03-29 09:59:41.970,174766601.2520117,334843794.95926964,126915628.2394456,147580311682.85873,21215085177.532234,9196053418.677042,58937.4164579861
46,2020,3,29,10,14,41.97,14981028.915000001,21693241.964,-2979363.22,-1578.78188,1536.08552,3192.14015,2020-03-29 10:14:41.970,173957668.14966896,335142117.3799536,127120924.51592918,147576587806.63956,21239482833.136753,9206630699.909248,58937.42687465277
46,2020,3,29,10,29,41.97,13434919.782000002,22884513.751,-88988.022,-1852.03696,1107.41647,3221.6567600000003,2020-03-29 10:29:41.970,173147852.21141356,335438700.16138536,127325561.10845543,147572859160.29993,21263879782.724426,9217207676.245163,58937.43729131943
46,2020,3,29,10,44,41.97,11657005.746000001,23680943.758,2802930.076,-2093.1666099999998,659.9315,3195.57618,2020-03-29 10:44:41.970,172337157.32669944,335733541.2617854,127529536.76296467,147569125744.05002,21288276025.48991,9227784347.331161,58937.4477079861
46,2020,3,29,10,59,41.97,9678101.196,24069072.511,5646518.658,-2298.0466499999998,201.39237,3114.426,2020-03-29 10:59:41.970,171525587.39113915,336026638.6461501,127732850.22769468,147565387558.09995,21312671560.62797,9238360712.81371,58937.45812465277
46,2020,3,29,11,14,41.97,7532448.635,24042512.887000002,8392811.323,-2463.1938099999998,-260.26958,2979.68813,2020-03-29 11:14:41.970,170713146.3064967,336317990.2862636,127935500.25318757,147561644602.66006,21337066387.333496,9248936772.339277,58937.46854131943
46,2020,3,29,11,29,41.97,5257115.226,23602039.872,10994593.596,-2585.8227899999997,-717.09316,2793.7671800000003,2020-03-29 11:29:41.970,169899837.9806816,336607594.1607128,128137485.59229566,147557896877.94125,21361460504.801525,9259512525.554401,58937.4789579861
46,2020,3,29,11,44,41.97,2891343.806,22755554.922,13407213.100000001,-2663.89026,-1161.22581,2559.94289,2020-03-29 11:44:41.970,169085666.32774094,336895448.25489885,128338805.0001884,147554144384.1543,21385853912.22717,9270087972.105669,58937.48937465277
46,2020,3,29,11,59,41.97,475870.403,21517927.154,15589340.166,-2696.12527,-1585.05842,2282.30778,2020-03-29 11:59:41.970,168270635.26785377,337181550.5610524,128539457.23435874,147550387121.5103,21410246608.80569,9280663111.639685,58937.49979131943
46,2020,3,29,12,14,41.97,-1947779.425,19910715.814,17503666.283,-2682.04588,-1981.3539899999998,1965.69165,2020-03-29 12:14:41.970,167454748.72732362,337465899.0782467,128739441.0546296,147546625090.22067,21434638593.73246,9291237943.80313,58937.5102079861
46,2020,3,29,12,29,41.97,-4338003.067,17961780.394,19117529.314,-2621.9622,-2343.3682999999996,1615.5746,2020-03-29 12:29:41.970,166638010.63857165,337748491.8124108,128938755.22316028,147542858290.49695,21459029866.202972,9301812468.242695,58937.52062465277
46,2020,3,29,12,44,41.97,-6653830.041999999,15704786.533,20403455.919,-2516.96605,-2664.96056,1237.99038,2020-03-29 12:44:41.970,165820424.94012997,338029326.7763426,129137398.5044532,147539086722.55093,21483420425.412838,9312386684.60515,58937.53104131943
46,2020,3,29,12,59,41.97,-8855616.138,13178617.311,21339613.314999998,-2368.90801,-2940.69278,839.4218500000001,2020-03-29 12:59:41.970,165001995.57663485,338308401.9897237,129335369.66536029,147535310386.59476,21507810270.557793,9322960592.537283,58937.5414579861
46,2020,3,29,13,14,41.97,-10905711.397,10426700.742999999,21910164.154999997,-2180.36238,-3165.91644,426.6905,2020-03-29 13:14:41.970,164182726.49881938,338585715.4791323,129532667.47508949,147531529282.84055,21532199400.833683,9333534191.685944,58937.55187465277
46,2020,3,29,13,29,41.97,-12769091.474000001,7496265.2930000005,22105519.941999998,-1954.58098,-3336.84563,6.841810000000001,2020-03-29 13:29:41.970,163362621.6635071,338861265.278057,129729290.70521177,147527743411.5008,21556587815.436478,9344107481.698,58937.56229131943
46,2020,3,29,13,44,41.97,-14413942.749,4437535.976,21922490.028,-1695.43673,-3450.6158400000004,-412.97187,2020-03-29 13:44:41.970,162541685.03360495,339135049.4269095,129925238.12966682,147523952772.78827,21580975513.562286,9354680462.220406,58937.5727079861
46,2020,3,29,13,59,41.97,-15812192.415,1302884.188,21364324.766999997,-1407.3579599999998,-3505.3279,-825.60918,2020-03-29 13:59:41.970,161719920.5780957,339407065.97304016,130120508.52477038,147520157366.91586,21605362494.40731,9365253132.900127,58937.58312465277
46,2020,3,29,14,14,41.97,-16939975.658,-1854055.175,20440652.891000003,-1095.25449,-3500.0767100000003,-1224.05664,2020-03-29 14:14:41.970,160897332.2720318,339677312.9707501,130315100.66922058,147516357194.09668,21629748757.16787,9375825493.384176,58937.59354131943
46,2020,3,29,14,29,41.97,-17778033.038000003,-4979285.4969999995,19167314.616,-764.4366200000001,-3434.96446,-1601.54323,2020-03-29 14:29:41.970,160073924.09652787,339945788.4813054,130509013.34410448,147512552254.54422,21654134301.04047,9386397543.31963,58937.6039579861
46,2020,3,29,14,44,41.97,-18312032.142,-8019355.151,17566093.347000003,-420.52804,-3311.09836,-1951.6508999999999,2020-03-29 14:44:41.970,159249700.03875405,340212490.5729509,130702245.33290477,147508742548.472,21678519125.221634,9396969282.353598,58937.61437465277
46,2020,3,29,14,59,41.97,-18532808.6,-10922255.154000001,15664350.207,-69.37395000000001,-3130.57283,-2268.41977,2020-03-29 14:59:41.970,158424664.09192848,340477417.32092446,130894795.42150638,147504928076.09387,21702903228.908096,9407540710.133224,58937.62479131943
46,2020,3,29,15,14,41.97,-18436522.66,-13638293.879999999,13494566.931,283.05451999999997,-2896.43634,-2546.44632,2020-03-29 15:14:41.970,157598820.2553106,340740566.80746937,131086662.39820312,147501108837.62378,21727286611.296673,9418111826.305725,58937.6352079861
46,2020,3,29,15,29,41.97,-18024728.597000003,-16120935.141,11093803.943,630.75823,-2612.64326,-2780.97343,2020-03-29 15:29:41.970,156772172.53419402,341001937.12184936,131277845.05370432,147497284833.2761,21751669271.58431,9428682630.518343,58937.64562465277
46,2020,3,29,15,44,41.97,-17304355.463,-18327586.348,8503081.679000001,967.8088700000001,-2283.99113,-2967.97071,2020-03-29 15:44:41.970,155944724.93989924,341261526.36036205,131468342.1811414,147493456063.26538,21776051208.968052,9439253122.418356,58937.65604131943
46,2020,3,29,15,59,41.97,-16287598.882000001,-20220323.928000003,5766694.475000001,1288.44755,-1916.04413,-3104.20379,2020-03-29 15:59:41.970,155116481.48976687,341519332.6263531,131658152.57607481,147489622527.80637,21800432422.645103,9449823301.65312,58937.6664579861
46,2020,3,29,16,14,41.97,-14991724.949,-21766543.935999997,2931467.4390000002,1587.1813100000002,-1515.04353,-3187.2915399999997,2020-03-29 16:14:41.970,154287446.20714974,341775354.0302288,131847275.03650038,147485784227.11383,21824812911.81278,9460393167.869997,58937.67687465277
46,2020,3,29,16,29,41.97,-13438788.603,-22939526.636,45967.832,1858.8763999999999,-1087.80627,-3215.74978,2020-03-29 16:29:41.970,153457623.12140682,342029588.689472,132035708.36285624,147481941161.4032,21849192675.668495,9470962720.71643,58937.68729131943
46,2020,3,29,16,44,41.97,-11655270.257,-23718904.998000003,-2840316.549,2098.8464,-641.61307,-3189.02072,2020-03-29 16:44:41.970,152627016.267895,342282034.72865486,132223451.35802954,147478093330.88956,21873571713.409832,9481531959.839884,58937.6977079861
46,2020,3,29,16,59,41.97,-9671635.867,-24091028.329,-5677818.739999999,2302.93393,-184.08762000000002,-3107.4873,2020-03-29 16:59:41.970,151795629.68796262,342532690.2794519,132410502.82736294,147474240735.78873,21897950024.23445,9492100884.887884,58937.70812465277
46,2020,3,29,17,14,41.97,-7521827.0,-24049213.827,-8417739.807,2467.58433,276.93136000000004,-2972.47174,2020-03-29 17:14:41.970,150963467.42894158,342781553.4806557,132596861.57866172,147470383376.31656,21922327607.340153,9502669495.507996,58937.71854131943
46,2020,3,29,17,29,41.97,-5242688.774999999,-23593880.591000002,-11012887.565000001,2589.90977,733.52308,-2786.2181499999997,2020-03-29 17:29:41.970,150130533.54414082,343028622.4781904,132782526.42220004,147466521252.68912,21946704461.92488,9513237791.34782,58937.7289579861
46,2020,3,29,17,44,41.97,-2873344.824,-22732562.494999997,-13418492.378,2667.7426299999997,1177.82045,-2551.8589399999996,2020-03-29 17:44:41.970,149296832.09283817,343273895.42512465,132967496.17072822,147462654365.12268,21971080587.186676,9523805772.055033,58937.73937465277
46,2020,3,29,17,59,41.97,-454529.50600000005,-21479798.441,-15592985.654,2699.67699,1602.14646,-2273.36561,2020-03-29 17:59:41.970,148462367.14027387,343517370.4816869,133151769.63947906,147458782713.83368,21995455982.323704,9534373437.277319,58937.74979131943
46,2020,3,29,18,14,41.97,1972111.4070000001,-19856900.615,-17498727.083,2685.09706,1999.14849,-1955.48422,2020-03-29 18:14:41.970,147627142.75764275,343759045.81527907,133335345.64617498,147454906299.03894,22019830646.53427,9544940786.662437,58937.7602079861
46,2020,3,29,18,29,41.97,4364739.598,-17891603.615,-19102667.308,2624.19204,2361.92829,-1603.65655,2020-03-29 18:29:41.970,146791163.02208677,343998919.6004901,133518223.01103453,147451025120.95535,22044204579.0168,9555507819.858187,58937.77062465277
46,2020,3,29,18,44,41.97,6682050.069,-15617599.532,-20376933.669999998,2517.9567899999997,2684.1650600000003,-1223.92825,2020-03-29 18:44:41.970,145954432.0166881,344236990.0191108,133700400.5567795,147447139179.80032,22068577778.969837,9566074536.512403,58937.78104131943
46,2020,3,29,18,59,41.97,8883991.138,-13073966.221,-21299327.883,2368.1781100000003,2960.2293,-822.84528,2020-03-29 18:59:41.970,145116953.83046138,344473255.26014733,133881877.10864139,147443248475.791,22092950245.592056,9576640936.27298,58937.7914579861
46,2020,3,29,19,14,41.97,10932465.58,-10304498.137,-21853725.967,2177.40658,3185.2851800000003,-407.34051,2020-03-29 19:14:41.970,144278732.55834633,344707713.5198362,134062651.49436848,147439353009.145,22117321978.082253,9587207018.787848,58937.80187465277
46,2020,3,29,19,29,41.97,12792000.128,-7356951.012,-22030372.430999998,1948.91446,3355.3792599999997,15.3875,2020-03-29 19:29:41.970,143439772.30120048,344940363.0016575,134242722.54423258,147435452780.08044,22141692975.639343,9597772783.704994,58937.81229131943
46,2020,3,29,19,44,41.97,14430370.945,-4282213.458000001,-21826062.599,1686.6401099999998,3467.51386,438.00144,2020-03-29 19:44:41.970,142600077.1657912,345171201.9163495,134422089.0910361,147431547788.8152,22166063237.462376,9608338230.672447,58937.8227079861
46,2020,3,29,19,59,41.97,15819173.372,-1133420.12,-21244209.008,1395.1199000000001,3519.70337,853.15556,2020-03-29 19:59:41.970,141759651.26478887,345400228.4819231,134600749.97011867,147427638035.56757,22190432762.750538,9618903359.338284,58937.83312465277
46,2020,3,29,20,14,41.97,16934325.167999998,2034977.7280000001,-20294789.978,1079.4087100000002,3511.01232,1253.62679,2020-03-29 20:14:41.970,140918498.71675894,345627440.9236757,134778704.0193639,147423723520.55618,22214801550.703114,9629468169.350624,58937.84354131943
46,2020,3,29,20,29,41.97,17756493.658,5168167.223,-18994180.701,744.99061,3441.57417,1632.44424,2020-03-29 20:29:41.970,140076623.64615425,345852837.4742056,134955950.07920676,147419804243.99973,22239169600.519516,9640032660.357643,58937.8539579861
46,2020,3,29,20,44,41.97,18271438.558000002,8211937.055000001,-17364869.478,397.68108,3312.59042,1983.0145,2020-03-29 20:44:41.970,139234030.18330783,346076416.3734264,135132486.99264017,147415880206.11725,22263536911.399326,9650596832.007553,58937.86437465277
46,2020,3,29,20,59,41.97,18470263.854000002,11113630.854999999,-15435064.024,43.52301,3126.30989,2299.24025,2020-03-29 20:59:41.970,138390722.46442515,346298175.8685813,135308313.6052217,147411951407.12778,22287903482.542194,9661160683.94862,58937.87479131943
46,2020,3,29,21,14,41.97,18349573.866,13823073.052,-13238194.944999998,-311.32184,2885.98834,2575.6297799999998,2020-03-29 21:14:41.970,137546704.63157624,346518114.21425706,135483428.76508114,147408017847.25073,22312269313.147938,9671724215.829165,58937.8852079861
46,2020,3,29,21,29,41.97,17911530.513,16293449.906,-10812325.573,-660.68354,2595.82937,2807.39516,2020-03-29 21:29:41.970,136701980.83268833,346736229.67239887,135657831.32292688,147404079526.706,22336634402.41647,9682287427.297535,58937.89562465277
46,2020,3,29,21,44,41.97,17163810.766999997,18482129.293,-8199479.254,-998.4947,2260.90766,2990.53724,2020-03-29 21:44:41.970,135856555.22153807,346952520.51232475,135831520.1320533,147400136445.71326,22360998749.547863,9692850318.00215,58937.90604131943
46,2020,3,29,21,59,41.97,16119465.293,20351404.031999998,-5444896.821,-1318.89893,1887.0761599999998,3121.91554,2020-03-29 21:59:41.970,135010431.95774367,347166985.0107393,136004494.0483471,147396188604.49237,22385362353.742306,9703412887.591452,58937.9164579861
46,2020,3,29,22,14,41.97,14796681.275999999,21869145.174000002,-2596238.3639999996,-1616.355,1480.8591,3199.30194,2020-03-29 22:14:41.970,134163615.20675749,347379621.45174885,136176751.93029523,147392236003.264,22409725214.200092,9713975135.713953,58937.92687465277
46,2020,3,29,22,29,41.97,13218454.318,23009353.55,297255.576,-1885.73441,1049.3333300000002,3221.41703,2020-03-29 22:29:41.970,133316109.13985778,347590428.1268759,136348292.63899103,147388278642.24854,22434087330.121666,9724537062.018196,58937.93729131943
46,2020,3,29,22,44,41.97,11412176.115,23752600.058,3185627.567,-2122.41065,600.00018,3187.94873,2020-03-29 22:44:41.970,132467917.93414144,347799403.33507323,136519115.0381418,147384316521.66666,22458448700.7076,9735098666.15279,58937.9477079861
46,2020,3,29,22,59,41.97,9409146.162999999,24086347.481000002,6019075.522,-2322.3385200000002,140.65076000000002,3099.55297,2020-03-29 22:59:41.970,131619045.7725157,348006545.382738,136689217.99407542,147380349641.73944,22482809325.158577,9745659947.76638,58937.95812465277
46,2020,3,29,23,14,41.97,7244017.1620000005,24005149.134,8748817.596,-2482.12198,-320.77259000000004,2957.83678,2020-03-29 23:14:41.970,130769496.84369063,348211852.5837276,136858600.37574792,147376378002.68805,22507169202.675423,9756220906.507652,58937.96854131943
46,2020,3,29,23,29,41.97,4954184.836999999,23510722.068,11327934.208,-2599.0696,-776.31602,2765.3245,2020-03-29 23:29:41.970,129919275.34217098,348415323.2593735,137027261.05474994,147372401604.7338,22531528332.459106,9766781542.025358,58937.9789579861
46,2020,3,29,23,44,41.97,2579133.763,22611895.056,13712172.413,-2671.23684,-1218.15231,2525.4081199999996,2020-03-29 23:44:41.970,129068385.46824858,348616955.73849535,137195198.9053143,147368420448.09836,22555886713.710686,9777341853.968283,58937.98937465277
46,2020,3,29,23,59,41.97,159751.27000000002,21324433.891,15860698.956,-2697.45464,-1638.71497,2242.28312,2020-03-29 23:59:41.970,128216831.42799383,348816748.357416,137362412.80432266,147364434533.00363,22580244345.631367,9787901841.98527,58937.99979131943
46,2020,3,30,0,14,41.97,-2262378.428,19670749.432,17736790.537,-2677.34417,-2030.8259199999998,1920.87121,2020-03-30 00:14:41.970,127364617.43324848,349014699.4599768,137528901.63131303,147360443859.67163,22604601227.42249,9798461505.72521,58938.0102079861
46,2020,3,30,0,29,41.97,-4645686.171999999,17679490.648,19308444.671,-2611.31857,-2387.81513,1566.7324199999998,2020-03-30 00:29:41.970,126511747.70161714,349210807.3975513,137694664.26848665,147356448428.3247,22628957358.285526,9809020844.837038,58938.02062465277
46,2020,3,30,0,44,41.97,-6949327.47,15385041.783,20548916.414,-2500.57024,-2703.6296,1185.96653,2020-03-30 00:44:41.970,125658226.4564593,349405070.52905995,137859699.6007151,147352448239.18524,22653312737.422066,9819579858.969738,58938.03104131943
46,2020,3,30,0,59,41.97,-9133872.835,12826919.247,21437153.439000003,-2347.04669,-2972.9312,785.1081399999999,2020-03-30 00:59:41.970,124804057.92688133,349597487.22098607,138024006.51554748,147348443292.47598,22677667364.03384,9830138547.772356,58938.0414579861
46,2020,3,30,1,14,41.97,-11161972.018000001,10049089.694,21958138.669,-2153.4139,-3191.1816599999997,371.01539,2020-03-30 01:14:41.970,123949246.34772855,349788055.84738874,138187583.90321773,147344433588.42014,22702021237.322693,9840696910.89395,58938.05187465277
46,2020,3,30,1,29,41.97,-12998980.004999999,7099217.069999999,22103129.901,-1923.00873,-3354.7137500000003,-49.24512,2020-03-30 01:29:41.970,123093795.95957686,349976774.78991926,138350430.65665144,147340419127.24066,22726374356.490616,9851254947.983677,58938.06229131943
46,2020,3,30,1,44,41.97,-14613535.549,4027851.94,21869794.724,-1659.78118,-3460.78823,-468.51564,2020-03-30 01:44:41.970,122237711.00872457,350163642.43783486,138512545.67147344,147336399909.16098,22750726720.739723,9861812658.69071,58938.0727079861
46,2020,3,30,1,59,41.97,-15978083.578,887576.336,21262239.511,-1368.22755,-3507.63571,-879.6650999999999,2020-03-30 01:59:41.970,121380995.74718454,350348657.188014,138673927.84601468,147332375934.40457,22775078329.272255,9872370042.66429,58938.08312465277
46,2020,3,30,2,14,41.97,-17069333.736,-2267882.3000000003,20290932.755000003,-1053.31558,-3494.4833700000004,-1275.7058100000002,2020-03-30 02:14:41.970,120523654.43267559,350531817.44497114,138834576.0813198,147328347203.19547,22799429181.290585,9882927099.553673,58938.09354131943
46,2020,3,30,2,29,41.97,-17868648.270000003,-5384554.222,18972524.434,-720.4024999999999,-3421.56616,-1649.90753,2020-03-30 02:29:41.970,119665691.3286146,350713121.6208712,138994489.2811537,147324313715.7577,22823779275.997223,9893483829.008217,58938.1039579861
46,2020,3,30,2,44,41.97,-18362353.479000002,-8409133.57,17329564.469,-375.14723,-3290.12241,-1995.90742,2020-03-30 02:44:41.970,118807110.70410776,350892568.13554496,139153666.35200962,147320275472.31558,22848128612.594803,9904040230.677286,58938.11437465277
46,2020,3,30,2,59,41.97,-18541969.954,-11289873.663,15390124.677,-23.41798,-3102.37403,-2307.8142900000003,2020-03-30 02:59:41.970,117947916.83394279,351070155.4165045,139312106.20311567,147316232473.0934,22872477190.286095,9914596304.210304,58938.12479131943
46,2020,3,30,3,14,41.97,-18404357.933,-13977457.526,13187329.929,328.80379,-2861.49134,-2580.3058499999997,2020-03-30 03:14:41.970,117088113.99858041,351245881.8989568,139469807.7464428,147312184718.316,22896825008.274,9925152049.256771,58938.1352079861
46,2020,3,30,3,29,41.97,-17951775.224,-16425830.020000001,10758805.499,675.5214000000001,-2571.5429799999997,-2808.7175,2020-03-30 03:29:41.970,116227706.48414564,351419746.02581924,139626769.89671123,147308132208.20834,22921172065.761543,9935707465.466194,58938.14562465277
46,2020,3,30,3,44,41.97,-17191846.342,-18592978.334,8146048.857,1010.8220000000001,-2237.4313300000003,-2989.12124,2020-03-30 03:44:41.970,115366698.58242,351591746.2477355,139782991.57139862,147304074942.99564,22945518361.951885,9946262552.48817,58938.15604131943
46,2020,3,30,3,59,41.97,-16137442.743999999,-20441648.104,5393735.347,1328.97484,-1864.81418,-3118.3934299999996,2020-03-30 03:59:41.970,114505094.59083253,351761881.02308923,139938471.6907467,147300012922.90308,22969863896.04833,9956817309.972307,58938.1664579861
46,2020,3,30,4,14,41.97,-14806475.388,-21939983.222999997,2548968.339,1624.52756,-1460.01366,-3194.27022,2020-03-30 04:14:41.970,113642898.8124516,351930148.8180205,140093209.17776904,147295946148.15616,22994208667.25429,9967371737.5683,58938.17687465277
46,2020,3,30,4,29,41.97,-13221602.169,-23062078.237,-339514.48199999996,1892.39882,-1029.91328,-3215.38947,2020-03-30 04:29:41.970,112780115.5559763,352096548.1064393,140247202.95825812,147291874618.98108,23018552674.773354,9977925834.925858,58938.18729131943
46,2020,3,30,4,44,41.97,-11409854.208999999,-23788433.453,-3222166.1130000004,2127.96576,-581.8449,-3181.31817,2020-03-30 04:44:41.970,111916749.13572797,352261077.3700418,140400451.96079293,147287798335.60355,23042895917.809174,9988479601.694786,58938.1977079861
46,2020,3,30,4,59,41.97,-9402186.341,-24106304.167999998,-6049473.149999999,2327.14468,-123.46683,-3092.56472,2020-03-30 04:59:41.970,111052803.87164156,352423735.0983254,140552955.11674607,147283717298.25,23067238395.56559,9999033037.524902,58938.20812465277
46,2020,3,30,5,14,41.97,-7232958.542,-24009937.028,-8772802.649,2486.46361,337.36482,-2950.57539,2020-03-30 05:14:41.970,110188284.0892571,352584519.7886032,140704711.3602913,147279631507.14673,23091580107.246563,10009586142.06608,58938.21854131943
46,2020,3,30,5,29,41.97,-4939356.343,-23500688.286000002,-11345238.617999999,2603.12513,792.7295600000001,-2757.71475,2020-03-30 05:29:41.970,109323194.11971083,352743429.9460204,140855719.6284111,147275540962.52063,23115921052.056183,10020138914.968262,58938.2289579861
46,2020,3,30,5,44,41.97,-2560759.517,-22587020.631,-13722393.651,2675.05823,1234.77854,-2517.23005,2020-03-30 05:44:41.970,108457538.29972696,352900464.0835678,141005978.8609037,147271445664.5984,23140261229.19868,10030691355.881418,58938.23937465277
46,2020,3,30,5,59,41.97,-138069.41499999998,-21284377.376000002,-15863181.411,2700.9582100000002,1655.8707100000001,-2233.1999100000003,2020-03-30 05:59:41.970,107591320.97160839,353055620.7220986,141155488.00039077,147267345613.60724,23164600637.878403,10041243464.455587,58938.24979131943
46,2020,3,30,6,14,41.97,2286993.732,-19614934.91,-17730536.038,2680.31337,2048.7067300000003,-1910.46781,2020-03-30 06:14:41.970,106724546.48322852,353208898.39034307,141304245.99232492,147263240809.77438,23188939277.29984,10051795240.34086,58938.2602079861
46,2020,3,30,6,29,41.97,4672611.459,-17607236.566,-19292065.296,2613.41811,2406.45819,-1554.56154,2020-03-30 06:29:41.970,105857219.18802205,353360295.62492365,141452251.78499696,147259131253.32758,23213277146.66763,10062346683.187353,58938.27062465277
46,2020,3,30,6,44,41.97,6977593.074,-15295713.265,-20520625.242,2501.37169,2722.88957,-1171.5996,2020-03-30 06:44:41.970,104989343.44497631,353509810.9703704,141599504.32954347,147255016944.49457,23237614245.18652,10072897792.645266,58938.28104131943
46,2020,3,30,6,59,41.97,9162094.098,-12720098.481999999,-21394805.446,2346.06262,2992.4707599999997,-768.18628,2020-03-30 06:59:41.970,104120923.61862248,353657442.979137,141746002.57995436,147250897883.5033,23261950572.0614,10083448568.364828,58938.2914579861
46,2020,3,30,7,14,41.97,11188314.17,-9924747.126,-21899315.29,2150.1387099999997,3210.4777000000004,-351.29708,2020-03-30 07:14:41.970,103251964.0790266,353803190.2116151,141891745.49308035,147246774070.58194,23286286126.497314,10093999009.996332,58938.30187465277
46,2020,3,30,7,29,41.97,13021161.663,-6957869.903,-22025263.584,1916.9630900000002,3373.07924,71.84343,2020-03-30 07:29:41.970,102382469.2017805,353947051.2361498,142036732.02864027,147242645505.95886,23310620907.699425,10104549117.190107,58938.31229131943
46,2020,3,30,7,44,41.97,14628872.689,-3870696.438,-21770325.652,1650.5569899999998,3477.4083,493.88914,2020-03-30 07:44:41.970,101512443.36799322,354089024.62905616,142180961.14922905,147238512189.86276,23334954914.872993,10115098889.596556,58938.3227079861
46,2020,3,30,7,59,41.97,15983572.897,-716581.9739999999,-21138794.093000002,1355.53002,3521.6158499999997,907.50299,2020-03-30 07:59:41.970,100641890.96428157,354229108.9746337,142324431.82032487,147234374122.52267,23359288147.223515,10125648326.866123,58938.33312465277
46,2020,3,30,8,14,41.97,17061771.422000002,2449926.292,-20141511.630000003,1036.99931,3504.90647,1305.48798,2020-03-30 08:14:41.970,99770816.38276133,354367302.86518216,142467143.0102968,147230231304.1674,23383620603.956516,10136197428.649294,58938.34354131943
46,2020,3,30,8,29,41.97,17844777.566,5574046.238,-18795686.676000003,700.4989400000001,3427.55459,1680.9163199999998,2020-03-30 08:29:41.970,98899224.02103812,354503604.90101695,142609093.6904127,147226083735.0264,23407952284.27773,10146746194.596613,58938.3539579861
46,2020,3,30,8,44,41.97,18319032.174,8601723.589,-17124594.580000002,351.88124,3290.90098,2027.2539799999997,2020-03-30 08:44:41.970,98027118.28219832,354638013.6904844,142750282.83484632,147221931415.3292,23432283187.39297,10157294624.358686,58938.36437465277
46,2020,3,30,8,59,41.97,18476347.301000003,11480582.583999999,-15157169.757,-2.78797,3097.3293700000004,2338.4781700000003,2020-03-30 08:59:41.970,97154503.57479976,354770527.84997845,142890709.42068538,147217774345.30545,23456613312.508244,10167842717.58616,58938.37479131943
46,2020,3,30,9,14,41.97,18314049.549,14160846.788999999,-12927496.102,-357.33833,2850.2235699999997,2609.1855100000002,2020-03-30 09:14:41.970,96281384.31286266,354901146.003955,143030372.42793894,147213612525.18515,23480942658.829636,10178390473.929737,58938.3852079861
46,2020,3,30,9,29,41.97,17835024.338,16596212.872,-10474205.134,-705.60581,2553.90602,2834.68856,2020-03-30 09:29:41.970,95407764.91586038,355029866.78494775,143169270.83954492,147209445955.1984,23505271225.563416,10188937893.040163,58938.39562465277
46,2020,3,30,9,44,41.97,17047660.362,18744661.047000002,-7839793.214000001,-1041.54323,2213.5587499999997,3011.0988399999997,2020-03-30 09:44:41.970,94533649.80871004,355156688.83358467,143307403.64137813,147205274635.57574,23529599011.915962,10199484974.568264,58938.40604131943
46,2020,3,30,9,59,41.97,15965695.503999999,20569187.19,-5069870.756,-1359.32836,1835.1286200000002,3135.39468,2020-03-30 09:59:41.970,93659043.4217634,355281610.79860264,143444769.8222579,147201098566.54752,23553926017.093807,10210031718.164885,58938.4164579861
46,2020,3,30,10,14,41.97,14607967.443,22038443.266,-2212357.711,-1653.4672699999999,1425.21873,3205.47259,2020-03-30 10:14:41.970,92783950.19079722,355404631.33686376,143581368.3739553,147196917748.3448,23578252240.303604,10220578123.48094,58938.42687465277
46,2020,3,30,10,29,41.97,12998074.112,23127274.667000003,683359.4500000001,-1918.8909999999998,990.9683,3220.18132,2020-03-30 10:29:41.970,91908374.55700405,355525749.11337084,143717198.2912014,147192732181.19843,23602577680.75215,10231124190.167395,58938.43729131943
46,2020,3,30,10,44,41.97,11163950.902,23817145.211,3567293.369,-2151.0436,539.92361,3179.33803,2020-03-30 10:44:41.970,91032320.96698284,355644962.80128354,143852258.57169467,147188541865.3397,23626902337.646393,10241669917.875273,58938.4477079861
46,2020,3,30,10,59,41.97,9137373.079000002,24096442.958,6389727.97,-2345.96,79.90265000000001,3083.72663,2020-03-30 10:59:41.970,90155793.87272912,355762271.0819335,143986548.21610922,147184346801.00015,23651226210.193398,10252215306.255627,58938.45812465277
46,2020,3,30,11,14,41.97,6953393.225,23960662.413,9102081.194,-2500.3324000000002,-381.14376,2935.07864,2020-03-30 11:14:41.970,89278797.73162603,355877672.6448411,144120066.22810164,147180146988.41144,23675549297.6004,10262760354.959597,58938.46854131943
46,2020,3,30,11,29,41.97,4649724.546,23412461.222000003,11657742.843,-2611.56397,-835.2715499999999,2736.0371200000004,2020-03-30 11:29:41.970,88401337.00643422,355991166.18772954,144252811.6143197,147175942427.8054,23699871599.074707,10273305063.638351,58938.4789579861
46,2020,3,30,11,44,41.97,2266081.7189999996,22461591.858,14012872.909,-2677.80943,-1274.68117,2490.10512,2020-03-30 11:44:41.970,87523416.16528255,356102750.41654336,144384783.38440943,147171733119.4141,23724193113.823837,10283849431.943129,58938.48937465277
46,2020,3,30,11,59,41.97,-156508.59,21124711.13,16127146.843,-2698.00187,-1691.8509399999998,2201.57962,2020-03-30 11:59:41.970,86645039.68165839,356212424.04546213,144515980.55102342,147167519063.4699,23748513841.05542,10294393459.525192,58938.49979131943
46,2020,3,30,12,14,41.97,-2576415.179,19425072.463,17964435.577,-2671.86583,-2079.6638500000004,1875.4728400000001,2020-03-30 12:14:41.970,85766212.0343977,356320185.7969168,144646402.12982848,147163300260.2054,23772833779.977203,10304937146.035902,58938.5102079861
46,2020,3,30,12,29,41.97,-4952115.402000001,17392107.834,19493409.588999998,-2599.9168099999997,-2431.5256999999997,1517.42243,2020-03-30 12:29:41.970,84886937.70767571,356426034.40160674,144776047.13951352,147159076709.8533,23797152929.797127,10315480491.126633,58938.52062465277
46,2020,3,30,12,44,41.97,-7242901.857,15060907.886,20688057.9,-2483.4476099999997,-2741.4729,1133.59256,2020-03-30 12:44:41.970,84007221.19099684,356529968.5985143,144904914.60179728,147154848412.6466,23821471289.723213,10326023494.44883,58938.53104131943
46,2020,3,30,12,59,41.97,-9409571.066,12471610.181,21528114.571999997,-2324.50211,-3004.26862,730.56758,2020-03-30 12:59:41.970,83127066.97918485,356631987.13492185,145033003.5414362,147150615368.81842,23845788858.96364,10336566155.653997,58938.5414579861
46,2020,3,30,13,14,41.97,-11415083.172,9668706.695,21999386.913999997,-2125.8371899999997,-3215.48597,315.24026,2020-03-30 13:14:41.970,82246479.57237317,356732088.7664273,145160312.98623234,147146377578.60223,23870105636.72675,10347108474.393679,58938.55187465277
46,2020,3,30,13,29,41.97,-13225182.407,6700282.586,22093981.261,-1890.8738,-3371.5773599999998,-105.30380000000001,2020-03-30 13:29:41.970,81365463.4759949,356830272.2569604,145286841.9670416,147142135042.23166,23894421622.221004,10357650450.31948,58938.56229131943
46,2020,3,30,13,44,41.97,-14808968.893,3617198.987,21810423.79,-1623.6379299999999,-3469.92947,-523.90355,2020-03-30 13:44:41.970,80484023.20077266,356926536.3787983,145412589.517781,147137887759.9404,23918736814.65501,10368192083.083055,58938.5727079861
46,2020,3,30,13,59,41.97,-16139413.243,472233.087,21153675.351999998,-1328.69265,-3508.9031099999997,-933.44033,2020-03-30 13:59:41.970,79602163.26270895,357020879.91258264,145537554.6754373,147133635731.9626,23943051213.237503,10378733372.336123,58938.58312465277
46,2020,3,30,14,14,41.97,-17193806.327,-2680810.856,20135040.782,-1011.0622099999999,-3487.8579,-1326.9542700000002,2020-03-30 14:14:41.970,78719888.1830758,357113301.6473349,145661736.48007432,147129378958.53247,23967364817.177376,10389274317.730453,58938.59354131943
46,2020,3,30,14,29,41.97,-17954137.558,-5788005.706,18771974.583,-676.14925,-3407.16138,-1697.75792,2020-03-30 14:29:41.970,77837202.48840491,357203800.3804729,145785133.97484136,147125117439.8846,23991677625.683674,10399814918.917866,58938.6039579861
46,2020,3,30,14,44,41.97,-18407396.038,-8796206.861000001,17087786.211,-329.64639,-3268.1826300000002,-2039.54549,2020-03-30 14:44:41.970,76954110.71047725,357292374.91782653,145907746.2059812,147120851176.25354,24015989637.96553,10410355175.550232,58938.61437465277
46,2020,3,30,14,59,41.97,-18545789.944,-11653944.932,15111249.56,22.55685,-3073.2703300000003,-2346.49626,2020-03-30 14:59:41.970,76070617.38631311,357379024.07365525,146029572.22283775,147116580167.87418,24040300853.232304,10420895087.279488,58938.62479131943
46,2020,3,30,15,14,41.97,-18366880.621,-14312291.841,12876122.521,374.47032,-2825.71571,-2613.37075,2020-03-30 15:14:41.970,75186727.0581617,357463746.6706624,146150611.07786417,147112304414.9817,24064611270.69339,10431434653.7576,58938.6352079861
46,2020,3,30,15,29,41.97,-17873628.992000002,-16725686.753999999,10420583.784,720.1016,-2529.7004300000003,-2835.59824,2020-03-30 15:29:41.970,74302444.27349095,357546541.5400133,146270861.8266311,147108023917.81137,24088920889.558422,10441973874.636642,58938.64562465277
46,2020,3,30,15,44,41.97,-17074353.086,-18852708.684,7786595.272,1053.5549099999998,-2190.23024,-3009.3542599999996,2020-03-30 15:44:41.970,73417773.58497724,357627407.52135074,146390323.5278347,147103738676.59875,24113229709.03712,10452512749.568691,58938.65604131943
46,2020,3,30,15,59,41.97,-15982596.744,-20656783.122,5019199.829,1369.12931,-1813.05493,-3131.62682,2020-03-30 15:59:41.970,72532719.55049482,357706343.4628108,146508995.2433046,147099448691.57965,24137537728.339375,10463051278.205893,58938.6664579861
46,2020,3,30,16,14,41.97,-14616910.899,-22106810.865,2165764.877,1661.4145899999999,-1404.5755900000001,-3200.27003,2020-03-30 16:14:41.970,71647286.73310567,357783348.2210403,146626876.03801164,147095153962.9899,24161844946.67519,10473589460.200464,58938.67687465277
46,2020,3,30,16,29,41.97,-13000550.158,-23177708.088,-724816.1780000001,1925.3833,-971.74038,-3214.0441800000003,2020-03-30 16:29:41.970,70761479.70104872,357858420.66121286,146743964.98007682,147090854491.06583,24186151363.25474,10484127295.204653,58938.68729131943
46,2020,3,30,16,44,41.97,-11161088.838,-23850847.937,-3602952.077,2156.47744,-521.93015,-3172.6412,2020-03-30 16:44:41.970,69875303.02772956,357931559.65704507,146860261.14077875,147086550276.04376,24210456977.28833,10494664782.870779,58938.6977079861
46,2020,3,30,16,59,41.97,-9129961.99,-24114395.261,-6419197.948,2350.6882299999997,-62.83564,-3076.69485,2020-03-30 16:59:41.970,68988761.29170974,358002764.09081274,146975763.59456176,147082241318.1603,24234761787.986412,10505201922.85122,58938.70812465277
46,2020,3,30,17,14,41.97,-6941938.319,-23963527.703,-9125101.608000001,2504.62746,397.67192,-2927.77506,2020-03-30 17:14:41.970,68101859.07669632,358072032.8533676,147090471.41904458,147077927617.65216,24259065794.559566,10515738714.798393,58938.71854131943
46,2020,3,30,17,29,41.97,-4634533.214,-23400538.143999998,-11674037.571,2615.5889700000002,851.67468,-2728.36627,2020-03-30 17:29:41.970,67214600.97153099,358139364.84415424,147204383.69502807,147073609174.7565,24283368996.218544,10526275158.364786,58938.7289579861
46,2020,3,30,17,44,41.97,-2247371.322,-22434815.472999997,-14022014.296,2681.5990699999998,1291.3443300000001,-2481.82966,2020-03-30 17:44:41.970,66326991.570179425,358204758.97122645,147317499.5065033,147069285989.71045,24307671392.174217,10536811253.202934,58938.73937465277
46,2020,3,30,17,59,41.97,178490.812,-21082702.71,-16128440.401,2701.45475,1709.0781,-2192.34977,2020-03-30 17:59:41.970,65439035.4717205,358268214.1512628,147429817.94066033,147064958062.75168,24331972981.63762,10547346998.965431,58938.74979131943
46,2020,3,30,18,14,41.97,2601270.6210000003,-19367233.695,-17956836.007999998,2674.74869,2097.63215,-1864.8661200000001,2020-03-30 18:14:41.970,64550737.28033562,358329729.30958486,147541338.08789575,147060625394.11758,24356273763.8199,10557882395.304932,58938.7602079861
46,2020,3,30,18,29,41.97,4979181.736,-17317751.789,-19475476.136,2601.88044,2450.25001,-1504.99081,2020-03-30 18:29:41.970,63662101.60529757,358389303.3801728,147652059.04182148,147056287984.04614,24380573737.93238,10568417441.874136,58938.77062465277
46,2020,3,30,18,44,41.97,7271159.898,-14969416.226,-20657954.086999997,2484.0534199999997,2760.78339,-1118.9133,2020-03-30 18:44:41.970,62773133.06095985,358446935.30568177,147761979.8992724,147051945832.77557,24404872903.18654,10578952138.325813,58938.78104131943
46,2020,3,30,18,59,41.97,9437579.617999999,-12362603.936999999,-21483654.028,2323.25737,3023.80326,-713.29415,2020-03-30 18:59:41.970,61883836.266745515,358502624.0374596,147871099.76031548,147047598940.54395,24429171258.79397,10589486484.312777,58938.7914579861
46,2020,3,30,19,14,41.97,11440948.63,-9542216.71,-21938123.516,2122.2365600000003,3234.69879,-295.14928000000003,2020-03-30 19:14:41.970,60994215.84713628,358556368.5355626,147979417.72825724,147043247307.58987,24453468803.9664,10600020479.487896,58938.80187465277
46,2020,3,30,19,29,41.97,13246567.405,-6556905.483,-22013338.446999997,1884.44406,3389.76224,128.27304,2020-03-30 19:29:41.970,60104276.43166128,358608167.7687727,148086932.90965253,147038890934.1521,24477765537.91573,10610554123.50412,58938.81229131943
46,2020,3,30,19,44,41.97,14823141.49,-3458225.263,-21707854.843000002,1613.98275,3486.25795,549.62023,2020-03-30 19:44:41.970,59214022.65488617,358658020.7146142,148193644.4143125,147034529820.4696,24502061459.854015,10621087416.014416,58938.8227079861
46,2020,3,30,19,59,41.97,16143335.188,-299735.67000000004,-21026843.965,1315.53414,3522.47397,961.56622,2020-03-30 19:59:41.970,58323459.15640164,358705926.3593701,148299551.3553134,147030163966.78143,24526356568.993435,10631620356.671846,58938.83312465277
46,2020,3,30,20,14,41.97,17184256.06,2863936.696,-19982009.461000003,994.2761,3497.75511,1356.94238,2020-03-30 20:14:41.970,57432590.58081249,358751883.6980997,148404652.84900454,147025793373.32693,24550650864.54632,10642152945.129503,58938.84354131943
46,2020,3,30,20,29,41.97,17927861.012000002,5978056.961,-18591387.483999997,655.79107,3412.51658,1728.8662100000001,2020-03-30 20:29:41.970,56541421.577725954,358795891.734655,148508948.01501676,147021418040.34576,24574944345.72514,10652685181.040548,58938.8539579861
46,2020,3,30,20,44,41.97,18361276.119,8988744.077,-16879033.056,305.96648999999996,3268.23787,2070.86504,2020-03-30 20:44:41.970,55649956.80174077,358837949.48169714,148612435.97627085,147017037968.0775,24599237011.742527,10663217064.058197,58938.86437465277
46,2020,3,30,20,59,41.97,18477024.016,11843918.474,-14874598.164,-49.110679999999995,3067.4368099999997,2376.9925000000003,2020-03-30 20:59:41.970,54758200.912435494,358878055.9607141,148715115.8589863,147012653156.76236,24623528861.811234,10673748593.835722,58938.87479131943
46,2020,3,30,21,14,41.97,18273154.463,14494217.548,-12612809.281,-403.26331999999996,2813.62416,2641.9351899999997,2020-03-30 21:14:41.970,53866158.57435705,358916210.20203704,148816986.79268876,147008263606.64044,24647819895.144207,10684279770.026457,58938.8852079861
46,2020,3,30,21,29,41.97,17753275.613,16893861.925,-10132854.036999999,-750.33509,2511.23973,2861.1075299999998,2020-03-30 21:29:41.970,52973834.45700931,358952411.2448573,148918047.9102196,147003869317.95224,24672110110.95449,10694810592.283787,58938.89562465277
46,2020,3,30,21,44,41.97,16926485.504,19001456.323,-7477688.585,-1084.30082,2165.57127,3030.7328899999998,2020-03-30 21:44:41.970,52081233.23484151,358986658.13724416,149018298.34774357,146999470290.93823,24696399508.455315,10705341060.261154,58938.90604131943
46,2020,3,30,21,59,41.97,15807205.29,20780710.255000003,-4693278.803,-1399.37411,1782.65771,3147.9092299999998,2020-03-30 21:59:41.970,51188359.58723658,359018949.93616027,149117737.24475777,146995066525.8393,24720688086.860012,10715871173.612068,58938.9164579861
46,2020,3,30,22,14,41.97,14414917.725,22201065.434,-1827789.737,-1690.1099399999998,1369.17895,3210.65829,2020-03-30 22:14:41.970,50295218.198499486,359049285.7074802,149216363.74409986,146990658022.89645,24744975845.382137,10726400931.990091,58938.92687465277
46,2020,3,30,22,29,41.97,12773816.274999999,23238218.744000003,1069261.3630000001,-1951.50034,932.3344500000001,3217.95723,2020-03-30 22:29:41.970,49401813.75784538,359077664.5260066,149314176.9919566,146986244782.35092,24769262783.23529,10736930335.048834,58938.93729131943
46,2020,3,30,22,44,41.97,10912371.985,23874531.869,3947872.485,-2179.06121,479.71316,3169.75246,2020-03-30 22:44:41.970,48508150.95938796,359104085.4754876,149411176.13787237,146981826804.4442,24793548899.633316,10747459382.441984,58938.9477079861
46,2020,3,30,22,59,41.97,8862826.751,24099321.012000002,6758428.705,-2368.9087799999998,19.15761,3066.95561,2020-03-30 22:59:41.970,47614234.5021275,359128547.6486342,149507360.33475786,146977404089.4181,24817834193.790146,10757988073.823263,58938.95812465277
46,2020,3,30,23,14,41.97,6660622.9569999995,23909022.63,9452562.498,-2517.8243899999998,-441.37524,2911.42206,2020-03-30 23:14:41.970,46720069.089939,359151050.1471365,149602728.73889846,146972976637.5141,24842118664.919907,10768516408.846472,58938.96854131943
46,2020,3,30,23,29,41.97,4343780.452,23307233.61,11983987.165000001,-2623.30658,-893.95343,2705.9128,2020-03-30 23:29:41.970,45825659.431560226,359171592.08168167,149697280.50996298,146968544448.97473,24866402312.23684,10779044387.165464,58938.9789579861
46,2020,3,30,23,44,41.97,1952232.614,22304626.683,14309288.864,-2683.60985,-1330.80738,2454.04081,2020-03-30 23:44:41.970,44931010.24057952,359190172.571971,149791014.81101206,146964107524.04196,24890685134.955326,10789572008.434145,58938.98937465277
46,2020,3,30,23,59,41.97,-472866.32200000004,20918744.212,16388663.888999999,-2697.7697200000002,-1744.46243,2160.20323,2020-03-30 23:59:41.970,44036126.235423826,359206790.74673694,149883930.80850697,146959665862.95847,24914967132.289932,10800099272.306486,58938.99979131943
