SVN,Year,Month,Day,Hour,Minute,Second,X_m,Y_m,Z_m,U_m/s,V_m/s,W_m/s,UTC,x_moon,y_moon,z_moon,x_sun,y_sun,z_sun,MJD
46,2020,3,1,0,14,41.97,122869.968,-21384890.893,15681692.217,2742.02214,-1596.71798,-2232.96238,2020-03-01 00:14:41.970,256539930.6351161,290984750.7009797,98606275.5876227,139816049071.06473,-45163004125.3607,-19578839475.07722,58909.0102079861
46,2020,3,1,0,29,41.97,2582505.321,-22632827.987,13542166.112000002,2715.9297699999997,-1172.32482,-2514.76694,2020-03-01 00:29:41.970,255845026.73673162,291454905.24980986,98871910.0131383,139825379936.81064,-45139703054.20363,-19568737772.184673,58909.02062465277
46,2020,3,1,0,44,41.97,4997392.528,-23488720.068,11168034.057,2642.69533,-726.76117,-2753.52122,2020-03-01 00:44:41.970,255148823.005353,291923560.02210027,99137035.26440465,139834706171.47934,-45116400511.20323,-19558635429.523037,58909.03104131943
46,2020,3,1,0,59,41.97,7325536.183,-23936959.726,8600055.116,2523.41957,-267.74627,-2944.87873,2020-03-01 00:59:41.970,254451322.57875833,292390712.2224116,99401649.85069925,139844027774.8359,-45093096497.17387,-19548532447.448742,58909.0414579861
46,2020,3,1,1,14,41.97,9526307.002,-23969031.687,5882539.641000001,2360.03494,196.70242,-3085.30841,2020-03-01 01:14:41.970,253752528.6020303,292856359.06021315,99665752.28266515,139853344746.64627,-45069791012.929886,-19538428826.318214,58909.05187465277
46,2020,3,1,1,29,41.97,11561180.66,-23583716.139,3062579.253,2155.2811699999997,658.4152300000001,-3172.1724,2020-03-01 01:29:41.970,253052444.22755584,293320497.7498958,99929341.0723171,139862657086.67627,-45046484059.28568,-19528324566.487873,58909.06229131943
46,2020,3,1,1,44,41.97,13394446.872000001,-22787157.248,189214.024,1912.66355,1109.22335,-3203.78738,2020-03-01 01:44:41.970,252351072.61502546,293783125.510785,100192414.73304643,139871964794.6922,-45023175637.05551,-19518219668.314144,58909.0727079861
46,2020,3,1,1,59,41.97,14993873.172,-21592792.116,-2687447.278,1636.3941,1541.11524,-3179.46724,2020-03-01 01:59:41.970,251648416.9314321,294244239.56715256,100454971.77962711,139881267870.4603,-44999865747.05374,-19508114132.15343,58909.08312465277
46,2020,3,1,2,14,41.97,16331308.375,-20021138.783,-5517136.197,1331.3165099999999,1946.3927700000002,-3099.54513,2020-03-01 02:14:41.970,250944480.35107133,294703837.1482311,100717010.72822091,139890566313.74753,-44976554390.094604,-19498007958.362198,58909.09354131943
46,2020,3,1,2,29,41.97,17383211.733,-18099445.488,-8250343.785999999,1002.8164100000001,2317.82276,-2965.37393,2020-03-01 02:29:41.970,250239266.05553994,295161915.4882249,100978530.09638335,139899860124.32053,-44953241566.99239,-19487901147.29684,58909.1039579861
46,2020,3,1,2,44,41.97,18131095.398000002,-15861207.015,-10839230.229,656.71883,2648.7801000000004,-2779.30447,2020-03-01 02:44:41.970,249532777.23373586,295618471.8263248,101239528.40306872,139909149301.9466,-44929927278.56133,-19477793699.31378,58909.11437465277
46,2020,3,1,2,59,41.97,18561869.835,-13345557.579,-13238504.973,299.17551,2933.3783900000003,-2544.64189,2020-03-01 02:59:41.970,248825017.08185694,296073503.40671927,101500004.16863611,139918433846.39325,-44906611525.615654,-19467685614.769474,58909.12479131943
46,2020,3,1,3,14,41.97,18668084.290999997,-10596553.018000001,-15406258.092,-63.45512,3166.58473,-2265.58113,2020-03-01 03:14:41.970,248115988.80340058,296527007.4786085,101759955.91485494,139927713757.42816,-44883294308.96949,-19457576894.020294,58909.1352079861
46,2020,3,1,3,29,41.97,18448057.145999998,-7662357.967,-17304724.794999998,-424.73207,3344.3156400000003,-1947.1232400000001,2020-03-01 03:29:41.970,247405695.60916346,296978981.29621774,102019382.16491058,139936989034.8191,-44859975629.43709,-19447467537.422684,58909.14562465277
46,2020,3,1,3,44,41.97,17905893.865,-4594356.074999999,-18900966.879,-778.25688,3463.5118399999997,-1594.97493,2020-03-01 03:44:41.970,246694140.7172401,297429422.1188088,102278281.44340958,139946259678.33432,-44836655487.83256,-19437357545.33308,58909.15604131943
46,2020,3,1,3,59,41.97,17051393.165000003,-1446203.027,-20167457.237999998,-1117.79646,3522.19039,-1215.43408,2020-03-01 03:59:41.970,245981327.3530228,297878327.2106951,102536652.27638616,139955525687.7424,-44813333884.97,-19427246918.107887,58909.1664579861
46,2020,3,1,4,14,41.97,15899844.838000001,1727156.7950000002,-21082556.288,-1437.4005000000002,3519.4732700000004,-815.26459,2020-03-01 04:14:41.970,245267258.74920064,298325693.84125257,102794493.19130716,139964787062.81183,-44790010821.66355,-19417135656.103523,58909.17687465277
46,2020,3,1,4,29,41.97,14471725.235,4870488.869,-21630872.128,-1731.51107,3455.59269,-401.56377,2020-03-01 04:29:41.970,244551938.14575887,298771519.2849349,103051802.71707784,139974043803.31155,-44766686298.72724,-19407023759.67641,58909.18729131943
46,2020,3,1,4,44,41.97,12792298.696,7929261.494,-21803499.331,-1995.0617,3331.87351,18.374200000000002,2020-03-01 04:44:41.970,243835368.7899786,299215800.8212851,103308579.3840481,139983295909.01086,-44743360316.97519,-19396911229.182976,58909.1977079861
46,2020,3,1,4,59,41.97,10891135.09,10850613.257000001,-21598134.331,-2223.5643999999998,3150.69447,437.19545999999997,2020-03-01 04:59:41.970,243117553.93643534,299658535.73495054,103564821.72401743,139992543379.6791,-44720032877.22135,-19386798064.97961,58909.20812465277
46,2020,3,1,5,14,41.97,8801555.113,13584276.604999999,-21019068.221,-2413.18305,2915.4297100000003,847.62116,2020-03-01 05:14:41.970,242398496.8469992,300099721.315694,103820528.27024128,140001786215.08588,-44696703980.279785,-19376684267.422768,58909.21854131943
46,2020,3,1,5,29,41.97,6560015.983,16083440.917,-20077060.493,-2560.7923,2630.37324,1242.57694,2020-03-01 05:29:41.970,241678200.7908336,300539354.85840845,104075697.55743656,140011024415.0013,-44673373626.96445,-19366569836.868813,58909.2289579861
46,2020,3,1,5,44,41.97,4205450.805000001,18305540.664,-18789099.53,-2664.02161,2300.64844,1615.31472,2020-03-01 05:44:41.970,240956669.04439476,300977433.66313034,104330328.12178741,140020257979.19547,-44650041818.0893,-19356454773.674202,58909.23937465277
46,2020,3,1,5,59,41.97,1778575.089,20212956.522,-17178057.683,-2721.28423,1932.10553,1959.5249,2020-03-01 05:59:41.970,240233904.89143088,301413955.03505254,104584418.50095099,140029486907.43875,-44626708554.46826,-19346339078.195328,58909.24979131943
46,2020,3,1,6,14,41.97,-678826.26,21773619.72,-15272250.344,-2731.7916800000003,1531.2095100000001,2269.43727,2020-03-01 06:14:41.970,239509911.62298197,301848916.2845382,104837967.23406337,140038711199.5019,-44603373836.91527,-19336222750.788586,58909.2602079861
46,2020,3,1,6,29,41.97,-3124618.551,22961512.254,-13104909.644,-2695.55409,1104.9212799999998,2539.90964,2020-03-01 06:29:41.970,238784692.5373781,302282314.72713363,105090972.86174543,140047930855.1558,-44580037666.24417,-19326105791.810417,58909.27062465277
46,2020,3,1,6,44,41.97,-5517031.294000001,23757057.891,-10713584.285999998,-2613.36748,660.57418,2766.50328,2020-03-01 06:44:41.970,238058250.94023985,302714147.6835825,105343433.92610839,140057145874.17157,-44556700043.26881,-19315988201.6172,58909.28104131943
46,2020,3,1,6,59,41.97,-7815355.1450000005,24147401.003,-8139477.511,-2486.78883,205.74854000000002,2945.54488,2020-03-01 06:59:41.970,237330590.14447668,303144412.4798386,105595348.97076008,140066356256.3207,-44533360968.80307,-19305869980.565353,58909.2914579861
46,2020,3,1,7,14,41.97,-9980611.369,24126572.214,-5426735.496,-2318.10011,-251.85403,3074.17482,2020-03-01 07:14:41.970,236601713.47028688,303573106.44708014,105846716.54081042,140075562001.37488,-44510020443.660706,-19295751129.01128,58909.30187465277
46,2020,3,1,7,29,41.97,-11976184.404,23695541.573999997,-2621698.424,-2110.26244,-704.53464,3150.3818300000003,2020-03-01 07:29:41.970,235871624.2451563,304000226.92172384,106097535.1828777,140084763109.10605,-44486678468.65551,-19285631647.311382,58909.31229131943
46,2020,3,1,7,44,41.97,-13768409.147,22862161.479,227873.674,-1866.86151,-1144.71787,3173.02443,2020-03-01 07:44:41.970,235140325.80385807,304425771.2454367,106347803.44509432,140093959579.2862,-44463335044.60128,-19275511535.822037,58909.3227079861
46,2020,3,1,7,59,41.97,-15327105.628999999,21641002.845,3073588.566,-1592.04543,-1565.06802,3141.83961,2020-03-01 07:59:41.970,234407821.4884513,304849736.76515216,106597519.87711269,140103151411.6881,-44439990172.31167,-19265390794.899666,58909.33312465277
46,2020,3,1,8,14,41.97,-16626054.742,20053089.149,5867211.648,-1290.45608,-1958.5996699999998,3057.43906,2020-03-01 08:14:41.970,233674114.64828104,305272120.8330815,106846683.03011124,140112338606.08405,-44416643852.60043,-19255269424.900658,58909.34354131943
46,2020,3,1,8,29,41.97,-17643409.604000002,18125533.844,8561447.113,-967.15487,-2318.7817,2921.29378,2020-03-01 08:29:41.970,232939208.6399767,305692920.8067299,107095291.45680045,140121521162.2472,-44393296086.281204,-19245147426.1814,58909.3539579861
46,2020,3,1,8,44,41.97,-18362038.036000002,15891087.462,11110700.161999999,-627.54404,-2639.63385,2735.70744,2020-03-01 08:44:41.970,232203106.82745212,306112134.0489085,107343343.71142873,140130699079.95062,-44369946874.16763,-19235024799.098286,58909.36437465277
46,2020,3,1,8,59,41.97,-18769792.419,13387601.333,13471810.437,-277.28413,-2915.81531,2503.77918,2020-03-01 08:59:41.970,231465812.58190405,306529757.9277493,107590838.3497885,140139872358.96774,-44346596217.07341,-19224901544.007706,58909.37479131943
46,2020,3,1,9,14,41.97,-18859703.904000003,10657415.478999998,15604747.351,77.79147,-3142.70458,2229.3562100000004,2020-03-01 09:14:41.970,230727329.2818118,306945789.8167185,107837773.92922236,140149040999.07236,-44323244115.812035,-19214777661.266026,58909.3852079861
46,2020,3,1,9,29,41.97,-18630098.678,7746678.743000001,17473258.437,431.76417,-3316.47008,1916.97685,2020-03-01 09:29:41.970,229987660.31293663,307360227.0946313,108084149.00862874,140158205000.03818,-44299890571.19713,-19204653151.22966,58909.39562465277
46,2020,3,1,9,44,41.97,-18084634.59,4704609.7870000005,19045462.239,778.7193599999999,-3434.13083,1571.80437,2020-03-01 09:44:41.970,229246809.06832024,307773067.14566505,108329962.14846851,140167364361.6395,-44276535584.0422,-19194528014.254967,58909.40604131943
46,2020,3,1,9,59,41.97,-17232257.128000002,1582708.151,20294377.661,1112.83635,-3493.6066299999998,1199.552,2020-03-01 09:59:41.970,228504778.94828445,308184307.3593731,108575211.9107706,140176519083.65067,-44253179155.16075,-19184402250.698322,58909.4164579861
46,2020,3,1,10,14,41.97,-16087074.4,-1566074.8269999998,21198382.08,1428.4783,-3493.7569700000004,806.3996599999999,2020-03-01 10:14:41.970,227761573.3604305,308593945.1307009,108819896.85913837,140185669165.84644,-44229821285.36631,-19174275860.91612,58909.42687465277
46,2020,3,1,10,29,41.97,-14668151.47,-4688194.743,21741590.918,1720.28132,-3434.40788,398.90283,2020-03-01 10:29:41.970,227017195.71963808,309001977.8599974,109064015.55875567,140194814608.00165,-44206461975.4723,-19164148845.264698,58909.43729131943
46,2020,3,1,10,44,41.97,-12999225.268,-7730391.313,21914151.864,1983.24171,-3316.3659000000002,-16.105919999999998,2020-03-01 10:44:41.970,226271649.44806415,309408402.9530312,109307566.57639305,140203955409.89154,-44183101226.29214,-19154021204.100452,58909.4477079861
46,2020,3,1,10,59,41.97,-11108342.158,-10640572.002,21712447.472,2212.8004,-3141.41833,-431.6219,2020-03-01 10:59:41.970,225524937.97514263,309813217.82100356,109550548.48041378,140213091571.29153,-44159739038.639244,-19143892937.779728,58909.45812465277
46,2020,3,1,11,14,41.97,-9027421.347,-13368689.318999998,21139200.649,2404.9231,-2912.31875,-840.57898,2020-03-01 11:14:41.970,224777064.7375832,310216419.8805643,109792959.84078018,140222223091.97723,-44136375413.326935,-19133764046.658916,58909.46854131943
46,2020,3,1,11,29,41.97,-6791748.507,-15867598.238,20203478.406999998,2556.17497,-2632.75719,-1235.96478,2020-03-01 11:29:41.970,224028033.17937034,310618006.5538242,110034799.22905986,140231349971.72452,-44113010351.16861,-19123634531.094337,58909.4789579861
46,2020,3,1,11,44,41.97,-4439405.28,-18093879.511,18920590.48,2663.7881399999997,-2307.3141,-1610.93885,2020-03-01 11:44:41.970,223277846.75176308,311017975.2683706,110276065.21843167,140240472210.3096,-44089643852.97756,-19113504391.44237,58909.48937465277
46,2020,3,1,11,59,41.97,-2010641.8599999999,-20008614.161000002,17311880.8,2725.72046,-1941.39782,-1958.9522200000001,2020-03-01 11:59:41.970,222526508.91329333,311416323.45728135,110516756.38369235,140249589807.5089,-44066275919.56706,-19103373628.059364,58909.49979131943
46,2020,3,1,12,14,41.97,452798.711,-21578094.174999997,15404411.581,2740.7037,-1541.16533,-2273.86617,2020-03-01 12:14:41.970,221774023.12976533,311813048.55914,110756871.30126253,140258702763.099,-44042906551.750374,-19093242241.30167,58909.5102079861
46,2020,3,1,12,29,41.97,2908394.239,-22774454.494000003,13230541.74,2708.27953,-1113.4267399999999,-2550.06786,2020-03-01 12:29:41.970,221020392.8742547,312208148.01804894,110996408.54919305,140267811076.85696,-44019535750.34071,-19083110231.525623,58909.52062465277
46,2020,3,1,12,44,41.97,5313583.356,-23576211.9,10827403.644,2628.82168,-665.5340600000001,-2782.58014,2020-03-01 12:44:41.970,220265621.6271078,312601619.2836452,111235366.70717132,140276914748.55984,-43996163516.15125,-19072977599.08756,58909.53104131943
46,2020,3,1,12,59,41.97,7626518.604,-23968697.371999998,8236284.626999999,2503.54269,-205.25594999999998,-2967.1629199999998,2020-03-01 12:59:41.970,219509712.87593997,312993459.81111425,111473744.35652758,140286013777.9851,-43972789849.995155,-19062844344.34383,58909.5414579861
46,2020,3,1,13,14,41.97,9806818.358000001,-23944369.972,5501922.247,2334.4844,259.35987,-3100.40301,2020-03-01 13:14:41.970,218752670.11563563,313383667.0612057,111711540.08024144,140295108164.91034,-43949414752.68556,-19052710467.650753,58909.55187465277
46,2020,3,1,13,29,41.97,11816302.439,-23503002.400000002,2671724.832,2124.49119,720.13377,-3179.7898400000004,2020-03-01 13:29:41.970,217994496.8483466,313772238.5002462,111948752.46294802,140304197909.1135,-43926038225.035576,-19042575969.36468,58909.56229131943
46,2020,3,1,13,44,41.97,13619695.893,-22651730.876000002,-205068.72699999998,1877.16595,1168.90798,-3203.7743600000003,2020-03-01 13:44:41.970,217235196.5834913,314159171.60015607,112185380.09094447,140313283010.3727,-43902660267.85827,-19032440849.841904,58909.5727079861
46,2020,3,1,13,59,41.97,15185285.416000001,-21404965.071,-3078273.802,1596.80902,1597.70322,-3171.80896,2020-03-01 13:59:41.970,216474772.8377538,314544463.8384631,112421421.55219638,140322363468.46637,-43879280881.96667,-19022305109.438766,58909.58312465277
46,2020,3,1,14,14,41.97,16485513.529,-19784157.143,-5897671.569,1288.3411099999998,1998.87444,-3084.3666500000004,2020-03-01 14:14:41.970,215713229.13508293,314928112.6983171,112656875.43634406,140331439283.17325,-43855900068.17378,-19012168748.51159,58909.59354131943
46,2020,3,1,14,29,41.97,17497496.7,-17817432.589,-8613928.066,957.21169,2365.26154,-2942.93851,2020-03-01 14:29:41.970,214950569.00669098,315310115.6685059,112891740.33470927,140340510454.2722,-43832517827.29257,-19002031767.416656,58909.6039579861
46,2020,3,1,14,44,41.97,18203455.266000003,-15539089.237,-11179500.952,609.29498,2690.33098,-2750.0088800000003,2020-03-01 14:44:41.970,214186795.9910529,315690470.2434689,113126014.8403015,140349576981.5423,-43809134160.13599,-18991894166.510292,58909.61437465277
46,2020,3,1,14,59,41.97,18591045.125,-12988974.298999999,-13549514.089,250.77614999999997,2968.30451,-2509.00877,2020-03-01 14:59:41.970,213421913.63390493,316069173.923313,113359697.54782446,140358638864.76297,-43785749067.51697,-18981755946.148815,58909.62479131943
46,2020,3,1,15,14,41.97,18653583.64,-10211752.673,-15682580.793,-111.96947,3194.2716299999997,-2224.24867,2020-03-01 15:14:41.970,212655925.4882442,316446224.2138276,113592787.05368271,140367696103.71387,-43762362550.24836,-18971617106.688496,58909.6352079861
46,2020,3,1,15,29,41.97,18390164.978,-7256082.5430000005,-17541557.903,-472.50075000000004,3364.2826800000003,-1900.83234,2020-03-01 15:29:41.970,211888835.114327,316821618.62649876,113825281.95598823,140376748698.17502,-43738974609.14301,-18961477648.485645,58909.64562465277
46,2020,3,1,15,44,41.97,17805662.987,-4173716.5779999997,-19094214.733,-824.43577,3475.4207699999997,-1544.5543,2020-03-01 15:44:41.970,211120646.07966784,317195354.67852527,114057180.85456654,140385796647.9264,-43715585245.01374,-18951337571.89653,58909.65604131943
46,2020,3,1,15,59,41.97,16910622.623,-1018548.73,-20313803.401,-1161.5739800000001,3525.85062,-1161.7837399999999,2020-03-01 15:59:41.970,210351361.95903835,317567429.8928336,114288482.35096411,140394839952.74863,-43692194458.67334,-18941196877.27745,58909.6664579861
46,2020,3,1,16,14,41.97,15721043.719999999,2154372.503,-21179519.773,-1478.01278,3514.8441,-759.33805,2020-03-01 16:14:41.970,209580986.3344666,317937841.79809284,114519185.04845409,140403878612.42212,-43668802250.93457,-18931055564.98471,58909.67687465277
46,2020,3,1,16,29,41.97,14258063.438,5289843.172,-21676847.267,-1768.2557000000002,3442.78235,-344.34955,2020-03-01 16:29:41.970,208809522.79523507,318306587.9287298,114749287.55204369,140412912626.72784,-43645408622.610085,-18920913635.37453,58909.68729131943
46,2020,3,1,16,44,41.97,12547545.948,8333494.629999999,-21797778.842,-2027.31002,3311.13524,75.87133999999999,2020-03-01 16:44:41.970,208036974.93788043,318673665.82494485,114978788.46848014,140421941995.44696,-43622013574.51262,-18910771088.803207,58909.6977079861
46,2020,3,1,16,59,41.97,10619589.737,11232756.217,-21540915.527000003,-2250.7719599999996,3122.4197999999997,493.97312999999997,2020-03-01 16:59:41.970,207263346.3661916,319039073.0327272,115207686.40625797,140430966718.36102,-43598617107.45481,-18900627925.62701,58909.70812465277
46,2020,3,1,17,14,41.97,8507964.320999999,13937771.689,-20911442.702,-2434.8981799999997,2880.13942,902.69738,2020-03-01 17:14:41.970,206488640.6912088,319402807.1038696,115435979.97562522,140439986795.2514,-43575219222.249306,-18890484146.202183,58909.71854131943
46,2020,3,1,17,29,41.97,6249489.131,16402253.081999999,-19920987.985,-2576.66269,2588.70599,1295.00728,2020-03-01 17:29:41.970,205712861.53122297,319764865.5959844,115663667.78859052,140449002225.9002,-43551819919.7086,-18880339750.884983,58909.7289579861
46,2020,3,1,17,44,41.97,3883367.865,18584257.882000003,-18587366.827000003,-2673.79884,2253.3477300000004,1664.20823,2020-03-01 17:44:41.970,204936012.5117735,320125246.07251906,115890748.45892964,140458013010.08957,-43528419200.64531,-18870194740.03164,58909.73937465277
46,2020,3,1,17,59,41.97,1450491.7989999999,20446877.704,-16934223.892,-2724.8264,1880.00519,2004.0585700000001,2020-03-01 17:59:41.970,204158097.2656476,320483946.1027716,116117220.6021922,140467019147.60168,-43505017065.87194,-18860049113.99842,58909.74979131943
46,2020,3,1,18,14,41.97,-1007274.679,21958829.057,-14990579.818,-2729.0640200000003,1475.21811,2308.8688899999997,2020-03-01 18:14:41.970,203379119.43287885,320840963.2619058,116343082.83570853,140476020638.21948,-43481613516.200935,-18849902873.141552,58909.7602079861
46,2020,3,1,18,29,41.97,-3447813.461,23094939.159,-12790294.115999999,-2686.6278700000003,1046.00575,2573.58893,2020-03-01 18:29:41.970,202599082.66074592,321196295.1309673,116568333.77859673,140485017481.7256,-43458208552.44473,-18839756017.817257,58909.77062465277
46,2020,3,1,18,44,41.97,-5829464.911,23836522.0,-10371455.819,-2598.4171800000004,599.74304,2793.88119,2020-03-01 18:44:41.970,201817990.60377154,321549939.2968992,116792972.05176882,140494009677.90332,-43434802175.41581,-18829608548.381756,58909.78104131943
46,2020,3,1,18,59,41.97,-8111721.576,24171641.983000003,-7775713.93,-2466.08778,144.03497000000002,2966.18097,2020-03-01 18:59:41.970,201035846.9237207,321901893.35255754,117016996.27793837,140502997226.5361,-43411394385.926445,-18819460465.191288,58909.7914579861
46,2020,3,1,19,14,41.97,-10255893.107,24095264.351,-5047559.972,-2292.01478,-313.40906,3087.7428600000003,2020-03-01 19:14:41.970,200252655.28959954,322252154.8967276,117240405.08162683,140511980127.40744,-43387985184.78904,-18809311768.602024,58909.80187465277
46,2020,3,1,19,29,41.97,-12225733.104999999,23609293.351,-2233574.881,-2079.24546,-764.89883,3156.67351,2020-03-01 19:29:41.970,199468419.37765405,322600721.53413886,117463197.08917081,140520958380.30124,-43364574572.815865,-18799162458.9702,58909.81229131943
46,2020,3,1,19,44,41.97,-13988019.662,22722500.514,618347.707,-1831.44371,-1202.8836000000001,3171.9513500000003,2020-03-01 19:44:41.970,198683142.8713687,322947590.8754819,117685370.92872849,140529931985.00162,-43341162550.81923,-18789012536.652,58909.8227079861
46,2020,3,1,19,59,41.97,-15513082.405,21450346.755999997,3459790.0840000003,-1552.82687,-1620.06762,3133.43346,2020-03-01 19:59:41.970,197896829.46146485,323292760.5374237,117906925.2302872,140538900941.29315,-43317749119.61128,-18778862002.00362,58909.83312465277
46,2020,3,1,20,14,41.97,-16775269.821000002,19814703.0,6242599.759,-1248.09634,-2009.5199300000002,3041.85025,2020-03-01 20:14:41.970,197109482.84589934,323636228.14262366,118127858.62566985,140547865248.96036,-43294334280.00426,-18768710855.381252,58909.84354131943
46,2020,3,1,20,29,41.97,-17753351.588,17843474.986,8919668.664,-922.36273,-2364.7773700000002,2898.78846,2020-03-01 20:29:41.970,196321106.72986323,323977991.31975,118348169.7485422,140556824907.78796,-43270918032.81029,-18758559097.14106,58909.8539579861
46,2020,3,1,20,44,41.97,-18430851.486,15570138.639,11445692.007,-581.06655,-2679.94018,2706.66307,2020-03-01 20:44:41.970,195531704.82578024,324318047.7034949,118567857.23441985,140565779917.56134,-43247500378.841545,-18748406727.63924,58909.86437465277
46,2020,3,1,20,59,41.97,-18796307.251,13033193.034,13777897.056,-229.89533,-2949.75943,2468.67861,2020-03-01 20:59:41.970,194741280.853305,324656394.93459255,118786919.72067514,140574730278.06577,-43224081318.91006,-18738253747.231934,58909.87479131943
46,2020,3,1,21,14,41.97,-18843454.455,10275538.568,15876732.572,125.30219000000001,-3169.71568,2188.7804800000004,2020-03-01 21:14:41.970,193949838.5393221,324993030.6598326,119005355.84654433,140583675989.08688,-43200660853.82787,-18728100156.275288,58909.8852079861
46,2020,3,1,21,29,41.97,-18571332.184,7343788.498,17706510.063,478.60397,-3336.0883000000003,1871.5966799999999,2020-03-01 21:29:41.970,193157381.61794376,325327952.53207886,119223164.25313465,140592617050.4106,-43177238984.40703,-18717945955.12549,58909.89562465277
46,2020,3,1,21,44,41.97,-17984308.917999998,4287522.54,19235988.455,824.10391,-3446.01482,1522.37039,2020-03-01 21:44:41.970,192363913.83050916,325661158.2102842,119440343.58343145,140601553461.8231,-43153815711.459465,-18707791144.138657,58909.90604131943
46,2020,3,1,21,59,41.97,-17092027.687999997,1158491.8150000002,20438894.133,1156.00189,-3497.5395599999997,1146.88383,2020-03-01 21:59:41.970,191569438.92558196,325992645.3595074,119656892.48230521,140610485223.11063,-43130391035.79712,-18697635723.67094,58909.9164579861
46,2020,3,1,22,14,41.97,-15909270.25,-1990214.978,21294368.712,1468.69358,-3489.65103,751.3739,2020-03-01 22:14:41.970,190773960.65894946,326322411.6509295,119872809.59651873,140619412334.0599,-43106964958.23186,-18687479694.078457,58909.92687465277
46,2020,3,1,22,29,41.97,-14455740.746,-5105033.573,21787337.31,1756.8593400000002,-3422.3070500000003,342.43995,2020-03-01 22:29:41.970,189977482.7936203,326650454.76187027,120088093.5747346,140628334794.45773,-43083537479.57559,-18677323055.71732,58909.93729131943
46,2020,3,1,22,44,41.97,-12755770.176,-8132803.01,21908790.564,2015.5511800000002,-3296.44693,-73.05557999999999,2020-03-01 22:44:41.970,189180009.0998234,326976772.375804,120302743.0675219,140637252604.0913,-43060108600.64009,-18667165808.94368,58909.9477079861
46,2020,3,1,22,59,41.97,-10837943.902999999,-11021649.286,21655974.234,2240.27661,-3113.9897699999997,-488.09299,2020-03-01 22:59:41.970,188381543.35500574,327301362.18237704,120516756.72736369,140646165762.74805,-43036678322.237114,-18657007954.11359,58909.95812465277
46,2020,3,1,23,14,41.97,-8734655.538999999,-13721860.869,21032480.998,2427.0781700000002,-2877.8179499999997,-895.60666,2020-03-01 23:14:41.970,187582089.34383106,327624221.8774237,120730133.2086644,140655074270.21548,-43013246645.178444,-18646849491.5832,58909.96854131943
46,2020,3,1,23,29,41.97,-6481591.722999999,-16186742.455,20048239.995,2572.6072000000004,-2591.74514,-1288.60076,2020-03-01 23:29:41.970,186781650.85817772,327945349.16298354,120942871.16775684,140663978126.2814,-42989813570.27571,-18636690421.708576,58909.9789579861
46,2020,3,1,23,44,41.97,-4117153.6969999997,-18373432.646,18719400.862,2674.1902999999998,-2260.46807,-1660.26769,2020-03-01 23:44:41.970,185980231.6971374,328264741.7473172,121154969.26290968,140672877330.73416,-42966379098.34065,-18626530744.84581,58909.98937465277
46,2020,3,1,23,59,41.97,-1681823.011,-20243670.802,17068110.506,2729.88668,-1889.5017,-2004.1076699999999,2020-03-01 23:59:41.970,185177835.6670129,328582397.34492373,121366426.15433465,140681771883.36206,-42942943230.18484,-18616370461.350975,58909.99979131943
46,2020,3,2,0,14,41.97,782520.801,-21764497.202999998,15122180.694,2738.53509,-1485.09783,-2314.04745,2020-03-02 00:14:41.970,184374466.58131635,328898313.6765573,121577240.50419402,140690661783.95364,-42919505966.61985,-18606209571.580128,58910.0102079861
46,2020,3,2,0,29,41.97,3233313.8789999997,-22908876.753,12914659.715,2699.78724,-1054.14725,-2584.55431,2020-03-02 00:29:41.970,183570128.2607678,329212488.4692441,121787410.9766078,140699547032.29782,-42896067308.457245,-18596048075.889324,58910.02062465277
46,2020,3,2,0,44,41.97,5628056.344,-23656219.281000003,10483284.907,2614.1291,-604.06677,-2810.7463300000004,2020-03-02 00:44:41.970,182764824.53329265,329524919.45629936,121996936.2376613,140708427628.1837,-42872627256.50849,-18585885974.63463,58910.03104131943
46,2020,3,2,0,59,41.97,7925062.144,-23992800.037,7869858.794,2482.88484,-142.67195999999998,-2988.4914400000002,2020-03-02 00:59:41.970,181958559.2340206,329835604.3773429,122205814.95541257,140717303571.4007,-42849185811.585045,-18575723268.172073,58910.0414579861
46,2020,3,2,1,14,41.97,10084210.440000001,-23912055.982,5119531.709,2308.20516,321.96187,-3114.4957,2020-03-02 01:14:41.970,181151336.2052825,330144540.9783188,122414045.79989968,140726174861.73828,-42825742974.49832,-18565559956.857704,58910.05187465277
46,2020,3,2,1,29,41.97,12067677.735,-23414753.432,2280013.151,2093.0382600000003,781.64791,-3186.37691,2020-03-02 01:29:41.970,180343159.29660955,330451727.0115101,122621627.4431483,140735041498.98648,-42802298746.05972,-18555396041.04753,58910.06229131943
46,2020,3,2,1,44,41.97,13840636.065000001,-22509019.253,-599275.513,1841.0835299999999,1228.24224,-3202.72099,2020-03-02 01:44:41.970,179534032.36473107,330757160.23555684,122828558.55917922,140743903482.93536,-42778853127.080536,-18545231521.09758,58910.0727079861
46,2020,3,2,1,59,41.97,15371901.820999999,-21210231.737999998,-3468090.631,1556.72825,1653.8006300000002,-3163.1192100000003,2020-03-02 01:59:41.970,178723959.27357182,331060838.4154733,123034837.82401583,140752760813.37515,-42755406118.372086,-18535066397.363853,58910.08312465277
46,2020,3,2,2,14,41.97,16634520.395,-19540770.729,-6276279.999000001,1244.96847,2050.73386,-3068.18442,2020-03-02 02:14:41.970,177912943.89425057,331362759.32266533,123240463.91569166,140761613490.09662,-42731957720.745575,-18524900670.20235,58910.09354131943
46,2020,3,2,2,29,41.97,17606273.049,-17529630.154,-8974701.432,911.31566,2411.95745,-2919.54547,2020-03-02 02:29:41.970,177100990.10507792,331662920.73494625,123445435.51425804,140770461512.89072,-42708507935.01225,-18514734339.96905,58910.1039579861
46,2020,3,2,2,44,41.97,18270094.134,-15211899.834,-11516126.290000001,561.69121,2731.0317999999997,-2719.81937,2020-03-02 02:44:41.970,176288101.79155385,331961320.4365568,123649751.30179152,140779304881.5483,-42685056761.98328,-18504567407.019943,58910.11437465277
46,2020,3,2,2,59,41.97,18614388.91,-12628126.92,-13856108.165,202.31152,3002.28893,-2472.56184,2020-03-02 02:59:41.970,175474282.84636623,332257956.21818006,123853409.96240178,140788143595.86096,-42661604202.46973,-18494399871.711002,58910.12479131943
46,2020,3,2,3,14,41.97,18633244.816999998,-9823570.591,-15953797.689000001,-160.43336,3220.94243,-2182.19732,2020-03-02 03:14:41.970,174659537.1693876,332552825.8769595,124056410.18223897,140796977655.62,-42638150257.282715,-18484231734.39817,58910.1352079861
46,2020,3,2,3,29,41.97,18326531.761,-6847366.380000001,-17772685.855,-520.10443,3383.1779100000003,-1853.93043,2020-03-02 03:29:41.970,173843868.66767415,332845927.21651715,124258750.64950158,140805807060.6176,-42614694927.23329,-18474062995.437424,58910.14562465277
46,2020,3,2,3,44,41.97,17699889.941,-3751618.727,-19281260.226,-870.33844,3486.22177,-1493.6414,2020-03-02 03:44:41.970,173027281.25546268,333137258.0469711,124460430.05444415,140814631810.64566,-42591238213.132385,-18463893655.18469,58910.15604131943
46,2020,3,2,3,59,41.97,16764606.597000001,-590441.8960000001,-20453560.871999998,-1204.9695,3528.38701,-1107.76838,2020-03-02 03:59:41.970,172209778.85416836,333426816.1849521,124661447.0893848,140823451905.49664,-42567780115.790985,-18453723713.99589,58910.1664579861
46,2020,3,2,4,14,41.97,15537385.838,2581029.772,-21269625.68,-1518.14462,3509.0955400000003,-703.17981,2020-03-02 04:14:41.970,171391365.39238295,333714599.45362175,124861800.44871335,140832267344.9631,-42544320636.020004,-18443553172.22697,58910.17687465277
46,2020,3,2,4,29,41.97,14040018.196,5707641.13,-21715817.706,-1804.4306000000001,3428.87715,-287.04046999999997,2020-03-02 04:29:41.970,170572044.80587187,334000605.6826908,125061488.82889874,140841078128.83777,-42520859774.63027,-18433382030.23383,58910.18729131943
46,2020,3,2,4,44,41.97,12298958.738,8735204.411999999,-21785030.303,-2058.91001,3289.3460800000003,133.32555,2020-03-02 04:44:41.970,169751821.03757203,334284832.7084359,125260510.92849694,140849884256.9139,-42497397532.43262,-18423210288.372375,58910.1977079861
46,2020,3,2,4,59,41.97,10344824.328,11611456.786999999,-21476768.799000002,-2277.26461,3093.15669,550.57168,2020-03-02 04:59:41.970,168930698.0375895,334567278.3737178,125458865.44815898,140858685728.98483,-42473933910.2378,-18413037946.99849,58910.20812465277
46,2020,3,2,5,14,41.97,8211821.987,14286969.334999999,-20797110.305999998,-2455.8449,2843.9401900000003,957.46237,2020-03-02 05:14:41.970,168108679.76319697,334847940.52799946,125656551.09063846,140867482544.8441,-42450468908.856514,-18402865006.46807,58910.21854131943
46,2020,3,2,5,29,41.97,5937121.196,16715991.406000001,-19758545.845,-2591.7250599999998,2546.22475,1347.00067,2020-03-02 05:29:41.970,167285770.17883134,335126817.02736366,125853566.56079984,140876274704.2855,-42427002529.099525,-18392691467.13697,58910.2289579861
46,2020,3,2,5,44,41.97,3560183.494,18857216.557,-18379711.193,-2682.74286,2205.3415099999997,1712.54762,2020-03-02 05:44:41.970,166461973.25609097,335403905.734531,126049910.56562594,140885062207.10324,-42403534771.77738,-18382517329.361057,58910.23937465277
46,2020,3,2,5,59,41.97,1122062.82,20674458.58,-16685014.739999998,-2727.5247999999997,1827.31925,2047.9314300000003,2020-03-02 05:59:41.970,165637292.97373345,335679204.5188778,126245581.81422623,140893845053.0915,-42380065637.7007,-18372342593.49619,58910.24979131943
46,2020,3,2,6,14,41.97,-1335310.144,22137228.529,-14704172.140999999,-2725.4966600000002,1418.77017,2347.5452200000004,2020-03-02 06:14:41.970,164811733.3176727,335952711.2564545,126440579.01784462,140902623242.04495,-42356595127.680016,-18362167259.898193,58910.2602079861
46,2020,3,2,6,29,41.97,-3769846.91,23221206.027,-12471658.666,-2676.88035,986.76953,2606.43205,2020-03-02 06:29:41.970,163985298.2809766,336224423.8300034,126634900.8898674,140911396773.75858,-42333123242.52587,-18351991328.922928,58910.27062465277
46,2020,3,2,6,44,41.97,-6140011.365999999,23908600.34,-10026090.904000001,-2582.6777700000002,538.7315,2820.35676,2020-03-02 06:44:41.970,163157991.863864,336494340.12897736,126828546.1458315,140920165648.02716,-42309649983.04863,-18341814800.926167,58910.28104131943
46,2020,3,2,6,59,41.97,-8405510.052,24188398.797000002,-7409549.944999999,-2444.64286,82.28329,2985.86418,2020-03-02 06:59:41.970,162329818.07370263,336762458.04955745,127021513.5034322,140928929864.64642,-42286175350.05876,-18331637676.263737,58910.2914579861
46,2020,3,2,7,14,41.97,-10527952.36,24056502.043,-4666858.335,-2265.24296,-374.86018,3100.32366,2020-03-02 07:14:41.970,161500780.9250053,337028775.49467146,127213801.68253148,140937689423.4115,-42262699344.366585,-18321459955.29145,58910.30187465277
46,2020,3,2,7,29,41.97,-12471471.515999999,23515747.233,-1844823.0180000002,-2047.6104799999998,-825.0196400000001,3161.9601199999997,2020-03-02 07:29:41.970,160670884.4394281,337293290.3740122,127405409.40516602,140946444324.11847,-42239221966.78244,-18311281638.365074,58910.31229131943
46,2020,3,2,7,44,41.97,-14203298.254999999,22575821.770999998,1008543.6989999999,-1795.48627,-1260.6711799999998,3169.87198,2020-03-02 07:44:41.970,159840132.64576697,337556000.6040562,127596335.3955553,140955194566.56345,-42215743218.116554,-18301102725.840374,58910.3227079861
46,2020,3,2,7,59,41.97,-15694280.118999999,21253071.406,3844813.556,-1513.15562,-1674.56106,3124.03631,2020-03-02 07:59:41.970,159008529.57995552,337816904.10808176,127786578.3801098,140963940150.54263,-42192263099.17917,-18290923218.07314,58910.33312465277
46,2020,3,2,8,14,41.97,-16919340.297,19570207.565,6615930.893,-1205.37805,-2059.81468,3025.3019,2020-03-02 08:14:41.970,158176079.28506112,338075998.81618774,127976137.08743916,140972681075.85257,-42168781610.78043,-18280743115.419094,58910.34354131943
46,2020,3,2,8,29,41.97,-17857870.836999997,17555919.651,9274989.694,-877.3118800000001,-2410.03865,2875.3707,2020-03-02 08:29:41.970,157342785.81128278,338333282.66531193,128165010.24836037,140981417342.29025,-42145298753.73046,-18270562418.23399,58910.3539579861
46,2020,3,2,8,44,41.97,-18494055.917000003,15244398.810999999,11776988.91,-534.43436,-2719.4153499999998,2676.7681900000002,2020-03-02 08:44:41.970,156508653.2159478,338588753.5992498,128353196.59590605,140990148949.65256,-42121814528.839355,-18260381126.873543,58910.36437465277
46,2020,3,2,8,59,41.97,-18817121.645,12674780.274999999,14079556.404000001,-182.45837,-2982.78922,2432.80339,2020-03-02 08:59:41.970,155673685.5635088,338842409.5686724,128540694.86533278,140998875897.7369,-42098328936.91707,-18250199241.693485,58910.37479131943
46,2020,3,2,9,14,41.97,-18821509.557,9890511.969999999,16143632.302,172.75366,-3195.74419,2147.51873,2020-03-02 09:14:41.970,154837886.92554063,339094248.53114694,128727503.79412916,141007598186.3409,-42074841978.773636,-18240016763.049503,58910.3852079861
46,2020,3,2,9,29,41.97,-18506971.678999998,6938657.628,17934102.993,525.27788,-3354.67172,1825.6305399999999,2020-03-02 09:29:41.970,154001261.38073742,339344268.4511539,128913622.12202434,141016315815.26224,-42051353655.21895,-18229833691.2973,58910.39562465277
46,2020,3,2,9,44,41.97,-17878585.648000002,3869143.189,19420377.400000002,869.21843,-3456.8286700000003,1472.4604100000001,2020-03-02 09:44:41.970,153163813.014909,339592467.3001059,129099048.59099634,141025028784.299,-42027863967.06288,-18219650026.792538,58910.40604131943
46,2020,3,2,9,59,41.97,-16946689.057,733955.823,20576897.571000002,1198.79739,-3500.3846,1093.85788,2020-03-02 09:59:41.970,152325545.92097813,339838843.05636793,129283781.9452803,141033737093.2497,-42004372915.115265,-18209465769.890892,58910.4164579861
46,2020,3,2,10,14,41.97,-15726732.852,-2413694.412,21383575.970000003,1508.4445600000001,-3484.45739,696.11499,2020-03-02 10:14:41.970,151486464.19897708,340083393.70527476,129467820.93137692,141042440741.91254,-41980880500.18585,-18199280920.94804,58910.42687465277
46,2020,3,2,10,29,41.97,-14239054.364,-5520239.63,21826152.330000002,1792.88613,-3409.13681,285.87302999999997,2020-03-02 10:29:41.970,150646571.95604435,340326117.23915106,129651164.29806127,141051139730.0865,-41957386723.08438,-18189095480.319576,58910.43729131943
46,2020,3,2,10,44,41.97,-12508571.415000001,-8532634.451,21896463.366,2047.2312600000002,-3275.49482,-129.9777,2020-03-02 10:44:41.970,149805873.3064213,340567011.6573298,129833810.79639043,141059834057.57065,-41933891584.62054,-18178909448.36115,58910.4477079861
46,2020,3,2,10,59,41.97,-10564399.853999998,-11399239.422,21592619.31,2267.05539,-3085.58192,-544.4046000000001,2020-03-02 10:59:41.970,148964372.37144884,340806074.9661712,130015759.17971288,141068523724.1643,-41910395085.60391,-18168722825.428394,58910.45812465277
46,2020,3,2,11,14,41.97,-8439398.015,-14070694.515999999,20919081.968,2448.47914,-2842.40863,-950.34473,2020-03-02 11:14:41.970,148122073.27956375,341043305.17908317,130197008.20367627,141077208729.6669,-41886897226.8441,-18158535611.876896,58910.46854131943
46,2020,3,2,11,29,41.97,-6169642.787,-16500768.972000001,19886640.0,2588.2410999999997,-2549.91131,-1340.82098,2020-03-02 11:29:41.970,147278980.1662956,341278700.31653875,130377556.62623654,141085889073.87842,-41863398009.15058,-18148347808.062233,58910.4789579861
46,2020,3,2,11,44,41.97,-3793843.388,-18647173.106,18512278.385,2683.76324,-2212.9017599999997,-1709.06078,2020-03-02 11:44:41.970,146435097.17426306,341512258.40609676,130557403.207666,141094564756.59863,-41839897433.33289,-18138159414.340004,58910.48937465277
46,2020,3,2,11,59,41.97,-1352700.3669999999,-20472317.254,16818940.490000002,2733.20689,-1837.00012,-2048.6157,2020-03-02 11:59:41.970,145590428.45317027,341743977.4824208,130736546.71056236,141103235777.62805,-41816395500.200356,-18127970431.06575,58910.49979131943
46,2020,3,2,12,14,41.97,1111781.04,-21944002.881,14835183.033,2735.51792,-1428.5512099999999,-2353.47952,2020-03-02 12:14:41.970,144744978.1598031,341973855.58729756,130914985.89985709,141111902136.76703,-41792892210.56239,-18117780858.59503,58910.5102079861
46,2020,3,2,12,29,41.97,3557012.5779999997,-23036031.002,12594726.232,2690.4591299999997,-994.52458,-2618.2026,2020-03-02 12:29:41.970,143898750.4580256,342201890.7696587,131092719.54282404,141120563833.81656,-41769387565.22833,-18107590697.283386,58910.52062465277
46,2020,3,2,12,44,41.97,5940567.495,-23728713.755,10135903.807999998,2598.62838,-542.39945,-2837.99964,2020-03-02 12:44:41.970,143051749.51877692,342428081.0855972,131269746.40908846,141129220868.57758,-41745881565.0074,-18097399947.486347,58910.53104131943
46,2020,3,2,12,59,41.97,8220934.475,-24009276.016,7501019.932,2461.46117,-80.03572,-3008.84819,2020-03-02 12:59:41.970,142203979.520066,342652424.59838957,131446065.27063517,141137873240.8513,-41722374210.70883,-18087208609.559395,58910.5414579861
46,2020,3,2,13,14,41.97,10358266.419,-23872135.63,4735622.83,2281.21649,384.46637,-3127.57492,2020-03-02 13:14:41.970,141355444.64696935,342874919.37851447,131621674.90181792,141146520950.4394,-41698865503.141716,-18077016683.85805,58910.55187465277
46,2020,3,2,13,29,41.97,12315108.8,-23319053.02,1887707.24,2060.94549,842.91568,-3191.9269799999997,2020-03-02 13:29:41.970,140506149.09162655,343095563.50367194,131796574.07936756,141155163997.1433,-41675355443.115166,-18066824170.737778,58910.56229131943
46,2020,3,2,13,44,41.97,14057092.004,-22359143.604000002,-993139.682,1804.4428500000001,1287.18503,-3200.62592,2020-03-02 13:44:41.970,139656097.05323598,343314355.0588038,131970761.58240144,141163802380.76553,-41651844031.438286,-18056631070.554043,58910.5727079861
46,2020,3,2,13,59,41.97,15553572.275,-21008749.617000002,-3856632.346,1516.1813200000001,1709.36809,-3153.40213,2020-03-02 13:59:41.970,138805292.73805147,343531292.13611317,132144236.19243164,141172436101.10806,-41628331268.92002,-18046437383.662315,58910.58312465277
46,2020,3,2,14,14,41.97,16778206.594,-19291171.37,-6652702.283,1201.2305999999999,2101.93423,-3051.00812,2020-03-02 14:14:41.970,137953740.35937786,343746372.8350839,132316996.69337414,141181065157.97333,-41604817156.36929,-18036243110.418015,58910.59354131943
46,2020,3,2,14,29,41.97,17709448.094,-17236261.611,-9332415.853,865.1622,2457.87716,-2895.20993,2020-03-02 14:29:41.970,137101444.13756704,343959595.26250154,132489041.87155779,141189689551.16425,-41581301694.59505,-18026048251.176582,58910.6039579861
46,2020,3,2,14,44,41.97,18330950.393,-14879890.34,-11848874.178,513.94258,2770.85354,-2688.75625,2020-03-02 14:44:41.970,136248408.3000142,344170957.5324724,132660370.51573306,141198309280.4838,-41557784884.40606,-18015852806.29341,58910.61437465277
46,2020,3,2,14,59,41.97,18631871.443,-12263290.893,-14158075.573,153.81721000000002,3035.30764,-2435.32613,2020-03-02 14:59:41.970,135394637.08115298,344380457.7664433,132830981.41708098,141206924345.7352,-41534266726.6111,-18005656776.123894,58910.62479131943
46,2020,3,2,15,14,41.97,18607070.071999997,-9432301.331,-16219721.595999999,-208.81143,3246.57879,-2139.4562499999997,2020-03-02 15:14:41.970,134540134.7224516,344588094.0932227,133000873.36922215,141215534746.72192,-41510747222.0189,-17995460161.023422,58910.6352079861
46,2020,3,2,15,29,41.97,18257191.211000003,-6436517.845000001,-17997949.338999998,-567.50869,3400.98908,-1806.45013,2020-03-02 15:29:41.970,133684905.47240873,344793864.6490002,133170045.1682258,141224140483.24786,-41487226371.438126,-17985262961.34736,58910.64562465277
46,2020,3,2,15,44,41.97,17588638.691,-3328379.031,-19461974.647,-915.93221,3495.90903,-1442.27146,2020-03-02 15:44:41.970,132828953.58654891,344997767.5773662,133338495.61261864,141232741555.1169,-41463704175.67739,-17975065177.451027,58910.65604131943
46,2020,3,2,15,59,41.97,16613437.399999999,-162201.325,-20586633.478,-1247.95281,3529.8002899999997,-1053.4249200000002,2020-03-02 15:59:41.970,131972283.32741821,345199801.0293331,133506223.50339422,141241337962.13318,-41440180635.54519,-17964866809.689804,58910.6664579861
46,2020,3,2,16,14,41.97,15348989.298,3006813.361,-21352811.452999998,-1557.76902,3502.23472,-646.82748,2020-03-02 16:14:41.970,131114898.9645798,345399963.1633553,133673227.64402162,141249929704.10144,-41416655751.85009,-17954667858.41898,58910.67687465277
46,2020,3,2,16,29,41.97,13817730.25,6123576.699999999,-21747754.674,-1840.01258,3413.8903,-229.67382,2020-03-02 16:29:41.970,130256804.7746095,345598252.1453491,133839506.84045495,141258516780.82617,-41393129525.40049,-17944468323.993866,58910.68729131943
46,2020,3,2,16,44,41.97,12046696.774,9134099.208,-21765257.996,-2089.84278,3266.52474,190.70085,2020-03-02 16:44:41.970,129398005.04109114,345794666.14871335,134005059.90114215,141267099192.11252,-41369601957.00476,-17934268206.769737,58910.6977079861
46,2020,3,2,16,59,41.97,10067013.5,11986442.343999999,-21405729.891,-2303.0280900000002,3062.92852,606.9573499999999,2020-03-02 16:59:41.970,128538504.05461188,345989203.35435,134169885.63703455,141275676937.76566,-41346073047.47124,-17924067507.10189,58910.70812465277
46,2020,3,2,17,14,41.97,7913313.414,14631619.745,-20676135.886,-2476.01376,2806.85919,1011.88533,2020-03-02 17:14:41.970,127678306.11275771,346181861.95068455,134333982.86159566,141284250017.59103,-41322542797.608185,-17913866225.345566,58910.71854131943
46,2020,3,2,17,29,41.97,5623103.836,17024431.852999996,-19589825.062,-2605.97471,2502.95944,1398.52991,2020-03-02 17:29:41.970,126817415.52010864,346372640.1336869,134497350.39081082,141292818431.39444,-41299011208.22383,-17903664361.856,58910.7289579861
46,2020,3,2,17,44,41.97,3236091.497,19124220.423,-18166246.313,-2690.85352,2156.6614400000003,1760.3097,2020-03-02 17:44:41.970,125955836.58823384,346561536.1068911,134659987.0431959,141301382178.98175,-41275478280.12627,-17893461916.98842,58910.73937465277
46,2020,3,2,17,59,41.97,793480.164,20895531.755,-16430562.869,-2729.38349,1774.0801,2091.12457,2020-03-02 17:59:41.970,125093573.63568686,346748548.08141726,134821891.63980728,141309941260.1593,-41251944014.12364,-17883258891.09803,58910.74979131943
46,2020,3,2,18,14,41.97,-1662746.01,22308679.884,-14413175.042000001,-2721.09741,1361.89794,2385.45166,2020-03-02 18:14:41.970,124230630.98800066,346933674.2759909,134983063.00425074,141318495674.73343,-41228408411.02395,-17873055284.540043,58910.7602079861
46,2020,3,2,18,29,41.97,-4090540.753,23340203.299000002,-12149162.226,-2666.32254,927.24403,2638.4286700000002,2020-03-02 18:29:41.970,123367012.97768286,347116912.9169653,135143499.96269065,141327045422.51096,-41204871471.63517,-17862851097.6696,58910.77062465277
46,2020,3,2,18,44,41.97,-6448503.66,23973210.98,-9677655.875,-2566.1629000000003,477.56946,2845.9238400000004,2020-03-02 18:44:41.970,122502723.94421026,347298262.23834085,135303201.3438601,141335590503.29874,-41181333196.76523,-17852646330.84189,58910.78104131943
46,2020,3,2,18,59,41.97,-8696566.854999999,24197615.594,-7041155.648,-2422.46983,20.52147,3004.59228,2020-03-02 18:59:41.970,121637768.23402423,347477720.48178685,135462165.9790692,141344130916.9039,-41157793587.222,-17842440984.41204,58910.7914579861
46,2020,3,2,19,14,41.97,-10796650.317,24010253.566,-4284800.975000001,-2237.80195,-436.18179000000003,3111.91871,2020-03-02 19:14:41.970,120772150.2005251,347655285.8966624,135620392.70221567,141352666663.13412,-41134252643.8132,-17832235058.735176,58910.80187465277
46,2020,3,2,19,29,41.97,-12713276.851,23414893.36,-1455610.295,-2015.3757400000002,-884.87415,3166.24661,2020-03-02 19:29:41.970,119905874.20406748,347830956.7400368,135777880.34979346,141361197741.79694,-41110710367.34665,-17822028554.166405,58910.81229131943
46,2020,3,2,19,44,41.97,-14414138.77,22422134.725,1398300.095,-1759.00782,-1318.06061,3166.79442,2020-03-02 19:44:41.970,119038944.61195439,348004731.27671134,135934627.7609026,141369724152.70038,-41087166758.629974,-17811821471.060818,58910.8227079861
46,2020,3,2,19,59,41.97,-15870609.344,21049202.892,4228505.996,-1473.05013,-1728.53143,3113.65904,2020-03-02 19:59:41.970,118171365.79843234,348176607.7792405,136090633.77725887,141378245895.65247,-41063621818.47081,-17801613809.773487,58910.83312465277
46,2020,3,2,20,14,41.97,-17058193.071999997,19319642.716,6987062.928,-1162.3189599999998,-2109.4702,3007.80722,2020-03-02 20:14:41.970,117303142.14468575,348346584.52795196,136245897.2432029,141386762970.4618,-41040075547.67667,-17791405570.65947,58910.84354131943
46,2020,3,2,20,29,41.97,-17956909.707,17262918.606,9627280.814,-832.01886,-2454.55501,2851.05547,2020-03-02 20:29:41.970,116434278.03883156,348514659.8109692,136400417.00571018,141395275376.93692,-41016527947.05507,-17781196754.073807,58910.8539579861
46,2020,3,2,20,44,41.97,-18551607.854000002,14913926.826000001,12104475.596,-487.66236000000004,-2758.05188,2646.0390500000003,2020-03-02 20:44:41.970,115564777.87591353,348680831.92423236,136554191.9144007,141403783114.88687,-40992979017.41347,-17770987360.371517,58910.86437465277
46,2020,3,2,20,59,41.97,-18832204.673,12312427.354,14376688.185,-134.98619,-3014.89999,2396.17045,2020-03-02 20:59:41.970,114694646.05789687,348845099.17151904,136707220.82154804,141412286184.1207,-40969428759.5592,-17760777389.907604,58910.87479131943
46,2020,3,2,21,14,41.97,-18793848.983,9502403.088,16405361.591,220.13505,-3220.7878499999997,2105.58801,2020-03-02 21:14:41.970,113823886.99366242,349007459.8644662,136859502.58208975,141420784584.4478,-40945877174.29957,-17750566843.037056,58910.8852079861
46,2020,3,2,21,29,41.97,-18437005.700000003,6531354.682,18155967.52,571.77725,-3372.21999,1779.09516,2020-03-02 21:29:41.970,112952505.0990008,349167912.3225918,137011036.0536368,141429278315.67807,-40922324262.44183,-17740355720.11484,58910.89562465277
46,2020,3,2,21,44,41.97,-17767460.184,3449539.8839999996,19598574.14,914.05629,-3466.5735400000003,1422.09045,2020-03-02 21:44:41.970,112080504.79660693,349326454.87331575,137161820.09648284,141437767377.62122,-40898770024.79313,-17730144021.4959,58910.90604131943
46,2020,3,2,21,59,41.97,-16796241.772,309166.816,20708347.068,1241.21801,-3502.1438900000003,1040.48923,2020-03-02 21:59:41.970,111207890.51607396,349483085.851982,137311853.57361504,141446251770.08737,-40875214462.16065,-17719931747.53517,58910.9164579861
46,2020,3,2,22,14,41.97,-15539466.396,-2836448.733,21465976.079,1547.7278999999999,-3478.17884,640.63698,2020-03-02 22:14:41.970,110334666.6938872,349637803.6018799,137461135.35072267,141454731492.88705,-40851657575.35141,-17709718898.587563,58910.92687465277
46,2020,3,2,22,29,41.97,-14018099.0,-5933751.211,21858020.395,1828.35946,-3394.90034,229.21511999999998,2020-03-02 22:29:41.970,109460837.77341843,349790606.4742657,137609664.29620782,141463206545.83072,-40828099365.17239,-17699505475.00796,58910.93729131943
46,2020,3,2,22,44,41.97,-12257637.301,-8929826.9,21877165.986,2078.28049,-3253.513,-186.86017999999999,2020-03-02 22:44:41.970,108586408.20491952,349941492.82838494,137757439.28119493,141471676928.7295,-40804539832.43053,-17689291477.151268,58910.9477079861
46,2020,3,2,22,59,41.97,-10287719.399,-11773286.865,21522388.913,2293.13579,-3056.19846,-600.54549,2020-03-02 22:59:41.970,107711382.4455164,350090461.0314933,137904459.17954046,141480142641.3943,-40780978977.93267,-17679076905.372314,58910.95812465277
46,2020,3,2,23,14,41.97,-8141658.881,-14415138.176,20799019.544,2469.12536,-2806.09481,-1004.78271,2020-03-02 23:14:41.970,106835764.95920296,350237509.4588796,138050722.86784348,141488603683.63657,-40757416802.48564,-17668861760.025944,58910.96854131943
46,2020,3,2,23,29,41.97,-5855912.285,-16809629.557,19718703.52,2603.07625,-2507.26024,-1392.6156700000001,2020-03-02 23:29:41.970,105959560.21683466,350382636.49388623,138196229.22545478,141497060055.2679,-40733853306.896164,-17658646041.466976,58910.9789579861
46,2020,3,2,23,44,41.97,-3469485.211,-18915057.019,18299256.588,2692.50679,-2164.62037,-1757.30913,2020-03-02 23:44:41.970,105082772.6961221,350525840.5279327,138340977.1344875,141505511756.10037,-40710288491.97091,-17648429750.050213,58910.98937465277
46,2020,3,2,23,59,41.97,-1023284.792,-20694514.621999998,16564411.993,2735.68126,-1783.89896,-2092.46818,2020-03-02 23:59:41.970,104205406.88162462,350667119.96053594,138484965.4798268,141513958785.94568,-40686722358.51648,-17638212886.130444,58910.99979131943
46,2020,3,3,0,14,41.97,1440573.0559999999,-22116574.444999997,14543459.091999998,2731.65355,-1371.53197,-2392.15627,2020-03-03 00:14:41.970,103327467.26474395,350806473.1993347,138628193.1491398,141522401144.61655,-40663154907.33942,-17627995450.06241,58911.0102079861
46,2020,3,3,0,29,41.97,3879485.3880000003,-23155886.461999997,12270786.717,2680.29704,-934.56551,-2651.0079,2020-03-03 00:29:41.970,102448958.34371737,350943898.66010886,138770659.0328864,141530838831.92535,-40639586139.24616,-17617777442.200867,58911.02062465277
46,2020,3,3,0,44,41.97,6251113.743,-23793670.674000002,9785309.524,2582.3218699999998,-480.53888,-2864.3365900000003,2020-03-03 00:44:41.970,101569884.62361129,351079394.7668038,138912362.02432814,141539271847.6851,-40616016055.04315,-17607558862.900517,58911.03104131943
46,2020,3,3,0,59,41.97,8514134.892,-24018106.706,7129819.742,2439.27455,-17.353830000000002,-3028.23106,2020-03-03 00:59:41.970,100690250.6163144,351212959.95155156,139053301.01953965,141547700191.70874,-40592444655.53672,-17597339712.516094,58911.0414579861
46,2020,3,3,1,14,41.97,10628988.407000002,-23824596.038,4350248.634,2253.52174,446.86726999999996,-3139.63985,2020-03-03 01:14:41.970,99810060.8405309,351344592.6546933,139193474.9174178,141556123863.80972,-40568871941.53315,-17587119991.402233,58911.05187465277
46,2020,3,3,1,29,41.97,12558600.959999999,-23215893.465,1494860.309,2028.2166199999997,903.9317,-3196.44042,2020-03-03 01:29:41.970,98929319.82177353,351474291.3248024,139332882.61969227,141564542863.80154,-40545297913.83863,-17576899699.913647,58911.06229131943
46,2020,3,3,1,44,41.97,14269072.556,-22202100.696000002,-1386608.847,1767.24794,1345.7318300000002,-3197.4905599999997,2020-03-03 01:44:41.970,98048032.09235685,351602054.418705,139471523.03093606,141572957191.49805,-40521722573.2593,-17566678838.40493,58911.0727079861
46,2020,3,3,1,59,41.97,15730309.342,-20800519.123,-4243848.24,1475.1724399999998,1764.40204,-3142.66,2020-03-03 01:59:41.970,97166202.19138996,351727880.401505,139609395.0585752,141581366846.71332,-40498145920.601234,-17556457407.230743,58911.08312465277
46,2020,3,3,2,14,41.97,16916588.495,-19035362.28,-7026890.103,1157.1317299999998,2152.47292,-3032.8407500000003,2020-03-03 02:14:41.970,96283834.66476957,351851767.7466038,139746497.6128996,141589771829.26163,-40474567956.67042,-17546235406.745647,58911.09354131943
46,2020,3,3,2,29,41.97,17807041.979000002,-16937332.159,-9687025.976000002,818.75545,2503.0189100000002,-2869.93545,2020-03-03 02:29:41.970,95400934.0651727,351973714.93572545,139882829.60707256,141598172138.95752,-40450988682.2728,-17536012837.30426,58911.1039579861
46,2020,3,3,2,44,41.97,18386047.836999997,-14543067.208,-12177702.69,466.05306,2809.79518,-2656.82355,2020-03-03 02:44:41.970,94517504.95204937,352093720.4589373,140018389.95714208,141606567775.61575,-40427408098.21427,-17525789699.261112,58911.11437465277
46,2020,3,3,2,59,41.97,18643519.946,-11894473.314000001,-14455378.2,105.2969,3067.3602,-2397.30606,2020-03-03 02:59:41.970,93633551.89161551,352211782.8146737,140153177.5820505,141614958739.05154,-40403826205.30057,-17515565992.970753,58911.12479131943
46,2020,3,3,3,14,41.97,18575089.779000003,-9037952.166,-16480318.555999998,-257.10033,3271.18069,-2096.03028,2020-03-03 03:14:41.970,92749079.45684533,352327900.5097583,140287191.40364543,141623345029.08008,-40380243004.337456,-17505341718.78769,58911.1352079861
46,2020,3,3,3,29,41.97,18182176.546,-6023544.076,-18217318.878,-614.71054,3417.71644,-1758.39662,2020-03-03 03:29:41.970,91864092.22746377,352442072.0594273,140420430.34668964,141631726645.5168,-40356658496.1306,-17495116877.066418,58911.14562465277
46,2020,3,3,3,44,41.97,17471945.014000002,-2904004.3260000004,-19636333.355,-961.21437,3504.48294,-1390.4500699999999,2020-03-03 03:44:41.970,90978594.78993909,352554295.98735136,140552893.338872,141640103588.17752,-40333072681.485565,-17484891468.161434,58911.15604131943
46,2020,3,3,3,59,41.97,16457153.145,266166.511,-20713001.84,-1290.52141,3530.09089,-998.75947,2020-03-03 03:59:41.970,90092591.73747501,352664570.82565916,140684579.31081772,141648475856.87833,-40309485561.207886,-17474665492.427162,58911.1664579861
46,2020,3,3,4,14,41.97,15155894.419,3431717.1859999998,-21429063.502,-1596.88356,3494.26211,-590.28784,2020-03-03 04:14:41.970,89206087.6700032,352772895.1149607,140815487.1960991,141656843451.4355,-40285897136.10299,-17464438950.21803,58911.17687465277
46,2020,3,3,4,29,41.97,13591242.101,6537644.258,-21772651.042000003,-1874.99918,3397.82239,-172.25721,2020-03-03 04:29:41.970,88319087.19417521,352879267.40436906,140945615.9312457,141665206371.6654,-40262307406.97628,-17454211841.88849,58911.18729131943
46,2020,3,3,4,44,41.97,11790804.811,9530174.069999998,-21738462.060000002,-2120.1057699999997,3242.67218,247.98866,2020-03-03 04:44:41.970,87431594.92335483,352983686.2515245,141074964.45575535,141673564617.38477,-40238716374.63305,-17443984167.792862,58911.1977079861
46,2020,3,3,4,59,41.97,9786204.372,12357709.074000001,-21327807.137,-2328.05973,3031.7369200000003,663.12048,2020-03-03 04:59:41.970,86543615.47760972,353086150.22261757,141203531.71210447,141681918188.41077,-40215124039.878525,-17433755928.28556,58911.20812465277
46,2020,3,3,5,14,41.97,7612488.172,14971721.013,-20548536.952999998,-2495.4020200000004,2768.8990900000003,1065.95554,2020-03-03 05:14:41.970,85655153.48370378,353186657.89241093,141331316.64575905,141690267084.56055,-40191530403.51786,-17423527123.720917,58911.21854131943
46,2020,3,3,5,29,41.97,5307489.047,17327575.538000003,-19414853.277999997,-2619.40904,2458.91416,1449.5832500000001,2020-03-03 05:29:41.970,84766213.57508849,353285207.84426427,141458318.20518482,141698611305.65155,-40167935466.35617,-17413297754.453255,58911.2289579861
46,2020,3,3,5,44,41.97,2911146.093,19385275.059,-17947010.789,-2698.1285599999997,2107.31337,1807.48191,2020-03-03 05:44:41.970,83876800.39189516,353381798.6701566,141584535.3418584,141706950851.50153,-40144339229.19846,-17403067820.836857,58911.23937465277
46,2020,3,3,5,59,41.97,464799.814,21110108.990000002,-16170918.447,-2730.40087,1720.2956199999999,2133.62491,2020-03-03 05:59:41.970,82986918.58092624,353476428.9707096,141709967.01027793,141715285721.92834,-40120741692.849655,-17392837323.22601,58911.24979131943
46,2020,3,3,6,14,41.97,-1989525.266,22473202.954,-14117650.557,-2715.8656300000002,1304.61148,2422.57499,2020-03-03 06:14:41.970,82096572.79564698,353569097.35521114,141834612.16797373,141723615916.7504,-40097142858.11468,-17382606261.97495,58911.2602079861
46,2020,3,3,6,29,41.97,-4409837.979,23451960.827,-11822878.645000001,-2654.95509,867.4414400000001,2669.56583,2020-03-03 06:29:41.970,81205767.69617705,353659802.4416384,141958469.77551928,141731941435.786,-40073542725.79826,-17372374637.437927,58911.27062465277
46,2020,3,3,6,44,41.97,-6754886.078000001,24030395.689,-9326235.976,-2548.8748299999997,416.27118,2870.57012,2020-03-03 06:44:41.970,80314507.94928174,353748542.8566817,142081538.79654184,141740262278.85376,-40049941296.70522,-17362142449.969135,58911.28104131943
46,2020,3,3,6,59,41.97,-8984839.105999999,24199347.803,-6670626.886,-2399.57275,-41.23443,3022.35407,2020-03-03 06:59:41.970,79422798.2283634,353835317.2357682,142203818.19773343,141748578445.7727,-40026338571.64011,-17351909699.92276,58911.2914579861
46,2020,3,3,7,14,41.97,-11061938.672,23956589.54,-3901493.227,-2209.69785,-497.35625,3122.51822,2020-03-03 07:14:41.970,78530643.21345264,353920124.22308445,142325306.9488619,141756889936.36218,-40002734551.407555,-17341676387.65295,58911.30187465277
46,2020,3,3,7,29,41.97,-12951107.28,23306818.799000002,-1066050.112,-1982.54953,-944.44349,3169.5249099999996,2020-03-03 07:29:41.970,77638047.5911994,354002962.4716011,142446004.02278122,141765196750.44125,-39979129236.812065,-17331442513.513855,58911.31229131943
46,2020,3,3,7,44,41.97,-14620507.896,22261543.849000003,1787497.13,-1722.019,-1375.03214,3162.71266,2020-03-03 07:44:41.970,76745016.05486426,354083830.64309597,142565908.39544353,141773498887.8298,-39955522628.658066,-17321208077.85959,58911.3227079861
46,2020,3,3,7,59,41.97,-16042047.445,20838863.724,4610743.251,-1432.52351,-1781.95847,3102.29798,2020-03-03 07:59:41.970,75851553.30430892,354162727.4081776,142685019.0459088,141781796348.34766,-39931914727.749886,-17310973081.04423,58911.33312465277
46,2020,3,3,8,14,41.97,-17191818.419999998,19063149.272,7355869.578,-1118.9346600000001,-2158.46617,2989.36519,2020-03-03 08:14:41.970,74957664.04598755,354239651.4463098,142803334.95635715,141790089131.815,-39908305534.89182,-17300737523.421844,58911.34354131943
46,2020,3,3,8,29,41.97,-18050473.656,16964630.829,9976416.155000001,-786.50179,-2498.30653,2825.84479,2020-03-03 08:29:41.970,74063352.99293709,354314601.44583476,142920855.1120987,141798377238.05215,-39884695050.88807,-17290501405.346478,58911.3539579861
46,2020,3,3,8,44,41.97,-18603530.168,14578899.18,12428029.458,-440.77110000000005,-2795.83086,2614.4809699999996,2020-03-03 08:44:41.970,73168624.8647685,354387576.10399646,143037578.50158536,141806660666.87982,-39861083276.542755,-17280264727.17214,58911.36437465277
46,2020,3,3,8,59,41.97,-18841598.719,11946327.085,14669176.177,-87.50156000000001,-3046.07451,2358.7887,2020-03-03 08:59:41.970,72273484.38765687,354458574.12696654,143153504.11642212,141814939418.11884,-39837470212.65994,-17270027489.25282,58911.37479131943
46,2020,3,3,9,14,41.97,-18760536.478,9111419.228,16661813.929,267.42173,-3244.8318,2063.00104,2020-03-03 09:14:41.970,71377936.29433188,354527594.2298653,143268630.95137754,141823213491.59024,-39813855860.04356,-17259789691.9425,58911.3852079861
46,2020,3,3,9,29,41.97,-18361520.801999997,6122098.953,18372010.3,618.07609,-3388.72143,1732.00708,2020-03-03 09:29:41.970,70481985.32406855,354594635.136789,143382958.00439522,141831482887.11542,-39790240219.49757,-17249551335.595093,58911.39562465277
46,2020,3,3,9,44,41.97,-17651042.817,3028940.745,19770501.917000003,958.59083,-3475.24159,1371.28082,2020-03-03 09:44:41.970,69585636.22267744,354659695.58083093,143496484.27660492,141839747604.51602,-39766623291.825745,-17239312420.56454,58911.40604131943
46,2020,3,3,9,59,41.97,-16640820.135000002,-115642.034,20833185.707000002,1283.2372,-3502.8141,986.8016299999999,2020-03-03 09:59:41.970,68688893.74249455,354722774.30410755,143609208.772334,141848007643.61374,-39743005077.83182,-17229072947.20473,58911.4164579861
46,2020,3,3,10,14,41.97,-15347628.742,-3258243.979,21541534.866,1586.51795,-3470.817,584.9666,2020-03-03 10:14:41.970,67791762.64237182,354783870.05778164,143721130.4991188,141856263004.23074,-39719385578.31949,-17218832915.86954,58911.42687465277
46,2020,3,3,10,29,41.97,-13793054.849,-6345338.17,21882932.489,1863.25548,-3379.60449,172.49528999999998,2020-03-03 10:29:41.970,66894247.68766699,354842981.6020869,143832248.46771502,141864513686.18945,-39695764794.09232,-17208592326.912777,58911.43729131943
46,2020,3,3,10,44,41.97,-12003168.387,-9324158.78,21850916.36,2108.6776,-3230.51361,-243.67234,2020-03-03 10:44:41.970,65996353.65023337,354900107.706352,143942561.69211024,141872759689.31226,-39672142725.9538,-17198351180.688286,58911.4477079861
46,2020,3,3,10,59,41.97,-10008120.783,-12143583.314,21445329.028,2318.4998499999997,-3025.85669,-656.48415,2020-03-03 10:59:41.970,65098085.30840994,354955247.14902514,144052069.18953446,141881001013.4219,-39648519374.707375,-17188109477.549854,58911.45812465277
46,2020,3,3,11,14,41.97,-7841670.831,-14755001.307,20672368.142,2489.00275,-2768.8986,-1058.88906,2020-03-03 11:14:41.970,64199447.44701065,355008398.7176982,144160769.98047167,141889237658.3416,-39624894741.15641,-17177867217.85124,58911.46854131943
46,2020,3,3,11,29,41.97,-5540643.675,-17113155.53,19544533.068,2617.10285,-2463.81834,-1443.95407,2020-03-03 11:29:41.970,63300444.8573146,355059561.209131,144268663.08867142,141897469623.89447,-39601268826.104126,-17167624401.946188,58911.4789579861
46,2020,3,3,11,44,41.97,-3144329.404,-19176941.208,18080465.098,2700.41572,-2115.6540499999996,-1804.98339,2020-03-03 11:44:41.970,62401082.33705504,355108733.42927605,144375747.54116017,141905696909.90408,-39577641630.35373,-17157381030.188408,58911.48937465277
46,2020,3,3,11,59,41.97,-693829.162,-20910148.331,16304680.174999999,2737.30919,-1730.23152,-2135.6378299999997,2020-03-03 11:59:41.970,61501364.69040909,355155914.19330305,144482022.36825246,141913919516.19434,-39554013154.70837,-17147137102.931593,58911.49979131943
46,2020,3,3,12,14,41.97,1768641.67,-22282132.086000003,14247194.931,2726.94528,-1314.0760300000002,-2430.0521000000003,2020-03-03 12:14:41.970,60601296.7279869,355201102.325623,144587486.60356295,141922137442.58893,-39530383399.971,-17136892620.529387,58911.5102079861
46,2020,3,3,12,29,41.97,4200482.212,-23268396.697,11943048.950000001,2669.3089200000004,-874.30818,-2682.94764,2020-03-03 12:29:41.970,59700883.26682099,355244296.65991324,144692139.2840176,141930350688.91235,-39506752366.944626,-17126647583.335442,58911.52062465277
46,2020,3,3,12,44,41.97,6559454.192,-23851078.729000002,9431728.571,2565.22204,-418.5249,-2889.7381800000003,2020-03-03 12:44:41.970,58800129.13035515,355285496.0391417,144795979.44986516,141938559254.98895,-39483120056.43209,-17116401991.70335,58911.53104131943
46,2020,3,3,12,59,41.97,8804435.681000002,-24019317.15,6756500.028,2416.34178,45.33287,-3046.62513,2020-03-03 12:59:41.970,57899039.148433775,355324699.3155922,144899006.14468896,141946763140.64343,-39459486469.236176,-17106155845.98671,58911.5414579861
46,2020,3,3,13,14,41.97,10896165.643000001,-23769499.25,3963662.318,2225.14178,509.12333,-3150.68013,2020-03-03 13:14:41.970,56997618.15729043,355361905.3508886,145001218.41541845,141954962345.70074,-39435851606.15958,-17095909146.539051,58911.55187465277
46,2020,3,3,13,29,41.97,12797963.922999999,-23105373.836,1101732.668,1994.87624,964.65505,-3199.9118399999998,2020-03-03 13:29:41.970,56095870.999536864,355397113.01601964,145102615.312341,141963156869.9862,-39412215468.00492,-17085661893.713919,58911.56229131943
46,2020,3,3,13,44,41.97,14476411.077000001,-22038025.954,-1779420.197,1729.52671,1403.84288,-3193.3148,2020-03-03 13:44:41.970,55193802.52415155,355430321.19136363,145203195.88911295,141971346713.32513,-39388578055.57471,-17075414087.864815,58911.5727079861
46,2020,3,3,13,59,41.97,15901972.808,-20585710.626,-4629477.8379999995,1433.73235,1818.8647,-3130.89815,2020-03-03 13:59:41.970,54291417.586468466,355461528.7667141,145302959.20277223,141979531875.54315,-39364939369.67145,-17065165729.345198,58911.58312465277
46,2020,3,3,14,14,41.97,17049554.619,-18773546.589,-7398590.247,1112.70487,2202.3150299999998,-3013.6931,2020-03-03 14:14:41.970,53388721.048165366,355490734.6413036,145401904.31374937,141987712356.46637,-39341299411.097466,-17054916818.508509,58911.59354131943
46,2020,3,3,14,29,41.97,17898973.729000002,-16633074.722000001,-10038290.724000001,772.13007,2547.35151,-2843.73817,2020-03-03 14:29:41.970,52485717.7772523,355517937.72382975,145500030.28587976,141995888155.92075,-39317658180.655075,-17044667355.708185,58911.6039579861
46,2020,3,3,14,44,41.97,18435337.171,-14201689.462,-12502387.549999999,418.05826,2847.83003,-2624.0424,2020-03-03 14:44:41.970,51582412.648059815,355543136.9324793,145597336.18641487,142004059273.73273,-39294015679.14647,-17034417341.297585,58911.61437465277
46,2020,3,3,14,59,41.97,18649317.351,-11521954.935,-14747812.882,56.78644,3098.42512,-2358.52731,2020-03-03 14:59:41.970,50678810.54122711,355566331.1949536,145693821.08603463,142012225709.72885,-39270371907.37379,-17024166775.63009,58911.62479131943
46,2020,3,3,15,14,41.97,18537318.976999998,-8640820.639,-16735410.328999998,-305.26471,3294.73241,-2051.94899,2020-03-03 15:14:41.970,49774916.34369009,355587519.44849336,145789484.05885908,142020387463.73615,-39246726866.139015,-17013915659.059027,58911.6352079861
46,2020,3,3,15,29,41.97,18101534.114,-5608754.019,-18430644.356000002,-661.6758900000001,3433.35046,-1709.80266,2020-03-03 15:29:41.970,48870734.948669314,355606700.6399048,145884324.18246022,142028544535.58157,-39223080556.24413,-17003663991.937693,58911.64562465277
46,2020,3,3,15,44,41.97,17349885.072,-2478809.274,-19804216.834,-1006.1529,3511.94036,-1338.2123100000001,2020-03-03 15:44:41.970,47966271.255657844,355623873.72558355,145978340.53787354,142036696925.09256,-39199432978.491,-16993411774.619389,58911.65604131943
46,2020,3,3,15,59,41.97,16295857.629,694347.043,-20832578.706,-1332.6460499999998,3529.2621,-943.80849,2020-03-03 15:59:41.970,47061530.170408905,355639037.67154056,146071532.2096109,142044844632.09653,-39175784133.68139,-16983159007.457323,58911.6664579861
46,2020,3,3,16,14,41.97,14958229.807,3855432.498,-21498327.631,-1635.46247,3485.18726,-533.59773,2020-03-03 16:14:41.970,46156516.604923524,355652191.4534269,146163898.28567156,142052987656.42163,-39152134022.617004,-16972905690.804743,58911.67687465277
46,2020,3,3,16,29,41.97,13360703.766,6949546.31,-21790485.551999997,-1909.36869,3380.68879,-114.82684,2020-03-03 16:29:41.970,45251235.47743809,355663334.05655956,146255437.85755455,142061125997.8955,-39128482646.09942,-16962651825.014816,58911.68729131943
46,2020,3,3,16,44,41.97,11531450.406,9923147.704000002,-21704653.174,-2149.68177,3217.8088900000002,305.15438,2020-03-03 16:44:41.970,44345691.71241164,355672464.47594684,146346150.02027094,142069259656.3468,-39104830004.930145,-16952397410.440712,58911.6977079861
46,2020,3,3,16,59,41.97,9502577.846,12724996.136,-21243041.32,-2352.3471,2999.6066899999996,719.02892,2020-03-03 16:59:41.970,43439890.240512945,355679581.7163131,146436033.8723553,142077388631.60376,-39081176099.9107,-16942142447.435568,58911.70812465277
46,2020,3,3,17,14,41.97,7309536.147,15307036.174999999,-20414381.85,-2514.0021300000003,2730.08799,1119.64399,2020-03-03 17:14:41.970,42533835.998608135,355684684.79212475,146525088.51587838,142085512923.49524,-39057520931.84232,-16931886936.352465,58911.71854131943
46,2020,3,3,17,29,41.97,4990471.354,17625211.889,-19233723.286000002,-2632.02524,2414.11929,1500.1354099999999,2020-03-03 17:29:41.970,41627533.92974745,355687772.7276153,146613313.05645886,142093632531.8503,-39033864501.52635,-16921630877.544498,58911.7289579861
46,2020,3,3,17,44,41.97,2585542.268,19640197.867,-17722118.352,-2704.56968,2057.32892,1854.04305,2020-03-03 17:44:41.970,40720988.98315205,355688844.5568115,146700706.60327533,142101747456.49817,-39010206809.763916,-16911374271.364689,58911.73937465277
46,2020,3,3,17,59,41.97,136213.351,21318036.346,-15906212.401999999,-2730.58273,1665.9977399999998,2175.41545,2020-03-03 17:59:41.970,39814206.11420096,355687899.32355785,146787268.26907906,142109857697.26834,-38986547857.35607,-16901117118.166046,58911.74979131943
46,2020,3,3,18,14,41.97,-2315463.195,22630672.344,-13817742.981999999,-2709.81069,1246.9421599999998,2458.90247,2020-03-03 18:14:41.970,38907190.28441787,355684936.0815436,146872997.17020577,142117963253.99048,-38962887645.10387,-16890859418.301567,58911.7602079861
46,2020,3,3,18,29,41.97,-4727563.712,23556380.954,-11492961.807,-2642.79043,807.39193,2699.83495,2020-03-03 18:29:41.970,37999946.46145751,355679953.89432716,146957892.42658773,142126064126.49448,-38939226173.80817,-16880601172.124197,58911.77062465277
46,2020,3,3,18,44,41.97,-7058996.053,24080083.19,-8971991.016,-2530.8284099999996,354.86503000000005,2894.29101,2020-03-03 18:44:41.970,37092479.61909221,355672951.83536214,147041953.1617663,142134160314.6106,-38915563444.269806,-16870342379.986853,58911.78104131943
46,2020,3,3,18,59,41.97,-9270178.491,24193548.721,-6298125.918,-2375.96837,-102.95823,3039.14866,2020-03-03 18:59:41.970,36184794.73719811,355663928.9880234,147125178.50290415,142142251818.1692,-38891899457.28946,-16860083042.242424,58911.7914579861
46,2020,3,3,19,14,41.97,-11323684.792,23895485.672,-3517096.534,-2180.9486800000004,-558.35999,3132.1248100000003,2020-03-03 19:14:41.970,35276896.80174174,355652884.4456319,147207567.58079752,142150338637.00107,-38868234213.66783,-16849823159.243774,58911.80187465277
46,2020,3,3,19,29,41.97,-13184846.759,23191519.231,-676300.073,-1949.15061,-1003.7068899999999,3171.80086,2020-03-03 19:29:41.970,34368790.80476553,355639817.31148195,147289119.52988836,142158420770.9369,-38844567714.20543,-16839562731.343721,58911.81229131943
46,2020,3,3,19,44,41.97,-14822306.567,22094062.156,2175983.778,-1684.53871,-1431.5680399999999,3157.6354,2020-03-03 19:44:41.970,33460481.74437425,355624726.6988657,147369833.4882771,142166498219.80792,-38820899959.70269,-16829301758.895075,58911.8227079861
46,2020,3,3,19,59,41.97,-16208512.211,20622081.449,4991383.287,-1391.59422,-1834.82763,3089.96431,2020-03-03 19:59:41.970,32551974.624720838,355607611.7310998,147449708.5977347,142174570983.44562,-38797230950.96003,-16819040242.250591,58911.83312465277
46,2020,3,3,20,14,41.97,-17320150.376000002,18800766.442,7722219.836999999,-1075.2427,-2206.79122,2969.9890299999997,2020-03-03 20:14:41.970,31643274.45599193,355588471.5415503,147528744.00371528,142182639061.68134,-38773560688.77765,-16808778181.763008,58911.84354131943
46,2020,3,3,20,29,41.97,-18138511.891,16661104.337000001,10322277.327,-740.77678,-2541.28497,2799.7533799999997,2020-03-03 20:29:41.970,30734386.254393373,355567305.2736598,147606938.85536832,142190702454.34705,-38749889173.955765,-16798515577.785023,58911.8539579861
46,2020,3,3,20,44,41.97,-18649785.776,14239369.976,12747545.831,-393.77488,-2832.74697,2582.10962,2020-03-03 20:44:41.970,29825315.042136192,355544112.08097297,147684292.3055515,142198761161.27478,-38726216407.29448,-16788252430.669312,58911.86437465277
46,2020,3,3,20,59,41.97,-18845278.643000003,11576537.17,14956930.037,-40.016690000000004,-3076.31003,2320.67421,2020-03-03 20:59:41.970,28916065.847421482,355518891.127162,147760803.5108427,142206815182.29703,-38702542389.593765,-16777988740.768528,58911.87479131943
46,2020,3,3,21,14,41.97,-18721556.894,8717619.54,16912913.422000002,314.60371999999995,-3267.8754799999997,2019.77377,2020-03-03 21:14:41.970,28006643.70442593,355491641.5860537,147836471.63155308,142214864517.24606,-38678867121.6535,-16767724508.435244,58911.8852079861
46,2020,3,3,21,29,41.97,-18280509.833,5710949.311000001,18582169.580000002,664.1666299999999,-3404.17716,1684.3817199999999,2020-03-03 21:29:41.970,27097053.65328672,355462362.64165443,147911295.8317392,142222909165.9547,-38655190604.27354,-16757459734.022058,58911.89562465277
46,2020,3,3,21,44,41.97,-17529332.470000003,2607403.0790000004,19936112.489,1002.8163000000001,-3482.83511,1320.04607,2020-03-03 21:44:41.970,26187300.74008666,355431053.48817694,147985275.27921575,142230949128.2561,-38631512838.253555,-16747194417.881495,58911.90604131943
46,2020,3,3,21,59,41.97,-16480427.429,-540415.829,20951377.906999998,1324.85096,-3502.39826,932.80863,2020-03-03 21:59:41.970,25277390.016839106,355397713.33006674,148058409.1455682,142238984403.98334,-38607833824.39319,-16736928560.366093,58911.9164579861
46,2020,3,3,22,14,41.97,-15151226.099,-3679028.142,21610228.469,1624.81215,-3462.37526,529.1163300000001,2020-03-03 22:14:41.970,24367326.541472413,355362341.38202715,148130696.60616553,142247014992.9699,-38584153563.49199,-16726662161.828318,58911.92687465277
46,2020,3,3,22,29,41.97,-13563929.938,-6754951.603,21900875.533999998,1897.57265,-3363.25277,115.72501,2020-03-03 22:29:41.970,23457115.377814785,355324936.86904657,148202136.8401724,142255040895.04962,-38560472056.34935,-16716395222.620594,58911.93729131943
46,2020,3,3,22,44,41.97,-11745173.728,-9715584.358000001,21817711.335,2138.4218,-3206.50022,-300.40358,2020-03-03 22:44:41.970,22546761.595578916,355285499.02642477,148272729.0305625,142263062110.0564,-38536789303.76463,-16706127743.095352,58911.9477079861
46,2020,3,3,22,59,41.97,-9725613.581,-12510086.254,21361445.683000002,2343.1472000000003,-2994.56022,-712.21074,2020-03-03 22:59:41.970,21636270.270345755,355244027.09979844,148342472.3641309,142271078637.8243,-38513105306.53704,-16695859723.604965,58911.95812465277
46,2020,3,3,23,14,41.97,-7539443.637999999,-15090244.729,20539142.334,2508.11123,-2730.82381,-1112.65461,2020-03-03 23:14:41.970,20725646.48354939,355200520.34516776,148411366.0315067,142279090478.18777,-38489420065.465805,-16685591164.501764,58911.96854131943
46,2020,3,3,23,29,41.97,-5223846.71,-17411311.297,19364151.183999997,2630.32105,-2419.58977,-1494.82761,2020-03-03 23:29:41.970,19814895.322460648,355154978.02892315,148479409.22716615,142287097630.98145,-38465733581.3499,-16675322066.13808,58911.9789579861
46,2020,3,3,23,44,41.97,-2818385.487,-19432794.043,17855933.834,2707.4904,-2066.00745,-1852.07571,2020-03-03 23:44:41.970,18904021.880171355,355107399.4278711,148546601.14944506,142295100096.04034,-38442045854.98827,-16665052428.866182,58911.98937465277
46,2020,3,3,23,59,41.97,-364342.494,-21119191.19,16039781.681,2738.0914199999997,-1676.0030100000001,-2178.11758,2020-03-03 23:59:41.970,17993031.317724116,355057783.8327151,148612940.99605542,142303097870.67056,-38418356894.66423,-16654782256.28284,58911.99979131943
46,2020,3,4,0,14,41.97,2095982.419,-22440649.937,13946425.671,2721.39504,-1256.18902,-2467.16179,2020-03-04 00:14:41.970,17081928.61551988,355006130.53440344,148678427.98214164,142311090959.76663,-38394666686.20812,-16644511542.251375,58912.0102079861
46,2020,3,4,0,29,41.97,4520000.53,-23373540.968000002,11611552.229999999,2657.49717,-813.75833,-2714.01777,2020-03-04 00:29:41.970,16170718.946154142,354952438.84446543,148743061.31314093,142319079360.63388,-38370975237.902596,-16634240290.368317,58912.02062465277
46,2020,3,4,0,44,41.97,6865588.716999999,-23900922.298,9075203.364,2547.3318,-356.36309,-2914.20155,2020-03-04 00:44:41.970,15259407.425838895,354896708.0816375,148806840.20295686,142327063073.1079,-38347282550.546265,-16623968500.985817,58912.03104131943
46,2020,3,4,0,59,41.97,9091839.563,-24012896.612,6381105.232,2392.66625,108.01915,-3064.02875,2020-03-04 00:59:41.970,14347999.176524786,354838937.57520485,148869763.86941668,142335042097.02496,-38323588624.93752,-16613696174.455973,58912.0414579861
46,2020,3,4,1,14,41.97,11159804.115999999,-23706838.962,3575909.299,2196.08042,571.22994,-3160.69524,2020-03-04 01:14:41.970,13436499.325884432,354779126.66502804,148931831.53428498,142343016432.22116,-38299893461.874756,-16603423311.13085,58912.05187465277
46,2020,3,4,1,29,41.97,13033207.286,-22987491.616,708369.74,1960.9285,1025.08196,-3202.34173,2020-03-04 01:29:41.970,12524913.00729521,354717274.70156926,148993042.42327604,142350986078.53305,-38276197062.1563,-16593149911.362495,58912.06229131943
46,2020,3,4,1,44,41.97,14679121.018,-21866919.871,-2171529.142,1691.28353,1461.51532,-3188.09996,2020-03-04 01:44:41.970,11613245.359822413,354653381.04591864,149053395.76606733,142358951035.7974,-38252499426.58026,-16582875975.5029,58912.0727079861
46,2020,3,4,1,59,41.97,16068580.101,-20364326.781,-5013478.077,1391.8654900000001,1872.75414,-3118.11861,2020-03-04 01:59:41.970,10701501.52820193,354587445.0698223,149112890.79631194,142366911303.85107,-38228800555.94473,-16572601503.90404,58912.08312465277
46,2020,3,4,2,14,41.97,17177126.379,-18505728.272,-7767761.732,1067.95442,2251.45955,-2993.56776,2020-03-04 02:14:41.970,9789686.662822615,354519466.1557073,149171526.7516524,142374866882.53137,-38205100451.04769,-16562326496.917841,58912.09354131943
46,2020,3,4,2,29,41.97,17985268.632,-16323493.826,-10386171.626,725.29027,2590.87475,-2816.62108,2020-03-04 02:29:41.970,8877805.919709135,354449443.69670904,149229302.8737331,142382817771.67557,-38181399112.68702,-16552050954.896181,58912.1039579861
46,2020,3,4,2,44,41.97,18478847.344,-13855761.509,-12822893.141,369.96209000000005,2884.95852,-2590.41615,2020-03-04 02:44:41.970,7965864.460503996,354377377.0966985,149286218.40821362,142390763971.1215,-38157696541.66045,-16541774878.19094,58912.11437465277
46,2020,3,4,2,59,41.97,18649295.968,-11145739.532,-15035347.13,8.289380000000001,3128.5033399999998,-2318.99351,2020-03-04 02:59:41.970,7053867.452449975,354303265.7703084,149342272.60478187,142398705480.70685,-38133992738.76571,-16531498267.153934,58912.12479131943
46,2020,3,4,3,14,41.97,18493792.977,-8240909.543,-16984967.809,-353.30145000000005,3317.23517,-2007.21628,2020-03-04 03:14:41.970,6141820.068371871,354227109.1429598,149397464.71716723,142406642300.26984,-38110287704.80031,-16521221122.136942,58912.1352079861
46,2020,3,4,3,29,41.97,18015301.851,-5192149.306,-18637900.311,-708.4020399999999,3447.89245,-1660.67246,2020-03-04 03:29:41.970,5229727.486658836,354148906.65088934,149451794.00315374,142414574429.6487,-38086581440.56177,-16510943443.491724,58912.14562465277
46,2020,3,4,3,44,41.97,17222499.076,-2052794.3220000002,-19965603.575,-1050.74542,3518.2825900000003,-1285.56277,2020-03-04 03:44:41.970,4317594.891245792,354068657.7411757,149505259.7245931,142422501868.68222,-38062873946.84742,-16500665231.56999,58912.15604131943
46,2020,3,4,3,59,41.97,16129593.064000001,1122340.928,-20945346.915999997,-1374.32463,3527.31511,-888.57708,2020-03-04 03:59:41.970,3405427.471595142,353986361.8717672,149557861.14741802,142430424617.20908,-38039165224.45455,-16490386486.723425,58912.1664579861
46,2020,3,4,4,14,41.97,14756039.508,4277960.944,-21560591.560000002,-1673.50375,3475.01122,-476.76291,2020-03-04 04:14:41.970,2493230.422678444,353902018.5115078,149609597.54165578,142438342675.06808,-38015455274.18032,-16480107209.303648,58912.17687465277
46,2020,3,4,4,29,41.97,13126161.068,7359285.437,-21801251.486,-1943.11914,3362.4905599999997,-57.38932,2020-03-04 04:29:41.970,1581008.9449575217,353815627.14016384,149660468.1814407,142446256042.09882,-37991744096.82176,-16469827399.662283,58912.18729131943
46,2020,3,4,4,44,41.97,11268681.188000001,10313023.722,-21663831.016,-2178.5687399999997,3191.93617,362.19038,2020-03-04 04:44:41.970,668768.2443658387,353727187.24845225,149710472.3450282,142454164718.14053,-37968031693.175865,-16459547058.150883,58912.1977079861
46,2020,3,4,4,59,41.97,9216183.425999999,13088308.53,-21151439.471,-2375.88808,2966.53968,774.67395,2020-03-04 04:59:41.970,-243486.46771058088,353636698.33806574,149759609.3148078,142462068703.03305,-37944318064.03948,-16449266185.12099,58912.20812465277
46,2020,3,4,5,14,41.97,7004508.756999999,15637572.290000001,-20273685.975,-2531.81198,2690.42868,1172.94085,2020-03-04 05:14:41.970,-1155749.974452145,353544159.92170167,149807878.3773162,142469967996.61633,-37920603210.20933,-16438984780.924082,58912.21854131943
46,2020,3,4,5,29,41.97,4672104.005,17917351.038000003,-19046459.822,-2643.8214000000003,2368.57893,1550.17551,2020-03-04 05:29:41.970,-2068017.0536249115,353449571.5230871,149855278.82325107,142477862598.7304,-37896887132.48208,-16428702845.911615,58912.2289579861
46,2020,3,4,5,44,41.97,2259334.832,19889003.380999997,-17491603.922,-2710.17539,2006.7138400000001,1899.98139,2020-03-04 05:44:41.970,-2980282.477600046,353352932.67700684,149901809.94748428,142485752509.21576,-37873169831.65424,-16418420380.435009,58912.23937465277
46,2020,3,4,5,59,41.97,-192223.366,21519334.345,-15636490.451,-2729.92828,1611.1940499999998,2216.48397,2020-03-04 05:59:41.970,-3892541.013373342,353254242.9293308,149947471.049075,142493637727.91312,-37849451308.52229,-16408137384.845648,58912.24979131943
46,2020,3,4,6,14,41.97,-2640503.671,22781116.298,-13513509.153,-2702.93284,1188.89957,2494.4217000000003,2020-03-04 06:14:41.970,-4804787.422584817,353153501.8370402,149992261.43128362,142501518254.66302,-37825731563.882515,-16397853859.494846,58912.2602079861
46,2020,3,4,6,29,41.97,-5043662.613000001,23653501.433000002,-11159479.639999999,-2629.8301,747.1070199999999,2729.22384,2020-03-04 06:29:41.970,-5717016.461538582,353050708.9682545,150036180.40158474,142509394089.3069,-37802010598.53119,-16387569804.733936,58912.27062465277
46,2020,3,4,6,44,41.97,-7360780.343,24122322.457,-8614999.632,-2512.0267900000003,293.36438,2917.07493,2020-03-04 06:44:41.970,-6629222.881222811,352945863.9022597,150079227.27168098,142517265231.68585,-37778288413.264366,-16377285220.914156,58912.28104131943
46,2020,3,4,6,59,41.97,-9552535.390999999,24180280.109,-5923741.372,-2351.66163,-164.63494,3054.96549,2020-03-04 06:59:41.970,-7541401.427329847,352838966.22953403,150121401.357516,142525131681.6415,-37754565008.8781,-16367000108.38675,58912.2914579861
46,2020,3,4,7,14,41.97,-11581844.386,23827017.872,-3131708.482,-2151.56137,-619.1766,3140.7292199999997,2020-03-04 07:14:41.970,-8453546.840276496,352730015.5517757,150162701.97928876,142532993439.01538,-37730840386.16827,-16356714467.50288,58912.30187465277
46,2020,3,4,7,29,41.97,-13414458.187,23069085.827,-286465.404,-1915.18805,-1062.64689,3173.06682,2020-03-04 07:29:41.970,-9365653.85522443,352619011.4819299,150203128.46146607,142540850503.64978,-37707114545.93069,-16346428298.613703,58912.31229131943
46,2020,3,4,7,44,41.97,-15019506.863,21919796.902999997,2563648.7699999996,-1646.5782900000002,-1487.65009,3151.55692,2020-03-04 07:44:41.970,-10277717.202100743,352505953.6442164,150242680.13279706,142548702875.3867,-37683387488.96105,-16336141602.070328,58912.3227079861
46,2020,3,4,7,59,41.97,-16369986.999,20398979.939,5370310.663000001,-1350.27599,-1887.1202600000001,3076.65455,2020-03-04 07:59:41.970,-11189731.60561875,352390841.67415583,150281356.3263261,142556550554.06863,-37659659216.05491,-16325854378.223818,58912.33312465277
46,2020,3,4,8,14,41.97,-17443185.737,18532634.89,8085996.245999999,-1031.25922,-2254.42673,2949.6778099999997,2020-03-04 08:14:41.970,-12101691.785298713,352273675.2185973,150319156.37940675,142564393539.5382,-37635929728.00773,-16315566627.425201,58912.34354131943
46,2020,3,4,8,29,41.97,-18221036.832999997,16352496.362,10664747.318,-694.8624,-2583.47223,2772.7832000000003,2020-03-04 08:29:41.970,-13013592.455489079,352154453.9357454,150356079.63371512,142572231831.63843,-37612199025.614914,-16305278350.02546,58912.3539579861
46,2020,3,4,8,44,41.97,-18690404.854000002,13895512.302,13062910.912999999,-346.69455999999997,-2868.78318,2548.93021,2020-03-04 08:44:41.970,-13925428.32538735,352033177.4951878,150392125.43526366,142580065430.21207,-37588467109.67168,-16294989546.375551,58912.36437465277
46,2020,3,4,8,59,41.97,-18843294.349,11203245.287,15239842.217,7.4455,-3105.59128,2281.8357100000003,2020-03-04 08:59:41.970,-14837194.099061921,351909845.5779217,150427293.1344148,142587894335.1028,-37564733980.97325,-16284700216.826378,58912.37479131943
46,2020,3,4,9,14,41.97,-18676981.546,8321204.41,17158562.017,361.65644000000003,-3289.90606,1975.91859,2020-03-04 09:14:41.970,-15748884.475472936,351784457.8763822,150461582.0858945,142595718546.1541,-37540999640.31458,-16274410361.728794,58912.3852079861
46,2020,3,4,9,29,41.97,-18194066.782,5298116.313,18786360.152000003,710.02316,-3418.57751,1636.23522,2020-03-04 09:29:41.970,-16660494.148494517,351657014.0944678,150494991.64880604,142603538063.20966,-37517264088.4906,-16264119981.433647,58912.39562465277
46,2020,3,4,9,44,41.97,-17402446.517,2185144.445,20095336.802,1046.70657,-3489.3483,1268.40593,2020-03-04 09:44:41.970,-17572017.806936253,351527513.94756943,150527521.18664384,142611352886.11356,-37493527326.29612,-16253829076.291708,58912.40604131943
46,2020,3,4,9,59,41.97,-16315204.456,-964933.741,21062873.871,1366.0335,-3500.89496,878.53323,2020-03-04 09:59:41.970,-18483450.13456513,351395957.1625963,150559170.06730664,142619163014.70984,-37469789354.5259,-16243537646.653734,58912.4164579861
46,2020,3,4,10,14,41.97,-14950422.005,-4098581.3019999997,21672029.09,1662.5859,-3452.85705,473.11197,2020-03-04 10:14:41.970,-19394785.810127858,351262343.4780041,150589937.6631121,142626968448.8433,-37446050173.97448,-16233245692.870419,58912.42687465277
46,2020,3,4,10,29,41.97,-13330909.09,-7162376.946,21911845.962,1931.2884,-3345.8536599999998,58.93224,2020-03-04 10:29:41.970,-20306019.50737311,351126672.6438213,150619823.3508096,142634769188.3583,-37422309785.43637,-16222953215.292423,58912.43729131943
46,2020,3,4,10,44,41.97,-11483857.258,-10103898.972000001,21777573.191,2167.4932999999996,-3181.48631,-357.02453,2020-03-04 10:44:41.970,-21217145.895073663,350988944.4216774,150648826.5115951,142642565233.09988,-37398568189.705925,-16212660214.270374,58912.4477079861
46,2020,3,4,10,59,41.97,-9440418.002,-12872605.362,21270787.949,2367.06153,-2962.32737,-767.6952299999999,2020-03-04 10:59:41.970,-22128159.637049407,350849158.58482987,150676946.5311238,142650356582.91302,-37374825387.57739,-16202366690.154848,58912.45812465277
46,2020,3,4,11,14,41.97,-7235210.433999999,-15420696.629,20399418.218,2526.43846,-2691.8931900000002,-1166.04945,2020-03-04 11:14:41.970,-23039055.392189886,350707314.9181907,150704182.799525,142658143237.6432,-37351081379.84496,-16192072643.296387,58912.46854131943
46,2020,3,4,11,29,41.97,-4905763.691,-17703947.325,19177660.561,2642.72284,-2374.60122,-1545.2072400000002,2020-03-04 11:29:41.970,-23949827.81447718,350563413.2183546,150730534.711415,142665925197.13596,-37327336167.30262,-16181778074.045475,58912.4789579861
46,2020,3,4,11,44,41.97,-2491900.9420000003,-19682491.554,17625791.044,2713.72736,-2015.71062,-1898.55847,2020-03-04 11:44:41.970,-24860471.553009104,350417453.2936258,150756001.6659117,142673702461.23694,-37303589750.74428,-16171482982.75258,58912.48937465277
46,2020,3,4,11,59,41.97,-35073.337,-21321547.561,15769868.716,2738.0290600000003,-1621.24625,-2219.88189,2020-03-04 11:59:41.970,-25770981.252022326,350269434.96404546,150780583.06664798,142681475029.79227,-37279842130.96376,-16161187369.768105,58912.49979131943
46,2020,3,4,12,14,41.97,2422346.1750000003,-22592066.408999998,13641332.980999999,2715.0078,-1197.9061,-2503.4614300000003,2020-03-04 12:14:41.970,-26681351.550915934,350119358.0614192,150804278.32178584,142689242902.64822,-37256093308.75476,-16150891235.442417,58912.5102079861
46,2020,3,4,12,29,41.97,4837797.722999999,-23471290.234,11276498.424999999,2644.87128,-752.95303,-2744.1973700000003,2020-03-04 12:29:41.970,-27591577.084274758,349967222.4293439,150827086.8440302,142697006079.65106,-37232343284.91085,-16140594580.12584,58912.52062465277
46,2020,3,4,12,44,41.97,7169285.214000001,-23943206.368,8715953.044,2528.6649899999998,-294.09191,-2937.7093200000004,2020-03-04 12:44:41.970,-28501652.481893383,349813027.9232352,150849008.05064294,142704764560.64767,-37208592060.22551,-16130297404.168667,58912.53104131943
46,2020,3,4,12,59,41.97,9376128.787,-23998885.081,6003868.3950000005,2368.26597,170.66579000000002,-3080.4285099999997,2020-03-04 12:59:41.970,-29411572.368799765,349656774.4103548,150870041.36345667,142712518345.48468,-37184839635.49205,-16119999707.921131,58912.5414579861
46,2020,3,4,13,14,41.97,11419704.05,-23636690.584,3187232.723,2166.35956,633.14775,-3169.6762,2020-03-04 13:14:41.970,-30321331.365279514,349498461.769838,150890186.20888865,142720267434.0094,-37161086011.503685,-16109701491.733429,58912.55187465277
46,2020,3,4,13,29,41.97,13264152.59,-22862357.441,315020.602,1926.39884,1085.17364,-3203.72593,2020-03-04 13:29:41.970,-31230924.08689998,349338089.89272034,150909442.01795483,142728011826.06903,-37137331189.053604,-16099402755.955715,58912.56229131943
46,2020,3,4,13,44,41.97,14877048.23,-21688927.439999998,-2562685.144,1652.54692,1518.7117,-3181.8469999999998,2020-03-04 13:44:41.970,-32140345.14453469,349175658.68196565,150927808.22628418,142735751521.51114,-37113575168.93474,-16089103500.938107,58912.5727079861
46,2020,3,4,13,59,41.97,16230003.961000001,-20136545.347,-5395601.63,1349.603,1926.03514,-3104.32759,2020-03-04 13:59:41.970,-33049589.144387893,349011168.0524931,150945284.27413204,142743486520.18353,-37089817951.939995,-16078803727.030647,58912.58312465277
46,2020,3,4,14,14,41.97,17299205.494000003,-18232115.515,-8134165.176,1022.91353,2299.8742399999996,-2972.47615,2020-03-04 14:14:41.970,-33958650.68801928,348844617.93120396,150961869.6063946,142751216821.93417,-37066059538.86215,-16068503434.583384,58912.59354131943
46,2020,3,4,14,29,41.97,18065858.930999998,-16008825.001,-10730441.899,678.27059,2633.56021,-2788.60068,2020-03-04 14:29:41.970,-34867524.37236893,348676008.2570095,150977563.6726225,142758942426.61124,-37042299930.493835,-16058202623.946285,58912.6039579861
46,2020,3,4,14,44,41.97,18516542.071,-13505542.450000001,-13139009.691,321.79983,2921.15682,-2555.96601,2020-03-04 14:44:41.970,-35776204.78978226,348505338.9808582,150992365.92703554,142766663334.06302,-37018539127.62756,-16047901295.469273,58912.61437465277
46,2020,3,4,14,59,41.97,18643451.299,-10766105.379,-15317792.229999999,-40.15903,3157.5762,-2278.73011,2020-03-04 14:59:41.970,-36684686.52803524,348332610.0657626,151006275.8285362,142774379544.13837,-36994777131.055756,-16037599449.502249,58912.62479131943
46,2020,3,4,15,14,41.97,18444538.724,-7838511.4059999995,-17228826.872,-401.17605000000003,3338.67602,-1961.8612099999998,2020-03-04 15:14:41.970,-37592964.17036004,348157821.48682684,151019292.84072375,142782091056.686,-36971013941.57073,-16027297086.39506,58912.6352079861
46,2020,3,4,15,29,41.97,17923537.117,-4774031.407000001,-18838950.117,-754.856,3461.33554,-1611.03793,2020-03-04 15:29:41.970,-38501032.29547029,347980973.23127425,151031416.4319086,142789797871.5551,-36947249559.96466,-16016994206.497494,58912.64562465277
46,2020,3,4,15,44,41.97,17089873.099,-1626264.3290000001,-20120386.632000003,-1094.96125,3523.50898,-1232.5353599999999,2020-03-04 15:44:41.970,-39408885.47758694,347802065.2984742,151042646.07512614,142797499988.59476,-36923483987.02959,-16006690810.159311,58912.65604131943
46,2020,3,4,15,59,41.97,15958471.857,1549845.52,-21051230.584000003,-1415.52943,3524.25544,-833.1002,2020-03-04 15:59:41.970,-40316518.286464214,347621097.69996905,151052981.24815065,142805197407.6546,-36899717223.55741,-15996386897.730223,58912.6664579861
46,2020,3,4,16,14,41.97,14549459.266,4699007.552,-21615810.972,-1710.98335,3463.7454399999997,-419.81842,2020-03-04 16:14:41.970,-41223925.28741556,347438070.45950234,151062421.43351045,142812890128.58438,-36875949270.33999,-15986082469.559885,58912.67687465277
46,2020,3,4,16,29,41.97,12887769.546,7766579.450999999,-21804935.735,-1976.23066,3343.24454,0.0212,2020-03-04 16:29:41.970,-42131101.04134017,347252983.6130449,151070966.11850056,142820578151.2339,-36852180128.16903,-15975777525.997925,58912.68729131943
46,2020,3,4,16,44,41.97,11002668.534,10699537.277999999,-21616012.466000002,-2206.7514,3165.07556,419.0643,2020-03-04 16:44:41.970,-43038040.10474897,347065837.2088231,151078614.79519793,142828261475.45337,-36828409797.8361,-15965472067.393911,58912.6977079861
46,2020,3,4,16,59,41.97,8927204.091,13447402.575,-21053046.467,-2398.6721900000002,2932.56121,830.0258,2020-03-04 16:59:41.970,-43944737.02979167,346876631.307345,151085366.9604752,142835940101.09317,-36804638280.13265,-15955166094.097364,58912.70812465277
46,2020,3,4,17,14,41.97,6697596.24,15963109.817,-20126519.549,-2548.8259000000003,2649.94929,1225.81961,2020-03-04 17:14:41.970,-44851186.364283204,346685365.9814287,151091222.11601493,142843614028.0039,-36780865575.84997,-15944859606.45777,58912.71854131943
46,2020,3,4,17,29,41.97,4352580.226,18203799.636,-18853155.310999997,-2654.7965,2322.32297,1599.68078,2020-03-04 17:29:41.970,-45757382.65173083,346492041.3162286,151096179.76832372,142851283256.03632,-36757091685.77931,-15934552604.82457,58912.7289579861
46,2020,3,4,17,44,41.97,1932715.947,20131525.584,-17255578.646,-2714.94899,1955.4988,1945.27815,2020-03-04 17:44:41.970,-46663320.4313613,346296657.40926296,151100239.42874646,142858947785.04144,-36733316610.71177,-15924245089.547123,58912.73937465277
46,2020,3,4,17,59,41.97,-520322.939,21713864.579,-15361878.821,-2728.44471,1555.9151,2256.81576,2020-03-04 17:59:41.970,-47568994.238147974,346099214.3704409,151103400.61348063,142866607614.87033,-36709540351.43832,-15913937060.974802,58912.74979131943
46,2020,3,4,18,14,41.97,-2964467.3200000003,22924423.542,-13205086.703000002,-2695.24262,1130.51333,2529.12201,2020-03-04 18:14:41.970,-48474398.60283847,345899712.3220899,151105662.84359038,142874262745.3747,-36685762908.749756,-15903628519.456879,58912.7602079861
46,2020,3,4,18,29,41.97,-5357966.1,23743237.009,-10822577.595999999,-2616.08743,686.61483,2757.72576,2020-03-04 18:29:41.970,-49379528.05198224,345698151.3989824,151107025.6450206,142881913176.40594,-36661984283.43682,-15893319465.342606,58912.77062465277
46,2020,3,4,18,44,41.97,-7660083.398,24157052.645,-8255411.67,-2492.4855,231.79532,2938.91884,2020-03-04 18:44:41.970,-50284377.107958294,345494531.7483633,151107488.54861173,142889558907.81613,-36638204476.29016,-15883009898.981188,58912.78104131943
46,2020,3,4,18,59,41.97,-9831769.001,24159503.526,-5547624.255,-2326.66966,-226.24089999999998,3069.8049699999997,2020-03-04 18:59:41.970,-51188940.28900339,345288853.5299769,151107051.0901132,142897199939.45712,-36614423488.10019,-15872699820.721775,58912.7914579861
46,2020,3,4,19,14,41.97,-11836292.589,23751167.789,-2745478.2399999998,-2121.55411,-679.78514,3148.33507,2020-03-04 19:14:41.970,-52093212.109240174,345081116.9160939,151105712.81019837,142904836271.1813,-36590641319.65729,-15862389230.913462,58912.80187465277
46,2020,3,4,19,29,41.97,-13639833.308,22939517.779999997,103309.30600000001,-1880.68048,-1121.24548,3173.3292899999997,2020-03-04 19:29:41.970,-52997187.07870541,344871322.09153867,151103473.25447842,142912467902.84128,-36566857971.751656,-15852078129.905308,58912.81229131943
46,2020,3,4,19,44,41.97,-15212017.293000001,21738762.121,2950354.5439999998,-1608.15627,-1543.26334,3144.4862599999997,2020-03-04 19:44:41.970,-53900859.7033786,344659469.25371593,151100331.97351673,142920094834.28964,-36543073445.17342,-15841766518.046333,58912.8227079861
46,2020,3,4,19,59,41.97,-16526396.734000001,20169585.246,5747396.9520000005,-1308.58669,-1938.8246,3062.37987,2020-03-04 19:59:41.970,-54804224.48521076,344445558.61263824,151096288.52284324,142927717065.37924,-36519287740.71255,-15831454395.68548,58912.83312465277
46,2020,3,4,20,14,41.97,-17560865.009,18258789.854,8447081.23,-987.00091,-2301.36406,2928.44439,2020-03-04 20:14:41.970,-55707275.92215318,344229590.3909526,151091342.46296853,142935334595.96335,-36495500859.1589,-15821141763.171665,58912.84354131943
46,2020,3,4,20,29,41.97,-18298003.302,16038848.563,11003720.67,-648.7737,-2624.86265,2744.94826,2020-03-04 20:29:41.970,-56610008.508186705,344011564.8239677,151085493.35939837,142942947425.89502,-36471712801.30216,-15810828620.85375,58912.8539579861
46,2020,3,4,20,44,41.97,-18725354.897,13547371.66,13374032.146,-299.54321,-2903.93655,2514.95733,2020-03-04 20:44:41.970,-57512416.73335081,343791482.1596803,151078740.78264782,142950555555.02823,-36447923567.931984,-15800514969.080563,58912.86437465277
46,2020,3,4,20,59,41.97,-18835624.1,10826498.492999999,15517833.350000001,54.87418,-3133.9176599999996,2242.2878299999998,2020-03-04 20:59:41.970,-58414495.08377311,343569342.6588028,151071084.30825546,142958158983.21643,-36424133159.83781,-15790200808.20085,58912.87479131943
46,2020,3,4,21,14,41.97,-18626797.423,7922220.556,17398693.38,408.57134,-3310.92481,1931.44975,2020-03-04 21:14:41.970,-59316238.04169888,343345146.5947903,151062523.51679835,142965757710.31366,-36400341577.80896,-15779886138.563337,58912.8852079861
46,2020,3,4,21,29,41.97,-18102185.313,4883644.901,18984528.166,755.63935,-3431.92508,1587.58102,2020-03-04 21:29:41.970,-60217640.085521184,343118894.25386626,151053057.993905,142973351736.17422,-36376548822.63466,-15769570960.51669,58912.89562465277
46,2020,3,4,21,44,41.97,-17270383.376000002,1762207.0450000002,20248132.658999998,1090.25733,-3494.7845700000003,1216.3728199999998,2020-03-04 21:44:41.970,-61118695.6898105,342890585.9350506,151042687.33027154,142980941060.6523,-36352754895.10404,-15759255274.409525,58912.90604131943
46,2020,3,4,21,59,41.97,-16145152.706999999,-1389156.831,21167642.063,1406.78224,-3498.30799,823.9866999999999,2020-03-04 21:59:41.970,-62019399.325345024,342660221.9501862,151031411.12167436,142988525683.60248,-36328959796.006035,-15748939080.590403,58912.9164579861
46,2020,3,4,22,14,41.97,-14745219.658,-4516867.9350000005,21726914.819000002,1699.83792,-3442.26615,416.96366,2020-03-04 22:14:41.970,-62919745.4591411,342427802.6239651,151019228.96898556,142996105604.87982,-36305163526.129486,-15738622379.407846,58912.92687465277
46,2020,3,4,22,29,41.97,-13093996.19,-7567581.994999999,21915830.515,1964.4024200000001,-3327.41073,2.12609,2020-03-04 22:29:41.970,-63819728.554483645,342193328.29395586,151006140.4781867,143003680824.33908,-36281366086.26304,-15728305171.210325,58912.93729131943
46,2020,3,4,22,44,41.97,-11219222.858,-10489073.51,21730496.47,2195.8923800000002,-3155.47519,-413.52695,2020-03-04 22:44:41.970,-64719343.07095698,341956799.31063026,150992145.26038337,143011251341.8356,-36257567477.19538,-15717987456.346252,58912.9477079861
46,2020,3,4,22,59,41.97,-9152537.519,-13231114.395000001,21173357.457,2390.24346,-2929.16122,-822.9301,2020-03-04 22:59:41.970,-65618583.46447567,341718216.0373896,150977242.9318196,143018817157.22473,-36233767699.71483,-15707669235.163996,58912.95812465277
46,2020,3,4,23,14,41.97,-6928974.058,-15746333.497,20253203.942,2543.98522,-2652.1097400000003,-1219.06664,2020-03-04 23:14:41.970,-66517444.18731565,341477578.8505918,150961433.113892,143026378270.3621,-36209966754.60981,-15697350508.011873,58912.96854131943
46,2020,3,4,23,29,41.97,-4586396.702,-17991042.834,18985075.369999997,2654.3091099999997,-2328.85577,-1595.08652,2020-03-04 23:29:41.970,-67415919.68814547,341234888.13957745,150944715.43316457,143033934681.1037,-36186164642.66843,-15687031275.238146,58912.9789579861
46,2020,3,4,23,44,41.97,-2164876.975,-19926015.836,17390056.436,2719.12765,-1964.76686,-1944.42582,2020-03-04 23:44:41.970,-68314004.41205782,340990144.3066971,150927089.52138242,143041486389.30536,-36162361364.67879,-15676711537.19103,58912.98937465277
46,2020,3,4,23,59,41.97,293978.152,-21517202.635,15494965.991999999,2737.1234000000004,-1565.9648200000001,-2260.92551,2020-03-04 23:59:41.970,-69211692.80060117,340743347.7673373,150908555.0154865,143049033394.82343,-36138556921.42878,-15666391294.21869,58912.99979131943
46,2020,3,5,0,14,41.97,2747737.844,-22736366.724,13331938.128,2707.78586,-1139.2309,-2538.9474999999998,2020-03-05 00:14:41.970,-70108979.29181166,340494498.9499478,150889111.5576283,143056575697.5142,-36114751313.706215,-15656070546.669231,58913.0102079861
46,2020,3,5,0,29,41.97,5153880.917,-23561632.915999997,10937911.59,2631.43388,-691.8957399999999,-2773.4838,2020-03-05 00:29:41.970,-71005858.32024503,340243598.2960665,150868758.79518345,143064113297.23465,-36090944542.298744,-15645749294.890718,58913.02062465277
46,2020,3,5,0,44,41.97,7470553.322,-23977922.337,8354003.637,2509.2246,-231.71447,-2960.25975,2020-03-05 00:44:41.970,-71902324.3170088,339990646.26034784,150847496.38076684,143071646193.84143,-36067136607.993904,-15635427539.231157,58913.03104131943
46,2020,3,5,0,59,41.97,9657315.805,-23977276.526,5624816.705999999,2343.14422,233.27021,-3095.82354,2020-03-05 00:59:41.970,-72798371.70979494,339735643.31058776,150825323.97224632,143079174387.1916,-36043327511.5791,-15625105280.038515,58913.0414579861
46,2020,3,5,1,14,41.97,11675880.953,-23559050.082000002,2797660.199,2135.9827099999998,694.87489,-3177.62293,2020-03-05 01:14:41.970,-73693994.92291228,339478589.92775095,150802241.23275778,143086697877.14243,-36019517253.84156,-15614782517.660675,58913.05187465277
46,2020,3,5,1,29,41.97,13490818.57,-22729968.569000002,-78287.347,1891.2909,1144.92906,-3204.06499,2020-03-05 01:29:41.970,-74589188.37731932,339219486.60599613,150778247.83071905,143094216663.55142,-35995705835.56846,-15604459252.445507,58913.06229131943
46,2020,3,5,1,44,41.97,15070214.752,-21504046.434,-2952861.518,1613.3205699999999,1575.4319,-3174.55694,2020-03-05 01:44:41.970,-75483946.49065712,338958333.852704,150753343.43984416,143101730746.27618,-35971893257.546745,-15594135484.740799,58913.0727079861
46,2020,3,5,1,59,41.97,16386269.702000001,-19902363.843,-5775822.876999999,1306.94846,1978.70837,-3089.52641,2020-03-05 01:59:41.970,-76378263.67728265,338695132.1885014,150727527.73915857,143109240125.17462,-35948079520.56337,-15583811214.894299,58913.08312465277
46,2020,3,5,2,14,41.97,17415820.426,-17952704.877,-8497776.258,977.5856,2347.5605100000002,-2950.41982,2020-03-05 02:14:41.970,-77272134.34830207,338429882.1472895,150700800.41301224,143116744800.10498,-35924264625.404945,-15573486443.253704,58913.09354131943
46,2020,3,5,2,29,41.97,18140776.016,-15689063.259,-11071078.658,631.07415,2675.40989,-2759.67864,2020-03-05 02:29:41.970,-78165552.91160432,338162584.27626836,150673161.15109515,143124244770.92526,-35900448572.85815,-15563161170.166655,58913.1039579861
46,2020,3,5,2,44,41.97,18548455.367,-13151025.325000001,-13450715.837,273.57419999999996,2956.4272699999997,-2520.69372,2020-03-05 02:44:41.970,-79058513.77189472,337893239.1359643,150644609.64845115,143131740037.49417,-35876631363.709404,-15552835395.980734,58913.11437465277
46,2020,3,5,2,59,41.97,18631819.623,-10383043.299,-15595128.394,-88.55648000000001,3185.64621,-2237.73891,2020-03-05 02:59:41.970,-79951011.33072911,337621847.3002544,150615145.60549226,143139230599.67017,-35852812998.745056,-15542509121.043482,58913.12479131943
46,2020,3,5,3,14,41.97,18389594.377,-7433614.788,-17466969.382,-448.88663,3359.05744,-1915.8856799999999,2020-03-05 03:14:41.970,-80843039.9865479,337348409.3563943,150584768.72801337,143146716457.31226,-35828993478.751305,-15532182345.702377,58913.1352079861
46,2020,3,5,3,29,41.97,17826279.581,-4354386.757999999,-19033777.417,-801.03629,3473.68196,-1560.9011500000001,2020-03-05 03:29:41.970,-81734594.1347103,337072925.90504295,150553478.72720647,143154197610.2796,-35805172804.51413,-15521855070.30483,58913.14562465277
46,2020,3,5,3,44,41.97,16952048.002,-1199203.9039999999,-20268551.654999997,-1138.79917,3527.62134,-1179.13247,2020-03-05 03:44:41.970,-82625668.16752897,336795397.560289,150521275.31967476,143161674058.43118,-35781350976.81958,-15511527295.198238,58913.15604131943
46,2020,3,5,3,59,41.97,15782535.861,1976877.653,-21150217.735,-1456.25943,3520.08448,-777.3807499999999,2020-03-05 03:59:41.970,-83516256.47430468,336515824.94967616,150488158.2274474,143169145801.62686,-35757527996.45332,-15501199020.729908,58913.1664579861
46,2020,3,5,4,14,41.97,14338531.841,5118590.196,-21663976.816999998,-1747.90028,3451.39088,-362.76788999999997,2020-03-05 04:14:41.970,-84406353.44136111,336234208.7142299,150454127.17799386,143176612839.72604,-35733703864.20104,-15490870247.247097,58913.17687465277
46,2020,3,5,4,29,41.97,12645572.909,8171446.956,-21801532.909,-2008.7021300000001,3322.9514299999996,57.40016,2020-03-05 04:29:41.970,-85295953.45208025,335950549.5084818,150419181.90423766,143184075172.58868,-35709878580.848274,-15480540975.097025,58913.18729131943
46,2020,3,5,4,44,41.97,10733457.23,11082707.583999999,-21561196.717,-2234.2284600000003,3137.22777,475.77049999999997,2020-03-05 04:44:41.970,-86185050.88693729,335664848.0004973,150383322.14457184,143191532800.0748,-35686052147.18035,-15470211204.626842,58913.1977079861
46,2020,3,5,4,59,41.97,8635685.868,13802298.265999999,-20947867.146,-2420.69798,2897.6723899999997,885.0776000000001,2020-03-05 04:59:41.970,-87073640.12353638,335377104.871899,150346547.64287195,143198985722.04474,-35662224563.982544,-15459880936.183641,58913.20812465277
46,2020,3,5,5,14,41.97,6388845.98,16283670.05,-19972894.186,-2565.04237,2608.6517,1278.27213,2020-03-05 05:14:41.970,-87961715.53664622,335087320.817894,150308858.1485117,143206433938.35904,-35638395832.03987,-15449550170.11448,58913.21854131943
46,2020,3,5,5,29,41.97,4031948.743,18484581.152,-18653829.234,-2664.94913,2275.35445,1648.6419,2020-03-05 05:29:41.970,-88849271.49823608,334795496.5472985,150270253.41637638,143213877448.8781,-35614565952.13735,-15439218906.76633,58913.2289579861
46,2020,3,5,5,44,41.97,1605735.467,20367791.322,-17014070.838,-2718.8894499999997,1903.68831,1989.92306,2020-03-05 05:44:41.970,-89736302.37751155,334501632.7825635,150230733.20687753,143221316253.46298,-35590734925.05982,-15428887146.486137,58913.23937465277
46,2020,3,5,5,59,41.97,-848034.851,21901658.729,-15082415.392,-2726.1316500000003,1500.1671299999998,2296.39988,2020-03-05 05:59:41.970,-90622802.54095119,334205730.25980073,150190297.2859673,143228750351.9747,-35566902751.59189,-15418554889.620779,58913.24979131943
46,2020,3,5,6,14,41.97,-3287303.6969999997,23060632.2,-12892523.519,-2686.7406300000002,1071.79153,2562.99218,2020-03-05 06:14:41.970,-91508766.35234268,333907789.7288069,150148945.42515254,143236179744.2744,-35543069432.51815,-15408222136.517073,58913.2602079861
46,2020,3,5,6,29,41.97,-5670424.799000001,23825633.902000003,-10482313.674,-2601.56428,625.92524,2785.32954,2020-03-05 06:29:41.970,-92394188.17281982,333607811.9530898,150106677.40150946,143243604430.2237,-35519234968.622986,-15397888887.521784,58913.27062465277
46,2020,3,5,6,44,41.97,-7956858.16,24184329.658,-7893295.006,-2472.20788,170.16941999999997,2959.8120200000003,2020-03-05 06:44:41.970,-93279062.36089905,333305797.7098938,150063492.9976977,143251024409.68402,-35495399360.690636,-15387555142.98163,58913.28104131943
46,2020,3,5,6,59,41.97,-10107836.038999999,24131286.011,-5169851.762999999,-2300.99754,-287.76299,3083.65717,2020-03-05 06:59:41.970,-94163383.2725167,333001747.7902237,150019392.00197467,143258439682.5174,-35471562609.50524,-15377220903.243254,58913.2914579861
46,2020,3,5,7,14,41.97,-12086991.526,23668014.858,-2358491.466,-2090.9338599999996,-740.1712299999999,3154.93352,2020-03-05 07:14:41.970,-95047145.26106623,332695662.9988711,149974374.20820972,143265850248.58585,-35447724715.85077,-15366886168.65325,58913.30187465277
46,2020,3,5,7,29,41.97,-13860941.439,22802907.955,492931.07800000004,-1845.6369399999999,-1179.48725,3172.58087,2020-03-05 07:29:41.970,-95930342.6774356,332387544.15443885,149928439.41589862,143273256107.75134,-35423885680.51105,-15356550939.558168,58913.31229131943
46,2020,3,5,7,44,41.97,-15399816.278,21551064.880000003,3336002.214,-1569.28386,-1598.39169,3136.4177600000003,2020-03-05 07:44:41.970,-96812969.87004513,332077392.08936626,149881587.43017763,143280657259.87656,-35400045504.26979,-15346215216.304482,58913.3227079861
46,2020,3,5,7,59,41.97,-16677730.952999998,19934019.134999998,6122539.0600000005,-1266.5398,-1989.92416,3047.13666,2020-03-05 07:59:41.970,-97695021.18488505,331765207.6499537,149833818.06183803,143288053704.82385,-35376204187.91053,-15335878999.238632,58913.33312465277
46,2020,3,5,8,14,41.97,-17673190.929,17979367.949,8805369.483000001,-942.48359,-2347.58676,2906.28752,2020-03-05 08:14:41.970,-98576490.96555385,331450991.6963875,149785131.1273401,143295445442.4562,-35352361732.21672,-15325542288.706968,58913.34354131943
46,2020,3,5,8,29,41.97,-18369429.322,15720312.159,11339092.179,-602.5287999999999,-2665.4403,2716.25007,2020-03-05 08:29:41.970,-99457373.55329636,331134745.1027647,149735526.4488272,143302832472.63644,-35328518137.97154,-15315205085.055815,58913.3539579861
46,2020,3,5,8,44,41.97,-18754671.233000003,13195113.155,13680807.049999999,-252.34111999999996,-2938.19225,2480.19557,2020-03-05 08:44:41.970,-100337663.28704217,330816468.757118,149685003.85414082,143310214795.22787,-35304673405.958206,-15304867388.631407,58913.36437465277
46,2020,3,5,8,59,41.97,-18822322.367000002,10446474.512999998,15790806.578,102.24714999999999,-3161.27607,2202.03852,2020-03-05 08:59:41.970,-101217354.50344437,330496163.56143993,149633563.17683348,143317592410.09393,-35280827536.95966,-15294529199.779955,58913.37479131943
46,2020,3,5,9,14,41.97,-18571079.662,7520856.449,17633219.360999998,455.32475999999997,-3330.92106,1886.37869,2020-03-05 09:14:41.970,-102096441.53691863,330173830.4317076,149581204.25618422,143324965317.0979,-35256980531.75872,-15284190518.84759,58913.3852079861
46,2020,3,5,9,29,41.97,-18004962.309,4467731.793,19176597.352,800.99067,-3444.21233,1538.43407,2020-03-05 09:29:41.970,-102974918.71968165,329849470.29790735,149527926.9372119,143332333516.1037,-35233132391.13813,-15273851346.18039,58913.39562465277
46,2020,3,5,9,44,41.97,-17133262.184,1338792.753,20394438.777,1133.44383,-3499.14012,1163.96505,2020-03-05 09:44:41.970,-103852780.3817909,329523084.1040586,149473731.07068986,143339697006.97522,-35209283115.88042,-15263511682.124378,58913.40604131943
46,2020,3,5,9,59,41.97,-15970413.411,-1812881.666,21265639.075,1447.07297,-3494.6377599999996,769.19037,2020-03-05 09:59:41.970,-104730020.85118406,329194672.8082383,149418616.51315978,143347055789.5765,-35185432706.76796,-15253171527.025513,58913.4164579861
46,2020,3,5,10,14,41.97,-14535781.494,-4933687.027,21774862.626,1736.54544,-3430.60756,360.69523999999996,2020-03-05 10:14:41.970,-105606634.45371838,328864237.382606,149362583.1269461,143354409863.77203,-35161581164.58306,-15242830881.229696,58913.42687465277
46,2020,3,5,10,29,41.97,-12853373.264,-7970372.335,21912828.533,1996.8941,-3307.93366,-54.667699999999996,2020-03-05 10:29:41.970,-106482615.51321076,328531778.8134261,149305630.78016984,143361759229.4261,-35137728490.10782,-15232489745.082771,58913.43729131943
46,2020,3,5,10,44,41.97,-10951469.84,-10870924.362,21676504.272,2223.60134,-3128.4811499999996,-469.88390000000004,2020-03-05 10:44:41.970,-107357958.35147785,328197298.1010943,149247759.34676293,143369103886.40353,-35113874684.1242,-15222148118.930523,58913.4477079861
46,2020,3,5,10,59,41.97,-8862185.835,-13585444.584,21069201.808000002,2412.67877,-2895.0804200000002,-877.8879400000001,2020-03-05 10:59:41.970,-108232657.28837602,327860796.26016,149188968.70648238,143376443834.5691,-35090019747.414024,-15211806003.118673,58913.45812465277
46,2020,3,5,11,14,41.97,-6620959.2469999995,-16067005.132000001,20100571.696,2560.74126,-2611.49602,-1271.67902,2020-03-05 11:14:41.970,-109106706.64184223,327522274.3193499,149129258.7449241,143383779073.78796,-35066163680.75898,-15201463397.992893,58913.46854131943
46,2020,3,5,11,29,41.97,-4265977.833,-18272469.496999998,18786491.869000003,2665.07383,-2282.37938,-1644.43921,2020-03-05 11:29:41.970,-109980100.72793429,327181733.3215933,149068629.35353705,143391109603.92505,-35042306484.94061,-15191120303.898785,58913.4789579861
46,2020,3,5,11,44,41.97,-1837549.169,-20163263.252,17148849.267,2723.6895799999998,-1913.2050000000002,-1989.65297,2020-03-05 11:44:41.970,-110852833.86087196,326839174.324044,149007080.42963755,143398435424.84613,-35018448160.740265,-15180776721.1819,58913.48937465277
46,2020,3,5,11,59,41.97,622576.817,-21706079.79,15215214.216,2735.37709,-1510.18985,-2301.2256500000003,2020-03-05 11:59:41.970,-111724900.35307805,326494598.39810616,148944611.8764229,143405756536.41666,-34994588708.93922,-15170432650.18771,58913.49979131943
46,2020,3,5,12,14,41.97,3071922.525,-22873506.204,13018409.462,2699.7354699999996,-1080.1966,-2573.59864,2020-03-05 12:14:41.970,-112596294.5152195,326148006.62945575,148881223.6029858,143413072938.5025,-34970728130.31857,-15160088091.26165,58913.5102079861
46,2020,3,5,12,29,41.97,5468022.756,-23644554.950000003,10595978.055,2617.19545,-630.62122,-2801.85854,2020-03-05 12:29:41.970,-113467010.65624891,325799400.1180649,148816915.5243278,143420384630.96948,-34946866425.65923,-15149743044.749079,58913.52062465277
46,2020,3,5,12,44,41.97,7769176.964000001,-24005087.925,7989556.703,2489.0251399999997,-169.26657,-2981.83758,2020-03-05 12:44:41.970,-114337043.08344635,325448779.9782252,148751687.56137413,143427691613.68384,-34923003595.74199,-15139397510.995302,58913.53104131943
46,2020,3,5,12,59,41.97,9935199.361000001,-23948121.153,5244163.808999999,2317.31936,295.79611,-3110.20232,2020-03-05 12:59:41.970,-115206386.10246105,325096147.33857113,148685539.64098665,143434993886.51193,-34899139641.34752,-15129051490.345568,58913.5414579861
46,2020,3,5,13,14,41.97,11928151.716,-23474000.348,2407413.92,2104.97178,756.37516,-3184.52803,2020-03-05 13:14:41.970,-116075034.0173537,324741503.34210324,148618471.69597867,143442291449.32022,-34875274563.25634,-15118704983.14505,58913.55187465277
46,2020,3,5,13,29,41.97,13713043.305,-22590440.211,-471327.243,1855.62978,1204.31276,-3203.3559600000003,2020-03-05 13:29:41.970,-116942981.13063838,324384849.14621055,148550483.6651281,143449584301.9754,-34851408362.24874,-15108357989.73887,58913.56229131943
46,2020,3,5,13,44,41.97,15258482.546,-21312423.397,-3341830.8699999996,1573.63236,1631.64189,-3166.23156,2020-03-05 13:44:41.970,-117810221.74332543,324026185.9226945,148481575.4931921,143456872444.34445,-34827541039.10496,-15098010510.472092,58913.5727079861
46,2020,3,5,13,59,41.97,16537265.465,-19661958.483,-6153918.214000001,1263.9320599999999,2030.7420500000003,-3073.7217,2020-03-05 13:59:41.970,-118676750.15496387,323665514.8577914,148411747.13092032,143464155876.29437,-34803672594.60504,-15087662545.68971,58913.58312465277
46,2020,3,5,14,14,41.97,17526887.314,-17667699.895000003,-8858379.516999999,932.00256,2394.48958,-2927.41021,2020-03-05 14:14:41.970,-119542560.66368444,323302837.1521949,148340998.53506908,143471434597.69226,-34779803029.52887,-15077314095.736664,58913.59354131943
46,2020,3,5,14,29,41.97,18209965.321,-15364436.435,-11407878.839000002,583.73401,2716.3987,-2729.8710100000003,2020-03-05 14:29:41.970,-120407647.56624255,322938154.02107954,148269329.66841522,143478708608.40564,-34755932344.65627,-15066965160.957815,58913.6039579861
46,2020,3,5,14,44,41.97,18574562.696000002,-12792458.604,-13757824.925,225.31875000000002,2990.74921,-2484.61962,2020-03-05 14:44:41.970,-121272005.15806189,322571466.6941223,148196740.4997697,143485977908.30222,-34732060540.76675,-15056615741.697998,58913.61437465277
46,2020,3,5,14,59,41.97,18614406.565,-9996818.174,-15867189.028,-136.86963,3212.6976799999998,-2196.04405,2020-03-05 14:59:41.970,-122135627.73327759,322202776.41552603,148123231.0039913,143493242497.2496,-34708187618.639786,-15046265838.301939,58913.62479131943
46,2020,3,5,15,14,41.97,18328995.220000003,-7026496.296,-17699251.952,-496.40075,3378.36913,-1869.31702,2020-03-05 15:14:41.970,-122998509.58477984,321832084.44404083,148048801.1620012,143500502375.11584,-34684313579.054726,-15035915451.114336,58913.6352079861
46,2020,3,5,15,29,41.97,17723593.044,-3933498.6640000003,-19222264.587,-846.9120999999999,3484.92713,-1510.2919100000001,2020-03-05 15:29:41.970,-123860645.00425828,321459392.05298775,147973450.96079537,143507757541.76892,-34660438422.79065,-15025564580.479813,58913.64562465277
46,2020,3,5,15,44,41.97,16809114.318,-771897.8389999999,-20410008.641,-1182.23074,3530.6209599999997,-1125.38555,2020-03-05 15:44:41.970,-124722028.28224583,321084700.5302795,147897180.39345935,143515007997.07736,-34636562150.626595,-15015213226.742926,58913.65604131943
46,2020,3,5,15,59,41.97,15601899.912,2403156.266,-21242247.071000002,-1496.48919,3514.8092,-721.4509300000001,2020-03-05 15:59:41.970,-125582653.70816277,320708011.17844343,147819989.45918158,143522253740.9095,-34612684763.34139,-15004861390.248178,58913.6664579861
46,2020,3,5,16,14,41.97,14123393.368999999,5536436.583,-21705056.77,-1784.23271,3437.9599500000004,-305.64333999999997,2020-03-05 16:14:41.970,-126442515.57036173,320329325.3146433,147741878.16326705,143529494773.13394,-34588806261.71373,-14994509071.340008,58913.67687465277
46,2020,3,5,16,29,41.97,12399725.095,8573629.067,-21791039.1,-2040.5158800000002,3301.62853,114.71661,2020-03-05 16:29:41.970,-127301608.15617216,319948644.270701,147662846.51715067,143536731093.6197,-34564926646.522156,-14984156270.36278,58913.68729131943
46,2020,3,5,16,44,41.97,10461215.146,11462293.236,-21499406.933,-2260.98669,3108.4142199999997,532.27991,2020-03-05 16:44:41.970,-128159925.75194524,319565969.39311814,147582894.53841156,143543962702.23557,-34541045918.54505,-14973802987.660799,58913.6977079861
46,2020,3,5,16,59,41.97,8341806.463,14152775.006,-20835949.691999998,-2441.9568200000003,2861.89787,939.80291,2020-03-05 16:59:41.970,-129017462.64309901,319181302.0430984,147502022.25078583,143551189598.8508,-34517164078.56066,-14963449223.578321,58913.70812465277
46,2020,3,5,17,14,41.97,6078441.368,16599055.683999998,-19812880.46,-2580.45735,2566.56282,1330.27516,2020-03-05 17:14:41.970,-129874213.11416373,318794643.5965682,147420229.68418062,143558411783.33496,-34493281127.34703,-14953094978.459517,58913.71854131943
46,2020,3,5,17,29,41.97,3710394.589,18759523.174000002,-18448571.504,-2674.2796200000003,2227.7015800000004,1697.0392000000002,2020-03-05 17:29:41.970,-130730171.44882767,318405995.4441986,147337516.87468758,143565629255.55728,-34469397065.68213,-14942740252.648506,58913.7289579861
46,2020,3,5,17,44,41.97,1278576.2810000002,20597653.805000003,-16767186.430999998,-2722.00112,1851.31095,2033.90021,2020-03-05 17:44:41.970,-131585331.92998241,318015358.9914265,147253883.8645962,143572842015.38742,-34445511894.343704,-14932385046.489347,58913.73937465277
46,2020,3,5,17,59,41.97,-1175181.773,22082595.555,-14798218.698,-2722.9970200000002,1443.97823,2335.22424,2020-03-05 17:59:41.970,-132439688.8397691,317622735.65847564,147169330.70240712,143580050062.6955,-34421625614.1094,-14922029360.32602,58913.74979131943
46,2020,3,5,18,14,41.97,-3608843.9990000003,23189645.824,-12575947.337,-2677.4377999999997,1012.76107,2596.02382,2020-03-05 18:14:41.970,-133293236.45962438,317228126.88037795,147083857.44284612,143587253397.35138,-34397738225.756645,-14911673194.502445,58913.7602079861
46,2020,3,5,18,29,41.97,-5980880.903,23900619.132,-10138821.527,-2586.2740299999996,565.06342,2812.03036,2020-03-05 18:29:41.970,-134145969.07032704,316831534.10699433,146997464.14687708,143594452019.2254,-34373849730.062744,-14901316549.362492,58913.77062465277
46,2020,3,5,18,44,41.97,-8250959.778,24204102.219,-7528786.100000001,-2451.20922,108.50971,2979.753,2020-03-05 18:44:41.970,-134997880.9520443,316432958.8030355,146910150.88171518,143601645928.1877,-34349960127.80486,-14890959425.249931,58913.78104131943
46,2020,3,5,18,59,41.97,-10380606.049,24095595.888,-4790560.266000001,-2274.66187,-349.18071000000003,3096.52372,2020-03-05 18:59:41.970,-135848966.3843787,316032402.44808227,146821917.72084066,143608835124.10904,-34326069419.760048,-14880601822.508522,58913.7914579861
46,2020,3,5,19,14,41.97,-12333826.066,23577544.644,-1970881.7759999998,-2059.71799,-800.31709,3160.5290400000004,2020-03-05 19:14:41.970,-136699219.646415,315629866.53660715,146732764.74401203,143616019606.8602,-34302177606.705093,-14870243741.481905,58913.80187465277
46,2020,3,5,19,29,41.97,-14077683.196,22659256.605,882271.4469999999,-1810.07496,-1237.35735,3170.82852,2020-03-05 19:29:41.970,-137548635.0167675,315225352.5779938,146642692.03727898,143623199376.3119,-34278284689.41667,-14859885182.513683,58913.81229131943
46,2020,3,5,19,44,41.97,-15582820.101,21356717.44,3720470.574,-1529.9782500000001,-1653.02332,3127.36051,2020-03-05 19:44:41.970,-138397206.7736272,314818862.0965576,146551699.69299617,143630374432.3351,-34254390668.671368,-14849526145.947386,58913.8227079861
46,2020,3,5,19,59,41.97,-16823921.031999998,19692303.129,6495624.791999999,-1224.15162,-2040.4101699999999,3030.9357600000003,2020-03-05 19:59:41.970,-139244929.19480944,314410396.6315664,146459787.80983588,143637544774.80127,-34230495545.245483,-14839166632.126492,58913.83312465277
46,2020,3,5,20,14,41.97,-17780108.925,17694397.24,9160759.175999999,-897.7221499999999,-2393.08905,2883.2193199999997,2020-03-05 20:14:41.970,-140091796.5578019,313999957.7372593,146366956.49280155,143644710403.5816,-34206599319.915314,-14828806641.39438,58913.84354131943
46,2020,3,5,20,29,41.97,-18435272.921,15396919.156,11670771.280000001,-556.14077,-2705.20217,2686.70146,2020-03-05 20:29:41.970,-140937803.13981223,313587546.9828683,146273205.85324076,143651871318.5478,-34182701993.456863,-14818446174.094398,58913.8539579861
46,2020,3,5,20,44,41.97,-18778322.702,12838770.366,13983156.74,-205.09921,-2971.54974,2444.65796,2020-03-05 20:44:41.970,-141782943.21781626,313173165.9526371,146178536.0088584,143659027519.5714,-34158803566.64604,-14808085230.569815,58913.86437465277
46,2020,3,5,20,59,41.97,-18803366.788,10063206.48,16058694.635,149.55579999999998,-3187.66798,2161.10049,2020-03-05 20:59:41.970,-142627211.06860697,312756816.24584,146082947.08372945,143666179006.52448,-34134904040.25861,-14797723811.163815,58913.87479131943
46,2020,3,5,21,14,41.97,-18509812.599,7117143.189,17862083.825999998,501.91043,-3349.8977499999996,1840.7173599999999,2020-03-05 21:14:41.970,-143470600.96884218,312338499.4768038,145986439.2083123,143673325779.27896,-34111003415.070164,-14787361916.219551,58913.8852079861
46,2020,3,5,21,29,41.97,-17902386.746,4050404.968,19362521.868,846.07303,-3455.44313,1488.80525,2020-03-05 21:29:41.970,-144313107.195094,311918217.27492434,145889012.51946187,143680467837.70694,-34087101691.856102,-14776999546.080078,58913.89562465277
46,2020,3,5,21,44,41.97,-16991074.677,914925.835,20534218.529999997,1176.2639299999998,-3502.4192,1111.19221,2020-03-05 21:44:41.970,-145154724.02389765,311495971.28468794,145790667.160442,143687605181.68097,-34063198871.391727,-14766636701.088394,58913.90604131943
46,2020,3,5,21,59,41.97,-15790979.472000001,-2236087.831,21356836.303,1486.90517,-3489.88849,714.1524900000001,2020-03-05 21:59:41.970,-145995445.73180065,311071763.16568965,145691403.2809387,143694737811.07358,-34039294954.452137,-14756273381.587442,58913.9164579861
46,2020,3,5,22,14,41.97,-14322100.342,-5349021.781,21815850.754,1772.70907,-3417.8850500000003,304.31370000000004,2020-03-05 22:14:41.970,-146835266.5954119,310645594.5926521,145591221.0370732,143701865725.75726,-34015389941.812263,-14745909587.92008,58913.92687465277
46,2020,3,5,22,29,41.97,-12609032.205,-8370734.311,21902824.035,2028.76482,-3287.42563,-111.44324999999999,2020-03-05 22:29:41.970,-147674180.89145198,310217467.25544477,145490120.59141415,143708988925.60516,-33991483834.246902,-14735545320.42912,58913.93729131943
46,2020,3,5,22,44,41.97,-10680588.657,-11249440.419,21615585.489,2250.62196,-3100.5067,-526.0903900000001,2020-03-05 22:44:41.970,-148512182.89680222,309787382.8591025,145388102.1129912,143716107410.4901,-33967576632.530754,-14725180579.457262,58913.9477079861
46,2020,3,5,22,59,41.97,-8569351.742,-13935586.788,20958314.055999998,2434.3693599999997,-2860.08685,-932.56447,2020-03-05 22:59:41.970,-149349266.88855514,309355343.1238441,145285165.77730724,143723221180.28534,-33943668337.438255,-14714815365.347204,58913.95812465277
46,2020,3,5,23,14,41.97,-6311153.12,-16382703.873,19941518.156,2576.70839,-2570.05345,-1323.8828199999998,2020-03-05 23:14:41.970,-150185427.14406455,308921349.7850905,145181311.76635084,143730330234.86414,-33919758949.743687,-14704449678.441513,58913.96854131943
46,2020,3,5,23,29,41.97,-3944492.625,-18548220.796,18581909.929,2675.01868,-2235.1732,-1693.26196,2020-03-05 23:29:41.970,-151020657.94099602,308485404.59348357,145076540.2686095,143737434574.09995,-33895848470.221222,-14694083519.082733,58913.9789579861
46,2020,3,5,23,44,41.97,-1509901.602,-20394228.226,16902172.232,2727.4147000000003,-1861.026,-2034.23699,2020-03-05 23:44:41.970,-151854953.55737713,308047509.3149038,144970851.47908214,143744534197.86658,-33871936899.64489,-14683716887.613302,58913.98937465277
46,2020,3,5,23,59,41.97,950739.964,-21888174.285,14930618.531,2732.7916600000003,-1453.92222,-2340.7798,2020-03-05 23:59:41.970,-152688308.27164885,307607665.7304883,144864245.59929144,143751629106.03775,-33848024238.788483,-14673349784.375624,58913.99979131943
46,2020,3,6,0,14,41.97,3394923.1890000002,-23003477.905,12700745.688000001,2690.8588299999997,-1020.8036199999999,-2607.4138,2020-03-06 00:14:41.970,-153520716.36271608,307165875.6366487,144756722.83729622,143758719298.4875,-33824110488.425694,-14662982209.712015,58914.0102079861
46,2020,3,6,0,29,41.97,5780248.154,-23720049.556,10250697.233000001,2602.15814,-569.1294099999999,-2829.3210599999998,2020-03-06 00:29:41.970,-154352172.1099991,306722140.8450894,144648283.4077043,143765804775.08975,-33800195649.330025,-14652614163.964733,58914.02062465277
46,2020,3,6,0,44,41.97,8065182.967,-24024696.049,7622611.922,2468.06874,-106.74757,-3002.44275,2020-03-06 00:44:41.970,-155182669.79348478,306276463.1828237,144538927.53168496,143772885535.71896,-33776279722.274837,-14642245647.475945,58914.03104131943
46,2020,3,6,0,59,41.97,10209808.159,-23911411.011,4861909.271000001,2290.79344,358.24481000000003,-3123.56514,2020-03-06 00:59:41.970,-156012203.69377837,305828844.49219275,144428655.43698087,143779961580.24954,-33752362708.033318,-14631876660.587774,58914.0414579861
46,2020,3,6,1,14,41.97,12176546.837,-23381531.904,2016493.0790000001,2073.32869,817.65062,-3190.39199,2020-03-06 01:14:41.970,-156840768.09215522,305379286.6308817,144317467.35792086,143787032908.5559,-33728444607.378483,-14621507203.642265,58914.05187465277
46,2020,3,6,1,29,41.97,13930858.953000002,-22443760.675,-864100.387,1819.41724,1263.32756,-3201.59942,2020-03-06 01:29:41.970,-157668357.2706127,304927791.4719373,144205363.53543186,143794099520.5131,-33704525421.083225,-14611137276.981396,58914.06229131943
46,2020,3,6,1,44,41.97,15441885.234,-21114043.767,-3729594.967,1533.48379,1687.3452,-3156.8713000000002,2020-03-06 01:44:41.970,-158494965.51192263,304474360.903784,144092344.21705157,143801161415.9957,-33680605149.920227,-14600766880.947058,58914.0727079861
46,2020,3,6,1,59,41.97,16683026.074000001,-19415311.281,-6529889.704,1220.55498,2082.14023,-3056.91368,2020-03-06 01:59:41.970,-159320587.0996834,304018996.8302421,143978409.6569403,143808218594.87903,-33656683794.66201,-14590396015.881096,58914.08312465277
46,2020,3,6,2,14,41.97,17632441.883,-17377078.755999997,-9215977.049999999,886.16521,2440.6658399999997,-2903.44719,2020-03-06 02:14:41.970,-160145216.31837276,303561701.170543,143863560.1158932,143815271057.03796,-33632761356.080967,-14580024682.125273,58914.09354131943
46,2020,3,6,2,29,41.97,18273463.128,-15034918.688,-11740844.257000001,536.25058,2756.53116,-2699.17729,2020-03-06 02:29:41.970,-160968847.45340058,303102475.8593465,143747795.86135247,143822318802.34814,-33608837834.949352,-14569652880.021278,58914.1039579861
46,2020,3,6,2,44,41.97,18594900.54,-12429812.435,-14060338.170000002,177.0335,3024.127,-2447.74286,2020-03-06 02:44:41.970,-161791474.79116157,302641322.846756,143631117.16741902,143829361830.68503,-33584913232.039146,-14559280609.910742,58914.11437465277
46,2020,3,6,2,59,41.97,18591248.456,-9607396.387999998,-16133974.466,-185.09882,3238.73457,-2153.64442,2020-03-06 02:59:41.970,-162613092.61908904,302178244.098336,143513524.31486517,143836400141.92413,-33560987548.12229,-14548907872.135223,58914.12479131943
46,2020,3,6,3,14,41.97,18262777.127,-6617119.016,-17925673.851,-543.7190800000001,3396.6144200000003,-1822.15397,2020-03-06 03:14:41.970,-163433695.22570756,301713241.59512687,143395017.591146,143843433735.94135,-33537060783.970474,-14538534667.036196,58914.1352079861
46,2020,3,6,3,29,41.97,17615512.695,-3511327.574,-19404409.775,-892.4842699999999,3495.07355,-1459.209,2020-03-06 03:29:41.970,-164253276.90068728,301246317.3336614,143275597.2904112,143850462612.61258,-33513132940.355293,-14528160994.955065,58914.14562465277
46,2020,3,6,3,44,41.97,16661106.436999999,-344304.744,-20544754.740000002,-1225.25684,3532.50939,-1071.2936399999999,2020-03-06 03:44:41.970,-165071831.93489712,300777473.32597953,143155263.7135173,143857486771.81387,-33489204018.048115,-14517786856.233187,58914.15604131943
46,2020,3,6,3,59,41.97,15416597.643,2828723.727,-21327315.097999997,-1536.21946,3508.43024,-665.31031,2020-03-06 03:59:41.970,-165889354.6204589,300306711.59964424,143034017.1680394,143864506213.42157,-33465274017.82017,-14507412251.211823,58914.1664579861
46,2020,3,6,4,14,41.97,13904076.925999999,5952589.236,-21739047.293,-1819.9811,3423.45241,-248.44517,2020-03-06 04:14:41.970,-166705839.2508017,299834034.19775736,142911857.96828264,143871520937.31198,-33441342940.442543,-14497037180.23218,58914.17687465277
46,2020,3,6,4,29,41.97,12150258.962,8973167.799,-21773451.586,-2071.67192,3279.2749799999997,171.96905,2020-03-06 04:29:41.970,-167521280.12071583,299359443.17897373,142788786.43529382,143878530943.36172,-33417410786.68613,-14486661643.635372,58914.18729131943
46,2020,3,6,4,44,41.97,10185975.347,11838335.339,-21430642.302,-2287.02561,3078.6338,588.58973,2020-03-06 04:44:41.970,-168335671.52640784,298882940.6175164,142664802.8968734,143885536231.44742,-33393477557.321655,-14476285641.762474,58914.1977079861
46,2020,3,6,4,59,41.97,8045599.595,14498872.944999998,-20717296.469,-2462.44776,2825.23671,994.19745,2020-03-06 04:59:41.970,-169149007.76555482,298404528.6031912,142539907.68758684,143892536801.4458,-33369543253.119705,-14465909174.954454,58914.20812465277
46,2020,3,6,5,14,41.97,5766417.15,16909306.275,-19646485.258,-2595.06954,2523.68236,1381.82293,2020-03-06 05:14:41.970,-169961283.13735983,297924209.2414019,142414101.148776,143899532653.23398,-33345607874.850693,-14455532243.552227,58914.21854131943
46,2020,3,6,5,29,41.97,3387953.756,19028665.431,-18237394.855,-2682.78654,2179.3651299999997,1744.8654800000002,2020-03-06 05:29:41.970,-170772491.94260636,297441984.65316373,142287383.6285707,143906523786.68903,-33321671423.284843,-14445154847.896637,58914.2289579861
46,2020,3,6,5,44,41.97,951275.6120000001,20821154.063,-16514945.198,-2724.28273,1798.36891,2077.2012,2020-03-06 05:44:41.970,-171582628.4837141,296957856.97511834,142159755.48190016,143913510201.68814,-33297733899.192238,-14434776988.328453,58914.23937465277
46,2020,3,6,5,59,41.97,-1501725.537,22256718.795,-14509316.507,-2719.04002,1387.35226,2373.27952,2020-03-06 05:59:41.970,-172391687.06479472,296471828.3595469,142031217.07050422,143920491898.10883,-33273795303.34277,-14424398665.188372,58914.24979131943
46,2020,3,6,6,14,41.97,-3929049.691,23311512.430999998,-12255394.58,-2667.3341499999997,953.42761,2628.20708,2020-03-06 06:14:41.970,-173199661.99170664,295983900.97438526,141901768.76294473,143927468875.82843,-33249855636.5062,-14414019878.817003,58914.2602079861
46,2020,3,6,6,29,41.97,-6289296.374,23968246.625,-9792146.563000001,-2570.21782,504.03684000000004,2837.8182,2020-03-06 06:29:41.970,-174006547.57211193,295494077.0032358,141771410.93461666,143934441134.72476,-33225914899.452114,-14403640629.554914,58914.27062465277
46,2020,3,6,6,44,41.97,-8542351.826,24216431.744000003,-7161939.336,-2429.49202,46.82533,2998.73193,2020-03-06 06:44:41.970,-174812338.11553168,295002358.6453827,141640143.96775904,143941408674.67563,-33201973092.94989,-14393260917.742579,58914.28104131943
46,2020,3,6,6,59,41.97,-10650045.559,24052503.519,-4409812.793,-2247.66676,-410.48337000000004,3108.3953,2020-03-06 06:59:41.970,-175617027.93340272,294508748.1158037,141507968.25146687,143948371495.55905,-33178030217.7688,-14382880743.72039,58914.2914579861
46,2020,3,6,7,14,41.97,-12576767.219999999,23479837.734,-1582720.214,-2027.91238,-860.21073,3165.1131600000003,2020-03-06 07:14:41.970,-176420611.3391337,294013247.64518434,141374884.18170077,143955329597.253,-33154086274.67792,-14372500107.8287,58914.30187465277
46,2020,3,6,7,29,41.97,-14290035.768,22508655.612,1271252.2759999998,-1774.00241,-1294.84273,3168.06496,2020-03-06 07:29:41.970,-177223082.64816186,293515859.47992975,141240892.16129935,143962282979.6357,-33130141264.44615,-14362119010.40775,58914.31229131943
46,2020,3,6,7,44,41.97,-15761013.955,21155823.805,4103675.588,-1490.24939,-1707.1444,3117.3087499999997,2020-03-06 07:44:41.970,-178024436.1780102,293016585.88217866,141105992.5999893,143969231642.58557,-33106195187.842216,-14351737451.797735,58914.3227079861
46,2020,3,6,7,59,41.97,-16964962.11,19444553.902,6866565.711999999,-1181.4343000000001,-2090.26838,3013.77323,2020-03-06 07:59:41.970,-178824666.24834377,292515429.12981427,140970185.91439614,143976175585.98114,-33082248045.63472,-14341355432.338762,58914.33312465277
46,2020,3,6,8,14,41.97,-17881626.094,17404007.279000003,9513159.279,-852.731,-2437.85663,2859.2380300000004,2020-03-06 08:14:41.970,-179623767.18102777,292012391.51647794,140833472.5280557,143983114809.701,-33058299838.592045,-14330972952.370867,58914.34354131943
46,2020,3,6,8,29,41.97,-18495555.165999997,15068811.798,11998666.482,-509.62622000000005,-2744.13444,2656.30322,2020-03-06 08:29:41.970,-180421733.30018413,291507475.35158086,140695852.87142396,143990049313.62405,-33034350567.482437,-14320590012.234018,58914.3539579861
46,2020,3,6,8,44,41.97,-18796346.272,12478497.563000001,14280991.707999999,-157.83616,-3003.99622,2408.34816,2020-03-06 08:44:41.970,-181218558.93224934,291000682.96031576,140557327.38188854,143996979097.6289,-33010400233.073982,-14310206612.26811,58914.36437465277
46,2020,3,6,8,59,41.97,-18778811.963,9676859.470999999,16321412.704,196.77969000000002,-3213.08226,2119.48052,2020-03-06 08:59:41.970,-182014238.40603268,290492016.6836685,140417896.5037784,144003904161.59494,-32986448836.134544,-14299822752.812948,58914.37479131943
46,2020,3,6,9,14,41.97,-18443069.863,6711254.858999999,18085209.527,548.3065799999999,-3367.8461300000004,1794.47581,2020-03-06 09:14:41.970,-182808766.05277312,289981478.8784303,140277560.68837517,144010824505.40115,-32962496377.431908,-14289438434.208284,58914.3852079861
46,2020,3,6,9,29,41.97,-17794552.224999998,3631845.106,19542234.972,890.86392,-3465.61171,1438.70784,2020-03-06 09:29:41.970,-183602136.20619875,289469071.91720814,140136320.39392292,144017740128.927,-32938542857.733597,-14279053656.79378,58914.39562465277
46,2020,3,6,9,44,41.97,-16843934.791,490790.61699999997,20667418.520999998,1218.69509,-3504.61961,1058.07062,2020-03-06 09:44:41.970,-184394343.20258394,288954798.18843675,139994176.08563906,144024651032.05157,-32914588277.807022,-14268668420.90903,58914.40604131943
46,2020,3,6,9,59,41.97,-15606984.861000001,-2658590.7569999998,21441196.291,1526.257,-3484.06191,658.89209,2020-03-06 09:59:41.970,-185185381.3808084,288438660.09638846,139851128.23572418,144031557214.65485,-32890632638.419422,-14258282726.893553,58914.4164579861
46,2020,3,6,10,14,41.97,-14104329.213000001,-5762691.097,21849859.883,1808.30847,-3404.10461,247.84023,2020-03-06 10:14:41.970,-185975245.08241564,287920660.0611853,139707177.32337245,144038458676.61627,-32866675940.337837,-14247896575.086788,58914.42687465277
46,2020,3,6,10,29,41.97,-12361143.377,-8768494.128,21885817.526,2059.99647,-3265.89687,-168.1778,2020-03-06 10:29:41.970,-186763928.6516721,287400800.5188086,139562323.8347822,144045355417.8158,-32842718184.329185,-14237509965.828117,58914.43729131943
46,2020,3,6,10,44,41.97,-10406764.717,-11624458.982,21547761.558,2276.93899,-3071.56619,-582.1227799999999,2020-03-06 10:44:41.970,-187551426.43562567,286879083.9211084,139416568.26316515,144052247438.1334,-32818759371.160156,-14227122899.45682,58914.4477079861
46,2020,3,6,10,59,41.97,-8274232.867999999,-14281392.963,20840737.069,2455.30336,-2824.19865,-986.93581,2020-03-06 10:59:41.970,-188337732.78416526,286355512.73581564,139269911.1087574,144059134737.449,-32794799501.597305,-14216735376.312122,58914.45812465277
46,2020,3,6,11,14,41.97,-5999762.318,-16693299.545999998,19776107.53,2591.8784800000003,-2527.80352,-1375.6545899999999,2020-03-06 11:14:41.970,-189122842.0500804,285830089.4465505,139122352.87882844,144066017315.64294,-32770838576.40704,-14206347396.733166,58914.46854131943
46,2020,3,6,11,29,41.97,-3622153.279,-18818187.192,18371414.481,2684.13944,-2187.26151,-1741.53228,2020-03-06 11:29:41.970,-189906748.58911985,285302816.55283225,138973894.08769166,144072895172.59564,-32746876596.355534,-14195958961.059015,58914.4789579861
46,2020,3,6,11,44,41.97,-1182148.4849999999,-20618824.152000003,16650129.906999998,2730.30278,-1808.25644,-2078.1567999999997,2020-03-06 11:44:41.970,-190689446.76005256,284773696.57008934,138824535.2567138,144079768308.1874,-32722913562.208847,-14185570069.628668,58914.48937465277
46,2020,3,6,11,59,41.97,1278254.926,-22063424.277,14641301.688,2729.37075,-1397.19029,-2379.5687199999998,2020-03-06 11:59:41.970,-191470930.9247268,284242732.0296681,138674276.91432527,144086636722.2989,-32698949474.73285,-14175180722.781036,58914.49979131943
46,2020,3,6,12,14,41.97,3716527.713,-23126249.042,12379094.659,2681.16275,-961.08209,-2640.37496,2020-03-06 12:14:41.970,-192251195.44813016,283709925.4788414,138523119.59602866,144093500414.81088,-32674984334.693237,-14164790920.854973,58914.5102079861
46,2020,3,6,12,29,41.97,6090352.823,-23788111.644,9902232.092,2586.3325,-507.45163,-2855.8558500000004,2020-03-06 12:29:41.970,-193030234.69845027,283175279.4808186,138371063.84440956,144100359385.60406,-32651018142.85556,-14154400664.189224,58914.52062465277
46,2020,3,6,12,44,41.97,8358378.159,-24036770.182,7253344.919,2446.3695,-44.189550000000004,-3022.06268,2020-03-06 12:44:41.970,-193808043.0471349,282638796.6147527,138218110.20914525,144107213634.5595,-32627050899.98516,-14144009953.122486,58914.53104131943
46,2020,3,6,12,59,41.97,10480963.236,-23867198.605,4478238.578000001,2263.58388,420.58394999999996,-3135.9027199999996,2020-03-06 12:59:41.970,-194584614.86895287,282100479.47574985,138064259.24701446,144114063161.55826,-32603082606.84723,-14133618787.993376,58914.5414579861
46,2020,3,6,13,14,41.97,12420904.445,-23281726.328,1625089.8930000002,2041.07395,878.66913,-3195.2092,2020-03-06 13:14:41.970,-195359944.54205433,281560330.67487687,137909511.52190647,144120907966.4815,-32579113264.20678,-14123227169.140427,58914.55187465277
46,2020,3,6,13,29,41.97,14144123.35,-22290040.169,-1256411.253,1782.67651,1321.9421,-3198.79368,2020-03-06 13:29:41.970,-196134026.4480321,281018352.83916926,137753867.60483056,144127748049.21063,-32555142872.828674,-14112835096.902092,58914.56229131943
46,2020,3,6,13,44,41.97,15620302.666,-20909045.39,-4115958.625,1492.9004699999998,1742.51187,-3146.47865,2020-03-06 13:44:41.970,-196906854.9719825,280474548.6116391,137597328.07392538,144134583409.62704,-32531171433.477573,-14102442571.61677,58914.5727079861
46,2020,3,6,13,59,41.97,16823455.338,-19162586.14,-6903546.299,1176.84477,2132.87507,-3039.10904,2020-03-06 13:59:41.970,-197678424.502567,279928920.65128213,137439893.51446745,144141414047.61234,-32507198946.91801,-14092049593.622753,58914.58312465277
46,2020,3,6,14,14,41.97,17732413.421,-17081029.235999998,-9570385.754999999,840.10257,2486.06421,-2878.54167,2020-03-06 14:14:41.970,-198448729.43207332,279381471.63308567,137281564.5188807,144148239963.0482,-32483225413.91428,-14081656163.258266,58914.59354131943
46,2020,3,6,14,29,41.97,18331225.279,-14700718.878,-12069803.466,488.65378,2795.7855999999997,-2667.6124200000004,2020-03-06 14:29:41.970,-199217764.15647697,278832204.2480342,137122341.68674543,144155061155.81635,-32459250835.230576,-14071262280.861479,58914.6039579861
46,2020,3,6,14,44,41.97,18609451.856,-12063313.417,-14358099.266999999,128.74871,3056.54297,-2410.0821,2020-03-06 14:44:41.970,-199985523.0755034,278281121.2031184,136962225.62480676,144161877625.7987,-32435275211.63087,-14060867946.77045,58914.61437465277
46,2020,3,6,14,59,41.97,18562355.404999997,-9215018.434,-16395346.689000001,-233.21408,3263.7437299999997,-2110.56193,2020-03-06 14:59:41.970,-200752000.59268963,277728225.22133934,136801216.94698378,144168689372.87762,-32411298543.879013,-14050473161.323196,58914.62479131943
46,2020,3,6,15,14,41.97,18190976.832,-6205733.083,-18146118.036,-590.81252,3413.7851,-1774.42115,2020-03-06 15:14:41.970,-201517191.1154464,277173519.0417163,136639316.27437812,144175496396.93475,-32387320832.738625,-14040077924.85762,58914.6352079861
46,2020,3,6,15,29,41.97,17502100.783,-3088128.716,-19580119.062000003,-937.7253,3504.11818,-1407.67907,2020-03-06 15:29:41.970,-202281089.0551206,276617005.41929215,136476524.23528248,144182298697.85266,-32363342078.973183,-14029682237.711578,58914.64562465277
46,2020,3,6,15,44,41.97,16508110.432000002,83319.76000000001,-20672720.672,-1267.85216,3533.28882,-1016.8847000000001,2020-03-06 15:44:41.970,-203043688.82705766,276058687.12513936,136312841.4651893,144189096275.51367,-32339362283.346004,-14019286100.222824,58914.65604131943
46,2020,3,6,15,59,41.97,15226736.682999998,3253328.707,-21405377.977,-1575.4277699999998,3500.95491,-608.98734,2020-03-06 15:59:41.970,-203804984.8506637,275498566.94636625,136148268.60679898,144195889129.8002,-32315381446.62022,-14008889512.729053,58914.6664579861
46,2020,3,6,16,14,41.97,13680708.903,6366805.607,-21765930.053,-1855.12633,3407.88039,-191.20147,2020-03-06 16:14:41.970,-204564971.54946882,274936647.6861209,135982806.31002873,144202677260.595,-32291399569.558784,-13998492475.567883,58914.67687465277
46,2020,3,6,16,29,41.97,11897316.425999999,9369833.484000001,-21748776.857,-2102.15492,3255.9071799999997,229.13057,2020-03-06 16:29:41.970,-205323643.35118982,274372932.1635978,135816455.23201996,144209460667.7807,-32267416652.924496,-13988094989.076836,58914.68729131943
46,2020,3,6,16,44,41.97,9907891.721,12210620.634000001,-21354932.744999997,-2312.33398,3047.90646,644.67494,2020-03-06 16:44:41.970,-206080994.68779317,273807423.21404165,135649216.03714764,144216239351.24002,-32243432697.47996,-13977697053.593369,58914.6977079861
46,2020,3,6,16,59,41.97,7747227.385,14840398.064000001,-20591958.819,-2482.1637499999997,2787.71159,1048.23874,2020-03-06 16:59:41.970,-206837019.99555832,273240123.6887527,135481089.3970272,144223013310.8561,-32219447703.987637,-13967298669.454855,58914.70812465277
46,2020,3,6,17,14,41.97,5452939.925,17214249.075,-19473778.843,-2608.8760199999997,2480.03478,1432.89595,2020-03-06 17:14:41.970,-207591713.7151411,272671036.4550909,135312075.99052334,144229782546.5119,-32195461673.209774,-13956899836.9986,58914.71854131943
46,2020,3,6,17,29,41.97,3064793.695,19291857.656,-18020385.614,-2690.47089,2130.37045,1792.10455,2020-03-06 17:29:41.970,-208345070.29163694,272100164.39647955,135142176.50375775,144236547058.0906,-32171474605.908485,-13946500556.56182,58914.7289579861
46,2020,3,6,17,44,41.97,623998.4040000001,21038164.73,-16257446.484,-2725.73882,1744.88758,2119.81328,2020-03-06 17:44:41.970,-209097084.17464513,271527510.4124106,134971391.63011667,144243306845.47534,-32147486502.8457,-13936100828.481657,58914.73937465277
46,2020,3,6,17,59,41.97,-1827506.7010000001,22423923.687,-14215818.082,-2714.2682800000002,1330.31393,2410.55643,2020-03-06 17:59:41.970,-209847749.81833214,270953077.4184463,134799722.07025903,144250061908.54965,-32123497364.78317,-13925700653.095171,58914.74979131943
46,2020,3,6,18,14,41.97,-4247769.397,23426148.966000002,-11930981.379,-2656.4399,893.81458,2659.5359599999997,2020-03-06 18:14:41.970,-210597061.68149588,270376868.3462247,134627168.53212377,144256812247.19693,-32099507192.48247,-13915300030.739351,58914.7602079861
46,2020,3,6,18,29,41.97,-6595529.9969999995,24028453.643,-9442408.865,-2553.4079300000003,442.86715,2862.6902099999998,2020-03-06 18:29:41.970,-211345014.22762957,269798886.1434611,134453731.73093754,144263557861.30072,-32075515986.705013,-13904898961.751095,58914.77062465277
46,2020,3,6,18,44,41.97,-8830904.864,24221274.048,-6792876.013,-2407.07008,-14.864189999999999,3016.74891,2020-03-06 18:44:41.970,-212091601.9249863,269219133.77395207,134279412.3892223,144270298750.7447,-32051523748.212032,-13894497446.467241,58914.78104131943
46,2020,3,6,18,59,41.97,-10916038.033,24001981.222999997,-4027729.329,-2220.027,-471.65385,3119.27469,2020-03-06 18:59:41.970,-212836819.24664322,268637614.2175779,134104211.23680222,144277034915.41272,-32027530477.764603,-13884095485.224525,58914.7914579861
46,2020,3,6,19,14,41.97,-12815712.011,23374880.685,-1194123.153,-1995.53228,-919.83764,3168.69109,2020-03-06 19:14:41.970,-213580660.67056638,268054330.4703044,133928129.0108116,144283766355.18878,-32003536176.123596,-13873693078.359629,58914.80187465277
46,2020,3,6,19,29,41.97,-14497909.902999999,22351103.347,1659762.844,-1737.43446,-1351.93165,3164.2975,2020-03-06 19:29:41.970,-214323120.67967528,267469285.54418576,133751166.45570157,144290493069.95673,-31979540844.04973,-13863290226.209124,58914.81229131943
46,2020,3,6,19,44,41.97,-15934322.011,20948391.628000002,4485513.932,-1450.11184,-1760.74603,3106.2715399999997,2020-03-06 19:44:41.970,-215064193.76190764,266882482.4673662,133573324.32324728,144297215059.60056,-31955544482.303574,-13852886929.109535,58914.8227079861
46,2020,3,6,19,59,41.97,-17100791.01,19190785.828,7235267.283,-1138.40129,-2139.4927300000004,2995.65944,2020-03-06 19:59:41.970,-215803874.41028467,266293924.2840815,133394603.37255488,144303932324.00476,-31931547091.645466,-13842483187.397284,58914.83312465277
46,2020,3,6,20,14,41.97,-17977690.702,17108216.653,9862485.024,-807.52203,-2481.88618,2834.35488,2020-03-06 20:14:41.970,-216542157.12297586,265703614.05466032,133215004.37006871,144310644863.0534,-31907548672.83562,-13832079001.408728,58914.84354131943
46,2020,3,6,20,29,41.97,-18550234.187999997,14736010.532,12322703.307,-462.99512999999996,-2782.23626,2625.06691,2020-03-06 20:29:41.970,-217279036.40336472,265111554.8555258,133034528.08957765,144317352676.6309,-31883549226.63406,-13821674371.480143,58914.8539579861
46,2020,3,6,20,44,41.97,-18808708.066,12114314.975,14574247.81,-110.55974,-3035.53294,2371.2775,2020-03-06 20:44:41.970,-218014506.76011363,264517749.77919593,132853175.31222199,144324055764.62186,-31859548753.800644,-13811269297.94771,58914.86437465277
46,2020,3,6,20,59,41.97,-18748629.966000002,9287451.806,16578906.545999998,243.91335999999998,-3237.52183,2077.18923,2020-03-06 20:59:41.970,-218748562.70723006,263922201.93428427,132670946.82650015,144330754126.9108,-31835547255.095028,-13800863781.147543,58914.87479131943
46,2020,3,6,21,14,41.97,-18370827.403,6303206.639,18302551.301,594.51004,-3384.77016,1747.6635199999998,2020-03-06 21:14:41.970,-219481198.76413184,263324914.44550034,132487843.42827508,144337447763.38235,-31811544731.27673,-13790457821.415678,58914.8852079861
46,2020,3,6,21,29,41.97,-17681436.593,3212063.543,19715699.422000002,935.3622700000001,-3474.72254,1388.14992,2020-03-06 21:29:41.970,-220212409.45571306,262725890.45364967,132303865.92078066,144344136673.9214,-31787541183.105083,-13780051419.088074,58914.89562465277
46,2020,3,6,21,44,41.97,-16691820.537,66394.38900000001,20794008.083,1260.7379700000001,-3505.74576,1004.6068100000001,2020-03-06 21:44:41.970,-220942189.31241006,262125133.11563358,132119015.11462796,144350820858.4129,-31763536611.33924,-13769644574.500597,58914.90604131943
46,2020,3,6,21,59,41.97,-15418406.354999999,-3080386.934,21518693.532,1565.13045,-3477.16195,603.41411,2020-03-06 21:59:41.970,-221670532.87026772,261522645.60444865,131933291.8278115,144357500316.74164,-31739531016.738194,-13759237287.98903,58914.9164579861
46,2020,3,6,22,14,41.97,-13882442.650999999,-6174694.617000001,21876868.312,1843.34652,-3389.2693,191.27836000000002,2020-03-06 22:14:41.970,-222397434.6710054,260918431.10918608,131746696.88571537,144364175048.79272,-31715524400.060738,-13748829559.889103,58914.92687465277
46,2020,3,6,22,29,41.97,-12109678.508000001,-9163653.727,21861789.908999998,2090.59236,-3243.3494299999998,-224.86903999999998,2020-03-06 22:29:41.970,-223122889.2620834,260312492.83503085,131559231.12111922,144370845054.45142,-31691516762.065536,-13738421390.53644,58914.93729131943
46,2020,3,6,22,44,41.97,-10129966.726,-11995983.329999998,21473015.002,2302.55579,-3041.6605799999998,-637.97973,2020-03-06 22:44:41.970,-223846891.19676954,259704834.00326008,131370895.37420401,144377510333.6029,-31667508103.51102,-13728012780.26659,58914.9477079861
46,2020,3,6,22,59,41.97,-7976795.011999999,-14622866.797999999,20716454.237999998,2475.4838600000003,-2787.4158,-1041.00133,2020-03-06 22:59:41.970,-224569435.03420576,259095457.85124156,131181690.49255805,144384170886.13245,-31643498425.15551,-13717603729.415024,58914.95812465277
46,2020,3,6,23,14,41.97,-5686750.059,-16998795.422,19604323.537,2606.2541600000004,-2484.74536,-1426.9942,2020-03-06 23:14:41.970,-225290515.33947486,258484367.63243222,130991617.3311824,144390826711.92563,-31619487727.757107,-13707194238.31714,58914.96854131943
46,2020,3,6,23,29,41.97,-3298920.895,-19082370.867000002,18154989.197,2692.4381999999996,-2138.64279,-1789.25038,2020-03-06 23:29:41.970,-226010126.68366706,257871566.61637568,130800676.75249681,144397477810.8679,-31595476012.07376,-13696784307.308247,58914.9789579861
46,2020,3,6,23,44,41.97,-854249.291,-20837051.597999997,16392705.644999998,2732.3553399999996,-1754.8943,-2121.41289,2020-03-06 23:44:41.970,-226728263.64394784,257257058.08869988,130608869.62634464,144404124182.84497,-31571463278.863224,-13686373936.723564,58914.98937465277
46,2020,3,6,23,59,41.97,1605163.376,-22231828.305999998,14347246.511,2725.1154,-1339.99162,-2417.59309,2020-03-06 23:59:41.970,-227444920.80362403,256640845.35111487,130416196.82999898,144410765827.74246,-31547449528.88313,-13675963126.898247,58914.99979131943
46,2020,3,7,0,14,41.97,4036782.9620000003,-23241812.873,12053429.641999999,2670.6484,-901.0286699999999,-2672.48392,2020-03-07 00:14:41.970,-228160092.75221175,256022931.72140932,130222659.24816719,144417402745.4461,-31523434762.890858,-13665551878.167366,58915.0102079861
46,2020,3,7,0,29,41.97,6398384.439,-23848731.137,9550554.201000001,2569.71916,-445.58383000000003,-2881.46486,2020-03-07 00:29:41.970,-228873774.0855033,255403320.5334479,130028257.77299659,144424034935.84183,-31499418981.643692,-13655140190.865902,58915.02062465277
46,2020,3,7,0,44,41.97,8648810.543,-24041296.275000002,6881725.534999999,2423.9275199999997,18.412270000000003,-3040.69927,2020-03-07 00:44:41.970,-229585959.40563512,254782015.13716695,129832993.30407904,144430662398.81552,-31475402185.898685,-13644728065.328772,58915.03104131943
46,2020,3,7,0,59,41.97,10748712.44,-23815465.254,4093119.956,2235.69025,482.81901999999997,-3147.2167299999996,2020-03-07 00:59:41.970,-230296643.32115507,254159018.8985717,129636866.74845639,144437285134.2534,-31451384376.412766,-13634315501.890795,58915.0414579861
46,2020,3,7,1,14,41.97,12661271.729,-23174559.669999998,1233171.261,2008.20653,939.43687,-3198.9809099999998,2020-03-07 01:14:41.970,-231005820.44708997,253534335.19973138,129439879.02062479,144443903142.0414,-31427365553.94265,-13623902500.886703,58915.05187465277
46,2020,3,7,1,29,41.97,14352882.511,-22129248.907,-1648293.799,1745.406,1380.16313,-3194.93936,2020-03-07 01:29:41.970,-231713485.4050141,252907967.43877527,129242031.0425399,144450516422.06592,-31403345719.244884,-13613489062.651173,58915.06229131943
46,2020,3,7,1,44,41.97,15793779.163999999,-20697392.231000002,-4500956.026,1451.88023,1797.14903,-3135.05343,2020-03-07 01:44:41.970,-232419632.82311606,252279919.02988812,129043323.74362095,144457124974.21317,-31379324873.075863,-13603075187.518782,58915.0727079861
46,2020,3,7,1,59,41.97,16958595.38,-18903740.573,-7274921.638,1132.79871,2182.9537600000003,-3020.30675,2020-03-07 01:59:41.970,-233124257.336268,251650193.40330496,128843758.06075588,144463728798.36945,-31355303016.191795,-13592660875.824026,58915.08312465277
46,2020,3,7,2,14,41.97,17826841.389000002,-16779502.438,-9921637.898,793.81143,2530.6916899999997,-2852.69166,2020-03-07 02:14:41.970,-233827353.58609277,251018794.0053063,128643334.93830511,144470327894.42123,-31331280149.348717,-13582246127.901339,58915.09354131943
46,2020,3,7,2,29,41.97,18383288.151,-14361782.021000002,-12394786.527,440.93999,2834.1685,-2635.17352,2020-03-07 02:29:41.970,-234528916.2210328,250385724.2982123,128442055.32810625,144476922262.2551,-31307256273.30249,-13571830944.08504,58915.1039579861
46,2020,3,7,2,44,41.97,18618249.606000002,-11692901.078000002,-14651135.294,80.46042,3088.0027999999998,-2371.63362,2020-03-07 02:44:41.970,-235228939.89641812,249750987.7603769,128239920.18947811,144483511901.75775,-31283231388.808792,-13561415324.709396,58915.11437465277
46,2020,3,7,2,59,41.97,18527756.726999998,-8819619.219,-16651329.140000002,-281.21952,3287.72974,-2066.79223,2020-03-07 02:59:41.970,-235927419.27453503,249114587.88618225,128036930.48922455,144490096812.81573,-31259205496.623177,-13550999270.108564,58915.12479131943
46,2020,3,7,3,14,41.97,18113619.909,-5792269.879000001,-18360603.845000003,-637.68524,3429.88438,-1726.1138199999998,2020-03-07 03:14:41.970,-236624349.02469465,248476528.18603185,127833087.20163883,144496676995.31583,-31235178597.50095,-13540582780.616657,58915.1352079861
46,2020,3,7,3,29,41.97,17383379.216000002,-2663831.23,-19749407.432,-982.63913,3512.0627400000003,-1355.69726,2020-03-07 03:29:41.970,-237319723.82330135,247836812.18634412,127628391.30850698,144503252449.145,-31211150692.19729,-13530165856.567678,58915.14562465277
46,2020,3,7,3,44,41.97,16350144.812,511047.398,-20793917.101,-1310.02024,3532.95944,-962.1540699999999,2020-03-07 03:44:41.970,-238013538.35392177,247195443.4295455,127422843.79911184,144509823174.19006,-31187121781.467194,-13519748498.295557,58915.15604131943
46,2020,3,7,3,59,41.97,15032332.621,3677042.421,-21476442.413000003,-1614.11701,3492.3819,-552.47794,2020-03-07 03:59:41.970,-238705787.30735368,246552425.47406274,127216445.67023648,144516389170.338,-31163091866.065514,-13509330706.134132,58915.1664579861
46,2020,3,7,4,14,41.97,13453302.645,6779155.145,-21785708.492999997,-1889.67046,3391.2412999999997,-133.90912,2020-03-07 04:14:41.970,-239396465.38169467,245907761.89431626,127009197.9261677,144522950437.47598,-31139060946.746864,-13498912480.417181,58915.17687465277
46,2020,3,7,4,29,41.97,11640909.419,9763692.8,-21717016.12,-2131.96596,3231.5216100000002,286.20296,2020-03-07 04:29:41.970,-240085567.28241163,245261456.2807114,126801101.5786993,144529506975.4911,-31115029024.265747,-13488493821.478384,58915.18729131943
46,2020,3,7,4,44,41.97,9626975.699000001,12579212.391999999,-21272278.547000002,-2336.91183,3016.22822,700.5357399999999,2020-03-07 04:44:41.970,-240773087.7224096,244613512.23963076,126592157.64713548,144536058784.27045,-31090996099.37645,-13478074729.651339,58915.1977079861
46,2020,3,7,4,59,41.97,7446701.671,15177410.035999998,-20459937.625,-2501.10386,2749.3185599999997,1101.92522,2020-03-07 04:59:41.970,-241459021.4221011,243963933.39342564,126382367.15829389,144542605863.70148,-31066962172.833134,-13467655205.269567,58915.20812465277
46,2020,3,7,5,14,41.97,5138022.732000001,17513940.463,-19294764.308999997,-2621.87507,2435.61676,1483.49085,2020-03-07 05:14:41.970,-242143363.10947528,243312723.3804072,126171731.14650859,144549148213.67148,-31042927245.389725,-13457235248.666504,58915.21854131943
46,2020,3,7,5,29,41.97,2740929.2369999997,19549153.709999997,-17797550.687,-2697.33043,2080.71533,1838.75136,2020-03-07 05:29:41.970,-242826107.52016753,242659885.85483766,125960250.65363277,144555685834.06796,-31018891317.800045,-13446814860.17551,58915.2289579861
46,2020,3,7,5,44,41.97,296761.594,21248738.336999997,-15994702.452,-2726.36698,1690.86628,2161.72989,2020-03-07 05:44:41.970,-243507249.39752898,242005424.48692083,125747926.72904184,144562218724.77826,-30994854390.817688,-13436394040.12984,58915.23937465277
46,2020,3,7,5,59,41.97,-2152506.2290000003,22584262.936,-13917742.049,-2708.6796,1272.86435,2447.04721,2020-03-07 05:59:41.970,-244186783.49269617,241349342.9627922,125534760.4296359,144568746885.68997,-30970816465.196117,-13425972788.862713,58915.24979131943
46,2020,3,7,6,14,41.97,-4564982.324,23533609.994999997,-11602733.721,-2644.75341,833.92502,2690.00194,2020-03-07 06:14:41.970,-244864704.56466034,240691644.98450956,125320752.81984209,144575270316.6909,-30946777541.688602,-13415551106.707222,58915.2602079861
46,2020,3,7,6,29,41.97,-6899559.881,24081298.376,-9089642.331999999,-2535.8436100000004,381.55934,2886.63742,2020-03-07 06:29:41.970,-245541007.3803375,240032334.270042,125105904.9716172,144581789017.66864,-30922737621.04821,-13405128993.996384,58915.27062465277
46,2020,3,7,6,44,41.97,-9116596.859,24218692.671,-6421638.151000001,-2383.94388,-76.55199,3033.7949200000003,2020-03-07 06:44:41.970,-246215686.7146385,239371414.55326033,124890217.96444988,144588302988.51086,-30898696704.027897,-13394706451.063166,58915.28104131943
46,2020,3,7,6,59,41.97,-11178562.508000001,23944099.5,-3644359.892,-2191.7445199999997,-532.68359,3129.15321,2020-03-07 06:59:41.970,-246888737.350538,238708889.5839249,124673692.88536283,144594812229.10547,-30874654791.380405,-13384283478.240404,58915.2914579861
46,2020,3,7,7,14,41.97,-13050641.97,23262752.402,-805148.1730000001,-1962.58134,-979.18778,3171.2547799999998,2020-03-07 07:14:41.970,-247560154.0791457,238044763.12767553,124456330.82891458,144601316739.34036,-30850611883.858353,-13373860075.860899,58915.30187465277
46,2020,3,7,7,29,41.97,-14701291.251,22186688.348,2047738.738,-1700.37665,-1408.6128099999999,3159.51906,2020-03-07 07:29:41.970,-248229931.69977537,237379038.96601972,124238132.89720175,144607816519.10352,-30826567982.214108,-13363436244.257338,58915.31229131943
46,2020,3,7,7,44,41.97,-16102735.822,20734520.073,4865915.391000001,-1409.57322,-1813.81597,3094.2430999999997,2020-03-07 07:44:41.970,-248898065.02001545,236711720.8963204,124019100.1998604,144614311568.2827,-30802523087.19992,-13353011983.762325,58915.3227079861
46,2020,3,7,7,59,41.97,-17231407.106,18931109.389000002,7601654.824999999,-1095.0624,-2188.07038,2976.5903200000002,2020-03-07 07:59:41.970,-249564548.8557994,236042812.73178455,123799233.85406816,144620801886.76642,-30778477199.56787,-13342587294.708406,58915.33312465277
46,2020,3,7,8,14,41.97,-18068311.942,16807147.509999998,10208658.931,-762.1072800000001,-2525.16468,2808.56781,2020-03-07 08:14:41.970,-250229378.03147537,235372318.30144992,123578534.98454526,144627287474.4425,-30754430320.06985,-13332162177.42803,58915.34354131943
46,2020,3,7,8,29,41.97,-18599331.002,14398649.092,12642803.467,-416.26171,-2819.49497,2592.99284,2020-03-07 08:29:41.970,-250892547.37987724,234700241.45017305,123357004.72355627,144633768331.19922,-30730382449.45759,-13321736632.253555,58915.3539579861
46,2020,3,7,8,44,41.97,-18815442.844,11746367.345,14862848.243,-63.28621,-3066.1482100000003,2333.449,2020-03-07 08:44:41.970,-251554051.74239436,234026586.03861585,123134644.21091121,144640244456.92493,-30706333588.48264,-13311310659.517265,58915.36437465277
46,2020,3,7,8,59,41.97,-18712871.009,8895138.094,16831103.384999998,290.93881999999996,-3260.97655,2034.23257,2020-03-07 08:59:41.970,-252213885.96904263,233351355.9432321,122911454.59396666,144646715851.5079,-30682283737.89638,-13300884259.551373,58915.37479131943
46,2020,3,7,9,14,41.97,-18293152.25,5893161.275,18514043.081,640.50151,-3400.66199,1700.28948,2020-03-07 09:14:41.970,-252872044.91853434,232674555.05625424,122687437.02762696,144653182514.83627,-30658232898.45006,-13290457432.687988,58915.3852079861
46,2020,3,7,9,29,41.97,-17563124.608999997,2791228.8389999997,19882858.569,979.5480600000001,-3482.77064,1337.14342,2020-03-07 09:29:41.970,-253528523.45834956,231996187.28567883,122462592.6743447,144659644446.79868,-30634181070.894665,-13280030179.259142,58915.39562465277
46,2020,3,7,9,44,41.97,-16534834.728999998,-358091.304,20913942.557,1302.37255,-3505.7960700000003,950.81544,2020-03-07 09:44:41.970,-254183316.46480596,231316256.55525234,122236922.70412202,144666101647.28357,-30610128255.9811,-13269602499.5968,58915.40604131943
46,2020,3,7,9,59,41.97,-15225364.511,-3501305.075,21589297.653,1603.50623,-3469.1907899999997,547.73556,2020-03-07 09:59:41.970,-254836418.82313004,230634766.8044569,122010428.29451069,144672554116.17953,-30586074454.460045,-13259174394.03282,58915.4164579861
46,2020,3,7,10,14,41.97,-13656577.974,-6584864.801,21896861.827,1877.8054,-3373.38526,134.64691000000002,2020-03-07 10:14:41.970,-255487825.4275279,229951721.98849472,121783110.63061285,144679001853.3751,-30562019667.08206,-13248745862.898996,58915.42687465277
46,2020,3,7,10,29,41.97,-11854790.058,-9556052.867,21830744.502,2120.53678,-3219.79336,-281.49696,2020-03-07 10:29:41.970,-256137531.18125555,229267126.07827353,121554970.90508142,144685444858.75888,-30537963894.597496,-13238316906.52704,58915.43729131943
46,2020,3,7,10,44,41.97,-9850360.113,-12363863.969,21391367.474999998,2327.45933,-3010.80363,-693.6406400000001,2020-03-07 10:44:41.970,-256785530.99669006,228580983.06039035,121326010.31812024,144691883132.21967,-30513907137.756527,-13227887525.248558,58915.4477079861
46,2020,3,7,10,59,41.97,-7677213.945,-14959872.719999999,20585505.792,2494.9009499999997,-2749.7554,-1094.74048,2020-03-07 10:59:41.970,-257431819.7954008,227893296.93711582,121096230.0774841,144698316673.6461,-30489849397.309208,-13217457719.395102,58915.45812465277
46,2020,3,7,11,14,41.97,-5372299.535,-17299072.646,19426224.697,2619.82888,-2440.89894,-1477.88165,2020-03-07 11:14:41.970,-258076392.50821963,227204071.72637787,120865631.39847879,144704745482.927,-30465790674.00536,-13207027489.298122,58915.46854131943
46,2020,3,7,11,29,41.97,-2974982.991,-19340672.036,17932710.144,2699.9118900000003,-2089.33936,-1836.39732,2020-03-07 11:29:41.970,-258719244.0753126,226513311.46174523,120634215.50396097,144711169559.9513,-30441730968.594685,-13196596835.288996,58915.4789579861
46,2020,3,7,11,44,41.97,-526392.733,-21048831.744,16129991.944,2733.57279,-1700.9637500000001,-2163.9877300000003,2020-03-07 11:44:41.970,-259360369.4462504,225821020.19241053,120401983.62433761,144717588904.60776,-30417670281.82667,-13186165757.699018,58915.48937465277
46,2020,3,7,11,59,41.97,1931278.484,-22393329.986,14048560.504999999,2720.02936,-1282.35178,-2454.83713,2020-03-07 11:59:41.970,-259999763.5800801,225127201.983173,120168936.99756593,144724003516.78525,-30393608614.45069,-13175734256.859386,58915.49979131943
46,2020,3,7,12,14,41.97,4355502.611,-23350139.467,11723880.289,2659.32218,-840.6704900000001,-2703.72599,2020-03-07 12:14:41.970,-260637421.4453955,224431860.91442108,119935076.86915247,144730413396.37305,-30369545967.215916,-13165302333.101227,58915.5102079861
46,2020,3,7,12,29,41.97,6704163.858,-23901902.974,9195805.456,2552.32768,-383.55407,-2906.13563,2020-03-07 12:29:41.970,-261273338.02040863,223735001.08211416,119700404.49215269,144736818543.25995,-30345482340.871346,-13154869986.755594,58915.52062465277
46,2020,3,7,12,44,41.97,8936310.921,-24038294.813,6507905.711,2400.75532,81.02924999999999,-3058.34268,2020-03-07 12:44:41.970,-261907508.293021,223036626.5977649,119464921.1271697,144743218957.33505,-30321417736.165813,-13144437218.15344,58915.53104131943
46,2020,3,7,12,59,41.97,11012899.11,-23756257.352,3706712.917,2207.12784,544.92119,-3157.50025,2020-03-07 12:59:41.970,-262539927.26089483,222336741.58842018,119228628.04235372,144749614638.48752,-30297352153.847996,-13134004027.625637,58915.5414579861
46,2020,3,7,13,14,41.97,12897506.968,-23060104.224999998,840901.5160000001,1974.74429,999.92521,-3201.70337,2020-03-07 13:14:41.970,-263170589.9315239,221635350.196643,118991526.51340076,144756005586.60666,-30273285594.666397,-13123570415.502993,58915.55187465277
46,2020,3,7,13,29,41.97,14557011.84,-21961484.668,-2039581.866,1707.62586,1437.96274,-3190.03618,2020-03-07 13:29:41.970,-263799491.3223054,220932456.580492,118753617.8235512,144762391801.58133,-30249218059.369335,-13113136382.116198,58915.56229131943
46,2020,3,7,13,44,41.97,15962209.178,-20479206.658,-4884422.359,1410.44519,1851.23002,-3122.59897,2020-03-07 13:44:41.970,-264426626.4606107,220228064.91350347,118514903.2635888,144768773283.30103,-30225149548.705,-13102701927.795902,58915.5727079861
46,2020,3,7,13,59,41.97,17088361.318,-18638920.125,-7643855.543,1088.44056,2232.35153,-3000.51377,2020-03-07 13:59:41.970,-265051990.38385686,219522179.3846703,118275384.13183875,144775150031.6551,-30201080063.421364,-13092267052.872637,58915.58312465277
46,2020,3,7,14,14,41.97,17915662.85,-16472665.144,-10269581.214,747.31673,2574.5259499999997,-2825.90775,2020-03-07 14:14:41.970,-265675578.13957816,218814804.19842216,118035061.73416625,144781522046.53262,-30177009604.26629,-13081831757.676867,58915.59354131943
46,2020,3,7,14,29,41.97,18429611.654,-14018293.659,-12715652.264,393.13493,2871.66059,-2601.87459,2020-03-07 14:29:41.970,-266297384.78549707,218105943.57460546,117793937.38397448,144787889327.82312,-30152938171.98742,-13071396042.538979,58915.6039579861
46,2020,3,7,14,44,41.97,18621277.036,-11318776.747,-14939319.136,32.194680000000005,3118.49075,-2332.4146,2020-03-07 14:44:41.970,-266917405.3895959,217395601.74846196,117552012.40220293,144794251875.41602,-30128865767.33226,-13060959907.789257,58915.61437465277
46,2020,3,7,14,59,41.97,18487459.046,-8421412.436,-16901811.42,-329.08934,3310.68088,-2022.35524,2020-03-07 14:59:41.970,-267535635.0301883,216683782.97060743,117309288.11732505,144800609689.20074,-30104792391.048138,-13050523353.757921,58915.62479131943
46,2020,3,7,15,14,41.97,18030735.926000003,-5376951.6729999995,-18569039.839,-684.31216,3444.90497,-1677.25411,2020-03-07 15:14:41.970,-268152068.79599002,215970491.50701082,117065765.86534609,144806962769.06665,-30080718043.8822,-13040086380.775116,58915.6352079861
46,2020,3,7,15,29,41.97,17259399.571000002,-2238661.894,-19912204.165,-1027.20203,3518.90454,-1303.2873599999998,2020-03-07 15:29:41.970,-268766701.78619117,215255731.63897175,116821446.98980084,144813311114.90338,-30056642726.581474,-13029648989.170877,58915.64562465277
46,2020,3,7,15,44,41.97,16187281.712,938651.0819999999,-20908295.211,-1351.73925,3531.52324,-907.12651,2020-03-07 15:44:41.970,-269379529.1105272,214539507.6630988,116576332.841751,144819654726.6005,-30032566439.892796,-13019211179.275171,58915.65604131943
46,2020,3,7,15,59,41.97,14833476.193,4099641.654,-21540482.037,-1652.2677800000001,3482.71779,-495.8071,2020-03-07 15:59:41.970,-269990545.88934994,213821823.89128655,116330424.77978243,144825993604.04752,-30008489184.5628,-13008772951.417887,58915.6664579861
46,2020,3,7,16,14,41.97,13221965.068,7189422.502,-21798378.562999997,-1923.59701,3373.54599,-76.59259999999999,2020-03-07 16:14:41.970,-270599747.2537004,213102684.650693,116083724.1700025,144832327747.13403,-29984410961.338017,-12998334305.928818,58915.67687465277
46,2020,3,7,16,29,41.97,11381158.228,10154541.89,-21678186.851999998,-2161.0918500000002,3206.13287,343.16299,2020-03-07 16:29:41.970,-271207128.34537816,212382094.28371638,115836232.38603723,144838657155.7497,-29960331770.964775,-12987895243.137686,58915.68729131943
46,2020,3,7,16,44,41.97,9343357.853,12943921.345999999,-21182717.29,-2360.74951,2983.6167800000003,756.1507899999999,2020-03-07 16:44:41.970,-271812684.3170145,211660057.1479716,115587950.80902785,144844981829.78427,-29936251614.189236,-12977455763.374128,58915.6977079861
46,2020,3,7,16,59,41.97,7144160.081,15509736.627,-20321288.619,-2519.2620699999998,2710.07766,1155.23798,2020-03-07 16:59:41.970,-272416410.3321434,210936577.61626628,115338880.82762794,144851301769.12735,-29912170491.757423,-12967015866.967691,58915.70812465277
46,2020,3,7,17,14,41.97,4821807.031,17808226.955,-19109513.162,-2634.0642000000003,2390.4498099999996,1533.59156,2020-03-07 17:14:41.970,-273018301.56527245,210211660.07657632,115089023.83799984,144857616973.6687,-29888088404.41516,-12956575554.247852,58915.71854131943
46,2020,3,7,17,29,41.97,2416502.586,19800419.834,-17568974.693,-2703.3659700000003,2030.4219699999999,1884.79285,2020-03-07 17:29:41.970,-273618353.2019547,209485308.93202195,114838381.24381109,144863927443.2981,-29864005352.90815,-12946134825.544,58915.7289579861
46,2020,3,7,17,44,41.97,-30294.701,21452761.123,-15726808.043000001,-2726.17099,1636.32713,2202.94113,2020-03-07 17:44:41.970,-274216560.43886036,208757528.60084245,114586954.4562311,144870233177.90543,-29839921337.981865,-12935693681.185432,58915.73937465277
46,2020,3,7,17,59,41.97,-2476588.5870000003,22737642.424000002,-13615190.852,-2702.28031,1215.02496,2482.74507,2020-03-07 17:59:41.970,-274812918.4838472,208028323.51637074,114334744.89392677,144876534177.38028,-29815836360.381706,-12925252121.501371,58915.74979131943
46,2020,3,7,18,14,41.97,-4880559.619,23633820.173,-11270758.812,-2632.28311,773.77914,2719.60118,2020-03-07 18:14:41.970,-275407422.5560331,207297698.12700823,114081753.98305914,144882830441.61273,-29791750420.852833,-12914810146.820969,58915.7602079861
46,2020,3,7,18,29,41.97,-7201265.5370000005,24126722.965,-8733956.331,-2517.53492,320.13201000000004,2909.65882,2020-03-07 18:29:41.970,-276000067.8858672,206565656.89619857,113827983.15727878,144889121970.49246,-29767663520.14028,-12904367757.473269,58915.77062465277
46,2020,3,7,18,44,41.97,-9399316.932,24208645.633,-6048334.844,-2360.12462,-138.22141,3049.8715399999996,2020-03-07 18:44:41.970,-276590849.71520025,205832204.3024018,113573433.85772191,144895408763.90952,-29743575658.9889,-12893924953.787254,58915.78104131943
46,2020,3,7,18,59,41.97,-11437518.531,23878830.394,-3259811.074,-2162.8311999999996,-593.55811,3138.03478,2020-03-07 18:59:41.970,-277179763.297357,205097344.8390671,113318107.53300565,144901690821.7538,-29719486838.143417,-12883481736.091825,58915.7914579861
46,2020,3,7,19,14,41.97,-13281467.458999999,23143436.906,-415897.352,-1929.07162,-1038.249,3172.81027,2020-03-07 19:14:41.970,-277766803.89720774,204361083.01460665,113062005.6392239,144907968143.915,-29695397058.348335,-12873038104.71577,58915.80187465277
46,2020,3,7,19,29,41.97,-14900100.938,22015404.434,2435084.153,-1662.84074,-1464.87657,3153.7375,2020-03-07 19:29:41.970,-278351966.79123807,203623423.35236764,112805129.63994226,144914240730.28357,-29671306320.348053,-12862594059.987839,58915.81229131943
46,2020,3,7,19,44,41.97,-16266186.797,20514210.48,5244791.887,-1368.6445199999998,-1866.34714,3081.23272,2020-03-07 19:44:41.970,-278935247.2676221,202884370.390605,112547481.00619337,144920508580.74893,-29647214624.886772,-12852149602.236664,58915.8227079861
46,2020,3,7,19,59,41.97,-17356751.180999998,18665531.155,7965649.089,-1051.42739,-2235.9967699999997,2956.5761199999997,2020-03-07 19:59:41.970,-279516640.62629205,202143928.68245345,112289061.2164719,144926771695.20154,-29623121972.708576,-12841704731.790817,58915.83312465277
46,2020,3,7,20,14,41.97,-18153438.683000002,16500809.422999999,10551611.253999999,-716.49488,-2567.68998,2781.8875799999996,2020-03-07 20:14:41.970,-280096142.1790107,201402102.79589924,112029871.75672938,144933030073.53116,-29599028364.557312,-12831259448.978783,58915.84354131943
46,2020,3,7,20,29,41.97,-18642800.952,14056738.015,12958906.933,-369.43218,-2855.91054,2560.09175,2020-03-07 20:29:41.970,-280673747.2494416,200658897.31375116,111769914.12036897,144939283715.6278,-29574933801.176735,-12820813754.128952,58915.8539579861
46,2020,3,7,20,44,41.97,-18816510.577,11374664.419,15146742.429,-16.01965,-3095.84373,2294.8728499999997,2020-03-07 20:44:41.970,-281249451.17322123,199914316.8336117,111509189.80823989,144945532621.38177,-29550838283.31043,-12810367647.569643,58915.86437465277
46,2020,3,7,20,59,41.97,-18671497.744,8499925.943,17077961.373,337.85416000000004,-3283.4494,1990.61968,2020-03-07 20:59:41.970,-281823249.29802877,199168365.967848,111247700.32863201,144951776790.68277,-29526741811.701782,-12799921129.629107,58915.87479131943
46,2020,3,7,21,14,41.97,-18210007.828,5481123.357000001,18719650.639,686.28116,-3415.5252699999996,1652.3614,2020-03-07 21:14:41.970,-282395136.9836585,198421049.34356195,110985447.19726995,144958016223.42126,-29502644387.09406,-12789474200.635475,58915.8852079861
46,2020,3,7,21,29,41.97,-17439578.722999997,2369342.209,20043684.405,1023.4232599999999,-3489.75978,1285.6943999999999,2020-03-07 21:29:41.970,-282965109.60208994,197672371.60255983,110722431.93730737,144964250919.48706,-29478546010.230354,-12779026860.916845,58915.89562465277
46,2020,3,7,21,44,41.97,-16372937.404000001,-782668.49,21027198.604000002,1343.6021899999998,-3504.7739,896.70081,2020-03-07 21:44:41.970,-283533162.5375592,196922337.40132248,110458656.07932065,144970480878.77048,-29454446681.85361,-12768579110.801178,58915.90604131943
46,2020,3,7,21,59,41.97,-15027815.898999998,-3921349.8850000002,21652988.398000002,1641.38863,-3460.15097,491.85902999999996,2020-03-07 21:59:41.970,-284099291.1866302,196170951.4109744,110194121.16130309,144976706101.16153,-29430346402.706585,-12758130950.616411,58915.9164579861
46,2020,3,7,22,14,41.97,-13426687.672,-6993208.141,21909821.783,1911.6898,-3356.4538900000002,77.9469,2020-03-07 22:14:41.970,-284663490.95826447,195418218.3172524,109928828.72865796,144982926586.5503,-29406245173.531902,-12747682380.690357,58915.92687465277
46,2020,3,7,22,29,41.97,-11596426.262,-9945698.743999999,21792662.974,2149.83441,-3195.2288000000003,-338.06181000000004,2020-03-07 22:29:41.970,-285225757.2738932,194664142.82047445,109662780.33419277,144989142334.82718,-29382142995.07202,-12737233401.350763,58915.93729131943
46,2020,3,7,22,44,41.97,-9567889.079,-12728107.656,21302799.918,2351.65385,-2978.99424,-749.10679,2020-03-07 22:44:41.970,-285786085.5674877,193908729.6355081,109395977.53811206,144995353345.882,-29358039868.069256,-12726784012.925295,58915.9477079861
46,2020,3,7,22,59,41.97,-7375430.378,-15292415.963,20447871.158000004,2513.5581199999997,-2711.21518,-1148.15526,2020-03-07 22:59:41.970,-286344471.2856294,193151983.49173784,109128421.90801084,145001559619.60516,-29333935793.265747,-12716334215.741537,58915.95812465277
46,2020,3,7,23,14,41.97,-5056348.727,-17594133.98,19241788.373,2632.6052,-2396.2610400000003,-1528.3194799999999,2020-03-07 23:14:41.970,-286900909.8875815,192393909.13303313,108860115.01886751,145007761155.88684,-29309830771.403465,-12705884010.126976,58915.96854131943
46,2020,3,7,23,29,41.97,-2650275.7,-19593090.207000002,17704552.262000002,2706.56205,-2039.34724,-1882.9759399999998,2020-03-07 23:29:41.970,-287455396.84535915,191634511.3177153,108591058.45303679,145013957954.61703,-29285724803.224255,-12695433396.409056,58915.9789579861
46,2020,3,7,23,44,41.97,-198514.02,-21254160.226,15861961.1,2733.95563,-1646.46019,-2205.88434,2020-03-07 23:44:41.970,-288007927.64379907,190873794.81852478,108321253.80024254,145020150015.68622,-29261617889.46981,-12684982374.915104,58915.98937465277
46,2020,3,7,23,59,41.97,2256665.062,-22547920.577,13745213.204,2714.11218,-1224.26569,-2491.30395,2020-03-07 23:59:41.970,-288558497.74739033,190111764.46871835,108050702.67395729,145026337338.98474,-29237510030.88106,-12674530945.972178,58915.99979131943
46,2020,3,8,0,14,41.97,4672754.821,-23451212.343,11390404.494,2647.18325,-780.00144,-2734.10516,2020-03-08 00:14:41.970,-289107102.73342985,189348424.97758505,107779406.64588986,145032519924.40204,-29213401228.200516,-12664079109.907852,58916.0102079861
46,2020,3,8,0,29,41.97,7007758.051,-23947604.861,8837940.204,2534.1562299999996,-321.35555999999997,-2929.87202,2020-03-08 00:29:41.970,-289653738.0922834,188583781.20696846,107507367.3441667,145038697771.8289,-29189291482.16882,-12653626867.049025,58916.02062465277
46,2020,3,8,0,44,41.97,9220944.184,-24027737.073,6131836.497,2376.8501,143.66886,-3074.99636,2020-03-08 00:44:41.970,-290198399.36078113,187817837.98694697,107234586.38791278,145044870881.15533,-29165180793.527023,-12643174217.722704,58916.03104131943
46,2020,3,8,0,59,41.97,11273585.189,-23689539.158,3318965.654,2177.8929,606.89854,-3166.7561,2020-03-08 00:59:41.970,-290741082.0889271,187050600.16184643,106961065.40358327,145051039252.27164,-29141069163.01603,-12632721162.255836,58916.0414579861
46,2020,3,8,1,14,41.97,13129668.316,-22938316.745,448226.66099999996,1940.6825800000001,1060.14273,-3203.37857,2020-03-08 01:14:41.970,-291281781.8399697,186282072.59020534,106686806.0249554,145057202885.0681,-29116956591.37659,-12622267700.975266,58916.05187465277
46,2020,3,8,1,29,41.97,14756564.892,-21786696.355,-2430330.76,1669.3305599999999,1495.34976,-3184.0850299999997,2020-03-08 01:29:41.970,-291820494.1904719,185512260.14473897,106411809.89312048,145063361779.43472,-29092843079.3493,-12611813834.207767,58916.06229131943
46,2020,3,8,1,44,41.97,16125640.926,-20254429.614,-5266413.182999999,1368.58905,1904.76365,-3109.1149100000002,2020-03-08 01:44:41.970,-292357214.73038,184741167.7123034,106136078.65647504,145069515935.262,-29068728627.674603,-12601359562.280031,58916.0727079861
46,2020,3,8,1,59,41.97,17212795.382,-18368057.945,-8010402.6450000005,1043.76333,2281.07683,-2979.7284099999997,2020-03-08 01:59:41.970,-292891939.0630952,183968800.19385982,105859613.9707123,145075665352.43988,-29044613237.092785,-12590904885.518675,58916.08312465277
46,2020,3,8,2,14,41.97,17998913.514,-16160443.178,-10614268.185999999,700.6110100000001,2617.57475,-2798.1868799999997,2020-03-08 02:14:41.970,-293424662.8055426,183195162.5044369,105582417.4988135,145081810030.85876,-29020496908.34399,-12580449804.250229,58916.09354131943
46,2020,3,8,2,29,41.97,18470224.598,-13670173.085,-13032449.818,345.2308,2908.26855,-2567.71129,2020-03-08 02:29:41.970,-293955381.5882396,182420259.57309523,105304490.91103853,145087949970.40884,-28996379642.168194,-12569994318.801144,58916.1039579861
46,2020,3,8,2,44,41.97,18618555.842,-10940854.278,-15222695.503999999,-16.05647,3148.01217,-2292.4195799999998,2020-03-08 02:44:41.970,-294484091.0553675,181644096.3428887,105025835.88491744,145094085170.98022,-28972261439.305244,-12559538429.497782,58916.11437465277
46,2020,3,8,2,59,41.97,18441476.931,-8020307.869999999,-17146832.901,-376.83136,3332.60086,-1977.2446,2020-03-08 02:59:41.970,-295010786.8648405,180866677.77082756,104746454.10524063,145100215632.4632,-28948142300.49482,-12549082136.666441,58916.12479131943
46,2020,3,8,3,14,41.97,17942332.536999997,-4959685.762,-18771459.394,-730.70076,3458.84867,-1627.8351,2020-03-08 03:14:41.970,-295535464.68837357,180088008.82784018,104466347.26404956,145106341354.74802,-28924022226.47644,-12538625440.633337,58916.1352079861
46,2020,3,8,3,29,41.97,17130163.049,-1812527.251,-20068536.279,-1071.42081,3524.6434400000003,-1250.4422200000001,2020-03-08 03:29:41.970,-296058120.2115538,179308094.49873495,104185517.06062733,145112462337.72464,-28899901217.989517,-12528168341.724592,58916.14562465277
46,2020,3,8,3,44,41.97,16019516.610000001,1366223.25,-21015875.652,-1393.01504,3528.97812,-851.79508,2020-03-08 03:44:41.970,-296578749.13390845,178526939.78216124,103903965.20148878,145118578581.28348,-28875779275.773273,-12517710840.266262,58916.15604131943
46,2020,3,8,3,59,41.97,14630158.144000001,4521216.131999999,-21597511.516,-1689.8846999999998,3471.95869,-438.96854,2020-03-08 03:59:41.970,-297097347.1689741,177744549.69057077,103621693.40037045,145124690085.3146,-28851656400.5668,-12507252936.584318,58916.1664579861
46,2020,3,8,4,14,41.97,12986683.396,7597693.211,-21803949.733000003,-1956.90915,3354.7891,-19.24673,2020-03-08 04:14:41.970,-297613910.0443657,176960929.2501777,103338703.37822096,145130796849.7083,-28827532593.10901,-12496794631.004654,58916.17687465277
46,2020,3,8,4,29,41.97,11118047.935,10542460.964,-21632294.479,-2189.53418,3179.73459,400.01437,2020-03-08 04:29:41.970,-298128433.5018457,176176083.5009193,103054996.86319019,145136898874.35458,-28803407854.138725,-12486335923.853075,58916.18729131943
46,2020,3,8,4,44,41.97,9057022.568,13304821.717,-21086251.834,-2383.8470100000004,2950.06531,811.52205,2020-03-08 04:44:41.970,-298640913.2973929,175390017.49641597,102770575.5906195,145142996159.1437,-28779282184.39457,-12475876815.455322,58916.1977079861
46,2020,3,8,4,59,41.97,6839587.704,15837445.942,-20176013.779,-2536.63685,2669.98222,1208.1770199999999,2020-03-08 04:59:41.970,-299151345.20127004,174602736.30393025,102485441.30303071,145149088703.96573,-28755155584.615044,-12465417306.137047,58916.20812465277
46,2020,3,8,5,14,41.97,4504279.859999999,18097170.975,-18918028.283,-2645.44062,2344.52807,1583.19607,2020-03-08 05:14:41.970,-299659724.99809366,173814245.0043266,102199595.75011571,145155176508.7108,-28731028055.538486,-12454957396.223825,58916.21854131943
46,2020,3,8,5,29,41.97,2091503.7189999998,20045713.741,-17334663.16,-2708.5738199999996,1979.48583,1930.2251800000001,2020-03-08 05:29:41.970,-300166048.486902,173024548.69203,101913040.68872538,145161259573.2691,-28706899597.903107,-12444497086.041153,58916.2289579861
46,2020,3,8,5,44,41.97,-357176.912,21650287.505,-15453773.006,-2725.1466299999997,1581.2674,2243.4415400000003,2020-03-08 05:44:41.970,-300670311.48122287,172233652.4749847,101625777.88285889,145167337897.5307,-28682770212.446957,-12434036375.914444,58916.23937465277
46,2020,3,8,5,59,41.97,-2799756.33,22884115.022000004,-13308179.777999999,-2695.0660900000003,1156.7950899999998,2517.64325,2020-03-08 05:59:41.970,-301172509.809142,171441561.47461203,101337809.10365216,145173411481.3857,-28658639899.907955,-12423575266.169052,58916.24979131943
46,2020,3,8,6,14,41.97,-5194500.066,23726832.772,-10935078.463,-2619.025,713.37851,2748.32602,2020-03-08 06:14:41.970,-301672639.3133723,170648280.82576877,101049136.12936677,145179480324.72406,-28634508661.02386,-12413113757.130219,58916.2602079861
46,2020,3,8,6,29,41.97,-7500642.4459999995,24164783.099,-8375379.822000001,-2498.4786,258.58896,2931.74625,2020-03-08 06:29:41.970,-302170695.851319,169853815.67670408,100759760.74537839,145185544427.43594,-28610376496.532295,-12402651849.123135,58916.27062465277
46,2020,3,8,6,44,41.97,-9679058.073,24191193.020999998,-5673002.48,-2335.6101,-199.8665,3064.97051,2020-03-08 06:44:41.970,-302666675.2951508,169058171.18901706,100469684.74416524,145191603789.4114,-28586243407.170727,-12392189542.472898,58916.28104131943
46,2020,3,8,6,59,41.97,-11692897.704000002,23806240.257000003,-2874126.624,-2133.28623,-654.2694700000001,3145.91139,2020-03-08 06:59:41.970,-303160573.5318647,168261352.53761375,100178909.9252959,145197658410.54047,-28562109393.67652,-12381726837.50454,58916.2914579861
46,2020,3,8,7,14,41.97,-13508180.063,23017008.498999998,-26421.421,-1895.00395,-1097.01163,3173.3501300000003,2020-03-08 07:14:41.970,-303652386.4633549,167463364.9106628,99887438.09541811,145203708290.71307,-28537974456.786835,-12371263734.54301,58916.30187465277
46,2020,3,8,7,29,41.97,-15094332.136000002,21837335.318,2821742.0640000002,-1624.8294700000001,-1520.71177,3146.9463,2020-03-08 07:29:41.970,-304142110.00648016,166664213.5095524,99595271.0682457,145209753429.81912,-28513838597.23874,-12360800233.913166,58916.31229131943
46,2020,3,8,7,44,41.97,-16424671.5,20287557.173,5622081.100000001,-1327.33057,-1918.32719,3067.23517,2020-03-08 07:44:41.970,-304629740.0931303,165863903.5488457,99302410.66454713,145215793827.74872,-28489701815.769135,-12350336335.939804,58916.3227079861
46,2020,3,8,7,59,41.97,-17476825.165999997,18394156.942,8327183.773000001,-1007.50336,-2283.25878,2935.6132700000003,2020-03-08 07:59:41.970,-305115272.6702939,165062440.25623634,99008858.71213248,145221829484.39188,-28465564113.11478,-12339872040.947643,58916.33312465277
46,2020,3,8,8,14,41.97,-18233080.299000002,16189320.2,10891273.36,-670.6942799999999,-2609.44864,2754.31263,2020-03-08 08:14:41.970,-305598703.70012546,164259828.87250346,98714617.0458412,145227860399.63834,-28441425490.012306,-12329407349.261322,58916.34354131943
46,2020,3,8,8,29,41.97,-18680662.955,13710407.126,13270944.714,-322.51829,-2891.4698,2526.36446,2020-03-08 08:29:41.970,-306080029.16001105,163456074.6514667,98419687.50752908,145233886573.37805,-28417285947.198204,-12318942261.205383,58916.3539579861
46,2020,3,8,8,44,41.97,-18811941.75,10999347.535999998,15425863.283,31.226029999999998,-3124.6072200000003,2255.55252,2020-03-08 08:44:41.970,-306559245.04263604,162651182.85994035,98124071.94605553,145239908005.501,-28393145485.408825,-12308476777.104324,58916.36437465277
46,2020,3,8,8,59,41.97,-18624554.04,8101967.097,17319417.82,384.64363000000003,-3304.92965,1946.3568899999998,2020-03-08 08:59:41.970,-307036347.3560514,161845158.77768734,97827772.21727048,145245924695.897,-28369004105.380337,-12298010897.282541,58916.37479131943
46,2020,3,8,9,14,41.97,-18121452.862999998,5067253.3100000005,18919318.285,731.83182,-3429.35153,1603.88852,2020-03-08 09:14:41.970,-307511332.12373877,161038007.69737354,97530790.18400097,145251936644.45575,-28344861807.84886,-12287544622.064373,58916.3852079861
46,2020,3,8,9,29,41.97,-17310873.529,1946570.435,20198130.825,1066.9698700000001,-3495.68439,1233.8149,2020-03-08 09:29:41.970,-307984195.38467914,160229734.92452058,97233127.71603796,145257943851.06717,-28320718593.550293,-12277077951.77406,58916.39562465277
46,2020,3,8,9,44,41.97,-16206219.46,-1207166.874,21133742.114,1384.40875,-3502.67709,842.27748,2020-03-08 09:44:41.970,-308454933.1934163,159420345.77745908,96934786.6901227,145263946315.621,-28296574463.22042,-12266610886.73577,58916.40604131943
46,2020,3,8,9,59,41.97,-14825867.533,-4340350.789,21709745.755,1678.76008,-3450.04407,435.80117,2020-03-08 09:59:41.970,-308923541.6201238,158609845.58728173,96635768.98993291,145269944038.0071,-28272429417.59493,-12256143427.273619,58916.4164579861
46,2020,3,8,10,14,41.97,-13192894.042,-7399557.245,21915743.919,1944.98344,-3338.4807,21.19658,2020-03-08 10:14:41.970,-309390016.7506711,157798239.6977949,96336076.50606906,145275937018.11487,-28248283457.40931,-12245675573.711622,58916.42687465277
46,2020,3,8,10,29,41.97,-11334723.266999999,-10332430.662,21747557.954,2178.47086,-3169.66511,-394.54442,2020-03-08 10:29:41.970,-309854354.6866878,156985533.46547168,96035711.1360402,145281925255.83432,-28224136583.398956,-12235207326.373716,58916.43729131943
46,2020,3,8,10,44,41.97,-9282701.665000001,-13088563.771,21207342.419,2375.12737,-2946.24539,-804.3586700000001,2020-03-08 10:44:41.970,-310316551.5456301,156171732.25940272,95734674.78424996,145287908751.05502,-28199988796.299133,-12224738685.583776,58916.4477079861
46,2020,3,8,10,59,41.97,-7071601.893,-15620359.082999999,20303597.911000002,2531.44617,-2671.8114,-1201.22643,2020-03-08 10:59:41.970,-310776603.4608456,155356841.4612481,95432969.36198185,145293887503.66663,-28175840096.844917,-12214269651.665592,58916.45812465277
46,2020,3,8,11,14,41.97,-4739062.1389999995,-17883857.874,19051079.155,2644.57694,-2350.85067,-1578.28919,2020-03-08 11:14:41.970,-311234506.58163756,154540866.46518824,95130596.78738512,145299861513.5586,-28151690485.771297,-12203800224.942894,58916.46854131943
46,2020,3,8,11,29,41.97,-2324967.701,-19839522.016,17470596.261,2712.3856,-1988.68774,-1928.96896,2020-03-08 11:29:41.970,-311690257.07333124,153723812.67787486,94827558.98545986,145305830780.6207,-28127539963.813126,-12193330405.739311,58916.4789579861
46,2020,3,8,11,44,41.97,129216.76299999999,-21452953.717,15588708.711,2733.50384,-1591.40678,-2247.08698,2020-03-08 11:44:41.970,-312143851.1173367,152905685.51838073,94523857.88804229,145311795304.74237,-28103388531.705112,-12182860194.37842,58916.48937465277
46,2020,3,8,11,59,41.97,2581154.318,-22695538.253,13437313.59,2707.3667499999997,-1165.75789,-2526.97959,2020-03-08 11:59:41.970,-312595284.91121465,152086490.41815034,94219495.43378963,145317755085.8131,-28079236190.181835,-12172389591.183702,58916.49979131943
46,2020,3,8,12,14,41.97,4988370.667,-23544995.188,11053131.816,2634.23679,-719.04769,-2763.60862,2020-03-08 12:14:41.970,-313044554.6687399,151266232.82094932,93914473.56816505,145323710123.7223,-28055082939.977737,-12161918596.478584,58916.5102079861
46,2020,3,8,12,29,41.97,7309003.993000001,-23985824.511,8477098.522,2515.21273,-259.01544,-2952.66351,2020-03-08 12:29:41.970,-313491656.61996555,150444918.1828139,93608794.24342237,145329660418.35956,-28030928781.82714,-12151447210.586401,58916.52062465277
46,2020,3,8,12,44,41.97,9502555.632,-24009635.531,5753666.28,2352.22241,206.30329,-3090.6523899999997,2020-03-08 12:44:41.970,-313936587.0112874,149622551.97200012,93302459.41859047,145335605969.6141,-28006773716.464233,-12140975433.830423,58916.53104131943
46,2020,3,8,12,59,41.97,11530626.585,-23615348.341000002,2930032.412,2147.99844,668.72296,-3174.97925,2020-03-08 12:59:41.970,-314379342.105507,148799139.66893217,92995471.05945803,145341546777.37555,-27982617744.62306,-12130503266.533848,58916.5414579861
46,2020,3,8,13,14,41.97,13357624.408,-22809260.157,55304.098000000005,1906.03663,1120.0614600000001,-3204.00458,2020-03-08 13:14:41.970,-314819918.18189514,147974686.76615107,92687831.13855705,145347482841.5329,-27958460867.03754,-12120030709.019787,58916.55187465277
46,2020,3,8,13,29,41.97,14951424.972000001,-21604971.816,-2820382.8279999997,1630.53738,1552.29686,-3177.0873,2020-03-08 13:29:41.970,-315258311.5362552,147149198.7682627,92379541.63514763,145353414161.9756,-27934303084.44149,-12109557761.611288,58916.56229131943
46,2020,3,8,13,44,41.97,16283974.097000001,-20023173.053,-5646773.644,1326.33087,1957.72378,-3094.60608,2020-03-08 13:44:41.970,-315694518.4809866,146322681.19188562,92070604.53520152,145359340738.59293,-27910144397.56855,-12099084424.631315,58916.5727079861
46,2020,3,8,13,59,41.97,17331815.113,-18091288.773000002,-8374414.004000001,998.78757,2329.10527,-2957.95894,2020-03-08 13:59:41.970,-316128535.3451471,145495139.56559822,91761021.83138579,145365262571.27393,-27885984807.152298,-12088610698.40278,58916.58312465277
46,2020,3,8,14,14,41.97,18076529.95,-15842992.223,-10955558.862,653.71592,2659.81604,-2769.5407,2020-03-08 14:14:41.970,-316560358.47451574,144666579.4298861,91450795.5230466,145371179659.90802,-27861824313.926117,-12078136583.248493,58916.59354131943
46,2020,3,8,14,29,41.97,18505083.428999998,-13317594.563000001,-13345051.167,297.25001000000003,2943.97325,-2532.6984399999997,2020-03-08 14:29:41.970,-316989984.23165554,143837006.33708858,91139927.61619249,145377092004.38412,-27837662918.623287,-12067662079.49122,58916.6039579861
46,2020,3,8,14,44,41.97,18610062.845,-10559323.673,-15501151.018000001,-64.27025,3176.55132,-2251.6661999999997,2020-03-08 14:44:41.970,-317417408.995975,143006425.8513454,90828420.12347788,145382999604.5913,-27813500621.977005,-12057187187.453613,58916.61437465277
46,2020,3,8,14,59,41.97,18389807.686,-7616507.976,-17386297.233000003,-424.42294000000004,3353.47778,-1931.4804199999999,2020-03-08 14:59:41.970,-317842629.1637907,142174843.54854253,90516275.06418571,145388902460.41873,-27789337424.720272,-12046711907.458294,58916.62479131943
46,2020,3,8,15,14,41.97,17848427.216000002,-4540683.417,-18967785.156999998,-776.82896,3471.70784,-1577.87882,2020-03-08 15:14:41.970,-318265641.14838964,141342265.01625836,90203494.46421084,145394800571.7553,-27765173327.58601,-12036236239.827793,58916.6352079861
46,2020,3,8,15,29,41.97,16995706.532,-1385643.4810000001,-20218346.901,-1115.2745100000002,3529.27621,-1197.1852199999998,2020-03-08 15:29:41.970,-318686441.3800888,140508695.85370886,89890080.35604271,145400693938.49014,-27741008331.307022,-12025760184.884562,58916.64562465277
46,2020,3,8,15,44,41.97,15846904.566,1793546.845,-21116622.946,-1433.82826,3525.3253600000003,-796.18384,2020-03-08 15:44:41.970,-319105026.3062993,139674141.67169276,89576034.77874783,145406582560.51196,-27716842436.615948,-12015283742.950989,58916.65604131943
46,2020,3,8,15,59,41.97,14422450.022000002,4941551.928,-21647517.063,-1726.95055,3460.11026,-381.98629,2020-03-08 15:59:41.970,-319521392.39158523,138838608.09253672,89261359.77795254,145412466437.70963,-27692675644.24532,-12004806914.34939,58916.6664579861
46,2020,3,8,16,14,41.97,12747543.565,8003760.296,-21802429.552,-1989.59219,3334.98034,38.10524,2020-03-08 16:14:41.970,-319935536.1177258,138002100.75003934,88946057.40582508,145418345569.97208,-27668507954.92758,-11994329699.40201,58916.67687465277
46,2020,3,8,16,29,41.97,10851676.412999999,10927253.453,-21579366.904999997,-2217.28114,3152.34007,456.73527,2020-03-08 16:29:41.970,-320347453.98377556,137164625.28941578,88630129.72105771,145424219957.1879,-27644339369.395027,-11983852098.431007,58916.68729131943
46,2020,3,8,16,44,41.97,8768076.97,13661730.28,-20982928.865000002,-2406.19559,2915.59004,866.62969,2020-03-08 16:44:41.970,-320757142.5061248,136326187.36724135,88313578.78884904,145430089599.246,-27620169888.379818,-11973374111.758495,58916.6977079861
46,2020,3,8,16,59,41.97,6533098.13,16160370.42,-20024176.516,-2553.22258,2629.0506800000003,1260.72504,2020-03-08 16:59:41.970,-321164598.21856034,135486792.6513955,87996406.68088561,145435954496.03497,-27595999512.61403,-11962895739.70649,58916.70812465277
46,2020,3,8,17,14,41.97,4185558.503,18380622.261,-18720387.379,-2656.0017500000004,2297.8714,1632.28996,2020-03-08 17:14:41.970,-321569817.6723248,134646446.82100448,87678615.4753237,145441814647.44336,-27571828242.829575,-11952416982.596956,58916.71854131943
46,2020,3,8,17,29,41.97,1766050.989,20284903.41,-17094705.427,-2712.95415,1927.9274799999998,1975.03696,2020-03-08 17:29:41.970,-321972797.43617684,133805155.56638482,87360207.2567708,145447670053.35995,-27547656079.758278,-11941937840.751774,58916.7289579861
46,2020,3,8,17,44,41.97,-683767.9920000001,21841204.004,-15175695.546,-2723.29655,1525.70764,2283.22279,2020-03-08 17:44:41.970,-322373534.09645057,132962924.58898573,87041184.116267,145453520713.67297,-27523483024.131863,-11931458314.492758,58916.73937465277
46,2020,3,8,17,59,41.97,-3121895.781,23023585.527,-12996813.139,-2687.0416999999998,1098.19472,2551.73647,2020-03-08 17:59:41.970,-322772024.2571143,132119759.60133144,86721548.1512664,145459366628.27094,-27499309076.681885,-11920978404.141651,58916.74979131943
46,2020,3,8,18,14,41.97,-5506695.06,23812570.138,-10595800.418000001,-2604.98554,652.74208,2776.1740800000002,2020-03-08 18:14:41.970,-323168264.5398305,131275666.32696334,86401301.46561785,145465207797.04254,-27475134238.139805,-11910498110.020132,58916.7602079861
46,2020,3,8,18,29,41.97,-7797588.408,24195417.574,-8014021.458000001,-2478.6823600000002,196.94774,2952.90004,2020-03-08 18:29:41.970,-323562251.5840138,130430650.50038138,86080446.16954616,145471044219.87598,-27450958509.237003,-11900017432.449795,58916.77062465277
46,2020,3,8,18,44,41.97,-9955725.433,24166288.691000003,-5295748.263,-2310.4088699999998,-261.47139000000004,3079.09465,2020-03-08 18:44:41.970,-323953982.0468898,129584717.86698593,85758984.37963279,145476875896.65955,-27426781890.70469,-11889536371.752184,58916.78104131943
46,2020,3,8,18,59,41.97,-11944613.104,23726296.383,-2487410.142,-2103.11858,-714.80371,3152.7881500000003,2020-03-08 18:59:41.970,-324343452.6035536,128737874.1830185,85436918.21879645,145482702827.2814,-27402604383.27397,-11879054928.248756,58916.7914579861
46,2020,3,8,19,14,41.97,-13730700.968999999,22883446.118,363181.56,-1860.38732,-1155.46379,3172.8814899999998,2020-03-08 19:14:41.970,-324730659.94702685,127890125.2155026,85114249.81627339,145488525011.6298,-27378425987.675903,-11868573102.260912,58916.80187465277
46,2020,3,8,19,29,41.97,-15283913.944,21652469.645,3207621.627,-1586.35138,-1576.10872,3139.15431,2020-03-08 19:29:41.970,-325115600.7883169,127041476.7421845,84790981.30759808,145494342449.593,-27354246704.64133,-11858090894.109966,58916.81229131943
46,2020,3,8,19,44,41.97,-16578126.359999998,20054556.482,5997700.761,-1285.63907,-1969.74873,3052.26061,2020-03-08 19:44:41.970,-325498271.8564733,126191934.55147305,84467114.83458297,145500155141.05893,-27330066534.901043,-11847608304.117193,58916.8227079861
46,2020,3,8,19,59,41.97,-17591571.872,18116988.726,8686186.168,-963.2967500000001,-2329.85126,2913.71279,2020-03-08 19:59:41.970,-325878669.89864516,125341504.4423799,84142652.54529874,145505963085.91574,-27305885479.185715,-11837125332.603764,58916.83312465277
46,2020,3,8,20,14,41.97,-18307184.706,15872685.498000002,11227582.651,-624.7103400000001,-2650.43762,2725.85435,2020-03-08 20:14:41.970,-326256791.68013823,124490192.22445877,83817596.59405404,145511766284.05136,-27281703538.2259,-11826641979.890804,58916.84354131943
46,2020,3,8,20,29,41.97,-18712868.503000002,13359663.987,13578864.401,-275.52308,-2926.17151,2491.82215,2020-03-08 20:29:41.970,-326632633.9844725,123638003.71774502,83491949.14137523,145517564735.35376,-27257520712.752052,-11816158246.29937,58916.8539579861
46,2020,3,8,20,44,41.97,-18801689.747,10620424.677000001,15700168.191000002,78.44969,-3152.43889,2215.4984799999997,2020-03-08 20:44:41.970,-327006193.61343664,122784944.75269453,83165712.35398588,145523358439.71063,-27233337003.494484,-11805674132.150434,58916.86437465277
46,2020,3,8,20,59,41.97,-18571993.458,7701268.861,17555439.066,431.30794,-3325.41851,1901.45353,2020-03-08 20:59:41.970,-327377467.38714564,121931021.17012227,82838888.40478617,145529147397.00983,-27209152411.183445,-11795189637.764917,58916.87479131943
46,2020,3,8,21,14,41.97,-18027439.481000002,4651557.118,19113020.112,777.15589,-3442.14243,1554.87868,2020-03-08 21:14:41.970,-327746452.1440967,121076238.82114103,82511479.47283222,145534931607.1392,-27184966936.54904,-11784704763.46367,58916.8852079861
46,2020,3,8,21,29,41.97,-17176958.351,1522918.003,20346178.222999997,1110.19164,-3500.54606,1181.5110499999998,2020-03-08 21:29:41.970,-328113144.74122417,120220603.56709924,82183487.74331509,145540711069.98633,-27160780580.321293,-11774219509.567467,58916.89562465277
46,2020,3,8,21,44,41.97,-16034626.402,-1631583.203,21233558.21,1424.7968799999999,-3499.5067299999996,787.54983,2020-03-08 21:44:41.970,-328477542.05395514,119364121.27951902,81854915.40753953,145546485785.4388,-27136593343.23008,-11763733876.397022,58916.90604131943
46,2020,3,8,21,59,41.97,-14619460.498,-4758305.152,21759558.011,1715.62565,-3438.8703299999997,379.56469,2020-03-08 21:59:41.970,-328839640.9762649,118506797.84003335,81525764.66290319,145552255753.3842,-27112405226.005234,-11753247864.272984,58916.9164579861
46,2020,3,8,22,14,41.97,-12955133.605999999,-7803909.24,21914618.246999998,1977.6913,-3319.46488,-35.602889999999995,2020-03-08 22:14:41.970,-329199438.4207311,117648639.14032373,81196037.71287501,145558020973.71002,-27088216229.376427,-11742761473.515936,58916.92687465277
46,2020,3,8,22,29,41.97,-11069613.313,-10716244.544,21695419.937999997,2206.45057,-3143.10043,-450.94484,2020-03-08 22:29:41.970,-329556931.31858844,116789651.0820571,80865736.76697358,145563781446.3036,-27064026354.07324,-11732274704.446388,58916.93729131943
46,2020,3,8,22,44,41.97,-8994726.487,-13445226.092,21104984.969,2397.88344,-2912.5542,-859.3973000000001,2020-03-08 22:44:41.970,-329912116.61978334,115929839.57682216,80534864.04074578,145569537171.05237,-27039835600.82516,-11721787557.38478,58916.9477079861
46,2020,3,8,22,59,41.97,-6765654.413000001,-15943692.898,20152674.779,2548.56752,-2631.5403499999998,-1253.95573,2020-03-08 22:59:41.970,-330264991.29302686,115069210.5460661,80203421.75574468,145575288147.84357,-27015643970.361588,-11711300032.651516,58916.95812465277
46,2020,3,8,23,14,41.97,-4420364.106,-18168231.549,18854083.96,2655.74523,-2304.66357,-1627.79305,2020-03-08 23:14:41.970,-330615552.3258494,114207769.92103061,79871412.13950795,145581034376.5645,-26991451463.41178,-11700812130.56689,58916.96854131943
46,2020,3,8,23,29,41.97,-1998982.9139999999,-20079950.641,17230826.862000003,2717.38233,-1937.35619,-1974.37899,2020-03-08 23:29:41.970,-330963796.724653,113345523.64268768,79538837.4255352,145586775857.10223,-26967258080.704926,-11690323851.45116,58916.9789579861
46,2020,3,8,23,44,41.97,456874.94800000003,-21645191.083,15310217.016,2732.2159500000002,-1535.7985999999999,-2287.59852,2020-03-08 23:44:41.970,-331309721.5147653,112482477.66167517,79205699.8532664,145592512589.3439,-26943063822.970066,-11679835195.624512,58916.98937465277
46,2020,3,8,23,59,41.97,2904819.742,-22836157.399,13124841.21,2699.79045,-1106.82335,-2561.86713,2020-03-08 23:59:41.970,-331653323.74049187,111618637.93823212,78872001.66805899,145598244573.17654,-26918868690.936226,-11669346163.40707,58916.99979131943
46,2020,3,9,0,14,41.97,5302424.457,-23631454.857,10712030.181,2620.47958,-657.80356,-2792.24044,2020-03-09 00:14:41.970,-331994600.46516824,110754010.4421336,78537745.1211654,145603971808.48715,-26894672685.332245,-11658856755.11889,58917.0102079861
46,2020,3,9,0,29,41.97,7607972.609,-24016523.483,8113244.678,2495.4928800000002,-196.52765,-2974.51412,2020-03-09 00:29:41.970,-332333548.77121246,109888601.15262581,78202932.46971047,145609694295.16235,-26870475806.886917,-11648366971.07997,58917.02062465277
46,2020,3,9,0,44,41.97,9781211.829,-23983946.107,5373355.808,2326.86688,268.93899,-3105.3145400000003,2020-03-09 00:44:41.970,-332670165.7601771,109022416.0583598,77867565.97666878,145615412033.08923,-26846278056.32891,-11637876811.610222,58917.03104131943
46,2020,3,9,0,59,41.97,11784084.577,-23533634.856,2539870.762,2117.4380899999996,730.40125,-3182.17294,2020-03-09 00:59:41.970,-333004448.55280006,108155461.15732646,77531647.91084126,145621125022.15445,-26822079434.38679,-11627386277.029526,58917.0414579861
46,2020,3,9,1,14,41.97,13581430.376,-22672878.203,-337911.20999999996,1870.79917,1179.6884,-3203.58391,2020-03-09 01:14:41.970,-333336394.2890567,107287742.45679006,77195180.5468323,145626833262.24472,-26797879941.789093,-11616895367.657673,58917.05187465277
46,2020,3,9,1,29,41.97,15141640.272,-21416248.462,-3209784.9310000003,1591.23822,1608.81106,-3169.0445299999997,2020-03-09 01:29:41.970,-333666000.12821025,106419265.9732218,76858166.1650266,145632536753.2464,-26773679579.26415,-11606404083.814402,58917.06229131943
46,2020,3,9,1,44,41.97,16437249.256,-19785368.146,-6025551.465,1283.6618500000002,2010.1172,-3079.07285,2020-03-09 01:44:41.970,-333993263.2488618,105550037.73223321,76520607.05156542,145638235495.04645,-26749478347.54029,-11595912425.819399,58917.0727079861
46,2020,3,9,1,59,41.97,17445452.882000003,-17808537.879,-8735937.116999999,953.50391,2376.44313,-2935.2045000000003,2020-03-09 01:59:41.970,-334318180.84900135,104680063.76850955,76182505.49832344,145643929487.53098,-26725276247.345707,-11585420393.992264,58917.08312465277
46,2020,3,9,2,14,41.97,18148535.929,-15520232.269,-11293499.377,606.62177,2701.25524,-2739.96707,2020-03-09 02:14:41.970,-334640750.14605784,103809350.1257423,75843863.80288461,145649618730.5865,-26701073279.408493,-11574927988.652552,58917.09354131943
46,2020,3,9,2,29,41.97,18534203.091,-12960473.706,-13653499.979,249.18272,2978.77894,-2496.83271,2020-03-09 02:29:41.970,-334960968.37694794,102937902.85656187,75504684.26851882,145655303224.09924,-26676869444.456688,-11564435210.11975,58917.1039579861
46,2020,3,9,2,44,41.97,18595804.138,-10174097.335,-15774725.867999999,-112.45641,3204.11102,-2210.1501,2020-03-09 02:44:41.970,-335278832.7981265,102065728.02247007,75164969.20415734,145660982967.9555,-26652664743.218204,-11553942058.71329,58917.11437465277
46,2020,3,9,2,59,41.97,18332448.770999998,-7209923.348999999,-17620240.290999997,-471.87343999999996,3373.31281,-1885.0575199999998,2020-03-09 02:59:41.970,-335594340.6856341,101192831.69377188,74824720.92436926,145666657962.04144,-26628459176.42086,-11543448534.752522,58917.12479131943
46,2020,3,9,3,14,41.97,17749009.263,-4119854.9979999997,-19158048.089,-822.7054700000001,3483.4818,-1527.37958,2020-03-09 03:14:41.970,-335907489.3351472,100319219.94950765,74483941.7493367,145672328206.243,-26604252744.792404,-11532954638.556768,58917.1352079861
46,2020,3,9,3,29,41.97,16856011.917,-957922.3809999999,-20361661.768000003,-1158.77082,3532.8003200000003,-1143.51052,2020-03-09 03:29:41.970,-336218276.062025,99444898.87738413,74142634.00483102,145677993700.44647,-26580045449.06051,-11522460370.445257,58917.14562465277
46,2020,3,9,3,44,41.97,15669421.117,2220706.977,-21210557.649,-1474.1853,3520.5606399999997,-740.28719,2020-03-09 03:44:41.970,-336526698.20135915,98569874.57370631,73800800.02218758,145683654444.53763,-26555837289.952713,-11511965730.737177,58917.15604131943
46,2020,3,9,3,59,41.97,14210322.324000001,5360729.544,-21690514.466000002,-1763.4701,3447.16662,-324.85543,2020-03-09 03:59:41.970,-336832753.10801923,97694153.14330824,73458442.13828161,145689310438.4022,-26531628268.196507,-11501470719.751648,58917.1664579861
46,2020,3,9,4,14,41.97,12504512.574000001,8407698.403,-21793829.844,-2021.64909,3314.1126600000002,95.46712000000001,2020-03-09 04:14:41.970,-337136438.1567022,96817740.69948375,73115562.69550316,145694961681.9261,-26507418384.519283,-11490975337.807728,58917.17687465277
46,2020,3,9,4,29,41.97,10582008.859,11308987.311,-21519413.138,-2244.33376,3123.94159,513.3280599999999,2020-03-09 04:29:41.970,-337437750.74197775,95940643.36391713,72772164.0417321,145700608174.99493,-26483207639.648323,-11480479585.22442,58917.18729131943
46,2020,3,9,4,44,41.97,8476486.191,14014707.972000001,-20872756.007,-2427.79437,2880.1832,921.47439,2020-03-09 04:44:41.970,-337736688.27833605,95062867.26661347,72428248.53031327,145706249917.49442,-26458996034.31087,-11469983462.320675,58917.1977079861
46,2020,3,9,4,59,41.97,6224658.08,16478564.224000001,-19865784.682,-2569.0166400000003,2587.27588,1312.88086,2020-03-09 04:59:41.970,-338033248.2002334,94184418.54582858,72083818.52003087,145711886909.30997,-26434783569.23405,-11459486969.415363,58917.20812465277
46,2020,3,9,5,14,41.97,3865612.733,18658629.018,-18516600.185,-2665.7434599999997,2250.4738500000003,1680.87022,2020-03-09 05:14:41.970,-338327427.96213865,93305303.34799899,71738876.37508367,145717519150.3272,-26410570245.144897,-11448990106.827309,58917.21854131943
46,2020,3,9,5,29,41.97,1440118.391,20518032.434,-16849114.691,-2716.50177,1875.7427,2019.2235100000003,2020-03-09 05:29:41.970,-338619225.0385782,92425527.82767147,71393424.46505858,145723146640.43124,-26386356062.77042,-11438492874.875288,58917.2289579861
46,2020,3,9,5,44,41.97,-1010088.931,22025551.375,-14892593.699,-2720.6149,1469.6457999999998,2322.27885,2020-03-09 05:44:41.970,-338908636.924182,91545098.1474322,71047465.16490614,145728769379.50757,-26362141022.837475,-11427995273.878002,58917.23937465277
46,2020,3,9,5,59,41.97,-3443022.5209999997,23156093.937000003,-12681114.895000001,-2678.20107,1039.22424,2585.01767,2020-03-09 05:59:41.970,-339195661.13372785,90664020.47783631,70701000.85491385,145734387367.44144,-26337925126.07285,-11417497304.154093,58917.24979131943
46,2020,3,9,6,14,41.97,-5817154.8,23891073.746999998,-10252955.314000001,-2590.1589,591.87275,2803.13767,2020-03-09 06:14:41.970,-339480295.2021864,89782300.99733627,70354033.92068085,145740000604.11768,-26313708373.20331,-11406998966.022165,58917.2602079861
46,2020,3,9,6,29,41.97,-8092108.657,24218671.62,-7649918.937,-2458.14104,135.21377,2973.1122600000003,2020-03-09 06:29:41.970,-339762536.6847652,88899945.89221102,70006566.75309145,145745609089.42178,-26289490764.95547,-11396500259.800741,58917.27062465277
46,2020,3,9,6,44,41.97,-10229320.062,24133983.836,-4916616.992000001,-2284.51685,-323.02828,3092.23619,2020-03-09 06:44:41.970,-340042383.15695226,88016961.35649383,69658601.74828939,145751212823.23828,-26265272302.0559,-11386001185.808302,58917.28104131943
46,2020,3,9,6,59,41.97,-12192662.703,23639057.989,-2099713.2339999997,-2072.32555,-775.15084,3158.65778,2020-03-09 06:59:41.970,-340319832.21456033,87133353.5919012,69310141.30765116,145756811805.45227,-26241052985.2311,-11375501744.363264,58917.2914579861
46,2020,3,9,7,14,41.97,-13949026.481,22742818.856999997,752853.7760000001,-1825.22074,-1213.5935499999998,3171.39791,2020-03-09 07:14:41.970,-340594881.4737691,86249128.80776013,68961187.83775969,145762406035.9485,-26216832815.20749,-11365001935.783993,58917.30187465277
46,2020,3,9,7,29,41.97,-15468842.675,21460887.991,3592659.716,-1547.40751,-1631.0538800000002,3130.35623,2020-03-09 07:29:41.970,-340867528.571169,85364293.2209363,68611743.75037807,145767995514.6117,-26192611792.711376,-11354501760.388796,58917.31229131943
46,2020,3,9,7,44,41.97,-16726549.614,19815301.776,6371583.64,-1243.57329,-2020.59693,3036.3052700000003,2020-03-09 07:44:41.970,-341137771.16380227,84478853.05576149,68261811.46242252,145773580241.32632,-26168389918.469044,-11344001218.495928,58917.3227079861
46,2020,3,9,7,59,41.97,-17700993.566,17834133.623000003,9042586.465,-918.81327,-2375.75855,2890.87278,2020-03-09 07:59:41.970,-341405606.9292068,83592814.54396072,67911393.39593555,145779160215.97714,-26144167193.206673,-11333500310.423582,58917.33312465277
46,2020,3,9,8,14,41.97,-18375760.448000003,15551026.699,11560468.586000001,-578.5513,-2690.6409400000002,2696.51306,2020-03-09 08:14:41.970,-341671033.56545645,82706183.92457962,67560491.97805935,145784735438.44846,-26119943617.650375,-11322999036.489897,58917.34354131943
46,2020,3,9,8,29,41.97,-18739434.702,13004644.254,13882596.891999999,-228.45732999999998,-2960.0000299999997,2456.46773,2020-03-09 08:29:41.970,-341934048.7912023,81818967.44391102,67209109.64100845,145790305908.6247,-26095719192.526176,-11312497397.01295,58917.3539579861
46,2020,3,9,8,44,41.97,-18785782.446000002,10238045.181,15969591.931000002,125.63820000000001,-3179.32411,2174.71651,2020-03-09 08:44:41.970,-342194650.34571505,80931171.35542183,66857248.82204263,145795871626.39005,-26071493918.56007,-11301995392.310791,58917.36437465277
46,2020,3,9,8,59,41.97,-18513856.652,7297993.015,17785966.415,477.83191000000005,-3344.90307,1855.91838,2020-03-09 08:59:41.970,-342452835.9889239,80042801.91967924,66504911.96343954,145801432591.6287,-26047267796.477955,-11291493022.701384,58917.37479131943
46,2020,3,9,9,14,41.97,-17928022.776,4234207.093,19300706.678999998,822.23658,-3453.88758,1505.34367,2020-03-09 09:14:41.970,-342708603.5014579,79153865.40427728,66152101.51246731,145806988804.22482,-26023040827.00564,-11280990288.502653,58917.3852079861
46,2020,3,9,9,29,41.97,-17037903.904999997,1098565.21,20487789.081,1153.07077,-3504.3375499999997,1128.7975299999998,2020-03-09 09:29:41.970,-342961950.68468535,78264368.08376251,65798819.921357,145812540264.06238,-25998813010.86888,-11270487190.032467,58917.39562465277
46,2020,3,9,9,44,41.97,-15858245.175,-2055732.304,21326623.755,1464.74847,-3495.25929,732.53508,2020-03-09 09:44:41.970,-343212875.3607537,77374316.23956001,65445069.64727474,145818086971.02518,-25974584348.79339,-11259983727.608639,58917.40604131943
46,2020,3,9,9,59,41.97,-14408697.944,-5175026.45,21802418.509,1751.9676,-3426.63032,323.16888,2020-03-09 09:59:41.970,-343461375.37262756,76483716.1598991,65090853.15229415,145823628924.99722,-25950354841.504776,-11249479901.548937,58917.4164579861
46,2020,3,9,10,14,41.97,-12713525.038,-8206080.026,21906456.208,2009.79674,-3299.4112699999996,-92.43067,2020-03-09 10:14:41.970,-343707448.5841286,75592574.13973843,64736172.903368235,145829166125.8621,-25926124489.72859,-11238975712.171068,58917.42687465277
46,2020,3,9,10,29,41.97,-10801229.321,-11096962.559,21636279.53,2233.7586300000003,-3115.54382,-507.24142000000006,2020-03-09 10:29:41.970,-343951092.8799737,74700896.48069158,64381031.372301444,145834698573.50354,-25901893294.190342,-11228471159.79269,58917.43729131943
46,2020,3,9,10,44,41.97,-8704108.904000001,-13797926.788999999,20995777.798,2419.9094200000004,-2877.93379,-914.20084,2020-03-09 10:44:41.970,-344192306.165812,73808689.49095187,64025431.03572128,145840226267.805,-25877661255.61544,-11217966244.731411,58917.4477079861
46,2020,3,9,10,59,41.97,-6457743.518999999,-16262263.049999999,19995171.51,2564.91215,-2590.41882,-1306.3217300000001,2020-03-09 10:59:41.970,-344431086.3682635,72915959.48521699,63669374.3750503,145845749208.65015,-25853428374.729244,-11207460967.304789,58917.45812465277
46,2020,3,9,11,14,41.97,-4100417.9370000004,-18447117.237,18650891.417,2666.1029200000003,-2257.71974,-1676.8106,2020-03-09 11:14:41.970,-344667431.43495566,72022712.78461425,63312863.87647744,145851267395.92203,-25829194652.25707,-11196955327.83031,58917.46854131943
46,2020,3,9,11,29,41.97,-1672489.7280000001,-20314257.612,16985350.474999998,2721.5480900000002,-1885.37537,-2019.1870199999998,2020-03-09 11:29:41.970,-344901339.3345608,71128955.71662447,62955902.03092965,145856780829.5042,-25804960088.924137,-11186449326.625435,58917.4789579861
46,2020,3,9,11,44,41.97,784289.763,-21830775.434,15026608.736,2730.0908,-1479.66076,-2327.4017900000003,2020-03-09 11:44:41.970,-345132808.0568313,70234694.61500615,62598491.334043145,145862289509.27963,-25780724685.45564,-11175942964.00757,58917.48937465277
46,2020,3,9,11,59,41.97,3227490.8449999997,-22969704.594,12807933.303,2691.38504,-1047.4890500000001,-2595.95156,2020-03-09 11:59:41.970,-345361835.61263686,69339935.81972021,62240634.28613459,145867793435.13156,-25756488442.5767,-11165436240.294062,58917.49979131943
46,2020,3,9,12,14,41.97,5614745.409,-23710545.941,10367257.722000001,2605.91577,-596.29799,-2819.9872,2020-03-09 12:14:41.970,-345588420.0339999,68444685.67685322,61882333.39217238,145873292606.9428,-25732251361.01234,-11154929155.802206,58917.5102079861
46,2020,3,9,12,29,41.97,7904498.118000001,-24039683.057,7746547.662,2475.0036400000004,-133.92248,-2995.41322,2020-03-09 12:29:41.970,-345812559.37412965,67548950.53854138,61523591.16174748,145878787024.5965,-25708013441.48758,-11144421710.849262,58917.52062465277
46,2020,3,9,12,44,41.97,10056754.5,-23950677.8,4991082.273,2300.7932100000003,331.54474,-3118.97528,2020-03-09 12:44:41.970,-346034251.70745903,66652736.76289411,61164410.10904445,145884276687.9751,-25683774684.72735,-11133913905.752422,58917.53104131943
46,2020,3,9,12,59,41.97,12033810.782,-23444436.055,2148663.1520000002,2086.2241,791.9017200000001,-3188.33308,2020-03-09 12:59:41.970,-346253495.12967694,65756050.71391724,60804792.75281199,145889761596.9617,-25659535091.456535,-11123405740.828848,58917.5414579861
46,2020,3,9,13,14,41.97,13800949.967,-22529236.759,-731234.761,1834.98486,1238.9919499999999,-3202.1161199999997,2020-03-09 13:14:41.970,-346470287.7577635,64858898.76143628,60444741.61633392,145895241751.4386,-25635294662.399975,-11112897216.395638,58917.55187465277
46,2020,3,9,13,29,41.97,15327088.722000001,-21220620.351,-3598353.914,1551.44989,1664.86145,-3159.96013,2020-03-09 13:29:41.970,-346684627.7300238,63961287.28101938,60084259.22739943,145900717151.2885,-25611053398.28242,-11102388332.76984,58917.56229131943
46,2020,3,9,13,44,41.97,16585360.344,-19541136.213999998,-6402568.355,1240.60068,2061.9143599999998,-3062.5226,2020-03-09 13:44:41.970,-346896513.20612055,63063222.65390024,59723348.11827368,145906187796.39365,-25586811299.828613,-11091879090.268475,58917.5727079861
46,2020,3,9,13,59,41.97,17553620.197,-17519952.327999998,-9094802.082,907.93264,2423.06286,-2911.47635,2020-03-09 13:59:41.970,-347105942.36710703,62164711.26690071,59362010.82566812,145911653686.63663,-25562568367.76321,-11081369489.208506,58917.58312465277
46,2020,3,9,14,14,41.97,18214861.771,-15192334.0,-11627931.651,559.35001,2741.86751,-2709.48096,2020-03-09 14:14:41.970,-347312913.4154599,61265759.51235328,59000249.89071058,145917114821.8993,-25538324602.81082,-11070859529.906828,58917.59354131943
46,2020,3,9,14,29,41.97,18557533.619999997,-12599002.105,-13957653.206,201.05118,3012.6641,-2460.1324799999998,2020-03-09 14:29:41.970,-347517424.575111,60366373.78802353,58638067.85891559,145922571202.06406,-25514080005.69602,-11060349212.680317,58917.6039579861
46,2020,3,9,14,44,41.97,18575750.002,-9785384.521,-16043294.94,-160.59234,3230.67362,-2167.89268,2020-03-09 14:44:41.970,-347719474.0914786,59466560.497032255,58275467.28015421,145928022827.01282,-25489834577.143295,-11049838537.845793,58917.61437465277
46,2020,3,9,14,59,41.97,18269390.819000002,-6800777.200999999,-17848557.375,-519.16036,3392.09265,-1837.99978,2020-03-09 14:59:41.970,-347919060.2314992,58566326.04777736,57912450.70862403,145933469696.62744,-25465588317.877132,-11039327505.720032,58917.62479131943
46,2020,3,9,15,14,41.97,17644089.335,-3697433.588,-19342165.882,-868.3083799999999,3494.16196,-1476.36316,2020-03-09 15:14:41.970,-348116181.28365815,57665676.8538559,57549020.702818826,145938911810.79,-25441341228.62193,-11028816116.619751,58917.6352079861
46,2020,3,9,15,29,41.97,16711109.086000001,-529602.571,-20498422.359,-1201.889,3535.21208,-1089.44507,2020-03-09 15:29:41.970,-348310835.5580199,56764619.33398576,57185179.8254984,145944349169.38196,-25417093310.102074,-11018304370.86164,58917.64562465277
46,2020,3,9,15,44,41.97,15487114.104,2647463.9280000003,-21297645.766000003,-1514.06708,3514.68521,-684.1325400000001,2020-03-09 15:44:41.970,-348503021.3862578,55863159.91192724,56820930.64365811,145949781772.28503,-25392844563.041866,-11007792268.762337,58917.65604131943
46,2020,3,9,15,59,41.97,13993839.129,5778512.54,-21726494.307,-1799.42643,3433.13376,-267.60302,2020-03-09 15:59:41.970,-348692737.12168455,54961305.01640433,56456275.72849826,145955209619.3807,-25368594988.165577,-10997279810.63843,58917.6664579861
46,2020,3,9,16,14,41.97,12257668.614,8809278.504,-21778165.106,-2053.0655,3292.19646,152.81296,2020-03-09 16:14:41.970,-348879981.1392801,54059061.08102615,56091217.65539365,145960632710.55045,-25344344586.197433,-10986766996.80646,58917.67687465277
46,2020,3,9,16,29,41.97,10309135.133,11687444.634,-21452470.258,-2270.68053,3094.55338,569.7686199999999,2020-03-09 16:29:41.970,-349064751.83572143,53156434.544208005,55725759.00386274,145966051045.67557,-25320093357.861664,-10976253827.582949,58917.68729131943
46,2020,3,9,16,44,41.97,8182349.114,14363551.164,-20755790.983,-2448.63484,2843.86217,976.03449,2020-03-09 16:44:41.970,-349247047.62941015,52253431.849092275,55359902.3575367,145971464624.63733,-25295841303.882362,-10965740303.284332,58917.6977079861
46,2020,3,9,16,59,41.97,5914372.749,16791840.479,-19700914.198999997,-2584.01351,2544.6775399999997,1364.6257699999999,2020-03-09 16:59:41.970,-349426866.9605009,51350059.443469495,54993650.30412886,145976873447.31683,-25271588424.98365,-10955226424.227045,58917.70812465277
46,2020,3,9,17,14,41.97,3544551.403,18931022.895999998,-18306758.031,-2674.66312,2202.35671,1728.92139,2020-03-09 17:14:41.970,-349604208.2909285,50446323.779698916,54627005.43540326,145982277513.59503,-25247334721.88958,-10944712190.727463,58917.71854131943
46,2020,3,9,17,29,41.97,1113815.949,20744952.051,-16597994.673,-2719.21665,1822.9536,2062.7727999999997,2020-03-09 17:29:41.970,-349779070.1044354,49542231.31462904,54259970.347143814,145987676823.3528,-25223080195.324165,-10934197603.101896,58917.7289579861
46,2020,3,9,17,44,41.97,-1336030.7459999998,22203200.855,-14604580.481,-2717.10394,1413.10412,2360.60111,2020-03-09 17:44:41.970,-349951450.9065978,48637788.50951809,53892547.639123,145993071376.4712,-25198824846.011402,-10923682661.66665,58917.73937465277
46,2020,3,9,17,59,41.97,-3763030.5050000004,23281531.330000002,-12361204.288999999,-2668.5483799999997,979.90542,2617.4815900000003,2020-03-09 17:59:41.970,-350121349.2248522,47733001.829954445,53524739.91507058,145998461172.83075,-25174568674.67522,-10913167366.73797,58917.74979131943
46,2020,3,9,18,14,41.97,-6125777.715,23962253.901,-9906665.656,-2574.55078,530.79139,2829.2147499999996,2020-03-09 18:14:41.970,-350288763.6085214,46827877.74577672,53156549.78264208,146003846212.31204,-25150311682.03953,-10902651718.632061,58917.7602079861
46,2020,3,9,18,29,41.97,-8384107.269,24234473.773000002,-7283195.225000001,-2436.86144,73.40665,2992.38389,2020-03-09 18:29:41.970,-350453692.6288393,45922422.73099389,52787979.85338754,146009226494.7956,-25126053868.828205,-10892135717.665077,58917.77062465277
46,2020,3,9,18,44,41.97,-10499752.496,24094223.935999997,-4535729.483,-2257.94153,-384.51914999999997,3104.39889,2020-03-09 18:44:41.970,-350616134.8789762,45016643.26370522,52419032.74271962,146014602020.16187,-25101795235.765068,-10881619364.153154,58917.78104131943
46,2020,3,9,18,59,41.97,-12436963.953,23544485.976,-1711152.176,-2040.9149700000003,-835.29466,3163.52657,2020-03-09 18:59:41.970,-350776088.9740635,44110545.82602001,52049711.06988213,146019972788.29102,-25077535783.573914,-10871102658.412374,58917.7914579861
46,2020,3,9,19,14,41.97,-14163081.057,22595101.326,1142485.638,-1789.5119200000001,-1271.3867,3168.90789,2020-03-09 19:14:41.970,-350933553.5512172,43204136.90397739,51680017.45791819,146025338799.06354,-25053275512.97851,-10860585600.758776,58917.80187465277
46,2020,3,9,19,29,41.97,-15649049.531000001,21262576.815,3976755.286,-1508.00506,-1685.53515,3120.56247,2020-03-09 19:29:41.970,-351088527.2695624,42297422.98746595,51309954.533638336,146030700052.35925,-25029014424.702606,-10850068191.508356,58917.81229131943
46,2020,3,9,19,44,41.97,-16869878.597,19569789.413,6743638.74,-1201.13959,-2070.86189,3019.3810000000003,2020-03-09 19:44:41.970,-351241008.8102556,41390410.570143245,50939524.92758863,146036056548.05814,-25004752519.469887,-10839550430.977095,58917.8227079861
46,2020,3,9,19,59,41.97,-17805032.788,17545595.923,9396304.814,-874.05806,-2420.97291,2867.1060700000003,2020-03-09 19:59:41.970,-351390996.8765081,40483106.14935501,50568731.27401858,146041408286.0402,-24980489798.004005,-10829032319.480906,58917.83312465277
46,2020,3,9,20,14,41.97,-18438754.056,15224354.143000001,11889863.109,-532.22086,-2730.05288,2666.30204,2020-03-09 20:14:41.970,-351538490.1936083,39575516.22605446,50197576.210849024,146046755266.18512,-24956226261.02864,-10818513857.335688,58917.84354131943
46,2020,3,9,20,29,41.97,-18760310.673,12645362.61,14182086.083,-181.32308999999998,-2992.95137,2420.3144,2020-03-09 20:29:41.970,-351683487.5089434,38667647.30472167,49826062.37963982,146052097488.37247,-24931961909.267387,-10807995044.857275,58917.8539579861
46,2020,3,9,20,44,41.97,-18764170.068,9852226.661,16234090.04,172.79115000000002,-3205.26027,2133.2191900000003,2020-03-09 20:44:41.970,-351825987.5920214,37759505.893282466,49454192.42555777,146057434952.4821,-24907696743.443813,-10797475882.361483,58917.86437465277
46,2020,3,9,20,59,41.97,-18450093.491,6892159.053,18010966.305000003,524.21668,-3363.3817000000004,1809.76298,2020-03-09 20:59:41.970,-351965989.23449165,36851098.50302749,49081968.99734407,146062767658.39316,-24883430764.281494,-10786956370.164082,58917.87479131943
46,2020,3,9,21,14,41.97,-17823150.981,3815223.968,19482354.251000002,867.07632,-3464.58579,1455.2937299999999,2020-03-09 21:14:41.970,-352103491.25016534,35942431.64853086,48709394.747281834,146068095605.9851,-24859163972.50396,-10776436508.58082,58917.8852079861
46,2020,3,9,21,29,41.97,-16893655.788,673533.786,20622948.206,1195.61061,-3507.0577599999997,1075.68306,2020-03-09 21:29:41.970,-352238492.47503674,35033511.84756916,48336472.33116368,146073418795.1373,-24834896368.8347,-10765916297.927395,58917.89562465277
46,2020,3,9,21,44,41.97,-15677018.118,-2479591.337,21412930.722,1504.2673,-3489.93337,677.2404300000001,2020-03-09 21:44:41.970,-352370991.76730186,34124345.62104019,47963204.40825898,146078737225.72864,-24810627953.997223,-10755395738.519466,58917.90604131943
46,2020,3,9,21,59,41.97,-14193518.75,-5590490.37,21838325.046,1787.78972,-3413.32214,266.61951,2020-03-09 21:59:41.970,-352500988.0073776,33214939.492881216,47589593.641281195,146084050897.6383,-24786358728.714954,-10744874830.672655,58917.9164579861
46,2020,3,9,22,14,41.97,-12468003.989,-8606043.332999999,21891260.208,2041.3030800000001,-3278.31743,-149.28228,2020-03-09 22:14:41.970,-352628480.09792227,32305299.989987873,47215642.696355045,146089359810.74515,-24762088693.711357,-10734353574.702572,58917.92687465277
46,2020,3,9,22,29,41.97,-10529504.317000002,-11474556.001999998,21570142.714,2260.39752,-3086.9923400000002,-563.4306700000001,2020-03-09 22:29:41.970,-352753466.9638519,31395433.642132446,46841354.242983796,146094663964.92807,-24737817849.709835,-10723831970.924759,58917.93729131943
46,2020,3,9,22,44,41.97,-8410780.218,-14146634.37,20879729.643,2441.20664,-2842.38093,-968.76662,2020-03-09 22:44:41.970,-352875947.5523605,30485346.981882107,46466730.95401612,146099963360.06558,-24713546197.433804,-10713310019.654745,58917.9477079861
46,2020,3,9,22,59,41.97,-6147799.882,-16576035.110000001,19831098.937,2580.4801199999997,-2548.44356,-1358.3224300000002,2020-03-09 22:59:41.970,-352995920.83293533,29575046.544517368,46091775.50561327,146105257996.03647,-24689273737.60661,-10702787721.208015,58917.95812465277
46,2020,3,9,23,14,41.97,-3779154.8320000004,-18720477.656999998,18441513.922,2675.64878,-2210.01614,-1725.3403899999998,2020-03-09 23:14:41.970,-353113385.79737544,28664538.86795015,45716490.57721578,146110547872.71902,-24665000470.951626,-10692265075.900036,58917.96854131943
46,2020,3,9,23,29,41.97,-1345421.005,-20542403.09,16734180.583,2724.88045,-1832.74268,-2063.39212,2020-03-09 23:29:41.970,-353228341.4598087,27753830.49264195,45340878.85151058,146115832989.99182,-24640726398.1922,-10681742084.046211,58917.9789579861
46,2020,3,9,23,44,41.97,1111525.655,-22009664.82,14737897.961000001,2727.1248899999996,-1422.9912,-2366.49639,2020-03-09 23:44:41.970,-353340786.85670614,26842927.961521972,44964943.014397316,146121113347.73312,-24616451520.051643,-10671218745.961943,58917.98937465277
46,2020,3,9,23,59,41.97,3549228.5,-23096136.288000003,12486604.058999998,2682.14613,-987.7534999999999,-2629.23304,2020-03-09 23:59:41.970,-353450721.0469001,25931837.819904946,44588685.754955634,146126388945.82083,-24592175837.25327,-10660695061.962584,58917.99979131943
46,2020,3,10,0,14,41.97,5925393.236,-23782220.669,10018819.788999999,2590.5406599999997,-534.5295199999999,-2846.85052,2020-03-10 00:14:41.970,-353558143.1115978,25020566.615409266,44212109.765411355,146131659784.13324,-24567899350.52038,-10650171032.363455,58918.0102079861
46,2020,3,10,0,29,41.97,8198635.67,-24055254.223,7377011.115999999,2453.73959,-71.19863,-3015.36295,2020-03-10 00:29:41.970,-353663052.1543973,24109120.897874597,43835217.741103135,146136925862.5482,-24543622060.576252,-10639646657.479847,58918.02062465277
46,2020,3,10,0,44,41.97,10329233.614,-23909780.448000003,4606847.206,2273.9953100000002,394.1218,-3131.63713,2020-03-10 00:44:41.970,-353765447.3013012,23197507.21927989,43458012.38044903,146142187180.94345,-24519343968.144154,-10629121937.627012,58918.03104131943
46,2020,3,10,0,59,41.97,12279849.445,-23347700.618,1756408.7489999998,2054.34986,853.22567,-3193.46237,2020-03-10 00:59:41.970,-353865327.70073146,22285732.133661028,43080496.38491279,146147443739.1969,-24495065073.94735,-10618596873.120195,58918.0414579861
46,2020,3,10,1,14,41.97,14016221.218,-22378283.302,-1124669.827,1798.58655,1297.9734700000001,-3199.60391,2020-03-10 01:14:41.970,-353962692.5235422,21373802.197028562,42702672.45897043,146152695537.18613,-24470785378.709076,-10608071464.27459,58918.05187465277
46,2020,3,10,1,29,41.97,15507801.738,-21018033.722,-3986095.3770000003,1511.16484,1720.4494100000002,-3149.83658,2020-03-10 01:29:41.970,-354057540.9630333,20461723.967285212,42324543.3100762,146157942574.7884,-24446504883.15258,-10597545711.405355,58918.06229131943
46,2020,3,10,1,44,41.97,16728331.81,-19290422.308000002,-6777831.955,1197.13947,2113.11649,-3044.95738,2020-03-10 01:44:41.970,-354149872.2349627,19549504.004143715,41946111.64862907,146163184851.88135,-24422223588.001083,-10587019614.827635,58918.0727079861
46,2020,3,10,1,59,41.97,17656334.295,-17225476.161,-9451018.177,862.0656399999999,2468.9654299999997,-2886.77603,2020-03-10 01:59:41.970,-354239685.57755953,18637148.86904404,41567380.187938794,146168422368.3421,-24397941493.977818,-10576493174.85654,58918.08312465277
46,2020,3,10,2,14,41.97,18275517.362,-14859240.78,-11958866.102,511.89245000000005,2781.6533400000003,-2678.08336,2020-03-10 02:14:41.970,-354326980.2515344,17724665.125071216,41188351.64419196,146173655124.04785,-24373658601.80599,-10565966391.807138,58918.09354131943
46,2020,3,10,2,29,41.97,18575077.539,-12233122.967,-14257521.896,152.84728,3045.62856,-2422.59817,2020-03-10 02:29:41.970,-354411755.5400921,16812059.336872507,40809028.7364181,146178883118.8758,-24349374912.208817,-10555439265.9945,58918.1039579861
46,2020,3,10,2,44,41.97,18549895.74,-9393128.964,-16306869.424,-208.6859,3256.23811,-2124.89385,2020-03-10 02:44:41.970,-354494010.7489419,15899338.070575029,40429414.18645567,146184106352.70276,-24325090425.909496,-10544911797.73362,58918.11437465277
46,2020,3,10,2,59,41.97,18200622.239,-6389014.635000001,-18071259.422,-566.2910899999999,3409.81527,-1790.30674,2020-03-10 02:59:41.970,-354573745.20630777,14986507.89370296,40049510.71891781,146189324825.40558,-24300805143.63125,-10534383987.339516,58918.12479131943
46,2020,3,10,3,14,41.97,17533649.485000003,-3273366.617,-19520148.969,-913.6443899999999,3503.74519,-1424.8289,2020-03-10 03:14:41.970,-354650958.262939,14073575.375095114,39669321.061158486,146194538536.8609,-24276519066.097244,-10523855835.127138,58918.1352079861
46,2020,3,10,3,29,41.97,16560974.513,-100634.807,-20628638.544,-1244.63472,3536.5072400000004,-1034.98831,2020-03-10 03:29:41.970,-354725649.2921188,13160547.084821997,39288847.943238094,146199747486.9455,-24252232194.030697,-10513327341.41144,58918.14562465277
46,2020,3,10,3,44,41.97,15299955.444,3073862.6610000003,-21377896.790999997,-1553.4779999999998,3507.6938,-627.71968,2020-03-10 03:44:41.970,-354797817.689675,12247429.594103327,38908094.09788919,146204951675.53577,-24227944528.154793,-10502798506.507326,58918.15604131943
46,2020,3,10,3,59,41.97,13772969.049999999,6194940.792,-21755466.165999997,-1834.82243,3418.0056900000004,-210.22952,2020-03-10 03:59:41.970,-354867462.8739864,11334229.475225164,38527062.26048234,146210151102.50812,-24203656069.19274,-10492269330.729687,58918.1664579861
46,2020,3,10,4,14,41.97,12006978.441,9208534.868999999,-21755445.745,-2083.84261,3269.2253400000004,210.14134,2020-03-10 04:14:41.970,-354934584.2859932,10420953.301457165,38145755.16899156,146215345767.73895,-24179366817.86775,-10481739814.39338,58918.17687465277
46,2020,3,10,4,29,41.97,10033021.688000001,12062653.953,-21378550.481,-2296.32089,3064.16916,626.0543200000001,2020-03-10 04:29:41.970,-354999181.3892031,9507607.646969842,37764175.563960165,146220535671.10425,-24155076774.902985,-10471209957.81323,58918.18729131943
46,2020,3,10,4,44,41.97,7885633.455999999,14708282.992,-20632048.986,-2468.71474,2806.62134,1030.30599,2020-03-10 04:44:41.970,-355061253.66969955,8594199.086751778,37382326.188466005,146225720812.48013,-24130785941.021675,-10460679761.304066,58918.1977079861
46,2020,3,10,4,59,41.97,5602212.574999999,17100217.793,-19529584.492000002,-2598.2094199999997,2501.2512899999997,1415.9543800000001,2020-03-10 04:59:41.970,-355120800.636148,7680734.196526759,37000209.788087204,146230901191.74252,-24106494316.94703,-10450149225.180658,58918.20812465277
46,2020,3,10,5,14,41.97,3222348.911,19197819.34,-18090885.782,-2682.75573,2153.51741,1776.43679,2020-03-10 05:14:41.970,-355177821.8198032,6767219.55267102,36617829.11086745,146236076808.7672,-24082201903.402252,-10439618349.75778,58918.21854131943
46,2020,3,10,5,29,41.97,787122.964,20965676.348,-16341376.743999999,-2721.09297,1769.55982,2105.67708,2020-03-10 05:29:41.970,-355232316.77451354,5853661.7321303105,36235186.907281466,146241247663.43,-24057908701.11056,-10429087135.350164,58918.2289579861
46,2020,3,10,5,44,41.97,-1661608.6660000002,22374167.314999998,-14311694.587,-2712.75744,1356.08474,2398.1811,2020-03-10 05:44:41.970,-355284285.07672787,4940067.312337212,35852285.930200376,146246413755.60657,-24033614710.79519,-10418555582.272518,58918.23937465277
46,2020,3,10,5,59,41.97,-4081929.3200000003,23399915.712,-12037127.844,-2658.0774300000003,920.24309,2649.1193900000003,2020-03-10 05:59:41.970,-355333726.3255004,4026442.8711281503,35469128.93485679,146251575085.17218,-24009319933.179363,-10408023690.839529,58918.24979131943
46,2020,3,10,6,14,41.97,-6432567.973999999,24026134.164,-9556985.953,-2558.15542,469.50553,2854.39649,2020-03-10 06:14:41.970,-355380640.14249474,3112794.9866606737,35085718.678810395,146256731652.0024,-23985024368.98633,-10397491461.365877,58918.2602079861
46,2020,3,10,6,29,41.97,-8673583.6,24242855.533000004,-6913912.625,-2414.83868,11.53646,3010.70649,2020-03-10 06:29:41.970,-355425026.1719881,2199130.237330451,34702057.92191296,146261883455.97253,-23960728018.939346,-10386958894.166199,58918.27062465277
46,2020,3,10,6,44,41.97,-10767018.228,24047050.673,-4153155.317,-2230.67926,-445.93151,3115.5750599999997,2020-03-10 06:44:41.970,-355466884.0808755,1285455.2016886212,34318149.42627353,146267030496.95755,-23936430883.76167,-10376425989.55512,58918.28104131943
46,2020,3,10,6,59,41.97,-12677509.748,23442634.251,-1321803.009,-2008.88474,-895.22053,3167.3879,2020-03-10 06:59:41.970,-355506213.55867255,371776.458358799,33933995.956223555,146272172774.8326,-23912132964.176575,-10365892747.84725,58918.2914579861
46,2020,3,10,7,14,41.97,-14372856.562,22440361.448,1531995.746,-1753.26069,-1328.8267700000001,3165.40621,2020-03-10 07:14:41.970,-355543014.31751776,-541899.4140456107,33549600.278282028,146277310289.47263,-23887834260.907368,-10355359169.357159,58918.30187465277
46,2020,3,10,7,29,41.97,-15824527.182,21057619.564,4359822.947,-1468.1460399999999,-1739.5345900000002,3109.7694699999997,2020-03-10 07:29:41.970,-355577286.09217614,-1455565.8370043186,33164965.161120508,146282443040.7525,-23863534774.677334,-10344825254.39941,58918.31229131943
46,2020,3,10,7,44,41.97,-17008108.864,19318119.528,7113778.345,-1158.34239,-2120.52457,3001.48624,2020-03-10 07:44:41.970,-355609028.6400403,-2369216.2321729134,32780093.375528138,146287571028.54675,-23839234506.209793,-10334291003.28855,58918.3227079861
46,2020,3,10,7,59,41.97,-17903690.248,17251493.215,9747253.134,-829.0382,-2465.4747,2842.4134599999998,2020-03-10 07:59:41.970,-355638241.7411311,-3282844.021465685,32394987.69437662,146292694252.73013,-23814933456.228096,-10323756416.339098,58918.33312465277
46,2020,3,10,8,14,41.97,-18496173.809,14892803.152,12215680.049,-485.72877,-2768.6537900000003,2635.2248,2020-03-10 08:14:41.970,-355664925.19810027,-4196442.627138271,32009650.89258515,146297812713.17715,-23790631625.45557,-10313221493.865551,58918.34354131943
46,2020,3,10,8,29,41.97,-18775514.702,12281971.828,14477250.283,-134.13283,-3025.00656,2383.36865,2020-03-10 08:29:41.970,-355689078.8362296,-5110005.471870536,31624085.747085307,146302926409.762,-23766329014.6156,-10302686236.1824,58918.3539579861
46,2020,3,10,8,44,41.97,-18736883.262,9463138.403,16493588.126999998,219.89359,-3230.22982,2091.01628,2020-03-10 08:44:41.970,-355710702.50343144,-6023525.978849124,31238295.03678599,146308035342.35907,-23742025624.43157,-10292150643.604095,58918.36437465277
46,2020,3,10,8,59,41.97,-18380749.112,6483951.132999999,18230374.639000002,570.44511,-3380.8390400000003,1763.0004800000002,2020-03-10 08:59:41.970,-355729796.0702485,-6936997.571850341,30852281.542538244,146313139510.84253,-23717721455.626892,-10281614716.445095,58918.37479131943
46,2020,3,10,9,14,41.97,-17712885.463999998,3394804.41,19657912.055,911.65629,-3474.22475,1404.74532,2020-03-10 09:14:41.970,-355746359.42985266,-7850413.675322626,30466048.04710001,146318238915.08633,-23693416508.924984,-10271078455.019812,58918.3852079861
46,2020,3,10,9,29,41.97,-16744292.845,248029.864,20751621.072,1237.79127,-3508.6980799999997,1022.1872400000001,2020-03-10 09:29:41.970,-355760392.498044,-8763767.714469295,30079597.335101,146323333554.9645,-23669110785.049297,-10260541859.642683,58918.39562465277
46,2020,3,10,9,44,41.97,-15491042.18,-2902948.34,21492463.489,1543.3331699999999,-3483.5246899999997,621.68822,2020-03-10 09:44:41.970,-355771895.2132486,-9677053.115331024,29692932.19300739,146328423430.35077,-23644804284.723316,-10250004930.628075,58918.40604131943
46,2020,3,10,9,59,41.97,-13974037.93,-6004483.21,21867283.147,1823.07222,-3398.9462700000004,209.94114,2020-03-10 09:59:41.970,-355780867.53651726,-10590263.304868463,29306055.409086566,146333508541.1187,-23620497008.670532,-10239467668.290382,58918.4164579861
46,2020,3,10,10,14,41.97,-12218702.814,-9003588.084999999,21869058.63,2072.1917,-3256.18873,-206.13156999999998,2020-03-10 10:14:41.970,-355787309.4515212,-11503391.711044744,28918969.773371805,146338588887.14227,-23596188957.614452,-10228930072.943962,58918.42687465277
46,2020,3,10,10,29,41.97,-10254586.629999999,-11848820.876,21497061.816,2286.35045,-3057.45633,-619.48563,2020-03-10 10:29:41.970,-355791220.964551,-12416431.76290797,28531678.07762703,146343664468.2945,-23571880132.27866,-10218392144.903156,58918.43729131943
46,2020,3,10,10,44,41.97,-8114902.809,-14491156.281,20756917.203,2461.76073,-2805.9106800000004,-1023.0675600000001,2020-03-10 10:44:41.970,-355792602.10451186,-13329376.890673494,28144183.115311332,146348735284.449,-23547570533.386677,-10207853884.4823,58918.4477079861
46,2020,3,10,10,59,41.97,-5835997.551,-16884832.095999997,19660557.922,2595.2599099999998,-2505.63402,-1409.93131,2020-03-10 10:59:41.970,-355791452.922919,-14242220.525806442,27756487.68154376,146353801335.47906,-23523260161.66215,-10197315291.9957,58918.45812465277
46,2020,3,10,11,14,41.97,-3456757.807,-18988155.18,18226075.677,2684.37445,-2161.57624,-1773.3571299999999,2020-03-10 11:14:41.970,-355787773.49389523,-15154956.101103967,27368594.57306778,146358862621.25766,-23498949017.82869,-10186776367.757675,58918.46854131943
46,2020,3,10,11,29,41.97,-1017965.818,-20764252.175,16477463.367,2727.37435,-1779.48508,-2106.9708,2020-03-10 11:29:41.970,-355781563.91416395,-16067577.050777523,26980506.58821594,146363919141.65787,-23474637102.609955,-10176237112.0825,58918.4789579861
46,2020,3,10,11,44,41.97,1438390.5159999998,-22181750.015,14444251.01,2723.31655,-1365.81991,-2404.8611300000002,2020-03-10 11:44:41.970,-355772824.30304503,-16980076.81053504,26592226.526874445,146368970896.55276,-23450324416.729633,-10165697525.284454,58918.48937465277
46,2020,3,10,11,59,41.97,3869840.613,-23215371.437999997,12161037.667000001,2672.07542,-927.6492499999999,-2661.6931400000003,2020-03-10 11:59:41.970,-355761554.8024485,-17892448.817663107,26203757.190447684,146374017885.81473,-23426010960.91147,-10155157607.677788,58918.49979131943
46,2020,3,10,12,14,41.97,6234175.285999999,-23846431.457,9666924.432,2574.35887,-472.5333,-2872.81426,2020-03-10 12:14:41.970,-355747755.57686913,-18804686.511108987,25815101.381822757,146379060109.31696,-23401696735.87918,-10144617359.576765,58918.5102079861
46,2020,3,10,12,29,41.97,8490198.316,-24063221.889,7004856.018999999,2431.70875,-8.39303,-3034.35079,2020-03-10 12:29:41.970,-355731426.81337816,-19716783.331562832,25426261.905334048,146384097566.93173,-23377381742.356575,-10134076781.295612,58918.52062465277
46,2020,3,10,12,44,41.97,10598470.938000001,-23861272.788,4220881.039,2246.4845100000002,456.63204,-3143.29165,2020-03-10 12:44:41.970,-355712568.72161835,-20628732.721539404,25037241.566727627,146389130258.5316,-23353065981.06746,-10123535873.14856,58918.53104131943
46,2020,3,10,12,59,41.97,12522033.933999998,-23243481.889,1363343.592,2021.82978,914.3344500000001,-3197.55683,2020-03-10 12:59:41.970,-355691181.5337944,-21540528.12546,24648043.17312585,146394158183.9889,-23328749452.735733,-10112994635.44981,58918.5414579861
46,2020,3,10,13,14,41.97,14227091.814,-22220105.923,-1517978.9109999998,1761.62157,1356.59453,-3196.04804,2020-03-10 13:14:41.970,-355667265.5046655,-22452162.989734504,24258669.532991745,146399181343.17572,-23304432158.085262,-10102453068.513575,58918.55187465277
46,2020,3,10,13,29,41.97,15683643.797,-20808610.855,-4372774.725000001,1470.40299,1775.53753,-3138.67956,2020-03-10 13:29:41.970,-355640820.91153795,-23363630.762842726,23869123.45609356,146404199735.9645,-23280114097.839954,-10091911172.654041,58918.56229131943
46,2020,3,10,13,44,41.97,16866047.105,-19033381.586,-7151115.031,1153.30039,2163.68809,-3026.38785,2020-03-10 13:44:41.970,-355611848.05425495,-24274924.895416517,23479407.753469147,146409213362.22702,-23255795272.723797,-10081368948.185385,58918.5727079861
46,2020,3,10,13,59,41.97,17753499.421,-16925295.332999997,-9804369.935,815.92687,2514.11805,-2861.11901,2020-03-10 13:59:41.970,-355580347.25518787,-25186038.84032084,23089525.237390496,146414222221.83533,-23231475683.460804,-10070826395.421793,58918.58312465277
46,2020,3,10,14,14,41.97,18330429.155,-14521166.541000001,-12286103.258,464.27439,2820.58349,-2645.79426,2020-03-10 14:14:41.970,-355546318.8592264,-26096966.05273582,22699478.721328028,146419226314.66116,-23207155330.77503,-10060283514.677408,58918.59354131943
46,2020,3,10,14,29,41.97,18586784.475,-11863074.676,-14552926.473,104.59710999999999,3077.64734,-2384.2539,2020-03-10 14:29:41.970,-355509763.23376775,-27007699.990237743,22309271.01991518,146424225640.57614,-23182834215.39055,-10049740306.266394,58918.6039579861
46,2020,3,10,14,44,41.97,18518214.628000002,-8997589.361,-16565293.097000001,-256.71074999999996,3280.7844,-2081.1812800000002,2020-03-10 14:44:41.970,-355470680.7687071,-27918234.11288044,21918904.94891277,146429220199.45187,-23158512338.031487,-10039196770.502895,58918.61437465277
46,2020,3,10,14,59,41.97,18126139.918,-5974910.003,-18288216.451,-613.23962,3426.46602,-1742.0089400000002,2020-03-10 14:59:41.970,-355429071.87642527,-28828561.883276816,21528383.325173393,146434209991.15985,-23134189699.42204,-10028652907.701044,58918.62479131943
46,2020,3,10,15,14,41.97,17417709.626,-2847939.044,-19691895.835,-958.68843,3512.2226,-1372.80942,2020-03-10 15:14:41.970,-355384936.99177825,-29738676.766679622,21137708.966605905,146439195015.57156,-23109866300.28643,-10018108718.174973,58918.6352079861
46,2020,3,10,15,29,41.97,16405650.000000002,328690.61699999997,-20752238.759,-1286.9845,3536.68285,-980.17404,2020-03-10 15:29:41.970,-355338276.5720844,-30648572.231062762,20746884.69213977,146444175272.558,-23085542141.348877,-10007564202.238796,58918.64562465277
46,2020,3,10,15,44,41.97,15108007.152,3499612.869,-21451269.785,-1592.39673,3499.58934,-571.08269,2020-03-10 15:44:41.970,-355289091.09711236,-31558241.747202106,20355913.321689505,146449150761.99045,-23061217223.333748,-9997019360.206638,58918.65604131943
46,2020,3,10,15,59,41.97,13547792.141,6609729.163,-21777419.558000002,-1869.6394400000001,3401.7909099999997,-152.76836999999998,2020-03-10 15:59:41.970,-355237381.0690684,-32467678.78875638,19964797.676119134,146454121483.73993,-23036891546.965355,-9986474192.392595,58918.6664579861
46,2020,3,10,16,14,41.97,11752537.548,9605192.35,-21725690.729999997,-2113.96485,3245.2129,267.42038,2020-03-10 16:14:41.970,-355183147.01258224,-33376876.832348004,19573540.57720652,146459087437.6773,-23012565112.968136,-9975928699.11079,58918.67687465277
46,2020,3,10,16,29,41.97,9753776.548,12434354.402999999,-21297700.451,-2321.24264,3032.80693,682.15567,2020-03-10 16:29:41.970,-355126389.4746945,-34285829.35764362,19182144.847607855,146464048623.67337,-22988237922.06652,-9965382880.6753,58918.68729131943
46,2020,3,10,16,44,41.97,7586456.683,15048660.484,-20501601.871999998,-2488.02534,2768.4823,1084.26245,2020-03-10 16:44:41.970,-355067109.0248414,-35194529.84743465,18790613.310822107,146469005041.59882,-22963909974.98502,-9954836737.40022,58918.6977079861
46,2020,3,10,16,59,41.97,5288301.345,17403473.913000003,-19351889.616,-2611.59906,2457.02144,1466.84383,2020-03-10 16:59:41.970,-355005306.2548412,-36102971.78771778,18398948.79115533,146473956691.32437,-22939581272.448193,-9944290269.59964,58918.70812465277
46,2020,3,10,17,14,41.97,2899132.357,19458818.833,-17869096.301000003,-2690.0192399999996,2103.98202,1823.39751,2020-03-10 17:14:41.970,-354940981.77887857,-37011148.66777521,18007154.113685235,146478903572.7203,-22915251815.180637,-9933743477.587645,58918.71854131943
46,2020,3,10,17,29,41.97,460167.057,21180029.766,-16079388.954,-2722.13157,1715.58836,2147.92153,2020-03-10 17:29:41.970,-354874136.23348844,-37919053.980255015,17615232.104225513,146483845685.657,-22890921603.90701,-9923196361.67831,58918.7289579861
46,2020,3,10,17,44,41.97,-1986697.021,22538299.654,-14014075.549999999,-2707.57878,1298.61489,2435.0080900000003,2020-03-10 17:44:41.970,-354804770.2775417,-38826681.221250996,17223185.589290366,146488783030.0049,-22866590639.352036,-9912648922.185719,58918.73937465277
46,2020,3,10,17,59,41.97,-4399597.348999999,23511120.310999997,-11709032.909,-2646.7937199999997,860.26401,2679.92439,2020-03-10 17:59:41.970,-354732884.5922277,-39734023.890382744,16831017.396058906,146493715605.63403,-22842258922.240463,-9902101159.423923,58918.74979131943
46,2020,3,10,18,14,41.97,-6737409.724,24082611.448,-9204067.824,-2540.98003,408.04095,2878.6800399999997,2020-03-10 18:14:41.970,-354658479.88103724,-40641075.49087558,16438730.3523397,146498643412.4145,-22817926453.297115,-9891553073.70701,58918.7602079861
46,2020,3,10,18,29,41.97,-8960428.871,24243736.43,-6542223.67,-2392.0811999999996,-50.37238,3028.08084,2020-03-10 18:29:41.970,-354581556.86974657,-41547829.529640116,16046327.286535174,146503566450.2161,-22793593233.24689,-9881004665.349045,58918.77062465277
46,2020,3,10,18,44,41.97,-11031016.469,23992404.789,-3769044.793,-2202.73929,-507.24267000000003,3125.76884,2020-03-10 18:44:41.970,-354502116.3063988,-42454279.51735203,15653811.02760611,146508484718.90875,-22769259262.81469,-9870455934.66409,58918.78104131943
46,2020,3,10,18,59,41.97,-12914207.824,23333463.085,-931810.902,-1976.2445,-954.9077599999999,3170.2489699999996,2020-03-10 18:59:41.970,-354420158.9612857,-43360418.96853133,15261184.405036183,146513398218.36212,-22744924542.725544,-9859906881.96621,58918.7914579861
46,2020,3,10,19,14,41.97,-14578269.399999999,22278577.123,1921246.666,-1716.4766300000001,-1385.8953000000001,3160.9027699999997,2020-03-10 19:14:41.970,-354335685.6269303,-44266241.401621774,14868450.24879652,146518306948.44592,-22720589073.70447,-9849357507.569471,58918.80187465277
46,2020,3,10,19,29,41.97,-15995200.475,20846009.687000003,4741735.273999999,-1427.83959,-1793.03609,3097.98946,2020-03-10 19:29:41.970,-354248697.1180666,-45171740.33907014,14475611.38931009,146523210909.02963,-22696252856.47662,-9838807811.787931,58918.81229131943
46,2020,3,10,19,44,41.97,-17141173.121,19060298.942,7481886.916999999,-1115.1899899999999,-2169.57133,2982.63509,2020-03-10 19:44:41.970,-354159194.27162147,-46076909.30740522,14082670.657416414,146528110099.98248,-22671915891.767128,-9828257794.935654,58918.8227079861
46,2020,3,10,19,59,41.97,-17996905.612,16951843.493,10095329.207,-783.7607899999999,-2509.2527,2816.8103699999997,2020-03-10 19:59:41.970,-354067177.9466938,-46981741.837316684,13689630.884336082,146533004521.17404,-22647578180.301258,-9817707457.32671,58918.83312465277
46,2020,3,10,20,14,41.97,-18547965.165000003,14556400.775,12537831.439,-439.08075,-2806.4347000000002,2603.2975,2020-03-10 20:14:41.970,-353972649.0245356,-47886231.46373391,13296494.901635302,146537894172.47314,-22623239722.804287,-9807156799.27515,58918.84354131943
46,2020,3,10,20,29,41.97,-18784996.703,11914506.076,14768016.209999999,-86.8907,-3056.15864,2345.64687,2020-03-10 20:29:41.970,-353875608.40853,-48790371.72590483,12903265.541190527,146542779053.74918,-22598900520.001587,-9796605821.09505,58918.8539579861
46,2020,3,10,20,44,41.97,-18703874.996999998,9070820.038,16748027.547999999,266.94286999999997,-3254.22746,2048.12385,2020-03-10 20:44:41.970,-353776057.02417094,-49694156.16747393,12509945.63515317,146547659164.87088,-22574560572.61859,-9786054523.100471,58918.86437465277
46,2020,3,10,20,59,41.97,-18305778.205,6073413.042,18444146.932,616.5159500000001,-3397.27106,1715.64622,2020-03-10 20:59:41.970,-353673995.8190419,-50597578.33656108,12116538.015914094,146552534505.70728,-22550219881.380787,-9775502905.605492,58918.87479131943
46,2020,3,10,21,14,41.97,-17597181.497,2972995.4250000003,19827348.975,955.97637,-3482.80125,1353.7127600000001,2020-03-10 21:14:41.970,-353569425.7627939,-51500631.78583954,11723045.516068447,146557405076.12708,-22525878447.013718,-9764950968.924166,58918.8852079861
46,2020,3,10,21,29,41.97,-16589770.072999999,-177896.916,20873788.939,1279.61339,-3509.2558,968.32323,2020-03-10 21:29:41.970,-353462347.84712297,-52403310.07261395,11329470.968380293,146562270875.99884,-22501536270.243034,-9754398713.370571,58918.89562465277
46,2020,3,10,21,44,41.97,-15300271.604,-3325751.35,21565214.624,1581.94703,-3476.03078,565.89042,2020-03-10 21:44:41.970,-353352763.0857474,-53305606.7588983,10935817.2057473,146567131905.19122,-22477193351.794422,-9743846139.258793,58918.90604131943
46,2020,3,10,21,59,41.97,-13750208.88,-6416950.829,21889295.648,1857.81595,-3383.50031,153.14463,2020-03-10 21:59:41.970,-353240672.5143856,-54207515.41149359,10542087.061165603,146571988163.57257,-22452849692.393654,-9733293246.902905,58918.9164579861
46,2020,3,10,22,14,41.97,-11965574.338,-9398658.07,21839863.639,2102.46295,-3233.02297,-262.96866,2020-03-10 22:14:41.970,-353126077.1907308,-55109029.6020655,10148283.367694493,146576839651.01147,-22428505292.766544,-9722740036.616999,58918.92687465277
46,2020,3,10,22,29,41.97,-9976429.098000001,-12219699.102,21417057.542999998,2311.617,-3026.93388,-675.3972,2020-03-10 22:29:41.970,-353008978.19442946,-56010142.90722165,9754408.958421236,146581686367.37585,-22404160153.639023,-9712186508.715157,58918.93729131943
46,2020,3,10,22,44,41.97,-7816430.3040000005,-14831432.968999999,20627369.059,2481.57033,-2768.52171,-1077.0952499999999,2020-03-10 22:44:41.970,-352889376.6270542,-56910848.90858904,9360466.666425977,146586528312.5339,-22379814275.737053,-9701632663.511473,58918.9477079861
46,2020,3,10,22,59,41.97,-5522291.811,-17188593.626000002,19483584.327,2609.24922,-2461.9897499999997,-1461.14062,2020-03-10 22:59:41.970,-352767273.61208177,-57811141.19289094,8966459.32474655,146591365486.35376,-22355467659.78669,-9691078501.320051,58918.95812465277
46,2020,3,10,23,14,41.97,-3133184.634,-19250089.48,18004619.243,2692.27673,-2112.4006600000002,-1820.85373,2020-03-10 23:14:41.970,-352642670.29486585,-58711013.352023944,8572389.766343389,146596197888.7033,-22331120306.514053,-9680524022.454998,58918.96854131943
46,2020,3,10,23,29,41.97,-690085.124,-20979745.68,16215247.432,2729.02591,-1725.60449,-2149.91675,2020-03-10 23:29:41.970,-352515567.84261256,-59610458.98313458,8178260.824064496,146601025519.4504,-22306772216.645348,-9669969227.230417,58918.9789579861
46,2020,3,10,23,44,41.97,1764919.685,-22346974.146,14145721.746,2718.66144,-1308.15013,-2442.49066,2020-03-10 23:44:41.970,-352385967.44435465,-60509471.68869593,7784075.330610399,146605848378.46262,-22282423390.90685,-9659414115.96043,58918.98937465277
46,2020,3,10,23,59,41.97,4189358.5199999996,-23327356.646,11831292.300999999,2661.16837,-867.18076,-2693.32764,2020-03-10 23:59:41.970,-352253870.3109239,-61408045.07658415,7389836.118499157,146610666465.60767,-22258073830.024906,-9648858688.95916,58918.99979131943
46,2020,3,11,0,14,41.97,6541122.914,-23903126.137,9311624.178,2557.36622,-410.31422000000003,-2897.87639,2020-03-11 00:14:41.970,-352119277.67492527,-62306172.760154486,6995546.020031386,146615479780.7531,-22233723534.725967,-9638302946.540741,58919.0102079861
46,2020,3,11,0,29,41.97,8779213.614,-24063538.536,6630136.1450000005,2408.9069,54.48889,-3052.37602,2020-03-11 00:29:41.970,-351982190.7907102,-63203848.35831736,6601207.867255362,146620288323.7661,-22209372505.736504,-9627746889.019314,58919.02062465277
46,2020,3,11,0,44,41.97,10864490.252,-23805112.335,3833237.652,2218.25665,519.06975,-3153.93934,2020-03-11 00:44:41.970,-351842610.934348,-64101065.49561436,6206824.491932138,146625092094.5144,-22185020743.783134,-9617190516.709017,58919.03104131943
46,2020,3,11,0,59,41.97,12760384.333,-23131742.574,969520.597,1988.6598099999999,975.22229,-3200.6180799999997,2020-03-11 00:59:41.970,-351700539.4035983,-64997817.802293636,5812398.725500695,146629891092.86487,-22160668249.59251,-9606633829.924023,58919.0414579861
46,2020,3,11,1,14,41.97,14433578.248,-22054672.488,-1911111.009,1724.086,1414.84948,-3191.45111,2020-03-11 01:14:41.970,-351555977.517883,-65894098.91438574,5417933.399043169,146634685318.68472,-22136315023.89138,-9596076828.97849,58919.05187465277
46,2020,3,11,1,29,41.97,15854627.917,-20592324.606,-4758343.669,1429.16055,1830.12039,-3126.49249,2020-03-11 01:29:41.970,-351408926.61825687,-66789902.47377859,5023431.343250031,146639474771.84094,-22111961067.406597,-9585519514.186594,58919.06229131943
46,2020,3,11,1,44,41.97,16998515.893,-18769991.651,-7522372.662,1109.0797699999998,2213.62402,-3006.8180500000003,2020-03-11 01:44:41.970,-351259388.0673788,-67685222.1282928,4628895.388385437,146644259452.20047,-22087606380.865044,-9574961885.86251,58919.0727079861
46,2020,3,11,1,59,41.97,17845122.005000003,-16619391.938000001,-10154816.318,769.51282,2558.51588,-2834.50985,2020-03-11 01:59:41.970,-351107363.2494828,-68580051.5317564,4234328.364252527,146649039359.62994,-22063250964.99373,-9564403944.320452,58919.08312465277
46,2020,3,11,2,14,41.97,18379600.474999998,-14178097.63,-12609606.361,416.49244000000004,2858.65333,-2612.61863,2020-03-11 02:14:41.970,-350952853.57034653,-69474384.34407991,3839733.100158784,146653814493.99637,-22038894820.51975,-9553845689.874607,58919.09354131943
46,2020,3,11,2,29,41.97,18592654.794999998,-11488847.647,-14843834.766,56.297489999999996,3108.7159899999997,-2345.1049199999998,2020-03-11 02:29:41.970,-350795860.4572628,-70368214.23133035,3445112.424881446,146658584855.16608,-22014537948.170246,-9543287122.839205,58919.1039579861
46,2020,3,11,2,44,41.97,18480704.263,-8598760.09,-16818538.623,-304.66981999999996,3304.3081399999996,-2036.76047,2020-03-11 02:44:41.970,-350636385.3590073,-71261534.86580598,3050469.1666330467,146663350443.00586,-21990180348.672478,-9532728243.528473,58919.11437465277
46,2020,3,11,2,59,41.97,18045938.944000002,-5558461.61,-18499406.193,-660.00856,3442.04052,-1693.11212,2020-03-11 02:59:41.970,-350474429.7458087,-72154339.92611013,2655806.153026853,146668111257.38184,-21965822022.753788,-9522169052.256641,58919.12479131943
46,2020,3,11,3,14,41.97,17296262.709,-2421153.134,-19857389.525,-1003.4426100000001,3519.58977,-1320.31078,2020-03-11 03:14:41.970,-350309995.1093163,-73046623.0972256,2261126.2110424,146672867298.1605,-21941462971.141613,-9511609549.337975,58919.1352079861
46,2020,3,11,3,29,41.97,16245126.875,758367.433,-20869211.674999997,-1328.93979,3535.73444,-925.0087299999999,2020-03-11 03:29:41.970,-350143082.9625688,-73938378.0705878,1866432.1669912,146677618565.208,-21917103194.56348,-9501049735.086731,58919.14562465277
46,2020,3,11,3,44,41.97,14911259.605999999,3924704.29,-21517759.462,-1630.8238900000001,3490.3674300000002,-514.2285800000001,2020-03-11 03:44:41.970,-349973694.8399614,-74829598.54415852,1471726.8464823083,146682365058.3906,-21892742693.746964,-9490489609.817188,58919.15604131943
46,2020,3,11,3,59,41.97,13318298.66,7022863.540999999,-21792355.790000003,-1903.87707,3384.48531,-95.22724000000001,2020-03-11 03:59:41.970,-349801832.29721415,-75720278.22249925,1077013.0743881473,146687106777.57407,-21868381469.419807,-9479929173.843647,58919.1664579861
46,2020,3,11,4,14,41.97,11494337.026999999,9999233.383000001,-21688908.646,-2143.43073,3220.15565,324.64157,2020-03-11 04:14:41.970,-349627496.9113378,-76610410.81684433,682293.6748101397,146691843722.6245,-21844019522.309746,-9469368427.480404,58919.17687465277
46,2020,3,11,4,29,41.97,9471392.643,12802525.69,-21209936.821,-2345.44315,3000.46422,738.06323,2020-03-11 04:29:41.970,-349450690.2806014,-77499990.04517359,287571.47104464454,146696575893.40765,-21819656853.144714,-9458807371.041784,58919.18729131943
46,2020,3,11,4,44,41.97,7284814.534,15384661.727999998,-20364475.196,-2506.563,2729.4440400000003,1137.89354,2020-03-11 04:44:41.970,-349271414.0244975,-78389009.63228542,-107150.71445127115,146701303289.7894,-21795293462.652645,-9448246004.842112,58919.1977079861
46,2020,3,11,4,59,41.97,4972638.447000001,17701586.836,-19167864.828,-2624.17799,2411.98887,1517.28297,2020-03-11 04:59:41.970,-349089669.78370947,-79277463.30986877,-501870.06009380147,146706025911.63516,-21770929351.56164,-9437684329.195757,58919.20812465277
46,2020,3,11,5,14,41.97,2574905.392,19714001.185000002,-17641435.198,-2696.4486399999996,2053.75374,1869.79176,2020-03-11 05:14:41.970,-348905459.2200755,-80165344.81657563,-896583.7452064825,146710743758.81076,-21746564520.599854,-9427122344.417068,58919.21854131943
46,2020,3,11,5,29,41.97,132956.467,21387996.143,-15812087.686,-2722.3273200000003,1661.04503,2189.49406,2020-03-11 05:29:41.970,-348718784.016555,-81052647.89809313,-1291288.9500541005,146715456831.18137,-21722198970.49554,-9416560050.820433,58919.2289579861
46,2020,3,11,5,44,41.97,-2311283.003,22695588.141,-13711790.641999999,-2701.5630499999997,1240.7030699999998,2471.07006,2020-03-11 05:44:41.970,-348529645.8771924,-81939366.30721502,-1685982.8558766618,146720165128.61252,-21697832701.97705,-9405997448.720253,58919.23937465277
46,2020,3,11,5,59,41.97,-4716017.584,23615144.307,-11376997.416,-2634.6929499999997,799.97945,2709.88499,2020-03-11 05:59:41.970,-348338046.52708185,-82825493.80391361,-2080662.6449230965,146724868650.96945,-21673465715.77285,-9395434538.430931,58919.24979131943
46,2020,3,11,6,14,41.97,-7040282.471000001,24131696.268,-8847999.28,-2523.02126,346.41155000000003,2902.05467,2020-03-11 06:14:41.970,-348143987.71233183,-83711024.15541084,-2475325.5004852097,146729567398.11734,-21649098012.6115,-9384871320.266907,58919.2602079861
46,2020,3,11,6,29,41.97,-9244620.128,24237140.592,-6168225.518999999,-2368.58695,-112.30357000000001,3044.49741,2020-03-11 06:29:41.970,-347947471.20002764,-84595951.13624947,-2869968.6069312566,146734261369.9211,-21624729593.221626,-9374307794.542622,58919.27062465277
46,2020,3,11,6,44,41.97,-11291723.126999998,23930326.077000003,-3383502.997,-2174.1211900000003,-568.43419,3134.9722,2020-03-11 06:44:41.970,-347748498.7781962,-85480268.5283639,-3264589.1497396175,146738950566.246,-21600360458.33201,-9363743961.572554,58919.28104131943
46,2020,3,11,6,59,41.97,-13147034.530000001,23217029.716000002,-541287.37,-1942.99571,-1014.3361099999998,3172.1035699999998,2020-03-11 06:59:41.970,-347547072.25576776,-86363970.12115104,-3659184.3155324548,146743634986.95676,-21575990608.671486,-9353179821.671186,58919.2914579861
46,2020,3,11,7,14,41.97,-14779298.191,22109824.498000003,2310122.2010000004,-1679.16336,-1442.5705799999998,3155.39345,2020-03-11 07:14:41.970,-347343193.4625389,-87247049.71154061,-4053751.2921091756,146748314631.91824,-21551620044.969013,-9342615375.153025,58919.30187465277
46,2020,3,11,7,29,41.97,-16161052.35,20627843.368,5122373.388,-1387.0917,-1846.01692,3085.22067,2020-03-11 07:29:41.970,-347136864.2491354,-88129501.10406515,-4448287.268479914,146752989500.99512,-21527248767.95365,-9332050622.33258,58919.31229131943
46,2020,3,11,7,44,41.97,-17269060.876,18796444.612,7847845.15,-1071.69099,-2217.97885,2962.8284400000002,2020-03-11 07:44:41.970,-346928086.4869726,-89011318.11093032,-4842789.434898927,146757659594.0521,-21502876778.354553,-9321485563.524403,58919.3227079861
46,2020,3,11,7,59,41.97,-18084677.348,16646784.769999998,10440415.83,-738.2371599999999,-2552.28354,2790.30064,2020-03-11 07:59:41.970,-346716862.0682188,-89892494.55208415,-5237254.982897848,146762324910.95358,-21478504076.90098,-9310920199.043055,58919.33312465277
46,2020,3,11,8,14,41.97,-18594138.026,14215305.834,12856205.0,-392.29089,-2843.37288,2570.52727,2020-03-11 08:14:41.970,-346503192.90575504,-90773024.25528717,-5631681.105319127,146766985451.5641,-21454130664.322323,-9300354529.203115,58919.34354131943
46,2020,3,11,8,29,41.97,-18788780.463999998,11543144.121,15054279.581999999,-39.61347,-3086.3862000000004,2307.15972,2020-03-11 08:29:41.970,-346287080.93313676,-91652901.0561809,-6026064.996348983,146771641215.74805,-21429756541.348038,-9289788554.319195,58919.3539579861
46,2020,3,11,8,44,41.97,-18665185.243,8675468.724,16997315.292,313.91983,-3277.23391,2004.55628,2020-03-11 08:44:41.970,-346068528.10455376,-92532118.79835743,-6420403.851550685,146776292203.3695,-21405381708.70771,-9279222274.705912,58919.36437465277
46,2020,3,11,8,59,41.97,-18225238.921,5660758.035,18652204.837,662.40806,-3412.66143,1667.71837,2020-03-11 08:59:41.970,-345847536.3947907,-93410671.33342783,-6814694.867897559,146780938414.29297,-21381006167.13103,-9268655690.67791,58919.37479131943
46,2020,3,11,9,14,41.97,-17476116.966000002,2550023.3370000003,19990604.692,1000.01396,-3490.30273,1302.21791,2020-03-11 09:14:41.970,-345624107.7991869,-94288552.5210908,-7208935.243805996,146785579848.38226,-21356629917.347805,-9258088802.549862,58919.3852079861
46,2020,3,11,9,29,41.97,-16430186.084,-604010.8840000001,20989412.697,1321.0536299999999,-3508.72284,914.1162499999999,2020-03-11 09:29:41.970,-345398244.3335953,-95165756.2292007,-7603122.1791682085,146790216505.50153,-21332252960.087914,-9247521610.636463,58919.39562465277
46,2020,3,11,9,44,41.97,-15104826.04,-3747759.6520000002,21631169.064999998,1620.0855999999999,-3467.4486,509.87517,2020-03-11 09:44:41.970,-345169948.0343423,-96042276.33383599,-7997252.875385307,146794848385.5146,-21307875296.081394,-9236954115.252417,58919.40604131943
46,2020,3,11,9,59,41.97,-13522171.886,-6827652.2020000005,21904373.884,1891.99847,-3366.98669,96.26039999999999,2020-03-11 09:59:41.970,-344939220.95818615,-96918106.71936645,-8391324.535399823,146799475488.2853,-21283496926.058372,-9226386316.712456,58919.4164579861
46,2020,3,11,10,14,41.97,-11708778.358,-9791016.937,21803714.707,2132.09604,-3208.82815,-319.76157,2020-03-11 10:14:41.970,-344706065.182276,-97793241.27852097,-8785334.363728488,146804097813.67758,-21259117850.74909,-9215818215.331347,58919.42687465277
46,2020,3,11,10,29,41.97,-9695209.224,-12586964.042,21330198.540000003,2336.17873,-2995.43856,-731.13265,2020-03-11 10:29:41.970,-344470482.8041083,-98667673.91245496,-9179279.56649495,146808715361.55487,-21234738070.883873,-9205249811.423866,58919.43729131943
46,2020,3,11,10,44,41.97,-7515555.529,-15167252.436,20491183.354000002,2500.61995,-2730.23293,-1130.81699,2020-03-11 10:44:41.970,-344232475.9414872,-99541398.53081694,-9573157.351462107,146813328131.78085,-21210357587.1932,-9194681105.30483,58919.4477079861
46,2020,3,11,10,59,41.97,-5206887.941,-17487126.990000002,19300305.397,2622.43592,-2417.53462,-1511.91848,2020-03-11 10:59:41.970,-343992046.73247963,-100414409.05181536,-9966964.928064588,146817936124.21906,-21185976400.40765,-9184112097.289062,58919.45812465277
46,2020,3,11,11,14,41.97,-2808649.833,-19506111.421,17777299.897,2699.3472500000003,-2062.51782,-1867.79988,2020-03-11 11:14:41.970,-343749197.3353741,-101286699.40228517,-10360699.507441262,146822539338.73285,-21161594511.25792,-9173542787.691412,58919.46854131943
46,2020,3,11,11,29,41.97,-361999.24,-21188741.881,15947714.391999999,2729.8306700000003,-1671.1333200000001,-2192.20187,2020-03-11 11:29:41.970,-343503929.9286366,-102158263.51775429,-10754358.302467449,146827137775.18555,-21137211920.474796,-9162973176.826773,58919.4789579861
46,2020,3,11,11,44,41.97,2090890.633,-22505226.266000003,13842515.853,2713.15912,-1250.01774,-2479.35969,2020-03-11 11:44:41.970,-343256246.71086746,-103029095.34250896,-11147938.527787087,146831731433.44046,-21112828628.789215,-9152403265.010044,58919.48937465277
46,2020,3,11,11,59,41.97,4507561.109,-23432014.614,11497594.93,2649.42857,-806.38682,-2724.11463,2020-03-11 11:59:41.970,-343006149.90075713,-103899188.82965977,-11541437.399844885,146836320313.3606,-21088444636.932217,-9141833052.556164,58919.49979131943
46,2020,3,11,12,14,41.97,6846015.325,-23952266.757000003,8953173.04,2539.5699999999997,-347.91411,-2922.01798,2020-03-11 12:14:41.970,-342753641.7370426,-104768537.94120707,-11934852.136918472,146840904414.8092,-21064059945.634956,-9131262539.78009,58919.5102079861
46,2020,3,11,12,29,41.97,9065469.192,-24056204.78,6253120.549000001,2385.34544,117.40339,-3069.4242,2020-03-11 12:29:41.970,-342498724.4784628,-105637136.64810608,-12328179.9591502,146845483737.6493,-21039674555.62871,-9120691726.996807,58919.52062465277
46,2020,3,11,12,44,41.97,11127091.22,-23741339.647,3444196.847,2189.3270399999997,581.39003,-3163.57082,2020-03-11 12:44:41.970,-342241400.4037137,-106504978.93033178,-12721418.088579157,146850058281.74365,-21015288467.64485,-9110120614.521326,58919.53104131943
46,2020,3,11,12,59,41.97,12994715.786999999,-23012563.83,575225.593,1954.8590100000001,1035.84398,-3202.6422000000002,2020-03-11 12:59:41.970,-341981671.81140286,-107372058.77694343,-13114563.749172913,146854628046.95517,-20990901682.41493,-9099549202.668697,58919.5414579861
46,2020,3,11,13,14,41.97,14635514.357,-21882104.615,-2303779.335,1686.0022800000002,1472.69373,-3185.81498,2020-03-11 13:14:41.970,-341719541.02000475,-108238370.18614897,-13507614.166859206,146859193033.14682,-20966514200.670567,-9088977491.753979,58919.55187465277
46,2020,3,11,13,29,41.97,16020609.516,-20369336.061,-5142519.75,1387.4629599999998,1884.15502,-3113.28315,2020-03-11 13:29:41.970,-341455010.36781436,-109103907.16536914,-13900566.569557624,146863753240.1809,-20942126023.1435,-9078405482.092276,58919.56229131943
46,2020,3,11,13,44,41.97,17125617.662,-18500451.163999997,-7891332.067000001,1064.50558,2262.88392,-2986.2616900000003,2020-03-11 13:44:41.970,-341188082.21290207,-109968663.73130117,-14293418.18721114,146868308667.9204,-20917737150.565636,-9067833173.998705,58919.5727079861
46,2020,3,11,13,59,41.97,17931107.623,-16307999.418,-10502099.479,722.8534,2602.12215,-2806.96798,2020-03-11 13:59:41.970,-340918758.9330661,-110832633.90998235,-14686166.251817506,146872859316.22772,-20893347583.66895,-9057260567.788437,58919.58312465277
46,2020,3,11,14,14,41.97,18422964.472,-13830298.622,-12929137.492,368.57788000000005,2895.83061,-2578.5812199999996,2020-03-11 14:14:41.970,-340647042.9257872,-111695811.73685339,-15078807.997460686,146877405184.9652,-20868957323.185585,-9046687663.776644,58919.59354131943
46,2020,3,11,14,29,41.97,18592650.130000003,-11110733.165,-15130033.353999998,7.98033,3138.80757,-2305.18078,2020-03-11 14:29:41.970,-340372936.6081809,-112558191.25682096,-15471340.660342079,146881946273.9954,-20844566369.84779,-9036114462.278536,58919.6039579861
46,2020,3,11,14,44,41.97,18437355.049000002,-8196954.033,-17066421.086999997,-352.53123,3326.78837,-1991.66507,2020-03-11 14:44:41.970,-340096442.4169503,-113419766.52432087,-15863761.478811776,146886482583.18048,-20820174724.38792,-9025540963.609371,58919.61437465277
46,2020,3,11,14,59,41.97,17960038.134,-5139998.295,-18704675.546,-706.56678,3456.52435,-1643.6532100000002,2020-03-11 14:59:41.970,-339817562.80833876,-114280531.60338016,-16256067.693399498,146891014112.38275,-20795782387.538494,-9014967168.084414,58919.62479131943
46,2020,3,11,15,14,41.97,17169354.945,-1993347.6570000001,-20016511.259999998,-1047.87733,3525.83909,-1267.37217,2020-03-11 15:14:41.970,-339536300.2580828,-115140480.56767939,-16648256.546845844,146895540861.46432,-20771389360.03213,-9004393076.01896,58919.6352079861
46,2020,3,11,15,29,41.97,16079477.062,1188053.152,-20979474.444,-1370.4732,3533.66134,-869.53284,2020-03-11 15:29:41.970,-339252657.26136243,-115999607.50061436,-17040325.284132987,146900062830.28723,-20746995642.601578,-8993818687.728374,58919.64562465277
46,2020,3,11,15,44,41.97,14709808.143000001,4348796.901,-21577319.561,-1668.73495,3480.03418,-457.19799,2020-03-11 15:44:41.970,-338966636.33275425,-116857906.49535763,-17432271.152515553,146904580018.71368,-20722601235.97972,-8983244003.528,58919.65604131943
46,2020,3,11,15,59,41.97,13084604.496,7434012.308999999,-21800264.873,-1937.51426,3366.10137,-37.645900000000005,2020-03-11 15:59:41.970,-338678240.0061818,-117715371.65491995,-17824091.4015514,146909092426.6054,-20698206140.899586,-8972669023.73325,58919.6664579861
46,2020,3,11,16,14,41.97,11232509.997,10390340.222000001,-21645124.503,-2172.22308,3194.0718,381.76707,2020-03-11 16:14:41.970,-338387470.8348673,-118571997.092211,-18215783.283132188,146913600053.82434,-20673810358.094296,-8962093748.65956,58919.67687465277
46,2020,3,11,16,29,41.97,9186016.69,13166868.745,-21115317.455000002,-2368.90943,2967.16415,793.74199,2020-03-11 16:29:41.970,-338094331.3912818,-119427776.93010034,-18607344.05151399,146918102900.23236,-20649413888.29712,-8951518178.62238,58919.68729131943
46,2020,3,11,16,44,41.97,6980863.528,15716010.329,-20220756.775999997,-2524.31896,2689.53362,1191.1678100000001,2020-03-11 16:44:41.970,-337798824.2670964,-120282705.30147761,-18998770.963347606,146922600965.69104,-20625016732.241455,-8940942313.937214,58919.6977079861
46,2020,3,11,16,59,41.97,4655386.408000001,17994305.936,-18977624.395,-2635.9415799999997,2366.1836,1567.24451,2020-03-11 16:59:41.970,-337500952.0731316,-121136776.34931277,-19390061.27770903,146927094250.062,-20600618890.66085,-8930366154.919601,58919.70812465277
46,2020,3,11,17,14,41.97,2249832.911,19963143.711,-17408039.27,-2702.04325,2002.86448,1915.5967899999998,2020-03-11 17:14:41.970,-337200717.439308,-121989984.22671568,-19781212.25612955,146931582753.207,-20576220364.28895,-8919789701.885109,58919.71854131943
46,2020,3,11,17,29,41.97,-194344.903,21589382.012,-15539628.094,-2721.68304,1605.9626799999999,2230.37664,2020-03-11 17:29:41.970,-336898123.0145951,-122842323.09699605,-20172221.162626106,146936066474.9875,-20551821153.859585,-8909212955.149319,58919.7289579861
46,2020,3,11,17,44,41.97,-2635206.688,22845869.007,-13405009.110000001,-2694.71616,1182.3822799999998,2506.35372,2020-03-11 17:44:41.970,-336593171.46696186,-123693787.13372222,-20563085.263731148,146940545415.2649,-20527421260.10664,-8898635915.027874,58919.73937465277
46,2020,3,11,17,59,41.97,-5031036.643999999,23711853.399,-11041200.47,-2621.78362,739.4218,2738.99255,2020-03-11 17:59:41.970,-336285865.48332447,-124544370.52078035,-20953801.82852271,146945019573.90054,-20503020683.764214,-8888058581.836452,58919.74979131943
46,2020,3,11,18,14,41.97,-7341041.484999999,24173282.984,-8488965.17,-2504.2897000000003,284.64854,2924.5161999999996,2020-03-11 18:14:41.970,-335976207.76949686,-125394067.45243286,-21344368.12865411,146949488950.75568,-20478619425.566498,-8877480955.890749,58919.7602079861
46,2020,3,11,18,29,41.97,-9526022.945,24222989.744,-5792104.842,-2344.36812,-174.22756,3059.9562699999997,2020-03-11 18:29:41.970,-335664201.0501371,-126242872.13337703,-21734781.438383866,146953953545.69186,-20454217486.247807,-8866903037.506498,58919.77062465277
46,2020,3,11,18,44,41.97,-11549015.271,23860761.933999997,-2996714.715,-2144.83822,-629.47862,3143.18921,2020-03-11 18:44:41.970,-335349848.0686978,-127090778.7788031,-22125039.03460528,146958413358.56985,-20429814866.54264,-8856324826.999483,58919.78104131943
46,2020,3,11,18,59,41.97,-13375879.175,23093305.185000002,-150411.884,-1909.15222,-1073.48054,3172.95939,2020-03-11 18:59:41.970,-335033151.587373,-127937781.61445136,-22515138.196875934,146962868389.25113,-20405411567.185604,-8845746324.685518,58919.7914579861
46,2020,3,11,19,14,41.97,-14975844.777,21934095.967,2698451.31,-1641.3348,-1498.83024,3148.8892100000003,2020-03-11 19:14:41.970,-334714114.38704616,-128783874.87667046,-22905076.20744717,146967318637.5965,-20381007588.911438,-8835167530.880447,58919.80187465277
46,2020,3,11,19,29,41.97,-16321997.044,20403131.851,5501577.421,-1345.9159300000001,-1898.45757,3071.47688,2020-03-11 19:29:41.970,-334392739.2672379,-129629052.81247382,-23294850.351293482,146971764103.46707,-20356602932.45503,-8824588445.900148,58919.81229131943
46,2020,3,11,19,44,41.97,-17391698.204,18526584.006,8211506.654999999,-1027.8581,-2265.73058,2942.08235,2020-03-11 19:44:41.970,-334069029.0460535,-130473309.67959712,-23684457.91614164,146976204786.72363,-20332197598.551376,-8814009070.060545,58919.8227079861
46,2020,3,11,19,59,41.97,-18166942.45,16336358.079,10782381.911,-692.47882,-2594.5536100000004,2762.90208,2020-03-11 19:59:41.970,-333742986.5601292,-131316639.74655427,-24073896.19249991,146980640687.2272,-20307791587.935703,-8803429403.677612,58919.83312465277
46,2020,3,11,20,14,41.97,-18634639.078,13869570.349,13170686.213000001,-345.36919,-2879.4574700000003,2536.93305,2020-03-11 20:14:41.970,-333414614.66457975,-132159037.29269393,-24463162.473687064,146985071804.8384,-20283384901.343246,-8792849447.06733,58919.84354131943
46,2020,3,11,20,29,41.97,-18786820.934,11167946.58,15335943.195,7.69054,-3115.6809000000003,2267.92667,2020-03-11 20:29:41.970,-333083916.23294455,-133000496.6082552,-24852254.055861212,146989498139.41818,-20258977539.50949,-8782269200.545736,58919.8539579861
46,2020,3,11,20,44,41.97,-18620775.699,8277151.572999999,17241371.706,360.81783,-3299.24299,1960.33306,2020-03-11 20:44:41.970,-332750894.15713406,-133841011.99442382,-25241168.2380488,146993919690.8269,-20234569503.170017,-8771688664.428917,58919.86437465277
46,2020,3,11,20,59,41.97,-18139098.239,5246057.965,18854486.042,708.11632,-3427.00572,1619.23596,2020-03-11 20:59:41.970,-332415551.3473759,-134680577.76338658,-25629902.322173107,146998336458.92548,-20210160793.060543,-8761107839.032972,58919.87479131943
46,2020,3,11,21,14,41.97,-17349662.832000002,2125963.355,20147633.691999998,1043.76529,-3496.72609,1250.27903,2020-03-11 21:14:41.970,-332077890.7321606,-135519188.2383871,-26018453.613082964,147002748443.5743,-20185751409.916943,-8750526724.674059,58919.8852079861
46,2020,3,11,21,29,41.97,-16265514.782,-1030234.523,21098462.877,1362.10919,-3507.0971000000004,859.58365,2020-03-11 21:29:41.970,-331737915.25818723,-136356837.75378007,-26406819.41858122,147007155644.63388,-20161341354.475246,-8739945321.668373,58919.89562465277
46,2020,3,11,21,44,41.97,-14904681.637,-4168894.2120000003,21690312.535,1657.74665,-3457.77683,453.65886,2020-03-11 21:44:41.970,-331395627.89030874,-137193520.65508595,-26794997.049453113,147011558061.96475,-20136930627.471584,-8729363630.332136,58919.90604131943
46,2020,3,11,21,59,41.97,-13289904.984000001,-7236507.421999999,21912517.919000003,1925.6177599999999,-3349.40475,39.303940000000004,2020-03-11 21:59:41.970,-331051031.611477,-138029231.29904476,-27182983.819494613,147015955695.42703,-20112519229.642296,-8718781650.981632,58919.9164579861
46,2020,3,11,22,14,41.97,-11448294.754,-10180584.535,21760625.454,2161.08883,-3183.60437,-376.49565,2020-03-11 22:14:41.970,-330704129.42268807,-138863964.05366978,-27570777.045540337,147020348544.88135,-20088107161.723812,-8708199383.933165,58919.92687465277
46,2020,3,11,22,29,41.97,-9410908.931,-12950536.032,21236511.285,2360.0331899999996,-2962.97138,-786.67806,2020-03-11 22:29:41.970,-330354924.3429261,-139697713.29830146,-27958374.047491975,147024736610.18784,-20063694424.45273,-8697616829.5031,58919.93729131943
46,2020,3,11,22,44,41.97,-7212262.777,-15498536.413,20348398.773000002,2518.90675,-2691.0465,-1184.2195900000002,2020-03-11 22:44:41.970,-330003419.40910834,-140530473.42366,-28345772.14834592,147029119891.2067,-20039281018.56578,-8687033988.00782,58919.9477079861
46,2020,3,11,22,59,41.97,-4889772.96,-17780356.454,19110771.376000002,2634.81683,-2372.27217,-1562.25245,2020-03-11 22:59:41.970,-329649617.6760293,-141362238.83189863,-28732968.674221255,147033498387.798,-20014866944.799877,-8676450859.763763,58919.95812465277
46,2020,3,11,23,14,41.97,-2483143.409,-19756149.134,17544178.702,2705.58259,-2011.9328099999998,-1914.1840000000002,2020-03-11 23:14:41.970,-329293522.2163049,-142193003.93665564,-29119960.954387352,147037872099.82208,-19990452203.892044,-8665867445.087412,58919.96854131943
46,2020,3,11,23,29,41.97,-33701.247,-21391174.231000002,15674935.231999999,2729.78524,-1616.0783199999998,-2233.81571,2020-03-11 23:29:41.970,-328935136.1203153,-143022763.16310695,-29506746.321291573,147042241027.1387,-19966036796.57945,-8655283744.295282,58919.9789579861
46,2020,3,11,23,44,41.97,2416307.321,-22656446.628999997,13534713.133,2706.80647,-1191.43108,-2515.45912,2020-03-11 23:44:41.970,-328574462.4961498,-143851510.94801784,-29893322.110586755,147046605169.60806,-19941620723.599453,-8644699757.70395,58919.98937465277
46,2020,3,11,23,59,41.97,4824449.726,-23529293.757,11160032.83,2636.85338,-745.2772,-2754.04664,2020-03-11 23:59:41.970,-328211504.48865956,-144679241.69637656,-30279685.640885174,147050964527.08987,-19917203985.68901,-8634115485.629753,58919.99979131943
46,2020,3,12,0,14,41.97,7148856.574,-23993807.636,8591655.342,2520.96849,-285.34311,-2945.2343,2020-03-12 00:14:41.970,-327846265.20308113,-145505949.95517635,-30665834.294892423,147055319099.44427,-19892786583.586807,-8623530928.38985,58920.0102079861
46,2020,3,12,0,29,41.97,9348967.812,-24041184.325,5873896.990999999,2361.02323,180.3398,-3085.49247,2020-03-12 00:29:41.970,-327478747.81928,-146331630.15279236,-31051765.39775909,147059668886.53104,-19868368518.030083,-8612946086.300684,58920.02062465277
46,2020,3,12,0,44,41.97,11386275.883,-23669928.143,3053848.138,2159.69522,643.58204,-3172.18505,2020-03-12 00:44:41.970,-327108955.51561004,-147156276.77286172,-31437476.298233293,147064013888.20993,-19843949789.756798,-8602360959.67898,58920.03104131943
46,2020,3,12,0,59,41.97,13225030.201,-22885928.816,180548.192,1920.42752,1096.1888099999999,-3203.62996,2020-03-12 00:59:41.970,-326736891.48784775,-147979884.31086642,-31822964.34840451,147068354104.3408,-19819530399.505028,-8591775548.841536,58920.0414579861
46,2020,3,12,1,14,41.97,14832902.461,-21702394.952999998,-2695895.739,1647.37117,1530.11698,-3179.14208,2020-03-12 01:14:41.970,-326362558.94913596,-148802447.27418184,-32208226.903730273,147072689534.78308,-19795110348.01303,-8581189854.105167,58920.05187465277
46,2020,3,12,1,29,41.97,16181591.827,-20139646.893,-5525217.729,1345.3114699999999,1937.6317199999999,-3099.05552,2020-03-12 01:29:41.970,-325985961.12992436,-149623960.1821279,-32593261.32306285,147077020179.3966,-19770689636.0192,-8570603875.786746,58920.06229131943
46,2020,3,12,1,44,41.97,17247356.969,-18224770.204,-8257912.226000001,1019.57948,2311.45883,-2964.72415,2020-03-12 01:44:41.970,-325607101.27791256,-150444417.56601754,-32978064.968675982,147081346038.04095,-19746268264.262062,-8560017614.203178,58920.0727079861
46,2020,3,12,1,59,41.97,18011462.489,-15991135.546,-10846143.787999999,675.9506,2644.92872,-2778.49999,2020-03-12 01:59:41.970,-325225982.65799093,-151263813.96920568,-33362635.206291117,147085667110.5756,-19721846233.480328,-8549431069.671444,58920.08312465277
46,2020,3,12,2,14,41.97,18460529.259999998,-13477794.221,-13244627.447999999,320.5329,2932.10806,-2543.68971,2020-03-12 02:14:41.970,-324842608.5521824,-152082143.94713852,-33746969.40510389,147089983396.8601,-19697423544.41287,-8538844242.50853,58920.09354131943
46,2020,3,12,2,29,41.97,18586780.652000003,-10728762.086000001,-15411460.384,-40.352,3167.91565,-2264.49012,2020-03-12 02:29:41.970,-324456982.25958437,-152899402.06740153,-34131064.93781038,147094294896.754,-19673000197.79869,-8528257133.031494,58920.1039579861
46,2020,3,12,2,44,41.97,18388179.318,-7792207.454,-17308886.792,-400.29254,3348.21949,-1945.90457,2020-03-12 02:44:41.970,-324069107.09630895,-153715582.90976748,-34514919.180632986,147098601610.11646,-19648576194.376953,-8517669741.557433,58920.11437465277
46,2020,3,12,2,59,41.97,17868452.06,-4719561.012999999,-18903979.701,-752.91175,3469.91266,-1593.64243,2020-03-12 02:59:41.970,-323678986.3954243,-154530681.06624404,-34898529.51334663,147102903536.8071,-19624151534.887005,-8507082068.4035,58920.12479131943
46,2020,3,12,3,14,41.97,17037003.238,-1564567.576,-20169225.791,-1091.9899,3530.96649,-1214.00459,2020-03-12 03:14:41.970,-323286623.50689554,-155344691.14112166,-35281893.31930467,147107200676.6851,-19599726220.068314,-8496494113.886871,58920.1352079861
46,2020,3,12,3,29,41.97,15908719.955,1617699.478,-21083002.036000002,-1411.5818499999998,3530.46024,-813.7581,2020-03-12 03:29:41.970,-322892021.79752517,-156157607.75102028,-35665007.98546436,147111493029.60977,-19575300250.66051,-8485905878.324799,58920.14562465277
46,2020,3,12,3,44,41.97,14503674.873,4771839.8100000005,-21629935.944000002,-1706.12675,3468.5871599999996,-400.00341000000003,2020-03-12 03:44:41.970,-322495184.6508931,-156969425.5249361,-36047870.90241262,147115780595.4405,-19550873627.403416,-8475317362.034566,58920.15604131943
46,2020,3,12,3,59,41.97,12846734.785,7843122.8440000005,-21801144.265,-1970.54746,3346.6377199999997,19.96235,2020-03-12 03:59:41.970,-322096115.4672977,-157780139.1042881,-36430479.464391716,147120063374.03632,-19526446351.036972,-8464728565.333501,58920.1664579861
46,2020,3,12,4,14,41.97,10967084.983000001,10778459.589,-21594348.09,-2200.3379299999997,3166.96133,438.78275,2020-03-12 04:14:41.970,-321694817.66369474,-158589743.1429642,-36812831.069324404,147124341365.25647,-19502018422.301296,-8454139488.538991,58920.17687465277
46,2020,3,12,4,29,41.97,8897680.947,13527330.995000001,-21013865.205,-2391.63715,2932.9083699999996,849.17704,2020-03-12 04:29:41.970,-321291294.6736387,-159398232.3073668,-37194923.11883916,147128614568.95993,-19477589841.93668,-8443550131.968458,58920.18729131943
46,2020,3,12,4,44,41.97,6674639.921,16042656.1,-20070483.189999998,-2541.28869,2648.75477,1244.0697,2020-03-12 04:44:41.970,-320885549.9472209,-160205601.2764585,-37576753.018295534,147132882985.00598,-19453160610.683544,-8432960495.939394,58920.1977079861
46,2020,3,12,4,59,41.97,4336585.584000001,18281585.411,-18781219.137,-2646.88532,2319.61171,1616.71243,2020-03-12 04:59:41.970,-320477586.95101047,-161011844.7418072,-37958318.176809005,147137146613.25354,-19428730729.282486,-8422370580.769323,58920.20812465277
46,2020,3,12,5,14,41.97,1923959.235,20206207.267,-17168973.851,-2706.79884,1951.32299,1960.79643,2020-03-12 05:14:41.970,-320067409.1679929,-161816957.40763065,-38339616.00727594,147141405453.56174,-19404300198.47428,-8411780386.775817,58920.21854131943
46,2020,3,12,5,29,41.97,-521689.194,21784157.344,-15262089.991999999,-2720.1951599999998,1550.35285,2270.5533299999997,2020-03-12 05:29:41.970,-319655020.09750897,-162620933.99084115,-38720643.92639824,147145659505.78943,-19379869018.99983,-8401189914.276505,58920.2289579861
46,2020,3,12,5,44,41.97,-2958417.412,22989123.858,-13093824.839000002,-2687.03552,1123.66684,2540.8438,2020-03-12 05:44:41.970,-319240423.25519454,-163423769.22108963,-39101399.35470821,147149908769.7956,-19355437191.600227,-8390599163.589069,58920.23937465277
46,2020,3,12,5,59,41.97,-5344602.1,23801243.303,-10701749.229999999,-2608.06447,678.6080599999999,2767.23292,2020-03-12 05:59:41.970,-318823622.17291933,-164225457.84080964,-39481879.71659285,147154153245.43918,-19331004717.01672,-8380008135.031225,58920.24979131943
46,2020,3,12,6,14,41.97,-7639633.891000001,24207383.725,-8127084.751,-2484.78571,222.77134,2946.0519999999997,2020-03-12 06:14:41.970,-318404620.39872503,-165025994.60526055,-39862082.4403184,147158392932.57895,-19306571595.99072,-8369416828.920765,58920.2602079861
46,2020,3,12,6,29,41.97,-9804585.572,24201314.479000002,-5413991.469,-2319.42693,-236.12281,3074.44664,2020-03-12 06:29:41.970,-317983421.496765,-165825374.28257087,-40242004.95805458,147162627831.0738,-19282137829.26379,-8358825245.5755,58920.27062465277
46,2020,3,12,6,44,41.97,-11802844.058,23783763.157,-2608818.528,-2114.89467,-690.35267,3150.41125,2020-03-12 06:44:41.970,-317560029.0472414,-166623591.65378082,-40621644.70589862,147166857940.7826,-19257703417.57768,-8348233385.313322,58920.28104131943
46,2020,3,12,6,59,41.97,-13600697.791000001,22962361.889,240670.311,-1874.72059,-1132.3164,3172.8102900000004,2020-03-12 06:59:41.970,-317134446.6463443,-167420641.51288542,-41000999.12389949,147171083261.56396,-19233268361.67428,-8337641248.452153,58920.2914579861
46,2020,3,12,7,14,41.97,-15167872.199,21751486.537,3086084.42,-1602.99998,-1554.64876,3141.38662,2020-03-12 07:14:41.970,-316706677.90618944,-168216518.66687626,-41380065.65608167,147175303793.27676,-19208832662.295654,-8327048835.309982,58920.30187465277
46,2020,3,12,7,29,41.97,-16478006.88,20171993.37,5879196.033,-1304.3238800000001,-1950.33206,3056.75764,2020-03-12 07:29:41.970,-316276726.4547569,-169011217.9357829,-41758841.750468895,147179519535.77966,-19184396320.184055,-8316456146.20484,58920.31229131943
46,2020,3,12,7,44,41.97,-17509069.093999997,18250858.748999998,8572721.141,-983.70563,-2312.8006100000002,2920.39965,2020-03-12 07:44:41.970,-315844595.9358281,-169804734.15271592,-42137324.859107845,147183730488.9313,-19159959336.081886,-8305863181.454804,58920.3227079861
46,2020,3,12,7,59,41.97,-18243699.005999997,16020728.101,11121081.265,-646.50278,-2636.0377000000003,2734.6210499999997,2020-03-12 07:59:41.970,-315410290.00892365,-170597062.163906,-42515512.43809176,147187936652.5904,-19135521710.731686,-8295269941.37802,58920.33312465277
46,2020,3,12,8,14,41.97,-18669482.924,13519381.138,13481136.31,-298.33529,-2914.6646299999998,2502.52499,2020-03-12 08:14:41.970,-314973812.3492414,-171388196.8287466,-42893401.94758358,147192138026.6155,-19111083444.8762,-8284676426.292673,58920.34354131943
46,2020,3,12,8,29,41.97,-18779151.507,10789120.837000001,15612879.217,54.999249999999996,-3144.0210300000003,2227.96189,2020-03-12 08:29:41.970,-314535166.64759374,-172178133.01983324,-43270990.85183949,147196334610.8653,-19086644539.25835,-8274082636.517017,58920.3539579861
46,2020,3,12,8,44,41.97,-18570700.573999997,7876094.2530000005,17480083.547,407.61273,-3320.23593,1915.47242,2020-03-12 08:44:41.970,-314094356.61034435,-172966865.62300453,-43648276.6192319,147200526405.1983,-19062204994.62118,-8263488572.369341,58920.36437465277
46,2020,3,12,8,59,41.97,-18047432.799999997,4829553.766,19050895.579,753.6151100000001,-3440.28892,1570.2212900000002,2020-03-12 08:59:41.970,-313651385.95934606,-173754389.53738168,-44025256.72227245,147204713409.47296,-19037764811.70794,-8252894234.167994,58920.37479131943
46,2020,3,12,9,14,41.97,-17217919.239,1701067.941,20298362.847,1087.20386,-3502.06085,1197.92229,2020-03-12 09:14:41.970,-313206258.4318778,-174540699.67540783,-44401928.637634955,147208895623.54794,-19013323991.26204,-8242299622.231378,58920.3852079861
46,2020,3,12,9,29,41.97,-16095880.24,-1456308.2119999998,21200891.472,1402.75351,-3504.37327,804.75504,2020-03-12 09:29:41.970,-312758977.78058106,-175325790.96288788,-44778289.84617819,147213073047.2817,-18988882534.02704,-8231704736.877958,58920.39562465277
46,2020,3,12,9,44,41.97,-14699986.079,-4588893.132,21742624.998999998,1694.9043900000001,-3447.01581,397.27395,2020-03-12 09:44:41.970,-312309547.77339685,-176109658.3390267,-45154337.832968384,147217245680.53262,-18964440440.746723,-8221109578.426235,58920.40604131943
46,2020,3,12,9,59,41.97,-13053578.395,-7643257.5370000005,21913737.953,1958.64966,-3330.76076,-17.690170000000002,2020-03-12 09:59:41.970,-311857972.1935032,-176892296.75646797,-45530070.087301806,147221413523.15927,-18939997712.16496,-8210514147.194783,58920.4164579861
46,2020,3,12,10,14,41.97,-11184314.468,-10567110.227,21710637.888,2189.41959,-3157.3638499999997,-433.13494000000003,2020-03-12 10:14:41.970,-311404254.8392503,-177673701.18133268,-45905484.10272715,147225576575.01996,-18915554349.025883,-8199918443.502219,58920.42687465277
46,2020,3,12,10,29,41.97,-9123737.392,-13310178.074,21136070.414,2383.16174,-2929.5503799999997,-841.997,2020-03-12 10:29:41.970,-310948399.524098,-178453866.59325656,-46280577.37706785,147229734835.9731,-18891110352.073708,-8189322467.66722,58920.43729131943
46,2020,3,12,10,44,41.97,-6906776.393,-15825066.648,20199122.632999998,2536.4157299999997,-2650.98594,-1237.26698,2020-03-12 10:44:41.970,-310490410.07655144,-179232787.98542774,-46655347.4124439,147233888305.87717,-18866665722.05291,-8178726220.008528,58920.4477079861
46,2020,3,12,10,59,41.97,-4571182.88,-18068087.257,18915121.562,2646.38106,-2326.23097,-1612.10763,2020-03-12 10:59:41.970,-310030290.34009844,-180010460.36462426,-47029791.715294145,147238036984.59045,-18842220459.708065,-8168129700.844907,58920.45812465277
46,2020,3,12,11,14,41.97,-2156909.227,-20000035.645,17305425.542,2710.97624,-1960.6787100000001,-1959.97315,2020-03-12 11:14:41.970,-309568044.1731439,-180786878.75125057,-47403907.79639802,147242180871.9714,-18817774565.78396,-8157532910.49522,58920.46854131943
46,2020,3,12,11,29,41.97,294561.141,-21586907.339,15397108.381,2728.8876,-1560.47648,-2274.7279,2020-03-12 11:29:41.970,-309103675.44894713,-181562038.17937446,-47777693.17089728,147246319967.87814,-18793328041.025528,-8146935849.278356,58920.4789579861
46,2020,3,12,11,44,41.97,2740922.284,-22800534.68,13222537.933,2699.60603,-1132.43047,-2550.76183,2020-03-12 11:44:41.970,-308637188.05555737,-182335933.6967628,-48151145.3583175,147250454272.16916,-18768880886.177902,-8136338517.51327,58920.48937465277
46,2020,3,12,11,59,41.97,5139781.258,-23619131.08,10818853.09,2623.4499100000003,-683.89492,-2783.1003499999997,2020-03-12 11:59:41.970,-308168585.89574933,-183108560.3649184,-48524261.88258973,147254583784.70267,-18744433101.986378,-8125740915.518976,58920.49979131943
46,2020,3,12,12,14,41.97,7449407.608,-24027728.95,8227345.590999999,2501.57303,-222.64697,-2967.50552,2020-03-12 12:14:41.970,-307697872.8869589,-183879913.25911456,-48897040.27207167,147258708505.33682,-18719984689.196434,-8115143043.614539,58920.5102079861
46,2020,3,12,12,29,41.97,9629482.663,-24018499.29,5492755.595,2335.9561000000003,243.25081,-3100.56601,2020-03-12 12:29:41.970,-307225052.9612195,-184649987.46843076,-49269478.05956891,147262828433.93005,-18695535648.553688,-8104544902.119082,58920.52062465277
46,2020,3,12,12,44,41.97,11641833.605,-23590942.915,2662492.523,2129.3812700000003,705.59771,-3179.77277,2020-03-12 12:44:41.970,-306750130.0650963,-185418778.0957875,-49641572.78235613,147266943570.34064,-18671085980.80401,-8093946491.351792,58920.53104131943
46,2020,3,12,12,59,41.97,13451136.821,-22751945.853,-214204.904,1885.38939,1156.2089,-3203.57804,2020-03-12 12:59:41.970,-306273108.15962267,-186186280.2579811,-50013321.98219773,147271053914.42664,-18646635686.693336,-8083347811.631916,58920.5414579861
46,2020,3,12,13,14,41.97,15025575.084,-21515694.462,-3087153.3279999997,1608.22026,1587.07251,-3171.43536,2020-03-12 13:14:41.970,-305793991.220235,-186952489.08571783,-50384723.20536899,147275159466.04636,-18622184766.967873,-8072748863.27873,58920.55187465277
46,2020,3,12,13,29,41.97,16337433.644000001,-19903449.198999997,-5906136.220000001,1302.73679,1990.50596,-3083.81893,2020-03-12 13:29:41.970,-305312783.236708,-187717399.72364745,-50755774.00267664,147279260225.05807,-18597733222.37395,-8062149646.61161,58920.56229131943
46,2020,3,12,13,44,41.97,17363621.405,-17943179.566,-8621823.006000001,974.33468,2359.30746,-2942.22107,2020-03-12 13:44:41.970,-304829488.21309,-188481007.3303978,-51126471.92947923,147283356191.31992,-18573281053.658096,-8051550161.949959,58920.5727079861
46,2020,3,12,13,59,41.97,18086104.952999998,-15669066.450000001,-11186675.972,628.83946,2686.89853,-2749.12763,2020-03-12 13:59:41.970,-304344110.1676376,-189243307.07860702,-51496814.545707755,147287447364.68997,-18548828261.56703,-8040950409.613251,58920.58312465277
46,2020,3,12,14,14,41.97,18492245.294,-13120881.652,-13555825.117,272.3937,2967.4537600000003,-2507.97151,2020-03-12 14:14:41.970,-303856653.1327512,-190004294.15495688,-51866799.41588585,147291533745.02667,-18524374846.847595,-8030350389.92102,58920.59354131943
46,2020,3,12,14,29,41.97,18575029.612999998,-10343257.719999999,-15687891.727,-88.66295000000001,3196.0143,-2223.06538,2020-03-12 14:29:41.970,-303367121.15490955,-190763963.76020575,-52236424.10915002,147295615332.188,-18499920810.24688,-8019750103.192848,58920.6039579861
46,2020,3,12,14,44,41.97,18333193.101,-7384864.066,-17545742.805999998,-447.91758999999996,3368.58219,-1899.51568,2020-03-12 14:44:41.970,-302875518.29460394,-191522311.10922042,-52605686.19926956,147299692126.03198,-18475466152.512104,-8009149549.74839,58920.61437465277
46,2020,3,12,14,59,41.97,17771228.791,-4297507.688,-19097160.371999998,-799.00856,3482.19325,-1543.11991,2020-03-12 14:59:41.970,-302381848.6262744,-192279331.4310081,-52974583.26466647,147303764126.41708,-18451010874.390663,-7998548729.907355,58920.62479131943
46,2020,3,12,15,14,41.97,16899286.219,-1135178.5,-20315412.065,-1135.74747,3534.9671200000003,-1160.2505,2020-03-12 15:14:41.970,-301886116.2382433,-193035019.96874866,-53343112.888435274,147307831333.20123,-18426554976.63018,-7987947643.989503,58920.6352079861
46,2020,3,12,15,29,41.97,15732962.540000001,2046939.781,-21179712.263,-1452.2357100000002,3526.13369,-757.72822,2020-03-12 15:29:41.970,-301388325.23264974,-193789371.9798248,-53711272.65836266,147311893746.24258,-18402098459.978405,-7977346292.314674,58920.64562465277
46,2020,3,12,15,44,41.97,14292992.262,5193471.921,-21675565.902999997,-1742.9728,3456.0360499999997,-342.68866999999995,2020-03-12 15:44:41.970,-300888479.7253849,-194542382.7358543,-54079060.16694686,147315951365.3993,-18377641325.183273,-7966744675.2027445,58920.65604131943
46,2020,3,12,15,59,41.97,12604844.001,8249845.810999999,-21794990.32,-2002.9543200000003,3326.1107,77.55471,2020-03-12 15:59:41.970,-300386583.84602576,-195294047.52271992,-54446473.01141705,147320004190.5295,-18353183572.99292,-7956142792.973667,58920.6664579861
46,2020,3,12,16,14,41.97,10698234.527,11163259.586,-21536613.418,-2227.75753,3138.8464900000004,495.64792,2020-03-12 16:14:41.970,-299882641.73777014,-196044361.64059934,-54813508.79375267,147324052221.4914,-18328725204.155666,-7945540645.94745,58920.67687465277
46,2020,3,12,16,29,41.97,8606571.776,13883602.899,-20905649.417,-2413.6134,2897.72415,904.33072,2020-03-12 16:29:41.970,-299376657.5573698,-196793320.40399647,-55180165.120702446,147328095458.1432,-18304266219.420006,-7934938234.444165,58920.68729131943
46,2020,3,12,16,44,41.97,6366339.5,16364315.889,-19913756.02,-2557.46415,2607.13869,1296.5653399999999,2020-03-12 16:44:41.970,-298868635.4750667,-197540919.14176992,-55546439.603803456,147332133900.34262,-18279806619.534595,-7924335558.783935,58920.6977079861
46,2020,3,12,16,59,41.97,4016436.821,18563171.563,-18578779.162,-2657.0059499999998,2272.3072700000002,1665.6572700000002,2020-03-12 16:59:41.970,-298358579.6745255,-198287153.19716278,-55912329.85939973,147336167547.94812,-18255346405.24827,-7913732619.286953,58920.70812465277
46,2020,3,12,17,14,41.97,1597486.091,20442969.689000003,-16924393.437,-2710.71663,1899.1651,2005.36601,2020-03-12 17:14:41.970,-297846494.3527679,-199032017.92783207,-56277833.508661196,147340196400.81778,-18230885577.31009,-7903129416.273475,58920.71854131943
46,2020,3,12,17,29,41.97,-848877.652,21972132.66,-14979647.861,-2717.86897,1494.25217,2310.0044300000004,2020-03-12 17:29:41.970,-297332383.7201074,-199775508.70587638,-56642948.17760215,147344220458.80975,-18206424136.46928,-7892525950.063815,58920.7289579861
46,2020,3,12,17,44,41.97,-3280722.843,23125196.204,-12778427.791,-2678.53001,1064.59329,2574.5256099999997,2020-03-12 17:44:41.970,-296816252.00008285,-200517620.91786537,-57007671.49709967,147348239721.78192,-18181962083.475185,-7881922220.978345,58920.73937465277
46,2020,3,12,17,59,41.97,-5656531.015,23883190.086,-10358844.651999999,-2593.5474,617.57392,2794.59634,2020-03-12 17:59:41.970,-296298103.42939305,-201258349.96486723,-57372001.10291196,147352254189.59262,-18157499419.07743,-7871318229.337507,58920.74979131943
46,2020,3,12,18,14,41.97,-7935888.628,24233906.062,-7762565.587,-2464.52366,160.81418,2966.65708,2020-03-12 18:14:41.970,-295777942.2578293,-201997691.26247635,-57735934.63569653,147356263862.10004,-18133036144.025738,-7860713975.461797,58920.7602079861
46,2020,3,12,18,29,41.97,-10080150.784,24172052.3,-5034095.357,-2293.77963,-297.95712000000003,3087.96812,2020-03-12 18:29:41.970,-295255772.7482111,-202735640.2408413,-58099469.74102824,147360268739.16214,-18108572259.07011,-7850109459.67178,58920.77062465277
46,2020,3,12,18,44,41.97,-12053067.549999999,23699295.163,-2220022.782,-2084.30815,-751.02657,3156.64224,2020-03-12 18:44:41.970,-294731599.1763184,-203472192.34469116,-58462604.069417134,147364268820.63715,-18084107764.960613,-7839504682.288083,58920.78104131943
46,2020,3,12,18,59,41.97,-13821364.654000001,22824190.767,631756.219,-1839.7191699999998,-1190.81678,3171.6641600000003,2020-03-12 18:59:41.970,-294205425.83082616,-204207343.0333627,-58825335.27632628,147368264106.38324,-18059642662.447598,-7828899643.631389,58920.7914579861
46,2020,3,12,19,14,41.97,-15355271.356999999,21562009.981,3472827.294,-1564.17741,-1610.00234,3132.89717,2020-03-12 19:14:41.970,-293677257.0132386,-204941087.78082693,-59187661.02218941,147372254596.2585,-18035176952.281536,-7818294344.022452,58920.80187465277
46,2020,3,12,19,29,41.97,-16628989.279000001,19934461.603,6255046.772,-1262.33368,-2001.6199600000002,3041.07757,2020-03-12 19:29:41.970,-293147097.03782207,-205673422.075715,-59549578.97242837,147376240290.1211,-18010710635.21312,-7807688783.782087,58920.81229131943
46,2020,3,12,19,44,41.97,-17621096.893999998,17969319.359,8931320.498,-939.25077,-2359.17197,2897.7975100000003,2020-03-12 19:44:41.970,-292614950.2315382,-206404341.42134383,-59911086.79747062,147380221187.8292,-17986243711.9932,-7797082963.231167,58920.8227079861
46,2020,3,12,19,59,41.97,-18314885.257999998,15699959.091,11456362.160999998,-600.32487,-2676.7222199999997,2705.47667,2020-03-12 19:59:41.970,-292080820.93397945,-207133841.33574218,-60272182.17276632,147384197289.241,-17961776183.37283,-7786476882.690636,58920.83312465277
46,2020,3,12,20,14,41.97,-18698621.301,13164813.185,13787421.405,-251.20332000000002,-2948.98404,2467.32352,2020-03-12 20:14:41.970,-291544713.4973015,-207861917.3516752,-60632862.77880563,147388168594.21457,-17937308050.10325,-7775870542.481503,58920.84354131943
46,2020,3,12,20,29,41.97,-18765735.765,10406749.808,15884972.497000001,102.30049,-3171.39923,2187.28647,2020-03-12 20:29:41.970,-291006632.2861564,-208588565.01666963,-60993126.30113546,147392135102.60815,-17912839312.935867,-7765263942.924831,58920.8539579861
46,2020,3,12,20,44,41.97,-18514933.498999998,7472385.12,17713354.755,454.29438,-3340.2079200000003,1869.99561,2020-03-12 20:44:41.970,-290466581.6776271,-209313779.89303818,-61352970.43037652,147396096814.28018,-17888369972.6223,-7754657084.341757,58920.86437465277
46,2020,3,12,20,59,41.97,-17950224.502,4411337.125,19241356.362999998,798.89618,-3452.50833,1520.69527,2020-03-12 20:59:41.970,-289924566.06116056,-210037557.5579039,-61712392.86223992,147400053729.08862,-17863900029.914326,-7744049967.053476,58920.87479131943
46,2020,3,12,21,14,41.97,-17080874.703,1275430.408,20442733.579,1130.3231700000001,-3506.30601,1145.16789,2020-03-12 21:14:41.970,-289380589.8385014,-210759893.6032237,-62071391.29754376,147404005846.8917,-17839429485.56393,-7733442591.381251,58920.8852079861
46,2020,3,12,21,29,41.97,-15921276.173,-1882138.358,21296657.708,1442.9814999999999,-3500.55165,749.64974,2020-03-12 21:29:41.970,-288834657.4236252,-211480783.63581243,-62429963.44222966,147407953167.54782,-17814958340.323257,-7722834957.64641,58920.89562465277
46,2020,3,12,21,44,41.97,-14490737.163,-5007663.593,21788082.652000003,1731.5548000000001,-3435.16689,340.73882,2020-03-12 21:44:41.970,-288286773.242672,-212200223.27736574,-62788107.007379025,147411895690.9151,-17790486594.944675,-7712227066.170345,58920.90604131943
46,2020,3,12,21,59,41.97,-12813193.192,-8047811.375,21908026.299000002,1991.09087,-3311.05699,-74.70446,2020-03-12 21:59:41.970,-287736941.7338803,-212918208.16448322,-63145819.70922916,147415833416.85187,-17766014250.180717,-7701618917.274511,58920.9164579861
46,2020,3,12,22,14,41.97,-10916841.33,-10950505.3,21653759.612999998,2217.08545,-3130.10979,-489.66290000000004,2020-03-12 22:14:41.970,-287185167.34751934,-213634733.94869086,-63503099.26918946,147419766345.2164,-17741541306.784084,-7691010511.280434,58920.92687465277
46,2020,3,12,22,29,41.97,-8833700.886,-13665804.773,21028898.042,2405.56177,-2895.17976,-897.07378,2020-03-12 22:29:41.970,-286631454.5458236,-214349796.29646358,-63859943.41385723,147423694475.86697,-17717067765.50772,-7680401848.509695,58920.93729131943
46,2020,3,12,22,44,41.97,-6599104.922,-16146762.045,20043390.796,2553.14448,-2610.05664,-1289.94432,2020-03-12 22:44:41.970,-286075807.8029257,-215063390.889247,-64216349.87503353,147427617808.66193,-17692593627.1047,-7669792929.2839575,58920.9477079861
46,2020,3,12,22,59,41.97,-4251128.343,-18350243.729000002,18713404.758,2657.1263799999997,-2279.41772,-1661.4701300000002,2020-03-12 22:59:41.970,-285518231.60478985,-215775513.42347953,-64572316.38973881,147431536343.45966,-17668118892.328312,-7659183753.924933,58920.95812465277
46,2020,3,12,23,14,41.97,-1829959.782,-20237701.957000002,17061101.245,2715.52631,-1908.76365,-2005.15453,2020-03-12 23:14:41.970,-284958730.44914603,-216486159.6106132,-64927840.70022836,147435450080.11844,-17643643561.932026,-7648574322.754411,58920.96854131943
46,2020,3,12,23,29,41.97,622773.965,-21775880.162,15114305.602,2727.13642,-1504.33735,-2314.92698,2020-03-12 23:29:41.970,-284397308.8454219,-217195325.17713496,-65282920.55400795,147439359018.49667,-17619167636.66953,-7637964636.09424,58920.9789579861
46,2020,3,12,23,44,41.97,3064720.6569999997,-22937438.563,12906071.641,2691.5571800000002,-1073.02675,-2585.25793,2020-03-12 23:44:41.970,-283833971.3146772,-217903005.8645876,-65637553.703848764,147443263158.4528,-17594691117.29463,-7627354694.266338,58920.98937465277
46,2020,3,12,23,59,41.97,5453540.654999999,-23701484.959000003,10474145.205,2609.2184,-622.2518500000001,-2811.2676699999997,2020-03-12 23:59:41.970,-283268722.3895367,-218609197.42959002,-65991737.90780281,147447162499.8453,-17570214004.5614,-7616744497.592694,58920.99979131943
46,2020,3,13,0,14,41.97,7747657.988,-24053996.586000003,7860331.807,2481.38505,-159.83766,-2988.8263899999997,2020-03-13 00:14:41.970,-282701566.6141244,-219313895.64385736,-66345470.92921767,147451057042.53247,-17545736299.224056,-7606134046.395353,58921.0102079861
46,2020,3,13,0,29,41.97,9907004.974,-23988126.413000003,5109788.238,2310.1463299999996,306.12431000000004,-3114.64154,2020-03-13 00:29:41.970,-282132508.5439959,-220017096.29422075,-66698750.53675164,147454946786.3728,-17521258002.037014,-7595523340.996442,58921.02062465277
46,2020,3,13,0,44,41.97,11893758.061,-23504371.525,2270223.95,2098.38831,767.42517,-3186.3326399999996,2020-03-13 00:44:41.970,-281561552.74607205,-220718795.18264705,-67051574.50438827,147458831731.2249,-17496779113.75489,-7584912381.718139,58921.03104131943
46,2020,3,13,0,59,41.97,13673032.491,-22610613.0,-608939.4180000001,1849.7485199999999,1215.8928799999999,-3202.4869900000003,2020-03-13 00:59:41.970,-280988703.7985729,-221418988.12625825,-67403940.61145101,147462711876.94727,-17472299635.132454,-7574301168.882694,58921.0414579861
46,2020,3,13,1,14,41.97,15213532.882,-21322011.128,-3477459.1300000004,1568.55412,1643.54968,-3162.69714,2020-03-13 01:14:41.970,-280413966.2909502,-222117670.95734945,-67755846.64261778,147466587223.3983,-17447819566.924725,-7563689702.812437,58921.05187465277
46,2020,3,13,1,29,41.97,16488139.978,-19660760.138,-6285185.086,1259.744,2042.76802,-3067.5773099999997,2020-03-13 01:29:41.970,-279837344.8238217,-222814839.5234084,-68107290.38793513,147470457770.43668,-17423338909.886852,-7553077983.829749,58921.06229131943
46,2020,3,13,1,44,41.97,17474420.747,-17655704.706,-8982978.496,928.77664,2406.4211,-2918.7578799999997,2020-03-13 01:44:41.970,-279258844.00890434,-223510489.68713355,-68458269.64283262,147474323517.92096,-17398857664.774216,-7542466012.257088,58921.0727079861
46,2020,3,13,1,59,41.97,18155049.845000003,-15341824.938,-11523615.621000001,581.52571,2728.02395,-2718.85768,2020-03-13 01:59:41.970,-278678468.4689468,-224204617.32645178,-68808782.20813699,147478184465.70978,-17374375832.34235,-7531853788.416975,58921.08312465277
46,2020,3,13,2,14,41.97,18518132.618,-12759600.11,-13862656.75,224.1661,3001.86117,-2471.43462,2020-03-13 02:14:41.970,-278096222.8376645,-224897218.33453625,-69158825.89008571,147482040613.66187,-17349893413.347034,-7521241312.631996,58921.09354131943
46,2020,3,13,2,29,41.97,18557422.305,-9954264.689,-15959261.358,-136.9467,3223.09802,-2180.91572,2020-03-13 02:29:41.970,-277512111.7596719,-225588288.61982384,-69508398.5003414,147485891961.63574,-17325410408.544197,-7510628585.224825,58921.1039579861
46,2020,3,13,2,44,41.97,18272426.889,-6974972.995,-17776931.797000002,-495.40067,3387.87196,-1852.50859,2020-03-13 02:44:41.970,-276926139.8904162,-226277824.10603228,-69857497.85600483,147489738509.4903,-17300926818.689953,-7500015606.518174,58921.11437465277
46,2020,3,13,2,59,41.97,17668403.902999997,-3873891.0719999997,-19284169.83,-844.85162,3493.36257,-1492.0967999999998,2020-03-13 02:59:41.970,-276338311.89611095,-226965820.7321766,-70206121.77962917,147493580257.08417,-17276442644.540623,-7489402376.834847,58921.12479131943
46,2020,3,13,3,14,41.97,16756244.421,-705235.958,-20455032.825,-1179.1446,3537.8383599999997,-1106.12201,2020-03-13 03:14:41.970,-275748632.45367026,-227652274.45258594,-70554268.09923288,147497417204.2762,-17251957886.85273,-7478788896.49771,58921.1352079861
46,2020,3,13,3,29,41.97,15552250.202,2475716.6010000003,-21269579.194000002,-1492.4294300000001,3520.6800399999997,-701.45627,2020-03-13 03:29:41.970,-275157106.25064075,-228337181.23691955,-70901934.64831342,147501249350.92505,-17227472546.38295,-7468175165.82969,58921.14562465277
46,2020,3,13,3,44,41.97,14077810.476,5613634.768,-21714195.709,-1779.2678099999998,3442.38029,-285.26783,2020-03-13 03:44:41.970,-274563737.9851367,-229020537.07018292,-71249119.26586019,147505076696.8898,-17202986623.888214,-7457561185.153797,58921.15604131943
46,2020,3,13,3,59,41.97,12358987.057,8654122.799999999,-21781802.408,-2034.72959,3304.52104,135.11614,2020-03-13 03:59:41.970,-273968532.36577314,-229702337.95274305,-71595819.79636759,147508899242.0291,-17178500120.125574,-7446946954.7931,58921.1664579861
46,2020,3,13,4,14,41.97,10426018.255,11544683.139,-21471933.848,-2254.4766799999998,3109.7295900000004,552.34654,2020-03-13 04:14:41.970,-273371494.1115989,-230382579.90034378,-71942034.08984795,147512716986.202,-17154013035.85234,-7436332475.070737,58921.17687465277
46,2020,3,13,4,29,41.97,8312753.415999999,14235630.285,-20790698.291,-2434.83313,2861.6156899999996,959.1861,2020-03-13 04:29:41.970,-272772627.9520312,-231061258.944121,-72287760.00184464,147516529929.2674,-17129525371.825947,-7425717746.309918,58921.18729131943
46,2020,3,13,4,44,41.97,6056030.894,16680940.29,-19750619.038000003,-2572.84067,2564.69182,1348.6371100000001,2020-03-13 04:44:41.970,-272171938.6267887,-231738371.13061723,-72632995.39344409,147520338071.08426,-17105037128.804073,-7415102768.833926,58921.1977079861
46,2020,3,13,4,59,41.97,3695012.71,18839021.906000003,-18370364.334000003,-2666.2993899999997,2224.27924,1714.06097,2020-03-13 04:59:41.970,-271569430.8858254,-232413912.52179578,-72977738.1312889,147524141411.51175,-17080548307.544563,-7404487542.96611,58921.20812465277
46,2020,3,13,5,14,41.97,1270489.348,20673397.787,-16674374.202,-2713.7934800000003,1846.40252,2049.2873999999997,2020-03-13 05:14:41.970,-270965109.48926455,-233087879.1950555,-73321986.08758995,147527939950.4087,-17056058908.805473,-7393872069.029889,58921.21854131943
46,2020,3,13,5,29,41.97,-1175832.115,22153286.557,-14692394.03,-2714.70258,1437.67514,2348.71221,2020-03-13 05:29:41.970,-270358979.20733225,-233760267.24324366,-73665737.14013885,147531733687.6344,-17031568933.345045,-7383256347.348754,58921.2289579861
46,2020,3,13,5,44,41.97,-3602043.804,23254078.924000002,-12458925.878,-2669.19933,1005.17885,2607.3822999999998,2020-03-13 05:44:41.970,-269751044.8202917,-234431072.7746704,-74008989.17231989,147535522623.04785,-17007078381.921692,-7372640378.246261,58921.23937465277
46,2020,3,13,5,59,41.97,-5966744.76,23957703.273,-10012609.225,-2578.23398,556.33912,2821.06733,2020-03-13 05:59:41.970,-269141311.11837626,-235100291.91312122,-74351740.07312219,147539306756.5084,-16982587255.294054,-7362024162.046038,58921.24979131943
46,2020,3,13,6,14,41.97,-8229729.412999999,24252878.301,-7395543.332,-2443.5072299999997,98.79899,2986.31776,2020-03-13 06:14:41.970,-268529782.9017246,-235767920.7978705,-74693987.73715173,147543086087.87515,-16958095554.220945,-7351407699.071789,58921.2602079861
46,2020,3,13,6,29,41.97,-10352646.647,24135252.109,-4652563.54,-2267.43224,-359.70671999999996,3100.50918,2020-03-13 06:29:41.970,-267916464.98031354,-236433955.58369374,-75035730.06464279,147546860617.00745,-16933603279.461369,-7340790989.647279,58921.27062465277
46,2020,3,13,6,44,41.97,-12299620.314,23607428.904,-1830483.7889999999,-2053.0871300000003,-811.4751799999999,3161.87315,2020-03-13 06:44:41.970,-267301362.1738924,-237098392.44088036,-75376964.96146983,147550630343.7645,-16909110431.774534,-7330174034.096354,58921.28104131943
46,2020,3,13,6,59,41.97,-14037823.109000001,22678885.876000002,1022682.635,-1804.15901,-1248.95559,3169.51478,2020-03-13 06:59:41.970,-266684479.31191757,-237761227.55524495,-75717690.33915901,147554395268.00565,-16884617011.919851,-7319556832.742926,58921.2914579861
46,2020,3,13,7,14,41.97,-15537996.738,21365784.09,3858512.473,-1524.8808099999999,-1664.8644299999999,3123.41769,2020-03-13 07:14:41.970,-266065821.23348603,-238422457.12814024,-76057904.1148995,147558155389.59048,-16860123020.656887,-7308939385.9109745,58921.30187465277
46,2020,3,13,7,29,41.97,-16774912.293000001,19690678.258,6628960.811,-1219.96176,-2052.29477,3024.43684,2020-03-13 07:29:41.970,-265445392.7872697,-239082077.3764676,-76397604.21155468,147561910708.37823,-16835628458.745432,-7298321693.924549,58921.31229131943
46,2020,3,13,7,44,41.97,-17727765.669,17682131.151,9287137.659,-894.51267,-2404.8187799999996,2874.2797100000003,2020-03-13 07:44:41.970,-264823198.83144987,-239740084.5326887,-76736788.55767347,147565661224.22855,-16811133326.945467,-7287703757.107781,58921.3227079861
46,2020,3,13,7,59,41.97,-18380503.680999998,15374239.120000001,11788062.661,-553.9668399999999,-2716.58261,2675.4766,2020-03-13 07:59:41.970,-264199244.23365098,-240396474.84483677,-77075455.08750126,147569406937.00095,-16786637626.017176,-7277085575.784864,58921.33312465277
46,2020,3,13,8,14,41.97,-18722077.358,12806075.845999999,14089388.279000001,-203.99741,-2982.3931,2431.34039,2020-03-13 08:14:41.970,-263573533.87087575,-241051244.57652634,-77413601.74099065,147573147846.5549,-16762141356.720901,-7266467150.280065,58921.34354131943
46,2020,3,13,8,29,41.97,-18746619.543,10021061.992999999,16152082.287999999,149.56805,-3197.79566,2145.9164,2020-03-13 08:29:41.970,-262946072.62943858,-241704390.0069645,-77751226.46381243,147576883952.7501,-16737644519.817217,-7255848480.91772,58921.3539579861
46,2020,3,13,8,44,41.97,-18453544.641,7066268.973999999,17941060.876,500.83500999999995,-3359.1427,1823.92285,2020-03-13 08:44:41.970,-262316865.40490082,-242355907.4309607,-78088327.20736626,147580615255.4463,-16713147116.066887,-7245229568.02224,58921.36437465277
46,2020,3,13,8,59,41.97,-17847568.968,3991665.582,19425764.009,843.93087,-3463.6520499999997,1470.6822,2020-03-13 08:59:41.970,-261685917.10200498,-243005793.1589362,-78424901.92879078,147584341754.50308,-16688649146.230839,-7234610411.918111,58921.37479131943
46,2020,3,13,9,14,41.97,-16938650.792,849316.8150000001,20580665.127,1173.09437,-3509.45466,1092.04393,2020-03-13 09:14:41.970,-261053232.63460904,-243654043.5169344,-78760948.59097447,147588063449.7805,-16664150611.07022,-7223991012.929884,58921.3852079861
46,2020,3,13,9,29,41.97,-15741849.852,-2307455.151,21385707.636,1482.765,-3495.63091,694.2991400000001,2020-03-13 09:29:41.970,-260418816.92562163,-244300654.84662926,-79096465.16256565,147591780341.13818,-16639651511.346375,-7213371371.382179,58921.39562465277
46,2020,3,13,9,44,41.97,-14277106.846,-5424937.2,21826661.018999998,1767.6713,-3422.23461,284.08745000000005,2020-03-13 09:44:41.970,-259782674.90693602,-244945623.50533503,-79431449.6179828,147595492428.436,-16615151847.820822,-7202751487.599703,58921.40604131943
46,2020,3,13,9,59,41.97,-12568944.222000001,-8449907.33,21895389.955,2022.91722,-3290.304,-131.70313,2020-03-13 09:59:41.970,-259144811.51936576,-245588945.86601424,-79765899.93742438,147599199711.5339,-16590651621.255308,-7192131361.90722,58921.4164579861
46,2020,3,13,10,14,41.97,-10646090.550999999,-11330520.327,21590030.362,2244.06542,-3101.85865,-546.0427500000001,2020-03-13 10:14:41.970,-258505231.71257886,-246230618.3172869,-80099814.10687892,147602902190.2921,-16566150832.411741,-7181510994.629574,58921.42687465277
46,2020,3,13,10,29,41.97,-8541031.834999999,-14017184.082,20915067.115999997,2427.21611,-2859.88162,-951.8715100000001,2020-03-13 10:29:41.970,-257863940.44503242,-246870637.26343808,-80433190.11813462,147606599864.5704,-16541649482.052225,-7170890386.091673,58921.43729131943
46,2020,3,13,10,44,41.97,-6289494.333,-16463412.795,19881309.128000002,2569.08012,-2568.2858300000003,-1342.2154799999998,2020-03-13 10:44:41.970,-257220942.68390888,-247508999.1244258,-80766025.96878913,147610292734.22906,-16517147570.939072,-7160269536.618511,58921.4477079861
46,2020,3,13,10,59,41.97,-3929864.8389999997,-18626642.692,18505758.722,2667.04455,-2231.86427,-1710.30535,2020-03-13 10:59:41.970,-256576243.40504962,-248145700.33588916,-81098319.6622591,147613980799.1282,-16492645099.83481,-7149648446.535145,58921.45812465277
46,2020,3,13,11,14,41.97,-1502555.835,-20468995.378,16811373.765,2719.22935,-1856.22343,-2049.69576,2020-03-13 11:14:41.970,-255929847.59289107,-248780737.34915525,-81430069.2077895,147617664059.1281,-16468142069.50211,-7139027116.166707,58921.46854131943
46,2020,3,13,11,29,41.97,950675.5419999999,-21957973.79,14826722.756,2724.53309,-1447.70009,-2354.38342,2020-03-13 11:29:41.970,-255281760.24039912,-249414106.63124663,-81761272.62046276,147621342514.089,-16443638480.70388,-7128405545.838401,58921.4789579861
46,2020,3,13,11,44,41.97,3387444.184,-23067075.871,12585535.201000001,2682.66612,-1013.2617799999999,-2618.9213,2020-03-13 11:44:41.970,-254631986.34900534,-250045804.6648874,-82091927.92120847,147625016163.87122,-16419134334.20321,-7117783735.875501,58921.48937465277
46,2020,3,13,11,59,41.97,5765477.369,-23776311.656000003,10126151.874,2594.16974,-560.39195,-2838.52645,2020-03-13 11:59:41.970,-253980530.92854133,-250675827.9485106,-82422033.13681182,147628685008.33514,-16394629630.76339,-7107161686.603369,58921.49979131943
46,2020,3,13,12,14,41.97,8043365.4059999995,-24072610.602,7490882.052,2460.41977,-96.96113000000001,-3009.17842,2020-03-13 12:14:41.970,-253327398.9971749,-251304172.99626404,-82751586.29992293,147632349047.34125,-16370124371.147879,-7096539398.347418,58921.5102079861
46,2020,3,13,12,29,41.97,10181308.171,-23950107.582000002,4725277.377,2283.61362,368.91344,-3127.70562,2020-03-13 12:29:41.970,-252672595.5813451,-251930836.33801654,-83080585.44906536,147636008280.75012,-16345618556.120382,-7085916871.43315,58921.52062465277
46,2020,3,13,12,44,41.97,12141842.288,-23410298.169999998,1877334.536,2066.7401999999997,829.01739,-3191.85673,2020-03-13 12:44:41.970,-252016125.71569827,-252555814.51936314,-83409028.62864506,147639662708.42236,-16321112186.444735,-7075294106.1861315,58921.53104131943
46,2020,3,13,12,59,41.97,13890533.454,-22462056.509,-1003358.692,1813.53256,1275.19444,-3200.3547399999998,2020-03-13 12:59:41.970,-251357994.44302326,-253179104.10163167,-83736913.8889588,147643312330.2185,-16296605262.885025,-7064671102.932007,58921.5414579861
46,2020,3,13,13,14,41.97,15396618.533,-21121512.183,-3866517.36,1528.4037500000002,1699.50386,-3152.93145,2020-03-13 13:14:41.970,-250698206.81418732,-253800701.66188663,-84064239.2862027,147646957145.99933,-16272097786.205505,-7054047861.996496,58921.55187465277
46,2020,3,13,13,29,41.97,16633582.725,-19411785.993,-6662074.971,1216.36692,2094.3759,-3050.34093,2020-03-13 13:29:41.970,-250036767.88807225,-254420603.79293573,-84391002.8824804,147650597155.62567,-16247589757.170631,-7043424383.705383,58921.56229131943
46,2020,3,13,13,44,41.97,17579658.378,-17362588.155,-9341101.337,882.94142,2452.76136,-2894.35096,2020-03-13 13:44:41.970,-249373682.73150986,-255038807.10333264,-84717202.74581148,147654232358.95834,-16223081176.545053,-7032800668.384536,58921.5727079861
46,2020,3,13,13,59,41.97,18218233.72,-15009686.134,-11856702.775,534.04692,2768.27111,-2687.7123699999997,2020-03-13 13:59:41.970,-248708956.41921842,-255655308.21738353,-85042836.95013934,147657862755.85812,-16198572045.09362,-7022176716.359892,58921.58312465277
46,2020,3,13,14,14,41.97,18538162.004,-12394252.852,-14164884.868999999,175.88846,3035.3017699999996,-2434.10669,2020-03-13 14:14:41.970,-248042594.03373867,-256270103.7751498,-85367903.57533945,147661488346.1862,-16174062363.58138,-7011552527.95746,58921.59354131943
46,2020,3,13,14,29,41.97,18533964.09,-9562109.221,-16225358.888,-185.16487,3249.14437,-2138.07356,2020-03-13 14:29:41.970,-247374600.6653695,-256883190.4324527,-85692400.70722695,147665109129.80344,-16149552132.77355,-7000928103.503328,58921.6039579861
46,2020,3,13,14,44,41.97,18205920.281,-6562877.682999999,-18002274.458,-542.70421,3406.07306,-1804.91979,2020-03-13 14:44:41.970,-246704981.41210535,-257494564.86087656,-86016326.4375645,147668725106.57117,-16125041353.43558,-6990303443.323656,58921.61437465277
46,2020,3,13,14,59,41.97,17560050.143,-3449065.619,-19464863.103,-890.40499,3503.4119499999997,-1440.61275,2020-03-13 14:59:41.970,-246033741.37957132,-258104223.7477729,-86339678.86406985,147672336276.35046,-16100530026.333088,-6979678547.744673,58921.62479131943
46,2020,3,13,15,14,41.97,16607981.902999999,-275098.953,-20587979.838999998,-1222.14778,3539.5788000000002,-1051.66093,2020-03-13 15:14:41.970,-245360885.68096069,-258712163.79626304,-86662456.09042352,147675942639.00238,-16076018152.231913,-6969053417.092687,58921.6352079861
46,2020,3,13,15,29,41.97,15366715.747,2903672.921,-21352532.810000002,-1532.1327600000002,3514.1050800000003,-644.98516,2020-03-13 15:29:41.970,-244686419.43697104,-259318381.72524095,-86984656.22627603,147679544194.3885,-16051505731.898058,-6958428051.694083,58921.64562465277
46,2020,3,13,15,44,41.97,13858287.833,6031979.682999999,-21745794.033999998,-1814.9854599999999,3427.63258,-227.78376,2020-03-13 15:44:41.970,-244010347.77574086,-259922874.26937684,-87306277.3872551,147683140942.37018,-16026992766.09774,-6947802451.875317,58921.65604131943
46,2020,3,13,15,59,41.97,12109343.967999998,9055619.472000001,-21761587.377,-2065.8514600000003,3281.88778,192.60487,2020-03-13 15:59:41.970,-243332675.83278674,-260525638.17911848,-87627317.69497314,147686732882.80865,-16002479255.597366,-6937176617.962915,58921.6664579861
46,2020,3,13,16,14,41.97,10150633.608000001,11922415.612000002,-21400352.929,-2280.47851,3079.63522,608.83898,2020-03-13 16:14:41.970,-242653408.7509398,-261126670.22069395,-87947775.2770339,147690320015.56586,-15977965201.16355,-6926550550.283483,58921.67687465277
46,2020,3,13,16,29,41.97,8016436.186,14583122.808,-20669089.74,-2455.28463,2824.6121999999996,1013.70658,2020-03-13 16:29:41.970,-241972551.68028268,-261725967.17611343,-88267648.26703975,147693902340.50314,-15953450603.563086,-6915924249.163701,58921.68729131943
46,2020,3,13,16,44,41.97,5743932.627,16992266.935,-19581181.441,-2587.41172,2521.44693,1400.2521800000002,2020-03-13 16:44:41.970,-241290109.77808732,-262323525.8431712,-88586934.80459827,147697479857.4823,-15928935463.56297,-6905297714.93032,58921.6977079861
46,2020,3,13,16,59,41.97,3372535.373,19108904.757,-18156111.486,-2674.76415,2175.5628800000004,1761.895,2020-03-13 16:59:41.970,-240606088.20875123,-262919343.03544676,-88905633.03532904,147701052566.365,-15904419781.93039,-6894670947.910168,58921.70812465277
46,2020,3,13,17,14,41.97,943190.3300000001,20897292.303999998,-16419076.566,-2716.0326,1793.0719,2092.5367499999998,2020-03-13 17:14:41.970,-239920492.14373544,-263513415.582306,-89223741.11087027,147704620467.01306,-15879903559.43274,-6884043948.430152,58921.71854131943
46,2020,3,13,17,29,41.97,-1502336.106,22327453.035,-14400508.223000001,-2710.7034900000003,1380.65884,2386.65767,2020-03-13 17:29:41.970,-239233326.76150158,-264105740.3289027,-89541257.1888852,147708183559.28864,-15855386796.837597,-6873416716.817247,58921.7289579861
46,2020,3,13,17,44,41.97,-3922172.289,23375639.279,-12135513.743999999,-2659.05471,945.4602,2639.39975,2020-03-13 17:44:41.970,-238544597.2474495,-264696314.1361783,-89858179.43306854,147711741843.05347,-15830869494.91274,-6862789253.398506,58921.73937465277
46,2020,3,13,17,59,41.97,-6275046.9350000005,24024682.687,-9663248.142,-2562.13866,494.9392,2846.63656,2020-03-13 17:59:41.970,-237854308.7938546,-265285133.88086352,-90174506.01315264,147715295318.16977,-15806351654.42614,-6852161558.501053,58921.74979131943
46,2020,3,13,18,14,41.97,-8520974.07,24264231.512,-7026229.44,-2421.75349,36.75958,3005.0293899999997,2020-03-13 18:14:41.970,-237162466.5998064,-265872196.45547786,-90490235.1049138,147718843984.4996,-15781833276.145962,-6841533632.452093,58921.7602079861
46,2020,3,13,18,29,41.97,-10621907.283,24090874.401,-4269609.594,-2240.40382,-421.3401,3112.06971,2020-03-13 18:29:41.970,-236469075.87114564,-266457498.76832962,-90805364.89017804,147722387841.9053,-15757314360.84058,-6830905475.578903,58921.77062465277
46,2020,3,13,18,44,41.97,-12542354.297,23508152.032,-1440413.302,-2021.2520399999999,-871.66972,3166.10811,2020-03-13 18:44:41.970,-235774141.82040206,-267041037.74351618,-91119893.55682726,147725926890.24915,-15732794909.278547,-6820277088.208836,58921.78104131943
46,2020,3,13,18,59,41.97,-14249943.891,22526459.384000003,1413243.32,-1768.06131,-1306.70717,3166.3702,2020-03-13 18:59:41.970,-235077669.6667332,-267622810.32092294,-91433819.29880507,147729461129.39346,-15708274922.228611,-6809648470.669319,58921.7914579861
46,2020,3,13,19,14,41.97,-15715938.263,21162842.595999997,4242942.61,-1485.13151,-1719.21279,3112.9598,2020-03-13 19:14:41.970,-234379664.63586223,-268202813.4562232,-91747140.31612228,147732990559.20068,-15683754400.459726,-6799019623.287849,58921.80187465277
46,2020,3,13,19,29,41.97,-16915684.864,19440695.45,7000752.675,-1177.22895,-2102.33789,3006.85012,2020-03-13 19:29:41.970,-233680131.96001574,-268781044.1208768,-92059854.81486258,147736515179.53363,-15659233344.741037,-6788390546.392013,58921.81229131943
46,2020,3,13,19,44,41.97,-17829002.663,17389361.314999998,9640001.534,-849.51108,-2449.72617,2849.86344,2020-03-13 19:44:41.970,-232979076.87786338,-269357499.3021294,-92371961.00718814,147740034990.25467,-15634711755.841887,-6777761240.309457,58921.8227079861
46,2020,3,13,19,59,41.97,-18440498.619999997,15043647.129,12116028.029,-507.44687,-2755.60761,2644.63989,2020-03-13 19:59:41.970,-232276504.63445494,-269932176.00301045,-92683457.11134489,147743549991.22665,-15610189634.531797,-6767131705.367916,58921.83312465277
46,2020,3,13,20,14,41.97,-18739810.928999998,12443256.618999999,14386899.929,-156.73377,-3014.8840200000004,2394.59585,2020-03-13 20:14:41.970,-231572420.4811603,-270505071.2423322,-92994341.35166772,147747060182.3124,-15585666981.580513,-6756501941.8951845,58921.84354131943
46,2020,3,13,20,29,41.97,-18721776.261,9632150.495,16414090.119,196.78797,-3223.20563,2103.8725,2020-03-13 20:29:41.970,-230866829.67560714,-271076182.0546875,-93304611.95858571,147750565563.37473,-15561143797.757936,-6745871950.219147,58921.8539579861
46,2020,3,13,20,44,41.97,-18386518.938,6657841.923,18163102.222000003,547.22299,-3377.03823,1777.27496,2020-03-13 20:44:41.970,-230159737.48162064,-271645505.490448,-93614267.16862726,147754066134.27673,-15536620083.834211,-6735241730.667759,58921.86437465277
46,2020,3,13,20,59,41.97,-17739460.57,3570636.077,19604037.382999998,888.7098,-3473.72018,1420.20245,2020-03-13 20:59:41.970,-229451149.16916192,-272213038.6157619,-93923305.22442497,147757561894.88153,-15512095840.579636,-6724611283.569048,58921.87479131943
46,2020,3,13,21,14,41.97,-16791249.344,422823.206,20712094.336999997,1215.5102,-3511.50861,1038.56997,2020-03-13 21:14:41.970,-228741070.01426756,-272778778.5125508,-94231724.37472038,147761052845.0521,-15487571068.764727,-6713980609.251124,58921.8852079861
46,2020,3,13,21,29,41.97,-15557608.837,-2732164.7630000003,21467995.255999997,1522.09854,-3489.6141,638.72178,2020-03-13 21:29:41.970,-228029505.29898867,-273342722.27850777,-94539522.87436882,147764538984.65182,-15463045769.160187,-6703349708.04217,58921.89562465277
46,2020,3,13,21,44,41.97,-14059106.946,-5840623.332,21858330.312,1803.24986,-3408.22301,227.33733,2020-03-13 21:44:41.970,-227316460.31133023,-273904867.0270941,-94846698.98434407,147768020313.5439,-15438519942.53691,-6692718580.270434,58921.90604131943
46,2020,3,13,21,59,41.97,-12320846.405,-8849458.754999999,21875814.372,2054.1258,-3268.50657,-188.66979,2020-03-13 21:59:41.970,-226601940.34519088,-274465209.8875359,-95153250.97174263,147771496831.59186,-15413993589.665995,-6682087226.264252,58921.9164579861
46,2020,3,13,22,14,41.97,-10372079.277999999,-11707073.282,21519449.878,2270.3574299999996,-3072.61593,-602.25912,2020-03-13 22:14:41.970,-225885950.70030203,-275023748.0048213,-95459177.10978854,147774968538.65933,-15389466711.318724,-6671455646.352037,58921.92687465277
46,2020,3,13,22,29,41.97,-8245748.955999999,-14364239.237,20794590.759999998,2448.12332,-2823.66217,-1006.37582,2020-03-13 22:29:41.970,-225168496.68216828,-275580478.53969556,-95764475.67783739,147778435434.60983,-15364939308.266571,-6660823840.862273,58921.93729131943
46,2020,3,13,22,44,41.97,-5977964.391000001,-16774948.090000002,19712903.235999998,2584.22175,-2525.6805600000002,-1394.06709,2020-03-13 22:44:41.970,-224449583.60200676,-276135398.6686591,-96069144.96138048,147781897519.30695,-15340411381.281229,-6650191810.123519,58921.9477079861
46,2020,3,13,22,59,41.97,-3607412.7079999996,-18897220.061,18292220.625,2676.1352,-2183.5785300000002,-1758.6009600000002,2020-03-13 22:59:41.970,-223729216.77668744,-276688505.5839619,-96373183.25204925,147785354792.6146,-15315882931.134567,-6639559554.464407,58921.95812465277
46,2020,3,13,23,14,41.97,-1174717.791,-20693859.360999998,16556290.824,2722.0856200000003,-1803.06689,-2093.5857100000003,2020-03-13 23:14:41.970,-223007401.52867332,-277239796.49360013,-96676588.84761888,147788807254.3967,-15291353958.598637,-6628927074.213653,58921.96854131943
46,2020,3,13,23,29,41.97,1278245.99,-22133140.007999998,14534416.962,2721.07855,-1390.57435,-2393.0874599999997,2020-03-13 23:29:41.970,-222284143.18596023,-277789268.6213113,-96979360.05201249,147792254904.51715,-15266824464.445705,-6618294369.7000475,58921.9789579861
46,2020,3,13,23,44,41.97,3709074.2019999996,-23189407.405,12260993.82,2672.93462,-953.1459,-2651.74375,2020-03-13 23:44:41.970,-221559447.08201793,-278336919.2065693,-97281495.17530493,147795697742.84012,-15242294449.448221,-6607661441.25245,58921.98937465277
46,2020,3,13,23,59,41.97,6075574.727,-23843581.476,9774944.939000001,2578.3066099999996,-498.32595000000003,-2864.87017,2020-03-13 23:59:41.970,-220833318.55573052,-278882745.5045805,-97582992.53372616,147799135769.22974,-15217763914.378834,-6597028289.1998005,58921.99979131943
46,2020,3,14,0,14,41.97,8336519.447999999,-24083547.48,7119066.133,2438.68098,-34.02768,-3028.55761,2020-03-14 00:14:41.970,-220105762.95133653,-279426744.78627753,-97883850.44966514,147802568983.5504,-15193232860.01039,-6586394913.8711195,58922.0102079861
46,2020,3,14,0,29,41.97,10452385.57,-23904428.406,4339295.655,2256.36248,431.60827,-3139.7559300000003,2020-03-14 00:29:41.970,-219376785.61837018,-279968914.33831483,-98184067.25167325,147805997385.66623,-15168701287.115913,-6575761315.595495,58922.02062465277
46,2020,3,14,0,44,41.97,12386083.973000001,-23308717.126,1483898.257,2034.44212,890.36509,-3196.34434,2020-03-14 00:44:41.970,-218646391.9116024,-280509251.4630625,-98483641.27446775,147809420975.44186,-15144169196.468643,-6565127494.702099,58922.03104131943
46,2020,3,14,0,59,41.97,14103642.316,-22306278.642,-1397388.811,1776.74725,1334.10516,-3197.1820900000002,2020-03-14 00:59:41.970,-217914587.1909821,-281047753.4786006,-98782570.85893476,147812839752.74182,-15119636588.841995,-6554493451.52017,58922.0414579861
46,2020,3,14,1,14,41.97,15574840.001,-20914207.063,-4254255.432,1487.77531,1754.92757,-3142.14044,2020-03-14 01:14:41.970,-217181376.82157657,-281584417.7187143,-99080854.35213281,147816253717.43097,-15095103465.009586,-6543859186.37903,58922.05187465277
46,2020,3,14,1,29,41.97,16773775.527999999,-19156542.478,-7036735.76,1172.6120099999998,2145.32314,-3032.1131100000002,2020-03-14 01:29:41.970,-216446766.17351356,-282119241.5328862,-99378490.10729575,147819662869.37378,-15070569825.745222,-6533224699.608084,58922.06229131943
46,2020,3,14,1,44,41.97,17679353.816,-17063850.989,-9696124.908,836.8355899999999,2498.32278,-2869.00472,2020-03-14 01:44:41.970,-215710760.62192276,-282652222.2862912,-99675476.4838359,147823067208.43512,-15046035671.822905,-6522589991.536793,58922.0727079861
46,2020,3,14,1,59,41.97,18275682.049,-14672675.583,-12185875.238,486.4097,2807.6355,-2655.6970899999997,2020-03-14 01:59:41.970,-214973365.54687732,-283183357.35978955,-99971811.84734659,147826466734.4803,-15021501004.01684,-6511955062.494718,58922.08312465277
46,2020,3,14,2,14,41.97,18552364.842,-12024869.067,-14462452.558999998,127.56729999999999,3067.77195,-2395.99404,2020-03-14 02:14:41.970,-214234586.33333516,-283712644.1499193,-100267494.56960541,147829861447.37405,-14996965823.101406,-6501319912.811475,58922.09354131943
46,2020,3,14,2,29,41.97,18504692.138,-9166823.395,-16486133.493,-233.31115,3274.15054,-2094.54611,2020-03-14 02:29:41.970,-213494428.37108162,-284240080.06889135,-100562523.0285766,147833251346.98172,-14972430129.851189,-6490684542.816769,58922.1039579861
46,2020,3,14,2,44,41.97,18133716.027999997,-6148612.441000001,-18221726.846,-589.82212,3423.1833300000003,-1756.7573599999998,2020-03-14 02:44:41.970,-212752897.05467132,-284765662.54458034,-100856895.60841365,147836636433.16858,-14947893925.04096,-6480048952.840378,58922.11437465277
46,2020,3,14,2,59,41.97,17446215.616,-3023067.2909999997,-19639203.922000002,-935.66285,3512.33984,-1388.6767300000001,2020-03-14 02:59:41.970,-212009997.78337008,-285289389.02051866,-101150610.69946209,147840016705.8,-14923357209.445683,-6469413143.212153,58922.12479131943
46,2020,3,14,3,14,41.97,16454551.899999999,155195.43899999998,-20714225.338,-1264.75144,3540.1874900000003,-996.8771899999999,2020-03-14 03:14:41.970,-211265735.9610974,-285811256.955888,-101443666.69826159,147843392164.7414,-14898819983.840525,-6458777114.262033,58922.1352079861
46,2020,3,14,3,29,41.97,15176417.351,3330771.094,-21428554.735000003,-1571.3402899999999,3506.4085,-588.3258500000001,2020-03-14 03:29:41.970,-210520116.99636906,-286331263.8255125,-101736062.0075483,147846762809.85855,-14874282249.000832,-6448140866.32002,58922.14562465277
46,2020,3,14,3,44,41.97,13634487.309,6448469.087,-21770352.865000002,-1850.12047,3411.7934,-170.24855,2020-03-14 03:44:41.970,-209773146.30223966,-286849407.1198501,-102027795.03625725,147850128641.01703,-14849744005.702152,-6437504399.716202,58922.15604131943
46,2020,3,14,3,59,41.97,11855982.390999999,9454299.128,-21734348.617,-2096.3148,3258.21243,250.00761999999997,2020-03-14 03:59:41.970,-209024829.29624563,-287365684.34498525,-102318864.19952439,147853489658.08258,-14825205254.720217,-6426867714.780726,58922.1664579861
46,2020,3,14,4,14,41.97,9872152.794,12296422.253,-21321886.536000002,-2305.75806,3048.56626,665.11077,2020-03-14 04:14:41.970,-208275171.40034777,-287880093.0226196,-102609267.91868857,147856845860.92123,-14800665996.830969,-6416230811.843842,58922.17687465277
46,2020,3,14,4,29,41.97,7717696.622,14926049.048,-20540853.169000003,-2474.96326,2786.71828,1067.87659,2020-03-14 04:29:41.970,-207524178.04087454,-288392630.69006497,-102899004.62129347,147860197249.39905,-14776126232.810516,-6405593691.235852,58922.18729131943
46,2020,3,14,4,44,41.97,5430125.188,17298269.446999997,-19405487.098,-2601.17318,2477.4107,1451.3940400000001,2020-03-14 04:44:41.970,-206771854.64846525,-288903294.90023327,-103188072.74108957,147863543823.38208,-14751585963.435173,-6394956353.287153,58922.1977079861
46,2020,3,14,4,59,41.97,3049088.645,19372800.796,-17936079.658999998,-2682.39693,2126.16723,1809.14222,2020-03-14 04:59:41.970,-206018206.6580136,-289412083.22162855,-103476470.7180357,147866885582.73663,-14727045189.481445,-6384318798.32821,58922.20812465277
46,2020,3,14,5,14,41.97,615675.328,21114643.215,-16158575.135,-2717.43186,1739.1848599999998,2135.09668,2020-03-14 05:14:41.970,-205263239.508611,-289918993.23833734,-103764196.99830087,147870222527.32904,-14702503911.726028,-6373681026.689559,58922.21854131943
46,2020,3,14,5,29,41.97,-1828302.076,22494633.711,-14104080.609000001,-2705.8710600000004,1323.2175399999999,2423.8236699999998,2020-03-14 05:29:41.970,-204506958.64348984,-290424022.5500204,-104051250.03426583,147873554657.0257,-14677962130.945808,-6363043038.701822,58922.2289579861
46,2020,3,14,5,44,41.97,-4241020.989,23489892.865999997,-11808296.68,-2648.09737,885.45414,2670.56157,2020-03-14 05:44:41.970,-203749369.50996852,-290927168.7719025,-104337628.28452432,147876881971.6934,-14653419847.917864,-6352404834.695691,58922.23937465277
46,2020,3,14,5,59,41.97,-6581352.239,24084160.095,-9310880.924999999,-2545.26474,433.39329,2871.2888900000003,2020-03-14 05:59:41.970,-202990477.55939406,-291428429.5347633,-104623330.21388477,147880204471.1986,-14628877063.419472,-6341766415.00194,58922.24979131943
46,2020,3,14,6,14,41.97,-8809541.296,24268015.586000003,-6654756.354,-2399.26806,-25.28297,3022.7785200000003,2020-03-14 06:14:41.970,-202230288.24708712,-291927802.4849271,-104908354.29337125,147883522155.4083,-14604333778.22809,-6331127779.951418,58922.2602079861
46,2020,3,14,6,29,41.97,-10887857.558,24038988.811,-3885377.185,-2212.70247,-482.83455,3122.63829,2020-03-14 06:29:41.970,-201468807.03228566,-292425285.28425395,-105192699.00022511,147886835024.18924,-14579789993.121363,-6320488929.875044,58922.27062465277
46,2020,3,14,6,44,41.97,-12781202.829,23401555.180999998,-1049964.1770000001,-1988.8136000000002,-931.58632,3169.33815,2020-03-14 06:44:41.970,-200706039.37809005,-292920875.61012834,-105476362.81790572,147890143077.40863,-14555245708.87714,-6309849865.103825,58922.28104131943
46,2020,3,14,6,59,41.97,-14457671.181,22367023.768,1803278.562,-1731.43948,-1364.04693,3162.22422,2020-03-14 06:59:41.970,-199941990.75140694,-293414571.1554498,-105759344.23609148,147893446314.9335,-14530700926.273455,-6299210585.968832,58922.2914579861
46,2020,3,14,7,14,41.97,-15889053.397,20953320.242000002,4625953.745,-1444.94562,-1773.02263,3101.52033,2020-03-14 07:14:41.970,-199176666.62289435,-293906369.62862164,-106041641.75068113,147896744736.63123,-14506155646.088526,-6288571092.801219,58922.30187465277
46,2020,3,14,7,29,41.97,-17051280.187,19184670.149,7370257.029999999,-1134.15408,-2151.72482,2988.31758,2020-03-14 07:29:41.970,-198410072.46690682,-294396268.75354207,-106323253.86379415,147900038342.36914,-14481609869.100763,-6277931385.9322195,58922.31229131943
46,2020,3,14,7,44,41.97,-17924799.213999998,17091188.503000002,9989748.545,-804.26746,-2493.87053,2824.55247,2020-03-14 07:44:41.970,-197642213.76143974,-294884266.2695909,-106604179.08377191,147903327132.0147,-14457063596.088781,-6267291465.693139,58922.3227079861
46,2020,3,14,7,59,41.97,-18494881.854,14708382.352,12440099.822,-460.78887000000003,-2793.7751999999996,2612.9742,2020-03-14 07:59:41.970,-196873095.98807526,-295370359.9316205,-106884415.92517798,147906611105.43564,-14432516827.831373,-6256651332.415358,58922.33312465277
46,2020,3,14,8,14,41.97,-18751856.322,12076573.591,14679806.64,-109.43847,-3046.43704,2357.1016600000003,2020-03-14 08:14:41.970,-196102724.6319272,-295854547.50994414,-107163962.90879898,147909890262.49957,-14407969565.107515,-6246010986.430336,58922.34354131943
46,2020,3,14,8,29,41.97,-18691264.517,9240249.864,16670858.729,243.93244,-3247.61242,2061.17071,2020-03-14 08:29:41.970,-195331105.18158674,-296336826.7903246,-107442818.56164499,147913164603.07446,-14383421808.696383,-6235370428.069609,58922.3539579861
46,2020,3,14,8,44,41.97,-18313940.58,6247351.896,18379357.744,593.42937,-3393.8815999999997,1730.07201,2020-03-14 08:44:41.970,-194558243.12906802,-296817195.5739627,-107720981.41694997,147916434127.02823,-14358873559.377337,-6224729657.664791,58922.36437465277
46,2020,3,14,8,59,41.97,-17626009.807,3148506.169,19776075.304,933.2036099999999,-3482.7043400000002,1369.2800300000001,2020-03-14 08:59:41.970,-193784143.96975386,-297295651.6774856,-107998450.01417203,147919698834.22894,-14334324817.929934,-6214088675.547569,58922.37479131943
46,2020,3,14,9,14,41.97,-16638807.188,-3787.577,20836943.271,1257.54166,-3512.46458,984.77357,2020-03-14 09:14:41.970,-193008813.20234215,-297772192.9329355,-108275222.89899379,147922958724.54498,-14309775585.133904,-6203447482.0497055,58922.3852079861
46,2020,3,14,9,29,41.97,-15368715.536,-3156003.8789999997,21543468.830999997,1560.9544099999998,-3482.50349,582.94821,2020-03-14 09:29:41.970,-192232256.32879156,-298246817.18775684,-108551298.62332247,147926213797.84454,-14285225861.769196,-6192806077.503048,58922.39562465277
46,2020,3,14,9,44,41.97,-13836923.912,-6254463.297,21883067.367,1838.2649099999999,-3393.1400900000003,170.52127000000002,2020-03-14 09:44:41.970,-191454478.85426766,-298719522.3047852,-108826675.74528979,147929464053.9961,-14260675648.615913,-6182164462.239505,58922.40604131943
46,2020,3,14,9,59,41.97,-12069107.923,-9246216.772,21849306.647,2084.6940200000004,-3245.6784700000003,-245.57013999999998,2020-03-14 09:59:41.970,-190675486.28709024,-299190306.1622344,-109101352.82925247,147932709492.86838,-14236124946.454361,-6171522636.591079,58922.4164579861
46,2020,3,14,10,14,41.97,-10095034.434999999,-12079930.181,21442056.447,2295.94254,-3042.40091,-658.2771200000001,2020-03-14 10:14:41.970,-189895284.13867894,-299659166.6536843,-109375328.44579159,147935950114.3299,-14211573756.065054,-6160880600.889837,58922.42687465277
46,2020,3,14,10,29,41.97,-7948094.353,-14706755.934999999,20667538.614,2468.26869,-2786.54578,-1060.55207,2020-03-14 10:29:41.970,-189113877.9235006,-300126101.68806773,-109648601.17171262,147939185918.2497,-14187022078.22865,-6150238355.467927,58922.43729131943
46,2020,3,14,10,44,41.97,-5664768.398,-17081177.649,19538273.544,2598.55926,-2482.2697200000002,-1445.46551,2020-03-14 10:44:41.970,-188331273.15901604,-300591109.18965846,-109921169.59004526,147942416904.4966,-14162469913.726036,-6139595900.657566,58922.4477079861
46,2020,3,14,10,59,41.97,-3284032.1909999996,-19161813.386,18072920.415,2684.39305,-2134.59332,-1806.3251,2020-03-14 10:59:41.970,-187547475.36562738,-301054187.0980577,-110193032.29004297,147945643072.9398,-14137917263.338268,-6128953236.791065,58922.45812465277
46,2020,3,14,11,14,41.97,-846708.448,-20912162.509000003,16296010.046,2724.0947,-1749.33009,-2136.79488,2020-03-14 11:14:41.970,-186762490.0666246,-301515333.368182,-110464187.86718264,147948864423.44836,-14113364127.846592,-6118310364.2007885,58922.46854131943
46,2020,3,14,11,29,41.97,1605224.3490000002,-22301281.11,14237571.154,2716.77727,-1332.99883,-2431.0125,2020-03-14 11:29:41.970,-185976322.7881339,-301974545.9702485,-110734634.92316416,147952080955.8918,-14088810508.03245,-6107667283.219191,58922.4789579861
46,2020,3,14,11,44,41.97,4029355.893,-23304371.224999998,11932652.91,2662.37185,-892.71979,-2683.70202,2020-03-14 11:44:41.970,-185188979.05906448,-302431822.88976294,-111004372.06590952,147955292670.13953,-14064256404.677456,-6097023994.178808,58922.48937465277
46,2020,3,14,11,59,41.97,6383588.217999999,-23903269.779999997,9420749.045,2561.64269,-436.09595,-2890.2794200000003,2020-03-14 11:59:41.970,-184400464.411057,-302887162.1275061,-111273397.90956251,147958499566.06113,-14039701818.563414,-6086380497.412237,58922.49979131943
46,2020,3,14,12,14,41.97,8626886.447999999,-24086824.457,6745131.288,2416.18647,28.91923,-3046.94809,2020-03-14 12:14:41.970,-183610784.37843066,-303340561.6995185,-111541711.0744879,147961701643.52628,-14015146750.472336,-6075736793.25216,58922.5102079861
46,2020,3,14,12,29,41.97,10720021.418,-23851145.423,3952102.488,2228.41485,494.16502,-3150.7813699999997,2020-03-14 12:29:41.970,-182819944.49813235,-303792019.6370887,-111809310.18727033,147964898902.40494,-13990591201.186388,-6065092882.031333,58922.52062465277
46,2020,3,14,12,44,41.97,12626288.855999999,-23199724.204,1090182.2580000001,2001.51982,951.42489,-3199.7894800000004,2020-03-14 12:44:41.970,-182027950.30968362,-304241533.9867383,-112076193.88071392,147968091342.56705,-13966035171.487947,-6054448764.082589,58922.53104131943
46,2020,3,14,12,59,41.97,14312189.568,-22143413.792,-1790759.6739999999,1739.42174,1392.5828099999999,-3192.96849,2020-03-14 12:59:41.970,-181234807.3551298,-304689102.8102081,-112342360.7938409,147971278963.8829,-13941478662.15957,-6043804439.738844,58922.5414579861
46,2020,3,14,13,14,41.97,15748055.394000001,-20700267.313,-4640405.284,1446.70092,1809.78062,-3130.32919,2020-03-14 13:14:41.970,-180440521.17898875,-305134724.1844432,-112607809.57189077,147974461766.22244,-13916921673.983994,-6033159909.333074,58922.55187465277
46,2020,3,14,13,29,41.97,16908606.519,-18895236.099000003,-7408906.532,1128.5137599999998,2195.5723900000003,-3012.9046200000003,2020-03-14 13:29:41.970,-179645097.32819936,-305578396.20158,-112872538.86631905,147977639749.45624,-13892364207.744146,-6022515173.198343,58922.56229131943
46,2020,3,14,13,44,41.97,17773427.109,-16759731.707999999,-10047800.5,790.49547,2543.07175,-2842.7355,2020-03-14 13:44:41.970,-178848541.35207012,-306020116.9689302,-113136547.33479603,147980812913.45483,-13867806264.223139,-6011870231.667789,58922.5727079861
46,2020,3,14,13,59,41.97,18327348.112,-14331060.066,-12510901.401999999,438.65146999999996,2846.08804,-2622.8334699999996,2020-03-14 13:59:41.970,-178050858.80222854,-306459884.60896707,-113399833.6412058,147983981258.08884,-13843247844.204279,-6001225085.074632,58922.58312465277
46,2020,3,14,14,14,41.97,18560728.344,-11651739.404,-14755149.884,79.24046,3099.24787,-2357.1231300000004,2020-03-14 14:14:41.970,-177252055.23257026,-306897697.2593101,-113662396.45564467,147987144783.229,-13818688948.47104,-5990579733.752152,58922.59354131943
46,2020,3,14,14,29,41.97,18469627.641,-8768716.714,-16741401.020000001,-281.348,3298.09854,-2050.36411,2020-03-14 14:29:41.970,-176452136.19920862,-307333553.0727109,-113924234.45441951,147990303488.74622,-13794129577.807096,-5979934178.033716,58922.6039579861
46,2020,3,14,14,44,41.97,18055868.661000002,-5732500.1110000005,-18435134.116,-636.71798,3439.19117,-1708.05557,2020-03-14 14:44:41.970,-175651107.26042366,-307767450.2170365,-114185346.32004681,147993457374.51163,-13769569732.9963,-5969288418.252772,58922.61437465277
46,2020,3,14,14,59,41.97,17326986.836,-2596226.3979999996,-19807069.582,-980.59067,3520.14131,-1336.3257500000002,2020-03-14 14:59:41.970,-174848973.97661263,-308199386.87525624,-114445730.7412507,147996606440.39648,-13745009414.822691,-5958642454.742832,58922.62479131943
46,2020,3,14,15,14,41.97,16296070.847000001,585315.5040000001,-20833680.792,-1306.92372,3539.66626,-941.80958,2020-03-14 15:14:41.970,-174045741.9102394,-308629361.2454246,-114705386.41296136,147999750686.27194,-13720448624.070484,-5947996287.837492,58922.6352079861
46,2020,3,14,15,29,41.97,14981498.622,3756684.053,-21497591.768999998,-1610.0236000000002,3497.59877,-531.5178999999999,2020-03-14 15:29:41.970,-173241416.6257844,-309057371.54066706,-114964312.03631337,148002890112.0096,-13695887361.524097,-5937349917.870421,58922.64562465277
46,2020,3,14,15,44,41.97,13406576.303,6862786.391,-21787854.574,-1884.64852,3394.87749,-112.70151,2020-03-14 15:44:41.970,-172436003.68969518,-309483415.9891632,-115222506.31864391,148006024717.48096,-13671325627.968113,-5926703345.175363,58922.65604131943
46,2020,3,14,15,59,41.97,11599089.604,9849861.053000001,-21700103.395,-2126.0998400000003,3233.51541,307.28634,2020-03-14 15:59:41.970,-171629508.67033648,-309907492.8341319,-115479967.97349077,148009154502.55795,-13646763424.187317,-5916056570.086138,58922.6664579861
46,2020,3,14,16,14,41.97,9590778.656,12666422.993,-21236585.274,-2330.30053,3016.54801,721.12604,2020-03-14 16:14:41.970,-170821937.1379412,-310329600.3338152,-115736695.72059077,148012279467.11224,-13622200750.966654,-5905409592.936645,58922.67687465277
46,2020,3,14,16,29,41.97,7416748.583,15264153.556,-20406070.189999998,-2493.85936,2747.96316,1121.6632200000001,2020-03-14 16:29:41.970,-170013294.6645608,-310749736.76146257,-115992688.28587724,148015399611.0159,-13597637609.09127,-5894762414.06085,58922.68729131943
46,2020,3,14,16,44,41.97,5114828.834,17598720.081,-19223645.644,-2614.1205,2432.61527,1502.03339,2020-03-14 16:44:41.970,-169203586.82401592,-311167900.4053138,-116247944.4014783,148018514934.14133,-13573073999.346497,-5884115033.792811,58922.6977079861
46,2020,3,14,16,59,41.97,2724894.659,19630512.133,-17710403.041,-2689.1981,2076.1263099999996,1855.77743,2020-03-14 16:59:41.970,-168392819.1918484,-311584089.56858397,-116502462.80571465,148021625436.3604,-13548509922.51783,-5873467452.466643,58922.70812465277
46,2020,3,14,17,14,41.97,288164.07800000004,21325283.716000002,-15893024.848,-2717.99619,1684.7763200000002,2176.94635,2020-03-14 17:14:41.970,-167580997.34527123,-311998302.5694464,-116756242.24309729,148024731117.5459,-13523945379.390974,-5862819670.416553,58922.71854131943
46,2020,3,14,17,29,41.97,-2153516.601,22654693.26,-13803282.889,-2700.21434,1265.38613,2460.1938200000004,2020-03-14 17:29:41.970,-166768126.8631212,-312410537.7410158,-117009281.46432531,148027831977.57034,-13499380370.751783,-5852171687.9768095,58922.7289579861
46,2020,3,14,17,44,41.97,-4558386.27,23596735.472,-11477459.099,-2636.33993,825.19479,2700.8558599999997,2020-03-14 17:44:41.970,-165954213.3258096,-312820793.4313324,-117261579.22628342,148030928016.3063,-13474814897.386328,-5841523505.481762,58922.73937465277
46,2020,3,14,17,59,41.97,-6885469.814,24136061.39,-8955700.681,-2527.62789,371.73404,2895.01685,2020-03-14 17:59:41.970,-165139262.31527394,-313229068.0033454,-117513134.29203965,148034019233.62677,-13450248960.08084,-5830875123.265845,58922.74979131943
46,2020,3,14,18,14,41.97,-9095255.481,24264184.961,-6281321.946,-2376.06904,-87.29795999999999,3039.5619699999997,2020-03-14 18:14:41.970,-164323279.41493076,-313635359.8348945,-117763945.4308428,148037105629.4048,-13425682559.621733,-5820226541.663556,58922.7602079861
46,2020,3,14,18,29,41.97,-11150339.037,23979576.308,-3500065.165,-2184.34816,-544.16188,3132.21589,2020-03-14 18:29:41.970,-163506270.2096265,-314039667.3186944,-118014011.41811988,148040187203.51364,-13401115696.795614,-5809577761.00946,58922.77062465277
46,2020,3,14,18,44,41.97,-13016026.025999999,23287643.43,-659332.647,-1955.79298,-991.19965,3171.5681,2020-03-14 18:44:41.970,-162688240.2855908,-314441988.8623174,-118263331.0354735,148043263955.82626,-13376548372.389263,-5798928781.6382265,58922.78104131943
46,2020,3,14,18,59,41.97,-14660884.445,22200605.468000002,2192598.099,-1694.31524,-1420.9527799999998,3157.08521,2020-03-14 18:59:41.970,-161869195.23038802,-314842322.8881758,-118511903.07067923,148046335886.2164,-13351980587.189644,-5788279603.884575,58922.7914579861
46,2020,3,14,19,14,41.97,-16057241.185999999,20737261.799,5007364.627,-1404.34482,-1826.27534,3089.11084,2020-03-14 19:14:41.970,-161049140.63287038,-315240667.8335047,-118759726.31768267,148049402994.55753,-13327412341.983892,-5777630228.0833025,58922.80187465277
46,2020,3,14,19,29,41.97,-17181616.535,18922662.245,7737304.283000001,-1090.75812,-2200.4406,2968.8534799999998,2020-03-14 19:29:41.970,-160228082.08313078,-315637022.1503447,-119006799.5765969,148052465280.7234,-13302843637.55934,-5766980654.569295,58922.81229131943
46,2020,3,14,19,44,41.97,-18015091.921,16787684.43,10336222.928,-758.80149,-2537.24055,2798.3632,2020-03-14 19:44:41.970,-159406025.17245528,-316031384.3055244,-119253121.65369935,148055522744.58798,-13278274474.703482,-5756330883.677505,58922.8227079861
46,2020,3,14,19,59,41.97,-18543606.911,14368525.069,12760137.741,-414.01072,-2831.0776,2580.4974,2020-03-14 19:59:41.970,-158582975.49327633,-316423752.7806417,-119498691.36142899,148058575386.02527,-13253704854.20401,-5745680915.742959,58922.83312465277
46,2020,3,14,20,14,41.97,-18758182.2,11706112.534,14967984.634,-62.12723,-3077.04768,2318.87655,2020-03-14 20:14:41.970,-157758938.63912654,-316814126.072048,-119743507.51838326,148061623204.9093,-13229134776.84879,-5735030751.100758,58922.84354131943
46,2020,3,14,20,29,41.97,-18655066.026,8845448.582999999,16922281.346,290.98819,-3271.01443,2017.8299900000002,2020-03-14 20:29:41.970,-156933920.20459113,-317202502.6908278,-119987568.94931501,148064666201.11472,-13204564243.425848,-5724380390.086082,58922.8539579861
46,2020,3,14,20,44,41.97,-18235802.112,5834887.716999999,18589737.64,639.44336,-3409.6735900000003,1682.33267,2020-03-14 20:44:41.970,-156107925.78526247,-317588881.16278285,-120230874.48512936,148067704374.51575,-13179993254.723429,-5713729833.034185,58922.86437465277
46,2020,3,14,20,59,41.97,-17507217.833,2725363.1089999997,19941804.466000002,977.40391,-3490.60716,1317.9328699999999,2020-03-14 20:59:41.970,-155280960.97769344,-317973260.02841294,-120473422.96288049,148070737724.98712,-13155421811.529917,-5703079080.2803955,58922.87479131943
46,2020,3,14,21,14,41.97,-16481332.002999999,-430431.289,20955154.328,1299.1825900000001,-3512.32654,930.67165,2020-03-14 21:14:41.970,-154453031.37935132,-318355637.8428973,-120715213.22576848,148073766252.4036,-13130849914.633911,-5692428132.160115,58922.8852079861
46,2020,3,14,21,29,41.97,-15175182.304,-3578892.2619999996,21612085.466000002,1599.3283199999998,-3474.3039599999997,526.99418,2020-03-14 21:29:41.970,-153624142.58857208,-318736013.17607737,-120956244.12313564,148076789956.64017,-13106277564.82415,-5681776989.0088215,58922.89562465277
46,2020,3,14,21,44,41.97,-13610573.222000001,-6666381.524,21900842.917999998,1872.7137300000002,-3376.9912999999997,113.6538,2020-03-14 21:44:41.970,-152794300.20451447,-319114384.61243767,-121196514.51046357,148079808837.5717,-13081704762.889584,-5671125651.16207,58922.90604131943
46,2020,3,14,21,59,41.97,-11813746.148,-9640110.886,21815850.062000003,2114.62033,-3221.82552,-302.39083,2020-03-14 21:59:41.970,-151963509.82711464,-319490750.7510873,-121436023.24936947,148082822895.0737,-13057131509.619331,-5660474118.955482,58922.9164579861
46,2020,3,14,22,14,41.97,-9814974.339,-12449025.896,21357844.88,2320.82014,-3011.21967,-714.08449,2020-03-14 22:14:41.970,-151131777.05704057,-319865110.2057409,-121674769.20760272,148085832129.02148,-13032557805.802673,-5649822392.724766,58922.92687465277
46,2020,3,14,22,29,41.97,-7648086.572000001,-15044674.665000001,20533916.058,2487.65229,-2748.53885,-1114.3890199999998,2020-03-14 22:29:41.970,-150299107.4956473,-320237461.6047011,-121912751.2590411,148088836539.2905,-13007983652.229084,-5639170472.805696,58922.93729131943
46,2020,3,14,22,44,41.97,-5349924.559,-17382047.865000002,19357435.082,2612.09331,-2438.06007,-1496.40054,2020-03-14 22:44:41.970,-149465506.74493143,-320607803.590838,-122149968.28368753,148091836125.75665,-12983409049.688213,-5628518359.534122,58922.9477079861
46,2020,3,14,22,59,41.97,-2959740.654,-19420375.289,17847881.858,2691.8193,-2084.91576,-1853.46858,2020-03-14 22:59:41.970,-148630980.4074863,-320976134.8215718,-122386419.16766614,148094830888.29556,-12958833998.969896,-5617866053.24597,58922.95812465277
46,2020,3,14,23,14,41.97,-518543.834,-21123864.021,16030562.964000002,2725.25839,-1695.02054,-2179.3151900000003,2020-03-14 23:14:41.970,-147795534.08645767,-321342453.9688528,-122622102.80321841,148097820826.78333,-12934258500.864115,-5607213554.277242,58922.96854131943
46,2020,3,14,23,29,41.97,1931596.4670000002,-22462363.17,13936223.578,2711.6316399999996,-1274.98129,-2468.15167,2020-03-14 23:29:41.970,-146959173.38549867,-321706759.71914196,-122857018.08869973,148100805941.09616,-12909682556.161064,-5596560862.964007,58922.9789579861
46,2020,3,14,23,44,41.97,4348277.564,-23411940.457000002,11600556.288,2650.98089,-831.9913300000001,-2714.7905899999996,2020-03-14 23:44:41.970,-146121903.908726,-322069050.77339274,-123091163.9285753,148103786231.11026,-12885106165.65109,-5585907979.642417,58922.98937465277
46,2020,3,14,23,59,41.97,6689509.222,-23955356.737,9063612.358000001,2544.1817499999997,-373.70971,-2914.7500499999996,2020-03-14 23:59:41.970,-145283731.26067546,-322429325.84703076,-123324539.23341621,148106761696.70218,-12860529330.124743,-5575254904.648701,58922.99979131943
46,2020,3,15,0,14,41.97,8914464.886,-24082424.945,6369121.824,2392.9408099999996,91.87281,-3064.34778,2020-03-15 00:14:41.970,-144444661.04625773,-322787583.6699352,-123557142.91989553,148109732337.7486,-12835952050.372696,-5564601638.319146,58923.0102079861
46,2020,3,15,0,29,41.97,10984218.516999999,-23790247.834999997,3563743.504,2199.77576,556.5776500000001,-3160.78105,2020-03-15 00:29:41.970,-143604698.8707152,-323143822.9864184,-123788973.91078426,148112698154.12616,-12811374327.185852,-5553948180.990133,58923.02062465277
46,2020,3,15,0,44,41.97,12862464.419,-23083313.638,696232.456,1967.97867,1012.1916600000001,-3202.19236,2020-03-15 00:44:41.970,-142763850.3395773,-323498042.5552068,-124020031.13494736,148115659145.71204,-12786796161.355263,-5543294532.9981,58923.03104131943
46,2020,3,15,0,59,41.97,14516187.619,-21973460.358,-2183425.963,1701.5616300000002,1450.6232699999998,-3187.71505,2020-03-15 00:59:41.970,-141922121.05861792,-323850241.14942074,-124250313.52733932,148118615312.38315,-12762217553.672165,-5532640694.679568,58923.0414579861
46,2020,3,15,1,14,41.97,15916282.187,-20479694.597999997,-5024922.9290000005,1405.18623,1864.05985,-3117.49954,2020-03-15 01:14:41.970,-141079516.6338118,-324200417.55655557,-124479820.02900036,148121566654.01678,-12737638504.92796,-5521986666.371134,58923.05187465277
46,2020,3,15,1,29,41.97,17038098.274,-18627870.918,-7778545.232000001,1084.07783,2245.12146,-2992.7179100000003,2020-03-15 01:29:41.970,-140236042.6712912,-324548570.57846063,-124708549.58705184,148124513170.49045,-12713059015.914232,-5511332448.409459,58923.06229131943
46,2020,3,15,1,44,41.97,17861905.869999997,-16450235.991000002,-10396088.481,743.92657,2587.00684,-2815.54623,2020-03-15 01:44:41.970,-139391704.77730304,-324894699.0313203,-124936501.1546921,148127454861.68155,-12688479087.422737,-5500678041.131289,58923.0727079861
46,2020,3,15,1,59,41.97,18373264.406,-13984846.226,-12831744.491,390.77756000000005,2883.62797,-2589.1249,2020-03-15 01:59:41.970,-138546508.55816615,-325238801.74563265,-125163673.69119225,148130391727.46805,-12663898720.245398,-5490023444.873437,58923.08312465277
46,2020,3,15,2,14,41.97,18563289.667,-11274870.962000001,-15042943.326000001,30.91298,3129.72924,-2317.49781,2020-03-15 02:14:41.970,-137700459.62022847,-325580877.56619054,-125390066.16189142,148133323767.72778,-12639317915.174326,-5479368659.972793,58923.09354131943
46,2020,3,15,2,29,41.97,18428812.146,-8367796.379,-16991131.625,-329.27071,3320.98843,-2005.53187,2020-03-15 02:29:41.970,-136853563.56982458,-325920925.35206145,-125615677.53819263,148136250982.33878,-12614736673.00179,-5468713686.766316,58923.1039579861
46,2020,3,15,2,44,41.97,17972423.831,-5314547.785,-18642470.562,-683.3873900000001,3454.09677,-1658.8193099999999,2020-03-15 02:44:41.970,-136005826.01323363,-326258943.97656465,-125840506.79755813,148139173371.17923,-12590154994.520245,-5458058525.5910425,58923.11437465277
46,2020,3,15,2,59,41.97,17202413.303,-2168549.827,-19968439.055,-1025.18431,3526.8165900000004,-1283.56534,2020-03-15 02:59:41.970,-135157252.5566372,-326594932.32725537,-126064552.92350484,148142090934.12766,-12565572880.522306,-5447403176.784084,58923.12479131943
46,2020,3,15,3,14,41.97,16132591.89,1015254.586,-20946330.515,-1348.66066,3538.01538,-886.4644499999999,2020-03-15 03:14:41.970,-134307848.80607682,-326928889.30589956,-126287814.9055997,148145003671.06253,-12540990331.800772,-5436747640.682622,58923.1352079861
46,2020,3,15,3,29,41.97,14782016.229,4181405.4299999997,-21559634.38,-1648.17881,3487.67628,-474.56865999999997,2020-03-15 03:29:41.970,-133457620.36741292,-327260813.8284563,-126510291.73945509,148147911581.8626,-12516407349.148613,-5426091917.623911,58923.14562465277
46,2020,3,15,3,44,41.97,13174614.956,7274925.679,-21798296.75,-1918.56573,3376.8855200000003,-55.15116,2020-03-15 03:44:41.970,-132606572.84628253,-327590704.82505596,-126731982.42672412,148150814666.40668,-12491823933.35896,-5415436007.945284,58923.15604131943
46,2020,3,15,3,59,41.97,11338729.218,10242300.159,-21658857.523,-2155.20274,3207.7979600000003,364.43122,2020-03-15 03:59:41.970,-131754711.84805836,-327918561.2399801,-126952885.97509578,148153712924.57388,-12467240085.225134,-5404779911.9841385,58923.1664579861
46,2020,3,15,4,14,41.97,9306578.261,13032414.246,-21144464.382,-2354.10212,2983.58265,776.8736299999999,2020-03-15 04:14:41.970,-130902042.97780713,-328244382.0316399,-127173001.39829028,148156606356.24347,-12442655805.5406,-5394123630.077953,58923.17687465277
46,2020,3,15,4,29,41.97,7113662.484,15597435.281,-20264766.679,-2511.96931,2708.3503699999997,1175.05401,2020-03-15 04:29:41.970,-130048571.84024884,-328568166.1725561,-127392327.71605387,148159494961.2947,-12418071095.099024,-5383467162.564275,58923.18729131943
46,2020,3,15,4,44,41.97,4798117.0540000005,17893621.721,-19035694.718,-2626.2504999999996,2387.0659299999998,1552.15661,2020-03-15 04:44:41.970,-129194304.03971554,-328889912.6493371,-127610863.95415428,148162378739.60718,-12393485954.69422,-5372810509.7807255,58923.1977079861
46,2020,3,15,4,59,41.97,2400029.461,19882047.316,-17479131.954,-2695.1652,2025.44748,1901.78612,2020-03-15 04:59:41.970,-128339245.18011034,-329209620.4626591,-127828609.14437565,148165257691.06064,-12368900385.120186,-5362153672.065002,58923.20812465277
46,2020,3,15,5,14,41.97,-39265.62899999999,21529230.001,-15622489.325000001,-2717.7241900000004,1629.85591,2218.07075,2020-03-15 05:14:41.970,-127483400.86486748,-329527288.6272441,-128045562.32451345,148168131815.53494,-12344314387.171091,-5351496649.754869,58923.21854131943
46,2020,3,15,5,29,41.97,-2477901.271,22807657.62,-13498192.22,-2693.73336,1207.17662,2495.75313,2020-03-15 05:29:41.970,-126626776.69691122,-329842916.17183876,-128261722.53836943,148171001112.91016,-12319727961.641262,-5340839443.188169,58923.2289579861
46,2020,3,15,5,44,41.97,-4874190.523999999,23696204.893,-11143091.511,-2623.78418,764.69644,2730.2680600000003,2020-03-15 05:44:41.970,-125769378.27861615,-330156502.1391935,-128477088.83574666,148173865583.06647,-12295141109.325209,-5330182052.702812,58923.23937465277
46,2020,3,15,5,59,41.97,-7187324.553,24180438.213,-8597810.652,-2509.23191,309.97789,2917.80679,2020-03-15 05:59:41.970,-124911211.21176653,-330468045.5860412,-128691660.27244411,148176725225.88428,-12270553831.017591,-5319524478.636786,58923.24979131943
46,2020,3,15,6,14,41.97,-9378045.932,24252806.898,-5906041.157,-2352.16248,-149.26717,3055.3674499999997,2020-03-15 06:14:41.970,-124052281.09751672,-330777545.5830753,-128905435.91025181,148179580041.24417,-12245966127.51327,-5308866721.328149,58923.2602079861
46,2020,3,15,6,29,41.97,-11409287.531,23912721.245,-3113798.768,-2155.3493000000003,-605.3023800000001,3140.79196,2020-03-15 06:29:41.970,-123192593.53635144,-331085001.2149286,-129118414.8169453,148182430029.02676,-12221377999.60724,-5298208781.115029,58923.27062465277
46,2020,3,15,6,44,41.97,-13246768.419,23166519.368,-268652.49899999995,-1922.2011400000001,-1050.4889500000002,3172.78953,2020-03-15 06:44:41.970,-122332154.12804593,-331390411.5801523,-129330596.06628054,148185275189.11295,-12196789448.094694,-5287550658.335632,58923.28104131943
46,2020,3,15,6,59,41.97,-14859539.242,22027326.074,2581061.6380000003,-1656.70216,-1477.4033200000001,3150.9472,2020-03-15 06:59:41.970,-121470968.47162652,-331693775.7911936,-129541978.73798852,148188115521.38394,-12172200473.770966,-5276892353.328231,58923.2914579861
46,2020,3,15,7,14,41.97,-16220470.565,20514808.237,5387030.791999999,-1363.34528,-1878.94933,3075.72809,2020-03-15 07:14:41.970,-120609042.16533186,-331995092.97437423,-129752561.91776991,148190951025.7209,-12147611077.431581,-5266233866.431172,58923.30187465277
46,2020,3,15,7,29,41.97,-17306678.583,18654832.024,8101748.4180000005,-1047.05984,-2248.46396,2948.45766,2020-03-15 07:29:41.970,-119746380.8065733,-332294362.2698688,-129962344.69728957,148193781702.0052,-12123021259.872217,-5255575197.982883,58923.31229131943
46,2020,3,15,7,44,41.97,-18099883.509999998,16479028.147000002,10679280.021,-713.13446,-2579.8158999999996,2771.29882,2020-03-15 07:44:41.970,-118882989.99189597,-332591582.83168316,-130171326.17417116,148196607550.11835,-12098431021.888727,-5244916348.321844,58923.3227079861
46,2020,3,15,7,59,41.97,-18586696.748,14024272.01,13076001.636,-367.13603,-2867.496,2547.21637,2020-03-15 07:59:41.970,-118018875.31694052,-332886753.8276323,-130379505.4519916,148199428569.94244,-12073840364.277136,-5234257317.786631,58923.33312465277
46,2020,3,15,8,14,41.97,-18758833.689,11332086.148,15251301.659,-14.825619999999999,-3106.69936,2279.93122,2020-03-15 08:14:41.970,-117154042.37640393,-333179874.43931884,-130586881.64027557,148202244761.3589,-12049249287.83361,-5223598106.715867,58923.34354131943
46,2020,3,15,8,29,41.97,-18613249.67,8447972.973,17168237.139000002,337.92810000000003,-3293.39806,1973.865,2020-03-15 08:29:41.970,-116288496.76400161,-333470943.86211014,-130793453.8544899,148205056124.25018,-12024657793.354515,-5212938715.448276,58923.3539579861
46,2020,3,15,8,44,41.97,-18152197.264,5420686.306,18794136.040000003,685.2369699999999,-3424.4043300000003,1634.0754900000002,2020-03-15 08:44:41.970,-115422244.07242878,-333759961.3051172,-130999221.21603791,148207862658.4984,-12000065881.636358,-5202279144.3226185,58923.36437465277
46,2020,3,15,8,59,41.97,-17383203.707000002,2301450.775,20101137.377,1021.28255,-3497.42314,1266.18321,2020-03-15 08:59:41.970,-114555289.89332254,-334046925.9911724,-131204182.85225382,148210664363.98608,-11975473553.475838,-5191619393.677759,58923.37479131943
46,2020,3,15,9,14,41.97,-16318967.935999999,-856861.279,21066661.522,1340.40551,-3511.0939000000003,876.2896900000001,2020-03-15 09:14:41.970,-113687639.81722386,-334331837.1568067,-131408337.89639692,148213461240.5958,-11950880809.66979,-5180959463.852615,58923.3852079861
46,2020,3,15,9,29,41.97,-14977177.378,-4000585.068,21673803.366,1637.19436,-3465.02015,470.88785,2020-03-15 09:29:41.970,-112819299.43354002,-334614694.05222815,-131611685.48764591,148216253288.21033,-11926287651.015224,-5170299355.186181,58923.39562465277
46,2020,3,15,9,44,41.97,-13380245.424999999,-7076139.77,21911641.457999997,1906.57279,-3359.78668,56.76507,2020-03-15 09:44:41.970,-111950274.33050653,-334895495.9412994,-131814224.77109313,148219040506.71277,-11901694078.30933,-5159639068.017522,58923.40604131943
46,2020,3,15,9,59,41.97,-11554971.422,-10030914.27,21775456.822,2143.8844,-3196.96301,-359.10054,2020-03-15 09:59:41.970,-111080570.09515065,-335174242.10151494,-132015954.8977386,148221822895.98605,-11877100092.34944,-5148978602.685776,58923.4164579861
46,2020,3,15,10,14,41.97,-9532125.981999999,-12814149.645,21266855.783999998,2344.97368,-2979.09252,-769.64956,2020-03-15 10:14:41.970,-110210192.31325303,-335450931.8239796,-132216875.02448435,148224600455.9137,-11852505693.933071,-5138317959.530153,58923.42687465277
46,2020,3,15,10,29,41.97,-7345965.598,-15377804.973000001,20393792.065,2506.26187,-2709.6661700000004,-1167.8554299999998,2020-03-15 10:29:41.970,-109339146.56931117,-335725564.41338503,-132416984.31412825,148227373186.37906,-11827910883.857895,-5127657138.889933,58923.43729131943
46,2020,3,15,10,44,41.97,-5033681.848,-17677392.404999997,19170484.474,2624.81623,-2393.0802999999996,-1546.84208,2020-03-15 10:44:41.970,-108467438.44650269,-335998139.1879883,-132616281.9353583,148230141087.26578,-11803315662.921741,-5116996141.104462,58923.4477079861
46,2020,3,15,10,59,41.97,-2634791.853,-19672766.801000003,17617227.900999997,2698.4110100000003,-2034.57784,-1900.00309,2020-03-15 10:59:41.970,-107595073.52664813,-336268655.4795884,-132814767.06274661,148232904158.45798,-11778720031.922607,-5106334966.513165,58923.45812465277
46,2020,3,15,11,14,41.97,-190478.22300000003,-21328854.949,15760096.995,2725.57845,-1640.17285,-2221.12065,2020-03-15 11:14:41.970,-106722057.39017454,-336537112.633504,-133012438.87674312,148235662399.83945,-11754123991.65866,-5095673615.455532,58923.46854131943
46,2020,3,15,11,29,41.97,2257111.759,-22616309.356999997,13630543.82,2705.64807,-1216.5583900000001,-2504.48179,2020-03-15 11:29:41.970,-105848395.61607912,-336803510.00855106,-133209296.5636699,148238415811.2945,-11729527542.928226,-5085012088.271134,58923.4789579861
46,2020,3,15,11,44,41.97,4665596.4,-23512071.956,11264893.013999999,2638.77256,-770.99863,-2744.9894600000002,2020-03-15 11:44:41.970,-104974093.78189278,-337067846.9770205,-133405339.31571482,148241164392.7075,-11704930686.529787,-5074350385.299596,58923.48937465277
46,2020,3,15,11,59,41.97,6993106.578,-23999833.956,8703740.364,2525.9388,-311.20624000000004,-2938.26564,2020-03-15 11:59:41.970,-104099157.46364398,-337330122.92465353,-133600566.33092557,148243908143.963,-11680333423.261992,-5063688506.880629,58923.49979131943
46,2020,3,15,12,14,41.97,9199035.485,-24070379.431,5991263.263,2368.96282,154.79306,-3080.74354,2020-03-15 12:14:41.970,-103223592.23582333,-337590337.2506214,-133794976.81320319,148246647064.94568,-11655735753.923672,-5053026453.354003,58923.5102079861
46,2020,3,15,12,29,41.97,11244776.234000001,-23721802.144,3174454.0900000003,2170.46776,618.80624,-3169.74625,2020-03-15 12:29:41.970,-102347403.67134683,-337848489.36750084,-133988569.97229636,148249381155.54077,-11631137679.313782,-5042364225.059569,58923.52062465277
46,2020,3,15,12,44,41.97,13094431.898,-22959587.597000003,302289.996,1933.8446199999998,1072.6262,-3203.54897,2020-03-15 12:44:41.970,-101470597.3415213,-338104578.70125175,-134181345.02379471,148252110415.63297,-11606539200.23145,-5031701822.337244,58923.53104131943
46,2020,3,15,12,59,41.97,14715482.463,-21796555.211999997,-2575145.142,1663.19587,1508.18875,-3181.42272,2020-03-15 12:59:41.970,-100593178.81600817,-338358604.6911942,-134373301.18912262,148254834845.10785,-11581940317.47598,-5021039245.527006,58923.5414579861
46,2020,3,15,13,14,41.97,16079393.625999998,-20252658.87,-5407568.99,1363.26276,1917.7296800000001,-3103.6575599999996,2020-03-15 13:14:41.970,-99715153.66278838,-338610566.78998554,-134564437.69553328,148257554443.85077,-11557341031.84684,-5010376494.968925,58923.55187465277
46,2020,3,15,13,29,41.97,17162153.328,-18354647.657,-8145420.248000001,1039.33772,2293.93768,-2971.5641499999997,2020-03-15 13:29:41.970,-98836527.44812743,-338860464.4635971,-134754753.7761017,148260269211.74744,-11532741344.143637,-4999713571.003122,58923.56229131943
46,2020,3,15,13,44,41.97,17944723.454,-16135592.332,-10740769.553,697.16381,2630.09913,-2787.45306,2020-03-15 13:44:41.970,-97957305.73654023,-339108297.19129175,-134944248.66971904,148262979148.6837,-11508141255.166138,-4989050473.969789,58923.5727079861
46,2020,3,15,13,59,41.97,18413396.095,-13634286.662,-13148201.864,342.82364,2920.23076,-2554.5922,2020-03-15 13:59:41.970,-97077494.09075642,-339354064.4655999,-135132921.62108555,148265684254.54562,-11483540765.714298,-4978387204.209202,58923.58312465277
46,2020,3,15,14,14,41.97,18560046.183,-10894536.185,-15325650.92,-17.37935,3159.1966,-2277.1431199999997,2020-03-15 14:14:41.970,-96197098.07168539,-339597765.79229677,-135320771.88070467,148268384529.21924,-11458939876.588205,-4967723762.061689,58923.59354131943
46,2020,3,15,14,29,41.97,18382275.013,-7964349.894,-17235167.585,-377.04409,3342.80627,-1960.07812,2020-03-15 14:29:41.970,-95316123.2383823,-339839400.6903796,-135507798.70487612,148271079972.59113,-11434338588.588112,-4957060147.86767,58923.6039579861
46,2020,3,15,14,44,41.97,17883442.02,-4895052.831,-18843605.707,-729.7964900000001,3467.8921699999996,-1609.08028,2020-03-15 14:44:41.970,-94434575.14801326,-340078968.69204414,-135694001.3556899,148273770584.54776,-11409736902.514431,-4946396361.967608,58923.61437465277
46,2020,3,15,14,59,41.97,17072585.088,-1740339.342,-20123211.455000002,-1069.4119799999999,3532.36391,-1230.42941,2020-03-15 14:59:41.970,-93552459.3558214,-340316469.34266067,-135879379.10101885,148276456364.97595,-11385134819.167751,-4935732404.702057,58923.62479131943
46,2020,3,15,15,14,41.97,15964232.499,1444712.1139999998,-21052104.797,-1389.9332900000002,3535.23926,-830.87703,2020-03-15 15:14:41.970,-92669781.41509296,-340551902.2007517,-136063931.21451312,148279137313.76263,-11360532339.348787,-4925068276.411633,58923.6352079861
46,2020,3,15,15,29,41.97,14578112.212,4604641.345,-21614644.801999997,-1685.78042,3476.65142,-417.51373,2020-03-15 15:29:41.970,-91786546.87712307,-340785266.8379686,-136247656.97559303,148281813430.7949,-11335929463.858437,-4914403977.437017,58923.64562465277
46,2020,3,15,15,44,41.97,12938766.488,7684604.983,-21801673.490000002,-1951.8506399999999,3357.83345,2.36748,2020-03-15 15:44:41.970,-90902761.29118252,-341016562.83906704,-136430555.66944224,148284484715.96017,-11311326193.497738,-4903739508.118962,58923.65604131943
46,2020,3,15,15,59,41.97,11075081.771,10631351.138,-21610636.046,-2183.6065399999998,3181.08099,421.4087,2020-03-15 15:59:41.970,-90018430.20448384,-341245789.801885,-136612626.58700165,148287151169.14566,-11286722529.067907,-4893074868.798304,58923.6664579861
46,2020,3,15,16,14,41.97,9019745.274,13394151.445,-21045578.145,-2377.15065,2949.6951999999997,832.32225,2020-03-15 16:14:41.970,-89133559.1621479,-341472947.33731854,-136793869.02496225,148289812790.23935,-11262118471.370287,-4882410059.815919,58923.67687465277
46,2020,3,15,16,29,41.97,6808640.759,15925673.691,-20117023.782,-2529.2858100000003,2667.90814,1228.02064,2020-03-15 16:29:41.970,-88248153.70717122,-341698035.0692985,-136974282.28575855,148292469579.12918,-11237514021.20642,-4871745081.512779,58923.68729131943
46,2020,3,15,16,44,41.97,4480196.681000001,18182780.294,-18841739.396,-2637.56067,2340.79308,1601.7389099999998,2020-03-15 16:44:41.970,-87362219.38039225,-341921052.6347669,-137153865.67756158,148295121535.7029,-11212909179.377966,-4861079934.229918,58923.6977079861
46,2020,3,15,16,59,41.97,2074700.069,20127240.263,-17242392.086,-2700.30027,1974.1623800000002,1947.14733,2020-03-15 16:59:41.970,-86475761.72045879,-342141999.6836534,-137332618.514273,148297768659.84897,-11188303946.686752,-4850414618.308429,58923.70812465277
46,2020,3,15,17,14,41.97,-366410.522,21726344.658999998,-15347111.309,-2716.62211,1574.4555899999998,2258.45297,2020-03-15 17:14:41.970,-85588786.2637953,-342360875.87885207,-137510540.1155168,148300410951.45584,-11163698323.934767,-4839749134.089481,58923.71854131943
46,2020,3,15,17,29,41.97,-2801260.114,22953417.976,-13188964.732,-2686.43806,1148.62048,2530.48875,2020-03-15 17:29:41.970,-84701298.54457004,-342577680.896197,-137687629.80663383,148303048410.41196,-11139092311.924158,-4829083481.914314,58923.7289579861
46,2020,3,15,17,44,41.97,-5188248.191,23788220.157,-10805359.758000001,-2610.44324,703.9894300000001,2758.78941,2020-03-15 17:44:41.970,-83813304.09466287,-342792414.4244395,-137863886.91867423,148305681036.60635,-11114485911.457218,-4818417662.124232,58923.73937465277
46,2020,3,15,17,59,41.97,-7486743.921999999,24217236.131,-8237382.792,-2490.09255,248.1534,2939.65389,2020-03-15 17:59:41.970,-82924808.44363289,-343005076.16522354,-138039310.7883905,148308308829.9279,-11089879123.336388,-4807751675.060613,58923.74979131943
46,2020,3,15,18,14,41.97,-9657755.253999999,24233851.728,-5529088.576,-2327.56618,-211.16421,3070.19393,2020-03-15 18:14:41.970,-82035817.11868614,-343215665.83306336,-138213900.7582311,148310931790.26587,-11065271948.364298,-4797085521.064896,58923.7602079861
46,2020,3,15,18,29,41.97,-11664562.368,23838416.564,-2726751.903,-2125.72518,-666.23226,3148.36905,2020-03-15 18:29:41.970,-81146335.64464413,-343424183.15531796,-138387656.1763329,148313549917.5096,-11040664387.343687,-4786419200.478589,58923.77062465277
46,2020,3,15,18,44,41.97,-13473307.103,23038196.057,121906.153,-1888.05819,-1109.43336,3173.0083,2020-03-15 18:44:41.970,-80256369.54391135,-343630627.8721689,-138560576.39651453,148316163211.54874,-11016056441.077475,-4775752713.643278,58923.78104131943
46,2020,3,15,18,59,41.97,-15053530.928,21847216.021,2968505.721,-1618.62059,-1533.38087,3143.8190600000003,2020-03-15 18:59:41.970,-79365924.33644392,-343834999.73659575,-138732660.77826935,148318771672.27298,-10991448110.368732,-4765086060.90061,58923.7914579861
46,2020,3,15,19,14,41.97,-16378655.092999998,20286004.405,5764797.975000001,-1321.96699,-1931.03027,3061.38358,2020-03-15 19:14:41.970,-78475005.5397183,-344037298.5143525,-138903908.68675816,148321375299.57233,-10966839396.020676,-4754419242.592292,58923.80187465277
46,2020,3,15,19,29,41.97,-17426397.483,18381235.676,8463446.504999999,-1003.0782700000001,-2295.78404,2927.14372,2020-03-15 19:29:41.970,-77583618.66869958,-344237523.98394346,-139074319.49280277,148323974093.33688,-10942230298.836681,-4743752259.060116,58923.81229131943
46,2020,3,15,19,44,41.97,-18179121.599999998,16165284.108,11018789.897,-667.28387,-2621.58906,2743.37453,2020-03-15 19:44:41.970,-76691769.23581047,-344435675.9365997,-139243892.57287797,148326568053.45706,-10917620819.620275,-4733085110.645932,58923.8227079861
46,2020,3,15,19,59,41.97,-18624113.879,13675692.917,13387575.731999999,-320.18034,-2903.02611,2513.14725,2020-03-15 19:59:41.970,-75799462.7509,-344631754.1762548,-139412627.30910543,148329157179.82327,-10893010959.175133,-4722417797.691652,58923.83312465277
46,2020,3,15,20,14,41.97,-18753786.281,10954566.745,15529656.685,32.4531,-3135.39063,2240.2821999999996,2020-03-15 20:14:41.970,-74906704.72121301,-344825758.51952153,-139580523.0892458,148331741472.32645,-10868400718.305092,-4711750320.539273,58923.84354131943
46,2020,3,15,20,29,41.97,-18565801.773,8047895.545,17408639.892,384.74137,-3314.76427,1929.29207,2020-03-15 20:29:41.970,-74013500.65135907,-345017688.79566765,-139747579.30669203,148334320930.8573,-10843790097.814121,-4701082679.530839,58923.8539579861
46,2020,3,15,20,44,41.97,-18063120.967,5004818.46,18992481.145999998,730.8018400000001,-3438.07661,1585.31614,2020-03-15 20:44:41.970,-73119856.04328212,-345207544.84659106,-139913795.36046195,148336895555.3071,-10819179098.50636,-4690414875.008477,58923.86437465277
46,2020,3,15,20,59,41.97,-17253968.801,1876836.822,20254015.891,1064.83353,-3503.1564,1214.04568,2020-03-15 20:59:41.970,-72225776.39622967,-345395326.52679753,-140079170.65519086,148339465345.56714,-10794567721.186092,-4679746907.314373,58923.87479131943
46,2020,3,15,21,14,41.97,-16151720.831,-1283013.98,21171419.344,1381.2064699999999,-3508.77157,821.6411099999999,2020-03-15 21:14:41.970,-71331267.2067229,-345581033.70337534,-140243704.60112518,148342030301.52884,-10769955966.65777,-4669078776.790785,58923.8852079861
46,2020,3,15,21,29,41.97,-14774709.366999999,-4421023.342999999,21728588.515,1674.55027,-3454.65736,414.64135000000005,2020-03-15 21:29:41.970,-70436333.96852612,-345764666.25597155,-140407396.61411396,148344590423.08383,-10745343835.725954,-4658410483.780035,58923.89562465277
46,2020,3,15,21,44,41.97,-13145950.521000002,-7483683.891,21915439.309,1939.84118,-3341.53158,-0.13407999999999998,2020-03-15 21:44:41.970,-69540982.17261732,-345946224.07676846,-140570246.11560258,148347145710.12424,-10720731329.195393,-4647742028.624511,58923.90604131943
46,2020,3,15,21,59,41.97,-11292794.102,-10418577.58,21728112.487999998,2172.48628,-3171.0962299999997,-415.68959,2020-03-15 21:59:41.970,-68645217.30715765,-346125707.07045895,-140732252.53262526,148349696162.542,-10696118447.870964,-4637073411.666671,58923.9164579861
46,2020,3,15,22,14,41.97,-9246499.324000001,-13175256.772,21169082.963,2368.40391,-2946.02458,-824.9636700000001,2020-03-15 22:14:41.970,-67749044.8574621,-346303115.154223,-140893415.29779714,148352241780.22952,-10671505192.557705,-4626404633.24904,58923.92687465277
46,2020,3,15,22,29,41.97,-7041740.48,-15706106.777999999,20247167.796,2524.09866,-2669.93277,-1220.94359,2020-03-15 22:29:41.970,-66852470.30597017,-346478448.25770295,-141053733.8493077,148354782563.07907,-10646891564.060804,-4615735693.71421,58923.93729131943
46,2020,3,15,22,44,41.97,-4716048.026000001,-17967175.703,18977429.418,2636.72962,-2347.3354099999997,-1596.78331,2020-03-15 22:44:41.970,-65955499.132215746,-346651706.3229797,-141213207.63091317,148357318510.9835,-10622277563.18559,-4605066593.40483,58923.9477079861
46,2020,3,15,22,59,41.97,-2309191.953,-19918956.862999998,17380971.992,2704.17011,-1983.58458,-1945.9226899999999,2020-03-15 22:59:41.970,-65058136.81279862,-346822889.3045486,-141371836.09192896,148359849623.83566,-10597663190.737547,-4594397332.663636,58923.95812465277
46,2020,3,15,23,14,41.97,137484.117,-21527108.764000002,15484630.532,2725.05718,-1584.7920499999998,-2262.20625,2020-03-15 23:14:41.970,-64160388.82135482,-346991997.1692956,-141529618.68722236,148362375901.52853,-10573048447.522293,-4583727911.833407,58923.96854131943
46,2020,3,15,23,29,41.97,2581768.188,-22763097.653,13320554.365,2698.82922,-1157.7350900000001,-2539.9987899999996,2020-03-15 23:29:41.970,-63262260.62852791,-347159029.8964721,-141686554.8772052,148364897343.95554,-10548433334.345612,-4573058331.257005,58923.9789579861
46,2020,3,15,23,44,41.97,4981312.950999999,-23604748.092,10925688.764,2625.74994,-709.74644,-2774.2956,2020-03-15 23:44:41.970,-62363757.701940134,-347323987.47767216,-141842644.12782642,148367413951.00998,-10523817852.013435,-4562388591.277348,58923.98937465277
46,2020,3,15,23,59,41.97,7294383.795,-24036687.915,8341161.006,2506.91735,-248.58988000000002,-2960.82417,2020-03-15 23:59:41.970,-61464885.5459546,-347486869.90964437,-141997885.90371236,148369925722.5852,-10499202001.33174,-4551718692.237344,58923.99979131943
46,2020,3,16,0,14,41.97,9480608.587000001,-24050674.492,5611577.755,2344.25647,217.67689000000001,-3096.13495,2020-03-16 00:14:41.970,-60565649.542500526,-347647677.2230119,-142152279.6956054,148372432658.57593,-10474585783.106909,-4541048634.480214,58924.0102079861
46,2020,3,16,0,29,41.97,11501708.559999999,-23645797.299999997,2784256.437,2140.49498,680.8486,-3177.67727,2020-03-16 00:29:41.970,-59666055.18974087,-347806409.43899524,-142305824.9791312,148374934758.87573,-10449969198.145231,-4530378418.348992,58924.02062465277
46,2020,3,16,0,44,41.97,13322209.014,-22828536.553999998,-91623.478,1899.12184,1132.7273,-3203.86016,2020-03-16 00:44:41.970,-58766107.94292793,-347963066.5983145,-142458521.24231222,148377432023.3789,-10425352247.253239,-4519708044.1868725,58924.03104131943
46,2020,3,16,0,59,41.97,14910095.535,-21612689.472,-2965896.531,1624.32855,1565.27902,-3174.09274,2020-03-16 00:59:41.970,-57865813.2541508,-348117648.7539103,-142610367.97867042,148379924451.9799,-10400734931.237541,-4509037512.337096,58924.0414579861
46,2020,3,16,1,14,41.97,16237414.748,-20019151.063,-5788324.006,1320.9344,1970.79073,-3088.8046999999997,2020-03-16 01:14:41.970,-56965176.57230741,-348270155.9709206,-142761364.68721953,148382412044.57346,-10376117250.904963,-4498366823.142986,58924.05187465277
46,2020,3,16,1,29,41.97,17280800.133,-18075556.347999997,-8509513.467,994.29708,2342.02241,-2949.4448599999996,2020-03-16 01:29:41.970,-56064203.34307678,-348420588.32665545,-142911510.87245786,148384894801.05435,-10351499207.062462,-4487695976.947932,58924.06229131943
46,2020,3,16,1,44,41.97,18021911.474,-15815789.3,-11081826.987,650.21052,2672.35048,-2758.4575299999997,2020-03-16 01:44:41.970,-55162899.00889128,-348568945.910573,-143060806.04436082,148387372721.3177,-10326880800.517117,-4477024974.095371,58924.0727079861
46,2020,3,16,1,59,41.97,18447777.642,-13279368.121,-13460258.178,294.79269000000005,2955.89856,-2519.2369000000003,2020-03-16 01:59:41.970,-54261269.00890921,-348715228.8242557,-143209249.7183727,148389845805.25864,-10302262032.076172,-4466353814.92882,58924.08312465277
46,2020,3,16,2,14,41.97,18551034.873,-10510719.836000001,-15603258.716,-65.63392,3187.65215,-2236.0606399999997,2020-03-16 02:14:41.970,-53359318.77898729,-348859437.1813854,-143356841.41539958,148392314052.7728,-10277642902.547,-4455682499.791859,58924.09354131943
46,2020,3,16,2,29,41.97,18330055.409,-7558360.078,-17473496.404000003,-424.66589999999997,3363.55414,-1914.0045400000001,2020-03-16 02:29:41.970,-52457053.75165341,-349001571.10771936,-143503580.66180146,148394777463.75574,-10253023412.737135,-4445011029.028131,58924.1039579861
46,2020,3,16,2,44,41.97,17788964.291,-4473996.350000001,-19038528.667999998,-775.94331,3480.5791,-1558.84041,2020-03-16 02:44:41.970,-51554479.35607988,-349141630.7410658,-143649466.9893847,148397236038.10342,-10228403563.45424,-4434339402.981349,58924.11437465277
46,2020,3,16,2,59,41.97,16937544.935999997,-1311574.684,-20271377.808000002,-1113.2719,3536.7845500000003,-1176.92032,2020-03-16 02:59:41.970,-50651601.01805599,-349279616.2312601,-143794499.93539426,148399689775.71185,-10203783355.506134,-4423667621.995277,58924.12479131943
46,2020,3,16,3,14,41.97,15791036.994,1873709.276,-21150997.055,-1430.73984,3531.3387000000002,-775.05031,2020-03-16 03:14:41.970,-49748424.159961544,-349415527.7401399,-143938679.0425061,148402138676.4773,-10179162789.700766,-4412995686.413765,58924.1352079861
46,2020,3,16,3,29,41.97,14369832.489,5026413.515000001,-21662619.536,-1722.82658,3464.52461,-360.35701,2020-03-16 03:29:41.970,-48844954.20073991,-349549365.4415211,-144082003.85881934,148404582740.29623,-10154541866.84623,-4402323596.580709,58924.14562465277
46,2020,3,16,3,44,41.97,12699078.542,8091846.289,-21797985.283000004,-1984.50125,3337.7215300000003,59.849380000000004,2020-03-16 03:44:41.970,-47941196.55587177,-349681129.52117324,-144224473.9378489,148407021967.06534,-10129920587.75077,-4391651352.84007,58924.15604131943
46,2020,3,16,3,59,41.97,10808196.83,11017036.215,-21555444.541,-2211.3089800000002,3153.3648799999996,478.21244,2020-03-16 03:59:41.970,-47037156.637348495,-349810820.1767959,-144366088.83851707,148409456356.68152,-10105298953.222775,-4380978955.535895,58924.1664579861
46,2020,3,16,4,14,41.97,8730331.383000001,13751657.371,-20939938.472999997,-2399.44368,2914.8866,887.46416,2020-03-16 04:14:41.970,-46132839.85364607,-349938437.6179936,-144506848.1251465,148411885909.0419,-10080676964.070759,-4370306405.012274,58924.17687465277
46,2020,3,16,4,29,41.97,6501737.333,16248892.820999999,-19962861.028,-2545.80638,2626.6383800000003,1280.55395,2020-03-16 04:29:41.970,-45228251.60969874,-350063982.0662519,-144646751.36745206,148414310624.0437,-10056054621.103384,-4359633701.61336,58924.18729131943
46,2020,3,16,4,44,41.97,4161123.824,18466222.181,-18641808.061,-2648.0487,2293.80008,1650.7698,2020-03-16 04:44:41.970,-44323397.3068732,-350187453.7549125,-144785798.14053306,148416730501.58444,-10031431925.129467,-4348960845.683387,58924.1977079861
46,2020,3,16,4,59,41.97,1748964.477,20366121.148,-17000221.73,-2704.6014999999998,1922.27612,1991.8495599999999,2020-03-16 04:59:41.970,-43418282.34294276,-350308852.9291502,-144923988.0248655,148419145541.56186,-10006808876.957952,-4338287837.566639,58924.20812465277
46,2020,3,16,5,14,41.97,-693211.313,21916663.371,-15066939.787999999,-2714.68893,1518.58248,2298.08082,2020-03-16 05:14:41.970,-42512912.1120615,-350428179.84594727,-145061320.6062945,148421555743.87378,-9982185477.397915,-4327614677.607472,58924.21854131943
46,2020,3,16,5,29,41.97,-3123533.4480000003,23092017.371999998,-12875660.545,-2678.32861,1089.72696,2564.38821,2020-03-16 05:29:41.970,-41607292.004738756,-350545434.7740695,-145197795.47602606,148423961108.41843,-9957561727.258589,-4316941366.150297,58924.2289579861
46,2020,3,16,5,44,41.97,-5500500.384,23872833.559,-10464335.140999999,-2596.31876,643.08504,2786.4075900000003,2020-03-16 05:44:41.970,-40701427.40781381,-350660617.9940426,-145333412.23061937,148426361635.09396,-9932937627.349342,-4306267903.539598,58924.23937465277
46,2020,3,16,5,59,41.97,-7783671.298,24246518.489,-7874499.236,-2470.21321,186.2738,2960.54645,2020-03-16 05:59:41.970,-39795323.70443022,-350773729.7981265,-145468170.47197935,148428757323.79898,-9908313178.479696,-4295594290.119917,58924.24979131943
46,2020,3,16,6,14,41.97,-9934330.774,24207395.468,-5150556.449,-2302.2855299999997,-272.97419,3084.03069,2020-03-16 06:14:41.970,-38888986.2740111,-350884770.49029225,-145602069.80734813,148431148174.43246,-9883688381.459269,-4284920526.235861,58924.2602079861
46,2020,3,16,6,29,41.97,-11916116.694,23756752.329,-2339025.856,-2095.4833399999998,-726.93526,3154.93781,2020-03-16 06:29:41.970,-37982420.492233776,-350993740.3861969,-145735109.8492977,148433534186.89288,-9859063237.097858,-4274246612.2320986,58924.27062465277
46,2020,3,16,6,44,41.97,-13695603.056,22902778.706,512234.367,-1853.374,-1168.01555,3172.2167799999997,2020-03-16 06:44:41.970,-37075631.73100498,-351100639.8131602,-145867290.21572182,148435915361.0796,-9834437746.20539,-4263572548.4533696,58924.28104131943
46,2020,3,16,6,59,41.97,-15242830.432999998,21660396.439,3354815.432,-1580.0827900000002,-1588.86741,3135.6951799999997,2020-03-16 06:59:41.970,-36168625.35843605,-351205469.1101388,-145998610.52982822,148438291696.89203,-9809811909.591911,-4252898335.2444634,58924.2914579861
46,2020,3,16,7,14,41.97,-16531777.844,20050987.786000002,6140547.263,-1280.22467,-1982.49991,3046.07407,2020-03-16 07:14:41.970,-35261406.73881835,-351308228.6277029,-146129070.4201304,148440663194.22955,-9785185728.067633,-4242223972.9502454,58924.30187465277
46,2020,3,16,7,29,41.97,-17540770.678,18102027.077,8822277.910999998,-958.8306,-2342.38275,2904.9111399999997,2020-03-16 07:29:41.970,-34353981.23259866,-351408918.7280122,-146258669.52044022,148443029852.9922,-9760559202.442892,-4231549461.915634,58924.31229131943
46,2020,3,16,7,44,41.97,-18252820.199,15846622.164,11354632.783,-621.26931,-2662.5427099999997,2714.59283,2020-03-16 07:44:41.970,-33446354.19635485,-351507539.7847908,-146387407.4698597,148445391673.0797,-9735932333.528154,-4220874802.485615,58924.3227079861
46,2020,3,16,7,59,41.97,-18655890.955,13322972.685999999,13694743.978,-273.16544999999996,-2937.65193,2478.2958700000004,2020-03-16 07:59:41.970,-32538530.982771717,-351604092.1833034,-146515283.91277274,148447748654.39246,-9711305122.134026,-4210199995.0052385,58924.33312465277
46,2020,3,16,8,14,41.97,-18743093.118,10573752.737000002,15802940.486,79.68524000000001,-3163.10754,2199.93886,2020-03-16 08:14:41.970,-31630516.940616593,-351698576.3203304,-146642298.49883783,148450100796.83057,-9686677569.071262,-4199525039.8196173,58924.34354131943
46,2020,3,16,8,29,41.97,-18512797.463,7645426.079,17643390.455000002,431.40292,-3335.1018400000003,1884.1242300000001,2020-03-16 08:29:41.970,-30722317.414715845,-351790992.60414475,-146768450.88297963,148452448100.2949,-9662049675.150743,-4188849937.2739205,58924.3539579861
46,2020,3,16,8,44,41.97,-17968671.343000002,4587502.531,19184687.169,776.1120999999999,-3450.6826899999996,1536.07125,2020-03-16 08:44:41.970,-29813937.745930515,-351881341.4544866,-146893740.72538126,148454790564.68607,-9637421441.183483,-4178174687.7133837,58924.36437465277
46,2020,3,16,8,59,41.97,-17119634.633,1451744.779,20400370.74,1108.03088,-3507.8032399999997,1161.5403099999999,2020-03-16 08:59:41.970,-28905383.271132756,-351969623.3025393,-147018167.69147608,148457128189.90518,-9612792867.980642,-4167499291.483309,58924.37479131943
46,2020,3,16,9,14,41.97,-15979735.296,-1708664.578,21269377.93,1421.56024,-3505.36042,766.74892,2020-03-16 09:14:41.970,-27996659.32318249,-352055838.5909053,-147141731.45193976,148459460975.85345,-9588163956.353495,-4156823748.9290524,58924.3852079861
46,2020,3,16,9,29,41.97,-14567944.926,-4839985.238,21776412.904,1711.37244,-3443.2213100000004,358.28011999999995,2020-03-16 09:29:41.970,-27087771.230903596,-352139987.773582,-147264431.6826827,148461788922.43234,-9563534707.11349,-4146148060.39604,58924.39562465277
46,2020,3,16,9,44,41.97,-12907875.418,-7888799.431000001,21912232.200999998,1972.49766,-3322.23668,-57.01644,2020-03-16 09:44:41.970,-26178724.319060683,-352222071.3159367,-147386268.0648411,148464112029.54352,-9538905121.072159,-4135472226.2297506,58924.40604131943
46,2020,3,16,9,59,41.97,-11027418.86,-10802898.155000001,21673837.767,2200.40786,-3144.24068,-472.12978,2020-03-16 09:59:41.970,-25269523.90833592,-352302089.6946835,-147507240.28476992,148466430297.08875,-9514275199.041212,-4124796246.7757316,58924.4164579861
46,2020,3,16,10,14,41.97,-8958313.734,-13532160.615,21064572.656,2391.0964,-2912.03585,-879.99841,2020-03-16 10:14:41.970,-24360175.31530591,-352380043.39785844,-147627348.03403446,148468743724.97012,-9489644941.832474,-4114120122.3795953,58924.42687465277
46,2020,3,16,10,29,41.97,-6735641.756,-16029413.249,20094114.895999998,2541.15234,-2629.36266,-1273.6255899999999,2020-03-16 10:29:41.970,-23450683.85241866,-352455932.9247948,-147746591.0094022,148471052313.09006,-9465014350.257902,-4103443853.387008,58924.43729131943
46,2020,3,16,10,44,41.97,-4397260.971,-18251254.119000003,18778366.221,2647.82753,-2300.85286,-1646.19744,2020-03-16 10:44:41.970,-22541054.827970903,-352529758.78610003,-147864968.9128347,148473356061.3509,-9440383425.12959,-4092767440.143701,58924.4477079861
46,2020,3,16,10,59,41.97,-1983182.195,-20158827.857,17139233.805,2709.0951,-1931.9662500000002,-1991.2023100000001,2020-03-16 10:59:41.970,-21631293.546085283,-352601521.50363034,-147982481.45148,148475654969.65536,-9415752167.259762,-4082090882.9954634,58924.45812465277
46,2020,3,16,11,14,41.97,465102.593,-21718536.15,15204304.851000002,2723.6975,-1528.9106800000002,-2302.5490999999997,2020-03-16 11:14:41.970,-20721405.30668766,-352671221.61046726,-148099128.33766428,148477949037.9064,-9391120577.460775,-4071414182.288147,58924.46854131943
46,2020,3,16,11,29,41.97,2905329.733,-22902668.814,13006415.924999999,2691.1823,-1098.54561,-2574.6824199999996,2020-03-16 11:29:41.970,-19811395.405484866,-352738859.6508933,-148214909.28888345,148480238266.0071,-9366488656.545132,-4060737338.3676763,58924.4789579861
46,2020,3,16,11,44,41.97,5295199.553,-23689940.976999998,10583121.166000001,2611.92435,-648.2701400000001,-2802.69172,2020-03-16 11:44:41.970,-18901269.133942213,-352804436.1803674,-148329824.0277959,148482522653.8608,-9341856405.325453,-4050060351.580021,58924.48937465277
46,2020,3,16,11,59,41.97,7593125.152,-24065922.915,7976065.984,2487.13256,-185.89670999999998,-2982.4117,2020-03-16 11:59:41.970,-17991031.779261246,-352867951.7655015,-148443872.28221372,148484802201.37112,-9317223824.614477,-4039383222.2712173,58924.49979131943
46,2020,3,16,12,14,41.97,9758980.063000001,-24023350.587,5230275.369,2318.84044,280.48736,-3110.51116,2020-03-16 12:14:41.970,-17080688.624357875,-352929406.98403543,-148557053.78509474,148487076908.44177,-9292590915.225101,-4028705950.7873626,58924.5102079861
46,2020,3,16,12,29,41.97,11754829.735,-23562306.965,2393368.554,2109.8795099999998,742.66802,-3184.56738,2020-03-16 12:29:41.970,-16170244.947840048,-352988802.42481333,-148669368.2745349,148489346774.97675,-9267957677.970346,-4018028537.474616,58924.52062465277
46,2020,3,16,12,44,41.97,13545631.310999999,-22690266.88,-485285.856,1863.8355099999999,1192.45909,-3203.12363,2020-03-16 12:44:41.970,-15259706.02398619,-353046138.6877598,-148780815.49375919,148491611800.88028,-9243324113.663364,-4007350982.6791954,58924.53104131943
46,2020,3,16,12,59,41.97,15099886.279000001,-21422001.145,-3355457.9960000003,1584.98753,1621.85975,-3165.72742,2020-03-16 12:59:41.970,-14349077.122723378,-353101416.3838551,-148891395.19111502,148493871986.05664,-9218690223.117424,-3996673286.747384,58924.5414579861
46,2020,3,16,13,14,41.97,16390231.101000002,-19779339.112,-6166970.035999999,1278.23124,2023.21093,-3072.94797,2020-03-16 13:14:41.970,-13438363.509605622,-353154636.1351114,-149001107.12006226,148496127330.41074,-9194056007.145945,-3985995450.0255175,58924.55187465277
46,2020,3,16,13,29,41.97,17393952.101999998,-17790792.501,-8870615.381,948.98768,2389.3465499999998,-2926.37176,2020-03-16 13:29:41.970,-12527570.44579259,-353205798.5745485,-149109951.03916708,148498377833.84695,-9169421466.562452,-3975317472.859998,58924.56229131943
46,2020,3,16,13,44,41.97,18093412.479,-15491046.987,-11419063.854,603.0996,2713.73547,-2728.57586,2020-03-16 13:44:41.970,-11616703.188028026,-353254904.3461702,-149217926.71209204,148500623496.27075,-9144786602.180613,-3964639355.5972824,58924.5727079861
46,2020,3,16,13,59,41.97,18476381.48,-12920331.673,-13767733.002,246.71813,2990.6102899999996,-2483.07939,2020-03-16 13:59:41.970,-10705766.988618637,-353301954.10493946,-149325033.90758926,148502864317.58713,-9120151414.814238,-3953961098.583898,58924.58312465277
46,2020,3,16,14,14,41.97,18536258.232,-10123679.814,-15875606.355,-113.81746,3215.07967,-2194.2744900000002,2020-03-16 14:14:41.970,-9794767.095412862,-353346948.5167555,-149431272.39949176,148505100297.7018,-9095515905.277239,-3943282702.166419,58924.59354131943
46,2020,3,16,14,29,41.97,18272185.485000003,-7150097.061000001,-17705980.91,-472.10362,3383.22115,-1867.33843,2020-03-16 14:29:41.970,-8883708.75177992,-353389888.2584281,-149536641.96670508,148507331436.52036,-9070880074.38368,-3932604166.6914873,58924.6039579861
46,2020,3,16,14,44,41.97,17689051.424000002,-4051655.749,-19227128.011,-821.79684,3492.15232,-1508.12948,2020-03-16 14:44:41.970,-7972597.196588913,-353430774.0176556,-149641142.3931998,148509557733.94852,-9046243922.94774,-3921925492.5058064,58924.61437465277
46,2020,3,16,14,59,41.97,16797380.609,-882535.38,-20412854.312,-1156.73523,3540.07904,-1123.0695500000002,2020-03-16 14:59:41.970,-7061437.664187967,-353469606.49299896,-149744773.46800286,148511779189.8927,-9021607451.783726,-3911246679.956128,58924.62479131943
46,2020,3,16,15,14,41.97,15613117.856,2301969.624,-21242952.28,-1471.0543599999999,3526.3199799999998,-719.0166399999999,2020-03-16 15:14:41.970,-6150235.38438368,-353506386.3938591,-149847534.98518968,148513995804.25897,-8996970661.706081,-3900567729.3892803,58924.6352079861
46,2020,3,16,15,29,41.97,14157311.408,5446453.6280000005,-21703532.736,-1759.29479,3451.30757,-303.13079999999997,2020-03-16 15:29:41.970,-5238995.582420478,-353541114.44045234,-149949426.74387574,148516207576.95425,-8972333553.52936,-3889888641.1521325,58924.64562465277
46,2020,3,16,15,44,41.97,12455703.981,8496394.128,-21787235.022,-2016.49899,3316.56646,117.26314,2020-03-16 15:44:41.970,-4327723.478960198,-353573791.36378706,-150050448.54820862,148518414507.88498,-8947696128.068264,-3879209415.591631,58924.65604131943
46,2020,3,16,15,59,41.97,10538242.022,11399116.951,-21493313.435,-2238.29584,3124.67062,534.8127999999999,2020-03-16 15:59:41.970,-3416424.2900617877,-353604417.9056384,-150150600.2073598,148520616596.95822,-8923058386.137611,-3868530053.0547667,58924.6664579861
46,2020,3,16,16,14,41.97,8438514.975,14104714.104999999,-20827601.415000003,-2420.97152,2879.18131,942.27218,2020-03-16 16:14:41.970,-2505103.227161126,-353632994.81852585,-150249881.53551683,148522813844.08142,-8898420328.55234,-3857850553.888601,58924.67687465277
46,2020,3,16,16,29,41.97,6193137.248,16566897.965,-19802357.593000002,-2561.52588,2584.56808,1332.6298000000002,2020-03-16 16:29:41.970,-1593765.497050914,-353659522.8656886,-150348292.3518743,148525006249.1617,-8873781956.127523,-3847170918.440243,58924.68729131943
46,2020,3,16,16,44,41.97,3841086.1350000002,18743777.722999997,-18436000.064,-2657.7138800000002,2246.1154699999997,1699.2286299999998,2020-03-16 16:44:41.970,-682416.301860613,-353684002.82106185,-150445832.48062652,148527193812.1068,-8849143269.678352,-3836491147.056869,58924.6977079861
46,2020,3,16,16,59,41.97,1423009.1090000002,20598546.35,-16752737.175999999,-2708.07226,1869.81789,2035.8758599999999,2020-03-16 16:59:41.970,228939.16096328953,-353706435.4692525,-150542501.75095913,148529376532.82465,-8824504270.020157,-3825811240.0857153,58924.70812465277
46,2020,3,16,17,14,41.97,-1019486.324,22100068.75,-14782104.598,-2711.93173,1462.26559,2336.94114,2020-03-16 17:14:41.970,1140295.6986770895,-353726821.6055167,-150638299.99704048,148531554411.2232,-8799864957.968376,-3815131197.874069,58924.71854131943
46,2020,3,16,17,29,41.97,-3444547.446,23223364.16,-12558419.620000001,-2669.4152999999997,1030.52414,2597.44216,2020-03-16 17:29:41.970,2051648.1232595276,-353745162.0357336,-150733227.05801424,148533727447.21088,-8775225334.338594,-3804451020.7692795,58924.7289579861
46,2020,3,16,17,44,41.97,-5810783.791,23949978.115999997,-10120164.394,-2581.4237200000002,582.00989,2813.11691,2020-03-16 17:44:41.970,2962991.2514312933,-353761457.5763842,-150827282.7779903,148535895640.69617,-8750585399.94649,-3793770709.118757,58924.73937465277
46,2020,3,16,17,59,41.97,-8077956.05,24268241.414,-7509310.258,-2449.60902,124.36376,2980.48226,2020-03-16 17:59:41.970,3874319.9046744867,-353775709.05452573,-150920467.00603744,148538058991.5878,-8725945155.60788,-3783090263.2699666,58924.74979131943
46,2020,3,16,18,14,41.97,-10207636.215,24173415.42,-4770595.523,-2276.33723,-334.67478,3096.87885,2020-03-16 18:14:41.970,4785628.909251853,-353787917.3077686,-151012779.59617448,148540217499.79465,-8701304602.138725,-3772409683.5704355,58924.7602079861
46,2020,3,16,18,29,41.97,-12163829.757,23667724.772,-1950768.9749999999,-2064.6415,-787.39167,3160.50243,2020-03-16 18:29:41.970,5696913.096225985,-353798083.18425256,-151104220.40736264,148542371165.226,-8676663740.355078,-3761728970.3677435,58924.77062465277
46,2020,3,16,18,44,41.97,-13913551.706,22760279.985,902188.8350000001,-1818.16672,-1226.21873,3170.4219500000004,2020-03-16 18:44:41.970,6608167.301478479,-353806207.542623,-151194789.30349705,148544519987.79126,-8652022571.073135,-3751048124.009534,58924.78104131943
46,2020,3,16,18,59,41.97,-15427349.505,21466893.751,3739854.867,-1541.1068,-1643.84923,3126.585,2020-03-16 18:59:41.970,7519386.365728888,-353812291.25200707,-151284486.1533984,148546663967.3999,-8627381095.1092,-3740367144.843502,58924.7914579861
46,2020,3,16,19,14,41.97,-16679766.513999999,19809795.746,6514152.186000001,-1238.13566,-2033.34766,3029.81102,2020-03-16 19:14:41.970,8430565.13455355,-353816335.19199055,-151373310.83080503,148548803103.96176,-8602739313.279715,-3729686033.217407,58924.80187465277
46,2020,3,16,19,29,41.97,-17649740.937,17817251.692,9178127.22,-914.33292,-2388.25267,2881.77293,2020-03-16 19:29:41.970,9341698.458404433,-353818340.2525934,-151461263.21436486,148550937397.38705,-8578097226.401226,-3719004789.479059,58924.81229131943
46,2020,3,16,19,44,41.97,-18320935.825,15523093.101,11686705.467,-575.10518,-2702.67241,2684.96772,2020-03-16 19:44:41.970,10252781.192627702,-353818307.33424664,-151548343.18762684,148553066847.586,-8553454835.290428,-3708323413.9763365,58924.8227079861
46,2020,3,16,19,59,41.97,-18681996.541,12966164.83,13997416.015999999,-226.10368,-2971.37177,2442.67668,2020-03-16 19:59:41.970,11163808.19748235,-353816237.3477687,-151634550.63903287,148555191454.46906,-8528812140.764106,-3697641907.0571632,58924.83312465277
46,2020,3,16,20,14,41.97,-18726732.842,10189698.091,16071075.695,126.86078,-3189.85071,2158.91552,2020-03-16 20:14:41.970,12074774.338158531,-353812131.21434194,-151719885.46190968,148557311217.94684,-8504169143.639192,-3686960269.0695267,58924.84354131943
46,2020,3,16,20,29,41.97,-18454223.353,7240617.121,17872424.119,477.90506999999997,-3354.41322,1838.37518,2020-03-16 20:29:41.970,12985674.484796,-353805989.86548823,-151804347.55446073,148559426137.93042,-8479525844.732709,-3676278500.3614655,58924.8539579861
46,2020,3,16,20,44,41.97,-17868840.873,4168788.2499999995,19370701.325000003,821.1623500000001,-3462.2262899999996,1486.35355,2020-03-16 20:44:41.970,13896503.512502342,-353797814.2430469,-151887936.8197577,148561536214.33084,-8454882244.861847,-3665596601.281089,58924.86437465277
46,2020,3,16,20,59,41.97,-16980197.584000003,1026220.666,20540160.051,1150.8712699999999,-3511.36814,1108.67858,2020-03-16 20:59:41.970,14807256.301371034,-353787605.29915017,-151970653.1657326,148563641447.0597,-8430238344.843866,-3654914572.1765494,58924.87479131943
46,2020,3,16,21,14,41.97,-15803009.899999999,-2133771.201,21360505.138,1461.46525,-3500.86516,711.62327,2020-03-16 21:14:41.970,15717927.736499522,-353775363.9961992,-152052496.50516957,148565741836.02832,-8405594145.49617,-3644232413.3960586,58924.8852079861
46,2020,3,16,21,29,41.97,-14356883.42,-5257433.079,21817252.902,1747.6606100000001,-3430.71659,301.81295,2020-03-16 21:29:41.970,16628512.708007094,-353761091.30684245,-152133466.75569624,148567837381.14865,-8380949647.6363,-3633550125.287893,58924.89562465277
46,2020,3,16,21,44,41.97,-12666019.247,-8291452.688999999,21902003.853,2004.5429399999998,-3301.90623,-113.87446,2020-03-16 21:44:41.970,17539006.111052707,-353744788.2139504,-152213563.83977628,148569928082.33292,-8356304852.081881,-3622867708.2003775,58924.90604131943
46,2020,3,16,21,59,41.97,-10758843.903,-11183845.901999999,21612622.696,2227.65042,-3116.40014,-528.41461,2020-03-16 21:59:41.970,18449402.84585276,-353726455.7105928,-152292787.68470052,148572013939.493,-8331659759.650681,-3612185162.481897,58924.9164579861
46,2020,3,16,22,14,41.97,-8667566.093,-13884834.282,20953320.332,2413.0527599999996,-2877.12968,-934.74818,2020-03-16 22:14:41.970,19359697.81769859,-353706094.8000158,-152371138.22257918,148574094952.54156,-8307014371.16057,-3601502488.4808893,58924.92687465277
46,2020,3,16,22,29,41.97,-6427664.786,-16347700.351,19934633.521,2557.4246500000004,-2587.9588400000002,-1325.89657,2020-03-16 22:29:41.970,20269885.936974153,-353683706.4956178,-152448615.39033353,148576171121.39148,-8282368687.429555,-3590819686.5458503,58924.93729131943
46,2020,3,16,22,44,41.97,-4077314.455,-18529606.222,18573299.082000002,2658.11173,-2253.6354300000003,-1695.08034,2020-03-16 22:44:41.970,21179962.119173184,-353659291.82092625,-152525219.12968752,148578242445.95538,-8257722709.2757435,-3580136757.02534,58924.9477079861
46,2020,3,16,22,59,41.97,-1656754.729,-20392360.795,16892020.976,2713.18781,-1879.72552,-2035.83846,2020-03-16 22:59:41.970,22089921.284916755,-353632851.8095748,-152600949.3871601,148580308926.14667,-8233076437.517368,-3569453700.26796,58924.95812465277
46,2020,3,16,23,14,41.97,792386.717,-21903120.459000003,14919130.418000001,2721.50129,-1472.53126,-2342.14642,2020-03-16 23:14:41.970,22999758.35997028,-353604387.5052791,-152675806.11405647,148582370561.8785,-8208429872.972785,-3558770516.6223817,58924.96854131943
46,2020,3,16,23,29,41.97,3227807.663,-23035008.404,12688141.154000001,2682.70935,-1038.99231,-2608.53061,2020-03-16 23:29:41.970,23909468.275260817,-353573899.96181536,-152749789.26646015,148584427353.06482,-8183783016.460473,-3548087206.4373236,58924.9789579861
46,2020,3,16,23,44,41.97,5607269.363,-23767638.176,10237204.397,2597.29798,-586.5717999999999,-2830.17651,2020-03-16 23:44:41.970,24819045.966893833,-353541390.24299437,-152822898.80522504,148586479299.61914,-8159135868.798989,-3537403770.0615573,58924.98937465277
46,2020,3,16,23,59,41.97,7889345.8440000005,-24087528.179,7608470.325,2466.58679,-123.12831,-3003.02765,2020-03-16 23:59:41.970,25728486.376170356,-353506859.42264074,-152895134.6959666,148588526401.4556,-8134488430.807061,-3526720207.8439255,58924.99979131943
46,2020,3,17,0,14,41.97,10034171.134,-23988394.457,4847363.709,2292.7172699999996,343.22426,-3123.87278,2020-03-17 00:14:41.970,26637784.449603617,-353470308.58456904,-152966496.90905425,148590568658.48856,-8109840703.303485,-3516036520.133306,58925.0102079861
46,2020,3,17,0,29,41.97,12004163.259000001,-23471317.669,2001797.2959999999,2078.62385,804.26516,-3190.41759,2020-03-17 00:29:41.970,27546935.13893585,-353431738.8225594,-153036985.41960296,148592606070.6323,-8085192687.107206,-3505352707.2786436,58925.02062465277
46,2020,3,17,0,44,41.97,13764724.458999999,-22544764.108,-878691.297,1827.98795,1251.82314,-3201.3405700000003,2020-03-17 00:44:41.970,28455933.40115479,-353391151.2403362,-153106600.20746526,148594638637.80182,-8060544383.037277,-3494668769.6289396,58925.03104131943
46,2020,3,17,0,59,41.97,15284882.349,-21224473.997,-3743824.798,1545.17488,1677.9333000000001,-3156.32796,2020-03-17 00:59:41.970,29364774.198510386,-353348546.95154357,-153175341.25722262,148596666359.91193,-8035895791.9128475,-3483984707.5332465,58925.0414579861
46,2020,3,17,1,14,41.97,16537872.076,-19533204.344,-6543503.3780000005,1235.1550399999999,2074.99332,-3056.0884499999997,2020-03-17 01:14:41.970,30273452.498531044,-353303927.0797232,-153243208.5581779,148598689236.87775,-8011246914.553207,-3473300521.340674,58925.05187465277
46,2020,3,17,1,29,41.97,17501640.05,-17500334.479000002,-9228723.143,903.41091,2435.91362,-2902.3456699999997,2020-03-17 01:29:41.970,31181963.274040043,-353257292.7582912,-153310202.10434648,148600707268.6147,-7986597751.777744,-3462616211.400384,58925.06229131943
46,2020,3,17,1,44,41.97,18159258.36,-15161340.466,-11752477.909,555.83204,2754.25785,-2697.80854,2020-03-17 01:44:41.970,32090301.503171686,-353208645.13051426,-153376321.8944487,148602720455.03845,-7961948304.405967,-3451931778.061594,58925.0727079861
46,2020,3,17,1,59,41.97,18499240.207,-12557148.996,-14070624.414,198.60053,3024.36967,-2446.11989,2020-03-17 01:59:41.970,32998462.169387545,-353157985.3494879,-153441567.93190143,148604728796.06488,-7937298573.257504,-3441247221.673579,58925.08312465277
46,2020,3,17,2,14,41.97,18515749.21,-9733384.53,-16142691.994,-161.92975,3241.48266,-2151.78465,2020-03-17 02:14:41.970,33906440.261492416,-353105314.57811224,-153505940.22480997,148606732291.61002,-7912648559.152083,-3430562542.5856686,58925.09354131943
46,2020,3,17,2,29,41.97,18208698.218000002,-6739526.328,-17932619.168,-519.35738,3401.81027,-1820.07962,2020-03-17 02:29:41.970,34814230.77365031,-353050633.9890702,-153569438.7859598,148608730941.59018,-7887998262.909557,-3419877741.147243,58925.1039579861
46,2020,3,17,2,44,41.97,17583736.19,-3627994.131,-19409401.664,-867.3574,3502.61411,-1456.9473799999998,2020-03-17 02:44:41.970,35721828.70540023,-352993944.7648038,-153632063.6328085,148610724745.92178,-7863347685.349891,-3409192817.707738,58925.11437465277
46,2020,3,17,2,59,41.97,16652124.555999998,-453182.831,-20547638.889000002,-1199.80234,3542.24887,-1068.87724,2020-03-17 02:59:41.970,36629229.06167205,-352935248.09749204,-153693814.78747785,148612713704.52176,-7838696827.293156,-3398507772.6166477,58925.12479131943
46,2020,3,17,3,14,41.97,15430507.239,2729532.719,-21327968.732,-1510.87707,3520.18375,-662.77668,2020-03-17 03:14:41.970,37536426.85280211,-352874545.18902695,-153754692.27674493,148614697817.3069,-7814045689.559528,-3387822606.223511,58925.1352079861
46,2020,3,17,3,29,41.97,13940581.023,5864801.507999999,-21737383.594,-1795.185,3437.00027,-245.83658,2020-03-17 03:29:41.970,38443417.09454882,-352811837.250992,-153814696.13203487,148616677084.1946,-7789394272.969328,-3377137318.8779335,58925.14562465277
46,2020,3,17,3,44,41.97,12208675.082,8898288.045,-21769423.672000002,-2047.8434000000002,3294.36773,174.60625,2020-03-17 03:44:41.970,39350194.80810805,-352747125.50463855,-153873826.38941213,148618651505.10208,-7764742578.342955,-3366451910.9295673,58925.15604131943
46,2020,3,17,3,59,41.97,10265250.261,11777632.339,-21424246.53,-2264.5661800000003,3094.9975799999997,591.20597,2020-03-17 03:59:41.970,40256755.020128615,-352680411.1808632,-153932083.08957273,148620621079.94717,-7740090606.500939,-3355766382.728115,58925.1664579861
46,2020,3,17,4,14,41.97,8144330.024,14453360.172,-20708574.838,-2441.7328,2842.57898,996.7410799999999,2020-03-17 04:14:41.970,41163092.76272762,-352611695.5201855,-153989466.2778358,148622585808.64777,-7715438358.263914,-3345080734.6233454,58925.17687465277
46,2020,3,17,4,29,41.97,5882875.876,16879727.67,-19635526.702,-2576.44262,2541.6976799999998,1384.24153,2020-03-17 04:29:41.970,42069203.07350562,-352540979.7727244,-154045976.00413567,148624545691.12186,-7690785834.452612,-3334394966.965064,58925.18729131943
46,2020,3,17,4,44,41.97,3520120.565,19015486.391999997,-18224335.252,-2666.55443,2197.7409,1747.1073999999999,2020-03-17 04:44:41.970,42975080.995561674,-352468265.19817674,-154101612.3230136,148626500727.2878,-7666133035.887909,-3323709080.1031446,58925.1977079861
46,2020,3,17,4,59,41.97,1096872.43,20824557.519,-16499965.992,-2710.71102,1816.79091,2079.21711,2020-03-17 04:59:41.970,43880721.577508464,-352393553.0657934,-154156375.29360983,148628450917.06427,-7641479963.390751,-3313023074.387507,58925.20812465277
46,2020,3,17,5,14,41.97,-1345195.922,22276606.153,-14492641.888,-2708.34954,1405.50995,2375.02404,2020-03-17 05:14:41.970,44786119.8734872,-352316844.6543579,-154210264.97965533,148630396260.37003,-7616826617.782237,-3302336950.168128,58925.21854131943
46,2020,3,17,5,29,41.97,-3764261.9650000003,23347509.091,-12237287.234,-2659.69802,971.0189799999999,2629.6402799999996,2020-03-17 05:29:41.970,45691270.94318251,-352238141.2521629,-154263281.44946387,148632336757.12402,-7592172999.8835335,-3291650707.795029,58925.2289579861
46,2020,3,17,5,44,41.97,-6119058.694,24019711.695,-9772902.112,-2565.75921,520.77284,2838.9070300000003,2020-03-17 05:44:41.970,46596169.85183723,-352157444.15698797,-154315424.7759235,148634272407.24545,-7567519110.515948,-3280964347.6182976,58925.23937465277
46,2020,3,17,5,59,41.97,-8369560.095999999,24282471.554,-7141879.618,-2428.28254,62.433910000000004,2999.4513500000003,2020-03-17 05:59:41.970,47500811.67026701,-352074754.676077,-154366695.03648898,148636203210.65396,-7542864950.500876,-3270277869.9880652,58925.24979131943
46,2020,3,17,6,14,41.97,-10477636.569,24131988.536000002,-4389278.234,-2249.72557,-396.25374,3108.7291600000003,2020-03-17 06:14:41.970,48405191.47487492,-351990074.1261164,-154417092.31317338,148638129167.26926,-7518210520.6598425,-3259591275.254515,58925.2602079861
46,2020,3,17,6,29,41.97,-12407671.25,23571422.477,-1562061.5760000001,-2033.2058599999998,-847.58793,3165.0547100000003,2020-03-17 06:29:41.970,49309304.34766603,-351903403.83321166,-154466616.6925401,148640050277.01114,-7493555821.814466,-3248904563.767894,58925.27062465277
46,2020,3,17,6,44,41.97,-14127129.245,22610801.202,1291682.456,-1782.44462,-1284.0282300000001,3167.6169800000002,2020-03-17 06:44:41.970,50213145.37626182,-351814745.13286555,-154515268.26569474,148641966539.7998,-7468900854.786471,-3238217735.8784885,58925.28104131943
46,2020,3,17,6,59,41.97,-15607072.765,21266822.819000002,4123531.5140000004,-1501.70308,-1698.31089,3116.48338,2020-03-17 06:59:41.970,51116709.65391443,-351724099.36995554,-154563047.128277,148643877955.55576,-7444245620.397704,-3227530791.9366446,58925.2914579861
46,2020,3,17,7,14,41.97,-16822616.187,19562557.233,6885516.491,-1195.71273,-2083.55771,3012.5913299999997,2020-03-17 07:14:41.970,52019992.27952102,-351631467.8987111,-154609953.3804525,148645784524.19946,-7419590119.470112,-3216843732.292761,58925.30187465277
46,2020,3,17,7,29,41.97,-17753315.918,17527052.723,9530896.422,-869.60039,-2433.3779999999997,2857.72835,2020-03-17 07:29:41.970,52922988.35763789,-351536852.0826924,-154655987.12690526,148647686245.65192,-7394934352.825747,-3206156557.297285,58925.31229131943
46,2020,3,17,7,44,41.97,-18383490.811,15194854.125,12014910.486000001,-528.8089299999999,-2741.96293,2654.50122,2020-03-17 07:44:41.970,53825692.99849451,-351440253.29476726,-154701148.47682875,148649583119.8342,-7370278321.286757,-3195469267.3007154,58925.3227079861
46,2020,3,17,7,59,41.97,-18702469.663,12605439.811,14295497.531000001,-179.01464,-3004.1715299999996,2406.29472,2020-03-17 07:59:41.970,54728101.318007685,-351341672.9170889,-154745437.54391864,148651475146.66748,-7345622025.675432,-3184781862.6536117,58925.33312465277
46,2020,3,17,8,14,41.97,-18704762.982,9802585.192,16333974.003999999,173.95825000000002,-3215.60786,2117.22053,2020-03-17 08:14:41.970,55630208.437795244,-351241112.3410737,-154788854.44636425,148653362326.07352,-7320965466.814129,-3174094343.706573,58925.34354131943
46,2020,3,17,8,29,41.97,-18390156.945,6833661.036,18095661.608,524.22498,-3372.68865,1792.05669,2020-03-17 08:29:41.970,56532009.4851902,-351138572.9673798,-154831399.306841,148655244657.97372,-7296308645.525336,-3163406710.8102636,58925.3539579861
46,2020,3,17,8,44,41.97,-17763728.029999997,3748875.391,19550456.435,865.92893,-3472.70082,1436.1781600000002,2020-03-17 08:44:41.970,57433499.5932541,-351034056.20588386,-154873072.25250158,148657122142.29056,-7271651562.63164,-3152718964.3153887,58925.36437465277
46,2020,3,17,8,59,41.97,-16835777.507999998,600468.515,20673331.7,1193.33096,-3513.84828,1055.4787800000001,2020-03-17 08:59:41.970,58334673.900791,-350927563.4756595,-154913873.41496873,148658994778.94592,-7246994218.955732,-3142031104.5727115,58925.37479131943
46,2020,3,17,9,14,41.97,-15621685.611000001,-2558129.192,21444766.585,1500.89843,-3495.28724,656.28521,2020-03-17 09:14:41.970,59235527.55236101,-350819096.2049554,-154953802.93032688,148660862567.86246,-7222336615.3203945,-3131343131.9330354,58925.3852079861
46,2020,3,17,9,29,41.97,-14141685.941,-5673165.549000001,21851094.134,1783.39323,-3417.1492,245.26315000000002,2020-03-17 09:29:41.970,60136055.698293686,-350708655.83117247,-154992860.93911403,148662725508.96277,-7197678752.548558,-3120655046.74724,58925.39562465277
46,2020,3,17,9,44,41.97,-12420561.521,-8691449.814,21884761.629,2035.9577400000003,-3280.5508,-170.68325000000002,2020-03-17 09:44:41.970,61036253.49470157,-350596243.8008432,-155031047.5863139,148664583602.16974,-7173020631.463207,-3109966849.366227,58925.40604131943
46,2020,3,17,9,59,41.97,-10487264.818,-11561238.519000001,21544497.489,2254.19762,-3087.58964,-584.51832,2020-03-17 09:59:41.970,61936116.10349359,-350481861.5696081,-155068363.02134788,148666436847.4067,-7148362252.88746,-3099278540.1409698,58925.4164579861
46,2020,3,17,10,14,41.97,-8374465.158999999,-14233110.904,20835379.529000003,2434.2601400000003,-2841.32524,-989.1870299999999,2020-03-17 10:14:41.970,62835638.692388125,-350365510.60219485,-155104807.398067,148668285244.59683,-7123703617.6445265,-3088590119.4224796,58925.42687465277
46,2020,3,17,10,29,41.97,-6118028.191000001,-16660820.168999998,19768800.379,2572.90659,-2545.7441900000003,-1377.73111,2020-03-17 10:29:41.970,63734816.434926346,-350247192.3723961,-155140380.8747441,148670128793.66394,-7099044726.5577345,-3077901587.5618315,58925.43729131943
46,2020,3,17,10,44,41.97,-3756433.38,-18802106.134000003,18362327.139000002,2667.57731,-2205.7091299999997,-1743.40767,2020-03-17 10:44:41.970,64633644.5104854,-350126908.3630474,-155175083.6140653,148671967494.53168,-7074385580.450508,-3067212944.9101434,58925.4477079861
46,2020,3,17,10,59,41.97,-1330137.0240000002,-20619454.425,16639453.839000002,2716.44744,-1826.89099,-2079.80846,2020-03-17 10:59:41.970,65532118.10429131,-350004660.0660053,-155208915.78312305,148673801347.12433,-7049726180.146368,-3056524191.8185806,58925.45812465277
46,2020,3,17,11,14,41.97,1119110.18,-22080787.155,14629247.087,2718.4719099999998,-1415.68448,-2380.97758,2020-03-17 11:14:41.970,66430232.40743201,-349880448.98212606,-155241877.553407,148675630351.36603,-7025066526.468938,-3045835328.6383686,58925.46854131943
46,2020,3,17,11,29,41.97,3548980.478,-23160070.231999997,12365887.38,2673.4176700000003,-979.1074199999999,-2641.52522,2020-03-17 11:29:41.970,67327982.61687021,-349754276.62124354,-155273969.100797,148677454507.1815,-7000406620.24196,-3035146355.7207766,58925.4789579861
46,2020,3,17,11,44,41.97,5917309.198,-23837823.036999997,9888110.864,2581.88195,-524.68474,-2856.73468,2020-03-17 11:44:41.970,68225363.93545613,-349626144.5021471,-155305190.60555425,148679273814.49533,-6975746462.28926,-3024457273.4171267,58925.48937465277
46,2020,3,17,11,59,41.97,8182844.341,-24101517.364,7238558.809,2445.2947599999998,-60.31864,-3022.6598999999997,2020-03-17 11:59:41.970,69122371.57194044,-349496054.1525607,-155335542.25231442,148681088273.2326,-6951086053.434772,-3013768082.0787897,58925.49979131943
46,2020,3,17,12,14,41.97,10305991.094,-23945854.158,4463044.657000001,2265.9049800000003,405.85269,-3136.21069,2020-03-17 12:14:41.970,70019000.74098665,-349364007.1091205,-155365024.2300786,148682897883.31866,-6926425394.502545,-3003078782.057191,58925.5102079861
46,2020,3,17,12,29,41.97,12249536.079,-23372908.803,1609751.008,2046.74917,865.6053999999999,-3195.2227199999998,2020-03-17 12:29:41.970,70915246.66318393,-349230004.91735333,-155393636.73220617,148684702644.6789,-6901764486.316704,-2992389373.7037983,58925.52062465277
46,2020,3,17,12,44,41.97,13979335.786,-22392138.434,-1271628.695,1791.6032,1310.7857000000001,-3198.5100599999996,2020-03-17 12:44:41.970,71811104.56505945,-349094049.13165575,-155421379.9564065,148686502557.23898,-6877103329.701505,-2981699857.3701386,58925.53104131943
46,2020,3,17,12,59,41.97,15464953.853,-21020247.913,-4130786.988,1504.91711,1733.4675399999999,-3145.89789,2020-03-17 12:59:41.970,72706569.67909083,-348956141.31527144,-155448254.10473105,148688297620.92493,-6852441925.481283,-2971010233.407786,58925.5414579861
46,2020,3,17,13,14,41.97,16680232.571,-19280914.595,-6917719.267,1191.7343,2126.10805,-3038.23414,2020-03-17 13:14:41.970,73601637.24371864,-348816283.0402707,-155474259.38356572,148690087835.66278,-6827780274.480473,-2960320502.168355,58925.55187465277
46,2020,3,17,13,29,41.97,17603785.25,-17204375.689,-9583641.199,857.5967899999999,2481.6967600000003,-2877.379,2020-03-17 13:29:41.970,74496302.50335856,-348674475.8875282,-155499396.0036224,148691873201.37915,-6803118377.523625,-2949630664.0035233,58925.56229131943
46,2020,3,17,13,44,41.97,18219397.868,-14826885.711000001,-12081886.7,508.43877999999995,2793.89444,-2666.17223,2020-03-17 13:44:41.970,75390560.70841363,-348530721.4467015,-155523664.17993182,148693653718.00058,-6778456235.435381,-2938940719.265009,58925.5727079861
46,2020,3,17,13,59,41.97,18516330.637,-12190055.041,-14368766.707,150.47120999999999,3057.15783,-2408.37889,2020-03-17 13:59:41.970,76284407.11528629,-348385021.31621057,-155547064.13183504,148695429385.45386,-6753793849.040478,-2928250668.3045845,58925.58312465277
46,2020,3,17,14,14,41.97,18489512.716000002,-9340083.812,-16404369.927,-209.93977,3266.8470100000004,-2108.61497,2020-03-17 14:14:41.970,77177836.98639056,-348237377.10321516,-155569596.0829759,148697200203.6661,-6729131219.163759,-2917560511.4740696,58925.59354131943
46,2020,3,17,14,29,41.97,18139626.083,-6326908.07,-18153288.251999997,-566.39707,3419.3126399999996,-1772.25476,2020-03-17 14:29:41.970,78070845.59016411,-348087790.42359424,-155591260.26129293,148698966172.56482,-6704468346.6301775,-2906870249.125336,58925.6039579861
46,2020,3,17,14,44,41.97,17473077.5,-3203277.23,-19585251.674,-912.59647,3511.96106,-1405.32282,2020-03-17 14:44:41.970,78963428.20108007,-347936262.9019242,-155612056.8990116,148700727292.07745,-6679805232.264753,-2896179881.6103,58925.61437465277
46,2020,3,17,14,59,41.97,16501860.388,-23783.344,-20675660.085,-1242.44697,3543.29617,-1014.3734200000001,2020-03-17 14:59:41.970,79855580.09965879,-347782796.17145836,-155631986.23263672,148702483562.13177,-6655141876.892634,-2885489409.280927,58925.62479131943
46,2020,3,17,15,14,41.97,15243311.147,3156136.632,-21406002.247,-1550.1845999999998,3512.93757,-606.36091,2020-03-17 15:14:41.970,80747296.5724798,-347627391.87410456,-155651048.50294405,148704234982.65594,-6630478281.339058,-2874798832.489238,58925.6352079861
46,2020,3,17,15,29,41.97,13719766.878,6281204.345,-21764155.248999998,-1830.47725,3421.61534,-188.50439,2020-03-17 15:29:41.970,81638572.9121935,-347470051.66040456,-155669243.95497292,148705981553.57812,-6605814446.429357,-2864108151.5872946,58925.64562465277
46,2020,3,17,15,44,41.97,11958133.634,9297288.697,-21744560.911000002,-2078.5184,3271.1424899999997,231.84991,2020-03-17 15:44:41.970,82529404.41753283,-347310777.18951344,-155686572.83801812,148707723274.8269,-6581150372.988962,-2853417366.927214,58925.65604131943
46,2020,3,17,15,59,41.97,9989375.946,12152360.263,-21348278.553,-2290.1080899999997,3064.36673,647.36518,2020-03-17 15:59:41.970,83419786.39332457,-347149570.12917715,-155703035.40562218,148709460146.33102,-6556486061.843416,-2842726478.861158,58925.6664579861
46,2020,3,17,16,14,41.97,7847939.714,14797393.725,-20582916.384,-2461.71988,2805.1035500000003,1050.8467699999999,2020-03-17 16:14:41.970,84309714.15050136,-346986432.1557128,-155718631.91556767,148711192168.01938,-6531821513.818325,-2832035487.741336,58925.67687465277
46,2020,3,17,16,29,41.97,5571121.342,17187202.584,-19462446.264,-2590.55324,2498.0531,1435.36825,2020-03-17 16:29:41.970,85199183.00611258,-346821364.9539858,-155733362.6298694,148712919339.82138,-6507156729.739426,-2821344393.9200106,58925.68729131943
46,2020,3,17,16,44,41.97,3198396.445,19281192.711,-18006908.781,-2674.571,2148.70336,1794.38871,2020-03-17 16:44:41.970,86088188.28333604,-346654370.21739125,-155747227.8147661,148714641661.66614,-6482491710.432543,-2810653197.749491,58925.6977079861
46,2020,3,17,16,59,41.97,770721.5059999999,21044023.619,-16242017.36,-2712.5220900000004,1763.22238,2121.8595699999996,2020-03-17 16:59:41.970,86976725.31148937,-346485449.64783096,-155760227.7407135,148716359133.48355,-6457826456.72358,-2799961899.5821266,58925.70812465277
46,2020,3,17,17,14,41.97,-1670178.421,22446168.811,-14198671.567,-2703.94989,1348.3421799999999,2412.3194200000003,2020-03-17 17:14:41.970,87864789.42604102,-346314604.95569277,-155772362.68237573,148718071755.2036,-6433160969.438566,-2789270499.7703285,58925.71854131943
46,2020,3,17,17,29,41.97,-4082523.384,23464368.857,-11912390.77,-2649.18707,911.23691,2660.97602,2020-03-17 17:29:41.970,88752375.96862155,-346141837.8598302,-155783632.91861826,148719779526.7564,-6408495249.403592,-2778578998.666547,58925.7289579861
46,2020,3,17,17,44,41.97,-6425181.766,24081973.129,-9422680.025,-2549.33774,459.3976,2863.77479,2020-03-17 17:44:41.970,89639480.28703466,-345967150.0875419,-155794038.7324995,148721482448.0723,-6383829297.44487,-2767887396.623278,58925.73937465277
46,2020,3,17,17,59,41.97,-8658352.145000001,24289168.161000002,-6772340.438999999,-2406.24795,0.5058499999999999,3017.45375,2020-03-17 17:59:41.970,90526097.73526844,-345790543.37454945,-155803580.41126359,148723180519.08194,-6359163114.388707,-2757195693.9930773,58925.74979131943
46,2020,3,17,18,14,41.97,-10744213.841999998,24083092.451,-4006736.347,-2222.46583,-457.69189,3119.58456,2020-03-17 18:14:41.970,91412223.67350587,-345612019.4649776,-155812258.24633217,148724873739.71616,-6334496701.061489,-2746503891.1285324,58925.7602079861
46,2020,3,17,18,29,41.97,-12647537.258,23467839.182,-1173031.542,-2001.1923,-907.50748,3168.60025,2020-03-17 18:29:41.970,92297853.46813653,-345431580.1113335,-155820072.53329694,148726562109.90598,-6309830058.289705,-2735811988.3822904,58925.77062465277
46,2020,3,17,18,44,41.97,-14336246.129999999,22454349.738,1680593.4789999998,-1746.22365,-1341.43032,3163.80983,2020-03-17 18:44:41.970,93182982.49176665,-345249227.0744849,-155827023.57191196,148728245629.58282,-6285163186.8999405,-2725119986.1070404,58925.78104131943
46,2020,3,17,18,59,41.97,-15781924.861,21060202.081,4505731.716,-1461.88713,-1752.2415899999999,3105.4002600000003,2020-03-17 18:59:41.970,94067606.12323031,-345064962.1236407,-155833111.66608602,148729924298.6783,-6260496087.718877,-2714427884.6555233,58925.7914579861
46,2020,3,17,19,14,41.97,-16960265.053,19309299.097,7254536.210999999,-1152.97041,-2133.12218,2994.42649,2020-03-17 19:14:41.970,94951719.74759996,-344878787.03633,-155838337.12387434,148731598117.1242,-6235828761.573278,-2703735684.3805227,58925.80187465277
46,2020,3,17,19,29,41.97,-17851446.253,17231462.827999998,9880492.417,-824.6460599999999,-2477.75372,2832.78997,2020-03-17 19:29:41.970,95835318.7561973,-344690703.5983803,-155842700.25747165,148733267084.8525,-6211161209.290016,-2693043385.634868,58925.81229131943
46,2020,3,17,19,44,41.97,-18440446.761,14861941.233,12339166.32,-482.39180999999996,-2780.41184,2623.20641,2020-03-17 19:44:41.970,96718398.54660375,-344500713.60389864,-155846201.38320407,148734931201.79556,-6186493431.696047,-2682350988.771441,58925.8227079861
46,2020,3,17,19,59,41.97,-18717281.117,12240834.742999999,14588918.816,-131.90748,-3036.05107,2369.16307,2020-03-17 19:59:41.970,97600954.52267085,-344308818.85524964,-155848840.82152137,148736590467.88583,-6161825429.6184225,-2671658494.1431694,58925.83312465277
46,2020,3,17,20,14,41.97,-18677161.572,9412450.421,16591577.275,220.97074,-3240.3806799999998,2074.86643,2020-03-17 20:14:41.970,98482982.094531,-344115021.163036,-155850618.89698964,148738244883.05597,-6137157203.884274,-2660965902.103019,58925.84354131943
46,2020,3,17,20,29,41.97,-18320581.505,6424592.058,18313055.691,570.3579100000001,-3389.93111,1745.18036,2020-03-17 20:29:41.970,99364476.6786077,-343919322.3460771,-155851535.93828315,148739894447.23917,-6112488755.320857,-2650273213.0040193,58925.8539579861
46,2020,3,17,20,44,41.97,-17653319.4,3327795.12,19723915.193,910.40917,-3482.11002,1385.55546,2020-03-17 20:44:41.970,100245433.69762589,-343721724.2313888,-155851592.27817735,148741539160.36853,-6087820084.755488,-2639580427.1992297,58925.86437465277
46,2020,3,17,20,59,41.97,-16686362.612000002,174515.985,20799857.112,1235.4089999999999,-3515.2476500000002,1001.94991,2020-03-17 20:59:41.970,101125848.58062224,-343522228.65416396,-155850788.25354066,148743179022.3775,-6063151193.015598,-2628887545.041767,58925.87479131943
46,2020,3,17,21,14,41.97,-15435750.864,-2981714.406,21522141.158999998,1539.8601800000001,-3488.63045,600.7423200000001,2020-03-17 21:14:41.970,102005716.76295558,-343320837.45775026,-155849124.20532683,148744814033.19986,-6038482080.9286785,-2618194566.8847837,58925.8852079861
46,2020,3,17,21,29,41.97,-13922340.133,-6087161.699999999,21877921.717,1818.57162,-3402.52241,188.63698000000002,2020-03-17 21:29:41.970,102885033.68631671,-343117552.4936318,-155846600.47856796,148746444192.76953,-6013812749.322356,-2607501493.0814977,58925.89562465277
46,2020,3,17,21,44,41.97,-12171488.451,-9088772.526999999,21860495.769,2066.74388,-3258.17302,-227.43765,2020-03-17 21:44:41.970,103763794.79873878,-342912375.62140685,-155843217.42236614,148748069501.02072,-5989143199.024313,-2596808323.985149,58925.90604131943
46,2020,3,17,21,59,41.97,-10212666.076,-11935059.800999999,21469456.583,2280.05147,-3057.81117,-640.43668,2020-03-17 21:59:41.970,104641995.55460721,-342705308.70876914,-155838975.38988626,148749689957.8877,-5964473430.862338,-2586115059.9490385,58925.9164579861
46,2020,3,17,22,14,41.97,-8078993.641,-14576975.790000001,20710748.137,2454.72042,-2804.62394,-1043.31148,2020-03-17 22:14:41.970,105519631.41466972,-342496353.63148725,-155833874.7383483,148751305563.3051,-5939803445.6643095,-2575421701.3265123,58925.92687465277
46,2020,3,17,22,29,41.97,-5806713.067,-16968759.091,19596616.228,2587.59982,-2502.7196900000004,-1429.12629,2020-03-17 22:29:41.970,106396697.84604625,-342285512.27338356,-155827915.82901967,148752916317.2081,-5915133244.258178,-2564728248.4709554,58925.93729131943
46,2020,3,17,22,44,41.97,-3434597.4620000003,-19068741.026,18145453.547000002,2676.22564,-2157.0747300000003,-1791.1770099999999,2020-03-17 22:44:41.970,107273190.32223892,-342072786.5263149,-155821099.02720785,148754522219.53152,-5890462827.472015,-2554034701.735809,58925.9477079861
46,2020,3,17,22,59,41.97,-1003307.662,-20840096.537,16381537.506000001,2718.87516,-1773.4633,-2123.11035,2020-03-17 22:59:41.970,108149104.3231417,-341858178.29015255,-155813424.70225275,148756123270.21075,-5865792196.133965,-2543341061.47455,58925.95812465277
46,2020,3,17,23,14,41.97,1445295.348,-22251524.562999997,14334661.489,2714.61031,-1358.37087,-2419.0411599999998,2020-03-17 23:14:41.970,109024435.33505026,-341641689.4727612,-155804893.22751883,148757719469.1816,-5841121351.072258,-2532647328.040706,58925.96854131943
46,2020,3,17,23,29,41.97,3868871.373,-23277843.066,12039662.281000001,2663.3081700000002,-918.8913699999999,-2673.6653600000004,2020-03-17 23:29:41.970,109899178.85067153,-341423321.9899802,-155795504.98038816,148759310816.3796,-5816450293.115221,-2521953501.78785,58925.9789579861
46,2020,3,17,23,44,41.97,6225343.041,-23900484.605,9535848.797,2565.67713,-462.60913,-2882.36587,2020-03-17 23:44:41.970,110773330.36913359,-341203077.76560205,-155785260.3422524,148760897311.7412,-5791779023.091262,-2511259583.069598,58925.98937465277
46,2020,3,17,23,59,41.97,8473645.401,-24107879.509999998,6866339.725,2423.2573300000004,2.53251,-3041.30863,2020-03-17 23:59:41.970,111646885.39599517,-340980958.7313538,-155774159.69850537,148762478955.20245,-5767107541.828886,-2500565572.239613,58925.99979131943
46,2020,3,18,0,14,41.97,10574469.379,-23895714.528,4077318.276,2238.40445,468.37423,-3147.52601,2020-03-18 00:14:41.970,112519839.44325508,-340756966.8268761,-155762203.4385359,148764055746.7,-5742435850.156684,-2489871469.651604,58926.0102079861
46,2020,3,18,0,29,41.97,12490978.357,-23267063.465,1217228.634,2014.2561699999999,926.69104,-3198.9840900000004,2020-03-18 00:29:41.970,113392188.02936165,-340531103.999704,-155749391.95571953,148765627686.17056,-5717763948.903337,-2479177275.659324,58926.02062465277
46,2020,3,18,0,44,41.97,14189495.972000001,-22232370.565,-1664100.2920000001,1754.68171,1369.34981,-3194.63339,2020-03-18 00:44:41.970,114263926.67922243,-340303372.2052462,-155735725.64741197,148767194773.55124,-5693091838.897604,-2468482990.616571,58926.03104131943
46,2020,3,18,0,59,41.97,15640131.730999999,-20809300.601999998,-4516347.899,1464.21435,1788.46609,-3134.4383,2020-03-18 00:59:41.970,115135050.92421326,-340073773.4067665,-155721204.91494095,148768757008.7793,-5668419520.968343,-2457788614.877184,58926.0414579861
46,2020,3,18,1,14,41.97,16817343.48,-19022444.071999997,-7289621.892999999,1147.96879,2176.55922,-3019.38582,2020-03-18 01:14:41.970,116005556.30218776,-339842309.5753625,-155705830.16359878,148770314391.79224,-5643746995.944488,-2447094148.7950525,58926.05187465277
46,2020,3,18,1,29,41.97,17700418.208,-16902886.507,-9935374.253,811.54468,2526.70035,-2851.47212,2020-03-18 01:29:41.970,116875438.35748658,-339608982.6899469,-155689601.80263552,148771866922.52774,-5619074264.65507,-2436399592.7241073,58926.06229131943
46,2020,3,18,1,44,41.97,18273860.759999998,-14487649.132000001,-12407295.045,460.91882,2832.64964,-2633.6668099999997,2020-03-18 01:44:41.970,117744692.64094642,-339373794.73722744,-155672520.2452507,148773414600.92377,-5594401327.929208,-2425704947.0183306,58926.0727079861
46,2020,3,18,1,59,41.97,18527681.426,-11819012.350000001,-14662164.401,102.32875,3088.97891,-2369.85585,2020-03-18 01:59:41.970,118613314.70990948,-339136747.71168715,-155654585.90858626,148774957426.91873,-5569728186.596095,-2415010212.0317335,58926.08312465277
46,2020,3,18,2,14,41.97,18457575.992,-8943736.662999999,-16660644.012,-257.84925,3291.1764,-2064.76456,2020-03-18 02:14:41.970,119481300.12823245,-338897843.61556447,-155635799.21371922,148776495400.45102,-5545054841.485028,-2404315388.1183896,58926.09354131943
46,2020,3,18,2,29,41.97,18064994.651,-5912198.294,-18367991.077,-613.22464,3435.73119,-1723.8627099999999,2020-03-18 02:29:41.970,120348644.46629532,-338657084.45883435,-155616160.5856541,148778028521.45923,-5520381293.425377,-2393620475.6324077,58926.1039579861
46,2020,3,18,2,44,41.97,17357099.113,-2777458.794,-19754679.874,-957.51608,3520.19522,-1353.2546,2020-03-18 02:44:41.970,121215343.30101083,-338414472.2591876,-155595670.45331556,148779556789.88257,-5495707543.24659,-2382925474.927938,58926.11437465277
46,2020,3,18,2,59,41.97,16346610.07,405710.73000000004,-20796918.700999998,-1284.6710400000002,3543.22199,-959.55705,2020-03-18 02:59:41.970,122081392.21583304,-338170009.04201263,-155574329.24954087,148781080205.65985,-5471033591.778223,-2372230386.3591795,58926.12479131943
46,2020,3,18,3,14,41.97,15051549.933,3581829.509,-21477052.872,-1588.97855,3504.5815199999997,-549.76874,2020-03-18 03:14:41.970,122946786.80076633,-337923696.84037435,-155552137.41107282,148782598768.73074,-5446359439.849903,-2361535210.2803745,58926.1352079861
46,2020,3,18,3,29,41.97,13494888.084,6695709.944999999,-21783847.538000003,-1865.17266,3405.152,-131.13439,2020-03-18 03:29:41.970,123811522.6523744,-337675537.69499636,-155529095.378552,148784112479.03482,-5421685088.291337,-2350839947.0458083,58926.14562465277
46,2020,3,18,3,44,41.97,11704098.014999999,9693442.891999999,-21712647.173,-2108.52448,3246.8894,288.99291999999997,2020-03-18 03:44:41.970,124675595.37378874,-337425533.6542399,-155505203.5965094,148785621336.5121,-5397010537.932327,-2340144597.009807,58926.15604131943
46,2020,3,18,3,59,41.97,9710637.329,12523346.179,-21265411.566999998,-2314.92137,3032.7765000000004,703.2879899999999,2020-03-18 03:59:41.970,125539000.57471777,-337173686.77408606,-155480462.51335967,148787125341.10248,-5372335789.602765,-2329449160.52675,58926.1664579861
46,2020,3,18,4,14,41.97,7549362.788000001,15136858.881000001,-20450630.941999998,-2480.93192,2766.75369,1104.58543,2020-03-18 04:14:41.970,126401733.87145516,-336919999.1181152,-155454872.5813928,148788624492.7467,-5347660844.1326065,-2318753637.951048,58926.17687465277
46,2020,3,18,4,29,41.97,5257893.406,17489365.919,-19283125.263,-2603.8563400000003,2453.63373,1486.00469,2020-03-18 04:29:41.970,127263790.8868889,-336664472.7574876,-155428434.25676775,148790118791.3851,-5322985702.351904,-2308058029.637162,58926.18729131943
46,2020,3,18,4,44,41.97,2875934.918,19540939.827,-17783734.959000003,-2681.76194,2099.0034,1841.0659899999998,2020-03-18 04:44:41.970,128125167.25050947,-336407109.7709252,-155401147.99950445,148791608236.95877,-5298310365.090797,-2297362335.939595,58926.1977079861
46,2020,3,18,4,59,41.97,444578.983,21256988.928999998,-15978911.996000001,-2713.50384,1709.11433,2163.79558,2020-03-18 04:59:41.970,128985858.59841844,-336147912.2446912,-155373014.27347684,148793092829.40848,-5273634833.179503,-2286666557.212897,58926.20812465277
46,2020,3,18,5,14,41.97,-1994409.835,22608803.59,-13900221.617999999,-2698.73151,1290.76604,2448.81884,2020-03-18 05:14:41.970,129845860.57333732,-335886882.27257156,-155344033.54640508,148794572568.6759,-5248959107.448314,-2275970693.811648,58926.21854131943
46,2020,3,18,5,29,41.97,-4399306.838,23573994.519,-11583766.038,-2637.88184,851.18349,2691.4404900000004,2020-03-18 05:29:41.970,130705168.82461584,-335624021.95585525,-155314206.28984886,148796047454.70245,-5224283188.727624,-2265274746.0904884,58926.2289579861
46,2020,3,18,5,44,41.97,-6729128.007999999,24136819.33,-9069542.020000001,-2532.1596600000003,397.89158000000003,2887.71122,2020-03-18 05:44:41.970,131563779.00824007,-335359333.40331584,-155283532.97919995,148797517487.43005,-5199607077.847898,-2254578714.404091,58926.23937465277
46,2020,3,18,5,59,41.97,-8944308.077,24288395.597,-6400744.614999999,-2383.50687,-61.41128,3034.48071,2020-03-18 05:59:41.970,132421686.78684111,-335092818.73119175,-155252014.09367457,148798982666.8007,-5174930775.639681,-2243882599.107176,58926.24979131943
46,2020,3,18,6,14,41.97,-11007346.040000001,24026800.458,-3623029.4,-2194.56117,-518.9785300000001,3129.43687,2020-03-18 06:14:41.970,133278887.82970335,-334824480.063167,-155219650.11630628,148800442992.75677,-5150254282.933596,-2233186400.5544996,58926.2602079861
46,2020,3,18,6,29,41.97,-12883409.364,23357058.432,-783745.416,-1968.6056800000001,-967.1382600000001,3171.13175,2020-03-18 06:29:41.970,134135377.81277268,-334554319.53035253,-155186441.5339393,148801898465.24075,-5125577600.560367,-2222490119.100871,58926.27062465277
46,2020,3,18,6,44,41.97,-14540889.160999998,22291020.507,2068849.2780000002,-1709.51059,-1398.41183,3158.99435,2020-03-18 06:44:41.970,134991152.41866452,-334282339.27126765,-155152388.83722016,148803349084.1954,-5100900729.3507805,-2211793755.1011286,58926.28104131943
46,2020,3,18,6,59,41.97,-15951899.613,20847138.712,4886377.947,-1421.66781,-1805.6273,3093.33098,2020-03-18 06:59:41.970,135846207.33667246,-334008541.43182015,-155117492.52059165,148804794849.56384,-5076223670.135712,-2201097308.9101663,58926.2914579861
46,2020,3,18,7,14,41.97,-17092715.895,19050141.392,7621130.41,-1109.91977,-2182.02652,2975.31365,2020-03-18 07:14:41.970,136700538.26277587,-333732928.1652877,-155081753.0822846,148806235761.28937,-5051546423.746129,-2190400780.8829155,58926.30187465277
46,2020,3,18,7,29,41.97,-17944145.729,16930615.217,10226832.666000001,-779.4833100000001,-2521.36517,2806.95714,2020-03-18 07:29:41.970,137554140.8996483,-333455501.6322991,-155045171.0243112,148807671819.3154,-5026868991.013051,-2179704171.3743477,58926.31229131943
46,2020,3,18,7,44,41.97,-18491830.527,14524500.654,12659390.965,-435.86946,-2818.00493,2591.08518,2020-03-18 07:44:41.970,138407010.95666564,-333176264.00081533,-155007746.85245776,148809103023.58575,-5002191372.767604,-2169007480.739475,58926.3227079861
46,2020,3,18,7,59,41.97,-18726472.821,11872508.247,14877600.851,-84.79999000000001,-3066.99717,2331.28651,2020-03-18 07:59:41.970,139259144.14991337,-332895217.4461103,-154969481.0762773,148810529374.0443,-4977513569.8409815,-2158310709.3333573,58926.33312465277
46,2020,3,18,8,14,41.97,-18643987.399,9019463.58,16843812.189,267.8786,-3264.15764,2031.8611600000002,2020-03-18 08:14:41.970,140110536.20219567,-332612364.1507531,-154930374.20908272,148811950870.6355,-4952835583.064459,-2147613857.5110908,58926.34354131943
46,2020,3,18,8,29,41.97,-18245574.171,6013589.348999999,18524541.633,616.28283,-3406.1314399999997,1697.75738,2020-03-18 08:29:41.970,140961182.84304225,-332327706.304588,-154890426.76793933,148813367513.30374,-4928157413.269397,-2136916925.6278205,58926.3539579861
46,2020,3,18,8,44,41.97,-17537711.487,2905733.5119999996,19891024.373,954.58118,-3490.44779,1334.4998500000002,2020-03-18 08:44:41.970,141811079.8087168,-332041246.10471606,-154849639.2736576,148814779301.99374,-4903479061.287231,-2126219914.0387263,58926.36437465277
46,2020,3,18,8,59,41.97,-16532069.204,-251446.94999999998,20919697.382,1277.08336,-3515.5637699999997,948.10936,2020-03-18 08:59:41.970,142660222.84222475,-331752985.75547683,-154808012.25078624,148816186236.65033,-4878800527.949478,-2115522823.0990317,58926.37479131943
46,2020,3,18,9,14,41.97,-15245341.550999999,-3404336.454,21592606.814999998,1578.3291100000001,-3480.89639,545.01462,2020-03-18 09:14:41.970,143508607.69332054,-331462927.46843004,-154765546.22760534,148817588317.21896,-4854121814.087727,-2104825653.164002,58926.3852079861
46,2020,3,18,9,29,41.97,-13699000.557,-6499234.524,21897732.597999997,1853.17579,-3386.84216,131.95656,2020-03-18 09:29:41.970,144356230.11851618,-331171073.46233535,-154722241.73611832,148818985543.6449,-4829442920.533652,-2094128404.5889456,58926.39562465277
46,2020,3,18,9,44,41.97,-11918971.662,-9483241.145,21829223.814,2096.88352,-3234.78324,-284.11412,2020-03-18 09:44:41.970,145203085.88108853,-330877425.96313566,-154678099.3120459,148820377915.87396,-4804763848.119016,-2083431077.7292118,58926.40604131943
46,2020,3,18,9,59,41.97,-9935234.152999999,-12305141.287,21387539.125,2305.19688,-3027.0793,-696.1453600000001,2020-03-18 09:59:41.970,146049170.75108665,-330581987.20393693,-154633119.49481818,148821765433.85214,-4780084597.675632,-2072733672.940189,58926.4164579861
46,2020,3,18,10,14,41.97,-7781350.1280000005,-14916275.391999999,20579487.303999998,2474.42182,-2767.0442999999996,-1097.0970900000002,2020-03-18 10:14:41.970,146894480.50533983,-330284759.4249912,-154587302.82756796,148823148097.52533,-4755405170.035414,-2062036190.5773065,58926.42687465277
46,2020,3,18,10,29,41.97,-5493927.004,-17271381.835,19418164.021,2601.4961799999996,-2458.9073799999996,-1480.0582200000001,2020-03-18 10:29:41.970,147739010.92746505,-329985744.8736765,-154540649.8571236,148824525906.84012,-4730725566.0303545,-2051338630.9960392,58926.43729131943
46,2020,3,18,10,44,41.97,-3112019.934,-19329396.817,17922782.319000002,2684.0523900000003,-2107.75725,-1838.36557,2020-03-18 10:44:41.970,148582757.80787417,-329684945.8044797,-154493161.1340017,148825898861.74323,-4706045786.492499,-2040640994.551893,58926.4477079861
46,2020,3,18,10,59,41.97,-676482.036,-21054196.735000003,16118395.838,2720.4705,-1719.46997,-2165.72294,2020-03-18 10:59:41.970,149425716.94378215,-329382364.4789773,-154444837.21240023,148827266962.1815,-4681365832.2540045,-2029943281.6004286,58926.45812465277
46,2020,3,18,11,14,41.97,1770728.1579999998,-22415267.994999997,14035515.701,2709.9199,-1300.61999,-2456.31796,2020-03-18 11:14:41.970,150267884.13921368,-329078003.16581756,-154395678.6501917,148828630208.10208,-4656685704.147077,-2019245492.4972384,58926.46854131943
46,2020,3,18,11,29,41.97,4187271.0420000004,-23388289.531,11709624.148,2652.3879699999998,-858.37524,-2704.93424,2020-03-18 11:29:41.970,151109255.20501104,-328771864.1407015,-154345686.00891545,148829988599.4524,-4632005403.004007,-2008547627.5979545,58926.4789579861
46,2020,3,18,11,44,41.97,6531169.642,-23955614.016,9180590.36,2548.69425,-400.37719,-2907.0561000000002,2020-03-18 11:44:41.970,151949825.9588414,-328463949.68636554,-154294859.85377142,148831342136.17993,-4607324929.657181,-1997849687.2582574,58926.48937465277
46,2020,3,18,11,59,41.97,8761558.977999998,-24106635.066,6491996.437,2400.48864,65.39229,-3058.96301,2020-03-18 11:59:41.970,152789592.22520405,-328154262.09256196,-154243200.7536126,148832690818.23282,-4582644284.939032,-1987151671.8338575,58926.49979131943
46,2020,3,18,12,14,41.97,10839426.381,-23838029.48,3690384.0799999996,2210.23295,530.75499,-3157.81093,2020-03-18 12:14:41.970,153628549.83543774,-327842803.6560419,-154190709.28093812,148834034645.55902,-4557963469.682077,-1976453581.6805124,58926.5102079861
46,2020,3,18,12,29,41.97,12728327.408,-23153865.98,824434.992,1981.16516,987.48846,-3201.69781,2020-03-18 12:29:41.970,154466694.62772804,-327529576.6805361,-154137386.0118864,148835373618.10693,-4533282484.718922,-1965755417.1540208,58926.52062465277
46,2020,3,18,12,44,41.97,14395061.846,-22065574.702999998,-2055899.648,1717.24647,1427.4827599999999,-3189.7108900000003,2020-03-18 12:44:41.970,155304022.44711405,-327214583.4767376,-154083231.52622783,148836707735.82507,-4508601330.882233,-1955057178.6102157,58926.53104131943
46,2020,3,18,12,59,41.97,15810294.592,-20591775.009,-4900303.341,1423.09192,1842.8979000000002,-3121.95389,2020-03-18 12:59:41.970,156140529.14549622,-326897826.36228275,-154028246.40735808,148838036998.66254,-4483920009.0047655,-1944358866.4049778,58926.5414579861
46,2020,3,18,13,14,41.97,16949107.086,-18757962.689,-7659013.276,1103.88572,2226.3181099999997,-2999.5526,2020-03-18 13:14:41.970,156976210.58164334,-326579307.6617338,-153972431.24229124,148839361406.56808,-4459238519.919336,-1933660480.8942213,58926.55187465277
46,2020,3,18,13,29,41.97,17791466.345000003,-16596061.385000002,-10283734.461,765.28315,2570.89869,-2824.63843,2020-03-18 13:29:41.970,157811062.62119892,-326259029.7065603,-153915786.6216524,148840680959.49124,-4434556864.458847,-1922962022.433904,58926.56229131943
46,2020,3,18,13,44,41.97,18322600.587,-14143846.674,-12728528.994,413.30152,2870.5014800000004,-2600.3097199999997,2020-03-18 13:44:41.970,158645081.1366894,-325936994.83512145,-153858313.13967118,148841995657.38162,-4409875043.456266,-1912263491.3800194,58926.5727079861
46,2020,3,18,13,59,41.97,18533272.733999997,-11444254.738,-14950660.907,54.20279,3119.8152600000003,-2330.57184,2020-03-18 13:59:41.970,159478262.0075302,-325613205.39264786,-153800011.3941744,148843305500.18896,-4385193057.744637,-1901564888.0886042,58926.58312465277
46,2020,3,18,14,14,41.97,18419945.74,-8544590.646,-16911378.072,-305.62894,3314.458,-2020.2576,2020-03-18 14:14:41.970,160310601.12003303,-325287663.73122334,-153740881.98657945,148844610487.86343,-4360510908.157092,-1890866212.9157376,58926.59354131943
46,2020,3,18,14,29,41.97,17984836.548,-5495653.802,-18576614.42,-659.81187,3451.0582799999997,-1674.93015,2020-03-18 14:29:41.970,161142094.36741313,-324960372.2097677,-153680925.52188715,148845910620.35526,-4335828595.526813,-1880167466.2175322,58926.6039579861
46,2020,3,18,14,44,41.97,17235858.368,-2350800.084,-19917597.922000002,-1002.08967,3527.31435,-1300.77118,2020-03-18 14:44:41.970,161972737.64979577,-324631333.19401765,-153620142.60867506,148847205897.61487,-4311146120.687072,-1869468648.35014,58926.61437465277
46,2020,3,18,14,59,41.97,16186453.865,835038.5549999999,-20911352.506,-1326.45029,3542.02951,-904.4575500000001,2020-03-18 14:59:41.970,162802526.87422305,-324300549.0565104,-153558533.85909036,148848496319.59332,-4286463484.4712114,-1858769759.6697605,58926.62479131943
46,2020,3,18,15,14,41.97,14855324.442,4006355.753,-21541084.979,-1627.23757,3495.1240000000003,-493.02971,2020-03-18 15:14:41.970,163631457.95466125,-323968022.1765644,-153496099.888843,148849781886.24152,-4261780687.7126336,-1848070800.5326176,58926.6352079861
46,2020,3,18,15,29,41.97,13266063.217999998,7108072.509,-21796451.145999998,-1899.25326,3387.6235,-73.75539,2020-03-18 15:29:41.970,164459526.8120073,-323633754.9402622,-153432841.31719926,148851062597.51083,-4237097731.244836,-1837371771.2949915,58926.64562465277
46,2020,3,18,15,44,41.97,11446701.290000001,10086518.732,-21673698.404,-2137.84746,3221.62594,346.00806,2020-03-18 15:44:41.970,165286729.3740953,-323297749.74043304,-153368758.7669741,148852338453.35275,-4212414615.9013743,-1826672672.3131907,58926.65604131943
46,2020,3,18,15,59,41.97,9429178.432,12890375.563,-21175685.03,-2338.99585,3000.24787,758.94947,2020-03-18 15:59:41.970,166113061.57570368,-322960008.9766341,-153303852.86452478,148853609453.71902,-4187731342.5158796,-1815973503.943565,58926.6664579861
46,2020,3,18,16,14,41.97,7248750.568,15471561.222000001,-20311779.138,-2499.36282,2727.55293,1157.9350200000001,2020-03-18 16:14:41.970,166938519.35856158,-322620535.05513364,-153238124.23974416,148854875598.56165,-4163047911.922047,-1805274266.542499,58926.67687465277
46,2020,3,18,16,29,41.97,4943347.062,17786045.266000003,-19097642.69,-2616.34982,2408.46477,1536.1321400000002,2020-03-18 16:29:41.970,167763098.67135596,-322279330.38889277,-153171573.5260535,148856136887.83292,-4138364324.953662,-1794574960.4664261,58926.68729131943
46,2020,3,18,16,44,41.97,2552891.191,19794578.408,-17554908.042999998,-2688.12883,2048.66694,1887.12409,2020-03-18 16:44:41.970,168586795.4697374,-321936397.3975484,-153104201.3603959,148857393321.48532,-4113680582.4445643,-1783875586.0718102,58926.6977079861
46,2020,3,18,16,59,41.97,118597.12000000001,21463327.47,-15710756.177,-2713.66117,1654.49257,2205.0136199999997,2020-03-18 16:59:41.970,169409605.71632758,-321591738.50739485,-153036008.3832292,148858644899.47177,-4088996685.22867,-1773176143.7151537,58926.70812465277
46,2020,3,18,17,14,41.97,-2317743.63,22764407.448999997,-13597407.079,-2692.7021299999997,1232.8065399999998,2484.51435,2020-03-18 17:14:41.970,170231525.3807254,-321245356.15136695,-152966995.23851946,148859891621.74506,-4064312634.139969,-1762476633.7530017,58926.71854131943
46,2020,3,18,17,29,41.97,-4714473.851,23676304.976999998,-11251533.681000002,-2625.79239,790.88238,2721.02916,2020-03-18 17:29:41.970,171052550.4395135,-320897252.7690217,-152897162.5737341,148861133488.25845,-4039628430.0125246,-1751777056.5419364,58926.7289579861
46,2020,3,18,17,44,41.97,-7030768.874000001,24184189.678,-8713611.353,-2514.23688,336.27657,2910.7149799999997,2020-03-18 17:44:41.970,171872676.87626496,-320547430.80652165,-152826511.03983513,148862370498.96558,-4014944073.6804585,-1741077412.4385757,58926.73937465277
46,2020,3,18,17,59,41.97,-9227310.673,24280111.915000003,-6027215.237000001,-2360.07249,-123.29785,3050.53387,2020-03-18 17:59:41.970,172691900.68154913,-320195892.716617,-152755041.29127213,148863602653.82013,-3990259565.977975,-1730377701.799577,58926.74979131943
46,2020,3,18,18,14,41.97,-11266928.201000001,23963087.21,-3238277.7729999996,-2166.0255300000003,-580.09645,3138.29043,2020-03-18 18:14:41.970,173510217.85293904,-319842640.9586279,-152682753.9859758,148864829952.776,-3965574907.7393365,-1719677924.9816363,58926.7602079861
46,2020,3,18,18,29,41.97,-13115195.333,23239069.209000003,-394318.575,-1935.46024,-1026.46568,3172.65592,2020-03-18 18:29:41.970,174327624.3950171,-319487677.99842715,-152609649.7853513,148866052395.78748,-3940890099.7988987,-1708978082.3414903,58926.77062465277
46,2020,3,18,18,44,41.97,-14740978.844999999,22120814.416,2456341.4779999997,-1672.3194400000002,-1454.96088,3153.17931,2020-03-18 18:44:41.970,175144116.31938168,-319131006.30842304,-152535729.35427082,148867269982.80893,-3916205142.9910574,-1698278174.2359085,58926.78104131943
46,2020,3,18,18,59,41.97,-16116929.836,20627643.06,5265370.513,-1381.05839,-1858.4589199999998,3080.2859599999997,2020-03-18 18:59:41.970,175959689.6446531,-318772628.3675418,-152460993.36106765,148868482713.79517,-3891520038.1502953,-1687578201.0216968,58926.7914579861
46,2020,3,18,19,14,41.97,-17219912.972999997,18785101.417000003,7985209.366,-1066.57291,-2230.26438,2955.26448,2020-03-18 19:14:41.970,176774340.39648092,-318412546.6612102,-152385442.47752926,148869690588.70123,-3866834786.1111584,-1676878163.0557067,58926.80187465277
46,2020,3,18,19,29,41.97,-18031368.801,16624531.738999998,10569838.288999999,-734.12266,-2564.2086000000004,2780.24221,2020-03-18 19:29:41.970,177588064.6075487,-318050763.68133867,-152309077.37889022,148870893607.48212,-3842149387.7082605,-1666178060.6948202,58926.81229131943
46,2020,3,18,19,44,41.97,-18537605.186,14182556.577,12975516.788,-389.25051,-2854.74074,2558.15008,2020-03-18 19:44:41.970,178400858.31758162,-317687281.9263029,-152231898.74382576,148872091770.0934,-3817463843.7762985,-1655477894.2959642,58926.8227079861
46,2020,3,18,19,59,41.97,-18730014.679,11500484.933,15161487.18,-37.69869,-3097.01031,2292.67726,2020-03-18 19:59:41.970,179212717.5733518,-317322103.9009282,-152153907.25444514,148873285076.49084,-3792778155.150014,-1644777664.216093,58926.83312465277
46,2020,3,18,20,14,41.97,-18605215.29,8623648.184,17090632.955000002,314.67742,-3286.94063,1988.2161199999998,2020-03-18 20:14:41.970,180023638.42868498,-316955232.1164711,-152075103.59628505,148874473526.63028,-3768092322.664231,-1634077370.812205,58926.84354131943
46,2020,3,18,20,29,41.97,-18165112.823,5600674.273,18730083.435,661.99732,-3421.2924500000004,1649.79801,2020-03-18 20:29:41.970,180833616.94446635,-316586669.0906023,-151995488.45830247,148875657120.4679,-3743406347.1538405,-1623377014.4413352,58926.8539579861
46,2020,3,18,20,44,41.97,-17416883.515,2482709.2120000003,20051756.62,998.4443200000001,-3497.7173000000003,1283.02022,2020-03-18 20:44:41.970,181642649.18864676,-316216417.3473905,-151915062.5328685,148876835857.96014,-3718720229.453805,-1612676595.4605565,58926.86437465277
46,2020,3,18,20,59,41.97,-16372876.422,-677404.476,21032832.516,1318.35481,-3514.7997,893.96457,2020-03-18 20:59:41.970,182450731.23624885,-315844479.41728365,-151833826.51576164,148878009739.06372,-3694033970.3991327,-1601976114.2269726,58926.87479131943
46,2020,3,18,21,14,41.97,-15050435.655,-3825982.077,21656149.625,1616.30696,-3472.0876399999997,489.10815,2020-03-18 21:14:41.970,183257859.16937342,-315470857.837093,-151751781.1061608,148879178763.73547,-3669347570.8249354,-1591275571.097732,58926.8852079861
46,2020,3,18,21,29,41.97,-13471643.358,-6909372.776000001,21910517.709,1887.20802,-3370.11033,75.22666,2020-03-18 21:29:41.970,184064029.07720456,-315095555.14997625,-151668927.00663918,148880342931.93268,-3644661031.5663657,-1580574966.430018,58926.89562465277
46,2020,3,18,21,44,41.97,-11662985.177000001,-9874845.753,21790940.532,2126.37905,-3210.38253,-340.70889,2020-03-18 21:44:41.970,184869237.05601647,-314718573.9054198,-151585264.9231571,148881502243.61276,-3619974353.4586406,-1569874300.5810437,58926.90604131943
46,2020,3,18,21,59,41.97,-9654940.989,-12671473.711000001,21298742.898000002,2329.63606,-2995.39439,-751.64138,2020-03-18 21:59:41.970,185673479.20917916,-314339916.6592217,-151500795.56505597,148882656698.73334,-3595287537.337065,-1559173573.908072,58926.9164579861
46,2020,3,18,22,14,41.97,-7481504.772,-15251000.516,20441597.216,2493.3661100000004,-2728.58613,-1150.5414700000001,2020-03-18 22:14:41.970,186476751.64716437,-313959585.97347504,-151415519.6450512,148883806297.25223,-3570600584.0369864,-1548472786.7683895,58926.92687465277
46,2020,3,18,22,29,41.97,-5179638.796,-17568678.869,19233445.89,2614.5969099999998,-2414.3067,-1530.52492,2020-03-18 22:29:41.970,187279050.48755136,-313577584.41655165,-151329437.8792259,148884951039.1277,-3545913494.393837,-1537771939.5193276,58926.93729131943
46,2020,3,18,22,44,41.97,-2788668.7139999997,-19584063.417,17694317.18,2691.05827,-2057.756,-1884.97174,2020-03-18 22:44:41.970,188080371.85503316,-313193914.5630837,-151242550.98702416,148886090924.31815,-3521226269.2430983,-1527071032.518247,58926.9477079861
46,2020,3,18,22,59,41.97,-349627.634,-21261744.298,15850033.826000001,2721.2337199999997,-1664.9103,-2207.64499,2020-03-18 22:59:41.970,188880711.88142192,-312808578.9939478,-151154859.6912445,148887225952.78214,-3496538909.4203386,-1516370066.122555,58926.95812465277
46,2020,3,18,23,14,41.97,2095441.19,-22572006.119000003,13731815.638,2704.40059,-1242.4311500000001,-2492.80716,2020-03-18 23:14:41.970,189680066.7056555,-312421580.2962484,-151066364.71803352,148888356124.47867,-3471851415.7611637,-1505669040.6896837,58926.96854131943
46,2020,3,18,23,29,41.97,4504211.8780000005,-23491397.696,11375779.438,2640.65677,-797.55835,-2735.3315000000002,2020-03-18 23:29:41.970,190478432.47380203,-312032921.06330013,-150977066.79687896,148889481439.3668,-3447163789.1012745,-1494967956.5771108,58926.9789579861
46,2020,3,18,23,44,41.97,6834821.041,-24003198.689,8822342.139,2530.9328400000004,-337.98810000000003,-2930.80546,2020-03-18 23:44:41.970,191275805.339067,-311642603.8946117,-150886966.66060337,148890601897.40588,-3422476030.2764187,-1484266814.142346,58926.98937465277
46,2020,3,18,23,59,41.97,9046616.656,-24097770.624,6115535.261,2376.9881100000002,128.26175,-3075.62354,2020-03-18 23:59:41.970,192072181.46179822,-311250631.3958686,-150796065.0453578,148891717498.55566,-3397788140.122402,-1473565613.742929,58926.99979131943
46,2020,3,19,0,14,41.97,11100896.615,-23772780.738,3302239.916,2181.38987,592.99726,-3167.06675,2020-03-19 00:14:41.970,192867557.00949186,-310857006.178917,-150704362.69061488,148892828242.77603,-3373100119.4751205,-1462864355.7364483,58927.0102079861
46,2020,3,19,0,29,41.97,12961617.083999999,-23033295.761,431366.701,1947.47527,1048.00053,-3203.36525,2020-03-19 00:29:41.970,193661928.15679786,-310461730.8617463,-150611860.3391624,148893934130.027,-3348411969.170508,-1452163040.4805186,58927.02062465277
46,2020,3,19,0,44,41.97,14596066.356999999,-21891727.447,-2447031.349,1679.29635,1485.18796,-3183.74384,2020-03-19 00:44:41.970,194455291.08552578,-310064808.06847316,-150518558.73709717,148895035160.26898,-3323723690.0445714,-1441461668.3327882,58927.03104131943
46,2020,3,19,0,59,41.97,15975474.214,-20367644.458,-5282658.939,1381.54836,1896.7667999999999,-3108.44567,2020-03-19 00:59:41.970,195247641.9846505,-309666240.4293243,-150424458.63381803,148896131333.4625,-3299035282.933385,-1430760239.650951,58927.0414579861
46,2020,3,19,1,14,41.97,17075553.694,-18487440.155,-8025899.781,1059.48326,2275.3888500000003,-2978.7350899999997,2020-03-19 01:14:41.970,196038977.05031794,-309266030.5806206,-150329560.78201962,148897222649.56863,-3274346748.6730933,-1420058754.7927299,58927.05187465277
46,2020,3,19,1,29,41.97,17876958.177,-16283866.243,-10628728.535,718.8100499999999,2614.2960300000004,-2796.87807,2020-03-19 01:29:41.970,196829292.48584998,-308864181.16475964,-150233865.93768603,148898309108.54837,-3249658088.099889,-1409357214.1158838,58927.06229131943
46,2020,3,19,1,44,41.97,18365643.763,-13795440.480999999,-13045595.175,365.58441000000005,2907.45407,-2566.10061,2020-03-19 01:44:41.970,197618584.50175092,-308460694.8301994,-150137374.8600839,148899390710.3631,-3224969302.0500283,-1398655617.9782047,58927.0727079861
46,2020,3,19,1,59,41.97,18533128.581,-11065740.806,-15234262.329,6.09053,3149.6706200000003,-2290.52604,2020-03-19 01:59:41.970,198406849.31571248,-308055574.23144245,-150040088.31175664,148900467454.97437,-3200280391.359844,-1387953966.7375233,58927.08312465277
46,2020,3,19,2,14,41.97,18376643.353,-8142601.273,-17156577.303,-353.28185,3336.6949,-1975.0928999999999,2020-03-19 02:14:41.970,199194083.15261933,-307648822.02901864,-149942007.05851716,148901539342.34412,-3175591356.8657184,-1377252260.751706,58927.09354131943
46,2020,3,19,2,29,41.97,17899170.382,-5077227.671,-18779162.268,-706.16186,3465.29619,-1625.45563,2020-03-19 02:29:41.970,199980282.24455476,-307240440.8894686,-149843131.86944246,148902606372.43436,-3150902199.404107,-1366550500.3786535,58927.1039579861
46,2020,3,19,2,44,41.97,17109371.081,-1923252.571,-20074008.450000003,-1046.32028,3533.31972,-1247.87104,2020-03-19 02:44:41.970,200765442.83080587,-306830433.485328,-149743463.5168659,148903668545.2074,-3126212919.811519,-1355848685.976299,58927.11437465277
46,2020,3,19,2,59,41.97,16021404.947999999,1264249.344,-21018962.830000002,-1367.78749,3539.71897,-849.0735999999999,2020-03-19 02:59:41.970,201549561.15786964,-306418802.4951106,-149643002.7763721,148904725860.6261,-3101523518.924525,-1345146817.9026117,58927.12479131943
46,2020,3,19,3,14,41.97,14654645.550999999,4429764.322,-21598098.875,-1664.9639300000001,3484.56423,-436.14293999999995,2020-03-19 03:14:41.970,202332633.47945738,-306005550.6032919,-149541750.42678958,148905778318.653,-3076833997.57976,-1334444896.5155954,58927.1352079861
46,2020,3,19,3,29,41.97,13033301.393,7518339.8950000005,-21801965.904,-1932.7206800000001,3369.02824,-16.367240000000002,2020-03-19 03:29:41.970,203114656.05650103,-305590680.5002927,-149439707.25018513,148906825919.25128,-3052144356.6139336,-1323742922.1732934,58927.14562465277
46,2020,3,19,3,44,41.97,11185951.483000001,10476562.354,-21627714.766000003,-2166.48814,3195.34998,402.89444000000003,2020-03-19 03:44:41.970,203895625.15715793,-305174194.8824634,-149336874.03185642,148907868662.38452,-3027454596.8637886,-1313040895.2337742,58927.15604131943
46,2020,3,19,3,59,41.97,9145006.952,13253492.526,-21079100.461000003,-2362.33148,2966.77854,814.34749,2020-03-19 03:59:41.970,204675537.0568165,-304756096.4520666,-149233251.5603267,148908906548.01593,-3002764719.1661506,-1302338816.05515,58927.1664579861
46,2020,3,19,4,14,41.97,6946111.18,15801542.919,-20166365.022000004,-2517.01174,2687.49935,1210.89205,2020-03-19 04:14:41.970,205454388.038101,-304336387.9172622,-149128840.6273379,148909939576.10953,-2978074724.3578987,-1291636684.995559,58927.17687465277
46,2020,3,19,4,29,41.97,4627491.524,18077281.364,-18906006.355,-2628.03218,2362.54507,1585.74575,2020-03-19 04:29:41.970,206232174.39087772,-303915071.99208987,-149023642.02784422,148910967746.6294,-2953384613.2759743,-1280934502.4131815,58927.18729131943
46,2020,3,19,4,44,41.97,2229276.04,20042148.674,-17320440.778,-2693.66977,1997.69404,1932.55691,2020-03-19 04:44:41.970,207008892.41225973,-303492151.3964532,-148917656.5600058,148911991059.5398,-2928694386.757383,-1270232268.666229,58927.1977079861
46,2020,3,19,4,59,41.97,-207211.518,21663080.198,-15437568.603,-2712.99206,1599.35874,2245.50657,2020-03-19 04:59:41.970,207784538.40661177,-303067628.8561042,-148810885.02518266,148913009514.80542,-2904004045.6391797,-1259529984.1129436,58927.20812465277
46,2020,3,19,5,14,41.97,-2640165.51,22913023.571000002,-13290253.397,-2685.85999,1174.46706,2519.3981,2020-03-19 05:14:41.970,208559108.68555635,-302641507.1026263,-148703328.227928,148914023112.39093,-2879313590.758484,-1248827649.111607,58927.21854131943
46,2020,3,19,5,29,41.97,-5028008.758,23771347.268000003,-10915726.406,-2612.9175299999997,730.3387799999999,2749.7338,2020-03-19 05:29:41.970,209332599.56797835,-302213788.8734185,-148594986.97598213,148915031852.26157,-2854623022.9524865,-1238125264.0205343,58927.2289579861
46,2020,3,19,5,44,41.97,-7330087.976,24224136.724,-8354928.202,-2495.56906,274.55963,2932.77777,2020-03-19 05:44:41.970,210105007.38003,-301784476.91167974,-148485862.08026627,148916035734.38254,-2829932343.0584097,-1227422829.1980674,58927.23937465277
46,2020,3,19,5,59,41.97,-9507343.734,24264376.783,-5651799.876,-2335.94562,-185.14509,3065.6051500000003,2020-03-19 05:59:41.970,210876328.45513684,-301353573.9663912,-148375954.3548757,148917034758.7194,-2805241551.9135714,-1216720345.0025916,58927.24979131943
46,2020,3,19,6,14,41.97,-11522945.466,23892020.983,-2852536.078,-2136.8611300000002,-641.03531,3146.1377,2020-03-19 06:14:41.970,211646559.1340022,-300921082.7923023,-148265264.61707395,148918028925.23807,-2780550650.355319,-1206017811.7925186,58927.2602079861
46,2020,3,19,6,29,41.97,-13342883.018000001,23113949.733000003,-4812.063,-1901.75982,-1085.4779999999998,3173.1660599999996,2020-03-19 06:29:41.970,212415695.76461232,-300487006.1499141,-148153793.6872866,148919018233.90454,-2755859639.221071,-1195315229.9262981,58927.27062465277
46,2020,3,19,6,44,41.97,-14936507.321999999,21943820.781999998,2843003.471,-1634.6559,-1511.06458,3146.3591100000003,2020-03-19 06:44:41.970,213183734.70224193,-300051346.8054616,-148041542.38909444,148920002684.68515,-2731168519.3483105,-1184612599.7624137,58927.28104131943
46,2020,3,19,6,59,41.97,-16277013.719,20401816.468000002,5642638.386,-1340.06663,-1910.72266,3066.26105,2020-03-19 06:59:41.970,213950672.30945876,-299614107.53090054,-147928511.5492277,148920982277.54636,-2706477291.574562,-1173909921.659378,58927.2914579861
46,2020,3,19,7,14,41.97,-17341862.445,18514293.205000002,8346699.076,-1022.9397799999999,-2277.82141,2934.27657,2020-03-19 07:14:41.970,214716504.95612907,-299175291.10388863,-147814701.99755976,148921957012.45514,-2681785956.737424,-1163207195.9757397,58927.30187465277
46,2020,3,19,7,29,41.97,-18113131.631,16313339.436,10909434.075,-688.57636,-2606.26951,2752.64494,2020-03-19 07:29:41.970,215481229.01942235,-298734900.3077721,-147700114.56710067,148922926889.37848,-2657094515.6745377,-1152504423.0700798,58927.31229131943
46,2020,3,19,7,44,41.97,-18577798.979,13836248.947,13287469.469,-342.5495,-2890.60515,2524.40339,2020-03-19 07:44:41.970,216244840.88381642,-298292937.93156826,-147584750.09399092,148923891908.28363,-2632402969.223615,-1141801603.301014,58927.3227079861
46,2020,3,19,7,59,41.97,-18727949.012000002,11124917.035,15440506.799,9.3797,-3126.07737,2253.34043,2020-03-19 07:59:41.970,217007336.94110242,-297849406.7699498,-147468609.4174956,148924852069.13818,-2607711318.222433,-1131098737.0271928,58927.33312465277
46,2020,3,19,8,14,41.97,-18560903.467,8225167.552000001,17331974.564,361.34864,-3308.7182300000004,1943.9395299999999,2020-03-19 08:14:41.970,217768713.59038985,-297404309.6232295,-147351693.37999746,148925807371.90988,-2583019563.5088015,-1120395824.607295,58927.34354131943
46,2020,3,19,8,29,41.97,-18079273.066999998,5186019.401,18929624.908,707.48141,-3435.4051,1601.31367,2020-03-19 08:29:41.970,218528967.23811156,-296957649.2973439,-147234002.82699147,148926757816.56696,-2558327705.920598,-1109692866.4000335,58927.3539579861
46,2020,3,19,8,44,41.97,-17290929.497,2058901.5890000002,20206067.422,1041.9777800000002,-3503.9125599999998,1231.13111,2020-03-19 08:44:41.970,219288094.29802835,-296509428.6038378,-147115538.60707816,148927703403.07745,-2533635746.295762,-1098989862.7641544,58927.36437465277
46,2020,3,19,8,59,41.97,-16208897.128,-1103173.44,21139232.402000003,1359.2024000000001,-3512.95309,839.5329700000001,2020-03-19 08:59:41.970,220046091.1912342,-296059650.3598484,-146996301.57195744,148928644131.41013,-2508943685.472286,-1088286814.0584388,58927.37479131943
46,2020,3,19,9,14,41.97,-14851164.675,-4246467.806,21712756.308,1653.7734,-3462.2058899999997,433.04282,2020-03-19 09:14:41.970,220802954.34616107,-295608317.3880893,-146876292.5764225,148929580001.53375,-2484251524.2882237,-1077583720.6417022,58927.3852079861
46,2020,3,19,9,29,41.97,-13240417.781,-7317396.434,21916282.612,1920.64934,-3352.3329,18.46916,2020-03-19 09:29:41.970,221558680.1985839,-295155432.5168351,-146755512.47835377,148930511013.4173,-2459559263.581675,-1066880582.8727846,58927.39562465277
46,2020,3,19,9,44,41.97,-11403694.432,-10263413.662999999,21745671.805000003,2155.2135799999996,-3184.9812,-397.19876999999997,2020-03-19 09:44:41.970,222313265.19162518,-294700998.5799057,-146633962.13871238,148931437167.03,-2434866904.190803,-1056177401.1105627,58927.40604131943
46,2020,3,19,9,59,41.97,-9371966.069,-13033895.548,21203115.0,2353.3547700000004,-2962.77092,-806.9009,2020-03-19 09:59:41.970,223066705.77575988,-294245018.4166502,-146511642.4215345,148932358462.3416,-2410174446.953829,-1045474175.7139516,58927.4164579861
46,2020,3,19,10,14,41.97,-7179648.478,-15581004.413,20297146.48,2511.5422,-2689.26775,-1203.62076,2020-03-19 10:14:41.970,223818998.4088203,-293787494.8719318,-146388554.19392458,148933274899.32166,-2385481892.709014,-1034770907.0418843,58927.42687465277
46,2020,3,19,10,29,41.97,-4864047.7870000005,-17860521.508,19042551.674999997,2626.89439,-2368.9394300000004,-1580.50317,2020-03-19 10:29:41.970,224570139.5560012,-293328430.7961115,-146264698.32604966,148934186477.94028,-2360789242.2946963,-1024067595.4533436,58927.43729131943
46,2020,3,19,10,44,41.97,-2464748.3729999997,-19832633.086000003,17460168.4,2697.2393,-2007.0956999999999,-1930.97346,2020-03-19 10:44:41.970,225320125.68986365,-292867829.0450339,-146140075.69113326,148935093198.16794,-2336096496.5492578,-1013364241.3073301,58927.4477079861
46,2020,3,19,10,59,41.97,-22950.935999999998,-21462654.885,15576580.909,2721.16456,-1609.81149,-2248.85606,2020-03-19 10:59:41.970,226068953.2903408,-292405692.48000914,-146014687.16544873,148935995059.97498,-2311403656.311127,-1002660844.9628837,58927.45812465277
46,2020,3,19,11,14,41.97,2419229.3850000002,-22721680.021,13423708.241,2698.0558,-1183.8336,-2528.49038,2020-03-19 11:14:41.970,226816618.84474188,-291942023.96780026,-145888533.62831378,148936892063.33234,-2286710722.418811,-991957406.7790766,58927.46854131943
46,2020,3,19,11,29,41.97,4819493.512,-23587135.705000002,11038290.562,2628.12157,-736.47153,-2764.8412000000003,2020-03-19 11:29:41.970,227563118.84775755,-291476826.3806051,-145761615.96208405,148937784208.21085,-2262017695.710842,-981253927.1150068,58927.4789579861
46,2020,3,19,11,44,41.97,7136104.728999999,-24043235.057,8461279.633,2512.40337,-275.47385,-2953.60085,2020-03-19 11:44:41.970,228308449.80146417,-291010102.5960427,-145633935.05214685,148938671494.58188,-2237324577.025831,-970550406.3298118,58927.48937465277
46,2020,3,19,11,59,41.97,9328636.812,-24081311.753000002,5737142.057,2352.76948,191.10822,-3091.28035,2020-03-19 11:59:41.970,229052608.21532822,-290541855.4971368,-145505491.78691524,148939553922.417,-2212631367.2024226,-959846844.782655,58927.49979131943
46,2020,3,19,12,14,41.97,11358709.050999999,-23700027.119,2913086.531,2151.89194,655.06735,-3175.28672,2020-03-19 12:14:41.970,229795590.60621163,-290072087.9723005,-145376287.0578222,148940431491.68817,-2187938067.0793304,-949143242.832732,58927.5102079861
46,2020,3,19,12,29,41.97,13190692.763999999,-22905441.863,38228.8,1913.20618,1108.19384,-3203.98368,2020-03-19 12:29:41.970,230537393.4983762,-289600802.9153208,-145246321.75931403,148941304202.36703,-2163244677.4953194,-938439600.8392755,58927.52062465277
46,2020,3,19,12,44,41.97,14792373.792,-21710947.533999998,-2837289.798,1640.85363,1542.4329699999998,-3176.73374,2020-03-19 12:44:41.970,231278013.42348793,-289128003.22534364,-145115596.7888446,148942172054.42615,-2138551199.2892032,-927735919.1615431,58927.53104131943
46,2020,3,19,12,59,41.97,16135555.970999999,-20137056.191,-5663212.439,1339.60818,1950.04204,-3093.91955,2020-03-19 12:59:41.970,232017446.92062193,-288653691.8068581,-144984113.0468691,148943035047.83798,-2113857633.2998457,-917032198.1588256,58927.5414579861
46,2020,3,19,13,14,41.97,17196591.577,-18211050.368,-8390086.465,1014.7877300000001,2323.7431,-2956.94359,2020-03-19 13:14:41.970,232755690.5362667,-288177871.5696812,-144851871.43683854,148943893182.57535,-2089163980.3661754,-906328438.1904459,58927.55187465277
46,2020,3,19,13,29,41.97,17956826.26,-15966499.129,-10970172.737000002,672.1529499999999,2656.86717,-2768.20558,2020-03-19 13:29:41.970,233492740.8243294,-287700545.42894214,-144718872.86519265,148944746458.6112,-2064470241.3271692,-895624639.6157621,58927.56229131943
46,2020,3,19,13,44,41.97,18402948.036999997,-13442649.620000001,-13358324.738,317.79578000000004,2943.486,-2531.05797,2020-03-19 13:44:41.970,234228594.34613934,-287221716.30506766,-144585118.24135482,148945594875.91885,-2039776417.021842,-884920802.7941537,58927.5727079861
46,2020,3,19,13,59,41.97,18527232.317,-10683706.936,-15512818.069999998,-41.979580000000006,3178.52799,-2249.74046,2020-03-19 13:59:41.970,234963247.67045358,-286741387.12376577,-144450608.47772565,148946438434.47186,-2015082508.289278,-874216928.0850393,58927.58312465277
46,2020,3,19,14,14,41.97,18327677.644,-7738018.05,-17396112.270000003,-400.77997999999997,3357.875,-1929.29539,2020-03-19 14:14:41.970,235696697.3734606,-286259560.8160119,-144315344.48967692,148947277134.24408,-1990388515.9686098,-863513015.8478639,58927.59354131943
46,2020,3,19,14,29,41.97,17808029.746,-4657177.974,-18975528.720999997,-752.2477,3478.43803,-1575.46637,2020-03-19 14:29:41.970,236428940.03878558,-285776240.3180323,-144179327.19554552,148948110975.20932,-1965694440.899016,-852809066.4421057,58927.6039579861
46,2020,3,19,14,44,41.97,16977694.353,-1495078.088,-20223830.811,-1090.18272,3538.20987,-1194.58294,2020-03-19 14:44:41.970,237159972.257494,-285291428.5712895,-144042557.51662788,148948939957.34213,-1941000283.9197383,-842105080.2272764,58927.61437465277
46,2020,3,19,14,59,41.97,15851542.094,1693082.372,-21119695.282,-1408.65978,3536.29426,-793.4346300000001,2020-03-19 14:59:41.970,237889790.62809712,-284805128.52246654,-143905036.37717316,148949764080.61682,-1916306045.870059,-831401057.5629125,58927.62479131943
46,2020,3,19,15,14,41.97,14449611.34,4851800.36,-21648066.673,-1702.13769,3472.91129,-379.13772,2020-03-19 15:14:41.970,238618391.7565556,-284317343.12345296,-143766764.7043783,148950583345.00824,-1891611727.589312,-820696998.8085825,58927.6352079861
46,2020,3,19,15,29,41.97,12796717.151999999,7926267.573,-21800389.891,-1965.5583299999998,3349.37999,41.00177,2020-03-19 15:29:41.970,239345772.25628448,-283828075.33132815,-143627743.42838058,148951397750.49146,-1866917329.9168854,-809992904.3238887,58927.64562465277
46,2020,3,19,15,44,41.97,10921976.391,10863343.506,-21574719.016,-2194.43367,3168.07934,459.6256,2020-03-19 15:44:41.970,240071928.74815682,-283337328.1083471,-143487973.48225346,148952207297.04178,-1842222853.692227,-799288774.4684643,58927.65604131943
46,2020,3,19,15,59,41.97,8858260.5,13612484.399,-20975703.332000002,-2384.9193099999998,2932.38962,869.4581099999999,2020-03-19 15:59:41.970,240796857.86050966,-282845104.42192507,-143347455.8019992,148953011984.63458,-1817528299.7548199,-788584609.6019661,58927.6664579861
46,2020,3,19,16,14,41.97,6641588.523,16126611.41,-20014454.258,-2533.87361,2646.6163699999997,1263.43564,2020-03-19 16:14:41.970,241520556.22914684,-282351407.24462247,-143206191.32654327,148953811813.2459,-1792833668.944197,-777880410.0840856,58927.67687465277
46,2020,3,19,16,29,41.97,4310473.525,18362903.46,-18708299.180999998,-2638.9021000000002,2315.8994900000002,1634.82807,2020-03-19 16:29:41.970,242243020.4973437,-281856239.5541293,-143064180.99772874,148954606782.8515,-1768138962.099957,-767176176.2745454,58927.68729131943
46,2020,3,19,16,44,41.97,1905235.79,20283502.557,-17080430.16,-2698.38689,1946.11012,1977.35064,2020-03-19 16:44:41.970,242964247.31585228,-281359604.33325166,-142921425.76030988,148955396893.42783,-1743444180.0617375,-756471908.533098,58927.6977079861
46,2020,3,19,16,59,41.97,-532703.934,21856121.84,-15159457.066000002,-2711.50169,1543.7379600000002,2285.26426,2020-03-19 16:59:41.970,243684233.34290484,-280861504.5698942,-142777926.56194645,148956182144.95126,-1718749323.6692286,-745767607.2195239,58927.70812465277
46,2020,3,19,17,14,41.97,-2961538.327,23054548.934,-12978875.911999999,-2678.2128,1115.7718,2553.46348,2020-03-19 17:14:41.970,244402975.2442183,-280361943.2570482,-142633684.353198,148956962537.3988,-1694054393.7621694,-735063272.6936349,58927.71854131943
46,2020,3,19,17,29,41.97,-5339782.335,23859039.531,-10576463.977,-2599.2670200000002,669.5754400000001,2777.55115,2020-03-19 17:29:41.970,245120469.6929991,-279860923.3927729,-142488700.08751702,148957738070.74728,-1669359391.180346,-724358905.3152728,58927.7289579861
46,2020,3,19,17,44,41.97,-7626965.625,24256598.256,-7993613.833000001,-2476.1675099999998,212.7616,2953.89946,2020-03-19 17:44:41.970,245836713.36994666,-279358447.9801841,-142342974.72124436,148958508744.97415,-1644664316.7635999,-713654505.4443061,58927.73937465277
46,2020,3,19,17,59,41.97,-9784298.263,24241145.810999997,-5274618.601,-2311.13861,-246.93432,3079.69731,2020-03-19 17:59:41.970,246551702.9632585,-278854520.0274366,-142196509.21360224,148959274560.05682,-1619969171.351817,-702950073.4406404,58927.74979131943
46,2020,3,19,18,14,41.97,-11775300.231999999,23813573.144,-2465920.744,-2107.08087,-701.77881,3152.984,2020-03-19 18:14:41.970,247265435.16863403,-278349142.5477114,-142049304.52668875,148960035515.97296,-1595273955.7849286,-692245609.664201,58927.7602079861
46,2020,3,19,18,29,41.97,-13566386.469999999,22981684.895,384663.50299999997,-1867.5173599999998,-1144.1615000000002,3172.66971,2020-03-19 18:29:41.970,247977906.68927854,-277842318.559198,-141901361.62547195,148960791612.701,-1570578670.902926,-681541114.4749509,58927.77062465277
46,2020,3,19,18,44,41.97,-15127400.116999999,21760035.669,3228732.3230000003,-1596.53246,-1566.71183,3138.54321,2020-03-19 18:44:41.970,248689114.23590833,-277334051.0850827,-141752681.477784,148961542850.21884,-1545883317.5458295,-670836588.2328763,58927.78104131943
46,2020,3,19,18,59,41.97,-16432087.661000002,20169663.774,6018087.831,-1298.7041299999999,-1962.4101,3051.26716,2020-03-19 18:59:41.970,249399054.52675414,-276824343.15353143,-141603265.05431527,148962289228.50522,-1521187896.5537186,-660132031.2979984,58927.7914579861
46,2020,3,19,19,14,41.97,-17458510.59,18237727.989,8705516.127,-979.0306899999999,-2324.69178,2912.36186,2020-03-19 19:14:41.970,250107724.2875656,-276313197.79767555,-141453113.3286082,148963030747.5388,-1496492408.76674,-649427444.0303664,58927.80187465277
46,2020,3,19,19,29,41.97,-18189389.031999998,15997053.679000001,11245547.613,-642.85305,-2647.54449,2724.17777,2020-03-19 19:29:41.970,250815120.2516156,-275800618.05559707,-141302227.27705187,148963767407.29868,-1471796855.0250554,-638722826.7900529,58927.81229131943
46,2020,3,19,19,44,41.97,-18612373.636,13485595.237,13595187.815,-295.77315,-2925.59686,2489.85753,2020-03-19 19:44:41.970,251521239.15970433,-275286606.970314,-141150607.87887573,148964499207.76416,-1447101236.1688855,-628018179.9371672,58927.8227079861
46,2020,3,19,19,59,41.97,-18720242.685000002,10745822.416000001,15714609.478,56.43049,-3154.19873,2213.28793,2020-03-19 19:59:41.970,252226077.76016325,-274771167.589766,-140998256.11614406,148965226148.91467,-1422405553.0385115,-617313503.8318455,58927.83312465277
46,2020,3,19,20,14,41.97,-18511022.101999998,7824038.644,17567797.077999998,407.88957999999997,-3329.492,1899.04234,2020-03-19 20:14:41.970,252929632.80885977,-274254302.966798,-140845172.97374985,148965948230.73013,-1397709806.4742327,-606608798.8342452,58927.84354131943
46,2020,3,19,20,29,41.97,-17988026.643,4769639.9629999995,19123135.408,752.7342500000001,-3448.4716,1552.3140099999998,2020-03-19 20:29:41.970,253631901.06920087,-273736016.1591466,-140691359.43940917,148966665453.19052,-1373013997.3164346,-595904065.3045669,58927.8539579861
46,2020,3,19,20,44,41.97,-17159821.226,1634323.789,20353934.203,1085.1822200000001,-3509.0359200000003,1178.84076,2020-03-19 20:44:41.970,254332879.31213745,-273216310.22942567,-140536816.50365528,148967377816.27615,-1348318126.4055092,-585199303.6030276,58927.86437465277
46,2020,3,19,20,59,41.97,-16040101.976,-1528742.7049999998,21238881.21,1399.62792,-3510.02599,784.82131,2020-03-19 20:59:41.970,255032564.31616837,-272695188.2451111,-140381545.15983278,148968085319.96756,-1323622194.581921,-574494514.0898783,58927.87479131943
46,2020,3,19,21,14,41.97,-14647497.319,-4665784.096,21762416.492,1690.73087,-3451.25259,376.82401999999996,2020-03-19 21:14:41.970,255730952.86734498,-272172653.27852535,-140225546.40409148,148968787964.2455,-1298926202.686181,-563789697.1254008,58927.8852079861
46,2020,3,19,21,29,41.97,-13005290.198,-7723296.915,21915021.238,1953.50241,-3333.5105399999998,-38.311730000000004,2020-03-19 21:29:41.970,256428041.75927445,-271648708.40682405,-140068821.23538128,148969485749.0911,-1274230151.5588217,-553084853.0698956,58927.89562465277
46,2020,3,19,21,44,41.97,-11141063.449,-10648936.55,21693414.913,2183.3895899999998,-3158.57916,-453.58049,2020-03-19 21:44:41.970,257123827.7931244,-271123356.7119814,-139911370.65544558,148970178674.48553,-1249534042.0404563,-542379982.2837067,58927.90604131943
46,2020,3,19,21,59,41.97,-9086271.367999999,-13392398.077,21100655.324,2376.35503,-2929.20813,-861.92134,2020-03-19 21:59:41.970,257818307.77762687,-270596601.2807737,-139753195.6688162,148970866740.41043,-1224837874.9717178,-531675085.12719446,58927.9164579861
46,2020,3,19,22,14,41.97,-6875741.691000001,-15906277.468,20146137.07,2528.95145,-2649.08795,-1256.33289,2020-03-19 22:14:41.970,258511478.52908206,-270068445.2047671,-139594297.28280702,148971549946.84756,-1200141651.1932836,-520970161.9607494,58927.92687465277
46,2020,3,19,22,29,41.97,-4547113.523,-18146898.943,18845485.043,2638.3892499999997,-2322.80413,-1629.9912700000002,2020-03-19 22:29:41.970,259203336.8713627,-269538891.58030075,-139434676.50750834,148972228293.77905,-1175445371.5458965,-510265213.1447954,58927.93729131943
46,2020,3,19,22,44,41.97,-2140218.196,-20075093.726,17220341.036999997,2702.59544,-1955.77493,-1976.36933,2020-03-19 22:44:41.970,259893879.63591835,-269007943.50847423,-139274334.35578126,148972901781.1871,-1150749036.8703234,-499560239.0397761,58927.9477079861
46,2020,3,19,22,59,41.97,303588.46,-21656915.171,15298043.247,2720.26239,-1554.17226,-2289.35509,2020-03-19 22:59:41.970,260583103.66177866,-268475604.0951316,-139113271.84325156,148973570409.05423,-1126052648.007398,-488855240.0061738,58927.95812465277
46,2020,3,19,23,14,41.97,2742132.377,-22864275.291,13111200.450000001,2690.8844599999998,-1124.8262,-2563.3669499999996,2020-03-19 23:14:41.970,261271005.7955577,-267941876.4508475,-138951489.98830462,148974234177.36337,-1101356205.7979794,-478150216.4044935,58927.96854131943
46,2020,3,19,23,29,41.97,5133154.476,-23675488.191,10697164.871000001,2614.7809899999997,-675.1137699999999,-2793.4631099999997,2020-03-19 23:29:41.970,261957582.89145827,-267406763.69091222,-138788989.81207874,148974893086.09744,-1076659711.0829716,-467445168.5952609,58927.9789579861
46,2020,3,19,23,44,41.97,7435057.908,-24075706.855,8097410.2069999995,2493.10424,-212.83343,-2975.4424799999997,2020-03-19 23:44:41.970,262642831.81127542,-266870268.9353172,-138625772.33846006,148975547135.23984,-1051963164.7033365,-456740096.9390417,58927.98937465277
46,2020,3,19,23,59,41.97,9607655.158,-24057241.214,5356823.818,2327.83103,253.93284999999997,-3105.9340500000003,2020-03-19 23:59:41.970,263326749.74768755,-266332395.05391496,-138461838.51634026,148976196324.97977,-1027266559.6966679,-446034998.41405547,58927.99979131943
46,2020,3,20,0,14,41.97,11612900.786,-23619746.529,2522922.7770000002,2121.73735,716.9675,-3182.47217,2020-03-20 00:14:41.970,264009332.93048042,-265793145.685058,-138297189.5302174,148976840654.88806,-1002569912.5107917,-435329880.1456446,58928.0102079861
46,2020,3,20,0,29,41.97,13415589.792000001,-22770279.989,-354981.088,1878.3558,1168.07106,-3203.5544800000002,2020-03-20 00:29:41.970,264690578.56816784,-265252523.7085803,-138131826.33478838,148977480125.1562,-977873216.1834083,-424624739.1120912,58928.02062465277
46,2020,3,20,0,44,41.97,14984017.504999999,-21523208.083,-3226678.565,1601.9159599999998,1599.22085,-3168.68187,2020-03-20 00:44:41.970,265370483.55295426,-264710532.26313394,-137965749.96487218,148978114735.7683,-953176471.5556517,-413919575.6740648,58928.03104131943
46,2020,3,20,0,59,41.97,16290570.979,-19899980.408999998,-6041968.43,1297.26875,2002.7269900000001,-3078.3765399999997,2020-03-20 00:59:41.970,266049044.78465587,-264167174.49199948,-137798961.4580066,148978744486.709,-928479679.4686891,-403214390.1922664,58928.0414579861
46,2020,3,20,1,14,41.97,17312249.349000003,-17928760.402,-8751578.638,969.79618,2371.38441,-2934.17872,2020-03-20 01:14:41.970,266726259.17070523,-263622453.54307258,-137631461.8544425,148979369377.9631,-903782840.7637346,-392509183.0274189,58928.05187465277
46,2020,3,20,1,29,41.97,18031096.445,-15643923.927,-11308072.727,625.30864,2698.61561,-2738.6211399999997,2020-03-20 01:29:41.970,267402123.62615454,-263076372.5688484,-137463252.19713858,148979989409.51562,-879085956.282046,-381803954.540275,58928.06229131943
46,2020,3,20,1,44,41.97,18434536.255,-13085434.91,-13666723.286,269.93218,2978.60056,-2495.18151,2020-03-20 01:44:41.970,268076635.07367995,-262528934.7264082,-137294333.53175476,148980604581.352,-854389026.8649317,-371098705.09161454,58928.0727079861
46,2020,3,20,1,59,41.97,18515603.573,-10298111.206,-15786333.271,-90.01117,3206.3901499999997,-2208.2143699999997,2020-03-20 01:59:41.970,268749790.4435852,-261980143.1774047,-137124706.90664726,148981214893.45764,-829692053.3537265,-360393435.0422456,58928.08312465277
46,2020,3,20,2,14,41.97,18273064.899,-7330796.841,-17629987.31,-448.12707,3378.0004099999996,-1882.8640400000002,2020-03-20 02:14:41.970,269421586.6738053,-261430001.08804718,-136954373.37286267,148981820345.8186,-804995036.589811,-349688144.7529988,58928.09354131943
46,2020,3,20,2,29,41.97,17711427.547,-4235459.062,-19165717.057,-798.0730900000001,3490.48503,-1524.9611300000001,2020-03-20 02:29:41.970,270092020.709911,-260878511.62908798,-136783333.98413196,148982420938.4207,-780297977.4146222,-338982834.58473516,58928.1039579861
46,2020,3,20,2,44,41.97,16840837.836,-1066230.327,-20367067.135,-1133.6804499999998,3541.98504,-1140.90562,2020-03-20 02:44:41.970,270761089.50511175,-260325677.97580758,-136611589.79686522,148983016671.2504,-755600876.6696177,-328277504.8983422,58928.11437465277
46,2020,3,20,2,59,41.97,15676872.006,2121583.696,-21213550.953,-1449.0701999999999,3531.75462,-737.5396499999999,2020-03-20 02:59:41.970,271428790.0202603,-259771503.30800056,-136439141.87014553,148983607544.29434,-730903735.196316,-317572156.0547334,58928.12479131943
46,2020,3,20,3,14,41.97,14240226.06,5272508.785,-21690988.764000002,-1738.76122,3460.1634599999998,-322.01357,2020-03-20 03:14:41.970,272095119.223856,-259215990.80996123,-136265991.265724,148984193557.53912,-706206553.8362666,-306866788.41485137,58928.1352079861
46,2020,3,20,3,29,41.97,12556312.974,8331898.574000001,-21791723.401,-1997.76775,3328.67632,98.35133,2020-03-20 03:29:41.970,272760074.0920489,-258659143.6704695,-136092139.04801312,148984774710.97205,-681509333.4310548,-296161402.3396586,58928.14562465277
46,2020,3,20,3,44,41.97,10654777.539,11246902.839,-21514712.195,-2221.6846299999997,3139.81123,516.20018,2020-03-20 03:44:41.970,273423651.60864323,-258100965.0827761,-135917586.28408185,148985351004.5803,-656812074.8223258,-285455998.19015265,58928.15604131943
46,2020,3,20,3,59,41.97,8568940.521,13967389.305,-20865496.475,-2406.75893,2897.07836,924.27872,2020-03-20 03:59:41.970,274085848.7651013,-257541458.2445892,-135742334.04364955,148985922438.35153,-632114778.8517408,-274750576.32735175,58928.1664579861
46,2020,3,20,4,14,41.97,6335184.813,16446802.56,-19856052.638,-2549.9471599999997,2604.9018,1315.56183,2020-03-20 04:14:41.970,274746662.56054777,-256980626.35805935,-135566383.39908066,148986489012.27362,-607417446.3610233,-264045137.1123016,58928.17687465277
46,2020,3,20,4,29,41.97,3992296.775,18642945.847,-18504531.11,-2648.95759,2268.52683,1683.3738600000001,2020-03-20 04:29:41.970,275406090.0017721,-256418472.62976593,-135389735.4253787,148987050726.3346,-582720078.1919274,-253339680.90607548,58928.18729131943
46,2020,3,20,4,44,41.97,1580776.165,20518673.860999998,-16834891.391000003,-2702.27776,1893.91534,2021.49887,2020-03-20 04:44:41.970,276064128.1032341,-255855000.27070233,-135212391.20018095,148987607580.52277,-558022675.1862414,-242634208.0697707,58928.1977079861
46,2020,3,20,4,59,41.97,-857872.1399999999,22042487.114,-14876442.955,-2709.18752,1487.63212,2324.27939,2020-03-20 04:59:41.970,276720773.88706577,-255290212.4962623,-135034351.80375236,148988159574.82687,-533325238.1858065,-231928718.96451312,58928.20812465277
46,2020,3,20,5,14,41.97,-3281851.874,23189020.781,-12663302.884000001,-2669.75826,1056.72451,2586.70257,2020-03-20 05:14:41.970,277376024.38307655,-254724112.5262256,-134855618.31898046,148988706709.2355,-508627768.0324948,-221223213.9514525,58928.21854131943
46,2020,3,20,5,29,41.97,-5649782.5030000005,23939423.257999998,-10233781.93,-2584.83911,608.59803,2804.47301,2020-03-20 05:29:41.970,278029876.628756,-254156703.58474347,-134676191.8313691,148989248983.73807,-483930265.5682231,-210517693.39176607,58928.2289579861
46,2020,3,20,5,44,41.97,-7921388.515,24281621.742,-7629711.164,-2456.0313300000003,150.89008,2974.0719000000004,2020-03-20 05:44:41.970,278682327.66927826,-253587988.90032527,-134496073.4290337,148989786398.32382,-459232731.63494635,-199812157.646657,58928.23937465277
46,2020,3,20,5,59,41.97,-10058160.632,24210474.095000003,-4895721.539999999,-2285.6517,-308.65618,3092.80252,2020-03-20 05:59:41.970,279333374.55750495,-253017971.70582375,-134315264.20269465,148990318952.98212,-434535167.07464874,-189106607.07734972,58928.24979131943
46,2020,3,20,6,14,41.97,-12023979.707,23727807.947,-2078488.6700000002,-2076.68638,-762.316,3158.82212,2020-03-20 06:14:41.970,279983014.35398954,-252446655.23842087,-134133765.24567229,148990846647.70306,-409837572.7293699,-178401042.04510254,58928.2602079861
46,2020,3,20,6,29,41.97,-13785695.112,22842349.470000003,774045.1420000001,-1832.7361600000002,-1202.50378,3171.16061,2020-03-20 06:29:41.970,280631244.1269808,-251874042.7396143,-133951577.65388122,148991369482.47687,-385139949.4411769,-167695462.91119248,58928.27062465277
46,2020,3,20,6,44,41.97,-15313650.47,21569545.544,3613459.913,-1557.95433,-1621.8890999999999,3129.72652,2020-03-20 06:44:41.970,281278060.95242584,-251300137.455203,-133768702.5258245,148991887457.29355,-360442298.0521815,-156989870.036924,58928.28104131943
46,2020,3,20,6,59,41.97,-16582150.513,19931284.073,6391646.8100000005,-1256.97819,-2013.50681,3035.3007399999997,2020-03-20 06:59:41.970,281923461.913975,-250724942.6352726,-133585140.9625882,148992400572.14395,-335744619.40452826,-146284263.78362948,58928.2914579861
46,2020,3,20,7,14,41.97,-17569863.832,17955518.141,9061586.089,-934.85519,-2370.8605199999997,2889.5186599999997,2020-03-20 07:14:41.970,282567444.1029845,-250148461.5341825,-133400894.06783591,148992908827.0189,-311046914.340402,-135578644.51266026,58928.30187465277
46,2020,3,20,7,29,41.97,-18260157.076,15675800.396,11578103.93,-596.96462,-2688.01847,2694.84125,2020-03-20 07:29:41.970,283210004.61852014,-249570697.41055068,-133215962.94780284,148993412221.90955,-286349183.70203066,-124873012.58540416,58928.31229131943
46,2020,3,20,7,44,41.97,-18641356.982,13130734.759000001,13898598.495000001,-248.93569,-2959.7012799999998,2454.51564,2020-03-20 07:44:41.970,283851140.5673612,-248991653.52724102,-133030348.71129042,148993910756.8072,-261651428.33167082,-114167368.36326003,58928.3227079861
46,2020,3,20,7,59,41.97,-18706937.307,10363353.059999999,15983726.016,103.43732,-3181.36093,2172.5258,2020-03-20 07:59:41.970,284490849.06400394,-248411333.15134734,-132844052.46966071,148994404431.70355,-236953649.071622,-103461712.20766413,58928.33312465277
46,2020,3,20,8,14,41.97,-18455628.400000002,7420424.79,17798038.15,454.28201,-3349.25031,1853.53371,2020-03-20 08:14:41.970,285129127.2306655,-247829739.55418146,-132657075.33683084,148994893246.59033,-212255846.76422387,-92756044.48006997,58928.34354131943
46,2020,3,20,8,29,41.97,-17891447.825,4351708.669,19310562.287,797.7362300000001,-3460.48285,1502.81142,2020-03-20 08:29:41.970,285765972.19728684,-247246876.01125777,-132469418.42926738,148995377201.45984,-187558022.25184947,-82050365.54196104,58928.3539579861
46,2020,3,20,8,44,41.97,-17023651.024,1209155.315,20495316.844,1128.03727,-3513.08149,1126.1646,2020-03-20 08:44:41.970,286401381.1015365,-246662745.80228004,-132281082.86598077,148995856296.30438,-162860176.37690282,-71344675.75484082,58928.36437465277
46,2020,3,20,8,59,41.97,-15866601.731,-1953929.114,21331754.009,1439.61089,-3506.01626,729.84785,2020-03-20 08:59:41.970,287035351.08881485,-246077352.21112698,-132092069.76851976,148996330531.11655,-138162309.98183745,-60638975.48024292,58928.37479131943
46,2020,3,20,9,14,41.97,-14439562.534,-5083747.707,21805122.773,1727.15957,-3439.2297599999997,320.47236000000004,2020-03-20 09:14:41.970,287667879.3122563,-245490698.52583885,-131902380.26096588,148996799905.88937,-113464423.90913355,-49933265.07971983,58928.3852079861
46,2020,3,20,9,29,41.97,-12766406.795,-8126894.734,21906745.588999998,1985.74885,-3313.64962,-95.09361,2020-03-20 09:29:41.970,288298962.93273467,-244902788.03860277,-131712015.46992785,148997264420.61578,-88766519.001315,-39227544.914853975,58928.39562465277
46,2020,3,20,9,44,41.97,-10875254.076,-11031242.61,21634202.602,2210.89078,-3131.18709,-509.83047000000005,2020-03-20 09:44:41.970,288928599.1188648,-244313624.04573953,-131520976.52453603,148997724075.2895,-64068596.100937724,-28521815.347250797,58928.40604131943
46,2020,3,20,9,59,41.97,-8798032.249,-13746821.019000001,20991418.103,2398.62319,-2894.72089,-916.67863,2020-03-20 09:59:41.970,289556785.04700744,-243723209.8476891,-131329264.55643685,148998178869.9038,-39370656.050587445,-17816076.738537863,58928.4164579861
46,2020,3,20,10,14,41.97,-6569970.691000001,-16226674.536,19988644.852,2545.58331,-2608.06544,-1308.65396,2020-03-20 10:14:41.970,290183517.9012717,-243131548.74899712,-131136880.69978741,148998628804.45285,-14672699.692898713,-7110329.450369887,58928.42687465277
46,2020,3,20,10,29,41.97,-4229030.269,-18427684.438,18642343.081,2649.07433,-2275.92294,-1678.96605,2020-03-20 10:29:41.970,290808794.8735199,-242538644.0583009,-130943826.09124967,148999073878.93063,10025272.129468132,3595426.1555760326,58928.43729131943
46,2020,3,20,10,44,41.97,-1815277.301,-20311339.885,16974952.473,2707.1230800000003,-1903.81877,-2021.13749,2020-03-20 10:44:41.970,291432613.1633698,-241944499.08831573,-130750101.86998513,148999514093.33173,34723258.57381342,14301189.717598148,58928.4477079861
46,2020,3,20,10,59,41.97,629789.813,-21844443.443,15014557.144000001,2718.52721,-1498.0201900000002,-2329.12198,2020-03-20 10:59:41.970,292054969.9781985,-241349117.15582046,-130555709.1776493,148999949447.6506,59421258.797395796,25006960.87396741,58928.45812465277
46,2020,3,20,11,14,41.97,3063951.031,-22999735.997,12794445.717,2682.89014,-1065.4386,-2597.41893,2020-03-20 11:14:41.970,292675862.53314614,-240752501.58164427,-130360649.15838596,149000379941.8822,84119271.95745715,35712739.26293573,58928.46854131943
46,2020,3,20,11,29,41.97,5445000.425,-23756426.66,10352570.821999999,2600.64209,-613.51632,-2821.1818700000003,2020-03-20 11:29:41.970,293295288.0511192,-240154655.69065234,-130164922.95882195,149000805576.02182,108817297.2111901,46418524.5227285,58928.4789579861
46,2020,3,20,11,44,41.97,7731494.102,-24100614.287,7730914.827,2473.04588,-150.09927000000002,-2996.31797,2020-03-20 11:44:41.970,293913243.7627941,-239555582.811733,-129968531.7280613,149001226350.06485,133515333.71575117,57124316.2915463,58928.48937465277
46,2020,3,20,11,59,41.97,9883496.048,-24025588.772,4974771.176,2302.18635,316.70249,-3119.5756,2020-03-20 11:59:41.970,294529726.90661997,-238955286.27778205,-129771476.61768006,149001642264.00687,158213380.6282676,67830114.20756608,58928.49979131943
46,2020,3,20,12,14,41.97,11863306.789,-23532002.408,2131953.224,2090.9427100000003,778.6635699999999,-3188.61738,2020-03-20 12:14:41.970,295144734.7288232,-238353769.42569107,-129573758.78172044,149002053317.8439,182911437.10583532,78535917.90894315,58928.5102079861
46,2020,3,20,12,29,41.97,13636159.397,-22627904.204,-748055.0889999999,1842.94361,1227.59839,-3202.07605,2020-03-20 12:29:41.970,295758264.4834099,-237751035.59633228,-129375379.37668581,149002459511.57208,207609502.3055135,89241727.03380913,58928.52062465277
46,2020,3,20,12,44,41.97,15170867.425,-21328633.159,-3614990.3060000003,1562.50535,1655.51886,-3159.591,2020-03-20 12:44:41.970,296370313.43216974,-237147088.1345449,-129176339.56153443,149002860845.18777,232307575.3843261,99947541.22026798,58928.53104131943
46,2020,3,20,12,59,41.97,16440409.981,-19656569.906,-6418724.079,1254.5542300000002,2054.7907099999998,-3061.82386,2020-03-20 12:59:41.970,296980878.84467936,-236541930.38912234,-128976640.49767466,149003257318.68777,257005655.4992602,110653360.10640451,58928.5414579861
46,2020,3,20,13,14,41.97,17422440.313,-17640749.819000002,-9110181.987,924.53451,2418.28437,-2910.4521499999996,2020-03-20 13:14:41.970,297589957.99830544,-235935565.71279716,-128776283.34895912,149003648932.069,281703741.8072778,121359183.33027631,58928.55187465277
46,2020,3,20,13,29,41.97,18099705.912,-15316344.343,-11642246.61,578.30421,2739.51623,-2708.14063,2020-03-20 13:29:41.970,298197548.1782087,-235327997.462228,-128575269.28167935,149004035685.32864,306401833.4652983,132065010.52992252,58928.56229131943
46,2020,3,20,13,44,41.97,18460370.319000002,-12724020.941000002,-13970625.002,222.02136,3012.77655,-2458.4909900000002,2020-03-20 13:44:41.970,298803646.677347,-234719228.99798593,-128373599.4645601,149004417578.46414,331099929.6302135,142770841.34335274,58928.5727079861
46,2020,3,20,13,59,41.97,18498229.32,-9909195.266,-16054661.489,-137.97642,3233.24047,-2165.9709500000004,2020-03-20 13:59:41.970,299408250.7964778,-234109263.68454045,-128171275.06875412,149004794611.4732,355798029.4588891,153476675.40856004,58928.58312465277
46,2020,3,20,14,14,41.97,18212816.958,-6921192.0540000005,-17858078.163999997,-495.29582,3397.0594699999997,-1835.82483,2020-03-20 14:14:41.970,300011357.84416354,-233498104.89024577,-127968297.2678364,149005166784.3536,380496132.1081431,164182512.3635093,58928.59354131943
46,2020,3,20,14,29,41.97,17609399.744,-3812333.447,-19349627.442,-843.6118799999999,3501.43088,-1473.96804,2020-03-20 14:29:41.970,300612965.1367729,-232885755.98732737,-127764667.23779894,149005534097.1039,405194236.7347722,174888351.84614405,58928.6039579861
46,2020,3,20,14,44,41.97,16698860.284999998,-636975.029,-20503643.573000003,-1176.7891100000002,3544.64436,-1086.86855,2020-03-20 14:44:41.970,301213069.998485,-232272220.3518682,-127560386.15704508,149005896549.72232,429892342.4955373,185594193.4943866,58928.61437465277
46,2020,3,20,14,59,41.97,15497474.35,2549489.251,-21300482.801999997,-1488.99676,3526.10458,-681.4186100000001,2020-03-20 14:59:41.970,301811669.7612934,-231657501.36379486,-127355455.20638415,149006254142.20767,454590448.5471629,196300036.9461321,58928.62479131943
46,2020,3,20,15,14,41.97,14026587.886,5691631.970000001,-21726844.963,-1774.81548,3446.33043,-264.80005,2020-03-20 15:14:41.970,302408761.76500857,-231041602.40686402,-127149875.56902596,149006606874.55878,479288554.0463496,207005881.83925673,58928.6352079861
46,2020,3,20,15,29,41.97,12312202.692000002,8734986.122,-21775972.365000002,-2029.3332699999999,3306.93157,155.65312,2020-03-20 15:29:41.970,303004343.35726094,-230424526.86864895,-126943648.43057537,149006954746.77502,503986658.1497588,217711727.8116113,58928.64562465277
46,2020,3,20,15,44,41.97,10384481.229999999,11627008.312,-21447724.871999998,-2248.22902,3110.56394,572.59186,2020-03-20 15:44:41.970,303598411.89350504,-229806278.14052543,-126736774.97902665,149007297758.85583,528684760.01402783,228417574.5010272,58928.65604131943
46,2020,3,20,15,59,41.97,8277182.4059999995,14317993.137,-20748532.961,-2427.8421799999996,2860.8661899999997,978.7857,2020-03-20 15:59:41.970,304190964.7370225,-229186859.6176586,-126529256.40475833,149007635910.80096,553382858.7957585,239123421.54531,58928.6664579861
46,2020,3,20,16,14,41.97,6027041.0940000005,16761922.609000001,-19691233.071,-2565.22799,2562.37928,1367.2502399999998,2020-03-20 16:14:41.970,304781999.2589251,-228566274.69898897,-126321093.90052748,149007969202.61032,578080953.6515157,249829268.58224276,58928.67687465277
46,2020,3,20,16,29,41.97,3673104.644,18917236.702,-18294791.844,-2658.19785,2220.45203,1731.36624,2020-03-20 16:29:41.970,305371512.8381579,-227944526.78721905,-126112288.66146445,149008297634.2842,602779043.7378457,260535115.24958926,58928.68729131943
46,2020,3,20,16,44,41.97,1256039.765,20747513.481000002,-16583927.708999999,-2705.3448399999997,1841.13512,2064.9884100000004,2020-03-20 16:44:41.970,305959502.8615038,-227321619.28879955,-125902841.88506721,149008621205.82312,627477128.2112578,271240961.1850889,58928.6977079861
46,2020,3,20,16,59,41.97,-1182577.059,22222049.671,-14588639.722,-2706.05485,1431.06628,2362.5424399999997,2020-03-20 16:59:41.970,306545966.7235845,-226697555.61391583,-125692754.77119607,149008939917.2277,652175206.22823,281946806.02645886,58928.70812465277
46,2020,3,20,17,14,41.97,-3600972.949,23316334.932,-12343654.709,-2660.50402,997.3493100000001,2619.10943,2020-03-20 17:14:41.970,307130901.82686603,-226072339.17647445,-125482028.52206813,149009253768.4991,676873276.9452089,292652649.4113928,58928.71854131943
46,2020,3,20,17,29,41.97,-5957883.848,24012415.335,-9887804.480999999,-2569.6433399999996,547.4291999999999,2830.49681,2020-03-20 17:29:41.970,307714305.58166087,-225445973.39408958,-125270664.34225203,149009562759.6385,701571339.5186131,303358490.97756433,58928.7289579861
46,2020,3,20,17,44,41.97,-8213240.476999999,24299143.634,-7263345.306,-2435.17143,88.96584,2993.29563,2020-03-20 17:44:41.970,308296175.4061308,-224818461.68806887,-125058663.43866222,149009866890.6475,726269393.1048298,314064330.36262345,58928.73937465277
46,2020,3,20,17,59,41.97,-10328824.933,24172315.851999998,-4515232.008,-2259.4966799999997,-370.29202,3104.92419,2020-03-20 17:59:41.970,308876508.726291,-224189807.48340094,-124846027.0205538,149010166161.52762,750967436.8602154,324770167.20419955,58928.74979131943
46,2020,3,20,18,14,41.97,-12268888.813,23634695.343,-1690358.937,-2045.68987,-822.6305699999999,3163.65803,2020-03-20 18:14:41.970,309455302.9760131,-223560014.2087409,-124632756.2995169,149010460572.28104,775665469.9411048,335476001.1398997,58928.7602079861
46,2020,3,20,18,29,41.97,-14000724.845,22695926.947,1163220.165,-1797.42835,-1260.49108,3168.64692,2020-03-20 18:29:41.970,310032555.59702784,-222929085.29639706,-124418852.48947126,149010750122.91006,800363491.5037954,346181831.80730987,58928.77062465277
46,2020,3,20,18,44,41.97,-15495184.977,21372345.126000002,3997081.7830000003,-1518.93309,-1676.58519,3119.91907,2020-03-20 18:44:41.970,310608264.03892887,-222297024.1823177,-124204316.80666102,149011034813.41727,825061500.7045505,356887658.843991,58928.78104131943
46,2020,3,20,18,59,41.97,-16727138.883,19686680.965,6763220.574,-1214.89941,-2064.0042099999996,3018.37324,2020-03-20 18:59:41.970,311182425.75917536,-221663834.30607727,-123989150.46964917,149011314643.8052,849759496.6996194,367593481.88748646,58928.7914579861
46,2020,3,20,19,14,41.97,-17675867.725,17667673.819,9414824.984000001,-890.4224899999999,-2416.32159,2865.75937,2020-03-20 19:14:41.970,311755038.2230958,-221029519.1108629,-123773354.69931178,149011589614.07724,874457478.6452063,378299300.575315,58928.80187465277
46,2020,3,20,19,29,41.97,-18325388.88,15349594.12,11907030.428,-550.9186000000001,-2727.68774,2664.64818,2020-03-20 19:29:41.970,312326098.90389085,-220394082.04346076,-123556930.71883318,149011859724.23636,899155445.697502,389005114.5449775,58928.81229131943
46,2020,3,20,19,44,41.97,-18664708.079,12771684.471,14197640.421,-202.04274,-2992.91669,2418.3904100000004,2020-03-20 19:44:41.970,312895605.2826363,-219757526.55424303,-123339879.75370024,149012124974.28616,923853397.0126601,399710923.43394965,58928.8227079861
46,2020,3,20,19,59,41.97,-18687996.13,9977526.741,16247806.507,150.39651,-3207.56379,2131.0661400000004,2020-03-20 19:59:41.970,313463554.8482868,-219119856.09715357,-123122203.03169692,149012385364.2306,948551331.746803,410416726.87968755,58928.83312465277
46,2020,3,20,20,14,41.97,-18394688.061,7014343.391000001,18022658.318,500.52414999999996,-3367.9940500000002,1807.42472,2020-03-20 20:14:41.970,314029945.097678,-218481074.12969565,-122903901.78289892,149012640894.07355,973249249.056029,421122524.5196234,58928.84354131943
46,2020,3,20,20,29,41.97,-17789503.142,3932241.822,19491875.477,842.4872399999999,-3471.4403100000004,1452.81565,2020-03-20 20:29:41.970,314594773.5355312,-217841184.11291724,-122684977.23966831,149012891563.8194,997947148.0964168,431828315.99117494,58928.8539579861
46,2020,3,20,20,44,41.97,-16882384.893999998,783411.099,20630193.43,1170.54414,-3516.05079,1073.1109700000002,2020-03-20 20:44:41.970,315158037.67445457,-217200189.51139823,-122465430.63664806,149013137373.47272,1022645028.0240004,442534100.93173045,58928.86437465277
46,2020,3,20,20,59,41.97,-15688360.858,-2378718.981,21417835.733,1479.15345,-3500.9251,674.6194800000001,2020-03-20 20:59:41.970,315719735.03494835,-216558093.79323685,-122245263.21075672,149013378323.03833,1047342887.994801,453239878.97866344,58928.87479131943
46,2020,3,20,21,14,41.97,-14227322.643,-5500345.776000001,21840865.674000002,1763.06207,-3426.13799,263.9934,2020-03-20 21:14:41.970,316279863.1454058,-215914900.43003634,-122024476.20118293,149013614412.52118,1072040727.1648052,463945649.7693228,58928.8852079861
46,2020,3,20,21,29,41.97,-12523727.558,-8528177.259,21891450.677,2017.39121,-3292.75003,-151.87202,2020-03-20 21:29:41.970,316838419.5421185,-215270612.89689103,-121803070.84937999,149013845641.92676,1096738544.689972,474651412.9410386,58928.89562465277
46,2020,3,20,21,44,41.97,-10606224.13,-11410318.822999999,21568033.468000002,2237.71935,-3102.80426,-565.94516,2020-03-20 21:44:41.970,317395401.7692776,-214625234.6723735,-121581048.39906064,149014072011.26056,1121436339.7262363,485357168.1311171,58928.90604131943
46,2020,3,20,21,59,41.97,-8507204.82,-14097150.439,20875404.833,2420.16082,-2859.3079399999997,-971.16987,2020-03-20 21:59:41.970,317950807.3789778,-213978769.2385208,-121358410.09619148,149014293520.5284,1146134111.4295058,496062914.97684956,58928.9164579861
46,2020,3,20,22,14,41.97,-6262290.52,-16542180.423000002,19824673.717,2561.43857,-2566.1987000000004,-1360.58153,2020-03-20 22:14:41.970,318504633.9312201,-213331220.08082095,-121135157.18898776,149014510169.73654,1170831858.9556608,506768653.1155008,58928.92687465277
46,2020,3,20,22,29,41.97,-3909752.7199999997,-18702861.402,18433131.695,2658.94963,-2228.2943099999998,-1727.4254600000002,2020-03-20 22:29:41.970,319056878.99391544,-212682590.6882,-120911290.92790769,149014721958.89105,1195529581.4605527,517474382.1843155,58928.93729131943
46,2020,3,20,22,44,41.97,-1489880.7340000002,-20541353.64,16724010.304,2710.82147,-1851.22585,-2065.27624,2020-03-20 22:44:41.970,319607540.1428868,-212032884.55300802,-120686812.5656475,149014928887.99872,1220227278.1000178,528180101.82052374,58928.9477079861
46,2020,3,20,22,59,41.97,955697.1190000001,-22025220.653,14726131.553,2715.95767,-1441.35417,-2368.15542,2020-03-20 22:59:41.970,320156614.9618732,-211382105.1710062,-120461723.35713556,149015130957.06625,1244924948.0298505,538885811.6613288,58928.95812465277
46,2020,3,20,23,14,41.97,3384727.9170000004,-23128042.23,12473453.978,2674.07104,-1005.66997,-2630.64547,2020-03-20 23:14:41.970,320704101.04253197,-210730256.0413532,-120236024.55952753,149015328166.10098,1269622590.4058313,549591511.3439147,58928.96854131943
46,2020,3,20,23,29,41.97,5755072.154,-23829930.569,10004518.906,2585.70275,-551.67858,-2847.99713,2020-03-20 23:29:41.970,321249995.9844425,-210077340.66659173,-120009717.4322003,149015520515.11002,1294320204.3837082,560297200.5054493,58928.9789579861
46,2020,3,20,23,44,41.97,8025452.104,-24117936.308000002,7361804.085,2452.2259599999998,-87.27084,-3016.22746,2020-03-20 23:44:41.970,321794297.39510846,-209423362.55263516,-119782803.23674746,149015708004.10104,1319017789.119204,571002878.783074,58928.98937465277
46,2020,3,20,23,59,41.97,10156196.113,-23986332.878000002,4590994.388,2275.833,379.41774,-3132.20559,2020-03-20 23:59:41.970,322337002.88996154,-208768325.2087546,-119555283.23697303,149015890633.08215,1343715343.7680264,581708545.8139153,58928.99979131943
46,2020,3,21,0,14,41.97,12109964.227,-23436768.89,1740180.304,2059.50543,840.15712,-3193.72367,2020-03-21 00:14:41.970,322878110.09236383,-208112232.1475648,-119327158.69888684,149016068402.06122,1368412867.4858458,592414201.2350781,58929.0102079861
46,2020,3,21,0,29,41.97,13852436.311999999,-22478287.073,-1140991.994,1806.96679,1286.77774,-3199.5498000000002,2020-03-21 00:29:41.970,323417616.63361144,-207455086.88501173,-119098430.89069864,149016241311.04672,1393110359.4283113,603119844.6836461,58929.02062465277
46,2020,3,21,0,44,41.97,15352955.636,-21127193.461999997,-4002225.037,1522.61876,1711.3292099999999,-3149.4624400000002,2020-03-21 00:44:41.970,323955520.15293676,-206796892.94035783,-118869101.082813,149016409360.04727,1417807818.7510471,613825475.7966824,58929.03104131943
46,2020,3,21,0,59,41.97,16585102.208,-19406793.272,-6793480.492,1211.46135,2106.23562,-3044.26262,2020-03-21 00:59:41.970,324491818.29751235,-206137653.83617032,-118639170.54782394,149016572549.0717,1442505244.6096592,624531094.211235,58929.0414579861
46,2020,3,21,1,14,41.97,17527190.638,-17346984.965,-9465898.466,878.99919,2464.4454800000003,-2885.7646400000003,2020-03-21 01:14:41.970,325026508.7224528,-205477373.09830657,-118408640.56050938,149016730878.1293,1467202636.1597207,635236699.5643272,58929.05187465277
46,2020,3,21,1,29,41.97,18162677.575000003,-14983724.495000001,-11972696.877,531.13594,2779.57143,-2676.76446,2020-03-21 01:29:41.970,325559589.090819,-204816054.2559014,-118177512.39782594,149016884347.22928,1491899992.556784,645942291.492964,58929.06229131943
46,2020,3,21,1,44,41.97,18480469.726,-12358369.788,-14270032.574000001,174.05945,3046.0160699999997,-2420.98646,2020-03-21 01:44:41.970,326091057.07361937,-204153700.84135363,-117945787.33890343,149017032956.38153,1516597312.956376,656647869.6341312,58929.0727079861
46,2020,3,21,1,59,41.97,18475125.519,-9516919.516,-16317805.287999999,-185.87928,3259.08054,-2123.00992,2020-03-21 01:59:41.970,326620910.34981483,-203490316.39031285,-117713466.6650397,149017176705.59573,1541294596.5140047,667353433.6247957,58929.08312465277
46,2020,3,21,2,14,41.97,18146946.225,-6509162.966,-18080387.012,-542.29015,3415.05307,-1788.17724,2020-03-21 02:14:41.970,327149146.60632014,-202825904.4416658,-117480551.65969513,149017315594.88223,1565991842.3851542,678058983.1019063,58929.09354131943
46,2020,3,21,2,29,41.97,17501955.278,-3387759.9850000003,-19527261.516999997,-888.86778,3511.2756,-1422.48646,2020-03-21 02:29:41.970,327675763.53800714,-202160468.53752318,-117247043.60848719,149017449624.25134,1590689049.7252753,688764517.7023876,58929.1039579861
46,2020,3,21,2,44,41.97,16551767.435000002,-207271.44,-20633561.233,-1219.5120399999998,3546.1869300000003,-1032.47122,2020-03-21 02:44:41.970,328200758.8477088,-201494012.22320673,-117012943.79918535,149017578793.7138,1615386217.6898067,699470037.0631487,58929.11437465277
46,2020,3,21,2,59,41.97,15313352.097000001,2976838.568,-21380491.615,-1528.44221,3519.34235,-625.07135,2020-03-21 02:59:41.970,328724130.24622,-200826539.04723573,-116778253.5217054,149017703103.28043,1640083345.434155,710175540.8210789,58929.12479131943
46,2020,3,21,3,14,41.97,13808697.66,6109207.461,-21755636.181,-1810.3024,3431.4096200000004,-207.49765,2020-03-21 03:14:41.970,329245875.4523025,-200158052.5613129,-116542974.06810434,149017822552.96262,1664780432.113718,720881028.6130472,58929.1352079861
46,2020,3,21,3,29,41.97,12064385.824000001,9135565.201,-21753138.511,-2060.2558700000004,3284.1426500000002,212.90575,2020-03-21 03:29:41.970,329765992.19268674,-199488556.3203127,-116307106.73257498,149017937142.7717,1689477476.883856,731586500.075906,58929.14562465277
46,2020,3,21,3,44,41.97,10111086.571,12003692.067,-21373760.509,-2274.06677,3080.3342900000002,628.79814,2020-03-21 03:44:41.970,330284478.20207506,-198818053.88226667,-116070652.81144053,149018046872.71936,1714174478.8999133,742291954.8464873,58929.15604131943
46,2020,3,21,3,59,41.97,7982985.794,14664325.294,-20624819.07,-2448.16793,2823.7502600000003,1032.97528,2020-03-21 03:59:41.970,330801331.22314423,-198146548.80835092,-115833613.60314915,149018151742.81744,1738871437.3172126,752997392.5616016,58929.1664579861
46,2020,3,21,4,14,41.97,5717158.414000001,17071998.739,-19520005.818,-2579.71408,2519.04679,1418.49577,2020-03-21 04:14:41.970,331316549.00654876,-197474044.6628723,-115595990.4082689,149018251753.07834,1763568351.2910545,763702812.858046,58929.17687465277
46,2020,3,21,4,29,41.97,3352900.31,19185801.943,-18079096.777,-2666.6202000000003,2171.67436,1778.79891,2020-03-21 04:29:41.970,331830129.31092316,-196800545.01325586,-115357784.52948205,149018346903.51453,1788265219.9767165,774408215.3725948,58929.18729131943
46,2020,3,21,4,44,41.97,931032.382,20970047.394,-16327560.662,-2707.58506,1787.77036,2107.81192,2020-03-21 04:44:41.970,332342069.90288585,-196126053.43003106,-115118997.27158011,149018437194.1385,1812962042.5294497,785113599.742004,58929.1977079861
46,2020,3,21,4,59,41.97,-1506810.092,22394837.166,-14296075.88,-2702.10056,1374.0432799999999,2400.0453199999997,2020-03-21 04:59:41.970,332852368.5570404,-195450573.48681858,-114879629.94145805,149018522624.96347,1837658818.104496,795818965.6030123,58929.20812465277
46,2020,3,21,5,14,41.97,-3918890.266,23436522.516000003,-12019967.408,-2650.4472899999996,937.65107,2650.67553,2020-03-21 05:14:41.970,333361023.05598,-194774108.7603171,-114639683.84810929,149018603196.00256,1862355545.8570614,806524312.592339,58929.21854131943
46,2020,3,21,5,29,41.97,-6264072.828000001,24078052.224999998,-9538575.393,-2553.6775399999997,486.07591,2855.6139200000002,2020-03-21 05:29:41.970,333868031.190289,-194096662.8302903,-114399160.30262026,149018678907.2693,1887052224.942346,817229640.3466868,58929.2289579861
46,2020,3,21,5,44,41.97,-8502506.445,24309207.559,-6894567.701,-2413.5866300000002,26.99784,3011.5622700000004,2020-03-21 05:44:41.970,334373390.75854677,-193418239.27955335,-114158060.61816502,149018749758.7773,1911748854.515518,827934948.5027374,58929.23937465277
46,2020,3,21,5,59,41.97,-10596275.573,24126723.601999998,-4133208.7760000005,-2232.67364,-431.83107,3116.05445,2020-03-21 05:59:41.970,334877099.5673293,-192738841.69395965,-113916386.10999982,149018815750.54077,1936445433.7317257,838640236.6971561,58929.24979131943
46,2020,3,21,6,14,41.97,-12510012.683999998,23534298.313,-1301597.034,-2014.09292,-882.71011,3167.4847,2020-03-21 06:14:41.970,335379155.4312134,-192058473.6623879,-113674138.09545815,149018876882.5739,1961141961.746099,849345504.566588,58929.2602079861
46,2020,3,21,6,29,41.97,-14211463.004999999,22542492.148000002,1552117.234,-1761.59728,-1318.10955,3165.12275,2020-03-21 06:29:41.970,335879556.172778,-191377138.77672866,-113431317.89394489,149018933154.891,1985838437.7137504,860050751.7476618,58929.27062465277
46,2020,3,21,6,44,41.97,-15671994.877999999,21168522.237,4379521.879,-1479.4740900000002,-1730.78512,3109.11636,2020-03-21 06:44:41.970,336378299.622608,-190694840.63187107,-113187926.8269313,149018984567.50708,2010534860.7897677,870755977.8769879,58929.28104131943
46,2020,3,21,6,59,41.97,-16867049.801000003,19435956.155,7132729.758,-1172.47533,-2113.8865,3000.4818800000003,2020-03-21 06:59:41.970,336875383.6192969,-190011582.82568997,-112943966.21794963,149019031120.43707,2035231230.1292224,881461182.5911589,58929.2914579861
46,2020,3,21,7,14,41.97,-17776527.144,17374311.175,9765151.85,-845.7425,-2461.05876,2841.08327,2020-03-21 07:14:41.970,337370806.00944906,-189327368.959032,-112699437.3925877,149019072813.69617,2059927544.8871613,892166365.5267487,58929.30187465277
46,2020,3,21,7,29,41.97,-18385099.311,15018565.597000001,12232246.592,-504.72731000000005,-2766.5361700000003,2633.6003,2020-03-21 07:29:41.970,337864564.6476826,-188642202.63570336,-112454341.6784837,149019109647.30005,2084623804.2186146,902871526.3203127,58929.31229131943
46,2020,3,21,7,44,41.97,-18682453.934,12408589.368,14492235.88,-155.10897,-3025.2276500000003,2381.48637,2020-03-21 07:44:41.970,338356657.3966327,-187956087.46245608,-112208680.40532069,149019141621.2643,2109320007.2785947,913576664.6083915,58929.3227079861
46,2020,3,21,7,59,41.97,-18663460.347,9588501.775999999,16506778.677,197.29125,-3232.7932800000003,2088.91654,2020-03-21 07:59:41.970,338847082.1269533,-187269027.0489746,-111962454.90482138,149019168735.6053,2134016153.2220895,924281780.027504,58929.33312465277
46,2020,3,21,8,14,41.97,-18328258.253,6605964.523,18241593.584,546.59738,-3385.71127,1760.7261899999999,2020-03-21 08:14:41.970,339335836.7173211,-186581025.0078629,-111715666.51074278,149019190990.33905,2158712241.2040772,934986872.2141562,58929.34354131943
46,2020,3,21,8,29,41.97,-17682267.144,3511419.036,19667022.163000003,886.96736,-3481.33484,1402.34075,2020-03-21 08:29:41.970,339822919.05443686,-185892084.9546315,-111468316.55887078,149019208385.48218,2183408270.379508,945691940.8048323,58929.3539579861
46,2020,3,21,8,44,41.97,-16736115.655000001,357277.44899999996,20758525.166,1212.6822399999999,-3517.9381599999997,1019.6969499999999,2020-03-21 08:44:41.970,340308327.0330289,-185202210.50768375,-111220406.38701506,149019220921.0515,2208104239.9033165,956396985.4360011,58929.36437465277
46,2020,3,21,8,59,41.97,-15505490.725,-2802922.677,21497104.21,1518.23506,-3494.75084,619.15598,2020-03-21 08:59:41.970,340792058.55585635,-184511405.28830314,-110971937.33500355,149019228597.06415,2232800148.9304204,967102005.7441139,58929.37479131943
46,2020,3,21,9,14,41.97,-14010907.168,-5915389.1219999995,21869641.887999997,1798.41866,-3411.97997,207.40917000000002,2020-03-21 09:14:41.970,341274111.53371036,-183819672.9206399,-110722910.74467692,149019231413.53726,2257495996.615718,977807001.3656051,58929.3852079861
46,2020,3,21,9,29,41.97,-12277399.101000002,-8926959.759,21869153.793,2048.41134,-3270.81898,-208.62333,2020-03-21 09:29:41.970,341754483.8854182,-183127017.03169772,-110473327.95988385,149019229370.48865,2282191782.1140857,988511971.9368899,58929.39562465277
46,2020,3,21,9,44,41.97,-10334135.624,-11785988.951,21494946.564000003,2263.85935,-3073.44231,-621.89995,2020-03-21 09:44:41.970,342233173.53784466,-182433441.25132105,-110223190.32647505,149019222467.93604,2306887504.580385,999216917.0943675,58929.40604131943
46,2020,3,21,9,59,41.97,-8213964.260000001,-14443222.513999999,20752676.875,2440.9547,-2822.9851799999997,-1025.37019,2020-03-21 09:59:41.970,342710178.4258958,-181738949.21218145,-109972499.19229834,149019210705.8975,2331583163.169466,1009921836.4744219,58929.4164579861
46,2020,3,21,10,14,41.97,-5952886.862000001,-16852647.371,19654307.288,2576.50715,-2523.5075,-1412.0911,2020-03-21 10:14:41.970,343185496.49252117,-181043544.54976425,-109721255.907193,149019194084.39142,2356278757.0361505,1020626729.7134173,58929.42687465277
46,2020,3,21,10,29,41.97,-3589474.109,-18972301.443,18217956.158,2668.00847,-2179.94144,-1775.34599,2020-03-21 10:29:41.970,343659125.688716,-180347230.9023563,-109469461.82298496,149019172603.4363,2380974285.3352513,1031331596.4477035,58929.43729131943
46,2020,3,21,10,44,41.97,-1164226.138,-20765028.849999998,16467640.343999999,2713.68749,-1798.02234,-2108.76355,2020-03-21 10:44:41.970,344131063.97352463,-179650011.91103205,-109217118.2934809,149019146263.05118,2405669747.2215595,1042036436.313611,58929.4477079861
46,2020,3,21,10,59,41.97,1281111.539,-22199165.371999998,14432911.275,2712.55422,-1384.2028799999998,-2406.43532,2020-03-21 10:59:41.970,344601309.3140423,-178951891.21964058,-108964226.67446336,149019115063.25507,2430365141.849847,1052741248.9474543,58929.45812465277
46,2020,3,21,11,14,41.97,3704266.199,-23249139.326,12148387.068,2664.43115,-945.5510499999999,-2663.0288499999997,2020-03-21 11:14:41.970,345069859.68541867,-178252872.4747926,-108710788.32368504,149019079004.0673,2455060468.374879,1063446033.9855336,58929.46854131943
46,2020,3,21,11,29,41.97,6063177.984,-23895973.676000003,9653185.673,2569.97042,-489.63289,-2873.8939499999997,2020-03-21 11:29:41.970,345536713.07085943,-177552959.3258472,-108456804.60086381,149019038085.50754,2479755725.9513907,1074150791.0641282,58929.4789579861
46,2020,3,21,11,44,41.97,8316748.441,-24127676.355,6990266.567,2430.65524,-24.38168,-3035.15918,2020-03-21 11:44:41.970,346001867.4616298,-176852155.42489856,-108202276.86767723,149018992307.59558,2504450913.734108,1084855519.8195043,58929.48937465277
46,2020,3,21,11,59,41.97,10425583.011,-23939507.483000003,4205691.055000001,2248.78489,442.04442,-3143.81582,2020-03-21 11:59:41.970,346465320.85705644,-176150464.42676315,-107947206.48775712,149018941670.3518,2529146030.877743,1095560219.8879092,58929.49979131943
46,2020,3,21,12,14,41.97,12352712.229999999,-23334114.425,1347813.758,2027.4423700000002,901.41317,-3197.7863700000003,2020-03-21 12:14:41.970,346927071.26453024,-175447889.98896646,-107691594.82668445,149018886173.79636,2553841076.536985,1106264890.9055777,58929.5102079861
46,2020,3,21,12,29,41.97,14064276.135,-22321528.376,-1533579.78,1770.44503,1345.57458,-3195.9753499999997,2020-03-21 12:29:41.970,347387116.6995087,-174744435.77172977,-107435443.25198396,149018825817.95004,2578536049.866511,1116969532.508723,58929.52062465277
46,2020,3,21,12,44,41.97,15530156.595,-20919019.364,-4388172.413000001,1482.2783399999998,1766.61857,-3138.30032,2020-03-21 12:44:41.970,347845455.1855191,-174040105.4379573,-107178753.1331188,149018760602.83368,2603230950.020988,1127674144.3335466,58929.53104131943
46,2020,3,21,12,59,41.97,16724543.033999998,-19150810.057,-7166033.083000001,1168.01435,2157.0303599999997,-3025.70149,2020-03-21 12:59:41.970,348302084.7541605,-173334902.6532224,-106921525.84148507,149018690528.4685,2627925776.1550517,1138378726.0162299,58929.5414579861
46,2020,3,21,13,14,41.97,17626418.301000003,-17047652.466,-9818533.313,833.21613,2509.8391,-2860.12934,2020-03-21 13:14:41.970,348757003.44510627,-172628831.0857554,-106663762.75040668,149018615594.87573,2652620527.4233418,1149083277.1929436,58929.55187465277
46,2020,3,21,13,29,41.97,18219953.268000003,-14646275.297,-12299242.512999998,483.83088000000004,2818.75602,-2644.50999,2020-03-21 13:29:41.970,349210209.30610645,-171921894.40643,-106405465.23513013,149018535802.07733,2677315202.980473,1159787797.499837,58929.56229131943
46,2020,3,21,13,44,41.97,18494800.951,-11988713.238,-14564782.382,126.07408000000001,3078.2980599999996,-2382.68912,2020-03-21 13:44:41.970,349661700.39299095,-171214096.2887499,-106146634.67281884,149018451150.09515,2702009801.981044,1170492286.573045,58929.5727079861
46,2020,3,21,13,59,41.97,18446283.571,-9121532.638,-16575621.688,-233.69211,3283.89396,-2079.3558199999998,2020-03-21 13:59:41.970,350111474.7696715,-170505440.40883616,-105887272.44254819,149018361638.9512,2726704323.5796375,1181196744.048689,58929.58312465277
46,2020,3,21,14,14,41.97,18075468.761,-6094970.712,-18296794.253,-589.083,3431.9699899999996,-1739.94854,2020-03-21 14:14:41.970,350559530.5081442,-169795930.44541407,-105627379.92529985,149018267268.66812,2751398766.930829,1191901169.5628743,58929.59354131943
46,2020,3,21,14,29,41.97,17389134.053999998,-2962007.483,-19698525.188,-933.81499,3520.0134,-1370.54567,2020-03-21 14:29:41.970,351005865.68849194,-169085570.07979953,-105366958.50395685,149018168039.26852,2776093131.189171,1202605562.7516844,58929.6039579861
46,2020,3,21,14,44,41.97,16399621.641,222608.929,-20756752.96,-1261.82527,3546.61254,-977.74408,2020-03-21 14:44:41.970,351450478.3988871,-168374362.99588653,-105106009.56329785,149018063950.7755,2800787415.5092096,1213309923.251197,58929.61437465277
46,2020,3,21,14,59,41.97,15124588.114,3403362.411,-21453537.846,-1567.3850300000001,3511.4731699999998,-568.52863,2020-03-21 14:59:41.970,351893366.7355942,-167662312.88013372,-104844534.48999223,149017955003.21204,2825481619.045471,1224014250.6974664,58929.62479131943
46,2020,3,21,15,14,41.97,13586656.308,6524973.089,-21777350.361,-1845.20345,3415.4114299999997,-150.13654000000002,2020-03-21 15:14:41.970,352334528.80297136,-166949423.42155161,-104582534.6725943,149017841196.6017,2850175740.952469,1234718544.7265334,58929.6352079861
46,2020,3,21,15,29,41.97,11812978.472000001,9533385.125999998,-21723236.364,-2090.5204,3260.3246,270.08046,2020-03-21 15:29:41.970,352773962.7134739,-166235698.31168905,-104320011.50153847,149017722530.9683,2874869780.384709,1245422804.9744258,58929.64562465277
46,2020,3,21,15,44,41.97,9834721.652,12376718.753999999,-21292858.568,-2299.18641,3049.14119,684.7924899999999,2020-03-21 15:44:41.970,353211666.5876567,-165521141.24462056,-104056966.36913352,149017599006.33575,2899563736.496673,1256127031.0771556,58929.65604131943
46,2020,3,21,15,59,41.97,7686487.396000001,15006168.911999999,-20494416.919999998,-2467.7285100000004,2785.75257,1086.82376,2020-03-21 15:59:41.970,353647638.5541749,-164805755.91693312,-103793400.66955751,149017470622.7283,2924257608.442837,1266831222.6707158,58929.6664579861
46,2020,3,21,16,14,41.97,5405678.728,17376834.925,-19342452.868,-2593.40147,2474.92849,1469.27805,2020-03-21 16:14:41.970,354081876.7497892,-164089546.02771264,-103529315.7988525,149017337380.1705,2948951395.37766,1277535379.3910875,58929.67687465277
46,2020,3,21,16,29,41.97,3031827.712,19448467.915000003,-17857544.629,-2674.2241400000003,2122.2192299999997,1825.65511,2020-03-21 16:29:41.970,354514379.31936556,-163372515.2785317,-103264713.15491897,149017199278.687,2973645096.4555936,1288239500.874236,58929.68729131943
46,2020,3,21,16,44,41.97,605896.937,21186125.057,-16065902.372000001,-2709.00111,1733.84688,2149.95639,2020-03-21 16:44:41.970,354945144.4158792,-162654667.373436,-102999594.13751066,149017056318.30283,2998338710.8310747,1298943586.756114,58929.6977079861
46,2020,3,21,16,59,41.97,-1830431.9980000001,22560722.191,-13998873.573,-2697.33008,1316.58861,2436.77876,2020-03-21 16:59:41.970,355374170.20041656,-161936006.0189309,-102733960.14822933,149016908499.04343,3023032237.6585226,1309647636.6726544,58929.70812465277
46,2020,3,21,17,14,41.97,-4235470.521000001,23549478.672000002,-11692369.829,-2639.59576,877.6543300000001,2681.3952099999997,2020-03-21 17:14:41.970,355801454.84217703,-161216534.92396918,-102467812.59051928,149016755820.93402,3047725676.0923514,1320351650.2597804,58929.71854131943
46,2020,3,21,17,29,41.97,-6568223.901000001,24136250.535,-9186227.048999999,-2536.9512099999997,424.56125,2879.82211,2020-03-21 17:29:41.970,356226996.5184768,-160496257.79993728,-102201152.86966209,149016598284.00067,3072419025.286952,1331055627.1533947,58929.7289579861
46,2020,3,21,17,44,41.97,-8789070.021,24311750.128,-6523511.294,-2391.28769,-34.99264,3028.87275,2020-03-21 17:44:41.970,356650793.4147493,-159775178.36064273,-101933982.39277138,149016435888.2692,3097112284.3967185,1341759566.989391,58929.73937465277
46,2020,3,21,17,59,41.97,-10860406.247000001,24073652.183,-3749782.6020000004,-2205.19414,-493.25413000000003,3126.19719,2020-03-21 17:59:41.970,357072843.7245494,-159053300.32230064,-101666302.56878725,149016268633.766,3121805452.5760255,1352463469.403645,58929.74979131943
46,2020,3,21,18,14,41.97,-12747255.623,23426587.924,-912329.0329999999,-1981.90746,-942.53776,3170.30863,2020-03-21 18:14:41.970,357493145.64955443,-158330627.4035209,-101398114.80847123,149016096520.51758,3146498528.979232,1363167334.0320182,58929.7602079861
46,2020,3,21,18,29,41.97,-14417824.597000001,22382030.189,1940617.171,-1725.25474,-1375.34484,3160.59684,2020-03-21 18:29:41.970,357911697.3995668,-157607163.325295,-101129420.52440079,149015919548.55084,3171191512.760687,1373871160.5103574,58929.77062465277
46,2020,3,21,18,44,41.97,-15844005.547999999,20958073.737,4760669.802999999,-1439.58852,-1784.47714,3097.32904,2020-03-21 18:44:41.970,358328497.19251704,-156882911.81098324,-100860221.13096407,149015737717.8928,3195884403.0747347,1384574948.4744968,58929.78104131943
46,2020,3,21,18,59,41.97,-17001818.288999997,19179115.895,7500074.252,-1129.71613,-2163.14454,2981.6387600000003,2020-03-21 18:59:41.970,358743543.2544649,-156157876.586301,-100590518.04435454,149015551028.5707,3220577199.0757065,1395278697.5602565,58929.7914579861
46,2020,3,21,19,14,41.97,-17871785.655,17075443.534,10112477.941,-800.82398,-2505.06543,2815.50343,2020-03-21 19:14:41.970,359156833.8196028,-155432061.37930644,-100320312.68256567,149015359480.6122,3245269899.9179134,1405982407.4034371,58929.80187465277
46,2020,3,21,19,29,41.97,-18439239.076,14682733.043,12553675.634,-458.39781,-2804.55946,2601.71107,2020-03-21 19:29:41.970,359568367.1302567,-154705469.92038694,-100049606.46538568,149015163074.0452,3269962504.7556734,1416686077.6398335,58929.81229131943
46,2020,3,21,19,44,41.97,-18694550.78,12041470.62,14782320.157,-108.13957,-3056.63184,2343.81683,2020-03-21 19:44:41.970,359978141.43689,-153978105.94224644,-99778400.81439193,149014961808.8976,3294655012.7432756,1427389707.9052198,58929.8227079861
46,2020,3,21,19,59,41.97,-18633289.997,9196300.7,16760589.527,244.11825000000002,-3257.0485900000003,2046.08965,2020-03-21 19:59:41.970,360386154.998105,-153249973.1798918,-99506697.1529461,149014755685.1979,3319347423.035012,1438093297.8353577,58929.83312465277
46,2020,3,21,20,14,41.97,-18256301.136,6195310.916999999,18454801.904,592.50023,-3402.40225,1713.44973,2020-03-21 20:14:41.970,360792406.08064485,-152521075.3706205,-99234496.90618837,149014544702.97455,3344039734.785153,1448796847.0659938,58929.84354131943
46,2020,3,21,20,29,41.97,-17569702.587,3089262.521,19835970.202,931.17669,-3490.16726,1351.3970399999998,2020-03-21 20:29:41.970,361196892.95939595,-151791416.2540067,-98961801.50103234,149014328862.25668,3368731947.1479692,1459500355.2328653,58929.8539579861
46,2020,3,21,20,44,41.97,-16584805.418,-69224.221,20880288.571000002,1254.4528699999998,-3518.74451,965.93145,2020-03-21 20:44:41.970,361599613.917391,-151060999.57188925,-98688612.36615972,149014108163.07315,3393424059.2777166,1470203821.9716928,58929.86437465277
46,2020,3,21,20,59,41.97,-15317951.916,-3226519.493,21569543.338,1556.8577699999998,-3487.49412,563.46487,2020-03-21 20:59:41.970,362000567.24581,-150329829.06835765,-98414930.93201481,149013882605.45355,3418116070.328649,1480907246.9181845,58929.87479131943
46,2020,3,21,21,14,41.97,-13790274.696,-6328857.391,21891441.463999998,1833.23167,-3396.75585,150.72588000000002,2020-03-21 21:14:41.970,362399751.24398255,-149597908.4897394,-98140758.63079935,149013652189.42734,3442807979.4549923,1491610629.7080293,58929.8852079861
46,2020,3,21,21,29,41.97,-12027377.934,-9323221.749,21839850.066999998,2078.8114499999997,-3247.85603,-265.34241,2020-03-21 21:29:41.970,362797164.2193916,-148865241.58458722,-97866096.89646727,149013416915.0245,3467499785.8109837,1502313969.9769096,58929.89562465277
46,2020,3,21,21,44,41.97,-10058943.269,-12158231.899,21414941.224,2289.3125,-3043.10034,-677.6905800000001,2020-03-21 21:44:41.970,363192804.4876737,-148131832.1036655,-97590947.16471893,149013176782.27505,3492191488.5508423,1513017267.360492,58929.90604131943
46,2020,3,21,21,59,41.97,-7918264.011,-14785015.172,20623237.09,2461.00588,-2785.75138,-1079.2759800000001,2020-03-21 21:59:41.970,363586670.37262243,-147397683.79993773,-97315310.87299633,149012931791.2096,3516883086.8287754,1523720521.4944286,58929.9164579861
46,2020,3,21,22,14,41.97,-5641712.581,-17158052.158999998,19477551.426000003,2590.7893,-2479.99052,-1463.1796,2020-03-21 22:14:41.970,363978760.20618993,-146662800.42855304,-97039189.46047741,149012681941.85864,3541574579.7989855,1534423732.014359,58929.92687465277
46,2020,3,21,22,29,41.97,-3268147.451,-19235980.221,17996824.906000003,2676.25028,-2130.86317,-1822.7249700000002,2020-03-21 22:29:41.970,364369072.3284885,-145927185.74683326,-96762584.36807087,149012427234.25314,3566265966.6156697,1545126898.555908,58929.93729131943
46,2020,3,21,22,44,41.97,-838267.371,-20982340.266,16205853.203,2715.71986,-1744.20738,-2151.59721,2020-03-21 22:44:41.970,364757605.0877951,-145190843.51426038,-96485497.03841077,149012167668.42435,3590957246.433014,1555830020.7546914,58929.9477079861
46,2020,3,21,22,59,41.97,1606077.7889999999,-22366251.768,14134908.675,2708.3149999999996,-1326.5658600000002,-2443.96,2020-03-21 22:59:41.970,365144356.84055066,-144453777.49246264,-96207928.91585134,149011903244.40353,3615648418.4051933,1566533098.2463093,58929.95812465277
46,2020,3,21,23,14,41.97,4022608.727,-23363001.215,11819258.631000001,2653.96821,-885.08175,-2694.56795,2020-03-21 23:14:41.970,365529325.95136356,-143715991.44520214,-95929881.44646136,149011633962.22256,3640339481.6863747,1577236130.6663435,58929.96854131943
46,2020,3,21,23,29,41.97,6369358.583000001,-23954529.959,9298585.520000001,2553.44254,-427.37944,-2898.8717899999997,2020-03-21 23:29:41.970,365912510.7930115,-142977489.13836145,-95651356.07801905,149011359821.91327,3665030435.430727,1587939117.650374,58929.9789579861
46,2020,3,21,23,44,41.97,8605421.395,-24129808.621,6616316.886,2408.33101,38.56796,-3053.1132,2020-03-21 23:44:41.970,366293909.7464439,-142238274.33993077,-95372354.26000677,149011080823.50784,3689721278.7923975,1598642058.8339581,58929.98937465277
46,2020,3,21,23,59,41.97,10691692.505,-23885087.015,3818875.4979999997,2221.03917,504.58229,-3154.40686,2020-03-21 23:59:41.970,366673521.2007841,-141498350.81999514,-95092877.44360542,149010796967.03894,3714412010.925536,1609344953.8526454,58929.99979131943
46,2020,3,22,0,14,41.97,12591586.17,-23224009.964,954861.028,1994.75061,962.4323099999999,-3200.80679,2020-03-22 00:14:41.970,367051343.5533298,-140757722.35072085,-94812927.08168948,149010508252.539,3739102630.9842815,1620047802.3419712,58930.0102079861
46,2020,3,22,0,29,41.97,14271711.507,-22157598.41,-1925812.274,1733.37518,1403.9898,-3191.35417,2020-03-22 00:29:41.970,367427375.2095579,-140016392.70634234,-94532504.62882125,149010214680.04114,3763793138.122769,1630750603.9374588,58930.02062465277
46,2020,3,22,0,44,41.97,15702500.042,-20704080.248999998,-4772827.59,1441.48078,1821.3881000000001,-3126.10608,2020-03-22 00:44:41.970,367801614.58312416,-139274365.66315016,-94251611.54124594,149009916249.5786,3788483531.4951186,1641453358.2746177,58930.03104131943
46,2020,3,22,0,59,41.97,16858759.135,-18888588.533999998,-7536378.265000001,1124.20974,2207.17623,-3006.14178,2020-03-22 00:59:41.970,368174060.0958659,-138531644.99947676,-93970249.27688588,149009612961.1849,3813173810.255458,1652156064.988948,58930.0414579861
46,2020,3,22,1,14,41.97,17720146.764000002,-16742719.390999999,-10168084.034,787.18168,2554.46657,-2833.54733,2020-03-22 01:14:41.970,368544710.17780507,-137788234.49568418,-93688419.2953355,149009304814.89368,3837863973.5578904,1662858723.715932,58930.05187465277
46,2020,3,22,1,29,41.97,18271553.114,-14303962.666,-12621881.885,436.38525,2857.0711800000004,-2611.37804,2020-03-22 01:29:41.970,368913563.26714873,-137044137.93415064,-93406123.05785595,149008991810.73904,3862554020.55653,1673561334.0910454,58930.06229131943
46,2020,3,22,1,44,41.97,18503380.69,-11615016.267,-14854873.408,78.06142000000001,3109.62336,-2343.59953,2020-03-22 01:44:41.970,369280617.8102923,-136299359.09925786,-93123362.02736972,149008673948.75516,3887243950.4054747,1684263895.7497473,58930.0727079861
46,2020,3,22,1,59,41.97,18411716.72,-8722999.05,-16828110.063,-281.4187,3307.68109,-2035.009,2020-03-22 01:59:41.970,369645872.2618206,-135553901.77737755,-92840137.66845517,149008351228.97665,3911933762.2588177,1694966408.3274872,58930.08312465277
46,2020,3,22,2,14,41.97,17998394.438,-5678579.686,-18507299.503999997,-635.67804,3447.80989,-1691.13896,2020-03-22 02:14:41.970,370009325.08451045,-134807769.75685897,-92556451.44734128,149008023651.43814,3936623455.270649,1705668871.4597003,58930.09354131943
46,2020,3,22,2,29,41.97,17270942.776,-2535040.976,-19863418.277,-978.4568399999999,3527.6431900000002,-1318.1459499999999,2020-03-22 02:29:41.970,370370974.74933237,-134060966.82801545,-92272304.83190249,149007691216.17502,3961313028.5950527,1716371284.7818122,58930.1039579861
46,2020,3,22,2,44,41.97,16242426.822999999,652699.676,-20873218.915000003,-1303.73163,3545.9192599999997,-922.68764,2020-03-22 02:44:41.970,370730819.73545235,-133313496.78311148,-91987699.29165295,149007353923.222,3986002481.3861055,1727073647.929235,58930.11437465277
46,2020,3,22,2,59,41.97,14931184.095,3829092.2970000003,-21519622.337,-1605.8273199999999,3502.49436,-511.79149,2020-03-22 02:59:41.970,371088858.53023475,-132565363.41634975,-91702636.29774144,149007011772.6151,4010691812.797879,1737775960.5373707,58930.12479131943
46,2020,3,22,3,14,41.97,13360464.042,6938957.703,-21791989.594,-1879.5198,3398.33265,-92.71851000000001,2020-03-22 03:14:41.970,371445089.6292425,-131816570.52385798,-91417117.32294622,149006664764.39,4035381021.9844475,1748478222.2416072,58930.1352079861
46,2020,3,22,3,29,41.97,11557980.258,9928471.718999999,-21686270.069,-2120.127,3235.47397,327.17447,2020-03-22 03:29:41.970,371799511.5362413,-131067121.90367617,-91131143.84166913,149006312898.58282,4060070108.099867,1759180432.6773207,58930.14562465277
46,2020,3,22,3,44,41.97,9555386.468,12746111.149,-21205026.246000003,-2323.58699,3016.98142,740.57088,2020-03-22 03:44:41.970,372152122.7631994,-130317021.3557432,-90844717.32993072,149005956175.22968,4084759070.2981987,1769882591.4798763,58930.15604131943
46,2020,3,22,3,59,41.97,7387688.54,15343544.110000001,-20357337.89,-2486.5219399999996,2746.8705600000003,1140.32584,2020-03-22 03:59:41.970,372502921.8302904,-129566272.6818841,-90557839.26536456,149005594594.36722,4109447907.7334967,1780584698.2846308,58930.1664579861
46,2020,3,22,4,14,41.97,5092605.546,17676449.462,-19158590.946,-2606.2873099999997,2430.02299,1519.5905,2020-03-22 04:14:41.970,372851907.2658954,-128814879.68579699,-90270511.12721218,149005228156.03247,4134136619.5598106,1791286752.7269232,58930.17687465277
46,2020,3,22,4,29,41.97,2709893.1969999997,19705252.336000003,-17630158.566,-2681.00626,2072.08684,1871.92712,2020-03-22 04:29:41.970,373199077.6066048,-128062846.17303981,-89982734.39631754,149004856860.26242,4158825204.931185,1801988754.442088,58930.18729131943
46,2020,3,22,4,44,41.97,280642.991,21395765.213,-15798983.367999999,-2709.5893,1679.36682,2191.41323,2020-03-22 04:44:41.970,373544431.39721954,-127310175.95101753,-89694510.55512176,149004480707.09424,4183513663.0016646,1812690703.065441,58930.1977079861
46,2020,3,22,4,59,41.97,-2153429.934,22719726.369,-13697071.361,-2691.7398399999997,1258.70654,2472.73357,2020-03-22 04:59:41.970,373887967.1907531,-126556872.8289691,-89405841.0876577,149004099696.56577,4208201992.9252872,1823392598.232292,58930.20812465277
46,2020,3,22,5,14,41.97,-4550697.85,23655229.895,-11360908.924999999,-2627.94634,817.36563,2711.2590600000003,2020-03-22 05:14:41.970,374229683.54843485,-125802940.6179544,-89116727.47954455,149003713828.71487,4232890193.8560867,1834094439.5779393,58930.21854131943
46,2020,3,22,5,29,41.97,-6870318.771000001,24187043.644,-8830814.834999999,-2519.46207,362.89397,2903.1121,2020-03-22 05:29:41.970,374569579.0397091,-125048383.13084108,-88827171.21798255,149003323103.57944,4257578264.9480963,1844796226.737669,58930.2289579861
46,2020,3,22,5,44,41.97,-9072911.359,24306813.534,-6150239.618,-2368.2735,-96.99478,3045.2183,2020-03-22 05:44:41.970,374907652.2422396,-124293204.18229187,-88537173.79174763,149002927521.19815,4282266205.355343,1855497959.3467522,58930.23937465277
46,2020,3,22,5,59,41.97,-11121196.717999998,24013154.397,-3365024.593,-2177.05849,-554.5485,3135.3444,2020-03-22 05:59:41.970,375243901.74190986,-123537407.58875114,-88246736.69118613,149002527081.60944,4306954014.23185,1866199637.0404572,58930.24979131943
46,2020,3,22,6,14,41.97,-12980598.403,23311629.178,-522632.76699999993,-1949.13546,-1002.09917,3172.1229000000003,2020-03-22 06:14:41.970,375578326.13282496,-122780997.16843224,-87955861.40820919,149002121784.85226,4331641690.731644,1876901259.4540346,58930.2602079861
46,2020,3,22,6,29,41.97,-14619793.035999998,22214619.634,2328636.535,-1688.40463,-1432.18122,3155.0636999999997,2020-03-22 06:29:41.970,375910924.017314,-122023976.74130413,-87664549.43628764,149001711630.9658,4356329234.008745,1887602826.2227292,58930.27062465277
46,2020,3,22,6,44,41.97,-16011204.884000001,20741092.85,5140437.879,-1399.2824500000002,-1837.64448,3084.5533,2020-03-22 06:44:41.970,376241694.0059312,-121266350.12907872,-87372802.27044651,149001296619.98938,4381016643.217168,1898304336.9817712,58930.28104131943
46,2020,3,22,6,59,41.97,-17131438.742999997,18916268.854999997,7865163.813999999,-1086.63021,-2211.76088,2961.84208,2020-03-22 06:59:41.970,376570634.71745867,-120508121.15519767,-87080621.4072596,149000876751.96274,4405703917.510929,1909005791.3663797,58930.2914579861
46,2020,3,22,7,14,41.97,-17961646.318,16771195.41,10456712.419,-755.67778,-2548.32393,2789.0203800000004,2020-03-22 07:14:41.970,376897744.77890635,-119749293.64481921,-86788008.34484425,149000452026.92587,4430391056.044048,1919707189.0117679,58930.30187465277
46,2020,3,22,7,29,41.97,-18487822.119,14342236.762,12871228.406,-411.94342,-2841.74029,2568.98374,2020-03-22 07:29:41.970,377223022.82551616,-118989871.42480534,-86494964.58285595,149000022444.91882,4455078057.970528,1930408529.5531328,58930.31229131943
46,2020,3,22,7,44,41.97,-18701025.635,11670483.718,15067808.376,-61.150240000000004,-3087.11294,2305.3880599999998,2020-03-22 07:44:41.970,377546467.5007611,-118229858.32370883,-86201491.62248287,148999588005.98203,4479764922.444382,1941109812.6256666,58930.3227079861
46,2020,3,22,7,59,41.97,-18597527.199,8801092.966,17009161.278,290.85972,-3280.31515,2002.5950099999998,2020-03-22 07:59:41.970,377868077.4563494,-117469258.1717601,-85907590.96644069,148999148710.15634,4504451648.619621,1951811037.8645468,58930.33312465277
46,2020,3,22,8,14,41.97,-18178875.658,5782564.096,18662215.566999998,638.2132,-3418.0548599999997,1665.60821,2020-03-22 08:14:41.970,378187851.352224,-116708074.800854,-85613264.11896685,148998704557.48267,4529138235.6502495,1962512204.9049425,58930.34354131943
46,2020,3,22,8,29,41.97,-17451886.545,2665963.318,19998664.932,975.09456,-3497.92865,1300.00064,2020-03-22 08:29:41.970,378505787.85656637,-115946312.04453729,-85318512.58581556,148998255548.00208,4553824682.690276,1973213313.3820114,58930.3539579861
46,2020,3,22,8,44,41.97,-16428550.118999999,-495896.51800000004,20995444.876000002,1295.83489,-3518.46472,911.8336099999999,2020-03-22 08:44:41.970,378821885.64579594,-115183973.73799513,-85023337.87425226,148997801681.7562,4578510988.893703,1983914362.9309034,58930.36437465277
46,2020,3,22,8,59,41.97,-15125859.324,-3649309.3570000003,21635132.789,1595.00072,-3479.15414,507.56789000000003,2020-03-22 08:59:41.970,379136143.40457404,-114421063.7180383,-84727741.49304822,148997342958.78677,4603197153.414538,1994615353.1867561,58930.37479131943
46,2020,3,22,9,14,41.97,-13565558.488,-6740551.854,21906264.630000003,1867.48128,-3380.46943,93.96735000000001,2020-03-22 09:14:41.970,379448559.8258037,-113657585.82309006,-84431724.95247528,148996879379.13565,4627883175.406787,2005316283.7846973,58930.3852079861
46,2020,3,22,9,29,41.97,-11773814.433,-9716770.039,21803561.849000003,2108.57346,-3223.8697100000004,-322.00404,2020-03-22 09:29:41.970,379759133.6106324,-112893543.89317338,-84135289.76430035,148996410942.84515,4652569054.024452,2016017154.359848,58930.39562465277
46,2020,3,22,9,44,41.97,-9780812.677,-12526864.209999999,21328062.873999998,2314.06313,-3011.79143,-733.29112,2020-03-22 09:44:41.970,380067863.468453,-112128941.76989757,-83838437.44177996,148995937649.95786,4677254788.421534,2026717964.5473137,58930.40604131943
46,2020,3,22,9,59,41.97,-7620282.5370000005,-15122358.701,20487154.303,2480.30156,-2747.62395,-1132.8612899999998,2020-03-22 09:59:41.970,380374748.11690575,-111363783.29644543,-83541169.49965511,148995459500.51636,4701940377.752036,2037418713.9821942,58930.4164579861
46,2020,3,22,10,14,41.97,-5328956.209,-17458242.527,19294498.069000002,2604.27547,-2435.6691,-1513.82171,2020-03-22 10:14:41.970,380679786.2818796,-110598072.31756024,-83243487.45414574,148994976494.56393,4726625821.169971,2048119402.2995794,58930.42687465277
46,2020,3,22,10,29,41.97,-2945968.3,-19493766.242000002,17769852.145,2683.66903,-2081.08426,-1869.53835,2020-03-22 10:29:41.970,380982976.6975146,-109831812.67953281,-82945392.82294525,148994488632.1436,4751311117.829332,2058820029.1345496,58930.43729131943
46,2020,3,22,10,44,41.97,-512203.811,-21193180.05,15938784.02,2716.91612,-1689.80871,-2193.7549,2020-03-22 10:44:41.970,381284318.1062019,-109065008.23018812,-82646887.1252154,148993995913.29904,4775996266.884132,2069520594.1221738,58930.4477079861
46,2020,3,22,10,59,41.97,1930395.915,-22526398.107,13832278.043,2703.2411899999997,-1268.47333,-2480.7092900000002,2020-03-22 10:59:41.970,381583809.2585866,-108297662.81887281,-82347971.88158058,148993498338.07388,4800681267.488373,2080221096.8975132,58930.45812465277
46,2020,3,22,11,14,41.97,4339558.197000001,-23469574.298,11486239.938000001,2642.68692,-824.29431,-2725.24524,2020-03-22 11:14:41.970,381881448.91356903,-107529780.29644166,-82048648.61412272,148992995906.51248,4825366118.796058,2090921537.0956197,58930.46854131943
46,2020,3,22,11,29,41.97,6673422.454,-24005575.577,8940904.162999999,2536.12729,-364.95203,-2922.91615,2020-03-22 11:29:41.970,382177235.8383059,-106761364.51524498,-81748918.84637566,148992488618.65887,4850050819.961203,2101621914.3515346,58930.4789579861
46,2020,3,22,11,44,41.97,8891288.329000002,-24124340.227,6240152.307999999,2385.26473,101.54315,-3070.0784099999996,2020-03-22 11:44:41.970,382471168.8082127,-105992419.32911527,-81448784.10331996,148991976474.55765,4874735370.137814,2112322228.3002915,58930.48937465277
46,2020,3,22,11,59,41.97,10954353.729,-23823110.318,3430753.295,2192.61049,566.99587,-3163.9714,2020-03-22 11:59:41.970,382763246.6069633,-105222948.59335433,-81148245.91137724,148991459474.2538,4899419768.479895,2123022478.576914,58930.49979131943
46,2020,3,22,12,14,41.97,12826427.46,-23106529.956,561538.632,1961.44774,1023.1784399999999,-3202.78141,2020-03-22 12:14:41.970,383053468.0264939,-104452956.16472036,-80847305.79840508,148990937617.7922,4924104014.141466,2133722664.8164175,58930.5102079861
46,2020,3,22,12,29,41.97,14474600.952000001,-21986603.877,-2317471.775,1695.77762,1461.98793,-3185.68721,2020-03-22 12:29:41.970,383341831.8670026,-103682445.90141472,-80545965.29369149,148990410905.21835,4948788106.276538,2144422786.6538064,58930.52062465277
46,2020,3,22,12,44,41.97,15869863.953,-20482514.165,-5155975.799,1400.2488799999999,1875.6037000000001,-3112.8853200000003,2020-03-22 12:44:41.970,383628336.9369521,-102911421.6630689,-80244225.92794947,148989879336.57782,4973472044.039127,2155122843.724079,58930.53104131943
46,2020,3,22,12,59,41.97,16987649.952,-18620296.496999998,-7904308.391,1080.07235,2256.64133,-2985.59373,2020-03-22 12:59:41.970,383912982.05306983,-102139887.31073172,-79942089.23331164,148989342911.9164,4998155826.583252,2165822835.662222,58930.5414579861
46,2020,3,22,13,14,41.97,17808298.552,-16432380.976,-10514354.241999999,740.9222199999999,2598.29891,-2806.0333800000003,2020-03-22 13:14:41.970,384195766.0403507,-101367846.70685619,-79639556.74332489,148988801631.28024,5022839453.062935,2176522762.103216,58930.55187465277
46,2020,3,22,13,29,41.97,18317423.907,-13957006.296,-12940433.827000001,388.82651000000004,2894.49164,-2577.38763,2020-03-22 13:29:41.970,384476687.7320582,-100595303.71528642,-79336629.99294493,148988255494.71564,5047522922.632195,2187222622.682031,58930.56229131943
46,2020,3,22,13,44,41.97,18506180.72,-11237519.417,-15140143.351,30.04942,3139.97105,-2303.7405299999996,2020-03-22 13:44:41.970,384755745.96972495,-99822262.20124455,-79033310.51853086,148987704502.2694,5072206234.445063,2197922417.0336294,58930.5727079861
46,2020,3,22,13,59,41.97,18371421.924,-8321575.97,-17075130.195,-329.03118,3330.4258999999997,-1989.99559,2020-03-22 13:59:41.970,385032939.6031552,-99048726.03131787,-78729599.85783978,148987148653.98837,5096889387.655564,2208622144.792964,58930.58312465277
46,2020,3,22,14,14,41.97,17915745.048,-5260259.172,-18711787.297,-682.0480799999999,3462.56207,-1641.77726,2020-03-22 14:14:41.970,385308267.49042547,-98274699.07344596,-78425499.5500214,148986587949.9195,5121572381.417731,2219321805.594981,58930.59354131943
46,2020,3,22,14,29,41.97,17147427.163,-2107136.879,-20021852.108,-1022.76746,3534.1598400000003,-1265.31791,2020-03-22 14:29:41.970,385581728.4978864,-97500185.19690724,-78121011.13561276,148986022390.11044,5146255214.885607,2230021399.074618,58930.6039579861
46,2020,3,22,14,44,41.97,16080251.143,1082722.345,-20982898.528,-1345.2071999999998,3544.1076599999997,-867.33359,2020-03-22 14:44:41.970,385853321.50016344,-96725188.27230616,-77816136.15653244,148985451974.60864,5170937887.213218,2240720924.8668013,58930.61437465277
46,2020,3,22,14,59,41.97,14733228.613,4253752.805,-21578713.158999998,-1643.7477199999998,3492.41206,-454.89173999999997,2020-03-22 14:59:41.970,386123045.38015944,-95949712.17156027,-77510876.15607558,148984876703.4622,5195620397.554613,2251420382.6064506,58930.62479131943
46,2020,3,22,15,14,41.97,13130227.313,7350893.768,-21799550.326,-1913.23316,3380.18458,-35.27466,2020-03-22 15:14:41.970,386390899.0290542,-95173760.76788697,-77205232.67890818,148984296576.71927,5220302745.063843,2262119771.9284816,58930.6352079861
46,2020,3,22,15,29,41.97,11299512.563000001,10320569.772,-21642263.386,-2149.0608199999997,3209.60672,384.15828,2020-03-22 15:29:41.970,386656881.3463076,-94397337.93579073,-76899207.27106185,148983711594.42816,5244984928.894953,2272819092.467797,58930.64562465277
46,2020,3,22,15,44,41.97,9273214.095999999,13111630.220999999,-21110312.835,-2347.25737,2983.87483,796.1062,2020-03-22 15:44:41.970,386920991.2396595,-93620447.55104996,-76592801.47992826,148983121756.63754,5269666948.202003,2283518343.8592906,58930.65604131943
46,2020,3,22,15,59,41.97,7086730.617000001,15676231.165,-20213654.389,-2504.54086,2707.12712,1193.4573699999999,2020-03-22 15:59:41.970,387183227.62513155,-92843093.49070373,-76286016.85425377,148982527063.3966,5294348802.139051,2294217525.7378545,58930.6664579861
46,2020,3,22,16,14,41.97,4778085.189,17970644.261,-18968512.681,-2618.36797,2384.35529,1569.41241,2020-03-22 16:14:41.970,387443589.427029,-92065279.63303927,-75978854.94413413,148981927514.75433,5319030489.860161,2304916637.7383657,58930.67687465277
46,2020,3,22,16,29,41.97,2387244.777,19955980.264999997,-17397048.208,-2686.9664000000002,2021.3034400000001,1917.59795,2020-03-22 16:29:41.970,387702075.57794094,-91287009.85757856,-75671317.30100887,148981323110.7603,5343712010.519397,2315615679.4957,58930.68729131943
46,2020,3,22,16,44,41.97,-44582.726,21598816.802,-15526926.854,-2709.35261,1624.3568500000001,2232.16925,2020-03-22 16:44:41.970,387958685.018742,-90508288.04506528,-75363405.47765589,148980713851.46432,5368393363.270836,2326314650.644719,58930.6977079861
46,2020,3,22,16,59,41.97,-2475661.083,22871722.556,-13390802.582,-2685.33551,1200.4234600000002,2507.9004,2020-03-22 16:59:41.970,388213416.69859415,-89729118.07745202,-75055121.02818625,148980099736.91614,5393074547.2685585,2337013550.8202853,58930.70812465277
46,2020,3,22,17,14,41.97,-4864435.585999999,23753672.397,-11025724.782,-2615.50695,756.81043,2740.26142,2020-03-22 17:14:41.970,388466269.5749467,-88949503.83788705,-74746465.50803845,148979480767.1661,5417755561.666653,2347712379.657246,58930.71854131943
46,2020,3,22,17,29,41.97,-7170228.725,24230350.077999998,-8472482.330999998,-2501.2198099999996,301.09813,2925.4817700000003,2020-03-22 17:29:41.970,388717242.6135385,-88169449.21070151,-74437440.47397329,148978856942.2649,5442436405.6192,2358411136.7904425,58930.7289579861
46,2020,3,22,17,44,41.97,-9353911.082,24294337.188,-5774896.682,-2344.5550200000002,-158.98628,3060.60007,2020-03-22 17:44:41.970,388966334.78839934,-87388958.08139604,-74128047.48406814,148978228262.263,5467117078.280299,2369109821.85471,58930.73937465277
46,2020,3,22,17,59,41.97,-11378537.887,23945188.794999998,-2979076.328,-2148.27847,-615.69398,3143.50028,2020-03-22 17:59:41.970,389213545.0818493,-86608034.3366282,-73818288.09771179,148977594727.21167,5491797578.804058,2379808434.484879,58930.74979131943
46,2020,3,22,18,14,41.97,-13209942.727,23189397.772,-132644.77500000002,-1915.78906,-1061.3764800000001,3172.93447,2020-03-22 18:14:41.970,389458872.4845026,-85826681.86419894,-73508163.87559882,148976956337.1619,5516477906.344575,2390506974.3157697,58930.7602079861
46,2020,3,22,18,29,41.97,-14817280.915,22040251.131,2716046.151,-1651.05897,-1488.60335,3148.5326800000003,2020-03-22 18:29:41.970,389702315.9952662,-85044904.55303992,-73197676.37972422,148976313092.16537,5541158060.055973,2401205440.9821935,58930.77062465277
46,2020,3,22,18,44,41.97,-16173516.041000001,20517582.845000003,5518706.296,-1358.5672900000002,-1890.2744300000002,3070.80049,2020-03-22 18:44:41.970,389943874.6213427,-84262706.29320052,-72886827.17337796,148975664992.27402,5565838039.092367,2411903834.118959,58930.78104131943
46,2020,3,22,18,59,41.97,-17255844.143,18647428.518,8227889.588,-1043.22793,-2259.7255,2941.10474,2020-03-22 18:59:41.970,390183547.3782307,-83480090.97583453,-72575617.82113972,148975012037.53967,5590517842.607886,2422602153.360864,58930.7914579861
46,2020,3,22,19,14,41.97,-18046050.825999998,16461588.131000001,10797758.527,-710.31287,-2590.82682,2761.64804,2020-03-22 19:14:41.970,390421333.289726,-82697062.49318732,-72264049.88887306,148974354228.0147,5615197469.756661,2433300398.3427024,58930.80187465277
46,2020,3,22,19,29,41.97,-18530797.448000003,13997103.683,13184820.902999999,-365.3714,-2878.0736,2535.43266,2020-03-22 19:29:41.970,390657231.38792235,-81913624.7385827,-71952124.94372034,148973691563.75186,5639876919.692841,2443998568.6992636,58930.81229131943
46,2020,3,22,19,44,41.97,-18701833.206,11295659.199,15348629.429000001,-14.14636,-3116.66792,2266.2143,2020-03-22 19:44:41.970,390891240.71321374,-81129781.60641018,-71639844.55409719,148973024044.80368,5664556191.570564,2454696664.06532,58930.8227079861
46,2020,3,22,19,59,41.97,-18556130.668,8402911.075,17252435.392,337.51213,-3302.59154,1958.44623,2020-03-22 19:59:41.970,391123360.3142934,-80345536.99211131,-71327210.28968677,148972351671.22336,5689235284.543994,2465394684.0756474,58930.83312465277
46,2020,3,22,20,14,41.97,-18095942.900999997,5367757.3,18863787.873,683.73451,-3432.66881,1617.21425,2020-03-22 20:14:41.970,391353589.24815714,-79560894.79216732,-71014223.72143477,148971674443.06424,5713914197.767289,2476092628.3650126,58930.84354131943
46,2020,3,22,20,29,41.97,-17328780.998,2241554.619,20155070.463,1018.7206900000001,-3504.61933,1248.16292,2020-03-22 20:29:41.970,391581926.58010286,-78775858.90408577,-70700886.42154382,148970992360.37997,5738592930.394623,2486790496.568175,58930.8539579861
46,2020,3,22,20,44,41.97,-16267311.46,-922706.67,21103967.802,1336.8291299999999,-3517.09934,857.4134300000001,2020-03-22 20:44:41.970,391808371.3837315,-77990433.2263876,-70387199.96346788,148970305423.2243,5763271481.580178,2497488288.3198853,58930.86437465277
46,2020,3,22,20,59,41.97,-14929173.566,-4071259.94,21693854.647,1632.6654,-3469.7313200000003,451.47366,2020-03-22 20:59:41.970,392032922.7409493,-77204621.65859394,-70073165.92190687,148969613631.6515,5787949850.478132,2508186003.2548947,58930.87479131943
46,2020,3,22,21,14,41.97,-13336717.662999999,-7150440.416,21914100.645,1901.16923,-3363.1208199999996,37.140930000000004,2020-03-22 21:14:41.970,392255579.7419675,-76418428.10121337,-69758785.87280129,148968916985.7157,5812628036.242688,2518883641.007938,58930.8852079861
46,2020,3,22,21,29,41.97,-11516666.182,-10107572.468,21760284.529,2137.6989599999997,-3198.85974,-378.60192,2020-03-22 21:29:41.970,392476341.4853037,-75631856.4557285,-69444061.39332666,148968215485.4718,5837306038.028047,2529581201.213755,58930.89562465277
46,2020,3,22,21,44,41.97,-9499700.189,-12891853.363,21234312.161000002,2338.1123599999996,-2979.51506,-788.69615,2020-03-22 21:44:41.970,392695207.07778376,-74844910.62458347,-69128994.06188823,148967509130.97452,5861983854.988422,2540278683.507068,58930.90604131943
46,2020,3,22,21,59,41.97,-7319975.452,-15455220.068,20344433.71,2498.84221,-2708.6022700000003,-1186.12141,2020-03-22 21:59:41.970,392912175.6345408,-74057594.5111703,-68813585.45811535,148966797922.27905,5886661486.278037,2550976087.5226054,58930.9164579861
46,2020,3,22,22,14,41.97,-5014573.27,-17753184.947,19105156.378,2616.9654100000002,-2390.5427499999996,-1564.01332,2020-03-22 22:14:41.970,393127246.2790177,-73269912.01981635,-68497837.162856,148966081859.44077,5911338931.051121,2561673412.8950787,58930.92687465277
46,2020,3,22,22,29,41.97,-2622892.7520000003,-19745625.695,17537050.481999997,2690.2637299999997,-2030.60458,-1915.78256,2020-03-22 22:29:41.970,393340418.1429679,-72481867.05577102,-68181750.75817147,148965360942.51547,5936016188.461913,2572370659.2592,58930.93729131943
46,2020,3,22,22,44,41.97,-185992.721,-21397514.456,15666448.323,2717.2747,-1634.82663,-2235.23366,2020-03-22 22:44:41.970,393551690.3664553,-71693463.52519289,-67865327.82733084,148964635171.55884,5960693257.664664,2583067826.249674,58930.9477079861
46,2020,3,22,22,59,41.97,2254107.005,-22679571.132,13525037.264,2697.33072,-1209.92606,-2516.68093,2020-03-22 22:59:41.970,393761062.09785634,-70904705.3351364,-67548569.95480543,148963904546.62723,5985370137.813634,2593764913.501199,58930.95812465277
46,2020,3,22,23,14,41.97,4655153.695,-23568826.212,11149350.609,2630.58491,-763.1899199999999,-2755.0591600000002,2020-03-22 23:14:41.970,393968532.49385965,-70115596.3935392,-67231478.72626354,148963169067.7771,6010046828.063083,2604461920.6484675,58930.96854131943
46,2020,3,22,23,29,41.97,6975406.459,-24049079.363,8580162.287999999,2518.0221,-302.35212,-2946.0262300000004,2020-03-22 23:29:41.970,394174100.719468,-69326140.60920893,-66914055.728564605,148962428735.06494,6034723327.567303,2615158847.3261647,58930.9789579861
46,2020,3,22,23,44,41.97,9174383.745,-24111241.369,5861793.914,2361.45376,164.54235,-3086.0547399999996,2020-03-22 23:44:41.970,394377765.94799894,-68536341.89181003,-66596302.54975429,148961683548.5481,6059399635.480571,2625855693.1689787,58930.98937465277
46,2020,3,22,23,59,41.97,11213598.756,-23753548.95,3041345.304,2163.49611,629.28369,-3172.50999,2020-03-22 23:59:41.970,394579527.36108446,-67746204.15185106,-66278220.77905842,148960933508.28333,6084075750.957194,2636552457.8115835,58930.99979131943
46,2020,3,23,0,14,41.97,13057267.681,-22981643.673,167860.821,1927.53097,1083.65087,-3203.71161,2020-03-23 00:14:41.970,394779384.14867383,-66955731.300671354,-65959812.00687793,148960178614.32834,6108751673.151479,2647249140.888647,58931.0102079861
46,2020,3,23,0,29,41.97,14672973.478,-21808514.53,-2708545.403,1657.64943,1519.5685999999998,-3178.9761,2020-03-23 00:29:41.970,394977335.50903225,-66164927.25042812,-65641077.8247832,148959418866.74072,6133427401.217745,2657945742.034843,58931.02062465277
46,2020,3,23,0,44,41.97,16032274.647,-20254291.085,-5537605.678,1358.57958,1929.2652699999999,-3098.63976,2020-03-23 00:44:41.970,395173380.6487429,-65373795.914083436,-65322019.8255086,148958654265.5787,6158102934.310323,2668642260.884824,58931.03104131943
46,2020,3,23,0,59,41.97,17111239.001999997,-18345903.935999997,-8269813.6450000005,1035.5990100000001,2305.42572,-2964.05904,2020-03-23 00:59:41.970,395367518.7827083,-64582341.20539112,-65002639.60294713,148957884810.90045,6182778271.583562,2679338697.0732503,58931.0414579861
46,2020,3,23,1,14,41.97,17890894.289,-16116607.133,-10857335.596,694.43451,2641.3362399999996,-2777.58906,2020-03-23 01:14:41.970,395559749.1341486,-63790567.038883746,-64682938.752144754,148957110502.76425,6207453412.19181,2690035050.2347717,58931.05187465277
46,2020,3,23,1,29,41.97,18357583.315,-13605376.06,-13254891.35,341.15135000000004,2931.01736,-2542.54016,2020-03-23 01:29:41.970,395750070.9346053,-62998477.32985961,-64362918.86929503,148956331341.2291,6232128355.289425,2700731320.0040355,58931.06229131943
46,2020,3,23,1,44,41.97,18503215.73,-10856192.706,-15420586.44,-17.96519,3169.34079,-2263.1133999999997,2020-03-23 01:44:41.970,395938483.4239398,-62206075.994369745,-64042581.55173359,148955547326.3539,6256803100.0308,2711427506.015678,58931.0727079861
46,2020,3,23,1,59,41.97,18325410.946,-7917233.914000001,-17316677.432,-376.53272999999996,3352.1275899999996,-1944.31679,2020-03-23 01:59:41.970,396124985.85033524,-61413366.94920482,-63721928.39793277,148954758458.19806,6281477645.5703125,2722123607.9043407,58931.08312465277
46,2020,3,23,2,14,41.97,17827529.586,-4839980.6559999995,-18910254.083,-728.19604,3476.22513,-1591.8646899999999,2020-03-23 02:14:41.970,396309577.47029656,-60620354.11188215,-63400961.007495865,148953964736.82092,6306151991.062366,2732819625.304651,58931.09354131943
46,2020,3,23,2,29,41.97,17018593.739,-1678268.22,-20173824.334000003,-1066.74939,3539.56132,-1212.06303,2020-03-23 02:29:41.970,396492257.5486513,-59827041.40063253,-63079680.981152005,148953166162.28244,6330826135.661372,2743515557.8512397,58931.1039579861
46,2020,3,23,2,44,41.97,15913099.117,1512701.767,-21085790.93,-1386.2539,3541.17503,-811.68379,2020-03-23 02:44:41.970,396673025.35855067,-59033432.73438746,-62758089.920750335,148952362734.64255,6355500078.521757,2754211405.1787252,58931.11437465277
46,2020,3,23,2,59,41.97,14530724.818999998,4677366.08,-21630811.403,-1681.14733,3481.22303,-397.83192,2020-03-23 02:59:41.970,396851880.1814695,-58239532.0327659,-62436189.42925465,148951554453.96176,6380173818.797958,2764907166.9217296,58931.12479131943
46,2020,3,23,3,14,41.97,12895948.71,7760800.374000001,-21800036.311,-1946.34367,3360.9637399999997,22.19159,2020-03-23 03:14:41.970,397028821.3072079,-57445343.216061234,-62113981.110738,148950741320.30035,6404847355.644429,2775602842.714861,58931.1352079861
46,2020,3,23,3,29,41.97,11037578.334,10709695.227,-21591223.648,-2177.32095,3182.71943,441.02734,2020-03-23 03:29:41.970,397203848.0338904,-56650870.20522843,-61791466.570376985,148949923333.71933,6429520688.215626,2786298432.192732,58931.14562465277
46,2020,3,23,3,44,41.97,8988208.796,13473289.046,-21008730.317,-2370.19558,2949.81853,851.3926299999999,2020-03-23 03:44:41.970,397376959.66796786,-55856116.9218707,-61468647.4144465,148949100494.2797,6454193815.666028,2796993934.989947,58931.15604131943
46,2020,3,23,3,59,41.97,6783620.103,16004240.991999999,-20063384.215,-2521.78236,2666.52041,1246.21124,2020-03-23 03:59:41.970,397548155.5242172,-55061087.28822693,-61145525.25031405,148948272802.0429,6478866737.150131,2807689350.7411046,58931.1664579861
46,2020,3,23,4,14,41.97,4462127.102,18259429.229000002,-18772242.83,-2629.63981,2337.9251,1618.7354300000002,2020-03-23 04:14:41.970,397717434.9257424,-54265785.227158025,-60822101.68643433,148947440257.07053,6503539451.822436,2818384679.080805,58931.17687465277
46,2020,3,23,4,29,41.97,2063895.3809999998,20200662.158999998,-17158246.286000002,-2692.1005099999998,1969.87065,1962.65823,2020-03-23 04:29:41.970,397884797.20397526,-53470214.66213441,-60498378.33234369,148946602859.4244,6528211958.837458,2829079919.643637,58931.18729131943
46,2020,3,23,4,44,41.97,-369763.59400000004,21795292.708,-15249774.328,-2708.28692,1568.8208,2272.21438,2020-03-23 04:44:41.970,398050241.69867486,-52674379.517222844,-60174356.798654705,148945760609.16653,6552884257.349727,2839775072.0641923,58931.1977079861
46,2020,3,23,4,59,41.97,-2797105.261,23016728.152,-13080117.994,-2678.11334,1141.7455599999998,2542.2688,2020-03-23 04:59:41.970,398213767.7579298,-51878283.71707317,-59850038.69705062,148944913506.3595,6577556346.513789,2850470135.9770536,58931.20812465277
46,2020,3,23,5,14,41.97,-5176660.449,23844830.265,-10686877.567,-2602.2745299999997,695.99735,2768.3919,2020-03-23 05:14:41.970,398375374.73815656,-51081931.18690561,-59525425.64027979,148944061551.06583,6602228225.484203,2861165111.016803,58931.21854131943
46,2020,3,23,5,29,41.97,-7467928.187000001,24266202.748,-8111298.91,-2482.2224199999996,239.1847,2946.9211099999998,2020-03-23 05:29:41.970,398535062.0041019,-50285325.85249753,-59200519.24215026,148943204743.34836,6626899893.415543,2871859996.8180175,58931.2289579861
46,2020,3,23,5,44,41.97,-9632042.41,24274364.838,-5397560.527,-2320.1316300000003,-220.95406,3075.00884,2020-03-23 05:44:41.970,398692828.9288424,-49488471.64017034,-58875321.11752425,148942343083.2703,6651571349.4623995,2882554793.015271,58931.23937465277
46,2020,3,23,5,59,41.97,-11632403.136,23869811.78,-2592023.673,-2118.85511,-676.6755800000001,3150.65673,2020-03-23 05:59:41.970,398848674.8937848,-48691372.47677679,-58549832.882312626,148941476570.89508,6676242592.779366,2893249499.2431326,58931.24979131943
46,2020,3,23,6,14,41.97,-13435263.735000001,23059964.336,257542.38400000002,-1881.87118,-1120.35309,3172.7366300000003,2020-03-23 06:14:41.970,399002599.288667,-47894032.28968758,-58224056.153469354,148940605206.2864,6700913622.5210705,2903944115.136172,58931.2602079861
46,2020,3,23,6,29,41.97,-15010266.949000001,21859010.838999998,3102748.1689999998,-1613.2228,-1544.59338,3140.99877,2020-03-23 06:29:41.970,399154601.5115579,-47096455.006778546,-57897992.54898608,148939728989.5081,6725584437.842142,2914638640.328946,58931.27062465277
46,2020,3,23,6,44,41.97,-16330923.313,20287646.385,5895373.585,-1317.45039,-1942.3482299999998,3056.06763,2020-03-23 06:44:41.970,399304680.9688583,-46298644.55641752,-57571643.68788643,148938847920.62433,6750255037.897232,2925333074.4560223,58931.28104131943
46,2020,3,23,6,59,41.97,-17375026.527000003,18372714.672,8588148.456999999,-999.51915,-2307.0191800000002,2919.42609,2020-03-23 06:59:41.970,399452837.0753007,-45500604.86745143,-57245011.190220825,148937961999.69974,6774925421.840995,2936027417.151952,58931.2914579861
46,2020,3,23,7,14,41.97,-18125001.233,16146758.785,11135513.767,-664.74163,-2632.55497,2733.38845,2020-03-23 07:14:41.970,399599069.2539503,-44702339.86919298,-56918096.67706052,148937071226.79874,6799595588.828121,2946721668.051293,58931.30187465277
46,2020,3,23,7,29,41.97,-18568179.412,13647487.861,13494353.811,-318.69668,-2913.54093,2501.06288,2020-03-23 07:29:41.970,399743376.936205,-43903853.49140791,-56590901.77049249,148936175601.9865,6824265538.013303,2957415826.788594,58931.31229131943
46,2020,3,23,7,44,41.97,-18697002.341,10917167.151,15624690.02,32.85479,-3145.27974,2226.30388,2020-03-23 07:44:41.970,399885759.5617956,-43105149.664302096,-56263428.093613714,148935275125.32825,6848935268.5512495,2968109892.9984016,58931.3227079861
46,2020,3,23,7,59,41.97,-18509145.731,8001939.558,17490327.619,384.05619,-3323.86284,1913.65509,2020-03-23 07:59:41.970,400026216.5787867,-42306232.318508,-55935677.270525634,148934369796.8893,6873604779.596688,2978803866.3152637,58931.33312465277
46,2020,3,23,8,14,41.97,-18007566.29,4951087.223,19059446.732,729.04332,-3446.2321,1568.28309,2020-03-23 08:14:41.970,400164747.4435761,-41507105.38507204,-55607650.92632873,148933459616.73553,6898274070.304364,2989497746.3737164,58931.34354131943
46,2020,3,23,8,29,41.97,-17200468.602,1816242.335,20305129.922,1062.03329,-3510.23094,1195.90242,2020-03-23 08:29:41.970,400301351.6208962,-40707772.795441516,-55279350.687116876,148932544584.9328,6922943139.829042,3000191532.808305,58931.3539579861
46,2020,3,23,8,44,41.97,-16101191.856999999,-1349443.084,21205818.535,1377.4135800000001,-3514.6442100000004,802.69241,2020-03-23 08:44:41.970,400436028.58381337,-39908238.48145152,-54950778.17997201,148931624701.54742,6947611987.325492,3010885225.25356,58931.36437465277
46,2020,3,23,8,59,41.97,-14728016.669,-4492157.971,21745690.631,1669.83038,-3459.22613,395.2062,2020-03-23 08:59:41.970,400568777.8137279,-39108506.37531183,-54621935.03295827,148930699966.6459,6972280611.948516,3021578823.344019,58931.37479131943
46,2020,3,23,9,14,41.97,-13103893.014999999,-7558312.437,21914953.735,1934.27539,-3344.71537,-19.72748,2020-03-23 09:14:41.970,400699598.80037636,-38308580.40959408,-54292822.8751169,148929770380.2951,6996949012.852919,3032272326.7142134,58931.3852079861
46,2020,3,23,9,29,41.97,-11256091.226,-10495425.436999999,21710046.213000003,2166.16987,-3172.83641,-435.10898999999995,2020-03-23 09:29:41.970,400828491.04182875,-37508464.51721853,-53963443.33646032,148928835942.56186,7021617189.193538,3042965734.998673,58931.39562465277
46,2020,3,23,9,44,41.97,-9215778.987,-13253007.154000001,21133741.798,2361.44474,-2946.28624,-843.87817,2020-03-23 09:44:41.970,400955454.0444913,-36708162.63144132,-53633798.04796689,148927896653.51358,7046285140.125213,3053659047.8319182,58931.40604131943
46,2020,3,23,9,59,41.97,-7017528.47,-15783422.568,20195152.700999998,2516.61549,-2668.70575,-1239.0291200000001,2020-03-23 09:59:41.970,401080487.32310516,-35907678.685841046,-53303888.64157516,148926952513.21774,7070952864.802805,3064352264.848481,58931.4164579861
46,2020,3,23,10,14,41.97,-4698759.05,-18042721.977,18909627.876,2628.85021,-2344.63481,-1613.72813,2020-03-23 10:14:41.970,401203590.4007469,-35107016.61430597,-52973716.75017848,148926003521.74213,7095620362.381207,3075045385.682879,58931.42687465277
46,2020,3,23,10,29,41.97,-2299122.465,-19991423.725,17298544.461000003,2696.02913,-1979.4509,-1961.43283,2020-03-23 10:29:41.970,401324762.8088292,-34306180.351021156,-52643284.00761936,148925049679.15497,7120287632.01531,3085738409.9696336,58931.43729131943
46,2020,3,23,10,44,41.97,140161.179,-21595234.093,15388992.081,2716.79405,-1579.29086,-2276.01073,2020-03-23 10:44:41.970,401444004.0871007,-33505173.83045515,-52312592.04868407,148924090985.52448,7144954672.860043,3096431337.3432593,58931.4477079861
46,2020,3,23,10,59,41.97,2577006.613,-22825689.332999997,13213351.704,2690.5857499999997,-1150.9562099999998,-2551.85463,2020-03-23 10:59:41.970,401561313.7836454,-32704000.987347085,-51981642.50909691,148923127440.91907,7169621484.070332,3107124167.4382777,58931.45812465277
46,2020,3,23,11,14,41.97,4969194.351,-23660705.305999998,10808772.981,2617.66797,-701.80269,-2783.9923299999996,2020-03-23 11:14:41.970,401676691.45488393,-31902665.75669357,-51650437.025514774,148922159045.40765,7194288064.801137,3117816899.889197,58931.46854131943
46,2020,3,23,11,29,41.97,7275116.506999999,-24085021.082,8216556.414999999,2499.13625,-239.61531,-2968.18793,2020-03-23 11:29:41.970,401790136.66557294,-31101172.073735964,-51318977.23552169,148921185799.05948,7218954414.207434,3128509534.3305326,58931.4789579861
46,2020,3,23,11,44,41.97,9454523.424999999,-24090524.331,5481449.267,2336.91071,227.52899,-3101.03178,2020-03-23 11:44:41.970,401901648.98880523,-30299523.873946887,-50987264.77762316,148920207701.94376,7243620531.444217,3139202070.3967943,58931.48937465277
46,2020,3,23,11,59,41.97,11469256.178,-23676448.354,2650866.6520000002,2133.71184,691.4087599999999,-3180.01628,2020-03-23 11:59:41.970,402011228.0060101,-29497725.093017682,-50655301.29124056,148919224754.13004,7268286415.666496,3149894507.7224903,58931.49979131943
46,2020,3,23,12,14,41.97,13283949.524,-22849433.101,-225948.286,1893.019,1143.81233,-3203.59508,2020-03-23 12:14:41.970,402118873.306953,-28695779.666845016,-50323088.41670583,148918236955.6884,7292952066.0293045,3160586845.9421277,58931.5102079861
46,2020,3,23,12,29,41.97,14866689.867999999,-21623445.563,-3098809.0459999996,1619.01204,1576.6954,-3171.22319,2020-03-23 12:29:41.970,402224584.4897359,-27893691.531518064,-49990627.79525558,148917244306.6887,7317617481.687695,3171279084.690214,58931.52062465277
46,2020,3,23,12,44,41.97,16189613.295,-20019558.288,-5917497.391,1316.4967000000001,1982.33805,-3083.37654,2020-03-23 12:44:41.970,402328361.16079736,-27091464.62330553,-49657921.06902595,148916246807.20148,7342282661.796737,3181971223.6012526,58931.53104131943
46,2020,3,23,12,59,41.97,17229429.8,-18065588.386,-8632682.766,990.81548,2353.49706,-2941.5496000000003,2020-03-23 12:59:41.970,402430202.93491143,-26289102.87864235,-49324969.881046645,148915244457.29736,7366947605.511524,3192663262.309742,58931.5414579861
46,2020,3,23,13,14,41.97,17967861.379,-15795603.112000002,-11196829.627999999,647.7457899999999,2683.54941,-2748.23086,2020-03-23 13:14:41.970,402530109.43519,-25486610.234117087,-48991775.87523573,148914237257.0471,7391612311.987167,3203355200.450191,58931.55187465277
46,2020,3,23,13,29,41.97,18391983.734,-13249301.705,-13565072.773,293.38797,2966.62316,-2506.8564100000003,2020-03-23 13:29:41.970,402628080.29307985,-24683990.62645855,-48658340.69639386,148913225206.52206,7416276780.378797,3214047037.6570964,58931.56229131943
46,2020,3,23,13,44,41.97,18494463.724,-10471286.542,-15696041.428000001,-65.95382,3197.7119799999996,-2221.74271,2020-03-23 13:44:41.970,402724115.1483647,-23881247.992522962,-48324665.99019874,148912208305.7935,7440941009.841566,3224738773.5649543,58931.5727079861
46,2020,3,23,13,59,41.97,18273687.492000002,-7510239.56,-17552614.138,-423.89494,3372.77068,-1898.00041,2020-03-23 13:59:41.970,402818213.64916474,-23078386.269281004,-47990753.40319976,148911186554.9332,7465604999.530649,3235430407.808269,58931.58312465277
46,2020,3,23,14,14,41.97,17733777.0,-4418022.28,-19102588.443,-774.0943599999999,3488.7891600000003,-1541.43159,2020-03-23 14:14:41.970,402910375.4519356,-22275409.39380462,-47656604.5828122,148910159954.01294,7490268748.601238,3246121940.0215373,58931.59354131943
46,2020,3,23,14,29,41.97,16884495.659,-1248719.499,-20319251.696,-1110.3765,3543.84345,-1158.4134,2020-03-23 14:29:41.970,403000600.221469,-21472321.30325415,-47322221.177311786,148909128503.105,7514932256.2085495,3256813369.8392506,58931.6039579861
46,2020,3,23,14,44,41.97,15741046.496000001,1942352.3150000002,-21181842.214,-1426.84772,3537.12304,-755.7712300000001,2020-03-23 14:44:41.970,403088887.63089293,-20669125.9348653,-46987604.83582915,148908092202.28183,7539595521.5078125,3267504696.8959107,58931.61437465277
46,2020,3,23,14,59,41.97,14323768.897,5099650.546,-21675892.913,-1718.0048199999999,3468.93457,-340.64499,2020-03-23 14:59:41.970,403175237.3616706,-19865827.225936066,-46652757.208344154,148907051051.61612,7564258543.654295,3278195920.826009,58931.62479131943
46,2020,3,23,15,14,41.97,12657742.195999999,8168404.912,-21793452.722999997,-1978.83319,3340.68266,79.64818,2020-03-23 15:14:41.970,403259649.10360116,-19062429.11381374,-46317679.945680514,148906005051.1808,7588921321.80327,3288887041.264042,58931.6352079861
46,2020,3,23,15,29,41.97,10772306.26,11095588.907,-21533184.141999997,-2204.89283,3154.8292899999997,497.75136,2020-03-23 15:29:41.970,403342122.55481917,-18258935.53588202,-45982374.69950005,148904954201.04913,7613583855.110038,3299578057.844499,58931.64562465277
46,2020,3,23,15,44,41.97,8700510.666,13830845.722,-20900338.162,-2392.3908300000003,2914.8336,906.4024000000001,2020-03-23 15:44:41.970,403422657.4217936,-17455350.42954793,-45646843.12229722,148903898501.29446,7638246142.729928,3310268970.2018785,58931.65604131943
46,2020,3,23,15,59,41.97,6478505.058,16327352.071999999,-19906610.465,-2538.23952,2625.0745,1298.5628,2020-03-23 15:59:41.970,403501253.41932946,-16651677.732228618,-45311086.867393546,148902837951.99072,7662908183.81828,3320959777.970672,58931.6664579861
46,2020,3,23,16,14,41.97,4144883.887,18542605.526,-18569885.102,-2640.0996499999997,2290.75856,1667.5384900000001,2020-03-23 16:14:41.970,403577910.27056587,-15847921.381338878,-44975107.58893204,148901772553.21176,7687569977.530457,3331650480.7853684,58931.67687465277
46,2020,3,23,16,29,41.97,1739998.8900000001,20439123.334,-16913873.792,-2696.40888,1917.81583,2007.0907,2020-03-23 16:29:41.970,403652627.7069766,-15044085.314277528,-44638906.941871576,148900702305.03183,7712231523.021856,3342341078.2804646,58931.68729131943
46,2020,3,23,16,44,41.97,-694747.441,21985043.116,-14967660.566,-2706.39569,1512.78643,2311.53527,2020-03-23 16:44:41.970,403725405.4683699,-14240173.468414772,-44302486.58198142,148899627207.5255,7736892819.447891,3353031570.090453,58931.6977079861
46,2020,3,23,16,59,41.97,-3117614.647,23154618.233000003,-12765162.621,-2670.0794600000004,1082.7003200000001,2575.82935,2020-03-23 16:59:41.970,403796243.30288714,-13436189.781079235,-43965848.16583564,148898547260.76752,7761553865.963987,3363721955.849823,58931.70812465277
46,2020,3,23,17,14,41.97,-5487231.211999999,23928602.913,-10344519.074,-2588.2575,634.95294,2795.64484,2020-03-23 17:14:41.970,403865140.96700466,-12632138.189544693,-43628993.35080739,148897462464.83286,7786214661.725612,3374412235.1930685,58931.71854131943
46,2020,3,23,17,29,41.97,-7763284.347,24294524.369999997,-7747419.786,-2462.48013,177.17881,2967.42812,2020-03-23 17:29:41.970,403932098.2255311,-11828022.63101736,-43291923.79506361,148896372819.7968,7810875205.888248,3385102407.7546816,58931.7289579861
46,2020,3,23,17,44,41.97,-9907182.348000001,24246841.067,-5018386.6049999995,-2295.01485,-282.87474000000003,3088.44604,2020-03-23 17:44:41.970,403997114.85160875,-11023847.042622762,-42954641.157559186,148895278325.73505,7835535497.607391,3395792473.1691523,58931.73937465277
46,2020,3,23,17,59,41.97,-11882680.247,23786988.04,-2204019.3340000003,-2088.8007700000003,-737.4720500000001,3156.8183400000003,2020-03-23 17:59:41.970,404060190.62671214,-10219615.361392744,-42617147.0980315,148894178982.72308,7860195536.038578,3406482431.0709767,58931.74979131943
46,2020,3,23,18,14,41.97,-13656460.515999999,22923311.633,647781.487,-1847.39453,-1179.0101399999999,3171.53689,2020-03-23 18:14:41.970,404121325.3406484,-9415331.524252493,-42279443.276994854,148893074790.8373,7884855320.337361,3417172281.094647,58931.7602079861
46,2020,3,23,18,29,41.97,-15198661.63,21670897.341,3488603.301,-1574.90868,-1600.13505,3132.4720300000004,2020-03-23 18:29:41.970,404180518.7915566,-8610999.468007565,-41941531.355734825,148891965750.15378,7909514849.659312,3427862022.8746524,58931.77062465277
46,2020,3,23,18,44,41.97,-16483348.255,20051295.465,6270310.497,-1275.94373,-1993.85238,3040.3669,2020-03-23 18:44:41.970,404237770.78590727,-7806623.129330874,-41603412.99630282,148890851860.74918,7934174123.160036,3438551656.0454936,58931.78104131943
46,2020,3,23,18,59,41.97,-17488917.757,18092150.233,8945822.895,-955.5147499999999,-2353.6311699999997,2896.81994,2020-03-23 18:59:41.970,404293081.138502,-7002206.444749705,-41265089.86151034,148889733122.70023,7958833139.995154,3449241180.2416587,58931.7914579861
46,2020,3,23,19,14,41.97,-18198438.579,15826738.746000001,11469873.546999998,-618.97353,-2673.5003,2704.25647,2020-03-23 19:14:41.970,404346449.67247343,-6197753.350632709,-40926563.61492341,148888609536.08417,7983491899.32032,3459930595.097647,58931.80187465277
46,2020,3,23,19,29,41.97,-18599916.806,13293426.795,13799736.17,-271.92697999999996,-2948.1367,2465.88976,2020-03-23 19:29:41.970,404397876.21928406,-5393267.783177098,-40587835.92085726,148887481100.97818,8008150400.291203,3470619900.2479496,58931.81229131943
46,2020,3,23,19,44,41.97,-18686487.968000002,10535049.126,15895912.996,79.84734999999999,-3172.94492,2185.67206,2020-03-23 19:44:41.970,404447360.6187266,-4588753.678395285,-40248908.444370255,148886347817.45996,8032808642.063504,3481309095.3270693,58931.8227079861
46,2020,3,23,19,59,41.97,-18456531.752,7598222.294,17722774.307,430.48791,-3344.1272799999997,1868.2362699999999,2020-03-23 19:59:41.970,404494902.7189226,-3784214.9721023175,-39909782.8512588,148885209685.6074,8057466623.792951,3491998179.9695,58931.83312465277
46,2020,3,23,20,14,41.97,-17913707.996,4532598.764,19249141.282,774.13737,-3458.74415,1518.82842,2020-03-23 20:14:41.970,404540502.3763225,-2979655.5999027453,-39570460.80805151,148884066705.49857,8082124344.635287,3502687153.809738,58931.84354131943
46,2020,3,23,20,29,41.97,-17066912.895,1390071.5119999999,20448804.23,1105.0315600000001,-3514.76363,1143.2316,2020-03-23 20:29:41.970,404584159.4557054,-2175079.4971773634,-39230943.98200355,148882918877.21167,8106781803.746292,3513376016.482285,58931.8539579861
46,2020,3,23,20,44,41.97,-15930155.07,-1776061.0389999999,21300968.606,1417.5884999999998,-3511.09981,747.6816699999999,2020-03-23 20:44:41.970,404625873.8301782,-1370490.5990707502,-38891234.04109124,148881766200.82565,8131439000.281769,3524064767.621641,58931.86437465277
46,2020,3,23,20,59,41.97,-14522351.836,-4911959.2069999995,21790621.663999997,1706.49655,-3447.63911,338.77526,2020-03-23 20:59:41.970,404665645.3811743,-565892.840477926,-38551332.65400641,148880608676.41925,8156095933.397538,3534753406.8623066,58931.87479131943
46,2020,3,23,21,14,41.97,-12867046.793,-7964124.093,21908813.053999998,1966.80091,-3325.2535000000003,-76.62934,2020-03-23 21:14:41.970,404703473.99845463,238709.84396854675,-38211241.490150675,148879446304.07156,8180752602.249451,3545441933.8387866,58931.8852079861
46,2020,3,23,21,29,41.97,-10992050.825000001,-10880285.407,21652843.247,2193.98718,-3145.7999499999996,-491.51778,2020-03-23 21:29:41.970,404739359.5801054,1043313.519911327,-37870962.21963008,148878279083.86185,8205409005.993395,3556130348.185584,58931.89562465277
46,2020,3,23,21,44,41.97,-8929009.594999999,-13610282.227,21026354.435000002,2384.06086,-2912.10516,-898.83061,2020-03-23 21:44:41.970,404773302.03253895,1847914.2532816308,-37530496.51324928,148877107015.87015,8230065143.785267,3566818649.537206,58931.90604131943
46,2020,3,23,21,59,41.97,-6712901.835,-16106923.057,20039319.478,2533.62142,-2627.93469,-1291.57863,2020-03-23 21:59:41.970,404805301.270492,2652508.1103119254,-37189846.04250603,148875930100.17618,8254721014.780998,3577506837.528158,58931.9164579861
46,2020,3,23,22,14,41.97,-4381474.06,-18326810.87,18707925.652000003,2639.9292600000003,-2297.9459,-1662.9610699999998,2020-03-23 22:14:41.970,404835357.2170256,3457091.157548868,-36849012.47958571,148874748336.8601,8279376618.136555,3588194911.79295,58931.92687465277
46,2020,3,23,22,29,41.97,-1974618.767,-20231118.335,17054351.430999998,2700.9640400000003,-1927.62429,-2006.48479,2020-03-23 22:29:41.970,404863469.80352455,4261659.461866545,-36507997.49735552,148873561726.00235,8304031953.00791,3598882871.9660907,58931.93729131943
46,2020,3,23,22,44,41.97,466295.26900000003,-21786298.16,15106436.244,2715.4725000000003,-1523.20299,-2316.08251,2020-03-23 22:44:41.970,404889638.9696963,5066209.090479048,-36166802.76935905,148872370267.6836,8328687018.551084,3609570717.6820927,58931.9477079861
46,2020,3,23,22,59,41.97,2899130.469,-22964713.585,12897245.196,2683.0043,-1091.5659,-2586.2276199999997,2020-03-23 22:59:41.970,404913864.6635706,5870736.110953791,-35825429.96981065,148871173961.9849,8353341813.922117,3620258448.5754695,58931.95812465277
46,2020,3,23,23,14,41.97,5281714.008,-23745174.548,10464532.998,2603.9339,-640.13513,-2812.04286,2020-03-23 23:14:41.970,404936146.8414984,6675236.591224231,-35483880.77358967,148869972808.98727,8377996338.277073,3630946064.280739,58931.96854131943
46,2020,3,23,23,29,41.97,7572584.43,-24113366.075999998,7850113.789,2479.46746,-176.74433,-2989.40028,2020-03-23 23:29:41.970,404956485.46815205,7479706.599602867,-35142156.85623518,148868766808.7724,8402650590.772051,3641633564.4324183,58931.9789579861
46,2020,3,23,23,44,41.97,9731737.137,-24062156.953,5099146.117000001,2311.63329,290.50028,-3115.00939,2020-03-23 23:44:41.970,404974880.5165235,8284142.204794286,-34800259.89394006,148867555961.42194,8427304570.563168,3652320948.6650276,58931.98937465277
46,2020,3,23,23,59,41.97,11721353.694,-23591778.811,2259344.8680000002,2103.2553799999996,753.3684400000001,-3186.49088,2020-03-23 23:59:41.970,404991331.9675014,9088539.453961326,-34458191.57288093,148866340267.0177,8451958276.806311,3663008216.61297,58931.99979131943
46,2020,3,24,0,14,41.97,13506499.991999999,-22709867.470000003,-619867.093,1857.90958,1203.66091,-3202.43333,2020-03-24 00:14:41.970,405005839.81161356,9892894.460525958,-34115953.55187571,148865119725.64215,8476611708.658189,3673695367.9110045,58932.0102079861
46,2020,3,24,0,29,41.97,15055775.043,-21431367.77,-3488242.642,1579.8631,1633.3667599999999,-3162.4303600000003,2020-03-24 00:29:41.970,405018404.0463317,10697203.272498695,-33773547.518376224,148863894337.37762,8501264865.274744,3684382402.1935387,58932.02062465277
46,2020,3,24,0,44,41.97,16341902.672,-19778287.829,-6295632.649999999,1273.9978,2034.82077,-3067.09772,2020-03-24 00:44:41.970,405029024.67792046,11501461.960281635,-33430975.15113515,148862664102.30695,8525917745.81221,3695069319.0951047,58932.03104131943
46,2020,3,24,0,59,41.97,17342242.904,-17779322.922,-8992899.365,945.71928,2400.85431,-2918.0675499999998,2020-03-24 00:59:41.970,405037701.7209601,12305666.594733581,-33088238.129531104,148861429020.51312,8550570349.42686,3705756118.250233,58932.0414579861
46,2020,3,24,1,14,41.97,18039218.121000003,-15469342.874,-11532821.876,600.85351,2724.93748,-2717.96091,2020-03-24 01:14:41.970,405044435.1983465,13109813.247183075,-32745338.133563004,148860189092.07938,8575222675.274975,3716442799.2934566,58932.05187465277
46,2020,3,24,1,29,41.97,18420641.176000003,-12888758.074,-13870965.547,245.53384,3001.30799,-2470.33847,2020-03-24 01:29:41.970,405049225.1412895,13913897.989441214,-32402276.84384449,148858944317.08923,8599874722.512884,3727129361.859314,58932.06229131943
46,2020,3,24,1,44,41.97,18479938.455,-10082776.787999999,-15966497.66,-113.91895000000001,3225.0833399999997,-2179.6305700000003,2020-03-24 01:44:41.970,405052071.5893127,14717916.893814582,-32059055.941598386,148857694695.62656,8624526490.296938,3737815805.5823402,58932.0727079861
46,2020,3,24,1,59,41.97,18216263.154,-7100570.072000001,-17782931.575999998,-471.12013,3392.35352,-1851.04861,2020-03-24 01:59:41.970,405052974.59025204,15521866.033118382,-31715677.10865089,148856440227.77536,8649177977.783522,3748502130.0970807,58932.08312465277
46,2020,3,24,2,14,41.97,17634496.928,-3994362.899,-19288783.663,-819.74504,3500.252,-1490.4803200000001,2020-03-24 02:14:41.970,405051934.2002555,16325741.480689107,-31372142.027426243,148855180913.61978,8673829184.129036,3759188335.038079,58932.09354131943
46,2020,3,24,2,29,41.97,16745140.951000001,-818471.725,-20458129.742000002,-1153.6503300000002,3547.00358,-1104.37171,2020-03-24 02:29:41.970,405048950.4837815,17129539.31039756,-31028452.380940877,148853916753.2446,8698480108.48993,3769874420.039883,58932.1039579861
46,2020,3,24,2,44,41.97,15564100.21,2371690.372,-21271050.604,-1466.98954,3531.94855,-699.5991799999999,2020-03-24 02:44:41.970,405044023.51359844,17933255.596661877,-30684609.852798004,148852647746.7345,8723130750.02267,3780560384.737044,58932.11437465277
46,2020,3,24,2,59,41.97,14112367.352,5520619.622,-21713959.195,-1754.32026,3455.54326,-283.33502999999996,2020-03-24 02:59:41.970,405037153.37078357,18736886.414460234,-30340616.127181847,148851373894.1745,8747781107.883762,3791246228.7641134,58932.12479131943
46,2020,3,24,3,14,41.97,12415614.662,8573717.693,-21779805.174000002,-2010.7008099999998,3319.33792,137.09002,2020-03-24 03:14:41.970,405028340.1447214,19540427.839344013,-29996472.888852086,148850095195.65005,8772431181.229734,3801931951.7556543,58932.1352079861
46,2020,3,24,3,29,41.97,10503704.514999999,11478258.182,-21468155.594,-2231.77452,3125.9332600000002,554.32406,2020-03-24 03:29:41.970,405017583.93310434,20343875.947450463,-29652181.82313834,148848811651.24664,8797080969.217148,3812617553.346218,58932.14562465277
46,2020,3,24,3,44,41.97,8410130.055,14184305.246,-20785153.336,-2413.8402600000004,2878.9178699999998,961.12793,2020-03-24 03:44:41.970,405004884.84193,21147226.815515812,-29307744.61593439,148847523261.0501,8821730471.002598,3823303033.1703753,58932.15604131943
46,2020,3,24,3,59,41.97,6171398.805,16645568.034,-19743357.521,-2553.90864,2582.78861,1350.5031700000002,2020-03-24 03:59:41.970,404990242.9855009,21950476.520888124,-28963162.953692693,148846230025.1466,8846379685.742708,3833988390.8626885,58932.1664579861
46,2020,3,24,4,14,41.97,3826372.444,18820176.86,-18361472.389,-2649.7432500000004,2242.8567199999998,1715.8115599999999,2020-03-24 04:14:41.970,404973658.4864232,22753621.141540147,-28618438.52341868,148844931943.62247,8871028612.59413,3844673626.057728,58932.17687465277
46,2020,3,24,4,29,41.97,1415576.116,20671369.401,-16663973.044999998,-2699.8871000000004,1865.14223,2050.8844599999998,2020-03-24 04:29:41.970,404955131.47560596,23556656.75608216,-28273573.012665287,148843629016.56436,8895677250.713547,3855358738.390072,58932.18729131943
46,2020,3,24,4,44,41.97,-1019509.5430000001,22168077.647,-14680637.958999999,-2703.6746900000003,1456.25944,2350.1204900000002,2020-03-24 04:44:41.970,404934662.09225965,24359579.443775147,-27928568.109527145,148842321244.05905,8920325599.257694,3866043727.4942966,58932.1977079861
46,2020,3,24,4,59,41.97,-3437160.9549999996,23285408.7,-12445999.225,-2661.23026,1023.2959699999999,2608.57048,2020-03-24 04:59:41.970,404912250.48389566,25162385.284543335,-27583425.5026351,148841008626.1936,8944973657.383293,3876728593.004981,58932.20812465277
46,2020,3,24,5,14,41.97,-5796116.727,24005014.818,-9998722.365,-2573.4532,573.68798,2822.009,2020-03-24 05:14:41.970,404887896.8063239,25965070.35898738,-27238146.881150633,148839691163.0556,8969621424.247145,3887413334.556713,58932.21854131943
46,2020,3,24,5,29,41.97,-8056264.218,24315350.206,-7380927.875,-2441.99156,115.09364,2986.9922500000002,2020-03-24 05:29:41.970,404861601.22365355,26767630.748397067,-26892733.934760034,148838368854.73257,8994268899.006058,3898097951.784078,58932.2289579861
46,2020,3,24,5,44,41.97,-10179297.382000001,24211813.962,-4637466.888,-2269.20492,-344.73303,3100.90217,2020-03-24 05:44:41.970,404833363.90829,27570062.5347643,-26547188.35366904,148837041701.31238,9018916080.816875,3908782444.3216743,58932.23937465277
46,2020,3,24,5,59,41.97,-12129336.748,23696780.279999997,-1815163.231,-2058.11755,-798.06626,3161.97704,2020-03-24 05:59:41.970,404803185.04093516,28372361.800796006,-26201511.828597087,148835709702.88324,9043562968.83648,3919466811.804095,58932.24979131943
46,2020,3,24,6,14,41.97,-13873503.436,22779518.498,1037966.0730000001,-1812.36332,-1237.32899,3169.3288599999996,2020-03-24 06:14:41.970,404771064.8105855,29174524.629926864,-25855706.05077168,148834372859.53342,9068209562.221771,3930151053.8659415,58932.2602079861
46,2020,3,24,6,29,41.97,-15382440.151,21476006.788,3873500.2290000003,-1536.1231500000001,-1655.20857,3122.94811,2020-03-24 06:29:41.970,404737003.41453046,29976547.106332343,-25509772.711922836,148833031171.35178,9092855860.129704,3940835170.1418176,58932.27062465277
46,2020,3,24,6,44,41.97,-16630773.048999999,19808644.380000003,6643402.822,-1234.0563,-2044.76638,3023.6962900000003,2020-03-24 06:44:41.970,404701001.058353,30778425.314941563,-25163713.504277453,148831684638.4272,9117501861.717245,3951519160.2663364,58932.28104131943
46,2020,3,24,6,59,41.97,-17597509.289,17805868.044999998,9300798.056,-911.22634,-2399.5408199999997,2873.28694,2020-03-24 06:59:41.970,404663057.9559259,31580155.341450084,-24817530.120553624,148830333260.8487,9142147566.141413,3962203023.874112,58932.2914579861
46,2020,3,24,7,14,41.97,-18266365.94,15501679.326,11800724.94,-573.0227799999999,-2713.64255,2674.2557699999998,2020-03-24 07:14:41.970,404623174.32941234,32381733.272332806,-24471224.2539551,148828977038.706,9166792972.559242,3972886760.599759,58932.30187465277
46,2020,3,24,7,29,41.97,-18626026.647,12935089.626,14100859.799,-225.07904000000002,-2981.84168,2429.92022,2020-03-24 07:29:41.970,404581350.4092637,33183155.194856945,-24124797.598165665,148827615972.0885,9191438080.127811,3983570370.0779033,58932.31229131943
46,2020,3,24,7,44,41.97,-18670323.213,10149490.809,16162197.989,126.81228999999999,-3199.64604,2144.32929,2020-03-24 07:44:41.970,404537586.4342189,33984417.19709468,-23778251.847343467,148826250061.0863,9216082888.004223,3994253851.9431715,58932.3227079861
46,2020,3,24,7,59,41.97,-18398339.864,7191959.538,17949686.108999997,476.78636,-3363.3700200000003,1822.20381,2020-03-24 07:59:41.970,404491882.6513029,34785515.367936164,-23431588.696115416,148824879305.78955,9240727395.345638,4004937205.8301964,58932.33312465277
46,2020,3,24,8,14,41.97,-17814438.629,4112504.0769999996,19432796.430999998,818.99437,-3470.19349,1468.86784,2020-03-24 08:14:41.970,404444239.3158246,35586445.797102414,-23084809.839571618,148823503706.28885,9265371601.309225,4015620431.373614,58932.34354131943
46,2020,3,24,8,29,41.97,-16928204.887,963262.875,20586035.655,1147.69254,-3518.20995,1090.17138,2020-03-24 08:29:41.970,404394656.69137686,36387204.575158045,-22737916.973259687,148822123262.67468,9290015505.05219,4026303528.2080646,58932.3539579861
46,2020,3,24,8,44,41.97,-15754312.791000001,-2202335.137,21389380.459,1457.33102,-3506.46329,692.40504,2020-03-24 08:44:41.970,404343135.04983395,37187787.79352423,-22390911.793179102,148820737975.03833,9314659105.731789,4036986495.9681997,58932.36437465277
46,2020,3,24,8,59,41.97,-14312311.012,-5330437.892,21828632.747,1742.64193,-3434.97236,282.20705000000004,2020-03-24 08:59:41.970,404289674.67135084,37988191.54449139,-22043795.99577568,148819347843.4708,9339302402.505293,4047669334.288666,58932.37479131943
46,2020,3,24,9,14,41.97,-12626330.057,-8367653.8270000005,21895687.976,1998.7254400000002,-3304.74242,-133.5368,2020-03-24 09:14:41.970,404234275.84436136,38788411.92123225,-21696571.277935904,148817952868.0635,9363945394.53003,4058352042.804123,58932.3852079861
46,2020,3,24,9,29,41.97,-10724713.349,-11261939.624,21588710.55,2221.13289,-3117.76268,-547.79951,2020-03-24 09:29:41.970,404176938.8655772,39588445.017814524,-21349239.336981274,148816553048.9085,9388588080.963333,4069034621.1492305,58932.39562465277
46,2020,3,24,9,44,41.97,-8639575.31,-13963479.1,20912211.024,2405.94564,-2876.98895,-953.52453,2020-03-24 09:44:41.970,404117664.0399869,40388286.929213725,-21001801.87066274,148815148386.09753,9413230460.962603,4079717068.958658,58932.40604131943
46,2020,3,24,9,59,41.97,-6406290.929,-16425539.499999998,19877020.845,2549.84828,-2586.3106500000004,-1343.74155,2020-03-24 09:59:41.970,404056451.68085253,41187933.7513262,-20654260.577155028,148813738879.72296,9437872533.685251,4090399385.8670774,58932.4164579861
46,2020,3,24,10,14,41.97,-4062922.596,-18605290.814,18500161.553000003,2650.19452,-2250.50152,-1711.68497,2020-03-24 10:14:41.970,403993302.1097104,41987381.58098175,-20306617.155051056,148812324529.87726,9462514298.288744,4101081571.509165,58932.42687465277
46,2020,3,24,10,29,41.97,-1649591.502,-20464573.243,16804606.913,2705.0642,-1875.15367,-2050.91308,2020-03-24 10:29:41.970,403928215.6563685,42786626.515956506,-19958873.30335627,148810905336.6532,9487155753.930563,4111763625.5196066,58932.43729131943
46,2020,3,24,10,44,41.97,792197.6120000001,-21970597.738,14818938.154,2713.3096600000003,-1466.59483,-2355.42595,2020-03-24 10:44:41.970,403861192.65890515,43585664.65498584,-19611030.721483085,148809481300.1439,9511796899.76824,4122445547.5330873,58932.4477079861
46,2020,3,24,10,59,41.97,3220267.9910000004,-23096564.682,12576894.624,2674.58975,-1031.78927,-2619.7795899999996,2020-03-24 10:59:41.970,403792233.4636677,44384492.09777704,-19263091.1092452,148808052420.44257,9536437734.959341,4133127337.184305,58932.45812465277
46,2020,3,24,11,14,41.97,5592506.8209999995,-23822186.339,10116824.411,2589.38981,-578.22326,-2839.19362,2020-03-24 11:14:41.970,403721338.4252703,45183104.945022285,-18915056.166851986,148806618697.64282,9561078258.661467,4143808994.107955,58932.46854131943
46,2020,3,24,11,29,41.97,7867612.404,-24134099.8,7481041.992000001,2459.0264199999997,-113.77655,-3009.64972,2020-03-24 11:29:41.970,403648507.9065934,45981499.29841132,-18566927.5949029,148805180131.8383,9585718470.032251,4154490517.9387503,58932.4789579861
46,2020,3,24,11,44,41.97,10005838.218,-24026158.715,4715102.49,2285.63559,353.41807,-3127.9779900000003,2020-03-24 11:44:41.970,403573742.2787813,46779671.260644384,-18218707.0943818,148803736723.12326,9610358368.229366,4165171908.3113995,58932.48937465277
46,2020,3,24,11,59,41.97,11969718.768000001,-23499594.301000003,1867004.706,2072.1440000000002,815.12434,-3191.92849,2020-03-24 11:59:41.970,403497041.921241,47577616.935444795,-17870396.366651416,148802288471.59186,9634997952.410522,4175853164.8606176,58932.49979131943
46,2020,3,24,12,14,41.97,13724761.743999999,-22563038.748,-1013662.587,1822.22296,1263.15814,-3200.22535,2020-03-24 12:14:41.970,403418407.22164065,48375332.4275721,-17521997.113447566,148800835377.33865,9659637221.733467,4186534287.221133,58932.5102079861
46,2020,3,24,12,29,41.97,15240091.143,-21232407.285,-3876614.448,1540.22558,1689.54537,-3152.60146,2020-03-24 12:29:41.970,403337838.5759077,49172813.84283444,-17173511.036873706,148799377440.45865,9684276175.35599,4197215275.027673,58932.52062465277
46,2020,3,24,12,44,41.97,16489026.662,-19530638.621,-6671785.4120000005,1231.1081800000002,2086.67806,-3049.81211,2020-03-24 12:44:41.970,403255336.3882272,49970057.28810179,-16824939.83939524,148797914661.04672,9708914812.435911,4207896127.9149747,58932.53104131943
46,2020,3,24,12,59,41.97,17449585.835,-17487297.132,-9350247.526999999,900.3375599999999,2447.4648399999996,-2893.62657,2020-03-24 12:59:41.970,403170901.07104045,50767058.87131831,-16476285.223833816,148796447039.19836,9733553132.131075,4218576845.5177794,58932.5414579861
46,2020,3,24,13,14,41.97,18104897.134999998,-15138043.859,-11865110.858,553.78623,2765.47132,-2686.79756,2020-03-24 13:14:41.970,403084533.0450428,51563814.70151556,-16127548.89336183,148794974575.00912,9758191133.599401,4229257427.4708366,58932.55187465277
46,2020,3,24,13,29,41.97,18443514.367,-12523986.956999999,-14172386.654,197.61833000000001,3035.0469900000003,-2433.00899,2020-03-24 13:29:41.970,402996232.739183,52360320.88882493,-15778732.551496703,148793497268.57483,9782828815.9988,4239937873.4089,58932.56229131943
46,2020,3,24,13,44,41.97,18459625.246,-9690925.468,-16231794.231,-161.83094,3251.43489,-2136.80339,2020-03-24 13:44:41.970,402906000.5906604,53156573.54449059,-15429837.902095303,148792015119.99158,9807466178.487268,4250618182.9667335,58932.5727079861
46,2020,3,24,13,59,41.97,18153149.804,-6688503.073,-18007494.097,-518.17902,3410.86154,-1803.49099,2020-03-24 13:59:41.970,402813837.0449235,53952568.78088213,-15080866.649348343,148790528129.3557,9832103220.222797,4261298355.7791033,58932.58312465277
46,2020,3,24,14,14,41.97,17529727.169999998,-3569290.693,-19468731.89,-865.11982,3510.60485,-1439.04291,2020-03-24 14:14:41.970,402719742.5556686,54748302.71150757,-14731820.497774672,148789036296.76395,9856739940.363438,4271978391.4807854,58932.59354131943
46,2020,3,24,14,29,41.97,16600592.141,-387818.331,-20590380.249,-1196.54431,3549.03887,-1049.9716400000002,2020-03-24 14:29:41.970,402623717.5848384,55543771.45102581,-14382701.152215738,148787539622.313,9881376338.067287,4282658289.706561,58932.6039579861
46,2020,3,24,14,44,41.97,15382345.713000001,2800422.645,-21353368.568,-1506.65508,3525.6547,-643.20204,2020-03-24 14:44:41.970,402525762.6026181,56338971.115259744,-14033510.317829914,148786038106.10025,9906012412.492464,4293338050.0912175,58932.61437465277
46,2020,3,24,14,59,41.97,13896626.222000001,5939985.442,-21744993.656999998,-1790.07225,3441.05796,-225.93622,2020-03-24 14:59:41.970,402425878.0874364,57133897.82120858,-13684249.700086907,148784531748.22272,9930648162.797138,4304017672.269551,58932.62479131943
46,2020,3,24,15,14,41.97,12169689.902,8976461.255,-21759107.419,-2041.92853,3296.94367,194.48403,2020-03-24 15:14:41.970,402324064.5259621,57928547.687060945,-13334921.004762067,148783020548.77838,9955283588.139511,4314697155.876367,58932.6352079861
46,2020,3,24,15,29,41.97,10231911.436,11857440.483000001,-21396180.72,-2257.95175,3096.05016,610.71429,2020-03-24 15:29:41.970,402220322.41310287,58722916.8322076,-12985525.937930837,148781504507.86502,9979918687.677832,4325376500.546467,58932.64562465277
46,2020,3,24,15,44,41.97,8117216.385,14533423.77,-20663245.419,-2434.5335,2842.094,1015.5407700000001,2020-03-24 15:44:41.970,402114652.25200254,59517001.37725395,-12636066.20596312,148779983625.58066,10004553460.57038,4336055705.914677,58932.65604131943
46,2020,3,24,15,59,41.97,5862458.293,16958666.813,-19573719.123999998,-2568.78334,2539.68833,1402.0072,2020-03-24 15:59:41.970,402007054.55404013,60310797.444032945,-12286543.515517613,148778457902.02396,10029187905.975471,4346734771.615813,58932.6664579861
46,2020,3,24,16,14,41.97,3506753.7430000002,19091945.180999998,-18147119.446000002,-2658.56805,2194.2472,1763.5331800000001,2020-03-24 16:14:41.970,401897529.8388284,61104301.155617915,-11936959.573536156,148776927337.2934,10053822023.051474,4357413697.28471,58932.67687465277
46,2020,3,24,16,29,41.97,1090788.716,20897227.751,-16408676.367,-2702.53616,1811.8786200000002,2094.02198,2020-03-24 16:29:41.970,401786078.63421,61897508.63633503,-11587316.087238245,148775391931.488,10078455810.956793,4368092482.556208,58932.68729131943
46,2020,3,24,16,44,41.97,-1343890.598,22344249.790999997,-14388852.793,-2700.1281000000004,1399.2689300000002,2387.95656,2020-03-24 16:44:41.970,401672701.4762578,62690416.011776306,-11237614.764115255,148773851684.70682,10103089268.849874,4378771127.065148,58932.6977079861
46,2020,3,24,16,59,41.97,-3755589.9250000003,23408979.122,-12122784.422,-2651.57269,963.56127,2640.48273,2020-03-24 16:59:41.970,401557398.90927136,63483019.40881205,-10887857.31192488,148772306597.04944,10127722395.889198,4389449630.446385,58932.70812465277
46,2020,3,24,17,14,41.97,-6103170.065,24073971.035,-9649650.804000001,-2557.87088,512.23028,2847.4788200000003,2020-03-24 17:14:41.970,401440171.4857763,64275314.95560383,-10538045.438685529,148770756668.61548,10152355191.233276,4400127992.334778,58932.71854131943
46,2020,3,24,17,29,41.97,-8346730.068000001,24328609.724000003,-7011989.824999999,-2420.76782,52.955549999999995,3005.61171,2020-03-24 17:29:41.970,401321019.76652086,65067298.78161695,-10188180.852670683,148769201899.5048,10176987654.040691,4410806212.365204,58932.7289579861
46,2020,3,24,17,44,41.97,-10448260.414,24169235.916,-4254968.005,-2242.71429,-406.5044,3112.37903,2020-03-24 17:44:41.970,401199944.32047546,65858967.01763346,-9838265.262403248,148767642289.81772,10201619783.470036,4421484290.172528,58932.73937465277
46,2020,3,24,17,59,41.97,-12372257.171,23599162.001000002,-1425618.864,-2026.8187700000003,-858.43586,3166.1379300000003,2020-03-24 17:59:41.970,401076945.7248293,66650315.79576453,-9488300.376649942,148766077839.65466,10226251578.67997,4432162225.391643,58932.74979131943
46,2020,3,24,18,14,41.97,-14086289.207,22628577.421,1427938.641,-1776.79123,-1295.28981,3166.12072,2020-03-24 18:14:41.970,400952024.56498975,67441341.24946332,-9138287.90441573,148764508549.11642,10250883038.829163,4442840017.657437,58932.7602079861
46,2020,3,24,18,29,41.97,-15561511.503,21274348.311,4257290.022,-1496.87974,-1709.7968400000002,3112.4378300000003,2020-03-24 18:29:41.970,400825181.4345788,68232039.51353769,-8788229.55493811,148762934418.30374,10275514163.076359,4453517666.604813,58932.77062465277
46,2020,3,24,18,44,41.97,-16773118.613999998,19559716.373999998,7014512.407000001,-1191.8010100000001,-2095.07602,3006.0688299999997,2020-03-24 18:44:41.970,400696416.9354325,69022406.72416277,-8438127.037681533,148761355447.3181,10300144950.580328,4464195171.868678,58932.78104131943
46,2020,3,24,18,59,41.97,-17700733.197,17513902.860999998,9652948.339,-866.6657399999999,-2444.73677,2848.84185,2020-03-24 18:59:41.970,400565731.6775977,69812439.01889378,-8087982.062331812,148759771636.26074,10324775400.499876,4474872533.083947,58932.7914579861
46,2020,3,24,19,14,41.97,-18328725.389,15171624.206,12127956.166,-526.89972,-2752.97318,2643.4022,2020-03-24 19:14:41.970,400433126.27933097,70602132.53667861,-7737796.338790446,148758182985.23358,10349405511.993853,4485549749.885546,58932.80187465277
46,2020,3,24,19,29,41.97,-18646459.55,12572526.519,14397627.483000001,-178.16146999999998,-3014.64994,2393.17067,2020-03-24 19:29:41.970,400298601.3670956,71391483.4178705,-7387571.577169026,148756589494.3386,10374035284.221176,4496226821.908407,58932.81229131943
46,2020,3,24,19,44,41.97,-18648465.59,9760546.672,16423462.554999998,173.7429,-3225.3794,2102.2919,2020-03-24 19:44:41.970,400162157.5755602,72180487.80424082,-7037309.487783596,148754991163.67792,10398664716.340761,4506903748.787473,58932.8227079861
46,2020,3,24,19,59,41.97,-18334532.767,6783208.255,18170995.073,522.94673,-3381.58916,1775.5735100000002,2020-03-24 19:59:41.970,400023795.54759616,72969141.83899167,-6687011.781149061,148753387993.35406,10423293807.51161,4517580530.157695,58932.83312465277
46,2020,3,24,20,14,41.97,-17709724.445,3690861.215,19610358.037,863.61124,-3480.5795200000002,1418.4162000000001,2020-03-24 20:14:41.970,399883515.9342756,73757441.66676834,-6336680.167973549,148751779983.4699,10447922556.892725,4528257165.65403,58932.84354131943
46,2020,3,24,20,29,41.97,-16784312.955000002,535874.581,20716782.9,1190.01456,-3520.57019,1036.73542,2020-03-24 20:29:41.970,399741319.39486957,74545383.43367237,-5986316.35915277,148750167134.1284,10472550963.643194,4538933654.911444,58932.8539579861
46,2020,3,24,20,44,41.97,-15573634.371,-2628207.708,21471024.509999998,1496.6405599999998,-3500.73542,636.8748800000001,2020-03-24 20:44:41.970,399597206.59684515,75332963.28727372,-5635922.065764453,148748549445.43274,10497179026.922127,4549609997.564915,58932.86437465277
46,2020,3,24,20,59,41.97,-14097863.736,-5747537.141,21859704.828,1778.2665900000002,-3421.2268400000003,225.51262,2020-03-24 20:59:41.970,399451178.21586376,76120177.37662387,-5285498.99906264,148746926917.4865,10521806745.888662,4560286193.249426,58932.87479131943
46,2020,3,24,21,14,41.97,-12381712.115,-8768845.652,21875568.853,2030.0493300000003,-3283.1831700000002,-190.44,2020-03-24 21:14:41.970,399303234.9357792,76907021.85226826,-4935048.870472157,148745299550.39346,10546434119.702011,4570962241.599974,58932.8852079861
46,2020,3,24,21,29,41.97,-10454047.781,-11640333.054000001,21517646.856,2247.6072999999997,-3088.7256899999998,-603.94539,2020-03-24 21:29:41.970,399153377.4486348,77693492.86625874,-4584573.391582927,148743667344.25763,10571061147.521408,4581638142.251556,58932.89562465277
46,2020,3,24,21,44,41.97,-8347444.960000001,-14312543.786,20791317.783,2427.0991,-2840.93886,-1007.9520699999999,2020-03-24 21:44:41.970,399001606.4546614,78479586.57216667,-4234074.274144414,148742030299.1834,10595687828.506144,4592313894.839191,58932.90604131943
46,2020,3,24,21,59,41.97,-6097664.753,-16739219.174000002,19708269.701,2565.29567,-2543.83521,-1395.51088,2020-03-24 21:59:41.970,398847922.66227555,79265299.12509485,-3883553.230059925,148740388415.27515,10620314161.81553,4602989498.997888,58932.9164579861
46,2020,3,24,22,14,41.97,-3743074.234,-18878110.711000003,18286354.414,2659.64511,-2202.3037200000003,-1759.89365,2020-03-24 22:14:41.970,398692326.7880763,80050626.68169104,-3533011.9713810557,148738741692.63785,10644940146.608965,4613664954.362688,58932.92687465277
46,2020,3,24,22,29,41.97,-1324011.197,-20691739.457,16549334.925999999,2708.3283699999997,-1822.0416699999998,-2094.71236,2020-03-24 22:29:41.970,398534819.5568439,80835565.40015966,-3182452.210302074,148737090131.37637,10669565782.045841,4624340260.568628,58932.93729131943
46,2020,3,24,22,44,41.97,1117896.435,-22148086.478,14526526.212000001,2710.30402,-1409.4696,-2394.03664,2020-03-24 22:44:41.970,398375401.7015371,81620111.44027494,-2831875.6591542424,148735433731.59604,10694191067.285635,4635015417.250755,58932.9477079861
46,2020,3,24,22,59,41.97,3540445.9820000003,-23221199.433999997,12252331.888999999,2665.34048,-971.63009,-2652.50717,2020-03-24 22:59:41.970,398214073.9632903,82404260.96339358,-2481284.030400281,148733772493.4026,10718816001.487848,4645690424.044128,58932.95812465277
46,2020,3,24,23,14,41.97,5901598.106000001,-23891701.059,9765681.683999998,2574.03406,-516.07121,-2865.4423100000004,2020-03-24 23:14:41.970,398050837.0914122,83188010.13246706,-2130679.0366286896,148732106416.90167,10743440583.81203,4656365280.583812,58932.96854131943
46,2020,3,24,23,29,41.97,8160224.274,-24147186.443,7109377.079,2437.81153,-50.71626,-3028.935,2020-03-24 23:29:41.970,397885691.84338284,83971355.1120542,-1780062.390548172,148730435502.19946,10768064813.417786,4667039986.504886,58932.9789579861
46,2020,3,24,23,44,41.97,10276849.121,-23982497.665,4329355.089,2258.9161,416.2781,-3139.93734,2020-03-24 23:44:41.970,397718638.9848513,84754292.0683341,-1429435.8049819828,148728759749.4022,10792688689.46474,4677714541.442438,58932.98937465277
46,2020,3,24,23,59,41.97,12214372.563000001,-23399866.589,1473882.654,2040.37632,876.67246,-3196.32978,2020-03-24 23:59:41.970,397549679.28963304,85536817.16911843,-1078800.9928623657,148727079158.61642,10817312211.112593,4688388945.031563,58932.99979131943
46,2020,3,25,0,14,41.97,13938756.514999999,-22408918.465,-1407304.801,1785.95777,1322.3009299999999,-3196.97283,2020-03-25 00:14:41.970,397378813.53970844,86318926.58386423,-728159.6672248811,148725393729.9492,10841935377.521076,4699063196.907368,58933.0102079861
46,2020,3,25,0,29,41.97,15419658.664,-21026538.226,-4263896.2469999995,1500.09809,1745.22856,-3141.73866,2020-03-25 00:29:41.970,397206042.5252192,87100616.48368603,-377513.5412028453,148723703463.50745,10866558187.849964,4709737296.704966,58933.02062465277
46,2020,3,25,0,44,41.97,16631004.501,-19276586.996000003,-7045929.56,1187.8264199999999,2137.9076499999996,-3031.52218,2020-03-25 00:44:41.970,397031367.04446673,87881883.04136904,-26864.328021676043,148722008359.3985,10891180641.259079,4720411244.059489,58933.03104131943
46,2020,3,25,0,59,41.97,17551476.547,-17189489.241,-9704703.464,854.66889,2493.32667,-2868.22934,2020-03-25 00:59:41.970,396854787.9039094,88662722.4313813,323786.2590066756,148720308417.72998,10915802736.908295,4731085038.606071,58933.0414579861
46,2020,3,25,1,14,41.97,18164915.073,-14801685.972,-12193675.254,506.54248999999993,2805.14914,-2654.7436000000002,2020-03-25 01:14:41.970,396676305.91816014,89443130.82988639,674436.5064893934,148718603638.60986,10940424473.957525,4741758679.979858,58933.05187465277
46,2020,3,25,1,29,41.97,18460618.651,-12154969.857,-14469317.348000001,149.64,3067.83838,-2394.87086,2020-03-25 01:29:41.970,396495921.9099838,90223104.41475594,1025084.700958358,148716894022.14603,10965045851.566744,4752432167.816009,58933.06229131943
46,2020,3,25,1,44,41.97,18433538.173,-9295715.733,-16491915.069999998,-209.69115,3276.76472,-2093.2642299999998,2020-03-25 01:44:41.970,396313636.7102949,91002639.3655821,1375729.1288757643,148715179568.44696,10989666868.89594,4763105501.749686,58933.0727079861
46,2020,3,25,1,59,41.97,18084360.36,-6274023.535,-18226288.449,-565.07282,3428.29255,-1755.3308000000002,2020-03-25 01:59:41.970,396129451.15815514,91781731.86369015,1726368.0766397556,148713460277.6213,11014287525.105188,4773778681.416075,58933.08312465277
46,2020,3,25,2,14,41.97,17419479.7,-3142792.729,-19642422.919,-910.21961,3519.8451999999997,-1387.12293,2020-03-25 02:14:41.970,395943366.10077,92560378.09215128,2076999.830590017,148711736149.77798,11038907819.354578,4784451706.450353,58933.09354131943
46,2020,3,25,2,29,41.97,16450860.601,43251.201,-20715996.422,-1239.05885,3549.94647,-995.21724,2020-03-25 02:29:41.970,395755382.3934881,93338574.23579457,2427622.677013364,148710007185.0259,11063527750.804277,4795124576.487727,58933.1039579861
46,2020,3,25,2,44,41.97,15195794.277,3228556.948,-21428793.252,-1545.84412,3518.23837,-586.5845400000001,2020-03-25 02:44:41.970,395565500.8997964,94116316.48122,2778234.902149392,148708273383.47476,11088147318.61447,4805797291.163402,58933.11437465277
46,2020,3,25,2,59,41.97,13676557.324,6357752.961999999,-21768998.1,-1825.25978,3425.4755,-168.45424,2020-03-25 02:59:41.970,395373722.4913191,94893601.01681075,3128834.79219605,148706534745.23395,11112766521.945406,4816469850.1126,58933.12479131943
46,2020,3,25,3,14,41.97,11919981.035,9376637.782,-21731366.829,-2072.51446,3273.497,251.82343,2020-03-25 03:14:41.970,395180048.04781497,95670424.03274581,3479420.633315251,148704791270.41336,11137385359.95737,4827142252.970551,58933.1352079861
46,2020,3,25,3,29,41.97,9956942.253999999,12233135.643,-21317273.526,-2283.42174,3065.17776,666.91406,2020-03-25 03:29:41.970,394984478.4571737,96446781.72101228,3829990.711638484,148703042959.12332,11162003831.810719,4837814499.372497,58933.14562465277
46,2020,3,25,3,44,41.97,7821787.77,14878199.606,-20534636.196,-2454.4669799999997,2804.3609300000003,1069.63162,2020-03-25 03:44:41.970,394787014.61541456,97222670.27541836,4180543.3132724357,148701289811.4741,11186621936.665825,4848486588.95369,58933.15604131943
46,2020,3,25,3,59,41.97,5551705.157000001,17266646.471,-19397725.978,-2582.85943,2495.7742500000004,1453.06437,2020-03-25 03:59:41.970,394587657.4266828,97998085.89160508,4531076.724304542,148699531827.57626,11211239673.68314,4859158521.349391,58933.1664579861
46,2020,3,25,4,14,41.97,3186053.3479999998,19357909.994000003,-17926866.912,-2666.56956,2144.9326800000003,1810.69181,2020-03-25 04:14:41.970,394386407.8032478,98773024.76705964,4881589.230808659,148697769007.5409,11235857042.023144,4869830296.194879,58933.17687465277
46,2020,3,25,4,29,41.97,765666.295,21116701.36,-16148035.119,-2704.35164,1758.03007,2136.49102,2020-03-25 04:29:41.970,394183266.6654995,99547483.1011272,5232079.118850604,148696001351.47903,11260474040.846373,4880501913.125437,58933.18729131943
46,2020,3,25,4,44,41.97,-1667857.194,22513568.264000002,-14092367.617,-2695.75196,1341.82261,2425.03092,2020-03-25 04:44:41.970,393978234.9419465,100321457.09502374,5582544.674493797,148694228859.5022,11285090669.313408,4891173371.776361,58933.1977079861
46,2020,3,25,4,59,41.97,-4072864.931,23525346.333,-11795592.044000002,-2641.10362,903.5065599999999,2671.55365,2020-03-25 04:59:41.970,393771313.5692131,101094942.95184839,5932984.183804834,148692451531.72195,11309706926.58488,4901844671.782963,58933.20812465277
46,2020,3,25,5,14,41.97,-6408352.318,24135498.863,-9297389.204,-2541.5086499999998,450.59273,2872.04242,2020-03-25 05:14:41.970,393562503.49203634,101867936.87659612,6283395.932859121,148690669368.25037,11334322811.821476,4912515812.780563,58933.21854131943
46,2020,3,25,5,29,41.97,-8634641.958,24334342.903,-6640700.745,-2398.80855,-9.22021,3023.27558,2020-03-25 05:29:41.970,393351805.66326344,102640435.07616992,6633778.207746432,148688882369.19943,11358938324.183922,4923186794.404485,58933.2289579861
46,2020,3,25,5,44,41.97,-10714031.993,24119161.591000002,-3870994.318,-2215.54445,-468.17154,3122.86703,2020-03-25 05:44:41.970,393139221.0438492,103412433.75939324,6984129.294576534,148687090534.6817,11383553462.832994,4933857616.290081,58933.23937465277
46,2020,3,25,5,59,41.97,-12611404.315,23494204.255,-1035498.482,-1994.90799,-918.56182,3169.29312,2020-03-25 05:59:41.970,392924750.6028531,104183929.13702278,7334447.479484791,148685293864.80984,11408168226.929539,4944528278.072701,58933.24979131943
46,2020,3,25,6,14,41.97,-14294784.843,22470577.24,1817580.713,-1740.6841,-1352.87218,3161.9065499999997,2020-03-25 06:14:41.970,392708395.3174368,104954917.4217606,7684731.048637726,148683492359.69672,11432782615.634418,4955198779.3877125,58933.2602079861
46,2020,3,25,6,29,41.97,-15735849.059,21066029.564,4639849.918,-1457.18675,-1763.87853,3100.9376199999997,2020-03-25 06:29:41.970,392490156.1728603,105725394.82826672,8034978.288238646,148681686019.45566,11457396628.108566,4965869119.870493,58933.27062465277
46,2020,3,25,6,44,41.97,-16910366.964,19304638.554,7383514.435,-1149.18876,-2144.7594799999997,2987.4836,2020-03-25 06:44:41.970,392270034.162481,106495357.5731714,8385187.484533227,148679874844.2,11482010263.51296,4976539299.156428,58933.28104131943
46,2020,3,25,6,59,41.97,-17798582.507,17216401.412,10002149.387,-821.84651,-2489.19733,2823.48667,2020-03-25 06:59:41.970,392048030.287749,107264801.875088,8735356.923815124,148678058834.0435,11506623521.008638,4987209316.880932,58933.2914579861
46,2020,3,25,7,14,41.97,-18385523.358,14836739.382,12451446.133,-480.62057000000004,-2791.47121,2611.7010600000003,2020-03-25 07:14:41.970,391824145.55820507,108033723.9546247,9085484.8924315,148676237989.1,11531236399.756672,4997879172.679407,58933.30187465277
46,2020,3,25,7,29,41.97,-18661237.663,12205921.774,14689924.46,-131.19294000000002,-3046.5419100000004,2355.64991,2020-03-25 07:29:41.970,391598380.99147815,108802120.03439763,9435569.676788734,148674412309.4838,11555848898.9182,5008548866.187279,58933.31229131943
46,2020,3,25,7,44,41.97,-18620955.07,9368417.684,16679601.52,220.61833000000001,-3250.12765,2059.5724099999998,2020-03-25 07:44:41.970,391370737.61328226,109569986.33904277,9785609.563357903,148672581795.30933,11580461017.654408,5019218397.039995,58933.3227079861
46,2020,3,25,7,59,41.97,-18265170.024,6372183.734,18386608.974,568.94642,-3398.77034,1728.3616100000002,2020-03-25 07:59:41.970,391141216.4574128,110337319.09522852,10135602.838680409,148670746446.69138,11605072755.126518,5029887764.873002,58933.33312465277
46,2020,3,25,8,14,41.97,-17599645.878,3267896.741,19781750.144,907.96427,-3489.8916600000002,1367.4933700000001,2020-03-25 08:14:41.970,390909818.56574494,111104114.53166835,10485547.789373584,148668906263.74487,11629684110.495823,5040556969.321761,58933.34354131943
46,2020,3,25,8,29,41.97,-16635339.089000002,108140.781,20840989.398999996,1231.97355,-3521.83818,982.94689,2020-03-25 08:29:41.970,390676544.9882299,111870368.87913263,10835442.702136282,148667061246.585,11654295082.923655,5051226010.021749,58933.3539579861
46,2020,3,25,8,44,41.97,-15388243.358,-3053441.236,21545866.357,1535.49343,-3493.91493,581.1171899999999,2020-03-25 08:44:41.970,390441396.78289205,112636078.37046164,11185285.863754436,148665211395.32715,11678905671.571396,5061894886.608452,58933.36437465277
46,2020,3,25,8,59,41.97,-13879154.384,-6163020.658000001,21883827.939999998,1813.3480900000002,-3406.4065499999997,168.72016000000002,2020-03-25 08:59:41.970,390204375.01582617,113401239.24057749,11535075.561106639,148663356710.08722,11703515875.600502,5072563598.717369,58933.37479131943
46,2020,3,25,9,14,41.97,-12133356.715,-9167469.263,21848471.806,2060.75212,-3260.58506,-247.30928,2020-03-25 09:14:41.970,389965480.7611947,114165847.72649674,11884810.081169792,148661497190.9811,11728125694.172453,5083232145.98402,58933.3852079861
46,2020,3,25,9,29,41.97,-10180235.133,-12015246.129999999,21439695.341,2273.39262,-3058.70348,-659.92509,2020-03-25 09:29:41.970,389724715.10122454,114929900.06734268,12234487.71102462,148659632838.12506,11752735126.448792,5093900528.043928,58933.39562465277
46,2020,3,25,9,44,41.97,-8052814.152,-14657272.013,20663745.200000003,2447.50667,-2803.97431,-1062.083,2020-03-25 09:44:41.970,389482079.1262037,115693392.50435776,12584106.73786127,148657763651.63565,11777344171.591122,5104568744.532631,58933.40604131943
46,2020,3,25,9,59,41.97,-5787230.416,-17047777.307,19533163.424,2579.95264,-2500.53222,-1446.85721,2020-03-25 09:59:41.970,389237573.9344788,116456321.28091575,12933665.448984938,148655889631.6294,11801952828.761086,5115236795.085682,58933.4164579861
46,2020,3,25,10,14,41.97,-3422144.19,-19145109.047999997,18066627.447,2668.2739899999997,-2153.38027,-1807.55921,2020-03-25 10:14:41.970,388991200.63245213,117218682.6425344,13283162.131821383,148654010778.22348,11826561097.120392,5125904679.338643,58933.42687465277
46,2020,3,25,10,29,41.97,-998097.62,-20912481.992000002,16288682.905,2710.75351,-1768.3194,-2137.85682,2020-03-25 10:29:41.970,388742960.33457786,117980472.83688746,13632595.073922558,148652127091.5351,11851168975.830782,5136572396.927094,58933.43729131943
46,2020,3,25,10,44,41.97,1443171.027,-22318658.684,14229369.976,2706.45653,-1351.8612,-2431.89133,2020-03-25 10:44:41.970,388492854.1633602,118741688.11381741,13981962.562972173,148650238571.6818,11875776464.054068,5147239947.486629,58933.4477079861
46,2020,3,25,10,59,41.97,3859446.368,-23338543.699,11923746.153,2655.2613699999997,-911.1244899999999,-2684.39013,2020-03-25 10:59:41.970,388240883.24934894,119502324.72534731,14331262.886791274,148648345218.7811,11900383560.952108,5157907330.652847,58933.45812465277
46,2020,3,25,11,14,41.97,6208775.92,-23953677.906,9411310.664,2557.8753500000003,-453.71683,-2890.77214,2020-03-25 11:14:41.970,387987048.73113775,120262378.92569365,14680494.333343795,148646447032.95132,11924990265.68682,5168574546.061364,58933.46854131943
46,2020,3,25,11,29,41.97,8450217.596,-24152619.854000002,6735338.301,2415.83517,12.3975,-3047.24321,2020-03-25 11:29:41.970,387731351.7553601,121021846.97127812,15029655.19074219,148644544014.31058,11949596577.420172,5179241593.347819,58933.4789579861
46,2020,3,25,11,44,41.97,10544580.112,-23931203.116,3942132.9359999998,2231.4906699999997,479.04073000000005,-3150.87874,2020-03-25 11:44:41.970,387473793.47668666,121780725.12074046,15378743.747252947,148642636162.9774,11974202495.31418,5189908472.147855,58933.48937465277
46,2020,3,25,11,59,41.97,12455141.063,-23292660.726,1080213.558,2007.9714000000001,937.97317,-3199.6905899999997,2020-03-25 11:59:41.970,387214375.0578218,122539009.63495041,15727758.291302208,148640723479.0705,11998808018.530916,5200575182.097123,58933.49979131943
46,2020,3,25,12,14,41.97,14148327.182,-22247610.661,-1800552.062,1749.13607,1381.04986,-3192.6761500000002,2020-03-25 12:14:41.970,386953097.6695009,123296696.77702002,16076697.111481316,148638805962.70886,12023413146.232521,5211241722.831301,58933.5102079861
46,2020,3,25,12,29,41.97,15594341.568,-20813899.515,-4649848.967,1459.50537,1800.37837,-3129.84739,2020-03-25 12:29:41.970,386689962.49048686,124053782.81231622,16425558.496552387,148636883614.01187,12048017877.581161,5221908093.986066,58933.52062465277
46,2020,3,25,12,44,41.97,16767723.454,-19016305.075,-7417833.206,1144.1795100000002,2188.47386,-3012.23847,2020-03-25 12:44:41.970,386424970.7075671,124810264.00847289,16774340.735453907,148634956433.09906,12072622211.739094,5232574295.197128,58933.53104131943
46,2020,3,25,12,59,41.97,17647827.418,-16886102.156,-10056047.012,808.742,2538.40721,-2841.89136,2020-03-25 12:59:41.970,386158123.5155502,125566136.63540311,17123042.117306262,148633024420.0901,12097226147.86859,5243240326.100197,58933.5414579861
46,2020,3,25,13,14,41.97,18219210.785,-14460499.775,-12518310.99,459.15227,2843.9422,-2621.8192400000003,2020-03-25 13:14:41.970,385889422.1172633,126321396.96531159,17471660.93141734,148631087575.10504,12121829685.132008,5253906186.330997,58933.55187465277
46,2020,3,25,13,29,41.97,18471920.219,-11781961.178,-14761573.700000001,101.62953,3099.658,-2355.94857,2020-03-25 13:29:41.970,385618867.72354794,127076041.27270691,17820195.46728807,148629145898.2642,12146432822.69174,5264571875.525272,58933.56229131943
46,2020,3,25,13,44,41.97,18401671.099999998,-8897421.425,-16746700.021,-257.46886,3301.05387,-2049.0413,2020-03-25 13:44:41.970,385346461.55325776,127830065.83441368,18168644.01461802,148627199389.68796,12171035559.710258,5275237393.318775,58933.5727079861
46,2020,3,25,13,59,41.97,18009916.128000002,-5857419.8379999995,-18439181.331,-611.77137,3444.63329,-1706.59934,2020-03-25 13:59:41.970,385072204.8332545,128583466.92958495,18517004.863310922,148625248049.49734,12195637895.350063,5285902739.347277,58933.58312465277
46,2020,3,25,14,14,41.97,17303802.439999998,-2715166.6489999997,-19809752.743,-955.0155,3527.96579,-1334.754,2020-03-25 14:14:41.970,384796098.7984057,129336240.83971423,18865276.303480286,148623291877.81332,12220239828.773726,5296567913.246558,58933.59354131943
46,2020,3,25,14,29,41.97,16296019.441,474435.462,-20834905.246,-1281.16699,3549.72526,-940.1435799999999,2020-03-25 14:29:41.970,384518144.69158006,130088383.84864798,19213456.625454914,148621330874.75708,12244841359.143862,5307232914.652418,58933.6039579861
46,2020,3,25,14,44,41.97,15004542.178,3655793.635,-21497283.528,-1584.53226,3509.70454,-529.7823000000001,2020-03-25 14:44:41.970,384238343.7636459,130839892.24259786,19561544.1197845,148619365040.45013,12269442485.623169,5317897743.20067,58933.61437465277
46,2020,3,25,14,59,41.97,13452277.521,6773629.668,-21785963.342,-1859.8616,3408.80667,-110.92427,2020-03-25 14:59:41.970,383956697.27346593,131590762.31015284,19909537.077245146,148617394375.0144,12294043207.374357,5328562398.527143,58933.62479131943
46,2020,3,25,15,14,41.97,11666622.466999998,9773966.897,-21696605.373999998,-2102.44093,3249.01399,309.07437,2020-03-25 15:14:41.970,383673206.48789597,132340990.34229128,20257433.78884494,148615418878.57193,12318643523.560232,5339226880.2676735,58933.6352079861
46,2020,3,25,15,29,41.97,9678945.51,12605079.873,-21231485.544,-2308.1707699999997,3033.3367,722.89167,2020-03-25 15:29:41.970,383387872.6817803,133090572.63239351,20605232.545829564,148613438551.24496,12343243433.343637,5349891188.058121,58933.64562465277
46,2020,3,25,15,44,41.97,7524003.2639999995,15218389.311999999,-20399404.474999998,-2473.63106,2765.74304,1123.37169,2020-03-25 15:44:41.970,383100697.1379483,133839505.47625376,20952931.639687788,148611453393.1561,12367842935.88748,5360555321.534351,58933.65604131943
46,2020,3,25,15,59,41.97,5239305.272,17569286.864,-19215481.296,-2596.1313600000003,2451.07359,1503.64933,2020-03-25 15:59:41.970,382811681.14721173,134587785.17209265,21300529.362157047,148609463404.42798,12392442030.354717,5371219280.332256,58933.6664579861
46,2020,3,25,16,14,41.97,2864440.345,19617876.563,-17700839.107,-2673.7461599999997,2094.94226,1857.2659600000002,2020-03-25 16:14:41.970,382520826.00836134,135335408.02056888,21648024.005228955,148607468585.18378,12417040715.90836,5381883064.087732,58933.67687465277
46,2020,3,25,16,29,41.97,440377.75,21329622.195,-15882191.154,-2705.3355300000003,1703.6267,2178.27414,2020-03-25 16:29:41.970,382228133.02816284,136082370.32479215,21995413.86115495,148605468935.54684,12441638991.711504,5392546672.4367,58933.68729131943
46,2020,3,25,16,44,41.97,-1991243.7219999998,22675892.269,-13791338.116,-2690.5515,1283.95076,2461.33027,2020-03-25 16:44:41.970,381933603.52135485,136828668.39033478,22342697.222451784,148603464455.6407,12466236856.927258,5403210105.01508,58933.6977079861
46,2020,3,25,16,59,41.97,-4388826.375,23634396.636,-11464587.876,-2629.83111,843.16166,2701.7740799999997,2020-03-25 16:59:41.970,381637238.8106434,137574298.52524418,22689872.381907046,148601455145.58908,12490834310.718817,5413873361.458828,58933.70812465277
46,2020,3,25,17,14,41.97,-6711512.217999999,24189511.006,-8942109.783,-2524.37689,388.80409,2895.6946399999997,2020-03-25 17:14:41.970,381339040.2267007,138319257.04005465,23036937.63258476,148599441005.51605,12515431352.24943,5424536441.4039,58933.71854131943
46,2020,3,25,17,29,41.97,-8919858.831,24332487.665,-6267235.73,-2376.12598,-71.40643,3039.9825699999997,2020-03-25 17:29:41.970,381039009.1081606,139063540.2478004,23383891.267830957,148597422035.54608,12540027980.682402,5435199344.486272,58933.7289579861
46,2020,3,25,17,44,41.97,-10976482.716,24061552.53,-3485720.404,-2187.70897,-529.70922,3132.3685600000003,2020-03-25 17:44:41.970,380737146.80161494,139807144.4640265,23730731.581279147,148595398235.80353,12564624195.1811,5445862070.341934,58933.73937465277
46,2020,3,25,17,59,41.97,-12846661.419,23381890.273000002,-644972.948,-1962.39962,-978.42124,3171.44843,2020-03-25 17:59:41.970,380433454.6616107,140550066.00680232,24077456.866855916,148593369606.41336,12589219994.908924,5456524618.606898,58933.74979131943
46,2020,3,25,18,14,41.97,-14498886.753999999,22305520.632,2206728.085,-1704.0566800000001,-1410.05585,3156.69529,2020-03-25 18:14:41.970,380127934.0506467,141292301.19673246,24424065.418786418,148591336147.5006,12613815379.029377,5467186988.917181,58933.7602079861
46,2020,3,25,18,29,41.97,-15905362.457999999,20851070.191,5021025.007999999,-1417.05876,-1817.43622,3088.45912,2020-03-25 18:29:41.970,379820586.33916897,142033846.35697007,24770555.53160003,148589297859.1905,12638410346.705984,5477849180.908825,58933.77062465277
46,2020,3,25,18,44,41.97,-17042440.567,19043444.875,7750265.54,-1106.23343,-2193.80237,2967.95449,2020-03-25 18:44:41.970,379511412.9055688,142774697.81322804,25116925.50013576,148587254741.60867,12663004897.102335,5488511194.217883,58933.78104131943
46,2020,3,25,18,59,41.97,-17890991.675,16913409.242000002,10348271.168,-776.78136,-2532.91112,2797.23703,2020-03-25 18:59:41.970,379200415.1361783,143514851.8937918,25463173.61954787,148585206794.8809,12687599029.38209,5499173028.48042,58933.7914579861
46,2020,3,25,19,14,41.97,-18436705.071,14497079.299999999,12771079.42,-434.19648,-2829.12819,2579.1690799999997,2020-03-25 19:14:41.970,378887594.42526656,144254304.92953056,25809298.185311403,148583154019.13336,12712192742.70897,5509834683.332528,58933.80187465277
46,2020,3,25,19,29,41.97,-18670315.463,11835336.219999999,14977650.638999999,-84.18282,-3077.51181,2317.3751899999997,2020-03-25 19:29:41.970,378572952.1750373,144993053.253911,26155297.4932277,148581096414.4923,12736786036.246729,5520496158.410302,58933.81229131943
46,2020,3,25,19,44,41.97,-18587753.689,8973168.816,16930530.318,267.43114,-3273.8873000000003,2016.188,2020-03-25 19:44:41.970,378256489.79562443,145731093.20300782,26501169.839429956,148579033981.08438,12761378909.159208,5531157453.349864,58933.8227079861
46,2020,3,25,19,59,41.97,-18190219.483,5958953.219,18596458.474999998,614.7799200000001,-3414.91194,1680.5847199999998,2020-03-25 19:59:41.970,377938208.7050888,146468421.11551648,26846913.520388726,148576966719.03625,12785971360.610308,5541818567.787344,58933.83312465277
46,2020,3,25,20,14,41.97,-17484174.943,2843678.722,19946917.962,952.04968,-3498.12964,1316.11501,2020-03-25 20:14:41.970,377618110.3294142,147205033.3327653,27192526.832917493,148574894628.47522,12810563389.763968,5552479501.3588915,58933.84354131943
46,2020,3,25,20,29,41.97,-16481258.023999998,-319870.67000000004,20958613.954,1273.56719,-3522.0145700000003,928.82029,2020-03-25 20:29:41.970,377296196.10250497,147940926.19872782,27538008.074178226,148572817709.5283,12835154995.78419,5563140253.700673,58933.8539579861
46,2020,3,25,20,44,41.97,-15198116.056,-3477968.7399999998,21613877.283999998,1573.88842,-3486.00306,525.1451900000001,2020-03-25 20:44:41.970,376972467.46618044,148676096.06003433,27883355.541686773,148570735962.3234,12859746177.835066,5573800824.448871,58933.86437465277
46,2020,3,25,20,59,41.97,-13656160.025999999,-6576822.7299999995,21900984.704,1847.88587,-3390.51303,111.84165,2020-03-25 20:59:41.970,376646925.8701737,149410539.2659843,28228567.533318643,148568649386.9881,12884336935.0807,5584461213.239681,58933.87479131943
46,2020,3,25,21,14,41.97,-11881241.241,-9563460.441,21814389.696999997,2090.8336,-3236.94986,-304.13383999999996,2020-03-25 21:14:41.970,376319572.77212596,150144252.16855857,28573642.34731425,148566557983.65067,12908927266.685297,5595121419.709326,58933.8852079861
46,2020,3,25,21,29,41.97,-9903252.951000001,-12386616.316,21354858.106,2298.4886800000004,-3027.69806,-715.72885,2020-03-25 21:29:41.970,375990409.63758415,150877231.12243098,28918578.282284647,148564461752.43933,12933517171.813114,5605781443.494024,58933.89562465277
46,2020,3,25,21,44,41.97,-7755660.6680000005,-14997603.166000001,20529503.711000003,2467.16798,-2766.0976,-1115.90853,2020-03-25 21:44:41.970,375659437.93999654,151609472.48498097,29263373.637216963,148562360693.48264,12958106649.628454,5616441284.230031,58933.90604131943
46,2020,3,25,21,59,41.97,-5474966.141,-17351155.562,19351719.948000003,2593.81857,-2456.40445,-1497.77267,2020-03-25 21:59:41.970,375326659.16070956,152340972.61630535,29608026.71147993,148560254806.90958,12982695699.295696,5627100941.553612,58933.9164579861
46,2020,3,25,22,14,41.97,-3100111.378,-19406230.244999997,17841005.270000003,2676.08027,-2103.73452,-1854.67467,2020-03-25 22:14:41.970,374992074.78896415,153071727.87923023,29952535.804829463,148558144092.84894,13007284319.979269,5637760415.101046,58933.92687465277
46,2020,3,25,22,29,41.97,-671830.582,-21126748.585,16022681.303,2712.33852,-1713.9908699999999,-2180.34045,2020-03-25 22:29:41.970,374655686.3218916,153801734.63932344,30296899.21741408,148556028551.43045,13031872510.843666,5648419704.508629,58933.93729131943
46,2020,3,25,22,44,41.97,1768040.564,-22482265.99,13927504.815,2701.76604,-1293.77427,-2468.98511,2020-03-25 22:44:41.970,374317495.2645104,154530989.26490626,30641115.24978057,148553908182.78345,13056460271.05345,5659078809.41268,58933.9477079861
46,2020,3,25,22,59,41.97,4177287.3049999997,-23448553.52,11591176.686999999,2644.35133,-850.27762,-2715.42472,2020-03-25 22:59:41.970,373977503.12972265,155259488.12706542,30985182.202879354,148551782987.03775,13081047599.773228,5669737729.44953,58933.95812465277
46,2020,3,25,23,14,41.97,6514057.49,-24008077.696,9053753.452000001,2540.9127200000003,-391.16557,-2915.1805799999997,2020-03-25 23:14:41.970,373635711.43830913,155987227.59966552,31329098.37807013,148549652964.32352,13105634496.167686,5680396464.2555275,58933.96854131943
46,2020,3,25,23,29,41.97,8737608.833,-24150365.787,6358969.490999999,2393.09658,75.55922,-3064.57301,2020-03-25 23:29:41.970,373292121.7189273,156714204.05936083,31672862.07712729,148547518114.77106,13130220959.40156,5691055013.467039,58933.9789579861
46,2020,3,25,23,44,41.97,10809047.077,-23872245.709,3553480.542,2203.35876,541.70061,-3160.80197,2020-03-25 23:44:41.970,372946735.5081062,157440413.8856071,32016471.602245532,148545378438.511,13154806988.639662,5701713376.7204485,58933.98937465277
46,2020,3,25,23,59,41.97,12692039.771,-23177951.999,686041.6410000001,1974.92892,999.02149,-3202.0117099999998,2020-03-25 23:59:41.970,372599554.3502435,158165853.46067387,32359925.2560453,148543233935.6742,13179392583.04685,5712371553.652156,58933.99979131943
46,2020,3,26,0,14,41.97,14353490.76,-22079091.131,-2193366.736,1711.75758,1439.40097,-3187.33721,2020-03-26 00:14:41.970,372250579.7976014,158890519.16965637,32703221.34157833,148541084606.39154,13203977741.788054,5723029543.89858,58934.0102079861
46,2020,3,26,0,29,41.97,15764156.635,-20594470.258,-5034436.959,1418.4471700000001,1854.99139,-3116.9301100000002,2020-03-26 00:29:41.970,371899813.41030264,159614407.40048733,33046358.162333157,148538930450.79474,13228562464.028261,5733687347.096156,58934.02062465277
46,2020,3,26,0,44,41.97,16899200.084,-18749774.802,-7787463.125999999,1100.1671900000001,2238.37377,-2991.96385,2020-03-26 00:44:41.970,371547256.75632775,160337514.5439496,33389334.02224063,148536771469.01514,13253146748.932526,5744344962.881336,58934.03104131943
46,2020,3,26,0,59,41.97,17738654.789,-16577120.255,-10404247.694,762.55666,2582.70396,-2814.61582,2020-03-26 00:59:41.970,371192911.4115097,161059836.9936873,33732147.225679405,148534607661.18445,13277730595.66597,5755002390.890597,58934.0414579861
46,2020,3,26,1,14,41.97,18267800.377,-14114471.768,-12838990.579,411.61531,2881.84827,-2588.0279100000002,2020-03-26 01:14:41.970,370836778.9595309,161781371.14621833,34074796.077481516,148532439027.43494,13302314003.393766,5765659630.76042,58934.05187465277
46,2020,3,26,1,29,41.97,18477434.928,-11404949.366,-15049131.418000001,53.58663000000001,3130.50375,-2316.24579,2020-03-26 01:29:41.970,370478860.99192005,162502113.40094617,34417278.88293774,148530265567.899,13326896971.281157,5776316682.127314,58934.06229131943
46,2020,3,26,1,44,41.97,18364039.658999998,-8496032.884,-16996128.184,-305.16429,3324.30022,-2004.1385200000002,2020-03-26 01:44:41.970,370119159.10804725,163222060.160172,34759593.94780326,148528087282.709,13351479498.49345,5786973544.627806,58934.0727079861
46,2020,3,26,1,59,41.97,17929832.591,-5438684.28,-18646155.479000002,-658.27477,3459.88151,-1657.3008300000001,2020-03-26 01:59:41.970,369757674.91512007,163941207.82910666,35101739.57830309,148525904171.99805,13376061584.19601,5797630217.898433,58934.08312465277
46,2020,3,26,2,14,41.97,17182710.903,-2286406.8619999997,-19970708.059,-999.5073199999999,3534.9641699999997,-1281.9407700000002,2020-03-26 02:14:41.970,369394410.02818066,164659552.81588235,35443714.081137575,148523716235.89896,13400643227.554274,5808286701.575762,58934.09354131943
46,2020,3,26,2,29,41.97,16136084.504,905737.746,-20947097.835,-1322.86813,3548.37261,-884.75589,2020-03-26 02:29:41.970,369029366.0701012,165377091.53156468,35785515.763487935,148521523474.54535,13425224427.733734,5818942995.296364,58934.1039579861
46,2020,3,26,2,44,41.97,14808606.025999999,4082133.573,-21558835.54,-1622.7183599999998,3500.05048,-472.80132000000003,2020-03-26 02:44:41.970,368662544.6715806,166093820.39016494,36127142.933021694,148519325888.07043,13449805183.899956,5829599098.696835,58934.11437465277
46,2020,3,26,2,59,41.97,13223804.766999999,7187614.016000001,-21795891.345,-1893.87585,3391.04888,-53.35329,2020-03-26 02:59:41.970,368293947.4711394,166809735.80865142,36468593.89789832,148517123476.6085,13474385495.21856,5840255011.413794,58934.12479131943
46,2020,3,26,3,14,41.97,11409634.152,10168444.922999999,-21654831.793,-2131.70534,3223.49255,366.22873,2020-03-26 03:14:41.970,367923576.1151175,167524834.20696196,36809866.966774486,148514916240.2933,13498965360.855238,5850910733.083878,58934.1352079861
46,2020,3,26,3,29,41.97,9397943.842999998,12973267.992999999,-21138833.377,-2332.1954800000003,3000.52583,778.63775,2020-03-26 03:29:41.970,367551432.257669,168239112.00801575,37150960.448809855,148512704179.2593,13523544779.975746,5861566263.343733,58934.14562465277
46,2020,3,26,3,44,41.97,7223888.802,15553987.234000001,-20257575.848,-2492.02178,2726.2405599999997,1176.75036,2020-03-26 03:44:41.970,367177517.56075835,168952565.63772482,37491872.653672256,148510487293.64105,13548123751.745897,5872221601.830027,58934.15604131943
46,2020,3,26,3,59,41.97,4925288.321,17866583.326,-19027020.733000003,-2608.5948000000003,2405.5884,1553.75036,2020-03-26 03:59:41.970,366801833.69415736,169665191.52500638,37832601.89154349,148508265583.57346,13572702275.331581,5882876748.179452,58934.1664579861
46,2020,3,26,4,14,41.97,2541948.365,19871843.06,-17469082.66,-2680.0934500000003,2044.28023,1903.24301,2020-03-26 04:14:41.970,366424382.33544034,170376986.10179478,38173146.473124675,148506039049.19135,13597280349.898745,5893531702.028711,58934.17687465277
46,2020,3,26,4,29,41.97,114960.54599999999,21535993.413,-15611202.717,-2705.48375,1648.67531,2219.3582100000003,2020-03-26 04:29:41.970,366045165.1699804,171087945.80305305,38513504.709641665,148503807690.63046,13621857974.613398,5904186463.01454,58934.18729131943
46,2020,3,26,4,44,41.97,-2314009.3419999997,22831232.283,-13485834.440000001,-2684.52337,1225.66285,2496.8413699999996,2020-03-26 04:44:41.970,365664183.8909461,171798067.0667851,38853674.912850656,148501571508.02603,13646435148.641628,5914841030.773672,58934.1977079861
46,2020,3,26,4,59,41.97,-4703430.853,23736150.221,-11129853.874,-2617.75288,782.53866,2731.1310999999996,2020-03-26 04:59:41.970,365281440.1992958,172507346.33404738,39193655.39504364,148499330501.51404,13671011871.14957,5925495404.942877,58934.20812465277
46,2020,3,26,5,14,41.97,-7012604.932,24236039.684,-8583905.801,-2506.47476,326.87896,2918.42335,2020-03-26 05:14:41.970,364896935.8037758,173215780.04896122,39533444.46905389,148497084671.23062,13695588141.303444,5936149585.158933,58934.21854131943
46,2020,3,26,5,29,41.97,-9202335.86,24323090.402000003,-5891698.455,-2352.72102,-133.58628,3055.72175,2020-03-26 05:29:41.970,364510672.42091495,173923364.65872395,39873040.448261425,148494834017.31198,13720163958.269514,5946803571.058644,58934.2289579861
46,2020,3,26,5,44,41.97,-11235569.448,23996471.191,-3099259.1149999998,-2159.21076,-591.09864,3140.87423,2020-03-26 05:44:41.970,364122651.7750208,174630096.61362153,40212441.646598555,148492578539.89474,13744739321.214134,5957457362.278832,58934.23937465277
46,2020,3,26,5,59,41.97,-13077988.945999999,23262300.157,-254162.733,-1929.29881,-1037.9937400000001,3172.59636,2020-03-26 05:59:41.970,363732875.59817576,175335972.36704022,40551646.378555305,148490318239.11575,13769314229.303717,5968110958.456334,58934.24979131943
46,2020,3,26,6,14,41.97,-14698561.089000002,22133506.584,2595254.5220000003,-1666.91652,-1466.81928,3150.48167,2020-03-26 06:14:41.970,363341345.63023347,176040988.3754779,40890652.959184855,148488053115.11206,13793888681.704721,5978764359.228008,58934.2602079861
46,2020,3,26,6,29,41.97,-16070025.777999999,20629588.919,5400685.427,-1376.50586,-1870.4476699999998,3074.9996,2020-03-26 06:29:41.970,362948063.6188138,176745141.09855685,41229459.70410921,148485783168.02097,13818462677.58371,5989417564.230739,58934.27062465277
46,2020,3,26,6,44,41.97,-17169323.781999998,18776274.239,8114634.648999999,-1062.94777,-2242.18222,2947.48164,2020-03-26 06:44:41.970,362553031.3193,177448426.99903473,41568064.92952448,148483508397.98013,13843036216.107275,6000070573.101417,58934.28104131943
46,2020,3,26,6,59,41.97,-17977957.758,16605085.365999999,10691184.111,-731.48575,-2575.8560300000004,2770.09622,2020-03-26 06:59:41.970,362156250.49483347,178150842.5428171,41906466.9522064,148481228805.12726,13867609296.442106,6010723385.476965,58934.2914579861
46,2020,3,26,7,14,41.97,-18482282.674,14152822.473,13086730.942,-387.64552000000003,-2865.9230199999997,2545.813,2020-03-26 07:14:41.970,361757722.91631055,178852384.19896865,42244664.08951587,148478944389.60062,13892181917.754934,6021376000.994315,58934.30187465277
46,2020,3,26,7,29,41.97,-18673722.446,11460966.614,15260688.657000002,-37.15156,-3107.54032,2278.35695,2020-03-26 07:29:41.970,361357450.3623776,179553048.43972576,42582654.659404464,148476655151.53824,13916754079.212578,6032028419.290423,58934.31229131943
46,2020,3,26,7,44,41.97,-18548910.298,8575013.124,17176142.698,314.15885,-3296.64158,1972.15291,2020-03-26 07:44:41.970,360955434.619428,180252831.74050763,42920436.98041969,148474361091.07898,13941325779.981907,6042680640.002268,58934.3227079861
46,2020,3,26,7,59,41.97,-18109750.961999997,5543743.4059999995,18800451.89,660.42324,-3430.0005300000003,1632.26093,2020-03-26 07:59:41.970,360551677.48159677,180951730.5799288,43258009.371710755,148472062208.36157,13965897019.229874,6053332662.766849,58934.33312465277
46,2020,3,26,8,14,41.97,-17363403.492000002,2418444.134,20105787.726999998,995.84264,-3505.28415,1264.30284,2020-03-26 08:14:41.970,360146180.7507574,181649741.43981,43595370.153033845,148469758503.52496,13990467796.123487,6063984487.221179,58934.34354131943
46,2020,3,26,8,29,41.97,-16322184.08,-747916.488,21069603.832000002,1314.77052,-3521.09477,874.38057,2020-03-26 08:29:41.970,359738946.2365181,182346860.8051909,43932517.64475763,148467449976.70847,14015038109.82983,6074636113.002288,58934.3539579861
46,2020,3,26,8,44,41.97,-15003388.967999998,-3901545.0949999997,21675028.287,1611.80129,-3477.00038,468.98655,2020-03-26 08:44:41.970,359329975.75621575,183043085.1643417,44269450.16786878,148465136628.05176,14039607959.516056,6085287539.747243,58934.36437465277
46,2020,3,26,8,59,41.97,-13429038.314,-6988701.166,21911171.994,1881.85729,-3373.55226,54.906780000000005,2020-03-26 08:59:41.970,358919271.1349136,183738411.00877458,44606166.04397738,148462818457.69467,14064177344.349377,6095938767.093109,58934.37479131943
46,2020,3,26,9,14,41.97,-11625542.737,-9956584.833999999,21773346.764000002,2120.27344,-3212.28899,-360.88271,2020-03-26 09:14:41.970,358506834.2053967,184432834.83325568,44942663.595322445,148460495465.77704,14088746263.497084,6106589794.676991,58934.3852079861
46,2020,3,26,9,29,41.97,-9623295.271000002,-12754221.921,21263187.526,2322.87812,-2995.7260699999997,-771.32525,2020-03-26 09:29:41.970,358092666.8081671,185126353.1358172,45278941.14477734,148458167652.4394,14113314716.126514,6117240622.136,58934.39562465277
46,2020,3,26,9,44,41.97,-7456192.603,-15333332.786,20388673.884,2486.06921,-2727.33027,-1169.39757,2020-03-26 09:44:41.970,357676770.7914405,185818962.41776848,45614997.015855305,148455835017.8223,14137882701.405115,6127891249.107271,58934.40604131943
46,2020,3,26,9,59,41.97,-5161090.75,-17649170.887000002,19164047.397,2606.8835,-2411.47784,-1548.22724,2020-03-26 09:59:41.970,357259148.0111408,186510659.18370873,45950829.532714866,148453497562.06647,14162450218.500378,6138541675.227972,58934.4164579861
46,2020,3,26,10,14,41.97,-2777201.751,-19661316.36,17609622.297000002,2683.05806,-2053.39624,-1901.21174,2020-03-26 10:14:41.970,356839800.3308983,187201439.94153792,46286437.0201653,148451155285.3129,14187017266.579845,6149191900.135265,58934.42687465277
46,2020,3,26,10,29,41.97,-345439.441,-21334409.588,15751489.009000001,2713.08172,-1659.08909,-2222.13726,2020-03-26 10:29:41.970,356418729.6220423,187891301.20246917,46621817.80367214,148448808187.70294,14211583844.811169,6159841923.466359,58934.43729131943
46,2020,3,26,10,44,41.97,2092276.038,-22638809.700000003,13621111.792,2696.23502,-1235.24447,-2505.29477,2020-03-26 10:44:41.970,355995937.7635996,188580239.48104,46956970.20936257,148446456269.37823,14236149952.362034,6170491744.858468,58934.4477079861
46,2020,3,26,10,59,41.97,4493743.838,-23551163.305999998,11254824.001999998,2632.61688,-789.1272700000001,-2745.591,2020-03-26 10:59:41.970,355571426.64228874,189268251.29512462,47291892.56403092,148444099530.48038,14260715588.400213,6181141363.948836,58934.45812465277
46,2020,3,26,11,14,41.97,6817225.511,-24054869.597,8693226.881000001,2523.1566399999997,-328.45679,-2938.6513600000003,2020-03-26 11:14:41.970,355145198.1525163,189955333.16594535,47626583.19514422,148441737971.15164,14285280752.09356,6191790780.374721,58934.46854131943
46,2020,3,26,11,29,41.97,9022191.777,-24140429.327000003,5980500.316,2369.60995,138.72854,-3080.91221,2020-03-26 11:29:41.970,354717254.19637275,190641481.61808446,47961040.43084745,148439371591.53412,14309845442.609968,6202439993.773404,58934.4789579861
46,2020,3,26,11,44,41.97,11070058.175,-23805667.075000003,3163636.558,2174.5380800000003,604.2170100000001,-3169.6993199999997,2020-03-26 11:44:41.970,354287596.6836273,191326693.1794959,48295262.599969134,148437000391.77048,14334409659.11742,6213089003.782188,58934.48937465277
46,2020,3,26,11,59,41.97,12924894.257,-23055818.636,291610.385,1941.26981,1059.77696,-3203.2902,2020-03-26 11:59:41.970,353856227.5317255,192010964.38151705,48629248.03202681,148434624372.00333,14358973400.783974,6223737810.038396,58934.49979131943
46,2020,3,26,12,14,41.97,14554090.852,-21903478.318,-2585498.607,1673.84639,1497.31417,-3180.9578100000003,2020-03-26 12:14:41.970,353423148.66578275,192694291.7588805,48962995.05723245,148432243532.37595,14383536666.777754,6234386412.179371,58934.5102079861
46,2020,3,26,12,29,41.97,15928970.352,-20368404.237999998,-5417413.989,1376.9501799999998,1909.02934,-3102.9939,2020-03-26 12:29:41.970,352988362.0185815,193376671.8497256,49296502.006497845,148429857873.0315,14408099456.266937,6245034809.842478,58934.52062465277
46,2020,3,26,12,44,41.97,17025325.917,-18477183.303000003,-8154581.7930000005,1055.8183299999998,2287.57172,-2970.71063,2020-03-26 12:44:41.970,352551869.53056675,194058101.1956106,49629767.21144015,148427467394.11337,14432661768.4198,6255683002.665108,58934.53104131943
46,2020,3,26,12,59,41.97,17823876.941999998,-16262761.25,-10749081.332,716.1433499999999,2626.18471,-2786.42007,2020-03-26 12:59:41.970,352113673.1498409,194738576.3415237,49962789.00438733,148425072095.76562,14457223602.40466,6266330990.284664,58934.5414579861
46,2020,3,26,13,14,41.97,18310630.115,-13763846.787,-13155507.610000001,363.96319,2918.8394,-2553.3917,2020-03-26 13:14:41.970,351673774.8321605,195418093.8358957,50295565.718383566,148422671978.132,14481784957.38994,6276978772.338581,58934.55187465277
46,2020,3,26,13,29,41.97,18477137.731,-11024202.242999999,-15331805.917,5.54336,3160.3526199999997,-2275.78886,2020-03-26 13:29:41.970,351232176.54093117,196096650.23061055,50628095.68719466,148420267041.3569,14506345832.544106,6287626348.464306,58934.56229131943
46,2020,3,26,13,44,41.97,18320647.621,-8091836.208,-17240040.389999997,-352.74557,3346.4862700000003,-1958.5858899999998,2020-03-26 13:44:41.970,350788880.24720395,196774242.08101812,50960377.24531371,148417857285.58484,14530906227.03571,6298273718.2993145,58934.5727079861
46,2020,3,26,13,59,41.97,17844141.883,-5018116.057999999,-18847080.138,-704.55198,3474.0256600000002,-1607.46825,2020-03-26 13:59:41.970,350343887.9296704,197450865.94594538,51292408.72796619,148415442710.96054,14555466140.033361,6308920881.481097,58934.58312465277
46,2020,3,26,14,14,41.97,17056264.503,-1856820.1590000002,-20125188.832,-1043.66558,3540.83505,-1228.71835,2020-03-26 14:14:41.970,349897201.5746581,198126518.38770795,51624188.47111571,148413023317.6291,14580025570.705763,6319567837.647177,58934.59354131943
46,2020,3,26,14,29,41.97,15971140.786,1336849.341,-21052506.403,-1364.13503,3545.88955,-829.09054,2020-03-26 14:29:41.970,349448823.1761267,198801195.9721225,51955714.81146935,148410599105.73553,14604584518.221668,6330214586.435082,58934.6039579861
46,2020,3,26,14,44,41.97,14608094.1,4507271.774,-21613414.447,-1660.37802,3489.28342,-415.67828000000003,2020-03-26 14:44:41.970,348998754.73566425,199474895.2685175,52286986.08648305,148408170075.4257,14629142981.749926,6340861127.482381,58934.61437465277
46,2020,3,26,14,59,41.97,12991267.773,7599410.1620000005,-21798780.044999998,-1927.2816,3372.21517,4.222700000000001,2020-03-26 14:59:41.970,348546998.2624808,200147612.8497454,52618000.63436708,148405736226.8451,14653700960.459429,6351507460.426647,58934.62479131943
46,2020,3,26,15,14,41.97,11149161.932,10559790.144000001,-21606075.777,-2160.29063,3196.9509199999998,423.25209,2020-03-26 15:14:41.970,348093555.77340573,200819345.29219443,52948756.79409164,148403297560.13986,14678258453.51916,6362153584.905495,58934.6352079861
46,2020,3,26,15,29,41.97,9114096.594,13337436.783,-21039376.653,-2355.48299,2966.76784,834.12032,2020-03-26 15:29:41.970,347638429.2928833,201490089.17580017,53279252.905392,148400854075.45605,14702815460.098177,6372799500.556542,58934.64562465277
46,2020,3,26,15,44,41.97,6921613.415,15884752.270000001,-20109237.376000002,-2509.6305399999997,2685.8797600000003,1229.73878,2020-03-26 15:44:41.970,347181620.85296726,202159841.08405697,53609487.30877417,148398405772.94034,14727371979.365604,6383445207.01744,58934.65604131943
46,2020,3,26,15,59,41.97,4609829.185,18158319.656,-18832455.731,-2620.24534,2359.34758,1603.34223,2020-03-26 15:59:41.970,346723132.4933169,202828597.6040301,53939458.345520385,148395952652.73932,14751928010.490643,6394090703.925855,58934.6664579861
46,2020,3,26,16,14,41.97,2218754.4250000003,20119620.106,-17231729.938,-2685.61105,1992.97716,1948.60174,2020-03-26 16:14:41.970,346262966.26119304,203496355.32636675,54269164.3576942,148393494715.00006,14776483552.642555,6404735990.919487,58934.67687465277
46,2020,3,26,16,29,41.97,-210409.63999999998,21735653.556,-15335219.408000002,-2704.7996200000002,1593.20724,2259.72618,2020-03-26 16:29:41.970,345801124.21145326,204163110.8453083,54598603.68814635,148391031959.8698,14801038604.990694,6415381067.636045,58934.68729131943
46,2020,3,26,16,44,41.97,-2635982.858,22979455.119999997,-13176019.616,-2677.67414,1166.99024,2531.55142,2020-03-26 16:44:41.970,345337608.4065472,204828860.75870165,54927774.68051994,148388564387.496,14825593166.704477,6426025933.713267,58934.6977079861
46,2020,3,26,16,59,41.97,-5016514.398,23830501.857,-10791562.684,-2604.8783399999998,721.6682500000001,2759.61612,2020-03-26 16:59:41.970,344872420.91651237,205493601.6680108,55256675.67925589,148386091998.0264,14850147236.953392,6436670588.788914,58934.70812465277
46,2020,3,26,17,14,41.97,-7311476.048,24275006.753000002,-8222955.78,-2487.8140000000003,264.84676,2940.22406,2020-03-26 17:14:41.970,344405563.8189697,206157330.17832893,55585305.02959848,148383614791.60883,14874700814.907011,6447315032.500771,58934.71854131943
46,2020,3,26,17,29,41.97,-9481930.057,24306098.716000002,-5514269.71,-2328.6072299999996,-195.73203,3070.49254,2020-03-26 17:29:41.970,343937039.1991194,206820042.8983897,55913661.07760067,148381132768.39166,14899253899.73497,6457959264.486644,58934.7289579861
46,2020,3,26,17,44,41.97,-11491162.046,23923889.174,-2711790.059,-2130.0647000000004,-652.31425,3148.3872100000003,2020-03-26 17:44:41.970,343466849.1497354,207481736.44057855,56241742.170129634,148378645928.52332,14923806490.60699,6468603284.384357,58934.73937465277
46,2020,3,26,17,59,41.97,-13305270.543000001,23135427.415,136756.973,-1895.62121,-1097.2562699999999,3172.74354,2020-03-26 17:59:41.970,342994995.77116257,208142407.42094523,56569546.654872075,148376154272.15234,14948358586.692846,6479247091.831764,58934.74979131943
46,2020,3,26,18,14,41.97,-14893705.757,21954548.126000002,2982992.226,-1629.27954,-1523.14219,3143.27544,2020-03-26 18:14:41.970,342521481.1713103,208802052.45921457,56897072.88033977,148373657799.4281,14972910187.162418,6489890686.466739,58934.7602079861
46,2020,3,26,18,29,41.97,-16229751.174999999,20401615.680999998,5778673.415,-1335.5437,-1922.89561,3060.5715299999997,2020-03-26 18:29:41.970,342046307.4656496,209460668.1787985,57224319.19587491,148371156510.4993,14997461291.185627,6500534067.927179,58934.77062465277
46,2020,3,26,18,44,41.97,-17290942.529,18503170.703,8476476.276999999,-1019.34664,-2289.8848900000003,2926.07973,2020-03-26 18:44:41.970,341569476.7772073,210118251.20680782,57551283.95165561,148368650405.51572,15022011897.932495,6511177235.851009,58934.78104131943
46,2020,3,26,18,59,41.97,-18059419.511,16291485.140999999,11030756.769,-685.97326,-2618.0210599999996,2742.08061,2020-03-26 18:59:41.970,341090991.2365633,210774798.1740633,57877965.498701304,148366139484.62683,15046562006.573116,6521820189.876166,58934.7914579861
46,2020,3,26,19,14,41.97,-18522206.450000003,13804032.8,13398284.518000001,-340.97966,-2901.84769,2511.65027,2020-03-26 19:14:41.970,340610852.98184353,211430305.71510786,58204362.18887809,148363623747.98267,15071111616.277641,6532462929.640618,58934.80187465277
46,2020,3,26,19,29,41.97,-18671418.84,11082882.828,15538938.270000001,9.890740000000001,-3136.62212,2238.61308,2020-03-26 19:29:41.970,340129064.1587178,212084770.4682176,58530472.37490433,148361103195.7335,15095660726.216309,6543105454.78236,58934.81229131943
46,2020,3,26,19,44,41.97,-18504393.316999998,8174024.188999999,17416354.505,360.79335000000003,-3318.3875,1927.48494,2020-03-26 19:44:41.970,339645626.9203937,212738189.075414,58856294.41035595,148358577828.02957,15120209335.559444,6553747764.9394,58934.8227079861
46,2020,3,26,19,59,41.97,-18023739.294999998,5126629.703,18998520.827,705.8702,-3444.03498,1583.40741,2020-03-26 19:59:41.970,339160543.42761314,213390558.18247527,59181826.64967188,148356047645.02167,15144757443.477417,6564389859.749777,58934.83312465277
46,2020,3,26,20,14,41.97,-17237311.106000002,1992268.7550000001,20258306.122,1039.33871,-3511.3554200000003,1212.0731,2020-03-26 20:14:41.970,338673815.84864646,214041874.4389477,59507067.44815954,148353512646.8607,15169305049.14071,6575031738.85155,58934.84354131943
46,2020,3,26,20,29,41.97,-16158100.13,-1175921.576,21173919.851999998,1355.5806,-3519.07997,819.64287,2020-03-26 20:29:41.970,338185446.35928947,214692134.49815756,59832015.162000164,148350972833.6978,15193852151.719864,6585673401.88281,58934.8539579861
46,2020,3,26,20,44,41.97,-14804047.103,-4324096.588,21729293.251,1649.23021,-3466.9087200000004,412.65519,2020-03-26 20:44:41.970,337695437.14285785,215341335.01722252,60156668.148254305,148348428205.6844,15218398750.38548,6596314848.481657,58934.86437465277
46,2020,3,26,20,59,41.97,-13197775.573,-7398584.096,21914375.661999997,1915.26122,-3355.5264899999997,-2.07173,2020-03-26 20:59:41.970,337203790.3901823,215989472.65706348,60481024.76486731,148345878762.9721,15242944844.308268,6606956078.286226,58934.87479131943
46,2020,3,26,21,14,41.97,-11366248.35,-10346772.737,21725339.786000002,2149.07089,-3186.60501,-417.54431,2020-03-26 21:14:41.970,336710508.2996049,216636544.08241582,60805083.370674565,148343324505.71283,15267490432.658993,6617597090.934679,58934.8852079861
46,2020,3,26,21,29,41.97,-9340349.837,-13117995.709,21164690.344,2346.56033,-2962.79047,-826.70373,2020-03-26 21:29:41.970,336215593.07697403,217282545.96184126,61128842.325407095,148340765434.05884,15292035514.608501,6628237886.0651865,58934.89562465277
46,2020,3,26,21,44,41.97,-7154398.265,-15664396.475,20241271.535,2504.2097,-2687.67574,-1222.5405,2020-03-26 21:44:41.970,335719046.93563956,217927474.96773925,61452299.98969688,148338201548.1623,15316580089.327713,6638878463.315956,58934.90604131943
46,2020,3,26,21,59,41.97,-4845593.182,-17941762.204,18970169.815,2619.14668,-2365.7563800000003,-1598.2122299999999,2020-03-26 21:59:41.970,335220872.0964484,218571327.77635857,61775454.7250823,148335632848.17593,15341124155.987629,6649518822.325211,58934.9164579861
46,2020,3,26,22,14,41.97,-2453404.953,-19910310.211,17372509.937,2689.2065700000003,-2002.3701100000003,-1947.16274,2020-03-26 22:14:41.970,334721070.7877402,219214101.06780902,62098304.89401362,148333059334.2527,15365667713.75934,6660158962.731213,58934.92687465277
46,2020,3,26,22,29,41.97,-18914.563000000002,-21535412.349,15475143.865,2712.98233,-1603.6194500000001,-2263.24066,2020-03-26 22:29:41.970,334219645.2453425,219855791.5260729,62420848.859858334,148330481006.54565,15390210761.81398,6670798884.172231,58934.93729131943
46,2020,3,26,22,44,41.97,2415886.442,-22788242.303999998,13310234.154,2689.86283,-1176.27784,-2540.81493,2020-03-26 22:44:41.970,333716597.71256554,220496395.83901656,62743084.98690657,148327897865.2082,15414753299.322796,6681438586.286568,58934.9477079861
46,2020,3,26,22,59,41.97,4808824.507,-23646331.18,10914735.624000002,2620.05767,-727.6799000000001,-2774.8848599999997,2020-03-26 22:59:41.970,333211930.44019866,221135910.6984017,63065011.6403766,148325309910.3939,15439295325.4571,6692078068.712546,58934.95812465277
46,2020,3,26,23,14,41.97,7118288.34,-24094017.675,8329781.562,2504.60705,-265.59716,-2961.18175,2020-03-26 23:14:41.970,332705645.68650466,221774332.79989782,63386627.18642016,148322717142.2566,15463836839.388268,6702717331.088524,58934.96854131943
46,2020,3,26,23,29,41.97,9303974.92,-24122780.559,5599983.25,2345.37562,201.89883,-3096.25942,2020-03-26 23:29:41.970,332197745.71721554,222411658.84309268,63707929.992127985,148320119560.95038,15488377840.28778,6713356373.052866,58934.9789579861
46,2020,3,26,23,44,41.97,11327622.358000001,-23731443.165,2772654.156,2145.02931,666.58357,-3177.57063,2020-03-26 23:44:41.970,331688232.8055285,223047885.5315043,64028918.42553508,148317517166.62964,15512918327.327171,6723995194.243973,58934.98937465277
46,2020,3,26,23,59,41.97,13153714.234,-22926242.094,-103027.417,1906.99506,1120.2337300000002,-3203.52702,2020-03-26 23:59:41.970,331177109.2320999,223683009.57259294,64349590.85562633,148314909959.44904,15537458299.67807,6734633794.300274,58934.99979131943
46,2020,3,27,0,14,41.97,14750140.434,-21720754.302,-2976902.702,1635.40345,1554.7849,-3173.54011,2020-03-27 00:14:41.970,330664377.2850418,224317027.67777163,64669945.652341634,148312297939.56342,15561997756.512169,6745272172.860212,58935.0102079861
46,2020,3,27,0,29,41.97,16088796.609000001,-20135687.333,-5798737.33,1335.0154599999998,1962.48831,-3088.04155,2020-03-27 00:29:41.970,330150039.2599164,224949936.5624188,64989981.186581634,148309681107.1276,15586536697.001257,6755910329.5622635,58935.02062465277
46,2020,3,27,0,44,41.97,17146115.803,-18198519.668,-8519149.254,1011.134,2336.0644599999996,-2948.48211,2020-03-27 00:44:41.970,329634097.4597321,225581732.9458892,65309695.83021297,148307059462.29718,15611075120.31718,6766548264.044922,58935.03104131943
46,2020,3,27,0,59,41.97,17903509.687999997,-15943016.933,-11090511.157000002,669.50315,2668.8467299999998,-2757.3078400000004,2020-03-27 00:59:41.970,329116554.19493836,226212413.5515256,65629087.95607371,148304433005.2275,15635613025.63189,6777185975.946714,58935.0414579861
46,2020,3,27,1,14,41.97,18347716.735000003,-13408618.901,-13467828.83,316.19691,2954.91325,-2517.91467,2020-03-27 01:14:41.970,328597411.7834204,226841975.1066701,65948155.93797875,148301801736.0746,15660150412.117393,6787823464.906194,58935.05187465277
46,2020,3,27,1,29,41.97,18471046.241,-10639715.866,-15609567.752999999,-42.49933,3189.2025,-2234.58216,2020-03-27 01:29:41.970,328076672.5504957,227470414.34267622,66266898.150725245,148299165654.99442,15684687278.945786,6798460730.561924,58935.06229131943
46,2020,3,27,1,44,41.97,18271513.445,-7684829.271,-17478411.287,-400.21175,3367.61004,-1912.38814,2020-03-27 01:44:41.970,327554338.8289089,228097727.99491984,66585312.97009809,148296524762.14328,15709223625.28925,6809097772.552509,58935.0727079861
46,2020,3,27,1,59,41.97,17752863.318,-4595714.812,-19041934.365000002,-750.6020100000001,3487.06378,-1557.1067,2020-03-27 01:59:41.970,327030412.9588264,228723912.80281088,66903398.77287526,148293879057.67773,15733759450.32004,6819734590.516576,58935.08312465277
46,2020,3,27,2,14,41.97,16924483.514,-1426407.974,-20273178.926,-1087.48913,3545.57638,-1175.09237,2020-03-27 02:14:41.970,326504897.28783244,229348965.509805,67221153.9368332,148291228541.75446,15758294753.210485,6830371184.092767,58935.09354131943
46,2020,3,27,2,29,41.97,15801209.733,1767766.965,-21151120.14,-1404.96621,3542.274,-773.1538,2020-03-27 02:29:41.970,325977794.1709235,229972882.86341518,67538576.8407524,148288573214.5306,15782829533.133005,6841007552.919761,58935.1039579861
46,2020,3,27,2,44,41.97,14403029.355999999,4931203.118000001,-21661015.430999998,-1697.5093299999999,3477.40136,-358.42025,2020-03-27 02:44:41.970,325449105.9705044,230595661.61522287,67855665.86442253,148285913076.1634,15807363789.26009,6851643696.636261,58935.11437465277
46,2020,3,27,2,59,41.97,12754691.46,8009011.319999999,-21794631.438,-1960.07638,3352.30386,61.79561,2020-03-27 02:59:41.970,324918835.056383,231217298.52088964,68172419.38864823,148283248126.8104,15831897520.764315,6862279614.880993,58935.12479131943
46,2020,3,27,3,14,41.97,10885233.217999998,10947994.543000001,-21550347.105,-2188.19374,3169.38811,480.13521999999995,2020-03-27 03:14:41.970,324386983.80576557,231837790.34016925,68488835.79525417,148280578366.6293,15856430726.818344,6872915307.292703,58935.1352079861
46,2020,3,27,3,29,41.97,8827434.183,13697577.783,-20933133.996,-2378.02968,2932.06283,889.32895,2020-03-27 03:29:41.970,323853554.6032526,232457133.8369181,68804913.46709067,148277903795.7783,15880963406.59491,6883550773.510174,58935.14562465277
46,2020,3,27,3,44,41.97,6617210.956,16210676.697,-19954417.599,-2526.45332,2644.66226,1282.32533,2020-03-27 03:44:41.970,323318549.8408325,233075325.7791076,69120650.78803906,148275224414.41525,15905495559.266823,6894186013.172209,58935.15604131943
46,2020,3,27,3,59,41.97,4292965.397,18444490.448,-18631825.724999998,-2631.0788700000003,2312.3547200000003,1652.41235,2020-03-27 03:59:41.970,322781971.91787857,233692362.93883562,69436046.14301707,148272540222.69897,15930027184.006983,6904821025.917638,58935.1664579861
46,2020,3,27,4,14,41.97,1894899.72,20361206.538,-16988832.053999998,-2690.29501,1941.0389400000001,1993.3288300000002,2020-03-27 04:14:41.970,322243823.2411429,234308242.09233746,69751097.91798434,148269851220.7882,15954558279.988377,6915455811.385317,58935.17687465277
46,2020,3,27,4,29,41.97,-535688.2829999999,21928607.892,-15054304.495000001,-2703.27974,1537.23093,2299.36441,2020-03-27 04:29:41.970,321704106.2247524,234922960.0199979,70065804.49994768,148267157408.84177,15979088846.38406,6926090369.214125,58935.18729131943
46,2020,3,27,4,44,41.97,-2957117.083,23120574.790999997,-12861969.189,-2670.00135,1107.9439399999999,2565.44686,2020-03-27 04:44:41.970,321162823.29020345,235536513.50636223,70380164.2769666,148264458787.0189,16003618882.367176,6936724699.04297,58935.1977079861
46,2020,3,27,4,59,41.97,-5328028.165,23917476.629,-10449801.849,-2591.2063000000003,660.56399,2787.21612,2020-03-27 04:59:41.970,320619976.86635745,236148899.3401484,70694175.63815878,148261755355.4791,16028148387.110947,6947358800.510791,58935.20812465277
46,2020,3,27,5,14,41.97,-7608076.367,24306450.586999997,-7859358.588,-2468.3950499999996,202.72341999999998,2961.0847,2020-03-27 05:14:41.970,320075569.38943547,236760114.31425798,71007836.97370528,148259047114.3822,16052677359.788675,6957992673.256543,58935.21854131943
46,2020,3,27,5,29,41.97,-9758593.453,24281566.277000003,-5135058.630000001,-2303.78694,-257.82569,3084.28426,2020-03-27 05:29:41.970,319529603.30301446,237370155.2257877,71321146.67485616,148256334063.88794,16077205799.573761,6968626316.919221,58935.2289579861
46,2020,3,27,5,44,41.97,-11743215.575,23843877.180999998,-2323431.2460000003,-2100.2752400000004,-713.33626,3154.89852,2020-03-27 05:44:41.970,318982081.058021,237979018.87604108,71634103.13393581,148253616204.15665,16101733705.639658,6979259731.13783,58935.23937465277
46,2020,3,27,5,59,41.97,-13528466.314,23001361.196000002,527660.9839999999,-1861.37361,-1156.18767,3171.88304,2020-03-27 05:59:41.970,318433005.11272746,238586702.07054022,71946704.74434832,148250893535.34875,16126261077.159922,6989892915.551413,58935.24979131943
46,2020,3,27,6,14,41.97,-15084288.063,21768753.908999998,3369810.823,-1591.15501,-1579.0024700000001,3135.07204,2020-03-27 06:14:41.970,317882377.93274695,239193201.6190365,72258949.90058313,148248166057.62488,16150787913.308191,7000525869.79904,58935.2602079861
46,2020,3,27,6,29,41.97,-16384515.456,20167279.299000002,6154855.676999999,-1294.18415,-1974.75742,3045.17305,2020-03-27 06:29:41.970,317330201.9910285,239798514.3355232,72570836.9982201,148245433771.14597,16175314213.258179,7011158593.519796,58935.27062465277
46,2020,3,27,6,44,41.97,-17407285.499,18224283.490999997,8835656.766,-975.44458,-2336.88779,2903.7499000000003,2020-03-27 06:44:41.970,316776479.7678518,240402637.03824586,72882364.43393499,148242696676.0731,16199839976.183683,7021791086.352811,58935.28104131943
46,2020,3,27,6,59,41.97,-18135379.923,15972777.913,11366857.958,-640.2611099999999,-2659.3842200000004,2713.19464,2020-03-27 06:59:41.970,316221213.7508228,241005566.54971436,73193530.60550523,148239954772.56778,16224365201.258596,7032423347.93723,58935.2914579861
46,2020,3,27,7,14,41.97,-18556496.040000003,13450898.889,13705614.557,-294.21864,-2936.88151,2476.68891,2020-03-27 07:14:41.970,315664406.4348686,241607299.69671458,73504333.91181497,148237208060.79172,16248889887.65687,7043055377.912222,58935.30187465277
46,2020,3,27,7,29,41.97,-18663443.113,10701291.224000001,15812282.821999999,56.922059999999995,-3164.7385799999997,2198.1554,2020-03-27 07:29:41.970,315106060.3222324,242207833.31031936,73814772.75286065,148234456540.90674,16273414034.552568,7053687175.91699,58935.31229131943
46,2020,3,27,7,44,41.97,-18454261.916,7770423.92,17651061.49,407.31075,-3339.10928,1882.19982,2020-03-27 07:44:41.970,314546177.92246914,242807164.22590056,74124845.52975637,148231700213.07483,16297937641.11981,7064318741.590759,58935.3227079861
46,2020,3,27,7,59,41.97,-17932265.781,4707846.638,19190576.944000002,751.0956199999999,-3457.00314,1534.04376,2020-03-27 07:59:41.970,313984761.7524402,243405289.28313985,74434550.64473939,148228939077.45862,16322460706.532814,7074950074.572794,58935.33312465277
46,2020,3,27,8,14,41.97,-17106002.062,1565396.128,20404404.073999997,1082.51214,-3516.33567,1159.44899,2020-03-27 08:14:41.970,313421814.33630836,244002205.32604113,74743886.50117531,148226173134.2206,16346983229.965893,7085581174.502374,58935.34354131943
46,2020,3,27,8,29,41.97,-15989133.6,-1603637.5729999999,21271515.269,1395.97189,-3515.96734,764.6335399999999,2020-03-27 08:29:41.970,312857338.20553327,244597909.20294118,75052851.50356385,148223402383.52362,16371505210.593409,7096212041.018803,58935.3539579861
46,2020,3,27,8,44,41.97,-14600240.463,-4745374.678,21776650.366,1686.15068,-3455.73057,356.18003999999996,2020-03-27 08:44:41.970,312291335.8988666,245192397.76652136,75361444.0575441,148220626825.53076,16396026647.589842,7106842673.761422,58935.36437465277
46,2020,3,27,8,59,41.97,-12962543.05,-7806227.704,21910600.849999998,1948.0750600000001,-3336.44374,-59.06306,2020-03-27 08:59:41.970,311723809.96234643,245785667.87381962,75669662.5698998,148217846460.40543,16420547540.129738,7117473072.3696,58935.37479131943
46,2020,3,27,9,14,41.97,-11103548.527999999,-10733790.022,21670402.182,2177.20601,-3159.91142,-474.08674,2020-03-27 09:14:41.970,311154762.94929326,246377716.38624126,75977505.44856496,148215061288.3113,16445067887.387743,7128103236.482724,58935.3852079861
46,2020,3,27,9,29,41.97,-9054623.624,-13477718.078,21059428.857,2369.51863,-2928.9099699999997,-881.83214,2020-03-27 09:29:41.970,310584197.4203038,246968540.16957104,76284971.10262918,148212271309.4119,16469587688.53857,7138733165.740216,58935.39562465277
46,2020,3,27,9,44,41.97,-6850497.977,-15990593.693,20087387.707000002,2521.57654,-2647.1575399999997,-1275.3057299999998,2020-03-27 09:44:41.970,310012115.94324785,247558136.09398386,76592057.9423432,148209476523.8716,16494106942.757027,7149362859.781528,58935.40604131943
46,2020,3,27,9,59,41.97,-4528703.554,-18228752.14,18770206.169,2630.5993,-2319.26791,-1647.69732,2020-03-27 09:59:41.970,309438521.09326184,248146501.03405723,76898764.37912416,148206676931.85452,16518625649.21801,7159992318.246125,58935.4164579861
46,2020,3,27,10,14,41.97,-2128957.118,-20153061.201,17129813.643000003,2694.52127,-1950.68768,-1992.49925,2020-03-27 10:14:41.970,308863415.45274395,248733631.86878204,77205088.82556108,148203872533.52536,16543143807.09648,7170621540.773518,58935.42687465277
46,2020,3,27,10,29,41.97,307505.786,-21729636.119,15193815.823,2712.04015,-1547.61661,-2303.6247099999996,2020-03-27 10:29:41.970,308286801.61135036,249319525.48157442,77511029.69542038,148201063329.0489,16567661415.567501,7181250527.0032425,58935.43729131943
46,2020,3,27,10,44,41.97,2738635.267,-22930475.436,12995063.882000001,2682.65357,-1116.91157,-2575.52264,2020-03-27 10:44:41.970,307708682.1659888,249904178.76028702,77816585.4036512,148198249318.58994,16592178473.806234,7191879276.574845,58935.4477079861
46,2020,3,27,10,59,41.97,5122298.374,-23734003.182,10571122.658,2606.68194,-665.97469,-2803.28682,2020-03-27 10:59:41.970,307129059.72081447,250487588.59722048,78121754.36639073,148195430502.3141,16616694980.987904,7202507789.127926,58935.45812465277
46,2020,3,27,11,14,41.97,7417024.303,-24125503.886,7963644.417,2485.27626,-202.62725,-2982.75614,2020-03-27 11:14:41.970,306547936.88722533,251069751.8891354,78426535.00097013,148192606880.38657,16641210936.287819,7213136064.3020935,58935.46854131943
46,2020,3,27,11,29,41.97,9582749.379,-24097438.341000002,5217657.352999999,2320.40967,265.02873,-3110.60332,2020-03-27 11:29:41.970,305965316.2838559,251650665.53726277,78730925.72591904,148189778452.97336,16665726338.881397,7223764101.736993,58935.4789579861
46,2020,3,27,11,44,41.97,11581546.854,-23649630.159,2380780.498,2114.8520999999996,728.7588099999999,-3184.40926,2020-03-27 11:44:41.970,305381200.53657323,252230326.4473168,79034924.96097207,148186945220.24045,16690241187.944122,7234391901.072302,58935.48937465277
46,2020,3,27,11,59,41.97,13378326.105,-22789315.696000002,-497620.834,1872.1275799999999,1180.3508599999998,-3202.72048,2020-03-27 11:59:41.970,304795592.27847195,252808731.52950525,79338531.1270735,148184107182.35394,16714755482.651562,7245019461.947712,58935.49979131943
46,2020,3,27,12,14,41.97,14941485.819,-21531052.982,-3367322.8279999997,1596.45482,1611.77295,-3165.08737,2020-03-27 12:14:41.970,304208494.1498689,253385877.69854182,79641742.64638293,148181264339.48035,16739269222.179394,7255646784.00296,58935.5102079861
46,2020,3,27,12,29,41.97,16243506.331,-19896488.726999998,-6178156.146000001,1292.6715900000002,2015.33025,-3072.08172,2020-03-27 12:29:41.970,303619908.7982982,253961761.8736568,79944557.9422807,148178416691.7865,16763782405.703346,7266273866.877799,58935.52062465277
46,2020,3,27,12,44,41.97,17261467.346,-17913986.048,-8880924.848000001,966.14483,2383.81692,-2925.29226,2020-03-27 12:44:41.970,303029838.8785055,254536380.9786095,80246975.43937348,148175564239.43936,16788295032.399271,7276900710.212017,58935.53104131943
46,2020,3,27,12,59,41.97,17977478.896,-15618119.34,-11428311.376,622.66813,2710.65879,-2727.2981600000003,2020-03-27 12:59:41.970,302438287.0524451,255109731.9416987,80548993.56349945,148172706982.60593,16812807101.44309,7287527313.6454315,58935.5414579861
46,2020,3,27,13,14,41.97,18379015.437999997,-13049046.243,-13775747.734000001,268.34945,2990.0431599999997,-2481.62057,2020-03-27 13:14:41.970,301845255.98927253,255681811.69577494,80850610.74173397,148169844921.45386,16837318612.010805,7298153676.8178835,58935.55187465277
46,2020,3,27,13,29,41.97,18459145.491,-10251770.022,-15882233.725,-90.50823,3217.03201,-2192.65364,2020-03-27 13:29:41.970,301250748.36534077,256252617.17825195,81151825.40239476,148166978056.15082,16861829563.278515,7308779799.369246,58935.56229131943
46,2020,3,27,13,44,41.97,18216651.895,-7275308.533000001,-17711084.476,-447.53009,3387.6559500000003,-1865.57676,2020-03-27 13:44:41.970,300654766.86419487,256822145.33111736,81452635.97504744,148164106386.86465,16886339954.42241,7319405680.939421,58935.5727079861
46,2020,3,27,13,59,41.97,17656040.673,-4171788.2609999995,-19230591.427,-796.39328,3498.98648,-1506.25047,2020-03-27 13:59:41.970,300057314.1765673,257390393.10094565,81753040.89051126,148161229913.76355,16910849784.618748,7330031321.168338,58935.58312465277
46,2020,3,27,14,14,41.97,16787439.358,-995483.5970000001,-20414583.404,-1130.9482500000001,3549.18521,-1121.09901,2020-03-27 14:14:41.970,299458393.0003723,257957357.43890777,82053038.58086406,148158348637.0159,16935359053.043898,7340656719.69596,58935.59354131943
46,2020,3,27,14,29,41.97,15626388.413999999,2198177.55,-21242877.217,-1445.33452,3537.52941,-716.98285,2020-03-27 14:29:41.970,298858006.04070127,258523035.30078447,82352627.47944814,148155462556.7905,16959867758.874308,7351281876.162274,58935.6039579861
46,2020,3,27,14,44,41.97,14193531.913,5353620.4520000005,-21701610.22,-1734.08834,3464.41394,-301.06444,2020-03-27 14:44:41.970,298256156.00981724,259087423.64697647,82651806.02087533,148152571673.2561,16984375901.286507,7361906790.207298,58935.61437465277
46,2020,3,27,14,59,41.97,12514215.862,8416121.636,-21783450.38,-1992.23996,3331.33032,119.32919,2020-03-27 14:59:41.970,297652845.6271504,259650519.44251692,82950572.64103268,148149675986.58185,17008883479.45712,7372531461.47108,58935.62479131943
46,2020,3,27,15,14,41.97,10618004.397,11332778.442,-21487682.478,-2215.39859,3140.82456,536.84376,2020-03-27 15:14:41.970,297048077.61929274,260212319.65708217,83248925.77708788,148146775496.9371,17033390492.562868,7383155889.5937,58935.6352079861
46,2020,3,27,15,29,41.97,8538125.501,14053431.684999999,-20820171.887000002,-2399.82386,2896.43548,944.23196,2020-03-27 15:29:41.970,296441854.7199927,260772821.2650035,83546863.86749458,148143870204.49146,17057896939.78054,7393780074.215257,58935.64562465277
46,2020,3,27,15,44,41.97,6310858.843,16531524.974,-19793210.058000002,-2542.48288,2602.61605,1334.48169,2020-03-27 15:44:41.970,295834179.67015094,261332021.24527884,83844385.35199796,148140960109.4149,17082402820.287027,7404404014.975894,58935.65604131943
46,2020,3,27,15,59,41.97,3974878.944,18724886.445,-18425248.074,-2641.09245,2264.64009,1700.9361999999999,2020-03-27 15:59:41.970,295225055.2178137,261889916.58158416,84141488.67164025,148138045211.87735,17106908133.25931,7415027711.515776,58935.6664579861
46,2020,3,27,16,14,41.97,1570567.016,20596421.038,-16740526.592999998,-2694.1464800000003,1888.49721,2037.40391,2020-03-27 16:14:41.970,294614484.1181694,262446504.26228476,84438172.26876588,148135125512.0493,17131412877.874453,7425651163.475095,58935.67687465277
46,2020,3,27,16,29,41.97,-860695.342,22114703.858,-14768611.996,-2700.92896,1480.7785,2338.25679,2020-03-27 16:29:41.970,294002469.1335425,263001781.2804472,84734434.58702734,148132201010.10107,17155917053.309612,7436274370.4940815,58935.68729131943
46,2020,3,27,16,44,41.97,-3277237.843,23254467.571000002,-12543849.741,-2661.51312,1048.55579,2598.51588,2020-03-27 16:44:41.970,293389013.0333886,263555744.63385046,85030274.07139026,148129271706.20377,17180420658.742043,7446897332.212983,58935.6977079861
46,2020,3,27,16,59,41.97,-5637806.562,23996979.093000002,-10104746.668,-2576.74766,599.25677,2813.92351,2020-03-27 16:59:41.970,292774118.59428996,264108391.32499772,85325689.16813916,148126337600.52823,17204923693.349056,7457520048.27209,58935.70812465277
46,2020,3,27,17,14,41.97,-7902251.15,24330302.919999998,-7493294.489,-2448.23106,140.53836,2981.0017900000003,2020-03-27 17:14:41.970,292157788.59994894,264659718.3611276,85620678.32488276,148123398693.24588,17229426156.308105,7468142518.311714,58935.71854131943
46,2020,3,27,17,29,41.97,-10032183.965,24249450.446,-4754246.841,-2278.27504,-319.83977000000004,3097.09731,2020-03-27 17:29:41.970,291540025.8411844,265209722.7542258,85915239.9905594,148120454984.5281,17253928046.796684,7478764741.972206,58935.7289579861
46,2020,3,27,17,44,41.97,-11991601.933,23756416.261,-1934362.2410000002,-2069.85849,-774.13957,3160.4122700000003,2020-03-27 17:44:41.970,290920833.1159255,265758401.52103698,86209372.61544265,148117506474.54675,17278429363.9924,7489386718.893937,58935.73937465277
46,2020,3,27,17,59,41.97,-13747462.981,22860103.969,918374.995,-1826.57277,-1214.7655100000002,3170.02238,2020-03-27 17:59:41.970,290300213.2292071,266305751.68307537,86503074.65114665,148114553163.47394,17302930107.07296,7500008448.717315,58935.74979131943
46,2020,3,27,18,14,41.97,-15270209.906,21576145.285,3755544.1810000003,-1552.55978,-1634.38064,3125.88204,2020-03-27 18:14:41.970,289678168.99316484,266851770.26663765,86796344.55063158,148111595051.48178,17327430275.216137,7510629931.08277,58935.7602079861
46,2020,3,27,18,29,41.97,-16534235.547,19926617.259,6529076.812,-1252.4436400000002,-2026.0167500000002,3028.81733,2020-03-27 18:29:41.970,289054703.22702914,267396454.3028132,87089180.76820941,148108632138.7427,17351929867.599804,7521251165.630778,58935.77062465277
46,2020,3,27,18,44,41.97,-17518284.027000003,17939663.351,9192033.576,-931.2570900000001,-2383.1777700000002,2880.50745,2020-03-27 18:44:41.970,288429818.7571208,267939800.82749626,87381581.7595487,148105664425.42966,17376428883.401947,7531872152.001827,58935.78104131943
46,2020,3,27,18,59,41.97,-18205783.677,15649024.816,11699359.643,-594.36341,-2699.93554,2683.45513,2020-03-27 18:59:41.970,287803518.4168451,268481806.8813975,87673545.98168087,148102691911.71536,17400927321.800606,7542492889.836446,58935.7914579861
46,2020,3,27,19,14,41.97,-18585108.054,13093489.486,14008608.621,-247.37484,-2971.01748,2440.9466700000003,2020-03-27 19:14:41.970,287175805.04668826,269022469.5100555,87965071.89300515,148099714597.77316,17425425181.973923,7553113378.775197,58935.80187465277
46,2020,3,27,19,29,41.97,-18649762.123,10316265.623,16080626.025,103.93201,-3191.88537,2157.0019899999998,2020-03-27 19:29:41.970,286546681.4942096,269561785.76384795,88256157.95329428,148096732483.77643,17449922463.10015,7563733618.458666,58935.81229131943
46,2020,3,27,19,44,41.97,-18398491.386,7364289.001,17880183.558000002,453.7027,-3358.80482,1836.31539,2020-03-27 19:44:41.970,285916150.61403865,270099752.6980037,88546802.62369981,148093745569.89886,17474419164.357613,7574353608.527474,58935.8227079861
46,2020,3,27,19,59,41.97,-17835312.328,4287471.958,19376555.935,796.0931300000001,-3468.90468,1484.18715,2020-03-27 19:59:41.970,285284215.2678694,270636367.3726139,88837004.36675783,148090753856.3144,17498915284.924736,7584973348.622271,58935.83312465277
46,2020,3,27,20,14,41.97,-16969463.202,1137903.6840000001,20544032.329,1125.35831,-3520.22586,1106.4467300000001,2020-03-27 20:14:41.970,284650878.3244543,271171626.85264415,89126761.6463942,148087757343.19727,17523410823.980026,7595592838.383738,58935.84354131943
46,2020,3,27,20,29,41.97,-15815274.816,-2030988.339,21362354.936,1435.94119,-3511.75873,709.36768,2020-03-27 20:29:41.970,284016142.6596,271705528.20794547,89416072.92793025,148084756030.72168,17547905780.7021,7606212077.452584,58935.8539579861
46,2020,3,27,20,44,41.97,-14391961.716,-5165305.1729999995,21817077.545,1722.5606200000002,-3443.46837,299.57503,2020-03-27 20:44:41.970,283380011.15616196,272238068.51326567,89704936.6780881,148081749919.06244,17572400154.26964,7616831065.469558,58935.86437465277
46,2020,3,27,20,59,41.97,-12723334.940000001,-8211560.180000001,21899837.484,1980.29746,-3316.30683,-116.05444,2020-03-27 20:59:41.970,282742486.7040385,272769244.8482621,89993351.36499621,148078739008.39438,17596893943.861465,7627449802.075434,58935.87479131943
46,2020,3,27,21,14,41.97,-10837438.48,-11117567.603,21608534.905,2204.67785,-3132.21142,-530.49826,2020-03-27 21:14:41.970,282103572.20016646,273299054.2975116,90281315.45819487,148075723298.8926,17621387148.656425,7638068286.911016,58935.8852079861
46,2020,3,27,21,29,41.97,-8766112.59,-13833323.005,20947414.132000003,2391.75227,-2894.0881900000004,-936.6997200000001,2020-03-27 21:29:41.970,281463270.5485157,273827493.9505235,90568827.42864174,148072702790.73242,17645879767.833508,7648686519.617143,58935.89562465277
46,2020,3,27,21,44,41.97,-6544488.334,-16311861.899,19927042.738,2538.16905,-2605.7798199999997,-1327.6834099999999,2020-03-27 21:44:41.970,280821584.6600837,274354560.90175027,90855885.74871735,148069677484.0895,17670371800.571774,7659304499.834679,58935.90604131943
46,2020,3,27,21,59,41.97,-4210419.0600000005,-18510082.166,18564185.235,2641.24072,-2272.01723,-1696.6736,2020-03-27 21:59:41.970,280178517.45289105,274880252.2505995,91142488.89223042,148066647379.13968,17694863246.05039,7669922227.204526,58935.9164579861
46,2020,3,27,22,14,41.97,-1803855.9789999998,-20389515.428,16881569.752,2699.0016,-1898.35446,-2037.21338,2020-03-27 22:14:41.970,279534071.85197425,275404565.10144544,91428635.33442374,148063612476.05887,17719354103.44861,7680539701.367624,58935.92687465277
46,2020,3,27,22,29,41.97,633823.4700000001,-21917032.268,14907547.817,2710.25484,-1491.08678,-2343.28265,2020-03-27 22:29:41.970,278888250.78938335,275927496.56364065,91714323.55197918,148060572775.02353,17743844371.945766,7691156921.964927,58935.93729131943
46,2020,3,27,22,44,41.97,3060524.2090000003,-23065466.323,12675649.431,2674.60723,-1057.15244,-2609.41241,2020-03-27 22:44:41.970,278241057.2041742,276449043.7515274,91999552.02302356,148057528276.21014,17768334050.721325,7701773888.637435,58935.9477079861
46,2020,3,27,22,59,41.97,5434167.306,-23814142.833,10224037.894,2592.49012,-604.01878,-2830.79276,2020-03-27 22:59:41.970,277592494.0424046,276969203.78444976,92284319.22713412,148054478979.79553,17792823138.954796,7712390601.026169,58935.95812465277
46,2020,3,27,23,14,41.97,7713435.841,-24149298.263,7594871.315,2465.16513,-139.55433,-3003.37182,2020-03-27 23:14:41.970,276942564.2571283,277487973.7867642,92568623.64534384,148051424885.95663,17817311635.82582,7723007058.772194,58935.96854131943
46,2020,3,27,23,29,41.97,9858518.598000001,-24064379.192,4833580.3,2294.71347,328.11115,-3123.94259,2020-03-27 23:29:41.970,276291270.80839056,278005350.88785213,92852463.76014714,148048365994.87076,17841799540.514107,7733623261.516601,58935.9789579861
46,2020,3,27,23,44,41.97,11831836.525999999,-23560210.797,1988073.846,2084.00824,790.73604,-3190.21519,2020-03-27 23:44:41.970,275638616.6632219,278521332.2221315,93135838.05550534,148045302306.71536,17866286852.19947,7744239208.900507,58935.98937465277
46,2020,3,27,23,59,41.97,13598736.52,-22645027.919,-892112.137,1836.6695399999999,1240.1223,-3200.8717500000002,2020-03-27 23:59:41.970,274984604.80782515,279035914.9194979,93418745.01158814,148042233821.66843,17890773570.061703,7754854900.565005,58935.99979131943
46,2020,3,28,0,14,41.97,15128137.731,-21334363.548,-3756708.821,1557.0026500000001,1668.2736300000001,-3155.6019800000004,2020-03-28 00:14:41.970,274329238.1988279,279549096.1436421,93701183.12584406,148039160539.90762,17915259693.28105,7765470336.151416,58936.0102079861
46,2020,3,28,0,29,41.97,16393112.248000002,-19650801.473,-6555622.748,1249.92084,2067.55127,-3055.11749,2020-03-28 00:29:41.970,273672519.836353,280060873.03456503,93983150.88139552,148036082461.6111,17939745221.037495,7776085515.300889,58936.02062465277
46,2020,3,28,0,44,41.97,17371395.327999998,-17623578.674,-9239863.945999999,920.8530900000001,2430.82594,-2901.14475,2020-03-28 00:44:41.970,273014452.7153207,280571242.7469451,94264646.76812659,148032999586.9575,17964230152.511215,7786700437.654677,58936.03104131943
46,2020,3,28,0,59,41.97,18045801.377,-15288067.263,-11762440.887,575.64054,2751.61835,-2696.39519,2020-03-28 00:59:41.970,272355039.8376112,281080202.44055563,94545669.27741602,148029911916.12543,17988714486.882504,7797315102.854066,58936.0414579861
46,2020,3,28,1,14,41.97,18404544.984,-12685129.650999999,-14079227.135,220.42292,3024.22711,-2444.51395,2020-03-28 01:14:41.970,271694284.2120577,281587749.28027654,94826216.90214252,148026819449.29376,18013198223.33174,7807929510.540372,58936.05187465277
46,2020,3,28,1,29,41.97,18441456.081,-9860367.21,-16149770.908,-138.48136,3243.83949,-2150.00822,2020-03-28 01:29:41.970,271032188.854443,282093880.43610466,95106288.13669047,148023722186.64178,18037681361.039406,7818543660.354945,58936.06229131943
46,2020,3,28,1,44,41.97,18156085.299,-6863277.8889999995,-17938031.625,-494.69871,3406.6225499999996,-1818.15705,2020-03-28 01:44:41.970,270368756.7874924,282598593.08316684,95385881.4769553,148020620128.34875,18062163899.186073,7829157551.939163,58936.0727079861
46,2020,3,28,1,59,41.97,17553697.924,-3746341.558,-19413027.944000002,-841.9239600000001,3509.7924,-1454.90529,2020-03-28 01:59:41.970,269703991.04086965,283101884.4017304,95664995.42034927,148017513274.59448,18086645836.9524,7839771184.934445,58936.08312465277
46,2020,3,28,2,14,41.97,16645157.66,-564053.379,-20549384.270999998,-1174.04106,3551.66021,-1066.74457,2020-03-28 02:14:41.970,269037894.6511705,283603751.5772156,95943628.46580681,148014401625.5586,18111127173.519165,7850384558.982241,58936.09354131943
46,2020,3,28,2,29,41.97,15446704.209999999,2628073.5840000003,-21327765.572,-1485.2379,3531.65453,-660.5846600000001,2020-03-28 02:29:41.970,268370470.66191846,284104191.8002072,96221779.11379011,148011285181.42126,18135607908.067215,7860997673.724022,58936.1039579861
46,2020,3,28,2,44,41.97,13979631.128,5774515.204,-21735193.367,-1770.11269,3450.3201,-243.61865,2020-03-28 02:44:41.970,267701722.12355903,284603202.266466,96499445.86629479,148008163942.36304,18160088039.77751,7871610528.801311,58936.11437465277
46,2020,3,28,2,59,41.97,12269872.636,8820731.751,-21765238.871000003,-2023.7696,3309.29394,176.81465,2020-03-28 02:59:41.970,267031652.09345374,285100780.17694026,96776627.22685537,148005037908.5643,18184567567.8311,7882223123.855645,58936.12479131943
46,2020,3,28,3,14,41.97,10347509.803000001,11714132.232,-21418092.291,-2241.902,3111.2604,593.3678199999999,2020-03-28 03:14:41.970,266360263.63587585,285596922.7377782,97053321.70055075,148001907080.20587,18209046491.409138,7892835458.528611,58936.1352079861
46,2020,3,28,3,29,41.97,8246207.912,14404989.506,-20700510.136,-2420.862,2859.8871,998.8183,2020-03-28 03:29:41.970,265687559.82200417,286091627.16033834,97329527.79401001,147998771457.46884,18233524809.692856,7903447532.461819,58936.14562465277
46,2020,3,28,3,44,41.97,6002597.713,16847289.991,-19625644.972999997,-2557.7155000000002,2559.74403,1386.19576,2020-03-28 03:44:41.970,265013543.72991788,286584890.6612032,97605244.01541768,147995631040.5345,18258002521.86361,7914059345.296918,58936.15604131943
46,2020,3,28,3,59,41.97,3655613.792,18999504.036,-18212764.291,-2650.28244,2216.2086099999997,1748.90081,2020-03-28 03:59:41.970,264338218.4445915,287076710.4621891,97880468.8745196,147992485829.58432,18282479627.102825,7924670896.675583,58936.1664579861
46,2020,3,28,4,14,41.97,1245803.3969999999,20825265.417,-16486867.010999998,-2697.16221,1835.35915,2080.81344,2020-03-28 04:14:41.970,263661587.05788878,287567083.7903584,98155200.88262834,147989335824.8,18306956124.59204,7935282186.239531,58936.17687465277
46,2020,3,28,4,29,41.97,-1185381.131,22293950.827,-14478207.654,-2697.74478,1423.85957,2376.3896,2020-03-28 04:29:41.970,262983652.66855815,288056007.878032,98429438.55262876,147986181026.36377,18331432013.5129,7945893213.630505,58936.18729131943
46,2020,3,28,4,44,41.97,-3596293.685,23381152.627,-12221739.274,-2652.20806,988.83791,2630.74501,2020-03-28 04:44:41.970,262304418.3822268,288543479.96280074,98703180.39898357,147983021434.45773,18355907293.047108,7956503978.490284,58936.1977079861
46,2020,3,28,4,59,41.97,-5945797.5200000005,24069040.400999997,-9756486.987,-2561.50248,537.76111,2839.72551,2020-03-28 04:59:41.970,261623887.31139526,289029497.2875364,98976424.93773924,147979857049.26434,18380381962.376503,7967114480.460686,58936.20812465277
46,2020,3,28,5,14,41.97,-8193949.138,24346608.952,-7124864.373000001,-2427.32381,78.30825,2999.96364,2020-03-28 05:14:41.970,260942062.5754322,289514057.1004043,99249170.68653102,147976687870.9663,18404856020.683014,7977724719.183556,58936.21854131943
46,2020,3,28,5,29,41.97,-10302652.808999998,24209812.303,-4371945.119,-2252.07529,-381.75573,3108.9215,2020-03-28 05:29:41.970,260258947.3005691,289997156.6548747,99521416.16458908,147973513899.74652,18429329467.148632,7988334694.300777,58936.2289579861
46,2020,3,28,5,44,41.97,-12236276.692,23661584.927,-1544702.2280000001,-2038.82037,-834.70406,3164.92006,2020-03-28 05:44:41.970,259574544.6198944,290478793.20973426,99793159.89274384,147970335135.7883,18453802300.955536,7998944405.454263,58936.23937465277
46,2020,3,28,5,59,41.97,-13962222.518000001,22711752.912,1308773.186,-1791.22698,-1272.96849,3167.15528,2020-03-28 05:59:41.970,258888857.67334828,290958964.02909875,100064400.39343151,147967151579.2748,18478274521.2859,8009553852.285961,58936.24979131943
46,2020,3,28,6,14,41.97,-15451441.852,21376838.976999998,4140061.8910000003,-1513.50468,-1689.25462,3115.7016,2020-03-28 06:14:41.970,258201889.60771734,291437666.3824239,100335136.19069993,147963963230.38998,18502746127.322063,8020163034.437858,58936.2602079861
46,2020,3,28,6,29,41.97,-16678892.916000001,19679766.319,6901204.160999999,-1210.33561,-2076.65123,3011.5032899999997,2020-03-28 06:29:41.970,257513643.57662904,291914897.5445176,100605365.81021401,147960770089.31754,18527217118.24642,8030771951.551968,58936.27062465277
46,2020,3,28,6,44,41.97,-17623932.854,17649467.128,9545474.418,-886.80025,-2428.73268,2856.35435,2020-03-28 06:44:41.970,256824122.74054638,292390654.7955518,100875087.77926132,147957572156.24164,18551687493.241497,8041380603.270347,58936.28104131943
46,2020,3,28,6,59,41.97,-18270641.165,15320402.311,12028132.813000001,-548.2988399999999,-2739.65369,2652.86745,2020-03-28 06:59:41.970,256133330.266762,292864935.42107344,101144300.62675789,147954369431.34668,18576157251.48991,8051988989.235073,58936.2914579861
46,2020,3,28,7,14,41.97,-18608070.814999998,12731999.620000001,14307144.162,-200.46936000000002,-3004.23579,2404.43257,2020-03-28 07:14:41.970,255441269.32939342,293337736.7120179,101413002.88325381,147951161914.81717,18600626392.17435,8062597109.088275,58936.30187465277
46,2020,3,28,7,29,41.97,-18630424.191999998,9928017.906,16343855.18,150.89732999999998,-3218.04495,2115.16573,2020-03-28 07:29:41.970,254747943.10937694,293809055.9647192,101681193.08093844,147947949606.83795,18625094914.477646,8073204962.472104,58936.31229131943
46,2020,3,28,7,44,41.97,-18337151.766,6955845.755,18103621.367,499.94429,-3377.4596699999997,1789.84845,2020-03-28 07:44:41.970,254053354.79446247,294278890.48092294,101948869.75364667,147944732507.5941,18649562817.582703,8083812549.028748,58936.3227079861
46,2020,3,28,7,59,41.97,-17732971.928,3865743.304,19556375.311,840.8367599999999,-3479.72901,1433.85822,2020-03-28 07:59:41.970,253357507.57920802,294747237.56779754,102216031.43686414,147941510617.27097,18674030100.67253,8094419868.400435,58936.33312465277
46,2020,3,28,8,14,41.97,-16827811.088999998,710036.605,20677128.577,1167.85093,-3523.0199500000003,1053.0904699999999,2020-03-28 08:14:41.970,252660404.66497383,295214094.537946,102482676.66773303,147938283936.05392,18698496762.93023,8105026920.22942,58936.34354131943
46,2020,3,28,8,29,41.97,-15636663.829,-2457725.488,21446399.708,1475.4627600000001,-3506.45314,653.87251,2020-03-28 08:29:41.970,251962049.25991762,295679458.70941794,102748803.98505768,147935052464.12888,18722962803.539024,8115633704.157996,58936.3539579861
46,2020,3,28,8,44,41.97,-14179373.55,-5583641.21,21850561.305999998,1758.43562,-3430.12653,242.86984,2020-03-28 08:44:41.970,251262444.57898843,296143327.40572226,103014411.92931028,147931816201.68185,18747428221.682213,8126240219.828496,58936.36437465277
46,2020,3,28,8,59,41.97,-12480334.967,-8614341.132,21882099.621,2011.90618,-3295.12574,-173.01447000000002,2020-03-28 08:59:41.970,250561593.84392118,296605697.95583737,103279499.04263636,147928575148.89902,18771893016.54321,8136846466.88328,58936.37479131943
46,2020,3,28,9,14,41.97,-10568120.658,-11497876.51,21539780.728,2231.4671200000003,-3103.5204099999996,-586.7466000000001,2020-03-28 09:14:41.970,249859500.28323174,297066567.6942241,103544063.86886084,147925329305.96677,18796357187.30552,8147452444.9647455,58936.3852079861
46,2020,3,28,9,29,41.97,-8475035.0,-14184597.721,20828718.099999998,2413.2455,-2858.3456699999997,-991.2741000000001,2020-03-28 09:29:41.970,249156167.13221022,297525933.9608385,103808104.95349306,147922078673.07196,18820820733.152756,8158058153.715326,58936.39562465277
46,2020,3,28,9,44,41.97,-6236600.023,-16628008.961,19760337.423,2553.97545,-2563.5678199999998,-1379.64189,2020-03-28 09:44:41.970,248451597.63291684,297983794.1011407,104071620.84373309,147918823250.4015,18845283653.268627,8168663592.7774935,58936.40604131943
46,2020,3,28,9,59,41.97,-3890979.0790000004,-18785584.774,18352235.707,2651.06343,-2224.03372,-1745.11085,2020-03-28 09:59:41.970,247745795.0341753,298440145.46611077,104334610.08847699,147915563038.1425,18869745946.83695,8179268761.793749,58936.4164579861
46,2020,3,28,10,14,41.97,-1478345.679,-20619533.478,16627933.280000001,2702.64449,-1845.40338,-2081.27697,2020-03-28 10:14:41.970,247038762.59156775,298894985.4122573,104597071.23832278,147912298036.48242,18894207613.041622,8189873660.406632,58936.42687465277
46,2020,3,28,10,29,41.97,959793.588,-22097492.4,14616519.068,2707.6277800000003,-1434.0658500000002,-2382.18896,2020-03-28 10:29:41.970,246330503.5674291,299348311.3016317,104859002.84557575,147909028245.6088,18918668651.066677,8200478288.258718,58936.43729131943
46,2020,3,28,10,44,41.97,3381311.599,-23193139.978,12352191.625,2665.72957,-997.0387000000001,-2642.4618400000004,2020-03-28 10:44:41.970,245621021.2308413,299800120.5018382,105120403.46425468,147905753665.70975,18943129060.096226,8211082644.992615,58936.4477079861
46,2020,3,28,10,59,41.97,5744196.761,-23886710.421,9873700.723,2577.49223,-541.85222,-2857.38389,2020-03-28 10:59:41.970,244910318.8576281,300250410.38604707,105381271.6500969,147902474296.9731,18967588839.31447,8221686730.250969,58936.45812465277
46,2020,3,28,11,14,41.97,8007299.299000001,-24165397.713999998,7223696.769,2444.2877900000003,-76.41963,-3023.01404,2020-03-28 11:14:41.970,244198399.7303492,300699178.33300656,105641605.96056458,147899190139.58734,18992047987.905735,8232290543.676463,58936.46854131943
46,2020,3,28,11,29,41.97,10131073.385,-24023637.435000002,4447997.9,2268.30498,391.10429000000005,-3136.26695,2020-03-28 11:29:41.970,243485267.1382948,301146421.72705394,105901404.95485002,147895901193.74112,19016506505.054443,8242894084.911819,58936.4789579861
46,2020,3,28,11,44,41.97,12078299.984,-23463257.027,1594787.125,2052.51928,852.4735900000001,-3194.98297,2020-03-28 11:44:41.970,242770924.3774797,301592137.9581283,106160667.1938816,147892607459.62314,19040964389.94513,8253497353.599779,58936.48937465277
46,2020,3,28,11,59,41.97,13814774.951,-22493487.912,-1286245.757,1800.64569,1299.50722,-3197.98047,2020-03-28 11:59:41.970,242055374.75063813,302036324.4217827,106419391.2403293,147889308937.42252,19065421641.762398,8264100349.383137,58936.49979131943
46,2020,3,28,12,14,41.97,15309947.082999999,-21130835.962,-4144800.6779999994,1517.0748700000001,1724.24708,-3145.08865,2020-03-28 12:14:41.970,241338621.56721798,302478978.51919466,106677575.65861055,147886005627.32846,19089878259.69098,8274703071.904717,58936.5102079861
46,2020,3,28,12,29,41.97,16537491.516999999,-19398810.36,-6930883.853,1206.79353,2119.1139799999996,-3037.15905,2020-03-28 12:29:41.970,240620668.1433749,302920097.65718055,106935219.01489611,147882697529.5305,19114334242.915703,8285305520.807381,58936.52062465277
46,2020,3,28,12,44,41.97,17475805.101999998,-17327514.52,-9595724.854,875.29101,2477.05749,-2876.05511,2020-03-28 12:44:41.970,239901517.80196708,303359679.2482056,107192319.87711535,147879384644.21848,19138789590.62151,8295907695.73403,58936.53104131943
46,2020,3,28,12,59,41.97,18108412.114,-14953106.469,-12092674.284,528.4538699999999,2791.69557,-2664.61952,2020-03-28 12:59:41.970,239181173.8725494,303797720.71039647,107448876.81496236,147876066971.58237,19163244301.993427,8306509596.327588,58936.5414579861
46,2020,3,28,13,14,41.97,18424270.86,-12317139.588,-14378062.305,172.45147,3057.44017,-2406.6200599999997,2020-03-28 13:14:41.970,238459639.6913677,304234219.4675538,107704888.39990166,147872744511.81223,19187698376.216606,8317111222.231032,58936.55187465277
46,2020,3,28,13,29,41.97,18417974.268999998,-9465797.867999999,-16411999.183,-186.38462,3269.60554,-2106.67522,2020-03-28 13:29:41.970,237736918.60135332,304669172.949164,107960353.20517379,147869417265.09863,19212151812.476265,8327712573.087366,58936.56229131943
46,2020,3,28,13,44,41.97,18089840.33,-6449042.529,-18159100.59,-541.6842800000001,3424.49651,-1770.1617199999998,2020-03-28 13:44:41.970,237013013.9521172,305102578.5904107,108215269.8058012,147866085231.63226,19236604609.957764,8338313648.539633,58936.5727079861
46,2020,3,28,13,59,41.97,17445891.151,-3319689.032,-19589122.435000002,-887.16219,3519.47461,-1403.10644,2020-03-28 13:59:41.970,236287929.09994468,305534433.8321879,108469636.77859388,147862748411.6041,19261056767.846565,8348914448.23091,58936.58312465277
46,2020,3,28,14,14,41.97,16497722.241,-132434.967,-20677492.62,-1216.73791,3553.00096,-1012.0659700000001,2020-03-28 14:14:41.970,235561667.40778914,305964736.1211113,108723452.70215541,147859406805.20514,19285508285.328175,8359514971.804315,58936.59354131943
46,2020,3,28,14,29,41.97,15262266.367,3057139.952,-21405729.937,-1524.64962,3524.65538,-603.99685,2020-03-28 14:29:41.970,234834232.2452669,306393482.9095302,108976716.15688813,147856060412.62683,19309959161.588295,8370115218.903,58936.6039579861
46,2020,3,28,14,44,41.97,13761458.769000001,6193580.4690000005,-21761743.424,-1805.55917,3435.13198,-186.12021000000001,2020-03-28 14:44:41.970,234105626.9886512,306820671.6555405,109229425.72499971,147852709234.06085,19334409395.812656,8380715189.170148,58936.61437465277
46,2020,3,28,14,59,41.97,12021812.655,9222548.25,-21740008.566,-2054.6461200000003,3286.21243,234.21594000000002,2020-03-28 14:59:41.970,233375855.02086648,307246299.82299596,109481579.99050823,147849353269.699,19358858987.187145,8391314882.24899,58936.62479131943
46,2020,3,28,15,14,41.97,10073915.606,12091780.686,-21341619.744,-2267.68919,3080.71821,649.6735,2020-03-28 15:14:41.970,232644919.73148295,307670364.8815212,109733177.53924851,147845992519.73337,19383307934.897713,8401914297.782794,58936.6352079861
46,2020,3,28,15,29,41.97,7951858.84,14751998.162,-20574221.176,-2441.13389,2822.4441800000004,1053.0570400000001,2020-03-28 15:29:41.970,231912824.51671052,308092864.3065223,109984216.95887746,147842626984.35626,19407756238.130436,8412513435.414851,58936.64562465277
46,2020,3,28,15,44,41.97,5692612.121,17157743.908,-19451821.075,-2572.14554,2516.0756499999998,1437.4401500000001,2020-03-28 15:44:41.970,231179572.7793933,308513795.5792008,110234696.83888015,147839256663.76028,19432203896.0715,8423112294.7885,58936.65604131943
46,2020,3,28,15,59,41.97,3335357.579,19268142.821000002,-17994495.997,-2658.64759,2167.09166,1796.28279,2020-03-28 15:59:41.970,230445167.92900386,308933156.18656474,110484615.77057552,147835881558.1381,19456650907.907185,8433710875.547116,58936.6664579861
46,2020,3,28,16,14,41.97,920795.759,21047568.033,-16227994.113,-2699.34505,1781.65715,2123.53824,2020-03-28 16:14:41.970,229709613.38163725,309350943.6214412,110733972.34712233,147832501667.6828,19481097272.82388,8444309177.334115,58936.67687465277
46,2020,3,28,16,29,41.97,-1509562.996,22466206.413,-14183247.593,-2693.73373,1366.50665,2413.74799,2020-03-28 16:29:41.970,228972912.56000546,309767155.38248795,110982765.1635247,147829116992.58768,19505542990.00808,8454907199.79294,58936.68729131943
46,2020,3,28,16,44,41.97,-3914109.29,23500516.599999998,-11895805.334,-2642.0958899999996,928.82219,2662.12372,2020-03-28 16:44:41.970,228235068.89343175,310181788.9742066,111230992.81663826,147825727533.04614,19529988058.646366,8465504942.5670805,58936.6977079861
46,2020,3,28,16,59,41.97,-6251835.699,24133575.384,-9405197.939,-2545.48314,476.10765,2864.6157900000003,2020-03-28 16:59:41.970,227496085.81784436,310594841.90695417,111478653.90517569,147822333289.2519,19554432477.92547,8476102405.300058,58936.70812465277
46,2020,3,28,17,14,41.97,-8483017.141,24355310.347,-6754247.243,-2405.6878199999996,16.06199,3017.96795,2020-03-28 17:14:41.970,226755966.77577135,311006311.6969552,111725747.0297127,147818934261.39896,19578876247.032185,8486699587.635436,58936.71854131943
46,2020,3,28,17,29,41.97,-10569860.636,24162618.566,-3988332.788,-2225.20383,-443.54684,3119.75835,2020-03-28 17:29:41.970,226014715.21633443,311416195.8663149,111972270.79269399,147815530449.6813,19603319365.153416,8497296489.216808,58936.7289579861
46,2020,3,28,17,44,41.97,-12477115.534,23559372.814,-1154627.5080000001,-2007.17809,-895.00557,3168.42701,2020-03-28 17:44:41.970,225272334.59524325,311824491.94302964,112218223.79843879,147812121854.2937,19627761831.47622,8507893109.6878195,58936.73937465277
46,2020,3,28,17,59,41.97,-14172636.334999999,22556318.139,1698685.3730000001,-1755.35393,-1330.77531,3163.29014,2020-03-28 17:59:41.970,224528828.37478969,312231197.4610012,112463604.65314706,147808708475.43048,19652203645.18771,8518489448.692141,58936.74979131943
46,2020,3,28,18,14,41.97,-15627891.233000001,21170862.897,4523202.677999999,-1474.00731,-1743.6062000000002,3104.54202,2020-03-28 18:14:41.970,223784200.02384168,312636309.96004796,112708411.96490502,147805290313.28656,19676644805.475105,8529085505.873483,58936.7602079861
46,2020,3,28,18,29,41.97,-16818410.511,19426769.343,7271087.768,-1167.87704,-2126.64586,2993.2446800000002,2020-03-28 18:29:41.970,223038453.01783797,313039826.98591703,112952644.3436914,147801867368.0572,19701085311.525764,8539681280.875599,58936.77062465277
46,2020,3,28,18,44,41.97,-17724169.76,17353749.709,9895842.628,-842.08993,-2473.54078,2831.3062699999996,2020-03-28 18:44:41.970,222291590.83878154,313441746.0902972,113196300.40138294,147798439639.93762,19725525162.52713,8550276773.342277,58936.78104131943
46,2020,3,28,18,59,41.97,-18329903.794999998,14986974.423,12353055.557,-502.0817400000001,-2778.53007,2621.44861,2020-03-28 18:59:41.970,221543616.9752344,313842064.83083117,113439378.7517605,147795007129.1233,19749964357.66676,8560871982.917342,58936.7914579861
46,2020,3,28,19,14,41.97,-18625347.813,12366499.718999999,14601114.944999998,-153.51469,-3036.5307700000003,2367.16435,2020-03-28 19:14:41.970,220794534.92231143,314240780.7711269,113681878.01051496,147791569835.81027,19774402896.132324,8571466909.244662,58936.80187465277
46,2020,3,28,19,29,41.97,-18605403.117000002,9536622.447,16601880.128,197.8076,-3243.2142000000003,2072.6645000000003,2020-03-28 19:29:41.970,220044348.18167445,314637891.48077154,113923796.79525292,147788127760.19446,19798840777.111584,8582061551.968142,58936.81229131943
46,2020,3,28,19,44,41.97,-18270225.288000003,6545170.406,18321300.739,546.0271799999999,-3395.07279,1742.81654,2020-03-28 19:44:41.970,219293060.26152647,315033394.5353426,114165133.72550291,147784680902.47208,19823277999.792423,8592655910.73172,58936.8227079861
46,2020,3,28,19,59,41.97,-17625233.404,3442737.0850000004,19729976.383,885.32014,-3489.47669,1383.07376,2020-03-28 19:59:41.970,218540674.67660567,315427287.5164204,114405887.42272097,147781229262.83954,19847714563.362816,8603249985.179375,58936.83312465277
46,2020,3,28,20,14,41.97,-16681039.46,281870.24100000004,20803648.831,1209.9854,-3524.71963,999.39605,2020-03-28 20:14:41.970,217787194.9481796,315819568.01160103,114646056.5102968,147777772841.49377,19872150467.01087,8613843774.955133,58936.84354131943
46,2020,3,28,20,29,41.97,-15453297.858,-2883775.585,21523619.349,1514.53339,-3500.0530599999997,598.1627699999999,2020-03-28 20:29:41.970,217032624.60403943,316210233.61450887,114885639.61355959,147774311638.63168,19896585709.924778,8624437279.703041,58936.8539579861
46,2020,3,28,20,44,41.97,-13962475.553,-6000311.8379999995,21877084.146,1793.77356,-3415.70805,186.07806,2020-03-28 20:44:41.970,216276967.17849368,316599281.9248077,115124635.35978408,147770845654.4503,19921020291.29287,8635030499.067207,58936.86437465277
46,2020,3,28,20,59,41.97,-12233544.287,-9014502.467,21857381.506,2042.89984,-3272.90381,-229.93062,2020-03-28 20:59:41.970,215520226.21236232,316986710.5482147,115363042.37819622,147767374889.14725,19945454210.30353,8645623432.691761,58936.87479131943
46,2020,3,28,21,14,41.97,-10295597.275,-11874651.823,21464144.723,2257.57284,-3073.8421,-642.8202,2020-03-28 21:14:41.970,214762405.25297096,317372517.09651184,115600859.29997937,147763899342.92004,19969887466.145317,8656216080.220873,58936.8852079861
46,2020,3,28,21,29,41.97,-8181393.825,-14531480.819,20703355.82,2433.99757,-2821.68655,-1045.5446299999999,2020-03-28 21:29:41.970,214003507.85414514,317756699.1875587,115838084.75828029,147760419015.9666,19994320058.00684,8666808441.298763,58936.89562465277
46,2020,3,28,21,44,41.97,-5926836.604,-16938977.428999998,19587296.023,2568.99516,-2520.5262199999997,-1431.17137,2020-03-28 21:44:41.970,213243537.5762038,318139254.4453053,116074717.3882149,147756933908.48505,20018751985.076866,8677400515.569681,58936.90604131943
46,2020,3,28,21,59,41.97,-3570387.62,-19055207.017,18134390.249,2660.06702,-2175.32272,-1793.0001900000002,2020-03-28 21:59:41.970,212482497.9859537,318520180.49980366,116310755.82687433,147753444020.67374,20043183246.544228,8687992302.677914,58936.9164579861
46,2020,3,28,22,14,41.97,-1152430.499,-20843067.527,16368944.432,2705.44978,-1791.84051,-2124.68216,2020-03-28 22:14:41.970,211720392.6566831,318899474.9872213,116546198.71333091,147749949352.73126,20067613841.597904,8698583802.267796,58936.92687465277
46,2020,3,28,22,29,41.97,1285411.852,-22270974.441,14320776.348,2704.15916,-1376.56053,-2420.33692,2020-03-28 22:29:41.970,210957225.1681564,319277135.54985344,116781044.68864426,147746449904.8563,20092043769.42698,8709175013.9837,58936.93729131943
46,2020,3,28,22,44,41.97,3700993.516,-23313460.617000002,12024742.705,2656.02126,-936.5776,-2674.66552,2020-03-28 22:44:41.970,210192999.10660726,319653159.83613455,117015292.395867,147742945677.24792,20116473029.220604,8719765937.470036,58936.9477079861
46,2020,3,28,22,59,41.97,6052383.653,-23951676.811,9520167.64,2561.6895,-479.48251,-2883.05618,2020-03-28 22:59:41.970,209427718.06473345,320027545.50065297,117248940.48005119,147739436670.10556,20140901620.168095,8730356572.37124,58936.95812465277
46,2020,3,28,23,14,41.97,8298612.940000001,-24173779.877,6850180.244999999,2422.6460300000003,-13.23064,-3041.68023,2020-03-28 23:14:41.970,208661385.64169005,320400290.20416105,117481987.58825387,147735922883.6286,20165329541.45886,8740946918.331818,58936.96854131943
46,2020,3,28,23,29,41.97,10400413.873,-23975197.345,4060971.295,2241.18657,454.00093000000004,-3147.57525,2020-03-28 23:29:41.970,207894005.44308367,320771391.61359006,117714432.36954339,147732404318.0167,20189756792.282383,8751536974.996292,58936.9789579861
46,2020,3,28,23,44,41.97,12320939.72,-23358759.375,1200981.9139999999,2020.38808,913.96478,-3198.7127499999997,2020-03-28 23:44:41.970,207125581.08096662,321140847.40206057,117946273.47500522,147728880973.46988,20214183371.82831,8762126742.009224,58936.98937465277
46,2020,3,28,23,59,41.97,14026446.663,-22334691.86,-1679960.812,1764.05932,1358.49971,-3194.04799,2020-03-28 23:59:41.970,206356116.17383075,321508655.2488969,118177509.55774836,147725352850.18835,20238609279.28636,8772716219.015226,58936.99979131943
46,2020,3,29,0,14,41.97,15486924.379,-20920466.444999997,-4531545.740999999,1476.6746799999999,1779.68894,-3133.54995,2020-03-29 00:14:41.970,205585614.346601,321874812.8396387,118408139.27291079,147721819948.37238,20263034513.846394,8783305405.658943,58937.0102079861
46,2020,3,29,0,29,41.97,16676657.589999998,-19140515.124,-7303889.438,1163.29298,2170.01491,-3018.2097,2020-03-29 00:29:41.970,204814079.23062986,322239317.8660538,118638161.277666,147718282268.2228,20287459074.698338,8793894301.58507,58937.02062465277
46,2020,3,29,0,44,41.97,17574713.087,-17025796.075999998,-9948460.785,829.46186,2522.50893,-2850.0272299999997,2020-03-29 00:44:41.970,204041514.4636907,322602168.0261512,118867574.231229,147714739809.94043,20311882961.03229,8804482906.438328,58937.03104131943
46,2020,3,29,0,59,41.97,18165330.424,-14613241.509,-12418968.506,481.11127999999997,2830.8885,-2631.97554,2020-03-29 00:59:41.970,203267923.68997222,322963361.02419335,119096376.79486223,147711192573.72632,20336306172.03841,8815071219.863483,58937.0414579861
46,2020,3,29,1,14,41.97,18438215.136,-11945082.087000001,-14672214.307,124.43806000000001,3089.68097,-2367.9437000000003,2020-03-29 01:14:41.970,202493310.5600718,323322894.57070875,119324567.6318815,147707640559.78186,20360728706.906998,8825659241.505352,58937.05187465277
46,2020,3,29,1,29,41.97,18388724.686,-9068069.064,-16668884.102,-234.21527,3294.3292300000003,-2062.65983,2020-03-29 01:29:41.970,201717678.73098958,323680766.3825051,119552145.40766248,147704083768.30862,20385150564.828445,8836246971.008774,58937.06229131943
46,2020,3,29,1,44,41.97,18017943.972,-6032610.24,-18374261.755,-588.48427,3441.27715,-1721.5963299999999,2020-03-29 01:44:41.970,200941031.8661227,324036974.1826817,119779108.78964648,147700522199.50833,20409571744.993267,8846834408.018644,58937.0727079861
46,2020,3,29,1,59,41.97,17332649.511,-2891839.012,-19758850.491,-932.10563,3528.0325700000003,-1350.85994,2020-03-29 01:59:41.970,200163373.63525787,324391515.7006424,120005456.44734658,147696955853.583,20433992246.592094,8857421552.179892,58937.08312465277
46,2020,3,29,2,14,41.97,16345164.322,299362.868,-20798889.69,-1259.0365299999999,3553.20702,-957.06978,2020-03-29 02:14:41.970,199384707.71456707,324744388.672108,120231187.05235398,147693384730.73508,20458412068.815636,8868008403.137484,58937.09354131943
46,2020,3,29,2,29,41.97,15073108.17,3485367.519,-21476757.747,-1563.56734,3516.5316,-547.22667,2020-03-29 02:29:41.970,198605037.78659955,325095590.8391297,120456299.27834378,147689808831.16675,20482831210.85478,8878594960.53643,58937.1039579861
46,2020,3,29,2,44,41.97,13539050.287,6610806.892,-21781254.704,-1840.42526,3418.84947,-128.5772,2020-03-29 02:44:41.970,197824367.54027674,325445119.9501005,120680791.80108133,147686228155.08093,20507249671.900455,8889181224.021786,58937.11437465277
46,2020,3,29,2,59,41.97,11770073.732,9621561.874000002,-21707761.472999997,-2084.8667600000003,3262.08615,291.524,2020-03-29 02:59:41.970,197042700.67088568,325792973.7597702,120904663.29842813,147682642702.68057,20531667451.143753,8899767193.23864,58937.12479131943
46,2020,3,29,3,14,41.97,9797262.219,12465715.213,-21258275.467,-2292.75715,3049.1991500000004,705.75068,2020-03-29 03:14:41.970,196260040.88007253,326139150.0292558,121127912.45034842,147679052474.16867,20556084547.77586,8910352867.832134,58937.1352079861
46,2020,3,29,3,29,41.97,7655121.498000001,15094450.629,-20441325.222,-2460.63633,2784.1090999999997,1106.93699,2020-03-29 03:29:41.970,195476391.8758369,326483646.5260566,121350537.93891475,147675457469.74872,20580500960.98807,8920938247.447428,58937.14562465277
46,2020,3,29,3,44,41.97,5380948.166,17462882.529,-19271769.092,-2585.76981,2471.61487,1488.20269,2020-03-29 03:44:41.970,194691757.37252504,326826461.02406526,121572538.44831468,147671857689.6244,20604916689.971806,8931523331.729746,58937.15604131943
46,2020,3,29,3,59,41.97,3014159.179,19530803.031,-17770485.218999997,-2666.18498,2117.29514,1843.0692,2020-03-29 03:59:41.970,193906141.09082383,327167591.3035813,121793912.66485652,147668253133.9995,20629331733.918575,8942108120.324345,58937.1664579861
46,2020,3,29,4,14,41.97,595595.384,21263335.406,-15963961.769,-2700.69263,1727.3992899999998,2165.56496,2020-03-29 04:14:41.970,193119546.75775436,327507035.1513246,122014659.27697589,147664643803.07812,20653746092.020046,8952692612.876522,58937.17687465277
46,2020,3,29,4,29,41.97,-1833187.907,22631485.46,-13883797.756,-2688.89434,1308.73017,2450.3185599999997,2020-03-29 04:29:41.970,192331978.10666588,327844790.3604472,122234776.97524153,147661029697.06458,20678159763.467937,8963276809.031616,58937.18729131943
46,2020,3,29,4,44,41.97,-4230630.846,23612584.75,-11566125.808,-2631.17636,868.52135,2692.63895,2020-03-29 04:44:41.970,191543438.877229,328180854.73054737,122454264.4523617,147657410816.1634,20702572747.454136,8973860708.435007,58937.1977079861
46,2020,3,29,4,59,41.97,-6555867.747,24190621.744,-9050968.842,-2528.6909299999998,414.31129,2888.58205,2020-03-29 04:59:41.970,190753932.81542987,328515226.06768143,122673120.4031905,147653787160.57928,20726985043.17063,8984444310.73212,58937.20812465277
46,2020,3,29,5,14,41.97,-8769403.765999999,24356459.121,-6381542.982,-2383.3262,-46.18356,3035.0036,2020-03-29 05:14:41.970,189963463.6735635,328847902.18437785,122891343.52473383,147650158730.5174,20751396649.809513,8995027615.568413,58937.21854131943
46,2020,3,29,5,29,41.97,-10833759.721,24107937.205,-3603519.091,-2197.6657400000004,-505.19458,3129.5982599999998,2020-03-29 05:29:41.970,189172035.2102275,329178880.8996492,123108932.5161558,147646525526.18286,20775807566.56299,9005610622.589392,58937.2289579861
46,2020,3,29,5,44,41.97,-12714076.303,23449865.207,-764255.181,-1974.93893,-955.02421,3170.92532,2020-03-29 05:44:41.970,188379651.19031578,329508160.0390059,123325886.07878485,147642887547.78107,20800217792.623394,9016193331.440613,58937.23937465277
46,2020,3,29,5,59,41.97,-14378669.895000001,22393903.303999998,2087988.381,-1718.96327,-1388.16509,3158.42131,2020-03-29 05:59:41.970,187586315.38501188,329835737.4344688,123542202.91612014,147639244795.51788,20824627327.18316,9026775741.767656,58937.24979131943
46,2020,3,29,6,14,41.97,-15799533.314,20958339.786000002,4904839.353,-1434.07982,-1797.4139200000002,3092.4001,2020-03-29 06:14:41.970,186792031.571783,330161610.9245825,123757881.73383749,147635597269.59897,20849036169.43484,9037357853.216154,58937.2602079861
46,2020,3,29,6,29,41.97,-16952775.673,19167768.491,7638598.769,-1125.0826599999998,-2175.97904,2974.04104,2020-03-29 06:29:41.970,185996803.53437302,330485778.3544279,123972921.23979612,147631944970.23065,20873444318.571087,9047939665.43178,58937.27062465277
46,2020,3,29,6,44,41.97,-17818996.498,17052672.57,10243010.297,-797.14345,-2517.58085,2805.3658600000003,2020-03-29 06:44:41.970,185200635.06279668,330808237.57563645,124187320.14404449,147628287897.6193,20897851773.78474,9058521178.060257,58937.28104131943
46,2020,3,29,6,59,41.97,-18383590.032,14648921.325,12674003.85,-455.73191,-2816.5444700000003,2589.2046400000004,2020-03-29 06:59:41.970,184403529.95333248,331128986.4464017,124401077.15882687,147624626051.97128,20922258534.268665,9069102390.74734,58937.2914579861
46,2020,3,29,7,14,41.97,-18636976.414,11997187.446,14890404.021,-106.53295,-3067.8838800000003,2329.15172,2020-03-29 07:14:41.970,183605492.00851676,331448022.83149344,124614190.99858941,147620959433.49377,20946664599.21588,9079683303.138815,58937.30187465277
46,2020,3,29,7,29,41.97,-18574757.097999997,9142292.533,16854594.385,244.63873,-3267.37703,2029.5118599999998,2020-03-29 07:29:41.970,182806525.03713685,331765344.6022703,124826660.37998663,147617288042.3935,20971069967.819527,9090263914.88054,58937.31229131943
46,2020,3,29,7,44,41.97,-18197792.537,6132489.306000001,18533129.150000002,591.92583,-3411.63134,1695.23713,2020-03-29 07:44:41.970,182006632.85422498,332080949.63669366,125038484.0218876,147613611878.8779,20995474639.272854,9100844225.618397,58937.3227079861
46,2020,3,29,7,59,41.97,-17512200.759,3018689.461,19897284.036000002,929.51693,-3498.13887,1331.855,2020-03-29 07:59:41.970,181205819.28105083,332394835.81934005,125249660.6453823,147609930943.15442,21019878612.76922,9111424234.998306,58937.33312465277
46,2020,3,29,8,14,41.97,-16529276.118999999,-146353.32,20923538.643,1251.73531,-3525.32069,945.38811,2020-03-29 08:14:41.970,180404088.14511633,332707001.0414144,125460188.97378808,147606245235.43094,21044281887.502125,9122003942.666245,58937.34354131943
46,2020,3,29,8,29,41.97,-15265328.17,-3308895.008,21593982.956,1553.12749,-3492.5593799999997,542.26602,2020-03-29 08:29:41.970,179601443.2801481,333017443.2007637,125670067.73265572,147602554755.91507,21068684462.665123,9132583348.268219,58937.3539579861
46,2020,3,29,8,44,41.97,-13741441.351,-6415076.646000001,21896641.081,1828.55049,-3400.2192099999997,129.22958,2020-03-29 08:44:41.970,178797888.52609107,333326160.2018902,125879295.6497761,147598859504.8153,21093086337.452,9143162451.45029,58937.36437465277
46,2020,3,29,8,59,41.97,-11983157.033,-9411811.891999999,21825705.805,2073.25693,-3249.6528,-286.77148,2020-03-29 08:59:41.970,177993427.72910222,333633149.9559636,126087871.45518632,147595159482.3399,21117487511.05654,9153741251.858562,58937.37479131943
46,2020,3,29,9,14,41.97,-10020080.429,-12247674.234,21381678.235,2282.97669,-3043.1935399999998,-698.6869,2020-03-29 09:14:41.970,177188064.74154386,333938410.38083625,126295793.88117604,147591454688.69763,21141887982.672703,9164319749.139162,58937.3852079861
46,2020,3,29,9,29,41.97,-7885416.015,-14873770.625,20571407.609,2453.9939,-2784.13286,-1099.4792200000002,2020-03-29 09:29:41.970,176381803.42197648,334241939.40105474,126503061.66229437,147587745124.09723,21166287751.494568,9174897942.938282,58937.39562465277
46,2020,3,29,9,44,41.97,-5615436.313,-17244587.536,19408027.399,2583.2177399999996,-2476.68157,-1482.24063,2020-03-29 09:44:41.970,175574647.63515308,334543734.9478737,126709673.53535543,147584030788.74792,21190686816.71631,9185475832.902151,58937.40604131943
46,2020,3,29,9,59,41.97,-3248890.346,-19318794.842,17910785.183,2668.24547,-2125.91473,-1840.3119299999998,2020-03-29 09:59:41.970,174766601.2520117,334843794.95926964,126915628.2394456,147580311682.85873,21215085177.532234,9196053418.677042,58937.4164579861
46,2020,3,29,10,14,41.97,-826359.4970000001,-21059992.523000002,16104765.313,2707.4159600000003,-1737.69967,-2167.40143,2020-03-29 10:14:41.970,173957668.14966896,335142117.3799536,127120924.51592918,147576587806.63956,21239482833.136753,9206630699.909248,58937.42687465277
46,2020,3,29,10,29,41.97,1610429.895,-22437385.082000002,14020505.334999999,2699.85201,-1318.60742,-2457.70175,2020-03-29 10:29:41.970,173147852.21141356,335438700.16138536,127325561.10845543,147572859160.29993,21263879782.724426,9217207676.245163,58937.43729131943
46,2020,3,29,10,44,41.97,4019326.327,-23426368.880000003,11693509.234,2645.48976,-875.8078700000001,-2706.00189,2020-03-29 10:44:41.970,172337157.32669944,335733541.2617854,127529536.76296467,147569125744.05002,21288276025.48991,9227784347.331161,58937.4477079861
46,2020,3,29,10,59,41.97,6358493.02,-24009018.282,9163662.975,2545.09367,-416.95,-2907.79179,2020-03-29 10:59:41.970,171525587.39113915,336026638.6461501,127732850.22769468,147565387558.09995,21312671560.62797,9238360712.81371,58937.45812465277
46,2020,3,29,11,14,41.97,8587154.254999999,-24174457.826,6474560.302,2400.2557100000004,49.971309999999995,-3059.35669,2020-03-29 11:14:41.970,170713146.3064967,336317990.2862636,127935500.25318757,147561644602.66006,21337066387.333496,9248936772.339277,58937.46854131943
46,2020,3,29,11,29,41.97,10666333.58,-23919109.386,3672749.353,2213.37794,516.7594300000001,-3157.85833,2020-03-29 11:29:41.970,169899837.9806816,336607594.1607128,128137485.59229566,147557896877.94125,21361460504.801525,9259512525.554401,58937.4789579861
46,2020,3,29,11,44,41.97,12559568.598,-23246805.685,806913.125,1987.63788,975.16835,-3201.4003,2020-03-29 11:44:41.970,169085666.32774094,336895448.25489885,128338805.0001884,147554144384.1543,21385853912.22717,9270087972.105669,58937.48937465277
46,2020,3,29,11,59,41.97,14233586.876,-22168764.317,-2073000.896,1726.9367900000002,1417.05961,-3189.07526,2020-03-29 11:59:41.970,168270635.26785377,337181550.5610524,128539457.23435874,147550387121.5103,21410246608.80569,9280663111.639685,58937.49979131943
46,2020,3,29,12,14,41.97,15658927.827,-20703419.752,-4916684.63,1435.8315,1834.56035,-3120.99199,2020-03-29 12:14:41.970,167454748.72732362,337465899.0782467,128739441.0546296,147546625090.22067,21434638593.73246,9291237943.80313,58937.5102079861
46,2020,3,29,12,29,41.97,16810496.217,-18876114.299000002,-7674388.089,1119.45089,2220.21801,-2998.2810099999997,2020-03-29 12:29:41.970,166638010.63857165,337748491.8124108,128938755.22316028,147542858290.49695,21459029866.202972,9301812468.242695,58937.52062465277
46,2020,3,29,12,44,41.97,17668034.375,-16718652.737,-10297833.141999999,783.39904,2567.14786,-2823.07798,2020-03-29 12:44:41.970,165820424.94012997,338029326.7763426,129137398.5044532,147539086722.55093,21483420425.412838,9312386684.60515,58937.53104131943
46,2020,3,29,12,59,41.97,18216501.992000002,-14268728.978,-12741102.406,433.64723,2869.1692199999998,-2598.4851,2020-03-29 12:59:41.970,165001995.57663485,338308401.9897237,129335369.66536029,147535310386.59476,21507810270.557793,9322960592.537283,58937.5414579861
46,2020,3,29,13,14,41.97,18446354.74,-11569236.602,-14961483.728,76.41755,3120.92675,-2328.5112200000003,2020-03-29 13:14:41.970,164182726.49881938,338585715.4791323,129532667.47508949,147531529282.84055,21532199400.833683,9333534191.685944,58937.55187465277
46,2020,3,29,13,29,41.97,18353715.535,-8667478.184,-16920251.767,-281.93879,3317.99355,-2017.9922800000002,2020-03-29 13:29:41.970,163362621.6635071,338861265.278057,129729290.70521177,147527743411.5008,21556587815.436478,9344107481.698,58937.56229131943
46,2020,3,29,13,44,41.97,17940435.074,-5614290.9520000005,-18583369.921,-635.06523,3456.95366,-1672.49428,2020-03-29 13:44:41.970,162541685.03360495,339135049.4269095,129925238.12966682,147523952772.78827,21580975513.562286,9354680462.220406,58937.5727079861
46,2020,3,29,13,59,41.97,17214041.207,-2463108.251,-19922098.068,-976.72263,3535.4619399999997,-1298.20147,2020-03-29 13:59:41.970,161719920.5780957,339407065.97304016,130120508.52477038,147520157366.91586,21605362494.40731,9365253132.900127,58937.58312465277
46,2020,3,29,14,14,41.97,16187579.493999999,731022.414,-20913494.252,-1300.90782,3552.28058,-901.7930600000001,2020-03-29 14:14:41.970,160897332.2720318,339677312.9707501,130315100.66922058,147516357194.09668,21629748757.16787,9375825493.384176,58937.59354131943
46,2020,3,29,14,29,41.97,14879349.994,3912443.4310000003,-21540801.377,-1601.9651900000001,3507.29176,-490.31155,2020-03-29 14:29:41.970,160073924.09652787,339945788.4813054,130509013.34410448,147512552254.54422,21654134301.04047,9386397543.31963,58937.6039579861
46,2020,3,29,14,44,41.97,13312547.662999999,7025892.03,-21793713.071999997,-1874.68893,3401.48708,-71.02643,2020-03-29 14:44:41.970,159249700.03875405,340212490.5729509,130702245.33290477,147508742548.472,21678519125.221634,9396969282.353598,58937.61437465277
46,2020,3,29,14,59,41.97,11514815.795,10017485.676,-21668515.952000003,-2114.41375,3236.9349399999996,348.7036,2020-03-29 14:59:41.970,158424664.09192848,340477417.32092446,130894795.42150638,147504928076.09387,21702903228.908096,9407540710.133224,58937.62479131943
46,2020,3,29,15,14,41.97,9517723.513,12835668.795,-21168108.489,-2317.09269,3016.7275400000003,761.56659,2020-03-29 15:14:41.970,157598820.2553106,340740566.80746937,131086662.39820312,147501108837.62378,21727286611.296673,9418111826.305725,58937.6352079861
46,2020,3,29,15,29,41.97,7356179.514,15432103.446999999,-20301899.441,-2479.36085,2744.90973,1160.42853,2020-03-29 15:29:41.970,156772172.53419402,341001937.12184936,131277845.05370432,147497284833.2761,21751669271.58431,9428682630.518343,58937.64562465277
46,2020,3,29,15,44,41.97,5067795.023,17762488.686,-19085591.211999997,-2598.5844500000003,2426.39209,1538.45749,2020-03-29 15:44:41.970,155944724.93989924,341261526.36036205,131468342.1811414,147493456063.26538,21776051208.968052,9439253122.418356,58937.65604131943
46,2020,3,29,15,59,41.97,2692209.244,19787295.606,-17540855.643999998,-2672.8951300000003,2066.85097,1889.2382400000001,2020-03-29 15:59:41.970,155116481.48976687,341519332.6263531,131658152.57607481,147489622527.80637,21800432422.645103,9449823301.65312,58937.6664579861
46,2020,3,29,16,14,41.97,270390.60000000003,21472407.526,-15694911.394000001,-2701.20951,1672.61807,2206.87605,2020-03-29 16:14:41.970,154287446.20714974,341775354.0302288,131847275.03650038,147485784227.11383,21824812911.81278,9460393167.869997,58937.67687465277
46,2020,3,29,16,29,41.97,-2156073.29,22789657.146,-13580013.412,-2683.23475,1250.5623400000002,2486.08806,2020-03-29 16:29:41.970,153457623.12140682,342029588.689472,132035708.36285624,147481941161.4032,21849192675.668495,9470962720.71643,58937.68729131943
46,2020,3,29,16,44,41.97,-4545684.52,23717254.883,-11232865.956,-2619.46068,807.96668,2722.2817099999997,2020-03-29 16:44:41.970,152627016.267895,342282034.72865486,132223451.35802954,147478093330.88956,21873571713.409832,9481531959.839884,58937.6977079861
46,2020,3,29,16,59,41.97,-6857731.09,24240104.783999998,-8693971.186999999,-2511.1395899999998,352.40177,2911.61943,2020-03-29 16:59:41.970,151795629.68796262,342532690.2794519,132410502.82736294,147474240735.78873,21897950024.23445,9492100884.887884,58937.70812465277
46,2020,3,29,17,14,41.97,-9052959.716,24350006.459,-6006925.696,-2360.25463,-108.40068,3051.06961,2020-03-29 17:14:41.970,150963467.42894158,342781553.4806557,132596861.57866172,147470383376.31656,21922327607.340153,9502669495.507996,58937.71854131943
46,2020,3,29,17,29,41.97,-11094215.572999999,24045743.286000002,-3217677.333,-2169.4781399999997,-566.67364,3138.4439300000004,2020-03-29 17:29:41.970,150130533.54414082,343028622.4781904,132782526.42220004,147466521252.68912,21946704461.92488,9513237791.34782,58937.7289579861
46,2020,3,29,17,44,41.97,-12947040.325,23333058.731000002,-373754.553,-1942.12085,-1014.7374199999999,3172.42114,2020-03-29 17:44:41.970,149296832.09283817,343273895.42512465,132967496.17072822,147462654365.12268,21971080587.186676,9523805772.055033,58937.73937465277
46,2020,3,29,17,59,41.97,-14580220.853,22224524.006,2476519.829,-1682.07324,-1445.11827,3152.558,2020-03-29 17:59:41.970,148462367.14027387,343517370.4816869,133151769.63947906,147458782713.83368,21995455982.323704,9534373437.277319,58937.74979131943
46,2020,3,29,18,14,41.97,-15966282.075,20739301.428,5284819.048,-1393.7401599999998,-1850.66139,3079.2877,2020-03-29 18:14:41.970,147627142.75764275,343759045.81527907,133335345.64617498,147454906299.03894,22019830646.53427,9544940786.662437,58937.7602079861
46,2020,3,29,18,29,41.97,-17081918.215,18902808.824,8003596.012,-1081.96959,-2224.63764,2953.9064700000004,2020-03-29 18:29:41.970,146791163.02208677,343998919.6004901,133518223.01103453,147451025120.95535,22044204579.0168,9555507819.858187,58937.77062465277
46,2020,3,29,18,44,41.97,-17908357.746999998,16746291.120000001,10586849.731,-751.97664,-2560.8429899999996,2778.54884,2020-03-29 18:44:41.970,145954432.0166881,344236990.0191108,133700400.5567795,147447139179.80032,22068577778.969837,9566074536.512403,58937.78104131943
46,2020,3,29,18,59,41.97,-18431658.062999997,14306305.935,12990864.686999999,-409.2635,-2853.69005,2556.15236,2020-03-29 18:59:41.970,145116953.83046138,344473255.26014733,133881877.10864139,147443248475.791,22092950245.592056,9576640936.27298,58937.7914579861
46,2020,3,29,19,14,41.97,-18642926.630000003,11624130.598,15174913.775999999,-59.53627,-3098.29105,2290.412,2020-03-29 19:14:41.970,144278732.55834633,344707713.5198362,134062651.49436848,147439353009.145,22117321978.082253,9587207018.787848,58937.80187465277
46,2020,3,29,19,29,41.97,-18538466.11,8745098.529000001,17101915.923,291.38072,-3290.53174,1985.72508,2020-03-29 19:29:41.970,143439772.30120048,344940363.0016575,134242722.54423258,147435452780.08044,22141692975.639343,9597772783.704994,58937.81229131943
46,2020,3,29,19,44,41.97,-18119841.522,5717873.482,18739039.898,637.63235,-3427.13548,1647.1269399999999,2020-03-29 19:44:41.970,142600077.1657912,345171201.9163495,134422089.0910361,147431547788.8152,22166063237.462376,9608338230.672447,58937.8227079861
46,2020,3,29,19,59,41.97,-17393868.181,2593670.651,20058246.285,973.4212100000001,-3505.71711,1280.21783,2020-03-29 19:59:41.970,141759651.26478887,345400228.4819231,134600749.97011867,147427638035.56757,22190432762.750538,9618903359.338284,58937.83312465277
46,2020,3,29,20,14,41.97,-16372519.772,-574565.7089999999,21036759.884,1293.09647,-3524.8256100000003,891.08152,2020-03-29 20:14:41.970,140918498.71675894,345627440.9236757,134778704.0193639,147423723520.55618,22214801550.703114,9629468169.350624,58937.84354131943
46,2020,3,29,20,29,41.97,-15072756.604,-3733017.915,21657465.288,1591.24223,-3483.9751699999997,486.19604,2020-03-29 20:29:41.970,140076623.64615425,345852837.4742056,134955950.07920676,147419804243.99973,22239169600.519516,9640032660.357643,58937.8539579861
46,2020,3,29,20,44,41.97,-13516274.846,-6827872.720000001,21909218.763,1862.76459,-3383.66343,72.33707,2020-03-29 20:44:41.970,139234030.18330783,346076416.3734264,135132486.99264017,147415880206.11725,22263536911.399326,9650596832.007553,58937.86437465277
46,2020,3,29,20,59,41.97,-11729178.411999999,-9806209.678,21787070.128,2102.9763199999998,-3225.3763599999997,-343.52534,2020-03-29 20:59:41.970,138390722.46442515,346298175.8685813,135308313.6052217,147411951407.12778,22287903482.542194,9661160683.94862,58937.87479131943
46,2020,3,29,21,14,41.97,-9741576.149,-12616887.42,21292388.987999998,2307.67795,-3011.57866,-754.3358999999999,2020-03-29 21:14:41.970,137546704.63157624,346518114.21425706,135483428.76508114,147408017847.25073,22312269313.147938,9671724215.829165,58937.8852079861
46,2020,3,29,21,29,41.97,-7587108.119000001,-15211414.501,20432890.538,2473.23402,-2745.6889,-1153.06789,2020-03-29 21:29:41.970,136701980.83268833,346736229.67239887,135657831.32292688,147404079526.706,22336634402.41647,9682287427.297535,58937.89562465277
46,2020,3,29,21,44,41.97,-5302406.028,-17544790.722000003,19222557.254,2596.64293,-2432.0386599999997,-1532.84049,2020-03-29 21:44:41.970,135856555.22153807,346952520.51232475,135831520.1320533,147400136445.71326,22360998749.547863,9692850318.00215,58937.90604131943
46,2020,3,29,21,59,41.97,-2926494.274,-19576304.269,17681454.101,2675.5987299999997,-2075.81513,-1887.03775,2020-03-29 21:59:41.970,135010431.95774367,347166985.0107393,136004494.0483471,147396188604.49237,22385362353.742306,9703412887.591452,58937.9164579861
46,2020,3,29,22,14,41.97,-500139.581,-21270269.625,15835436.583999999,2708.54331,-1682.9869099999999,-2209.4274299999997,2020-03-29 22:14:41.970,134163615.20675749,347379621.45174885,136176751.93029523,147392236003.264,22409725214.200092,9713975135.713953,58937.92687465277
46,2020,3,29,22,29,41.97,1934841.26,-22596691.174,13715752.822,2694.70705,-1260.21311,-2494.2772099999997,2020-03-29 22:29:41.970,133316109.13985778,347590428.1268759,136348292.63899103,147388278642.24854,22434087330.121666,9724537062.018196,58937.93729131943
46,2020,3,29,22,44,41.97,4336304.478,-23531837.754,11358543.07,2634.1363699999997,-814.73653,-2736.4659699999997,2020-03-29 22:44:41.970,132467917.93414144,347799403.33507323,136519115.0381418,147384316521.66666,22458448700.7076,9735098666.15279,58937.9477079861
46,2020,3,29,22,59,41.97,6662520.735,-24058714.202,8804242.463000001,2527.7066600000003,-354.26182,-2931.58708,2020-03-29 22:59:41.970,131619045.7725157,348006545.382738,136689217.99407542,147380349641.73944,22482809325.158577,9745659947.76638,58937.95812465277
46,2020,3,29,23,14,41.97,8872921.112,-24167417.311,6096895.312,2377.11937,113.17922,-3076.0411799999997,2020-03-29 23:14:41.970,130769496.84369063,348211852.5837276,136858600.37574792,147376378002.68805,22507169202.675423,9756220906.507652,58937.96854131943
46,2020,3,29,23,29,41.97,10928832.925,-23855365.436,3283391.842,2184.88221,579.3732200000001,-3167.1153200000003,2020-03-29 23:29:41.970,129919275.34217098,348415323.2593735,137027261.05474994,147372401604.7338,22531528332.459106,9766781542.025358,58937.9789579861
46,2020,3,29,23,44,41.97,12794190.084,-23127393.464,412640.738,1954.27229,1036.07837,-3203.04601,2020-03-29 23:44:41.970,129068385.46824858,348616955.73849535,137195198.9053143,147368420448.09836,22555886713.710686,9777341853.968283,58937.98937465277
46,2020,3,29,23,59,41.97,14436202.51,-21995707.736,-2465306.8830000004,1689.28214,1475.18187,-3183.0637699999997,2020-03-29 23:59:41.970,128216831.42799383,348816748.357416,137362412.80432266,147364434533.00363,22580244345.631367,9787901841.98527,58937.99979131943
46,2020,3,30,0,14,41.97,15825969.84,-20479697.776,-5300165.731,1394.54934,1888.85779,-3107.41738,2020-03-30 00:14:41.970,127364617.43324848,349014699.4599768,137528901.63131303,147360443859.67163,22604601227.42249,9798461505.72521,58938.0102079861
46,2020,3,30,0,29,41.97,16939023.434,-18605612.529999997,-8042330.86,1075.27128,2269.72068,-2977.37626,2020-03-30 00:29:41.970,126511747.70161714,349210807.3975513,137694664.26848665,147356448428.3247,22628957358.285526,9809020844.837038,58938.02062465277
46,2020,3,30,0,44,41.97,17755788.593000002,-16406091.093999999,-10643796.202,737.1064899999999,2610.97253,-2795.2111999999997,2020-03-30 00:44:41.970,125658226.4564593,349405070.52905995,137859699.6007151,147352448239.18524,22653312737.422066,9819579858.969738,58938.03104131943
46,2020,3,30,0,59,41.97,18261949.894,-13919576.699,-13059033.941,386.06546000000003,2906.5367100000003,-2564.15249,2020-03-30 00:59:41.970,124804057.92688133,349597487.22098607,138024006.51554748,147348443292.47598,22677667364.03384,9830138547.772356,58938.0414579861
46,2020,3,30,1,14,41.97,18448715.981000002,-11189611.594,-15245832.582999999,28.39337,3151.17708,-2288.32732,2020-03-30 01:14:41.970,123949246.34772855,349788055.84738874,138187583.90321773,147344433588.42014,22702021237.322693,9840696910.89395,58938.05187465277
46,2020,3,30,1,29,41.97,18312976.072,-8264033.880000001,-17166068.59,-329.55206999999996,3340.5984900000003,-1972.6776399999999,2020-03-30 01:29:41.970,123093795.95957686,349976774.78991926,138350430.65665144,147340419127.24066,22726374356.490616,9851254947.983677,58938.06229131943
46,2020,3,30,1,44,41.97,17857345.542999998,-5194093.205999999,-18786396.217,-681.42437,3471.52627,-1622.861,2020-03-30 01:44:41.970,122237711.00872457,350163642.43783486,138512545.67147344,147336399909.16098,22750726720.739723,9861812658.69071,58938.0727079861
46,2020,3,30,1,59,41.97,17090100.522,-2033505.0189999999,-20078841.375,-1021.0106699999999,3541.76307,-1245.13691,2020-03-30 01:59:41.970,121380995.74718454,350348657.188014,138673927.84601468,147332375934.40457,22775078329.272255,9872370042.66429,58938.08312465277
46,2020,3,30,2,14,41.97,16025004.223,1162535.741,-21021288.024,-1342.34942,3550.22203,-846.24221,2020-03-30 02:14:41.970,120523654.43267559,350531817.44497114,138834576.0813198,147328347203.19547,22799429181.290585,9882927099.553673,58938.09354131943
46,2020,3,30,2,29,41.97,14681030.392,4338360.151,-21597848.597,-1639.84087,3496.93633,-433.25858,2020-03-30 02:29:41.970,119665691.3286146,350713121.6208712,138994489.2811537,147324313715.7577,22823779275.997223,9893483829.008217,58938.1039579861
46,2020,3,30,2,44,41.97,13081991.548,7438828.865999999,-21799113.029,-1908.34779,3383.0455,-13.475819999999999,2020-03-30 02:44:41.970,118807110.70410776,350892568.13554496,139153666.35200962,147320275472.31558,22848128612.594803,9904040230.677286,58938.11437465277
46,2020,3,30,2,59,41.97,11256081.693,10410313.458,-21622274.044999998,-2143.2845899999998,3210.75994,405.74587,2020-03-30 02:59:41.970,117947916.83394279,351070155.4165045,139312106.20311567,147316232473.0934,22872477190.286095,9914596304.210304,58938.12479131943
46,2020,3,30,3,14,41.97,9235344.664,13201636.607,-21071129.302,-2340.69317,2983.3053299999997,817.1113,2020-03-30 03:14:41.970,117088113.99858041,351245881.8989568,139469807.7464428,147312184718.316,22896825008.274,9925152049.256771,58938.1352079861
46,2020,3,30,3,29,41.97,7055080.476,15764954.043,-20155963.705,-2497.30474,2704.84917,1213.52072,2020-03-30 03:29:41.970,116227706.48414564,351419746.02581924,139626769.89671123,147308132208.20834,22921172065.761543,9935707465.466194,58938.14562465277
46,2020,3,30,3,44,41.97,4753202.653,18056563.275000002,-18893317.57,-2610.58691,2380.41197,1588.1927,2020-03-30 03:44:41.970,115366698.58242,351591746.2477355,139782991.57139862,147304074942.99564,22945518361.951885,9946262552.48817,58938.15604131943
46,2020,3,30,3,59,41.97,2369559.875,20037626.442,-17305648.389000002,-2678.77589,2015.76566,1934.77738,2020-03-30 03:59:41.970,114505094.59083253,351761881.02308923,139938471.6907467,147300012922.90308,22969863896.04833,9956817309.972307,58938.1664579861
46,2020,3,30,4,14,41.97,-54764.84,21674797.053999998,-15420895.566,-2700.89423,1617.32206,2247.4586200000003,2020-03-30 04:14:41.970,113642898.8124516,351930148.8180205,140093209.17776904,147295946148.15616,22994208667.25429,9967371737.5683,58938.17687465277
46,2020,3,30,4,29,41.97,-2478164.5050000004,22940742.8,-13271958.762,-2676.7545,1192.01389,2521.0436299999997,2020-03-30 04:29:41.970,112780115.5559763,352096548.1064393,140247202.95825812,147291874618.98108,23018552674.773354,9977925834.925858,58938.18729131943
46,2020,3,30,4,44,41.97,-4859215.828000001,23814558.928,-10896101.412,-2606.94971,747.17098,2751.0395399999998,2020-03-30 04:44:41.970,111916749.13572797,352261077.3700418,140400451.96079293,147287798335.60355,23042895917.809174,9988479601.694786,58938.1977079861
46,2020,3,30,4,59,41.97,-7157372.698999999,24282068.877,-8334291.494999999,-2492.83153,290.39389,2933.7162399999997,2020-03-30 04:59:41.970,111052803.87164156,352423735.0983254,140552955.11674607,147283717298.25,23067238395.56559,9999033037.524902,58938.20812465277
46,2020,3,30,5,14,41.97,-9333634.952,24336010.866,-5630491.909,-2336.47736,-170.57283,3066.15549,2020-03-30 05:14:41.970,110188284.0892571,352584519.7886032,140704711.3602913,147279631507.14673,23091580107.246563,10009586142.06608,58938.21854131943
46,2020,3,30,5,29,41.97,-11351182.859000001,23976110.902,-2830912.84,-2140.64729,-627.9659800000001,3146.28635,2020-03-30 05:29:41.970,109323194.11971083,352743429.9460204,140855719.6284111,147275540962.52063,23115921052.056183,10020138914.968262,58938.2289579861
46,2020,3,30,5,44,41.97,-13175968.865999999,23209044.259,16761.72,-1908.73228,-1074.1260100000002,3172.90722,2020-03-30 05:44:41.970,108457538.29972696,352900464.0835678,141005978.8609037,147271445664.5984,23140261229.19868,10030691355.881418,58938.23937465277
46,2020,3,30,5,59,41.97,-14777259.103,22048288.796,2864161.48,-1644.6946,-1501.61483,3145.69506,2020-03-30 05:59:41.970,107591320.97160839,353055620.7220986,141155488.00039077,147267345613.60724,23164600637.878403,10041243464.455587,58938.24979131943
46,2020,3,30,6,14,41.97,-16128118.188000001,20513874.629,5663019.972,-1353.00153,-1903.3281399999998,3065.20211,2020-03-30 06:14:41.970,106724546.48322852,353208898.39034307,141304245.99232492,147263240809.77438,23188939277.29984,10051795240.34086,58938.2602079861
46,2020,3,30,6,29,41.97,-17205831.819,18632035.612,8365956.459000001,-1038.55356,-2272.6012,2932.8409500000002,2020-03-30 06:29:41.970,105857219.18802205,353360295.62492365,141452251.78499696,147259131253.32758,23213277146.66763,10062346683.187353,58938.27062465277
46,2020,3,30,6,44,41.97,-17992262.468000002,16434768.863000002,10927239.251,-706.60771,-2603.3072599999996,2750.8583,2020-03-30 06:44:41.970,104989343.44497631,353509810.9703704,141599504.32954347,147255016944.49457,23237614245.18652,10072897792.645266,58938.28104131943
46,2020,3,30,6,59,41.97,-18474134.345999997,13959309.255,13303520.652999999,-362.69712,-2889.94799,2522.29822,2020-03-30 06:59:41.970,104120923.61862248,353657442.979137,141746002.57995436,147250897883.5033,23261950572.0614,10083448568.364828,58938.2914579861
46,2020,3,30,7,14,41.97,-18643244.492999997,11247526.348,15454534.230999999,-12.54746,-3127.73529,2250.95527,2020-03-30 07:14:41.970,103251964.0790266,353803190.2116151,141891745.49308035,147246774070.58194,23286286126.497314,10093999009.996332,58938.30187465277
46,2020,3,30,7,29,41.97,-18496597.548,8345251.802000001,17343745.56,338.00898,-3312.6639,1941.31806,2020-03-30 07:29:41.970,102382469.2017805,353947051.2361498,142036732.02864027,147242645505.95886,23310620907.699425,10104549117.190107,58938.31229131943
46,2020,3,30,7,44,41.97,-18036462.373999998,5301545.822,18938948.045,683.12091,-3441.57416,1598.5037200000002,2020-03-30 07:44:41.970,101512443.36799322,354089024.62905616,142180961.14922905,147238512189.86276,23334954914.872993,10115098889.596556,58938.3227079861
46,2020,3,30,7,59,41.97,-17270349.358,2167911.7369999997,20212795.812,1017.0066099999999,-3512.20437,1228.1836500000002,2020-03-30 07:59:41.970,100641890.96428157,354229108.9746337,142324431.82032487,147234374122.52267,23359288147.223515,10125648326.866123,58938.33312465277
46,2020,3,30,8,14,41.97,-16210907.819,-1002531.58,21143266.011,1334.04272,-3523.23203,836.5009799999999,2020-03-30 08:14:41.970,99770816.38276133,354367302.86518216,142467143.0102968,147230231304.1674,23383620603.956516,10136197428.649294,58938.34354131943
46,2020,3,30,8,29,41.97,-14875743.686,-4155909.0889999997,21714043.336,1628.8525300000001,-3474.30314,429.98032,2020-03-30 08:29:41.970,98899224.02103812,354503604.90101695,142609093.6904127,147226083735.0264,23407952284.27773,10146746194.596613,58938.3539579861
46,2020,3,30,8,44,41.97,-13287158.343999999,-7238469.6729999995,21914819.941999998,1896.3926900000001,-3366.0487200000002,15.43017,2020-03-30 08:44:41.970,98027118.28219832,354638013.6904844,142750282.83484632,147221931415.3292,23432283187.39297,10157294624.358686,58938.36437465277
46,2020,3,30,8,59,41.97,-11471810.432,-10197475.07,21741504.564999998,2132.03752,-3200.08784,-400.16121999999996,2020-03-30 08:59:41.970,97154503.57479976,354770527.84997845,142890709.42068538,147217774345.30545,23456613312.508244,10167842717.58616,58938.37479131943
46,2020,3,30,9,14,41.97,-9460303.404000001,-12982084.972000001,21196335.283,2331.6595,-2979.0159400000002,-809.73562,2020-03-30 09:14:41.970,96281384.31286266,354901146.003955,143030372.42793894,147213612525.18515,23480942658.829636,10178390473.929737,58938.3852079861
46,2020,3,30,9,29,41.97,-7286702.789,-15544224.84,20287891.28,2491.70473,-2706.3779,-1206.2793000000001,2020-03-30 09:29:41.970,95407764.91586038,355029866.78494775,143169270.83954492,147209445955.1984,23505271225.563416,10188937893.040163,58938.39562465277
46,2020,3,30,9,44,41.97,-4987988.389,-17839422.241,19031000.087,2609.2617800000003,-2386.6249700000003,-1582.94055,2020-03-30 09:44:41.970,94533649.80871004,355156688.83358467,143307403.64137813,147205274635.57574,23529599011.915962,10199484974.568264,58938.40604131943
46,2020,3,30,9,59,41.97,-2603448.079,-19827596.99,17446538.154000003,2682.1223600000003,-2025.0551099999998,-1933.1489100000001,2020-03-30 09:59:41.970,93659043.4217634,355281610.79860264,143444769.8222579,147201098566.54752,23553926017.093807,10210031718.164885,58938.4164579861
46,2020,3,30,10,14,41.97,-174021.378,-21473790.021,15561124.293000001,2708.8319699999997,-1627.73648,-2250.73365,2020-03-30 10:14:41.970,92783950.19079722,355404631.33686376,143581368.3739553,147196917748.3448,23578252240.303604,10220578123.48094,58938.42687465277
46,2020,3,30,10,29,41.97,2258397.482,-22748815.922000002,13406707.491999999,2688.7289600000004,-1201.4143900000001,-2530.03958,2020-03-30 10:29:41.970,91908374.55700405,355525749.11337084,143717198.2912014,147192732181.19843,23602577680.75215,10231124190.167395,58938.43729131943
46,2020,3,30,10,44,41.97,4651685.711,-23629824.458,11020052.800999999,2621.97018,-753.40227,-2766.03731,2020-03-30 10:44:41.970,91032320.96698284,355644962.80128354,143852258.57169467,147188541865.3397,23626902337.646393,10241669917.875273,58938.4477079861
46,2020,3,30,10,59,41.97,6964234.681,-24100757.290000003,8442131.439000001,2509.54185,-291.45805,-2954.42537,2020-03-30 10:59:41.970,90155793.87272912,355762271.0819335,143986548.21610922,147184346801.00015,23651226210.193398,10252215306.255627,58938.45812465277
46,2020,3,30,11,14,41.97,9155695.279,-24152687.504,5717423.784,2353.25444,176.35227,-3091.7212,2020-03-30 11:14:41.970,89278797.73162603,355877672.6448411,144120066.22810164,147180146988.41144,23675549297.6004,10262760354.959597,58938.46854131943
46,2020,3,30,11,29,41.97,11187711.089,-23784031.503,2893146.488,2155.72059,641.8013599999999,-3175.3383,2020-03-30 11:29:41.970,88401337.00643422,355991166.18772954,144252811.6143197,147175942427.8054,23699871599.074707,10273305063.638351,58938.4789579861
46,2020,3,30,11,44,41.97,13024624.024999999,-23000625.33,18417.407,1920.31598,1096.65456,-3203.64688,2020-03-30 11:44:41.970,87523416.16528255,356102750.41654336,144384783.38440943,147171733119.4141,23724193113.823837,10283849431.943129,58938.48937465277
46,2020,3,30,11,59,41.97,14634136.99,-21815660.437999997,-2856625.751,1651.1230500000001,1532.82757,-3176.01571,2020-03-30 11:59:41.970,86645039.68165839,356212424.04546213,144515980.55102342,147167519063.4699,23748513841.05542,10294393459.525192,58938.49979131943
46,2020,3,30,12,14,41.97,15987918.573,-20249477.288999997,-5681735.324,1352.8586300000002,1942.54403,-3092.8334400000003,2020-03-30 12:14:41.970,85766212.0343977,356320185.7969168,144646402.12982848,147163300260.2054,23772833779.977203,10304937146.035902,58938.5102079861
46,2020,3,30,12,29,41.97,17062135.776,-18329218.771,-8407473.047,1030.7866800000002,2318.48877,-2955.50816,2020-03-30 12:29:41.970,84886937.70767571,356426034.40160674,144776047.13951352,147159076709.8533,23797152929.797127,10315480491.126633,58938.52062465277
46,2020,3,30,12,44,41.97,17837902.27,-16088349.148,-10986119.027999999,690.61822,2653.9527000000003,-2766.4447600000003,2020-03-30 12:44:41.970,84007221.19099684,356529968.5985143,144904914.60179728,147154848412.6466,23821471289.723213,10326023494.44883,58938.53104131943
46,2020,3,30,12,59,41.97,18301631.698000003,-13566047.866999999,-13372550.432,338.40081,2942.96537,-2529.00038,2020-03-30 12:59:41.970,83127066.97918485,356631987.13492185,145033003.5414362,147150615368.81842,23845788858.96364,10336566155.653997,58938.5414579861
46,2020,3,30,13,14,41.97,18445287.889,-10806490.953,-15525070.553,-19.59952,3180.41167,-2247.41893,2020-03-30 13:14:41.970,82246479.57237317,356732088.7664273,145160312.98623234,147146377578.60223,23870105636.72675,10347108474.393679,58938.55187465277
46,2020,3,30,13,29,41.97,18266526.574,-7858035.6959999995,-17406170.189,-377.02075,3362.1295999999998,-1926.74649,2020-03-30 13:29:41.970,81365463.4759949,356830272.2569604,145286841.9670416,147142135042.23166,23894421622.221004,10357650450.31948,58938.56229131943
46,2020,3,30,13,44,41.97,17768726.020999998,-4772326.745999999,-18983205.143,-727.5287099999999,3484.98681,-1572.7299500000001,2020-03-30 13:44:41.970,80484023.20077266,356926536.3787983,145412589.517781,147137887759.9404,23918736814.65501,10368192083.083055,58938.5727079861
46,2020,3,30,13,59,41.97,16960906.909,-1603343.54,-20228975.989,-1064.93887,3546.9342199999996,-1191.70171,2020-03-30 13:59:41.970,79602163.26270895,357020879.91258264,145537554.6754373,147133635731.9626,23943051213.237503,10378733372.336123,58938.58312465277
46,2020,3,30,14,14,41.97,15857544.547,1593589.949,-21122199.04,-1383.33328,3547.03605,-790.45374,2020-03-30 14:14:41.970,78719888.1830758,357113301.6473349,145661736.48007432,147129378958.53247,23967364817.177376,10389274317.730453,58938.59354131943
46,2020,3,30,14,29,41.97,14478279.136,4762811.776,-21647860.399,-1677.16979,3485.4761399999998,-376.10432,2020-03-30 14:29:41.970,77837202.48840491,357203800.3804729,145785133.97484136,147125117439.8846,23991677625.683674,10399814918.917866,58938.6039579861
46,2020,3,30,14,44,41.97,12847532.053000001,7849323.837,-21797448.134999998,-1941.3813200000002,3363.5412300000003,44.039010000000005,2020-03-30 14:44:41.970,76954110.71047725,357292374.91782653,145907746.2059812,147120851176.25354,24015989637.96553,10410355175.550232,58938.61437465277
46,2020,3,30,14,59,41.97,10994038.037,10799768.796,-21569060.618,-2171.46319,3183.58262,462.61701999999997,2020-03-30 14:59:41.970,76070617.38631311,357379024.07365525,146029572.22283775,147116580167.87418,24040300853.232304,10420895087.279488,58938.62479131943
46,2020,3,30,15,14,41.97,8950304.654,13563363.449000001,-20967392.031,-2363.54719,2948.95807,872.35371,2020-03-30 15:14:41.970,75186727.0581617,357463746.6706624,146150611.07786417,147112304414.9817,24064611270.69339,10431434653.7576,58938.6352079861
46,2020,3,30,15,29,41.97,6752011.478,16092771.679,-20003598.685000002,-2514.46137,2663.9560800000004,1266.18578,2020-03-30 15:29:41.970,74302444.27349095,357546541.5400133,146270861.8266311,147108023917.81137,24088920889.558422,10441973874.636642,58938.64562465277
46,2020,3,30,15,44,41.97,4437362.049000001,18344902.348,-18695052.15,-2621.77514,2333.7052,1637.38435,2020-03-30 15:44:41.970,73417773.58497724,357627407.52135074,146390323.5278347,147103738676.59875,24113229709.03712,10452512749.568691,58938.65604131943
46,2020,3,30,15,59,41.97,2046401.9330000002,20281619.785,-17064987.176999997,-2683.82953,1964.07097,1979.6667699999998,2020-03-30 15:59:41.970,72532719.55049482,357706343.4628108,146508995.2433046,147099448691.57965,24137537728.339375,10463051278.205893,58938.6664579861
46,2020,3,30,16,14,41.97,-379683.913,21870356.974,-15142053.974,-2699.7529799999998,1561.54318,2287.2970499999997,2020-03-30 16:14:41.970,71647286.73310567,357783348.2210403,146626876.03801164,147095153962.9899,24161844946.67519,10473589460.200464,58938.67687465277
46,2020,3,30,16,29,41.97,-2799281.663,23084623.921,-12959785.646,-2669.46319,1133.11612,2555.17385,2020-03-30 16:29:41.970,70761479.70104872,357858420.66121286,146743964.98007682,147090854491.06583,24186151363.25474,10484127295.204653,58938.68729131943
46,2020,3,30,16,44,41.97,-5171054.850000001,23904406.02,-10555992.414,-2593.65591,686.16429,2778.90514,2020-03-30 16:44:41.970,69875303.02772956,357931559.65704507,146860261.14077875,147086550276.04376,24210456977.28833,10494664782.870779,58938.6977079861
46,2020,3,30,16,59,41.97,-7454634.962,24316449.382,-7972094.77,-2473.78156,228.31583999999998,2954.86914,2020-03-30 16:59:41.970,68988761.29170974,358002764.09081274,146975763.59456176,147082241318.1603,24234761787.986412,10505201922.85122,58938.70812465277
46,2020,3,30,17,14,41.97,-9611285.993999999,24314432.076,-5252407.946,-2312.01092,-232.67407,3080.2616,2020-03-30 17:14:41.970,68101859.07669632,358072032.8533676,147090471.41904458,147077927617.65216,24259065794.559566,10515738714.798393,58938.71854131943
46,2020,3,30,17,29,41.97,-11604533.553,23899021.968000002,-2443390.028,-2111.19088,-689.0482999999999,3153.12935,2020-03-30 17:29:41.970,67214600.97153099,358139364.84415424,147204383.69502807,147073609174.7565,24283368996.218544,10526275158.364786,58938.7289579861
46,2020,3,30,17,44,41.97,-13400750.161,23077823.408,407134.124,-1874.7915500000001,-1133.1695399999999,3172.39058,2020-03-30 17:44:41.970,66326991.570179425,358204758.97122645,147317499.5065033,147069285989.71045,24307671392.174217,10536811253.202934,58938.73937465277
46,2020,3,30,17,59,41.97,-14969689.431,21865216.297,3250761.412,-1606.84571,-1557.63742,3137.84231,2020-03-30 17:59:41.970,65439035.4717205,358268214.1512628,147429817.94066033,147064958062.75168,24331972981.63762,10547346998.965431,58938.74979131943
46,2020,3,30,18,14,41.97,-16284962.776,20282092.167999998,6039300.142,-1311.88179,-1955.40005,3050.1555200000003,2020-03-30 18:14:41.970,64550737.28033562,358329729.30958486,147541338.08789575,147060625394.11758,24356273763.8199,10557882395.304932,58938.7602079861
46,2020,3,30,18,29,41.97,-17324453.237,18355492.868,8725550.0,-994.85136,-2319.85885,2910.8585900000003,2020-03-30 18:29:41.970,63662101.60529757,358389303.3801728,147652059.04182148,147056287984.04614,24380573737.93238,10568417441.874136,58938.77062465277
46,2020,3,30,18,44,41.97,-18070661.887,16118158.165000001,11264062.086,-661.0519700000001,-2644.9659300000003,2722.30967,2020-03-30 18:44:41.970,62773133.06095985,358446935.30568177,147761979.8992724,147051945832.77557,24404872903.18654,10578952138.325813,58938.78104131943
46,2020,3,30,18,59,41.97,-18510983.053,13607989.265,13611869.273,-316.0462,-2925.31349,2487.65845,2020-03-30 18:59:41.970,61883836.266745515,358502624.0374596,147871099.76031548,147047598940.54395,24429171258.79397,10589486484.312777,58938.7914579861
46,2020,3,30,19,14,41.97,-18637905.315,10867435.820999999,15729177.647,34.42217,-3156.21436,2210.7979699999996,2020-03-30 19:14:41.970,60994215.84713628,358556368.5355626,147979417.72825724,147043247307.58987,24453468803.9664,10600020479.487896,58938.80187465277
46,2020,3,30,19,29,41.97,-18449135.907,7942814.516000001,17580010.251,384.51442000000003,-3333.7733799999996,1896.30693,2020-03-30 19:29:41.970,60104276.43166128,358608167.7687727,148086932.90965253,147038890934.1521,24477765537.91573,10610554123.50412,58938.81229131943
46,2020,3,30,19,44,41.97,-17947646.804,4883567.866,19132794.787,728.3845799999999,-3454.94881,1549.38291,2020-03-30 19:44:41.970,59214022.65488617,358658020.7146142,148193644.4143125,147034529820.4696,24502061459.854015,10621087416.014416,58938.8227079861
46,2020,3,30,19,59,41.97,-17141641.359,1741472.418,20360887.296,1060.26812,-3517.60322,1175.76693,2020-03-30 19:59:41.970,58323459.15640164,358705926.3593701,148299551.3553134,147030163966.78143,24526356568.993435,10631620356.671846,58938.83312465277
46,2020,3,30,20,14,41.97,-16044441.059999999,-1430193.8520000002,21243024.241,1374.57071,-3520.5431599999997,781.6598700000001,2020-03-30 20:14:41.970,57432590.58081249,358751883.6980997,148404652.84900454,147025793373.32693,24550650864.54632,10642152945.129503,58938.84354131943
46,2020,3,30,20,29,41.97,-14674292.621000001,-4577514.5,21763695.838,1665.95632,-3463.54681,373.63111,2020-03-30 20:29:41.970,56541421.577725954,358795891.734655,148508948.01501676,147021418040.34576,24574944345.72514,10652685181.040548,58938.8539579861
46,2020,3,30,20,44,41.97,-13054096.455,-7646816.707,21913433.891,1929.43366,-3347.37875,-41.47995,2020-03-30 20:44:41.970,55649956.80174077,358837949.48169714,148612435.97627085,147017037968.0775,24599237011.742527,10663217064.058197,58938.86437465277
46,2020,3,30,20,59,41.97,-11211058.421,-10585560.567,21689008.03,2160.44002,-3173.79094,-456.66885,2020-03-30 20:59:41.970,54758200.912435494,358878055.9607141,148715115.8589863,147012653156.76236,24623528861.811234,10673748593.835722,58938.87479131943
46,2020,3,30,21,14,41.97,-9176267.809999999,-13343222.751,21093524.893999998,2354.9212,-2945.50917,-864.87664,2020-03-30 21:14:41.970,53866158.57435705,358916210.20203704,148816986.79268876,147008263606.64044,24647819895.144207,10684279770.026457,58938.8852079861
46,2020,3,30,21,29,41.97,-6984205.674,-15872161.006000001,20136425.776,2509.40608,-2666.20387,-1259.10472,2020-03-30 21:29:41.970,52973834.45700931,358952411.2448573,148918047.9102196,147003869317.95224,24672110110.95449,10694810592.283787,58938.89562465277
46,2020,3,30,21,44,41.97,-4672188.908,-18128445.224,18833379.366,2621.07455,-2340.44489,-1632.5328299999999,2020-03-30 21:44:41.970,52081233.23484151,358986658.13724416,149018298.34774357,146999470290.93823,24696399508.455315,10705341060.261154,58938.90604131943
46,2020,3,30,21,59,41.97,-2279756.958,-20072640.282,17206067.67,2687.81683,-1973.63951,-1978.63818,2020-03-30 21:59:41.970,51188359.58723658,359018949.93616027,149117737.24475777,146995066525.8393,24720688086.860012,10715871173.612068,58938.9164579861
46,2020,3,30,22,14,41.97,151990.481,-21670525.569000002,15281864.889,2708.28273,-1571.95373,-2291.31376,2020-03-30 22:14:41.970,50295218.198499486,359049285.7074802,149216363.74409986,146990658022.89645,24744975845.382137,10726400931.990091,58938.92687465277
46,2020,3,30,22,29,41.97,2581094.8389999997,-22893736.173,13093411.053,2681.91898,-1142.2169900000001,-2564.98354,2020-03-30 22:29:41.970,49401813.75784538,359077664.5260066,149314176.9919566,146986244782.35092,24769262783.23529,10736930335.048834,58938.93729131943
46,2020,3,30,22,44,41.97,4965467.660999999,-23720311.121999998,10678084.413,2608.99298,-691.8110800000001,-2794.71175,2020-03-30 22:44:41.970,48508150.95938796,359104085.4754876,149411176.13787237,146981826804.4442,24793548899.633316,10747459382.441984,58938.9477079861
46,2020,3,30,22,59,41.97,7263634.353,-24135135.055,8077379.092999999,2490.60161,-228.54464,-2976.3037099999997,2020-03-30 22:59:41.970,47614234.5021275,359128547.6486342,149507360.33475786,146977404089.4181,24817834193.790146,10757988073.823263,58938.95812465277
46,2020,3,30,23,14,41.97,9435478.647,-24130261.155,5336196.995999999,2328.6638700000003,239.4848,-3106.3950400000003,2020-03-30 23:14:41.970,46720069.089939,359151050.1471365,149602728.73889846,146972976637.5141,24842118664.919907,10768516408.846472,58938.96854131943
46,2020,3,30,23,29,41.97,11442972.859,-23705105.200000003,2502065.5620000004,2125.89656,704.03875,-3182.52676,2020-03-30 23:29:41.970,45825659.431560226,359171592.08168167,149697280.50996298,146968544448.97473,24866402312.23684,10779044387.165464,58938.9789579861
46,2020,3,30,23,44,41.97,13250878.533,-22866503.17,-375704.625,1885.77283,1156.89254,-3203.20349,2020-03-30 23:44:41.970,44931010.24057952,359190172.571971,149791014.81101206,146964107524.04196,24890685134.955326,10789572008.434145,58938.98937465277
46,2020,3,30,23,59,41.97,14827402.088000001,-21628627.848,-3246906.192,1612.46371,1589.99324,-3167.93259,2020-03-30 23:59:41.970,44036126.235423826,359206790.74673694,149883930.80850697,146959665862.95847,24914967132.289932,10800099272.306486,58938.99979131943
