SVN,Year,Month,Day,Hour,Minute,Second,X_m,Y_m,Z_m,U_m/s,V_m/s,W_m/s,UTC,x_moon,y_moon,z_moon,x_sun,y_sun,z_sun,MJD
46,2020,3,1,0,14,41.97,7672451.619,24602308.191,-5940179.387,-2463.41862,42.47169,-3011.1504,2020-03-01 00:14:41.970,256539930.6351161,290984750.7009797,98606275.5876227,139816049071.06473,-45163004125.3607,-19578839475.07722,58909.0102079861
46,2020,3,1,0,29,41.97,5394956.851,24426021.28,-8590559.458,-2590.31203,-433.63004,-2870.01849,2020-03-01 00:29:41.970,255845026.73673162,291454905.24980986,98871910.0131383,139825379936.81064,-45139703054.20363,-19568737772.184673,58909.02062465277
46,2020,3,1,0,44,41.97,3023450.526,23824094.774,-11091216.182,-2672.03096,-902.00134,-2678.92837,2020-03-01 00:44:41.970,255148823.005353,291923560.02210027,99137035.26440465,139834706171.47934,-45116400511.20323,-19558635429.523037,58909.03104131943
46,2020,3,1,0,59,41.97,599281.178,22807216.389000002,-13398660.118,-2707.1779,-1354.3912,-2441.29802,2020-03-01 00:59:41.970,254451322.57875833,292390712.2224116,99401649.85069925,139844027774.8359,-45093096497.17387,-19548532447.448742,58909.0414579861
46,2020,3,1,1,14,41.97,-1835323.363,21393372.448,-15472857.856,-2695.1987599999998,-1782.85686,-2161.3767199999998,2020-03-01 01:14:41.970,253752528.6020303,292856359.06021315,99665752.28266515,139853344746.64627,-45069791012.929886,-19538428826.318214,58909.05187465277
46,2020,3,1,1,29,41.97,-4238018.825,19607503.279,-17277943.178000003,-2636.3883600000004,-2179.91152,-1844.1602500000001,2020-03-01 01:29:41.970,253052444.22755584,293320497.7498958,99929341.0723171,139862657086.67627,-45046484059.28568,-19528324566.487873,58909.06229131943
46,2020,3,1,1,44,41.97,-6567104.5430000005,17481030.501000002,-18782845.436,-2531.8787500000003,-2538.6607799999997,-1495.29215,2020-03-01 01:44:41.970,252351072.61502546,293783125.510785,100192414.73304643,139871964794.6922,-45023175637.05551,-19518219668.314144,58909.0727079861
46,2020,3,1,1,59,41.97,-8782265.44,15051267.578000002,-19961823.69,-2383.61092,-2852.92515,-1120.95351,2020-03-01 01:59:41.970,251648416.9314321,294244239.56715256,100454971.77962711,139881267870.4603,-44999865747.05374,-19508114132.15343,58909.08312465277
46,2020,3,1,2,14,41.97,-10845281.536,12360727.334999999,-20794897.634,-2194.29117,-3117.34622,-727.7443000000001,2020-03-01 02:14:41.970,250944480.35107133,294703837.1482311,100717010.72822091,139890566313.74753,-44976554390.094604,-19498007958.362198,58909.09354131943
46,2020,3,1,2,29,41.97,-12720691.802,9456341.935,-21268168.928999998,-1967.33357,-3327.47478,-322.55901,2020-03-01 02:29:41.970,250239266.05553994,295161915.4882249,100978530.09638335,139899860124.32053,-44953241566.99239,-19487901147.29684,58909.1039579861
46,2020,3,1,2,44,41.97,-14376400.691000002,6388612.097999999,-21374029.198,-1706.79038,-3479.83977,87.54044,2020-03-01 02:44:41.970,249532777.23373586,295618471.8263248,101239528.40306872,139909149301.9466,-44929927278.56133,-19477793699.31378,58909.11437465277
46,2020,3,1,2,59,41.97,-15784217.33,3210703.086,-21111253.401,-1417.2723799999999,-3571.9976,495.45183,2020-03-01 02:59:41.970,248825017.08185694,296073503.40671927,101500004.16863611,139918433846.39325,-44906611525.615654,-19467685614.769474,58909.12479131943
46,2020,3,1,3,14,41.97,-16920319.182,-22494.749,-20484979.695,-1103.8609999999999,-3602.56162,894.15741,2020-03-01 03:14:41.970,248115988.80340058,296527007.4786085,101759955.91485494,139927713757.42816,-44883294308.96949,-19457576894.020294,58909.1352079861
46,2020,3,1,3,29,41.97,-17765633.808,-3255323.2060000002,-19506578.987,-772.01454,-3571.21226,1276.84388,2020-03-01 03:29:41.970,247405695.60916346,296978981.29621774,102019382.16491058,139936989034.8191,-44859975629.43709,-19447467537.422684,58909.14562465277
46,2020,3,1,3,44,41.97,-18306134.195,-6432314.179,-18193419.268000003,-427.47020000000003,-3478.6886099999997,1637.01596,2020-03-01 03:44:41.970,246694140.7172401,297429422.1188088,102278281.44340958,139946259678.33432,-44836655487.83256,-19437357545.33308,58909.15604131943
46,2020,3,1,3,59,41.97,-18533044.82,-9499132.038,-16568531.404000001,-76.14398,-3326.7624800000003,1968.60156,2020-03-01 03:59:41.970,245981327.3530228,297878327.2106951,102536652.27638616,139955525687.7424,-44813333884.97,-19427246918.107887,58909.1664579861
46,2020,3,1,4,14,41.97,-18442957.296,-12403485.223,-14660184.383,275.96985,-3118.19613,2266.0475899999997,2020-03-01 04:14:41.970,245267258.74920064,298325693.84125257,102794493.19130716,139964787062.81183,-44790010821.66355,-19417135656.103523,58909.17687465277
46,2020,3,1,4,29,41.97,-18037855.922,-15095993.107,-12501379.080999998,622.8982100000001,-2856.68538,2524.40512,2020-03-01 04:29:41.970,244551938.14575887,298771519.2849349,103051802.71707784,139974043803.31155,-44766686298.72724,-19407023759.67641,58909.18729131943
46,2020,3,1,4,44,41.97,-17325054.8,-17530995.465,-10129270.404000001,958.78603,-2546.78925,2739.4032300000003,2020-03-01 04:44:41.970,243835368.7899786,299215800.8212851,103308579.3840481,139983295909.01086,-44743360316.97519,-19396911229.182976,58909.1977079861
46,2020,3,1,4,59,41.97,-16317049.42,-19667293.332000002,-7584528.274999999,1277.98933,-2193.8480600000003,2907.5110099999997,2020-03-01 04:59:41.970,243117553.93643534,299658535.73495054,103564821.72401743,139992543379.6791,-44720032877.22135,-19386798064.97961,58909.20812465277
46,2020,3,1,5,14,41.97,-15031286.636,-21468811.407,-4910648.305,1575.16328,-1803.89131,3025.98733,2020-03-01 05:14:41.970,242398496.8469992,300099721.315694,103820528.27024128,140001786215.08588,-44696703980.279785,-19376684267.422768,58909.21854131943
46,2020,3,1,5,29,41.97,-13489857.879999999,-22905173.612999998,-2153223.266,1845.3446,-1383.53703,3092.91815,2020-03-01 05:29:41.970,241678200.7908336,300539354.85840845,104075697.55743656,140011024415.0013,-44673373626.96445,-19366569836.868813,58909.2289579861
46,2020,3,1,5,44,41.97,-11719121.27,-23952184.755,640813.448,2084.02707,-939.88401,3107.24145,2020-03-01 05:44:41.970,240956669.04439476,300977433.66313034,104330328.12178741,140020257979.19547,-44650041818.0893,-19356454773.674202,58909.23937465277
46,2020,3,1,5,59,41.97,-9749258.921,-24592212.593,3423961.171,2287.22986,-480.39853,3068.7597,2020-03-01 05:59:41.970,240233904.89143088,301413955.03505254,104584418.50095099,140029486907.43875,-44626708554.46826,-19346339078.195328,58909.24979131943
46,2020,3,1,6,14,41.97,-7613776.379,-24814465.902,6148931.002,2451.55774,-12.7967,2978.14005,2020-03-01 06:14:41.970,239509911.62298197,301848916.2845382,104837967.23406337,140038711199.5019,-44603373836.91527,-19336222750.788586,58909.2602079861
46,2020,3,1,6,29,41.97,-5348951.608,-24615165.358999997,8769419.569,2574.2529200000004,455.07584,2836.90244,2020-03-01 06:29:41.970,238784692.5373781,302282314.72713363,105090972.86174543,140047930855.1558,-44580037666.24417,-19326105791.810417,58909.27062465277
46,2020,3,1,6,44,41.97,-2993241.388,-23997605.28,11240866.75,2653.23772,915.3659,2647.39587,2020-03-01 06:44:41.970,238058250.94023985,302714147.6835825,105343433.92610839,140057145874.17157,-44556700043.26881,-19315988201.6172,58909.28104131943
46,2020,3,1,6,59,41.97,-586653.4360000001,-22972105.413000003,13521186.802000001,2687.14804,1360.33491,2412.76314,2020-03-01 06:59:41.970,237330590.14447668,303144412.4798386,105595348.97076008,140066356256.3207,-44533360968.80307,-19305869980.565353,58909.2914579861
46,2020,3,1,7,14,41.97,1829907.113,-21555853.163,15571462.658,2675.35683,1782.48001,2136.8942899999997,2020-03-01 07:14:41.970,236601713.47028688,303573106.44708014,105846716.54081042,140075562001.37488,-44510020443.660706,-19295751129.01128,58909.30187465277
46,2020,3,1,7,29,41.97,4215307.853,-19772637.799,17356593.404,2617.9874299999997,2174.6527699999997,1824.36916,2020-03-01 07:29:41.970,235871624.2451563,304000226.92172384,106097535.1828777,140084763109.10605,-44486678468.65551,-19285631647.311382,58909.31229131943
46,2020,3,1,7,44,41.97,6528866.552999999,-17652479.373,18845885.35,2515.91646,2530.17421,1480.38957,2020-03-01 07:44:41.970,235140325.80385807,304425771.2454367,106347803.44509432,140093959579.2862,-44463335044.60128,-19275511535.822037,58909.3227079861
46,2020,3,1,7,59,41.97,8731026.277999999,-15231156.360000001,20013577.496999998,2370.76572,2842.94463,1110.70147,2020-03-01 07:59:41.970,234407821.4884513,304849736.76515216,106597519.87711269,140103151411.6881,-44439990172.31167,-19265390794.899666,58909.33312465277
46,2020,3,1,8,14,41.97,10784018.291000001,-12549637.3,20839292.687000003,2184.88303,3107.5468,721.50773,2020-03-01 08:14:41.970,233674114.64828104,305272120.8330815,106846683.03011124,140112338606.08405,-44416643852.60043,-19255269424.900658,58909.34354131943
46,2020,3,1,8,29,41.97,12652502.632,-9653423.145000001,21308406.327,1961.31183,3319.341,319.37232,2020-03-01 08:29:41.970,232939208.6399767,305692920.8067299,107095291.45680045,140121521162.2472,-44393296086.281204,-19245147426.1814,58909.3539579861
46,2020,3,1,8,44,41.97,14304176.127999999,-6591808.417,21412325.324,1703.74917,3474.55006,-88.88327,2020-03-01 08:44:41.970,232203106.82745212,306112134.0489085,107343343.71142873,140130699079.95062,-44369946874.16763,-19235024799.098286,58909.36437465277
46,2020,3,1,8,59,41.97,15710337.554,-3417070.862,21148670.731999997,1416.4924800000001,3570.33296,-496.29015999999996,2020-03-01 08:59:41.970,231465812.58190405,306529757.9277493,107590838.3497885,140139872358.96774,-44346596217.07341,-19224901544.007706,58909.37479131943
46,2020,3,1,9,14,41.97,16846399.746999998,-183600.807,20521358.737999998,1104.3750400000001,3604.84492,-895.84763,2020-03-01 09:14:41.970,230727329.2818118,306945789.8167185,107837773.92922236,140149040999.07236,-44323244115.812035,-19214777661.266026,58909.3852079861
46,2020,3,1,9,29,41.97,17692338.792999998,3053016.963,19540575.927,772.69071,3577.2825199999997,-1280.6422799999998,2020-03-01 09:29:41.970,229987660.31293663,307360227.0946313,108084149.00862874,140158205000.03818,-44299890571.19713,-19204653151.22966,58909.39562465277
46,2020,3,1,9,44,41.97,18233070.868,6236954.478,18222646.305999998,427.10859,3487.91202,-1643.969,2020-03-01 09:44:41.970,229246809.06832024,307773067.14566505,108329962.14846851,140167364361.6395,-44276535584.0422,-19194528014.254967,58909.40604131943
46,2020,3,1,9,59,41.97,18458748.096,9313109.232,16589789.400000002,73.57859,3338.07939,-1979.45172,2020-03-01 09:59:41.970,228504778.94828445,308184307.3593731,108575211.9107706,140176519083.65067,-44253179155.16075,-19184402250.698322,58909.4164579861
46,2020,3,1,10,14,41.97,18364965.815,12228073.214,14669770.731,-281.77076,3130.2009599999997,-2281.1613899999998,2020-03-01 10:14:41.970,227761573.3604305,308593945.1307009,108819896.85913837,140185669165.84644,-44229821285.36631,-19174275860.91612,58909.42687465277
46,2020,3,1,10,29,41.97,17952875.012000002,14931084.366999999,12495448.24,-632.74056,2867.73362,-2543.72878,2020-03-01 10:29:41.970,227017195.71963808,309001977.8599974,109064015.55875567,140194814608.00165,-44206461975.4723,-19164148845.264698,58909.43729131943
46,2020,3,1,10,44,41.97,17229195.312,17374941.933,10104220.574000001,-973.1739,2555.12432,-2762.4493399999997,2020-03-01 10:44:41.970,226271649.44806415,309408402.9530312,109307566.57639305,140203955409.89154,-44183101226.29214,-19154021204.100452,58909.4477079861
46,2020,3,1,10,59,41.97,16206125.872000001,19516867.025,7537385.586999999,-1297.06999,2197.7389500000004,-2933.37741,2020-03-01 10:59:41.970,225524937.97514263,309813217.82100356,109550548.48041378,140213091571.29153,-44159739038.639244,-19143892937.779728,58909.45812465277
46,2020,3,1,11,14,41.97,14901153.699000001,21319290.142,4839419.794000001,-1598.6975400000001,1801.77127,-3053.4072,2020-03-01 11:14:41.970,224777064.7375832,310216419.8805643,109792959.84078018,140222223091.97723,-44136375413.326935,-19133764046.658916,58909.46854131943
46,2020,3,1,11,29,41.97,13336761.271,22750548.343,2057191.808,-1872.70468,1374.1335100000001,-3120.3382199999996,2020-03-01 11:29:41.970,224028033.17937034,310618006.5538242,110034799.22905986,140231349971.72452,-44113010351.16861,-19123634531.094337,58909.4789579861
46,2020,3,1,11,44,41.97,11540037.797999999,23785476.335,-760875.251,-2114.22273,922.33046,-3132.92288,2020-03-01 11:44:41.970,223277846.75176308,311017975.2683706,110276065.21843167,140240472210.3096,-44089643852.97756,-19113504391.44237,58909.48937465277
46,2020,3,1,11,59,41.97,9542200.897,24405877.866,-3565675.7010000004,-2318.9610799999996,454.31984,-3090.89503,2020-03-01 11:59:41.970,222526508.91329333,311416323.45728135,110516756.38369235,140249589807.5089,-44066275919.56706,-19103373628.059364,58909.49979131943
46,2020,3,1,12,14,41.97,7378037.807,24600866.455,-6308309.7639999995,-2483.2907099999998,-21.63787,-2994.9780299999998,2020-03-01 12:14:41.970,221774023.12976533,311813048.55914,110756871.30126253,140258702763.099,-44042906551.750374,-19093242241.30167,58909.5102079861
46,2020,3,1,12,29,41.97,5085277.3379999995,24367067.572,-8940970.048999999,-2604.3142399999997,-497.13649999999996,-2846.87223,2020-03-01 12:29:41.970,221020392.8742547,312208148.01804894,110996408.54919305,140267811076.85696,-44019535750.34071,-19083110231.525623,58909.52062465277
46,2020,3,1,12,44,41.97,2703905.574,23708677.704,-11417807.496,-2679.92066,-963.78446,-2649.2219499999997,2020-03-01 12:44:41.970,220265621.6271078,312601619.2836452,111235366.70717132,140276914748.55984,-43996163516.15125,-19072977599.08756,58909.53104131943
46,2020,3,1,12,59,41.97,275439.711,22637379.324,-13695758.692,-2708.8234500000003,-1413.36413,-2405.5628699999997,2020-03-01 12:59:41.970,219509712.87593997,312993459.81111425,111473744.35652758,140286013777.9851,-43972789849.995155,-19062844344.34383,58909.5414579861
46,2020,3,1,13,14,41.97,-2157824.677,21172114.231,-15735317.575,-2690.5813900000003,-1837.98648,-2120.25134,2020-03-01 13:14:41.970,218752670.11563563,313383667.0612057,111711540.08024144,140295108164.91034,-43949414752.68556,-19052710467.650753,58909.55187465277
46,2020,3,1,13,29,41.97,-4553577.17,19338721.185,-17501236.09,-2625.60181,-2230.23747,-1798.3775699999999,2020-03-01 13:29:41.970,217994496.8483466,313772238.5002462,111948752.46294802,140304197909.1135,-43926038225.035576,-19042575969.36468,58909.56229131943
46,2020,3,1,13,44,41.97,-6870251.178,17169446.816,-18963140.358,-2515.12659,-2583.31277,-1445.6650900000002,2020-03-01 13:44:41.970,217235196.5834913,314159171.60015607,112185380.09094447,140313283010.3727,-43902660267.85827,-19032440849.841904,58909.5727079861
46,2020,3,1,13,59,41.97,-9067762.54,14702341.523,-20096051.215,-2361.20176,-2891.13819,-1068.35926,2020-03-01 13:59:41.970,216474772.8377538,314544463.8384631,112421421.55219638,140322363468.46637,-43879280881.96667,-19022305109.438766,58909.58312465277
46,2020,3,1,14,14,41.97,-11108213.820999999,11980554.348,-20880800.517,-2166.63189,-3148.47343,-673.1076400000001,2020-03-01 14:14:41.970,215713229.13508293,314928112.6983171,112656875.43634406,140331439283.17325,-43855900068.17378,-19012168748.51159,58909.59354131943
46,2020,3,1,14,29,41.97,-12956551.288,9051542.509000001,-21304337.18,-1934.92083,-3350.99774,-266.83505,2020-03-01 14:29:41.970,214950569.00669098,315310115.6685059,112891740.33470927,140340510454.2722,-43832517827.29257,-19002031767.416656,58909.6039579861
46,2020,3,1,14,44,41.97,-14581163.111,5966212.523999999,-21359919.553,-1670.20068,-3495.37619,143.38364,2020-03-01 14:44:41.970,214186795.9910529,315690470.2434689,113126014.8403015,140349576981.5423,-43809134160.13599,-18991894166.510292,58909.61437465277
46,2020,3,1,14,59,41.97,-15954409.009000001,2778010.496,-21047193.187,-1377.15082,-3579.30628,550.4505200000001,2020-03-01 14:59:41.970,213421913.63390493,316069173.923313,113359697.54782446,140358638864.76297,-43785749067.51697,-18981755946.148815,58909.62479131943
46,2020,3,1,15,14,41.97,-17053073.406,-458020.617,-20372155.413,-1060.90919,-3601.5448,947.36879,2020-03-01 15:14:41.970,212655925.4882442,316446224.2138276,113592787.05368271,140367696103.71387,-43762362550.24836,-18971617106.688496,58909.6352079861
46,2020,3,1,15,29,41.97,-17858735.958,-3686199.1859999998,-19347010.2,-726.9778,-3561.9154000000003,1327.36207,2020-03-01 15:29:41.970,211888835.114327,316821618.62649876,113825281.95598823,140376748698.17502,-43738974609.14301,-18961477648.485645,58909.64562465277
46,2020,3,1,15,44,41.97,-18358055.169,-6851161.545,-17989918.637,-381.12435999999997,-3461.2976999999996,1683.9867900000002,2020-03-01 15:44:41.970,211120646.07966784,317195354.67852527,114057180.85456654,140385796647.9264,-43715585245.01374,-18951337571.89653,58909.65604131943
46,2020,3,1,15,59,41.97,-18542962.490999997,-9898800.937,-16324651.886,-29.28204,-3301.59914,2011.2362400000002,2020-03-01 15:59:41.970,210351361.95903835,317567429.8928336,114288482.35096411,140394839952.74863,-43692194458.67334,-18941196877.27745,58909.6664579861
46,2020,3,1,16,14,41.97,-18410765.963000003,-12777173.746000001,-14380154.795,322.55103,-3085.71063,2303.63492,2020-03-01 16:14:41.970,209580986.3344666,317937841.79809284,114519185.04845409,140403878612.42212,-43668802250.93457,-18931055564.98471,58909.67687465277
46,2020,3,1,16,29,41.97,-17964163.893,-15437359.219,-12190029.325,668.41095,-2817.4477699999998,2556.32222,2020-03-01 16:29:41.970,208809522.79523507,318306587.9287298,114749287.55204369,140412912626.72784,-43645408622.610085,-18920913635.37453,58909.68729131943
46,2020,3,1,16,44,41.97,-17211170.428000003,-17834260.225,-9791947.757,1002.4644199999999,-2501.47892,2765.12464,2020-03-01 16:44:41.970,208036974.93788043,318673665.82494485,114978788.46848014,140421941995.44696,-43622013574.51262,-18910771088.803207,58909.6977079861
46,2020,3,1,16,59,41.97,-16164956.045,-19927334.014,-7227006.204,1319.10124,-2143.24179,2926.6162,2020-03-01 16:59:41.970,207263346.3661916,319039073.0327272,115207686.40625797,140430966718.36102,-43598617107.45481,-18900627925.62701,58909.70812465277
46,2020,3,1,17,14,41.97,-14843607.017,-21681243.348,-4539029.305,1613.02174,-1748.8501700000002,3038.1664800000003,2020-03-01 17:14:41.970,206488640.6912088,319402807.1038696,115435979.97562522,140439986795.2514,-43575219222.249306,-18890484146.202183,58909.71854131943
46,2020,3,1,17,29,41.97,-13269808.811999999,-23066419.759,-1773837.236,1879.31818,-1324.9922199999999,3097.97629,2020-03-01 17:29:41.970,205712861.53122297,319764865.5959844,115663667.78859052,140449002225.9002,-43551819919.7086,-18880339750.884983,58909.7289579861
46,2020,3,1,17,44,41.97,-11470459.172999999,-24059532.104999997,1021513.768,2113.54953,-878.8219,3105.10084,2020-03-01 17:44:41.970,204936012.5117735,320125246.07251906,115890748.45892964,140458013010.08957,-43528419200.64531,-18870194740.03164,58909.73937465277
46,2020,3,1,17,59,41.97,-9476217.269000001,-24643854.87,3799506.185,2311.80865,-417.84504,3059.4606,2020-03-01 17:59:41.970,204158097.2656476,320483946.1027716,116117220.6021922,140467019147.60168,-43505017065.87194,-18860049113.99842,58909.74979131943
46,2020,3,1,18,14,41.97,-7320995.919,-24809531.981,6512940.164,2470.78152,50.19869,2961.8397999999997,2020-03-01 18:14:41.970,203379119.43287885,320840963.2619058,116343082.83570853,140476020638.21948,-43481613516.200935,-18849902873.141552,58909.7602079861
46,2020,3,1,18,29,41.97,-5041404.36,-24553733.116,9115705.735,2587.7978200000002,517.45643,2813.87291,2020-03-01 18:29:41.970,202599082.66074592,321196295.1309673,116568333.77859673,140485017481.7256,-43458208552.44473,-18839756017.817257,58909.77062465277
46,2020,3,1,18,44,41.97,-2676149.5100000002,-23880700.71,11563537.517,2660.8725,976.08419,2618.01937,2020-03-01 18:44:41.970,201817990.60377154,321549939.2968992,116792972.05176882,140494009677.90332,-43434802175.41581,-18829608548.381756,58909.78104131943
46,2020,3,1,18,59,41.97,-265404.06,-22801687.005,13814741.432999998,2688.7378700000004,1418.3689100000001,2377.52666,2020-03-01 18:59:41.970,201035846.9237207,321901893.35255754,117016996.27793837,140502997226.5361,-43411394385.926445,-18819460465.191288,58909.7914579861
46,2020,3,1,19,14,41.97,2149849.904,-21334781.684,15830883.196999999,2670.86582,1836.8492899999999,2096.38235,2020-03-01 19:14:41.970,200252655.28959954,322252154.8967276,117240405.08162683,140511980127.40744,-43387985184.78904,-18809311768.602024,58909.80187465277
46,2020,3,1,19,29,41.97,4528492.687,-19504631.795,17577428.665,2607.4798,2224.43414,1779.2551700000001,2020-03-01 19:29:41.970,199468419.37765405,322600721.53413886,117463197.08917081,140520958380.30124,-43364574572.815865,-18799162458.9702,58909.81229131943
46,2020,3,1,19,44,41.97,6829944.814,-17342056.866,19024326.501,2499.55618,2574.51669,1431.42579,2020-03-01 19:44:41.970,198683142.8713687,322947590.8754819,117685370.92872849,140529931985.00162,-43341162550.81923,-18789012536.652,58909.8227079861
46,2020,3,1,19,59,41.97,9014841.247,-14883563.382000001,20146524.012000002,2348.81482,2881.08368,1058.70767,2020-03-01 19:59:41.970,197896829.46146485,323292760.5374237,117906925.2302872,140538900941.29315,-43317749119.61128,-18778862002.00362,58909.83312465277
46,2020,3,1,20,14,41.97,11045692.043,-12170764.101,20924407.543,2157.69837,3138.81748,667.35862,2020-03-01 20:14:41.970,197109482.84589934,323636228.14262366,118127858.62566985,140547865248.96036,-43294334280.00426,-18768710855.381252,58909.84354131943
46,2020,3,1,20,29,41.97,12887519.34,-9249709.068,21344159.393000003,1929.3403,3343.18991,263.98391,2020-03-01 20:29:41.970,196321106.72986323,323977991.31975,118348169.7485422,140556824907.78796,-43270918032.81029,-18758559097.14106,58909.8539579861
46,2020,3,1,20,44,41.97,14508460.407,-6170136.675,21398024.003,1667.52145,3490.5458399999998,-144.56830000000002,2020-03-01 20:44:41.970,195531704.82578024,324318047.7034949,118567857.23441985,140565779917.56134,-43247500378.841545,-18748406727.63924,58909.86437465277
46,2020,3,1,20,59,41.97,15880326.475,-2984654.619,21084477.062000003,1376.61527,3578.17505,-551.3179299999999,2020-03-01 20:59:41.970,194741280.853305,324656394.93459255,118786919.72067514,140574730278.06577,-43224081318.91006,-18738253747.231934,58909.87479131943
46,2020,3,1,21,14,41.97,16979107.180999998,252137.802,20408292.321000002,1061.52176,3604.3704700000003,-949.26905,2020-03-01 21:14:41.970,193949838.5393221,324993030.6598326,119005355.84654433,140583675989.08688,-43200660853.82787,-18728100156.275288,58909.8852079861
46,2020,3,1,21,29,41.97,17785410.787,3484573.039,19380502.240999997,727.5908800000001,3568.47107,-1331.52945,2020-03-01 21:29:41.970,193157381.61794376,325327952.53207886,119223164.25313465,140592617050.4106,-43177238984.40703,-18717945955.12549,58909.89562465277
46,2020,3,1,21,44,41.97,18284830.835,6656869.757999999,18018250.200999998,380.53586,3470.88784,-1691.43174,2020-03-01 21:44:41.970,192363913.83050916,325661158.2102842,119440343.58343145,140601553461.8231,-43153815711.459465,-18707791144.138657,58909.90604131943
46,2020,3,1,21,59,41.97,18468230.731,9714102.467999998,16344533.822999999,26.33767,3313.11132,-2022.65378,2020-03-01 21:59:41.970,191569438.92558196,325992645.3595074,119656892.48230521,140610485223.11063,-43130391035.79712,-18697635723.67094,58909.9164579861
46,2020,3,1,22,14,41.97,18331938.791,12603169.175,14387841.036,-328.85814000000005,3097.6995,-2319.3362199999997,2020-03-01 22:14:41.970,190773960.65894946,326322411.6509295,119872809.59651873,140619412334.0599,-43106964958.23186,-18687479694.078457,58909.92687465277
46,2020,3,1,22,29,41.97,17877847.717,15273739.0,12181682.738,-678.85037,2828.24526,-2576.19429,2020-03-01 22:29:41.970,189977482.7936203,326650454.76187027,120088093.5747346,140628334794.45773,-43083537479.57559,-18677323055.71732,58909.93729131943
46,2020,3,1,22,44,41.97,17113414.132000003,17679161.183,9764028.323,-1017.4949399999999,2509.32315,-2788.62142,2020-03-01 22:44:41.970,189180009.0998234,326976772.375804,120302743.0675219,140637252604.0913,-43060108600.64009,-18667165808.94368,58909.9477079861
46,2020,3,1,22,59,41.97,16051555.803,19777316.819,7176652.723,-1338.81908,2146.41543,-2952.7817999999997,2020-03-01 22:59:41.970,188381543.35500574,327301362.18237704,120516756.72736369,140646165762.74805,-43036678322.237114,-18657007954.11359,58909.95812465277
46,2020,3,1,23,14,41.97,14710446.36,21531395.165000003,4464406.065,-1637.13447,1745.81857,-3065.68939,2020-03-01 23:14:41.970,187582089.34383106,327624221.8774237,120730133.2086644,140655074270.21548,-43013246645.178444,-18646849491.5832,58909.96854131943
46,2020,3,1,23,29,41.97,13113209.74,22910577.392,1674419.218,-1907.14651,1314.53142,-3125.27099,2020-03-01 23:29:41.970,186781650.85817772,327945349.16298354,120942871.16775684,140663978126.2814,-42989813570.27571,-18636690421.708576,58909.9789579861
46,2020,3,1,23,44,41.97,11287518.989,23890612.283999998,-1144739.508,-2144.0571,860.12731,-3130.41143,2020-03-01 23:44:41.970,185980231.6971374,328264741.7473172,121154969.26290968,140672877330.73416,-42966379098.34065,-18626530744.84581,58909.98937465277
46,2020,3,1,23,59,41.97,9265106.559,24454270.621,-3943939.651,-2343.65814,390.61286,-3080.97926,2020-03-01 23:59:41.970,185177835.6670129,328582397.34492373,121366426.15433465,140681771883.36206,-42942943230.18484,-18616370461.350975,58909.99979131943
46,2020,3,2,0,14,41.97,7081194.965,24591667.887,-6674378.726,-2502.41348,-85.72351,-2977.83205,2020-03-02 00:14:41.970,184374466.58131635,328898313.6765573,121577240.50419402,140690661783.95364,-42919505966.61985,-18606209571.580128,58910.0102079861
46,2020,3,2,0,29,41.97,4773862.333,24300446.327000003,-9288463.733000001,-2617.52688,-560.46875,-2822.80132,2020-03-02 00:29:41.970,183570128.2607678,329212488.4692441,121787410.9766078,140699547032.29782,-42896067308.457245,-18596048075.889324,58910.02062465277
46,2020,3,2,0,44,41.97,2383348.535,23585816.381,-11740677.98,-2686.9947899999997,-1025.24639,-2618.65634,2020-03-02 00:44:41.970,182764824.53329265,329524919.45629936,121996936.2376613,140708427628.1837,-42872627256.50849,-18585885974.63463,58910.03104131943
46,2020,3,2,0,59,41.97,-48673.623,22460451.061,-13988398.374,-2709.64211,-1471.87492,-2369.04919,2020-03-02 00:59:41.970,181958559.2340206,329835604.3773429,122205814.95541257,140717303571.4007,-42849185811.585045,-18575723268.172073,58910.0414579861
46,2020,3,2,1,14,41.97,-2479854.122,20944241.007,-15992659.206,-2685.14063,-1892.52169,-2078.44174,2020-03-02 01:14:41.970,181151336.2052825,330144540.9783188,122414045.79989968,140726174861.73828,-42825742974.49832,-18565559956.857704,58910.05187465277
46,2020,3,2,1,29,41.97,-4867929.683,19063914.498,-17718842.049,-2614.01001,-2279.84783,-1752.01676,2020-03-02 01:29:41.970,180343159.29660955,330451727.0115101,122621627.4431483,140735041498.98648,-42802298746.05972,-18555396041.04753,58910.06229131943
46,2020,3,2,1,44,41.97,-7171480.768999999,16852532.194,-19137279.494999997,-2497.60149,-2627.14127,-1395.57574,2020-03-02 01:44:41.970,179534032.36473107,330757160.23555684,122828558.55917922,140743903482.93536,-42778853127.080536,-18545231521.09758,58910.0727079861
46,2020,3,2,1,59,41.97,-9350666.562,14348868.640999999,-20223761.933000002,-2338.06538,-2928.43492,-1015.42609,2020-03-02 01:59:41.970,178723959.27357182,331060838.4154733,123034837.82401583,140752760813.37515,-42755406118.372086,-18535066397.363853,58910.08312465277
46,2020,3,2,2,14,41.97,-11367923.799,11596694.791,-20959939.115000002,-2138.3035,-3178.6081400000003,-618.26063,2020-03-02 02:14:41.970,177912943.89425057,331362759.32266533,123240463.91569166,140761613490.09662,-42731957720.745575,-18524900670.20235,58910.09354131943
46,2020,3,2,2,29,41.97,-13188616.666,8643977.419000002,-21333610.836,-1901.9082899999999,-3373.4697800000004,-211.03216,2020-03-02 02:29:41.970,177100990.10507792,331662920.73494625,123445435.51425804,140770461512.89072,-42708507935.01225,-18514734339.96905,58910.1039579861
46,2020,3,2,2,44,41.97,-14781626.5,5542012.471,-21338903.676999997,-1633.09025,-3509.8218,199.17387,2020-03-02 02:44:41.970,176288101.79155385,331961320.4365568,123649751.30179152,140779304881.5483,-42685056761.98328,-18504567407.019943,58910.11437465277
46,2020,3,2,2,59,41.97,-16119871.759,2344509.995,-20976333.205,-1336.5959,-3585.5032300000003,605.26608,2020-03-02 02:59:41.970,175474282.84636623,332257956.21818006,123853409.96240178,140788143595.86096,-42661604202.46973,-18494399871.711002,58910.12479131943
46,2020,3,2,3,14,41.97,-17180750.572,-893351.571,-20252753.338999998,-1017.61809,-3599.41437,1000.2708499999999,2020-03-02 03:14:41.970,174659537.1693876,332552825.8769595,124056410.18223897,140796977655.62,-42638150257.282715,-18484231734.39817,58910.1352079861
46,2020,3,2,3,29,41.97,-17946499.976999998,-4115884.2219999996,-19181196.628000002,-681.70088,-3551.52184,1377.45073,2020-03-02 03:29:41.970,173843868.66767415,332845927.21651715,124258750.64950158,140805807060.6176,-42614694927.23329,-18474062995.437424,58910.14562465277
46,2020,3,2,3,44,41.97,-18404467.779999997,-7267845.4350000005,-17780610.991,-334.64082,-3442.8453,1730.4157899999998,2020-03-02 03:44:41.970,173027281.25546268,333137258.0469711,124460430.05444415,140814631810.64566,-42591238213.132385,-18463893655.18469,58910.15604131943
46,2020,3,2,3,59,41.97,-18547294.689,-10295373.447,-16075499.985000001,17.61342,-3275.42699,2053.22642,2020-03-02 03:59:41.970,172209778.85416836,333426816.1849521,124661447.0893848,140823451905.49664,-42567780115.790985,-18453723713.99589,58910.1664579861
46,2020,3,2,4,14,41.97,-18373005.933000002,-13146887.89,-14095474.924,369.06155,-3052.28548,2340.4862999999996,2020-03-02 04:14:41.970,171391365.39238295,333714599.45362175,124861800.44871335,140832267344.9631,-42544320636.020004,-18443553172.22697,58910.17687465277
46,2020,3,2,4,29,41.97,-17885013.105,-15773942.161,-11874728.136,713.75046,-2777.3549000000003,2587.4244700000004,2020-03-02 04:29:41.970,170572044.80587187,334000605.6826908,125061488.82889874,140841078128.83777,-42520859774.63027,-18433382030.23383,58910.18729131943
46,2020,3,2,4,44,41.97,-17092028.206,-18132015.279,-9451437.409,1045.87024,-2455.4114799999998,2789.96608,2020-03-02 04:44:41.970,169751821.03757203,334284832.7084359,125260510.92849694,140849884256.9139,-42497397532.43262,-18423210288.372375,58910.1977079861
46,2020,3,2,4,59,41.97,-16007893.091,-20181232.373,-6867112.21,1359.84605,-2091.98868,2944.7910300000003,2020-03-02 04:59:41.970,168930698.0375895,334567278.3737178,125458865.44815898,140858685728.98483,-42473933910.2378,-18413037946.99849,58910.20812465277
46,2020,3,2,5,14,41.97,-14651328.482,-21887004.356000002,-4165892.606,1650.4247599999999,-1693.28275,3049.3803399999997,2020-03-02 05:14:41.970,168108679.76319697,334847940.52799946,125656551.09063846,140867482544.8441,-42450468908.856514,-18402865006.46807,58910.21854131943
46,2020,3,2,5,29,41.97,-13045607.64,-23220578.766999997,-1393812.026,1912.75564,-1266.0500100000002,3102.05014,2020-03-02 05:29:41.970,167285770.17883134,335126817.02736366,125853566.56079984,140876274704.2855,-42427002529.099525,-18392691467.13697,58910.2289579861
46,2020,3,2,5,44,41.97,-11218160.514999999,-24159495.091000002,1401964.937,2142.46402,-817.49754,3101.9731500000003,2020-03-02 05:44:41.970,166461973.25609097,335403905.734531,126049910.56562594,140885062207.10324,-42403534771.77738,-18382517329.361057,58910.23937465277
46,2020,3,2,5,59,41.97,-9200114.855,-24687939.213000003,4173918.4939999995,2335.7176,-355.16858,3049.18781,2020-03-02 05:59:41.970,165637292.97373345,335679204.5188778,126245581.81422623,140893845053.0915,-42380065637.7007,-18372342593.49619,58910.24979131943
46,2020,3,2,6,14,41.97,-7025781.351,-24796992.928,6874952.319,2489.28448,113.17585,2944.59519,2020-03-02 06:14:41.970,164811733.3176727,335952711.2564545,126440579.01784462,140902623242.04495,-42356595127.680016,-18362167259.898193,58910.2602079861
46,2020,3,2,6,29,41.97,-4732090.334000001,-24484775.664,9459163.988,2600.58261,579.67787,2789.94382,2020-03-02 06:29:41.970,163985298.2809766,336224423.8300034,126634900.8898674,140911396773.75858,-42333123242.52587,-18351991328.922928,58910.27062465277
46,2020,3,2,6,44,41.97,-2357988.048,-23756476.748,11882596.478,2667.72017,1036.50485,2587.8028400000003,2020-03-02 06:44:41.970,163157991.863864,336494340.12897736,126828546.1458315,140920165648.02716,-42309649983.04863,-18341814800.926167,58910.28104131943
46,2020,3,2,6,59,41.97,56199.137,-22624277.747,14103960.271,2689.52637,1475.97138,2341.52356,2020-03-02 06:59:41.970,162329818.07370263,336762458.04955745,127021513.5034322,140928929864.64642,-42286175350.05876,-18331637676.263737,58910.2914579861
46,2020,3,2,7,14,41.97,2469423.804,-21107165.560000002,16085315.866999999,2665.57231,1890.65981,2055.1899900000003,2020-03-02 07:14:41.970,161500780.9250053,337028775.49467146,127213801.68253148,140937689423.4115,-42262699344.366585,-18321459955.29145,58910.30187465277
46,2020,3,2,7,29,41.97,4840590.767,-19230638.114,17792706.837,2596.18162,2273.53816,1733.55847,2020-03-02 07:29:41.970,160670884.4394281,337293290.3740122,127405409.40516602,140946444324.11847,-42239221966.78244,-18311281638.365074,58910.31229131943
46,2020,3,2,7,44,41.97,7129235.136,-17026305.757999998,19196733.929,2482.43042,2618.07382,1381.98709,2020-03-02 07:44:41.970,159840132.64576697,337556000.6040562,127596335.3955553,140955194566.56345,-42215743218.116554,-18301102725.840374,58910.3227079861
46,2020,3,2,7,59,41.97,9296195.458,-14531392.657,20273061.13,2326.13636,2918.34174,1006.35523,2020-03-02 07:59:41.970,159008529.57995552,337816904.10808176,127786578.3801098,140963940150.54263,-42192263099.17917,-18290923218.07314,58910.33312465277
46,2020,3,2,8,14,41.97,11304271.973000001,-11788143.879999999,21002845.154,2129.83649,3169.1255800000004,612.9739,2020-03-02 08:14:41.970,158176079.28506112,338075998.81618774,127976137.08743916,140972681075.85257,-42168781610.78043,-18280743115.419094,58910.34354131943
46,2020,3,2,8,29,41.97,13118859.833,-8843145.221,21373080.41,1896.75368,3366.0102300000003,208.48775,2020-03-02 08:29:41.970,157342785.81128278,338333282.66531193,128165010.24836037,140981417342.29025,-42145298753.73046,-18270562418.23399,58910.3539579861
46,2020,3,2,8,44,41.97,14708547.006000001,-5746564.295999999,21376852.319000002,1630.75175,3505.4639500000003,-200.23044000000002,2020-03-02 08:44:41.970,156508653.2159478,338588753.5992498,128353196.59590605,140990148949.65256,-42121814528.839355,-18260381126.873543,58910.36437465277
46,2020,3,2,8,59,41.97,16045666.581,-2551323.0,21013492.759,1336.27907,3584.90844,-606.1915,2020-03-02 08:59:41.970,155673685.5635088,338842409.5686724,128540694.86533278,140998875897.7369,-42098328936.91707,-18250199241.693485,58910.37479131943
46,2020,3,2,9,14,41.97,17106793.355,687787.0410000001,20288632.609,1018.30113,3602.7751700000003,-1002.40659,2020-03-02 09:14:41.970,154837886.92554063,339094248.53114694,128727503.79412916,141007598186.3409,-42074841978.773636,-18240016763.049503,58910.3852079861
46,2020,3,2,9,29,41.97,17873174.888,3915032.7860000003,19214147.721,682.2225,3558.54605,-1382.00699,2020-03-02 09:29:41.970,154001261.38073742,339344268.4511539,128913622.12202434,141016315815.26224,-42051353655.21895,-18229833691.2973,58910.39562465277
46,2020,3,2,9,44,41.97,18331087.799000002,7074697.1450000005,17807996.281,333.79888,3452.77702,-1738.36529,2020-03-02 09:44:41.970,153163813.014909,339592467.3001059,129099048.59099634,141025028784.299,-42027863967.06288,-18219650026.792538,58910.40604131943
46,2020,3,2,9,59,41.97,18472110.913,10112049.261,16093947.387,-20.959539999999997,3287.1029900000003,-2065.2156,2020-03-02 09:59:41.970,152325545.92097813,339838843.05636793,129283781.9452803,141033737093.2497,-42004372915.115265,-18209465769.890892,58910.4164579861
46,2020,3,2,10,14,41.97,18293307.958,12974310.443,14101202.756000001,-375.89213,3064.22304,-2356.7703899999997,2020-03-02 10:14:41.970,151486464.19897708,340083393.70527476,129467820.93137692,141042440741.91254,-41980880500.18585,-18199280920.94804,58910.42687465277
46,2020,3,2,10,29,41.97,17797313.995,15611597.586,11863915.747,-724.79741,2787.8651099999997,-2607.83138,2020-03-02 10:29:41.970,150646571.95604435,340326117.23915106,129651164.29806127,141051139730.0865,-41957386723.08438,-18189095480.319576,58910.43729131943
46,2020,3,2,10,44,41.97,16992321.443,17977825.474,9420614.283000002,-1061.54619,2462.72993,-2813.89178,2020-03-02 10:44:41.970,149805873.3064213,340567011.6573298,129833810.79639043,141059834057.57065,-41933891584.62054,-18178909448.36115,58910.4477079861
46,2020,3,2,10,59,41.97,15891963.608000001,20031549.35,6813536.658,-1380.1958000000002,2094.4144699999997,-2971.2271600000004,2020-03-02 10:59:41.970,148964372.37144884,340806074.9661712,130015759.17971288,141068523724.1643,-41910395085.60391,-18168722825.428394,58910.45812465277
46,2020,3,2,11,14,41.97,14515095.85,21736729.674,4087891.6410000003,-1675.1028900000001,1689.3157899999999,-3076.9724499999998,2020-03-02 11:14:41.970,148122073.27956375,341043305.17908317,130197008.20367627,141077208729.6669,-41886897226.8441,-18158535611.876896,58910.46854131943
46,2020,3,2,11,29,41.97,12885476.912,23063402.165,1291056.427,-1941.0320000000002,1254.517,-3129.18265,2020-03-02 11:29:41.970,147278980.1662956,341278700.31653875,130377556.62623654,141085889073.87842,-41863398009.15058,-18148347808.062233,58910.4789579861
46,2020,3,2,11,44,41.97,11031355.41,23988237.868,-1528272.034,-2173.25734,797.6573500000001,-3126.8754799999997,2020-03-02 11:44:41.970,146435097.17426306,341512258.40609676,130557403.207666,141094564756.59863,-41839897433.33289,-18138159414.340004,58910.48937465277
46,2020,3,2,11,59,41.97,8984968.888,24494980.326,-4320955.332,-2367.65484,326.78954,-3070.05433,2020-03-02 11:59:41.970,145590428.45317027,341743977.4824208,130736546.71056236,141103235777.62805,-41816395500.200356,-18127970431.06575,58910.49979131943
46,2020,3,2,12,14,41.97,6781965.165,24574749.669,-7038303.408,-2520.78243,-149.77272,-2959.71085,2020-03-02 12:14:41.970,144744978.1598031,341973855.58729756,130914985.89985709,141111902136.76703,-41792892210.56239,-18117780858.59503,58910.5102079861
46,2020,3,2,12,29,41.97,4460757.687,24226206.591,-9632957.328,-2629.9461100000003,-623.61302,-2797.8067100000003,2020-03-02 12:29:41.970,143898750.4580256,342201890.7696587,131092719.54282404,141120563833.81656,-41769387565.22833,-18107590697.283386,58910.52062465277
46,2020,3,2,12,44,41.97,2061828.3150000002,23455572.626000002,-12059746.504,-2693.25043,-1086.37258,-2587.23516,2020-03-02 12:44:41.970,143051749.51877692,342428081.0855972,131269746.40908846,141129220868.57758,-41745881565.0074,-18097399947.486347,58910.53104131943
46,2020,3,2,12,59,41.97,-373007.76300000004,22276506.646,-14276502.538,-2709.6320299999998,-1529.90881,-2331.76335,2020-03-02 12:59:41.970,142203979.520066,342652424.59838957,131446065.27063517,141137873240.8513,-41722374210.70883,-18087208609.559395,58910.5414579861
46,2020,3,2,13,14,41.97,-2801359.517,20709841.027,-16244813.057,-2678.8758399999997,-1946.4479800000001,-2035.9569300000003,2020-03-02 13:14:41.970,141355444.64696935,342874919.37851447,131621674.90181792,141146520950.4394,-41698865503.141716,-18077016683.85805,58910.55187465277
46,2020,3,2,13,29,41.97,-5181024.163,18783184.247,-17930700.612,-2601.6135999999997,-2328.72879,-1705.08934,2020-03-02 13:29:41.970,140506149.09162655,343095563.50367194,131796574.07936756,141155163997.1433,-41675355443.115166,-18066824170.737778,58910.56229131943
46,2020,3,2,13,44,41.97,-7470742.258,16530399.674,-19305213.805,-2479.30541,-2670.13345,-1345.0378999999998,2020-03-02 13:44:41.970,139656097.05323598,343314355.0588038,131970761.58240144,141163802380.76553,-41651844031.438286,-18056631070.554043,58910.5727079861
46,2020,3,2,13,59,41.97,-9630928.802000001,13990972.943999998,-20344920.159,-2314.2051,-2964.8037999999997,-962.16985,2020-03-02 13:59:41.970,138805292.73805147,343531292.13611317,132144236.19243164,141172436101.10806,-41628331268.92002,-18046437383.662315,58910.58312465277
46,2020,3,2,14,14,41.97,-11624366.405000001,11209282.394,-21032292.846,-2109.3107999999997,-3207.74033,-563.22093,2020-03-02 14:14:41.970,137953740.35937786,343746372.8350839,132316996.69337414,141181065157.97333,-41604817156.36929,-18036243110.418015,58910.59354131943
46,2020,3,2,14,29,41.97,-13416847.900999999,8233788.654,-21355985.947,-1868.30233,-3394.8826,-155.16956000000002,2020-03-02 14:29:41.970,137101444.13756704,343959595.26250154,132489041.87155779,141189689551.16425,-41581301694.59505,-18026048251.176582,58910.6039579861
46,2020,3,2,14,44,41.97,-14977757.37,5116160.53,-21310995.546,-1595.46727,-3523.17028,254.89057,2020-03-02 14:44:41.970,136248408.3000142,344170957.5324724,132660370.51573306,141198309280.4838,-41557784884.40606,-18015852806.29341,58910.61437465277
46,2020,3,2,14,59,41.97,-16280580.29,1910354.869,-20898706.377,-1295.61771,-3590.58439,659.87701,2020-03-02 14:59:41.970,135394637.08115298,344380457.7664433,132830981.41708098,141206924345.7352,-41534266726.6111,-18005656776.123894,58910.62479131943
46,2020,3,2,15,14,41.97,-17303335.347,-1328331.7999999998,-20126826.034,-973.99977,-3596.16884,1052.84153,2020-03-02 15:14:41.970,134540134.7224516,344588094.0932227,133000873.36922215,141215534746.72192,-41510747222.0189,-17995460161.023422,58910.6352079861
46,2020,3,2,15,29,41.97,-18028922.281999998,-4544222.434,-19009210.75,-636.19783,-3540.03298,1427.08774,2020-03-02 15:29:41.970,133684905.47240873,344793864.6490002,133170045.1682258,141224140483.24786,-41487226371.438126,-17985262961.34736,58910.64562465277
46,2020,3,2,15,44,41.97,-18445381.942,-7682212.625999999,-17565588.533,-288.03551,-3423.33594,1776.28134,2020-03-02 15:44:41.970,132828953.58654891,344997767.5773662,133338495.61261864,141232741555.1169,-41463704175.67739,-17975065177.451027,58910.65604131943
46,2020,3,2,15,59,41.97,-18546066.393,-10688701.934,-15821186.904000001,64.52489,-3248.25394,2094.5516,2020-03-02 15:59:41.970,131972283.32741821,345199801.0293331,133506223.50339422,141241337962.13318,-41440180635.54519,-17964866809.689804,58910.6664579861
46,2020,3,2,16,14,41.97,-18329718.544999998,-13512488.647,-13806273.712,415.48264,-3017.9319800000003,2376.5829,2020-03-02 16:14:41.970,131114898.9645798,345399963.1633553,133673227.64402162,141249929704.10144,-41416655751.85009,-17954667858.41898,58910.67687465277
46,2020,3,2,16,29,41.97,-17800462.169999998,-16105614.578,-11555620.418,758.89719,-2736.4213799999998,2617.69531,2020-03-02 16:29:41.970,130256804.7746095,345598252.1453491,133839506.84045495,141258516780.82617,-41393129525.40049,-17944468323.993866,58910.68729131943
46,2020,3,2,16,44,41.97,-16967704.496999998,-18424147.819999997,-9107898.001,1088.9836799999998,-2408.60462,2813.91368,2020-03-02 16:44:41.970,129398005.04109114,345794666.14871335,134005059.90114215,141267099192.11252,-41369601957.00476,-17934268206.769737,58910.6977079861
46,2020,3,2,16,59,41.97,-15845954.683,-20428892.792,-6505016.104,1400.20416,-2040.10919,2962.02462,2020-03-02 16:59:41.970,128538504.05461188,345989203.35435,134169885.63703455,141275676937.76566,-41346073047.47124,-17924067507.10189,58910.70812465277
46,2020,3,2,17,14,41.97,-14454562.484,-22086018.342,-3791416.389,1687.3535200000001,-1637.2119,3059.62122,2020-03-02 17:14:41.970,127678306.11275771,346181861.95068455,134333982.86159566,141284250017.59103,-41322542797.608185,-17913866225.345566,58910.71854131943
46,2020,3,2,17,29,41.97,-12817382.29,-23367596.052,-1013331.2570000001,1945.6392899999998,-1206.7352700000001,3105.13532,2020-03-02 17:29:41.970,126817415.52010864,346372640.1336869,134497350.39081082,141292818431.39444,-41299011208.22383,-17903664361.856,58910.7289579861
46,2020,3,2,17,44,41.97,-10962368.464,-24252042.253,1781980.868,2170.75443,-755.93741,3097.8572799999997,2020-03-02 17:44:41.970,125955836.58823384,346561536.1068911,134659987.0431959,141301382178.98175,-41275478280.12627,-17893461916.98842,58910.73937465277
46,2020,3,2,17,59,41.97,-8921108.532,-24724458.56,4547012.506,2358.94248,-292.39686,3037.94351,2020-03-02 17:59:41.970,125093573.63568686,346748548.08141726,134821891.63980728,141309941260.1593,-41251944014.12364,-17883258891.09803,58910.74979131943
46,2020,3,2,18,14,41.97,-6728301.354,-24776867.038,7234785.295,2507.05459,176.1062,2926.41163,2020-03-02 18:14:41.970,124230630.98800066,346933674.2759909,134983063.00425074,141318495674.73343,-41228408411.02395,-17873055284.540043,58910.7602079861
46,2020,3,2,18,29,41.97,-4421187.897,-24408337.282,9799618.463000001,2612.5978,641.71106,2765.1237499999997,2020-03-02 18:29:41.970,123367012.97768286,347116912.9169653,135143499.96269065,141327045422.51096,-41204871471.63517,-17862851097.6696,58910.77062465277
46,2020,3,2,18,44,41.97,-2038942.6390000002,-23625003.944,12197876.925,2673.7741100000003,1096.59867,2556.75803,2020-03-02 18:44:41.970,122502723.94421026,347298262.23834085,135303201.3438601,141335590503.29874,-41181333196.76523,-17852646330.84189,58910.78104131943
46,2020,3,2,18,59,41.97,377965.93200000003,-22439974.353,14388688.575,2689.51004,1533.11348,2304.76869,2020-03-02 18:59:41.970,121637768.23402423,347477720.48178685,135462165.9790692,141344130916.9039,-41157793587.222,-17842440984.41204,58910.7914579861
46,2020,3,2,19,14,41.97,2788436.947,-20873127.089,16334620.627,2659.47618,1943.88366,2013.33502,2020-03-02 19:14:41.970,120772150.2005251,347655285.8966624,135620392.70221567,141352666663.13412,-41134252643.8132,-17832235058.735176,58910.80187465277
46,2020,3,2,19,29,41.97,5151411.744,-18950803.515,18002305.184,2584.0964,2321.9385199999997,1687.2996600000001,2020-03-02 19:29:41.970,119905874.20406748,347830956.7400368,135777880.34979346,141361197741.79694,-41110710367.34665,-17822028554.166405,58910.81229131943
46,2020,3,2,19,44,41.97,7426551.985,-16705395.517,19363004.588,2464.54639,2660.82157,1332.0965600000002,2020-03-02 19:44:41.970,119038944.61195439,348004731.27671134,135934627.7609026,141369724152.70038,-41087166758.629974,-17811821471.060818,58910.8227079861
46,2020,3,2,19,59,41.97,9574911.537,-14174833.952000001,20393107.542000003,2302.74125,2954.69782,953.66928,2020-03-02 19:59:41.970,118171365.79843234,348176607.7792405,136090633.77725887,141378245895.65247,-41063621818.47081,-17801613809.773487,58910.83312465277
46,2020,3,2,20,14,41.97,11559592.131,-11401983.65,21074547.539,2101.31182,3198.45385,558.3801699999999,2020-03-02 20:14:41.970,117303142.14468575,348346584.52795196,136245897.2432029,141386762970.4618,-41040075547.67667,-17791405570.65947,58910.84354131943
46,2020,3,2,20,29,41.97,13346372.628999999,-8433952.217,21395135.754,1863.56963,3387.7890599999996,152.91123000000002,2020-03-02 20:29:41.970,116434278.03883156,348514659.8109692,136400417.00571018,141395275376.93692,-41016527947.05507,-17781196754.073807,58910.8539579861
46,2020,3,2,20,44,41.97,14904301.595,-5321321.384,21348801.377,1593.46046,3519.29625,-255.84224,2020-03-02 20:44:41.970,115564777.87591353,348680831.92423236,136554191.9144007,141403783114.88687,-40992979017.41347,-17770987360.371517,58910.86437465277
46,2020,3,2,20,59,41.97,16206242.913,-2117311.187,20935733.329,1295.50644,3590.52998,-660.8842099999999,2020-03-02 20:59:41.970,114694646.05789687,348845099.17151904,136707220.82154804,141412286184.1207,-40969428759.5592,-17760777389.907604,58910.87479131943
46,2020,3,2,21,14,41.97,17229364.338,1123111.175,20162418.484,974.73722,3600.0609,-1055.2350999999999,2020-03-02 21:14:41.970,113823886.99366242,349007459.8644662,136859502.58208975,141420784584.4478,-40945877174.29957,-17750566843.037056,58910.8852079861
46,2020,3,2,21,29,41.97,17955559.248,4344164.3610000005,19041572.943,636.61045,3547.5141799999997,-1432.05194,2020-03-02 21:29:41.970,112952505.0990008,349167912.3225918,137011036.0536368,141429278315.67807,-40922324262.44183,-17740355720.11484,58910.89562465277
46,2020,3,2,21,44,41.97,18371792.436,7490212.865,17591964.557,286.92268,3433.59071,-1784.74952,2020-03-02 21:44:41.970,112080504.79660693,349326454.87331575,137161820.09648284,141437767377.62122,-40898770024.79313,-17730144021.4959,58910.90604131943
46,2020,3,2,21,59,41.97,18470361.697,10506737.663,15838126.8,-68.28846,3260.06943,-2107.1203,2020-03-02 21:59:41.970,111207890.51607396,349483085.851982,137311853.57361504,141446251770.08737,-40875214462.16065,-17719931747.53517,58910.9164579861
46,2020,3,2,22,14,41.97,18249068.079,13341300.106,13809966.205999998,-422.84915,3029.7898499999997,-2393.45061,2020-03-02 22:14:41.970,110334666.6938872,349637803.6018799,137461135.35072267,141454731492.88705,-40851657575.35141,-17709718898.587563,58910.92687465277
46,2020,3,2,22,29,41.97,17711289.178,15944480.831999999,11542267.876,-770.55959,2746.6139200000002,-2638.63052,2020-03-02 22:29:41.970,109460837.77341843,349790606.4742657,137609664.29620782,141463206545.83072,-40828099365.17239,-17699505475.00796,58910.93729131943
46,2020,3,2,22,44,41.97,16865951.609,18270775.047,9074105.951,-1105.30747,2415.36718,-2838.25466,2020-03-02 22:44:41.970,108586408.20491952,349941492.82838494,137757439.28119493,141471676928.7295,-40804539832.43053,-17689291477.151268,58910.9477079861
46,2020,3,2,22,59,41.97,15727400.838,20279425.604,6448168.407,-1421.18217,2041.75955,-2988.7114,2020-03-02 22:59:41.970,107711382.4455164,350090461.0314933,137904459.17954046,141480142641.3943,-40780978977.93267,-17679076905.372314,58910.95812465277
46,2020,3,2,23,14,41.97,14315168.824000001,21935175.942,3710007.844,-1712.5872200000001,1632.28667,-3087.25772,2020-03-02 23:14:41.970,106835764.95920296,350237509.4588796,138050722.86784348,141488603683.63657,-40757416802.48564,-17668861760.025944,58910.96854131943
46,2020,3,2,23,29,41.97,12653642.318,23208926.143,907232.141,-1974.34813,1194.11356,-3132.0775900000003,2020-03-02 23:29:41.970,105959560.21683466,350382636.49388623,138196229.22545478,141497060055.2679,-40733853306.896164,-17658646041.466976,58910.9789579861
46,2020,3,2,23,44,41.97,10771637.144,24078277.148000002,-1911349.3,-2201.81302,734.9429200000001,-3122.32205,2020-03-02 23:44:41.970,105082772.6961221,350525840.5279327,138340977.1344875,141505511756.10037,-40710288491.97091,-17648429750.050213,58910.98937465277
46,2020,3,2,23,59,41.97,8701886.195999999,24527950.553999998,-4696606.511,-2390.9433299999996,262.87082,-3058.12937,2020-03-02 23:59:41.970,104205406.88162462,350667119.96053594,138484965.4798268,141513958785.94568,-40686722358.51648,-17638212886.130444,58910.99979131943
46,2020,3,3,0,14,41.97,6480450.471,24550074.368,-7399979.9350000005,-2538.3923,-213.76685,-2940.62477,2020-03-03 00:14:41.970,103327467.26474395,350806473.1993347,138628193.1491398,141522401144.61655,-40663154907.33942,-17627995450.06241,58911.0102079861
46,2020,3,3,0,29,41.97,4146069.1420000005,24144326.919999998,-9974356.75,-2641.56901,-686.55247,-2771.89974,2020-03-03 00:29:41.970,102448958.34371737,350943898.66010886,138770659.0328864,141530838831.92535,-40639586139.24616,-17617777442.200867,58911.02062465277
46,2020,3,3,0,44,41.97,1739452.294,23317939.283,-12374929.491999999,-2698.68683,-1147.14815,-2554.97036,2020-03-03 00:44:41.970,101569884.62361129,351079394.7668038,138912362.02432814,141539271847.6851,-40616016055.04315,-17607558862.900517,58911.03104131943
46,2020,3,3,0,59,41.97,-697455.613,22085551.437,-14559998.454,-2708.79456,-1587.45288,-2293.71745,2020-03-03 00:59:41.970,100690250.6163144,351212959.95155156,139053301.01953965,141547700191.70874,-40592444655.53672,-17597339712.516094,58911.0414579861
46,2020,3,3,1,14,41.97,-3122235.833,20468930.364,-16491717.249000002,-2671.7902599999998,-1999.75447,-1992.8088699999998,2020-03-03 01:14:41.970,99810060.8405309,351344592.6546933,139193474.9174178,141556123863.80972,-40568871941.53315,-17587119991.402233,58911.05187465277
46,2020,3,3,1,29,41.97,-5492759.289,18496555.382,-18136760.472000003,-2588.41753,-2376.87149,-1657.60679,2020-03-03 01:29:41.970,98929319.82177353,351474291.3248024,139332882.61969227,141564542863.80154,-40545297913.83863,-17576899699.913647,58911.06229131943
46,2020,3,3,1,44,41.97,-7767939.478999999,16203081.22,-19466902.002,-2460.2447700000002,-2712.2825700000003,-1294.0623,2020-03-03 01:44:41.970,98048032.09235685,351602054.418705,139471523.03093606,141572957191.49805,-40521722573.2593,-17566678838.40493,58911.0727079861
46,2020,3,3,1,59,41.97,-9908459.455,13628691.514,-20459493.823,-2289.6285500000004,-3000.24021,-908.60023,2020-03-03 01:59:41.970,97166202.19138996,351727880.401505,139609395.0585752,141581366846.71332,-40498145920.601234,-17556457407.230743,58911.08312465277
46,2020,3,3,2,14,41.97,-11877459.099,10818357.467,-21097837.801999997,-2079.66223,-3235.86744,-507.99693999999994,2020-03-03 02:14:41.970,96283834.66476957,351851767.7466038,139746497.6128996,141589771829.26163,-40474567956.67042,-17546235406.745647,58911.09354131943
46,2020,3,3,2,29,41.97,-13641170.249,7821017.927,-21371445.487,-1834.11178,-3415.23562,-99.25412999999999,2020-03-03 02:29:41.970,95400934.0651727,351973714.93572545,139882829.60707256,141598172138.95752,-40450988682.2728,-17536012837.30426,58911.1039579861
46,2020,3,3,2,44,41.97,-15169488.897,4688698.128,-21276183.551,-1557.34043,-3535.42281,310.52860999999996,2020-03-03 02:44:41.970,94517504.95204937,352093720.4589373,140018389.95714208,141606567775.61575,-40427408098.21427,-17525789699.261112,58911.11437465277
46,2020,3,3,2,59,41.97,-16436475.391,1475584.829,-20814304.929,-1254.22437,-3594.55235,714.27995,2020-03-03 02:59:41.970,93633551.89161551,352211782.8146737,140153177.5820505,141614958739.05154,-40403826205.30057,-17515565992.970753,58911.12479131943
46,2020,3,3,3,14,41.97,-17420775.424,-1762924.419,-19994367.95,-930.06137,-3591.8118099999997,1105.0792199999999,2020-03-03 03:14:41.970,92749079.45684533,352327900.5097583,140287191.40364543,141623345029.08008,-40380243004.337456,-17505341718.78769,58911.1352079861
46,2020,3,3,3,29,41.97,-18105956.44,-4971180.469,-18831047.729999997,-590.47451,-3527.45299,1476.2730900000001,2020-03-03 03:29:41.970,91864092.22746377,352442072.0594273,140420430.34668964,141631726645.5168,-40356658496.1306,-17495116877.066418,58911.14562465277
46,2020,3,3,3,44,41.97,-18480755.833,-8094233.5940000005,-17344845.825,-241.31279,-3402.77391,1821.58475,2020-03-03 03:44:41.970,90978594.78993909,352554295.98735136,140552893.338872,141640103588.17752,-40333072681.485565,-17484891468.161434,58911.15604131943
46,2020,3,3,3,59,41.97,-18539239.039,-11078760.614,-15561705.572,111.44949,-3220.0839499999997,2135.2140400000003,2020-03-03 03:59:41.970,90092591.73747501,352664570.82565916,140684579.31081772,141648475856.87833,-40309485561.207886,-17474665492.427162,58911.1664579861
46,2020,3,3,4,14,41.97,-18280867.157,-13873953.581,-13512541.75,461.81284999999997,-2982.65353,2411.92758,2020-03-03 04:14:41.970,89206087.6700032,352772895.1149607,140815487.1960991,141656843451.4355,-40285897136.10299,-17464438950.21803,58911.17687465277
46,2020,3,3,4,29,41.97,-17710475.17,-16432356.786,-11232694.057999998,803.85094,-2694.64987,2647.13783,2020-03-03 04:29:41.970,88319087.19417521,352879267.40436906,140945615.9312457,141665206371.6654,-40262307406.97628,-17454211841.88849,58911.18729131943
46,2020,3,3,4,44,41.97,-16838163.106,-18710640.216,-8761314.644,1131.80552,-2361.06023,2836.97046,2020-03-03 04:44:41.970,87431594.92335483,352983686.2515245,141074964.45575535,141673564617.38477,-40238716374.63305,-17443984167.792862,58911.1977079861
46,2020,3,3,4,59,41.97,-15679103.587,-20670298.987999998,-6140700.364,1440.17707,-1987.6044399999998,2978.3197499999997,2020-03-03 04:59:41.970,86543615.47760972,353086150.22261757,141203531.71210447,141681918188.41077,-40215124039.878525,-17433755928.28556,58911.20812465277
46,2020,3,3,5,14,41.97,-14253270.213,-22278269.713000003,-3415580.7770000002,1723.80996,-1580.63806,3068.89155,2020-03-03 05:14:41.970,85655153.48370378,353186657.89241093,141331316.64575905,141690267084.56055,-40191530403.51786,-17423527123.720917,58911.21854131943
46,2020,3,3,5,29,41.97,-12585092.057,-23507456.132,-632373.038,1977.97136,-1147.04782,3107.23386,2020-03-03 05:29:41.970,84766213.57508849,353285207.84426427,141458318.20518482,141698611305.65155,-40167935466.35617,-17413297754.453255,58911.2289579861
46,2020,3,3,5,44,41.97,-10703040.28,-24337157.7,2161585.12,2198.42303,-694.1407800000001,3092.75492,2020-03-03 05:44:41.970,83876800.39189516,353381798.6701566,141584535.3418584,141706950851.50153,-40144339229.19846,-17403067820.836857,58911.23937465277
46,2020,3,3,5,59,41.97,-8639153.523,-24753396.14,4918813.129,2381.48549,-229.52862,3025.7290399999997,2020-03-03 05:59:41.970,82986918.58092624,353476428.9707096,141709967.01027793,141715285721.92834,-40120741692.849655,-17392837323.22601,58911.24979131943
46,2020,3,3,6,14,41.97,-6428509.254,-24749136.191,7592465.049000001,2524.09387,238.99149,2907.2901199999997,2020-03-03 06:14:41.970,82096572.79564698,353569097.35521114,141834612.16797373,141723615916.7504,-40097142858.11468,-17382606261.97495,58911.2602079861
46,2020,3,3,6,29,41.97,-4108648.736,-24324398.045,10137095.861,2623.84502,703.55825,2739.41336,2020-03-03 06:29:41.970,81205767.69617705,353659802.4416384,141958469.77551928,141731941435.786,-40073542725.79826,-17372374637.437927,58911.27062465277
46,2020,3,3,6,44,41.97,-1718963.734,-23486260.126000002,12509405.96,2679.0354,1156.36838,2524.88519,2020-03-03 06:44:41.970,80314507.94928174,353748542.8566817,142081538.79654184,141740262278.85376,-40049941296.70522,-17362142449.969135,58911.28104131943
46,2020,3,3,6,59,41.97,699946.561,-22248752.027,14668953.451,2688.68927,1589.79829,2267.26181,2020-03-03 06:59:41.970,79422798.2283634,353835317.2357682,142203818.19773343,141748578445.7727,-40026338571.64011,-17351909699.92276,58911.2914579861
46,2020,3,3,7,14,41.97,3106939.554,-20632638.607,16578824.139,2652.57697,1996.5240900000001,1970.8166899999999,2020-03-03 07:14:41.970,78530643.21345264,353920124.22308445,142325306.9488619,141756889936.36218,-40002734551.407555,-17341676387.65295,58911.30187465277
46,2020,3,3,7,29,41.97,5461004.992000001,-18665097.419999998,18206249.442,2571.22269,2369.63838,1640.4774499999999,2020-03-03 07:29:41.970,77638047.5911994,354002962.4716011,142446004.02278122,141765196750.44125,-39979129236.812065,-17331442513.513855,58911.31229131943
46,2020,3,3,7,44,41.97,7721942.97,-16379292.887,19523162.837,2445.90161,2702.76269,1281.75245,2020-03-03 07:44:41.970,76745016.05486426,354083830.64309597,142565908.39544353,141773498887.8298,-39955522628.658066,-17321208077.85959,58911.3227079861
46,2020,3,3,7,59,41.97,9851034.394,-13813851.869,20506685.887,2278.62599,2990.15389,900.64779,2020-03-03 07:59:41.970,75851553.30430892,354162727.4081776,142685019.0459088,141781796348.34766,-39931914727.749886,-17310973081.04423,58911.33312465277
46,2020,3,3,8,14,41.97,11811693.87,-11012246.705,21139535.459,2072.11999,3226.80319,503.57534000000004,2020-03-03 08:14:41.970,74957664.04598755,354239651.4463098,142803334.95635715,141790089131.815,-39908305534.89182,-17300737523.421844,58911.34354131943
46,2020,3,3,8,29,41.97,13570094.836000001,-8022093.123,21410344.399,1829.78314,3408.52598,97.25253000000001,2020-03-03 08:29:41.970,74063352.99293709,354314601.44583476,142920855.1120987,141798377238.05215,-39884695050.88807,-17290501405.346478,58911.3539579861
46,2020,3,3,8,44,41.97,15095756.613,-4894372.01,21313888.76,1555.64225,3532.04093,-311.40493000000004,2020-03-03 08:44:41.970,73168624.8647685,354387576.10399646,143037578.50158536,141806660666.87982,-39861083276.542755,-17280264727.17214,58911.36437465277
46,2020,3,3,8,59,41.97,16362083.133,-1682585.499,20851215.664,1254.29215,3595.03653,-715.39633,2020-03-03 08:59:41.970,72273484.38765687,354458574.12696654,143153504.11642212,141814939418.11884,-39837470212.65994,-17270027489.25282,58911.37479131943
46,2020,3,3,9,14,41.97,17346843.269,1558140.5219999999,20029667.116,930.82527,3596.22339,-1107.75365,2020-03-03 09:14:41.970,71377936.29433188,354527594.2298653,143268630.95137754,141823213491.59024,-39813855860.04356,-17259789691.9425,58911.3852079861
46,2020,3,3,9,29,41.97,18032583.077999998,4771993.865,18862796.525999997,590.75084,3535.37042,-1481.66199,2020-03-03 09:29:41.970,70481985.32406855,354594635.136789,143382958.00439522,141831482887.11542,-39790240219.49757,-17249551335.595093,58911.39562465277
46,2020,3,3,9,44,41.97,18406960.931,7903438.326,17370176.381,239.90452000000002,3413.32357,-1830.5806499999999,2020-03-03 09:44:41.970,69585636.22267744,354659695.58083093,143496484.27660492,141839747604.51602,-39766623291.825745,-17239312420.56454,58911.40604131943
46,2020,3,3,9,59,41.97,18462997.375,10898184.361,15577097.442,-115.65050000000001,3232.0055700000003,-2148.3626999999997,2020-03-03 09:59:41.970,68688893.74249455,354722774.30410755,143609208.772334,141848007643.61374,-39743005077.83182,-17229072947.20473,58911.4164579861
46,2020,3,3,10,14,41.97,18199232.821000002,13704150.594,13514161.989,-469.72916999999995,2994.39565,-2429.37048,2020-03-03 10:14:41.970,67791762.64237182,354783870.05778164,143721130.4991188,141856263004.23074,-39719385578.31949,-17218832915.86954,58911.42687465277
46,2020,3,3,10,29,41.97,17619787.623,16272397.852,11216775.935,-816.13543,2704.4887000000003,-2668.58435,2020-03-03 10:29:41.970,66894247.68766699,354842981.6020869,143832248.46771502,141864513686.18945,-39695764794.09232,-17208592326.912777,58911.43729131943
46,2020,3,3,10,44,41.97,16734320.950000001,18558017.073,8724547.047,-1148.77593,2367.23364,-2861.7021299999997,2020-03-03 10:44:41.970,65996353.65023337,354900107.706352,143942561.69211024,141872759689.31226,-39672142725.9538,-17198351180.688286,58911.4477079861
46,2020,3,3,10,59,41.97,15557886.923,20520952.559,6080598.931000001,-1461.77417,1988.4515199999998,-3005.22644,2020-03-03 10:59:41.970,65098085.30840994,354955247.14902514,144052069.18953446,141881001013.4219,-39648519374.707375,-17188109477.549854,58911.45812465277
46,2020,3,3,11,14,41.97,14110688.770000001,22126742.769,3330812.79,-1749.58254,1574.7343899999998,-3096.5374699999998,2020-03-03 11:14:41.970,64199447.44701065,355008398.7176982,144160769.98047167,141889237658.3416,-39624894741.15641,-17177867217.85124,58911.46854131943
46,2020,3,3,11,29,41.97,12417734.194,23347162.108,523011.07300000003,-2007.0893299999998,1133.3267600000001,-3133.94897,2020-03-03 11:29:41.970,63300444.8573146,355059561.209131,144268663.08867142,141897469623.89447,-39601268826.104126,-17167624401.946188,58911.4789579861
46,2020,3,3,11,44,41.97,10508397.579,24160749.068,-2293901.015,-2229.7183,671.99205,-3116.74568,2020-03-03 11:44:41.970,62401082.33705504,355108733.42927605,144375747.54116017,141905696909.90408,-39577641630.35373,-17157381030.188408,58911.48937465277
46,2020,3,3,11,59,41.97,8415897.108,24553208.459000003,-5070818.785999999,-2413.51784,198.86687,-3045.20077,2020-03-03 11:59:41.970,61501364.69040909,355155914.19330305,144482022.36825246,141913919516.19434,-39554013154.70837,-17147137102.931593,58911.49979131943
46,2020,3,3,12,14,41.97,6176697.0430000005,24517678.358000003,-7759327.853,-2555.23765,-277.69325,-2920.57282,2020-03-03 12:14:41.970,60601296.7279869,355201102.325623,144587486.60356295,141922137442.58893,-39530383399.971,-17136892620.529387,58911.5102079861
46,2020,3,3,12,29,41.97,3829847.414,24054855.672000002,-10312581.801,-2652.39093,-749.27319,-2745.08199,2020-03-03 12:29:41.970,59700883.26682099,355244296.65991324,144692139.2840176,141930350688.91235,-39506752366.944626,-17126647583.335442,58911.52062465277
46,2020,3,3,12,44,41.97,1416274.923,23172977.626,-12686149.376,-2703.30039,-1207.55839,-2521.86621,2020-03-03 12:44:41.970,58800129.13035515,355285496.0391417,144795979.44986516,141938559254.98895,-39483120056.43209,-17116401991.70335,58911.53104131943
46,2020,3,3,12,59,41.97,-1021959.9940000001,21887660.084,-14838813.620000001,-2707.1272799999997,-1644.4922,-2254.91849,2020-03-03 12:59:41.970,57899039.148433775,355324699.3155922,144899006.14468896,141946763140.64343,-39459486469.236176,-17106155845.98671,58911.5414579861
46,2020,3,3,13,14,41.97,-3442424.304,20221597.042,-16733306.743,-2663.8828000000003,-2052.42644,-1949.00714,2020-03-03 13:14:41.970,56997618.15729043,355361905.3508886,145001218.41541845,141954962345.70074,-39435851606.15958,-17095909146.539051,58911.55187465277
46,2020,3,3,13,29,41.97,-5803075.935,18204128.912,-18336966.325000003,-2574.42211,-2424.26188,-1609.58113,2020-03-03 13:29:41.970,56095870.999536864,355397113.01601964,145102615.312341,141963156869.9862,-39412215468.00492,-17085661893.713919,58911.56229131943
46,2020,3,3,13,44,41.97,-8063014.243,15870690.098,-19622300.623999998,-2440.42138,-2753.57552,-1242.6632,2020-03-03 13:44:41.970,55193802.52415155,355430321.19136363,145203195.88911295,141971346713.32513,-39388578055.57471,-17075414087.864815,58911.5727079861
46,2020,3,3,13,59,41.97,-10183202.644000001,13262148.883,-20567453.213,-2264.33909,-3034.73228,-854.73351,2020-03-03 13:59:41.970,54291417.586468466,355461528.7667141,145302959.20277223,141979531875.54315,-39364939369.67145,-17065165729.345198,58911.58312465277
46,2020,3,3,14,14,41.97,-12127149.776,10424054.582,-21156559.726,-2049.36285,-3262.97908,-452.60671,2020-03-03 14:14:41.970,53388721.048165366,355490734.6413036,145401904.31374937,141987712356.46637,-39341299411.097466,-17054916818.508509,58911.59354131943
46,2020,3,3,14,29,41.97,-13861536.965,7405808.407000001,-21379992.139999997,-1799.3435200000001,-3434.52016,-43.30543,2020-03-03 14:29:41.970,52485717.7772523,355517937.72382975,145500030.28587976,141995888155.92075,-39317658180.655075,-17044667355.708185,58911.6039579861
46,2020,3,3,14,44,41.97,-15356781.418,4259775.361,-21234488.554,-1518.71862,-3546.57271,366.06719,2020-03-03 14:44:41.970,51582412.648059815,355543136.9324793,145597336.18641487,142004059273.73273,-39294015679.14647,-17034417341.297585,58911.61437465277
46,2020,3,3,14,59,41.97,-16587526.331,1040354.94,-20723168.849999998,-1212.42687,-3597.40278,768.45324,2020-03-03 14:59:41.970,50678810.54122711,355566331.1949536,145693821.08603463,142012225709.72885,-39270371907.37379,-17024166775.63009,58911.62479131943
46,2020,3,3,15,14,41.97,-17533050.948,-2196971.631,-19855438.798,-885.81607,-3586.3416199999997,1156.96183,2020-03-03 15:14:41.970,49774916.34369009,355587519.44849336,145789484.05885908,142020387463.73615,-39246726866.139015,-17013915659.059027,58911.6352079861
46,2020,3,3,15,29,41.97,-18177595.414,-5396600.352,-18646787.164,-544.54622,-3513.7831899999996,1524.98479,2020-03-03 15:29:41.970,48870734.948669314,355606700.6399048,145884324.18246022,142028544535.58157,-39223080556.24413,-17003663991.937693,58911.64562465277
46,2020,3,3,15,44,41.97,-18510597.085,-8503753.01,-17118482.007,-194.48990999999998,-3381.16379,1866.30468,2020-03-03 15:44:41.970,47966271.255657844,355623873.72558355,145978340.53787354,142036696925.09256,-39199432978.491,-16993411774.619389,58911.65604131943
46,2020,3,3,15,59,41.97,-18526836.558,-11465399.828,-15297173.795,158.36833000000001,-3190.9250500000003,2175.19369,2020-03-03 15:59:41.970,47061530.170408905,355639037.67154056,146071532.2096109,142044844632.09653,-39175784133.68139,-16983159007.457323,58911.6664579861
46,2020,3,3,16,14,41.97,-18226493.303,-14231141.815000001,-13214414.089,508.0320699999999,-2946.46163,2446.50218,2020-03-03 16:14:41.970,46156516.604923524,355652191.4534269,146163898.28567156,142052987656.42163,-39152134022.617004,-16972905690.804743,58911.67687465277
46,2020,3,3,16,29,41.97,-17615112.125,-16754039.765,-10906099.424,848.5908599999999,-2652.05521,2675.73625,2020-03-03 16:29:41.970,45251235.47743809,355663334.05655956,146255437.85755455,142061125997.8955,-39128482646.09942,-16962651825.014816,58911.68729131943
46,2020,3,3,16,44,41.97,-16703482.951000001,-18991378.222,-8411850.668,1174.3147099999999,-2312.79625,2859.1234600000003,2020-03-03 16:44:41.970,44345691.71241164,355672464.47594684,146346150.02027094,142069259656.3468,-39104830004.930145,-16952397410.440712,58911.6977079861
46,2020,3,3,16,59,41.97,-15507437.546,-20905354.147,-5774338.617000001,1479.74408,-1934.49516,2993.66655,2020-03-03 16:59:41.970,43439890.240512945,355679581.7163131,146436033.8723553,142077388631.60376,-39081176099.9107,-16942142447.435568,58911.70812465277
46,2020,3,3,17,14,41.97,-14047567.702,-22463681.417,-3038566.827,1759.77424,-1523.5843399999999,3077.18472,2020-03-03 17:14:41.970,42533835.998608135,355684684.79212475,146525088.51587838,142085512923.49524,-39057520931.84232,-16931886936.352465,58911.71854131943
46,2020,3,3,17,29,41.97,-12348870.289,-23640103.681,-251122.883,2009.73328,-1087.0127599999998,3108.3424800000003,2020-03-03 17:29:41.970,41627533.92974745,355687772.7276153,146613313.05645886,142093632531.8503,-39033864501.52635,-16921630877.544498,58911.7289579861
46,2020,3,3,17,44,41.97,-10440325.274,-24414809.453,2540590.714,2225.4529700000003,-632.13436,3086.66609,2020-03-03 17:44:41.970,40720988.98315205,355688844.5568115,146700706.60327533,142101747456.49817,-39010206809.763916,-16911374271.364689,58911.73937465277
46,2020,3,3,17,59,41.97,-8354413.415000001,-24774744.591,5289134.886,2403.33183,-166.59182,3012.54769,2020-03-03 17:59:41.970,39814206.11420096,355687899.32355785,146787268.26907906,142109857697.26834,-38986547857.35607,-16901117118.166046,58911.74979131943
46,2020,3,3,18,14,41.97,-6126580.905,-24713818.593,7947810.526000001,2540.3898900000004,301.80291,2887.23718,2020-03-03 18:14:41.970,38907190.28441787,355684936.0815436,146872997.17020577,142117963253.99048,-38962887645.10387,-16890859418.301567,58911.7602079861
46,2020,3,3,18,29,41.97,-3794658.6750000003,-24233002.346,10471422.425,2634.31459,765.1901399999999,2712.82233,2020-03-03 18:29:41.970,37999946.46145751,355679953.89432716,146957892.42658773,142126064126.49448,-38939226173.80817,-16880601172.124197,58911.77062465277
46,2020,3,3,18,44,41.97,-1398244.538,-23340316.137000002,12817019.958,2683.49739,1215.78458,2492.19711,2020-03-03 18:44:41.970,37092479.61909221,355672951.83536214,147041953.1617663,142134160314.6106,-38915563444.269806,-16870342379.986853,58911.78104131943
46,2020,3,3,18,59,41.97,1021943.3099999999,-22050707.902999997,14944604.182,2687.06076,1645.99687,2229.0187600000004,2020-03-03 18:59:41.970,36184794.73719811,355663928.9880234,147125178.50290415,142142251818.1692,-38891899457.28946,-16860083042.242424,58911.7914579861
46,2020,3,3,19,14,41.97,3424732.5259999996,-20385822.887,16817791.275,2644.87497,2048.55318,1927.6537600000001,2020-03-03 19:14:41.970,35276896.80174174,355652884.4456319,147207567.58079752,142150338637.00107,-38868234213.66783,-16849823159.243774,58911.80187465277
46,2020,3,3,19,29,41.97,5769173.356000001,-18373667.018,18404422.599000003,2557.56456,2416.61151,1593.11329,2020-03-03 19:29:41.970,34368790.80476553,355639817.31148195,147289119.52988836,142158420770.9369,-38844567714.20543,-16839562731.343721,58911.81229131943
46,2020,3,3,19,44,41.97,8015216.338,-16048167.598,19677112.051,2426.50401,2743.8734,1230.97854,2020-03-03 19:44:41.970,33460481.74437425,355624726.6988657,147369833.4882771,142166498219.80792,-38820899959.70269,-16829301758.895075,58911.8227079861
46,2020,3,3,19,59,41.97,10124381.147,-13448636.147,20613721.821,2253.80233,3024.68939,847.3163999999999,2020-03-03 19:59:41.970,32551974.624720838,355607611.7310998,147449708.5977347,142174570983.44562,-38797230950.96003,-16819040242.250591,58911.83312465277
46,2020,3,3,20,14,41.97,12060406.534,-10619139.614,21197758.257000003,2042.2763700000003,3254.1568899999997,448.5863,2020-03-03 20:14:41.970,31643274.45599193,355588471.5415503,147528744.00371528,142182639061.68134,-38773560688.77765,-16808778181.763008,58911.84354131943
46,2020,3,3,20,29,41.97,13789871.117999999,-7607787.602,21418680.191,1795.4128,3428.2086999999997,41.53908,2020-03-03 20:29:41.970,30734386.254393373,355567305.2736598,147606938.85536832,142190702454.34705,-38749889173.955765,-16798515577.785023,58911.8539579861
46,2020,3,3,20,44,41.97,15282774.744,-4465944.755000001,21272112.958,1517.31848,3543.6904999999997,-366.8913,2020-03-03 20:44:41.970,29825315.042136192,355544112.08097297,147684292.3055515,142198761161.27478,-38726216407.29448,-16788252430.669312,58911.86437465277
46,2020,3,3,20,59,41.97,16513070.148999998,-1247379.0059999998,20759962.339,1212.65967,3598.4256100000002,-769.70167,2020-03-03 20:59:41.970,28916065.847421482,355518891.127162,147760803.5108427,142206815182.29703,-38702542389.593765,-16777988740.768528,58911.87479131943
46,2020,3,3,21,14,41.97,17459134.898000002,1992642.0189999999,19890423.922000002,886.5902199999999,3591.26512,-1159.9378,2020-03-03 21:14:41.970,28006643.70442593,355491641.5860537,147836471.63155308,142214864517.24606,-38678867121.6535,-16767724508.435244,58911.8852079861
46,2020,3,3,21,29,41.97,18104173.98,5198292.613,18677884.854,544.6693700000001,3522.12198,-1530.8151,2020-03-03 21:29:41.970,27097053.65328672,355462362.64165443,147911295.8317392,142222909165.9547,-38655190604.27354,-16757459734.022058,58911.89562465277
46,2020,3,3,21,44,41.97,18436544.123,8314153.293,17142716.682,192.77019,3391.9871200000002,-1875.8396,2020-03-03 21:44:41.970,26187300.74008666,355431053.48817694,147985275.27921575,142230949128.2561,-38631512838.253555,-16747194417.881495,58911.90604131943
46,2020,3,3,21,59,41.97,18449991.834,11286181.194999998,15310959.929000001,-163.02036,3202.92663,-2188.9271,2020-03-03 21:59:41.970,25277390.016839106,355397713.33006674,148058409.1455682,142238984403.98334,-38607833824.39319,-16736928560.366093,58911.9164579861
46,2020,3,3,22,14,41.97,18143798.404,14062668.884000001,13213903.24,-516.50794,2958.05871,-2464.5179200000002,2020-03-03 22:14:41.970,24367326.541472413,355362341.38202715,148130696.60616553,142247014992.9699,-38584153563.49199,-16726662161.828318,58911.92687465277
46,2020,3,3,22,29,41.97,17522826.715,16595173.197,10887562.236,-861.50221,2661.51009,-2697.68457,2020-03-03 22:29:41.970,23457115.377814785,355324936.86904657,148202136.8401724,142255040895.04962,-38560472056.34935,-16716395222.620594,58911.93729131943
46,2020,3,3,22,44,41.97,16597466.464000002,18839395.449,8372065.66,-1191.93077,2318.35156,-2884.22964,2020-03-03 22:44:41.970,22546761.595578916,355285499.02642477,148272729.0305625,142263062110.0564,-38536789303.76463,-16706127743.095352,58911.9477079861
46,2020,3,3,22,59,41.97,15383476.616,20755994.553,5710958.78,-1501.9532,1934.5134799999998,-3020.77133,2020-03-03 22:59:41.970,21636270.270345755,355244027.09979844,148342472.3641309,142271078637.8243,-38513105306.53704,-16695859723.604965,58911.95812465277
46,2020,3,3,23,14,41.97,13901726.116,22311315.381,2950436.369,-1786.0726300000001,1516.6822,-3104.8140700000004,2020-03-03 23:14:41.970,20725646.48354939,355200520.34516776,148411366.0315067,142279090478.18777,-38489420065.465805,-16685591164.501764,58911.96854131943
46,2020,3,3,23,29,41.97,12177836.411,23478016.040999997,138519.645,-2039.24195,1072.1793799999998,-3134.80207,2020-03-03 23:29:41.970,19814895.322460648,355154978.02892315,148479409.22716615,142287097630.98145,-38465733581.3499,-16675322066.13808,58911.9789579861
46,2020,3,3,23,44,41.97,10241731.721,24235579.727,-2675806.647,-2256.96213,608.82657,-3110.1540999999997,2020-03-03 23:44:41.970,18904021.880171355,355107399.4278711,148546601.14944506,142295100096.04034,-38442045854.98827,-16665052428.866182,58911.98937465277
46,2020,3,3,23,59,41.97,8127105.436,24570699.222,-5443479.492000001,-2435.36988,134.79822,-3031.2782,2020-03-03 23:59:41.970,17993031.317724116,355057783.8327151,148612940.99605542,142303097870.67056,-38418356894.66423,-16654782256.28284,58911.99979131943
46,2020,3,4,0,14,41.97,5870812.600000001,24477525.283,-8116247.784,-2571.31259,-341.53368,-2899.5657,2020-03-04 00:14:41.970,17081928.61551988,355006130.53440344,148678427.98214164,142311090959.76663,-38394666686.20812,-16644511542.251375,58912.0102079861
46,2020,3,4,0,29,41.97,3512204.4529999997,23957772.164,-10647543.163,-2662.4083299999998,-811.7586100000001,-2717.3650500000003,2020-03-04 00:29:41.970,16170718.946154142,354952438.84446543,148743061.31314093,142319079360.63388,-38370975237.902596,-16634240290.368317,58912.02062465277
46,2020,3,4,0,44,41.97,1092410.304,23020681.076,-12993327.507,-2707.0898300000003,-1267.58853,-2487.93475,2020-03-04 00:44:41.970,15259407.425838895,354896708.0816375,148806840.20295686,142327063073.1079,-38347282550.546265,-16623968500.985817,58912.03104131943
46,2020,3,4,0,59,41.97,-1346406.636,21682838.488,-15112880.315,-2704.63105,-1701.0138100000001,-2215.37861,2020-03-04 00:59:41.970,14347999.176524786,354838937.57520485,148869763.86941668,142335042097.02496,-38323588624.93752,-16613696174.455973,58912.0414579861
46,2020,3,4,1,14,41.97,-3761812.37,19967857.786000002,-16969524.695,-2655.15634,-2104.45282,-1904.56369,2020-03-04 01:14:41.970,13436499.325884432,354779126.66502804,148931831.53428498,142343016432.22116,-38299893461.874756,-16603423311.13085,58912.05187465277
46,2020,3,4,1,29,41.97,-6111864.991,17905930.672,-18531271.882,-2559.63207,-2470.89079,-1561.0238299999999,2020-03-04 01:29:41.970,12524913.00729521,354717274.70156926,148993042.42327604,142350986078.53305,-38276197062.1563,-16593149911.362495,58912.06229131943
46,2020,3,4,1,44,41.97,-8355862.456000001,15533259.491,-19771373.360000003,-2419.84159,-2794.0051399999998,-1190.8512799999999,2020-03-04 01:44:41.970,11613245.359822413,354653381.04591864,149053395.76606733,142358951035.7974,-38252499426.58026,-16582875975.5029,58912.0727079861
46,2020,3,4,1,59,41.97,-10455060.611000001,12891383.77,-20668771.169,-2238.3444,-3068.27485,-800.57929,2020-03-04 01:59:41.970,10701501.52820193,354587445.0698223,149112890.79631194,142366911303.85107,-38228800555.94473,-16572601503.90404,58912.08312465277
46,2020,3,4,2,14,41.97,-12373348.034,10026416.177,-21208439.534,-2018.42124,-3289.0721200000003,-397.05852000000004,2020-03-04 02:14:41.970,9789686.662822615,354519466.1557073,149171526.7516524,142374866882.53137,-38205100451.04769,-16562326496.917841,58912.09354131943
46,2020,3,4,2,29,41.97,-14077865.644,6988204.48,-21381613.6,-1764.00664,-3452.73501,12.66981,2020-03-04 02:29:41.970,8877805.919709135,354449443.69670904,149229302.8737331,142382817771.67557,-38181399112.68702,-16552050954.896181,58912.1039579861
46,2020,3,4,2,44,41.97,-15539560.749,3829436.926,-21185903.556,-1479.61093,-3556.62047,421.50127999999995,2020-03-04 02:44:41.970,7965864.460503996,354377377.0966985,149286218.40821362,142390763971.1215,-38157696541.66045,-16541774878.19094,58912.11437465277
46,2020,3,4,2,59,41.97,-16733666.947,604708.827,-20625294.864,-1170.2338699999998,-3599.13753,822.39364,2020-03-04 02:59:41.970,7053867.452449975,354303265.7703084,149342272.60478187,142398705480.70685,-38133992738.76571,-16531498267.153934,58912.12479131943
46,2020,3,4,3,14,41.97,-17640103.169999998,-2630431.957,-19710037.439,-841.2716399999999,-3579.7610999999997,1208.48784,2020-03-04 03:14:41.970,6141820.068371871,354227109.1429598,149397464.71716723,142406642300.26984,-38110287704.80031,-16521221122.136942,58912.1352079861
46,2020,3,4,3,29,41.97,-18243786.955,-5820443.4350000005,-18456428.566,-498.41956999999996,-3499.02696,1573.22285,2020-03-04 03:29:41.970,5229727.486658836,354148906.65088934,149451794.00315374,142414574429.6487,-38086581440.56177,-16510943443.491724,58912.14562465277
46,2020,3,4,3,44,41.97,-18534858.812999997,-8910735.354,-16886495.973,-147.57218,-3358.5091,1910.44244,2020-03-04 03:44:41.970,4317594.891245792,354068657.7411757,149505259.7245931,142422501868.68222,-38062873946.84742,-16500665231.56999,58912.15604131943
46,2020,3,4,3,59,41.97,-18508816.207,-11848587.133000001,-15027588.853,205.27748000000003,-3160.78053,2214.49278,2020-03-04 03:59:41.970,3405427.471595142,353986361.8717672,149557861.14741802,142430424617.20908,-38039165224.45455,-16490386486.723425,58912.1664579861
46,2020,3,4,4,14,41.97,-18166557.187,-14584023.664,-12911885.726,554.13764,-2909.35909,2480.30948,2020-03-04 04:14:41.970,2493230.422678444,353902018.5115078,149609597.54165578,142438342675.06808,-38015455274.18032,-16480107209.303648,58912.17687465277
46,2020,3,4,4,29,41.97,-17514335.108,-17070636.093000002,-10575828.871,893.1153899999999,-2608.63961,2703.49359,2020-03-04 04:29:41.970,1581008.9449575217,353815627.14016384,149660468.1814407,142446256042.09882,-37991744096.82176,-16469827399.662283,58912.18729131943
46,2020,3,4,4,44,41.97,-16563627.080999998,-19266336.113,-8059495.7,1216.5105899999999,-2263.81425,2880.37567,2020-03-04 04:44:41.970,668768.2443658387,353727187.24845225,149710472.3450282,142454164718.14053,-37968031693.175865,-16459547058.150883,58912.1977079861
46,2020,3,4,4,59,41.97,-15330919.890999999,-21134033.68,-5405917.861,1518.90519,-1880.78231,3008.06783,2020-03-04 04:59:41.970,-243486.46771058088,353636698.33806574,149759609.3148078,142462068703.03305,-37944318064.03948,-16449266185.12099,58912.20812465277
46,2020,3,4,5,14,41.97,-13837418.066,-22642229.485,-2660359.121,1795.24681,-1466.05118,3084.50326,2020-03-04 05:14:41.970,-1155749.974452145,353544159.92170167,149807878.3773162,142469967996.61633,-37920603210.20933,-16438984780.924082,58912.21854131943
46,2020,3,4,5,29,41.97,-12108679.567,-23765514.909,130436.783,2040.9257799999998,-1026.63007,3108.46342,2020-03-04 05:29:41.970,-2068017.0536249115,353449571.5230871,149855278.82325107,142477862598.7304,-37896887132.48208,-16428702845.911615,58912.2289579861
46,2020,3,4,5,44,41.97,-10174185.306,-24484973.492000002,2919017.128,2251.84511,-569.91768,3079.59277,2020-03-04 05:44:41.970,-2980282.477600046,353352932.67700684,149901809.94748428,142485752509.21576,-37873169831.65424,-16418420380.435009,58912.23937465277
46,2020,3,4,5,59,41.97,-8066849.28,-24788479.277999997,5657998.914,2424.4823800000004,-103.58555,2998.40117,2020-03-04 05:59:41.970,-3892541.013373342,353254242.9293308,149947471.049075,142493637727.91312,-37849451308.52229,-16408137384.845648,58912.24979131943
46,2020,3,4,6,14,41.97,-5822476.632,-24670888.601,8300844.283000001,2555.94342,364.54181,2866.2542399999998,2020-03-04 06:14:41.970,-4804787.422584817,353153501.8370402,149992261.43128362,142501518254.66302,-37825731563.882515,-16397853859.494846,58912.2602079861
46,2020,3,4,6,29,41.97,-3479177.45,-24134123.13,10802621.863,2644.0070100000003,826.60852,2685.35177,2020-03-04 06:29:41.970,-5717016.461538582,353050708.9682545,150036180.40158474,142509394089.3069,-37802010598.53119,-16387569804.733936,58912.27062465277
46,2020,3,4,6,44,41.97,-1076744.481,-23187143.116,13120743.451,2687.16022,1274.84949,2458.69451,2020-03-04 06:44:41.970,-6629222.881222811,352945863.9022597,150079227.27168098,142517265231.68585,-37778288413.264366,-16377285220.914156,58912.28104131943
46,2020,3,4,6,59,41.97,1343996.625,-21845810.994,15215665.719,2684.62407,1701.71171,2190.03977,2020-03-04 06:59:41.970,-7541401.427329847,352838966.22953403,150121401.357516,142525131681.6415,-37754565008.8781,-16367000108.38675,58912.2914579861
46,2020,3,4,7,14,41.97,3741855.616,-20132646.633,17051546.935,2636.36904,2099.97352,1883.8458899999998,2020-03-04 07:14:41.970,-8453546.840276496,352730015.5517757,150162701.97928876,142532993439.01538,-37730840386.16827,-16356714467.50288,58912.30187465277
46,2020,3,4,7,29,41.97,6075955.205999999,-18076476.735,18596849.001,2543.12007,2462.86034,1545.20629,2020-03-04 07:29:41.970,-9365653.85522443,352619011.4819299,150203128.46146607,142540850503.64978,-37707114545.93069,-16346428298.613703,58912.31229131943
46,2020,3,4,7,44,41.97,8306408.3100000005,-15711982.118,19824875.551000003,2406.35079,2784.1556,1179.7734799999998,2020-03-04 07:44:41.970,-10277717.202100743,352505953.6442164,150242680.13279706,142548702875.3867,-37683387488.96105,-16336141602.070328,58912.3227079861
46,2020,3,4,7,59,41.97,10394985.115,-13079147.911,20714237.289,2228.2666400000003,3058.30533,793.67343,2020-03-04 07:59:41.970,-11189731.60561875,352390841.67415583,150281356.3263261,142556550554.06863,-37659659216.05491,-16325854378.223818,58912.33312465277
46,2020,3,4,8,14,41.97,12305759.872000001,-10222623.067,21249236.345000003,2011.7766900000001,3280.51482,393.41137,2020-03-04 08:14:41.970,-12101691.785298713,352273675.2185973,150319156.37940675,142564393539.5382,-37635929728.00773,-16315566627.425201,58912.34354131943
46,2020,3,4,8,29,41.97,14005727.181,-7190997.0309999995,21420162.115,1760.45397,3446.8357699999997,-14.23053,2020-03-04 08:29:41.970,-13013592.455489079,352154453.9357454,150356079.63371512,142572231831.63843,-37612199025.614914,-16305278350.02546,58912.3539579861
46,2020,3,4,8,44,41.97,15465377.45,-4036002.923,21223491.937,1478.48444,3554.24215,-422.30215,2020-03-04 08:44:41.970,-13925428.32538735,352033177.4951878,150392125.43526366,142580065430.21207,-37588467109.67168,-16294989546.375551,58912.36437465277
46,2020,3,4,8,59,41.97,16659221.298,-811658.154,20661991.008,1170.6046299999998,3600.69308,-823.80007,2020-03-04 08:59:41.970,-14837194.099061921,351909845.5779217,150427293.1344148,142587894335.1028,-37564733980.97325,-16284700216.826378,58912.37479131943
46,2020,3,4,9,14,41.97,17566252.908,2426645.032,19744707.208,842.0284,3585.18096,-1211.7862,2020-03-04 09:14:41.970,-15748884.475472936,351784457.8763822,150461582.0858945,142595718546.1541,-37540999640.31458,-16274410361.728794,58912.3852079861
46,2020,3,4,9,29,41.97,18170342.776,5623085.035,18486858.038999997,498.36343,3507.76309,-1579.50858,2020-03-04 09:29:41.970,-16660494.148494517,351657014.0944678,150494991.64880604,142603538063.20966,-37517264088.4906,-16264119981.433647,58912.39562465277
46,2020,3,4,9,44,41.97,18460551.054,8722376.915000001,16909608.627,145.51841,3369.57546,-1920.52228,2020-03-04 09:44:41.970,-17572017.806936253,351527513.94756943,150527521.18664384,142611352886.11356,-37493527326.29612,-16253829076.291708,58912.40604131943
46,2020,3,4,9,59,41.97,18431353.601999998,11670742.163,15039741.719,-210.39785,3172.82714,-2228.80807,2020-03-04 09:59:41.970,-18483450.13456513,351395957.1625963,150559170.06730664,142619163014.70984,-37469789354.5259,-16243537646.653734,58912.4164579861
46,2020,3,4,10,14,41.97,18082774.222,14416864.454,12909222.823,-563.18373,2920.77456,-2498.88638,2020-03-04 10:14:41.970,-19394785.810127858,351262343.4780041,150589937.6631121,142626968448.8433,-37446050173.97448,-16233245692.870419,58912.42687465277
46,2020,3,4,10,29,41.97,17420418.096,16912812.934,10554665.950000001,-906.6566799999999,2617.67508,-2725.92377,2020-03-04 10:29:41.970,-20306019.50737311,351126672.6438213,150619823.3508096,142634769188.3583,-37422309785.43637,-16222953215.292423,58912.43729131943
46,2020,3,4,10,44,41.97,16455403.354999999,19114914.379,8016707.867,-1234.76734,2268.71985,-2905.82931,2020-03-04 10:44:41.970,-21217145.895073663,350988944.4216774,150648826.5115951,142642565233.09988,-37398568189.705925,-16212660214.270374,58912.4477079861
46,2020,3,4,10,59,41.97,15204189.831,20984555.836,5339301.157,-1541.71345,1879.9466300000001,-3035.33818,2020-03-04 10:59:41.970,-22128159.637049407,350849158.58482987,150676946.5311238,142650356582.91302,-37374825387.57739,-16202366690.154848,58912.45812465277
46,2020,3,4,11,14,41.97,13688306.41,22488900.241,2568938.699,-1822.05083,1458.13383,-3112.08012,2020-03-04 11:14:41.970,-23039055.392189886,350707314.9181907,150704182.799525,142658143237.6432,-37351081379.84496,-16192072643.296387,58912.46854131943
46,2020,3,4,11,29,41.97,11933980.792,23601498.918,-246175.787,-2070.7987700000003,1010.6777199999999,-3134.6305,2020-03-04 11:29:41.970,-23949827.81447718,350563413.2183546,150730534.711415,142665925197.13596,-37327336167.30262,-16181778074.045475,58912.4789579861
46,2020,3,4,11,44,41.97,9971677.986000001,24302786.901,-3056994.745,-2283.5371,545.45527,-3102.54244,2020-03-04 11:44:41.970,-24860471.553009104,350417453.2936258,150756001.6659117,142673702461.23694,-37303589750.74428,-16171482982.75258,58912.48937465277
46,2020,3,4,11,59,41.97,7835556.17,24580449.564999998,-5814513.668,-2456.49228,70.6759,-3016.35878,2020-03-04 11:59:41.970,-25770981.252022326,350269434.96404546,150780583.06664798,142681475029.79227,-37279842130.96376,-16161187369.768105,58912.49979131943
46,2020,3,4,12,14,41.97,5562850.784,24429652.027,-8470659.457,-2586.6104600000003,-405.27459,-2877.60329,2020-03-04 12:14:41.970,-26681351.550915934,350119358.0614192,150804278.32178584,142689242902.64822,-37256093308.75476,-16150891235.442417,58912.5102079861
46,2020,3,4,12,29,41.97,3193199.503,23853126.111,-10979161.638,-2671.61551,-873.9938699999999,-2688.7514499999997,2020-03-04 12:29:41.970,-27591577.084274758,349967222.4293439,150827086.8440302,142697006079.65106,-37232343284.91085,-16140594580.12584,58912.52062465277
46,2020,3,4,12,44,41.97,767922.301,22861113.147,-13296388.206,-2710.0506499999997,-1327.22289,-2453.1812999999997,2020-03-04 12:44:41.970,-28501652.481893383,349813027.9232352,150849008.05064294,142704764560.64767,-37208592060.22551,-16130297404.168667,58912.53104131943
46,2020,3,4,12,59,41.97,-1670728.239,21471164.452,-15382128.869,-2701.30279,-1757.00174,-2175.1058799999996,2020-03-04 12:59:41.970,-29411572.368799765,349656774.4103548,150870041.36345667,142712518345.48468,-37184839635.49205,-16119999707.921131,58912.5414579861
46,2020,3,4,13,14,41.97,-4080330.627,19707804.713,-17200309.886,-2645.60934,-2155.81782,-1859.4892300000001,2020-03-04 13:14:41.970,-30321331.365279514,349498461.769838,150890186.20888865,142720267434.0094,-37161086011.503685,-16109701491.733429,58912.55187465277
46,2020,3,4,13,29,41.97,-6419056.398,17602066.725,-18719626.688,-2544.04754,-2516.74307,-1511.94805,2020-03-04 13:29:41.970,-31230924.08689998,349338089.89272034,150909442.01795483,142728011826.06903,-37137331189.053604,-16099402755.955715,58912.56229131943
46,2020,3,4,13,44,41.97,-8646414.940000001,15190908.69,-19914082.653,-2398.50727,-2833.55723,-1138.64196,2020-03-04 13:44:41.970,-32140345.14453469,349175658.68196565,150927808.22628418,142735751521.51114,-37113575168.93474,-16089103500.938107,58912.5727079861
46,2020,3,4,13,59,41.97,-10723966.702,12516527.690000001,-20763424.967,-2211.6482300000002,-3100.85501,-746.1550500000001,2020-03-04 13:59:41.970,-33049589.144387893,349011168.0524931,150945284.27413204,142743486520.18353,-37089817951.939995,-16078803727.030647,58912.58312465277
46,2020,3,4,14,14,41.97,-12615991.498,9625584.717,-21253471.061,-1986.8432,-3314.13519,-341.37163999999996,2020-03-04 14:14:41.970,-33958650.68801928,348844617.93120396,150961869.6063946,142751216821.93417,-37066059538.86215,-16068503434.583384,58912.59354131943
46,2020,3,4,14,29,41.97,-14290100.082,6568358.029,-21376321.744,-1728.10909,-3469.87066,68.65081,2020-03-04 14:29:41.970,-34867524.37236893,348676008.2570095,150977563.6726225,142758942426.61124,-37042299930.493835,-16058202623.946285,58912.6039579861
46,2020,3,4,14,44,41.97,-15717778.884,3397842.309,-21130459.685999997,-1440.02766,-3565.55877,476.80895,2020-03-04 14:44:41.970,-35776204.78978226,348505338.9808582,150992365.92703554,142766663334.06302,-37018539127.62756,-16047901295.469273,58912.61437465277
46,2020,3,4,14,59,41.97,-16874859.572,168811.439,-20520734.238,-1127.65806,-3599.75185,876.0784299999999,2020-03-04 14:59:41.970,-36684686.52803524,348332610.0657626,151006275.8285362,142774379544.13837,-36994777131.055756,-16037599449.502249,58912.62479131943
46,2020,3,4,15,14,41.97,-17741906.962,-3063137.4590000003,-19558235.754,-796.44323,-3572.06842,1259.6342599999998,2020-03-04 15:14:41.970,-37592964.17036004,348157821.48682684,151019292.84072375,142782091056.686,-36971013941.57073,-16027297086.39506,58912.6352079861
46,2020,3,4,15,29,41.97,-18304520.623,-6242541.595,-18260064.428999998,-452.11203,-3483.18576,1620.9645699999999,2020-03-04 15:29:41.970,-38501032.29547029,347980973.23127425,151031416.4319086,142789797871.5551,-36947249559.96466,-16016994206.497494,58912.64562465277
46,2020,3,4,15,44,41.97,-18553547.259,-9315015.401,-16649000.283000002,-100.57911999999999,-3334.81483,1953.97625,2020-03-04 15:44:41.970,-39408885.47758694,347802065.2984742,151042646.07512614,142797499988.59476,-36923483987.02959,-16006690810.159311,58912.65604131943
46,2020,3,4,15,59,41.97,-18485202.612,-12228163.469999999,-14753082.257,252.15570999999997,-3129.65909,2253.09109,2020-03-04 15:59:41.970,-40316518.286464214,347621097.69996905,151052981.24815065,142805197407.6546,-36899717223.55741,-15996386897.730223,58912.6664579861
46,2020,3,4,16,14,41.97,-18101103.125,-14932449.561999999,-12605105.439000001,600.1071300000001,-2871.35828,2513.33143,2020-03-04 16:14:41.970,-41223925.28741556,347438070.45950234,151062421.43351045,142812890128.58438,-36875949270.33999,-15986082469.559885,58912.67687465277
46,2020,3,4,16,29,41.97,-17408208.954,-17382008.957999997,-10242046.258,937.4014699999999,-2564.41898,2730.3944800000004,2020-03-04 16:29:41.970,-42131101.04134017,347252983.6130449,151070966.11850056,142820578151.2339,-36852180128.16903,-15975777525.997925,58912.68729131943
46,2020,3,4,16,44,41.97,-16418681.151,-19535392.89,-7704426.0770000005,1258.37005,-2214.1334,2900.71482,2020-03-04 16:44:41.970,-43038040.10474897,347065837.2088231,151078614.79519793,142828261475.45337,-36828409797.8361,-15965472067.393911,58912.6977079861
46,2020,3,4,16,59,41.97,-15149656.877,-21356235.156999998,-5035624.012,1557.63783,-1826.48792,3021.51464,2020-03-04 16:59:41.970,-43944737.02979167,346876631.307345,151085366.9604752,142835940101.09317,-36804638280.13265,-15955166094.097364,58912.70812465277
46,2020,3,4,17,14,41.97,-13622947.436,-22813832.459000003,-2281150.0769999996,1830.20614,-1408.06306,3090.8417,2020-03-04 17:14:41.970,-44851186.364283204,346685365.9814287,151091222.11601493,142843614028.0039,-36780865575.84997,-15944859606.45777,58912.71854131943
46,2020,3,4,17,29,41.97,-11864664.715000002,-23883631.338,512110.18799999997,2071.5289000000002,-965.92624,3107.5947300000003,2020-03-04 17:29:41.970,-45757382.65173083,346492041.3162286,151096179.76832372,142851283256.03632,-36757091685.77931,-15934552604.82457,58912.7289579861
46,2020,3,4,17,44,41.97,-9904782.315,-24547615.953,3296668.3830000004,2277.58145,-507.51886,3071.53646,2020-03-04 17:44:41.970,-46663320.4313613,346296657.40926296,151100239.42874646,142858947785.04144,-36733316610.71177,-15924245089.547123,58912.73937465277
46,2020,3,4,17,59,41.97,-7776638.224,-24794592.217,6025212.1280000005,2444.92148,-40.53914,2983.29441,2020-03-04 17:59:41.970,-47568994.238147974,346099214.3704409,151103400.61348063,142866607614.87033,-36709540351.43832,-15913937060.974802,58912.74979131943
46,2020,3,4,18,14,41.97,-5516386.441,-24620365.027,8651379.164,2570.74152,427.17802,2844.34956,2020-03-04 18:14:41.970,-48474398.60283847,345899712.3220899,151105662.84359038,142874262745.3747,-36685762908.749756,-15903628519.456879,58912.7602079861
46,2020,3,4,18,29,41.97,-3162405.377,-24027806.555,11130515.915,2652.91239,887.78283,2657.0131899999997,2020-03-04 18:29:41.970,-49379528.05198224,345698151.3989824,151107025.6450206,142881913176.40594,-36661984283.43682,-15893319465.342606,58912.77062465277
46,2020,3,4,18,44,41.97,-754671.3049999999,-23026814.726,13420409.969,2690.0173299999997,1333.53261,2424.3920700000003,2020-03-04 18:44:41.970,-50284377.107958294,345494531.7483633,151107488.54861173,142889558907.81613,-36638204476.29016,-15883009898.981188,58912.78104131943
46,2020,3,4,18,59,41.97,1665894.503,-21634162.161,15481986.193999998,2681.37632,1756.9129599999999,2150.34258,2020-03-04 18:59:41.970,-51188940.28900339,345288853.5299769,151107051.0901132,142897199939.45712,-36614423488.10019,-15872699820.721775,58912.7914579861
46,2020,3,4,19,14,41.97,4058095.975,-19873237.063,17279956.523000002,2627.0602,2150.75653,1839.41368,2020-03-04 19:14:41.970,-52093212.109240174,345081116.9160939,151105712.81019837,142904836271.1813,-36590641319.65729,-15862389230.913462,58912.80187465277
46,2020,3,4,19,29,41.97,6381140.439,-17773678.696,18783413.786000002,2527.8942899999997,2508.35824,1496.77964,2020-03-04 19:29:41.970,-52997187.07870541,344871322.09153867,151103473.25447842,142912467902.84128,-36566857971.751656,-15852078129.905308,58912.81229131943
46,2020,3,4,19,44,41.97,8595315.219,-15370911.362000002,19966360.362,2385.45113,2823.5854,1128.1626199999998,2020-03-04 19:44:41.970,-53900859.7033786,344659469.25371593,151100331.97351673,142920094834.28964,-36543073445.17342,-15841766518.046333,58912.8227079861
46,2020,3,4,19,59,41.97,10662652.719,-12705582.081,20808162.926,2202.03213,3090.98129,739.74591,2020-03-04 19:59:41.970,-54804224.48521076,344445558.61263824,151096288.52284324,142927717065.37924,-36519287740.71255,-15831454395.68548,58912.83312465277
46,2020,3,4,20,14,41.97,12547573.884,-9822908.574,21293925.152,1980.63786,3305.86068,338.0785,2020-03-04 20:14:41.970,-55707275.92215318,344229590.3909526,151091342.46296853,142935334595.96335,-36495500859.1589,-15821141763.171665,58912.84354131943
46,2020,3,4,20,29,41.97,14217499.779,-6771945.563999999,21414770.941,1724.92686,3464.3955,-70.02809,2020-03-04 20:29:41.970,-56610008.508186705,344011564.8239677,151085493.35939837,142942947425.89502,-36471712801.30216,-15810828620.85375,58912.8539579861
46,2020,3,4,20,44,41.97,15643420.974000001,-3604778.98,21168031.671,1439.1631,3563.68912,-477.60979999999995,2020-03-04 20:44:41.970,-57512416.73335081,343791482.1596803,151078740.78264782,142950555555.02823,-36447923567.931984,-15800514969.080563,58912.86437465277
46,2020,3,4,20,59,41.97,16800414.507000003,-375659.181,20557332.002,1128.15211,3601.83731,-877.66521,2020-03-04 20:59:41.970,-58414495.08377311,343569342.6588028,151071084.30825546,142958158983.21643,-36424133159.83781,-15790200808.20085,58912.87479131943
46,2020,3,4,21,14,41.97,17668098.489,2859914.098,19592570.139,797.1663,3577.9742300000003,-1263.27457,2020-03-04 21:14:41.970,-59316238.04169888,343345146.5947903,151062523.51679835,142965757710.31366,-36400341577.80896,-15779886138.563337,58912.8852079861
46,2020,3,4,21,29,41.97,18231014.873,6046140.818,18289789.946000002,451.86019999999996,3492.3017999999997,-1627.72082,2020-03-04 21:29:41.970,-60217640.085521184,343118894.25386626,151053057.993905,142973351736.17422,-36376548822.63466,-15769570960.51669,58912.89562465277
46,2020,3,4,21,44,41.97,18478931.666,9127888.055,16670944.135000002,98.17638,3346.10086,-1964.61024,2020-03-04 21:44:41.970,-61118695.6898105,342890585.9350506,151042687.33027154,142980941060.6523,-36352754895.10404,-15759255274.409525,58912.90604131943
46,2020,3,4,21,59,41.97,18407056.906000003,12051658.851,14763549.75,-257.75633999999997,3141.72301,-2267.99072,2020-03-04 21:59:41.970,-62019399.325345024,342660221.9501862,151031411.12167436,142988525683.60248,-36328959796.006035,-15748939080.590403,58912.9164579861
46,2020,3,4,22,14,41.97,18016158.007999998,14766544.583,12600239.397,-609.7310200000001,2882.56204,-2532.46473,2020-03-04 22:14:41.970,-62919745.4591411,342427802.6239651,151019228.96898556,142996105604.87982,-36305163526.129486,-15738622379.407846,58912.92687465277
46,2020,3,4,22,29,41.97,17312581.787,17225142.377,10218214.022,-951.57491,2573.00476,-2753.2946699999998,2020-03-04 22:29:41.970,-63819728.554483645,342193328.29395586,151006140.4781867,143003680824.33908,-36281366086.26304,-15728305171.210325,58912.93729131943
46,2020,3,4,22,44,41.97,16308172.327,19384418.886,7658605.46,-1277.26369,2218.3611,-2926.49764,2020-03-04 22:44:41.970,-64719343.07095698,341956799.31063026,150992145.26038337,143011251341.8356,-36257567477.19538,-15717987456.346252,58912.9477079861
46,2020,3,4,22,59,41.97,15020086.067,21206502.161000002,4965759.384,-1581.0351899999998,1824.77434,-3048.92706,2020-03-04 22:59:41.970,-65618583.46447567,341718216.0373896,150977242.9318196,143018817157.22473,-36233767699.71483,-15707669235.163996,58912.95812465277
46,2020,3,4,23,14,41.97,13470505.826000001,22659384.239,2186451.548,-1857.49984,1399.11277,-3118.33894,2020-03-04 23:14:41.970,-66517444.18731565,341477578.8505918,150961433.113892,143026378270.3621,-36209966754.60981,-15697350508.011873,58912.96854131943
46,2020,3,4,23,29,41.97,11686257.926,23717518.617000002,-630947.765,-2101.74508,948.84484,-3133.4404299999997,2020-03-04 23:29:41.970,-67415919.68814547,341234888.13957745,150944715.43316457,143033934681.1037,-36186164642.66843,-15687031275.238146,58912.9789579861
46,2020,3,4,23,44,41.97,9698339.028,24362298.856000002,-3437344.51,-2309.43114,481.90033999999997,-3093.9192599999997,2020-03-04 23:44:41.970,-68314004.41205782,340990144.3066971,150927089.52138242,143041486389.30536,-36162361364.67879,-15676711537.19103,58912.98937465277
46,2020,3,4,23,59,41.97,7541361.663,24582407.18,-6183809.074,-2476.8755800000004,6.52086,-3000.45291,2020-03-04 23:59:41.970,-69211692.80060117,340743347.7673373,150908555.0154865,143049033394.82343,-36138556921.42878,-15666391294.21869,58912.99979131943
46,2020,3,5,0,14,41.97,5252928.831,24374025.072,-8822464.485000001,-2601.12444,-468.89712,-2854.6969400000003,2020-03-05 00:14:41.970,-70108979.29181166,340494498.9499478,150889111.5576283,143056575697.5142,-36114751313.706215,-15656070546.669231,58913.0102079861
46,2020,3,5,0,29,41.97,2872954.797,23740900.278,-11307349.478,-2680.00813,-935.96162,-2659.25342,2020-03-05 00:29:41.970,-71005858.32024503,340243598.2960665,150868758.79518345,143064113297.23465,-36090944542.298744,-15645749294.890718,58913.02062465277
46,2020,3,5,0,44,41.97,442935.946,22694271.472,-13595254.971,-2712.18093,-1386.4457400000001,-2417.61854,2020-03-05 00:44:41.970,-71902324.3170088,339990646.26034784,150847496.38076684,143071646193.84143,-36067136607.993904,-15635427539.231157,58913.03104131943
46,2020,3,5,0,59,41.97,-1994799.1130000001,21252648.992,-15646494.302,-2697.1429200000002,-1812.4419599999999,-2134.11315,2020-03-05 00:59:41.970,-72798371.70979494,339735643.31058776,150825323.97224632,143079174387.1916,-36043327511.5791,-15625105280.038515,58913.0414579861
46,2020,3,5,1,14,41.97,-4397854.784,19441460.674999997,-17425608.852,-2635.24445,-2206.5092,-1813.7964499999998,2020-03-05 01:14:41.970,-73693994.92291228,339478589.92775095,150802241.23275778,143086697877.14243,-36019517253.84156,-15614782517.660675,58913.05187465277
46,2020,3,5,1,29,41.97,-6724529.208,17292570.122,-18901988.528,-2527.67325,-2561.80832,-1462.3660599999998,2020-03-05 01:29:41.970,-74589188.37731932,339219486.60599613,150778247.83071905,143094216663.55142,-35995705835.56846,-15604459252.445507,58913.06229131943
46,2020,3,5,1,44,41.97,-8934555.877999999,14843679.222000001,-20050397.02,-2376.42503,-2872.22338,-1086.04681,2020-03-05 01:44:41.970,-75483946.49065712,338958333.852704,150753343.43984416,143101730746.27618,-35971893257.546745,-15594135484.740799,58913.0727079861
46,2020,3,5,1,59,41.97,-10989811.777,12137628.825,-20851393.084,-2184.25874,-3132.4664000000002,-691.4713399999999,2020-03-05 01:59:41.970,-76378263.67728265,338695132.1885014,150727527.73915857,143109240125.17462,-35948079520.56337,-15583811214.894299,58913.08312465277
46,2020,3,5,2,14,41.97,-12854978.941,9221613.177,-21291641.709,-1954.63807,-3338.1639999999998,-285.55532,2020-03-05 02:14:41.970,-77272134.34830207,338429882.1472895,150700800.41301224,143116744800.10498,-35924264625.404945,-15573486443.253704,58913.09354131943
46,2020,3,5,2,29,41.97,-14498147.816000002,6146324.976,-21364111.639,-1691.66094,-3485.92482,124.62984,2020-03-05 02:29:41.970,-78165552.91160432,338162584.27626836,150673161.15109515,143124244770.92526,-35900448572.85815,-15563161170.166655,58913.1039579861
46,2020,3,5,2,44,41.97,-15891352.550999999,2965048.6489999997,-21068158.216,-1399.97907,-3573.38713,531.98414,2020-03-05 02:44:41.970,-79058513.77189472,337893239.1359643,150644609.64845115,143131740037.49417,-35876631363.709404,-15552835395.980734,58913.11437465277
46,2020,3,5,2,59,41.97,-17011030.109,-267280.37899999996,-20409492.877,-1084.70948,-3599.24678,929.50334,2020-03-05 02:59:41.970,-79951011.33072911,337621847.3002544,150615145.60549226,143139230599.67017,-35852812998.745056,-15542509121.043482,58913.12479131943
46,2020,3,5,3,14,41.97,-17838396.981999997,-3495032.788,-19400042.696,-751.34021,-3563.26581,1310.39855,2020-03-05 03:14:41.970,-80843039.9865479,337348409.3563943,150584768.72801337,143146716457.31226,-35828993478.751305,-15532182345.702377,58913.1352079861
46,2020,3,5,3,29,41.97,-18359739.084,-6662841.833000001,-18057705.259999998,-405.632,-3466.2625399999997,1668.2089899999999,2020-03-05 03:29:41.970,-81734594.1347103,337072925.90504295,150553478.72720647,143154197610.2796,-35805172804.51413,-15521855070.30483,58913.14562465277
46,2020,3,5,3,44,41.97,-18566612.128000002,-9716542.99,-16406005.691999998,-53.51798,-3310.0843,1996.90645,2020-03-05 03:44:41.970,-82625668.16752897,336795397.560289,150521275.31967476,143161674058.43118,-35781350976.81958,-15511527295.198238,58913.15604131943
46,2020,3,5,3,59,41.97,-18455951.448,-12604081.688000001,-14473663.961000001,298.99698,-3097.56407,2290.98997,2020-03-05 03:59:41.970,-83516256.47430468,336515824.94967616,150488158.2274474,143169145801.62686,-35757527996.45332,-15501199020.729908,58913.1664579861
46,2020,3,5,4,14,41.97,-18030091.69,-15276375.294,-12294081.623,645.93567,-2832.46237,2545.57007,2020-03-05 04:14:41.970,-84406353.44136111,336234208.7142299,150454127.17799386,143176612839.72604,-35733703864.20104,-15490870247.247097,58913.17687465277
46,2020,3,5,4,29,41.97,-17296698.15,-17688116.849,-9904757.933999998,981.4452500000001,-2519.39617,2756.44138,2020-03-05 04:29:41.970,-85295953.45208025,335950549.5084818,150419181.90423766,143184075172.58868,-35709878580.848274,-15480540975.097025,58913.18729131943
46,2020,3,5,4,44,41.97,-16268612.714000002,-19798509.443,-7346645.836,1299.8901,-2163.75618,2920.14353,2020-03-05 04:44:41.970,-86185050.88693729,335664848.0004973,150383322.14457184,143191532800.0748,-35686052147.18035,-15470211204.626842,58913.1977079861
46,2020,3,5,4,59,41.97,-14963618.421,-21571921.564,-4663458.691,1595.93969,-1771.61417,3034.00969,2020-03-05 04:59:41.970,-87073640.12353638,335377104.871899,150346547.64287195,143198985722.04474,-35662224563.982544,-15459880936.183641,58913.20812465277
46,2020,3,5,5,14,41.97,-13404127.535,-22978455.133,-1900938.875,1864.6505,-1349.62185,3096.20276,2020-03-05 05:14:41.970,-87961715.53664622,335087320.817894,150308858.1485117,143206433938.35904,-35638395832.03987,-15449550170.11448,58913.21854131943
46,2020,3,5,5,29,41.97,-11616798.825,-23994419.3,893900.588,2101.54132,-904.90284,3105.73909,2020-03-05 05:29:41.970,-88849271.49823608,334795496.5472985,150270253.41637638,143213877448.8781,-35614565952.13735,-15439218906.76633,58913.2289579861
46,2020,3,5,5,44,41.97,-9632090.408,-24602704.432,3673550.1629999997,2302.66101,-444.93914,3062.49985,2020-03-05 05:44:41.970,-89736302.37751155,334501632.7825635,150230733.20687753,143221316253.46298,-35590734925.05982,-15428887146.486137,58913.23937465277
46,2020,3,5,5,59,41.97,-7483755.107,-24793051.958,6390782.628,2464.64842,22.54654,2967.2300699999996,2020-03-05 05:59:41.970,-90622802.54095119,334205730.25980073,150190297.2859673,143228750351.9747,-35566902751.59189,-15418554889.620779,58913.24979131943
46,2020,3,5,6,14,41.97,-5208285.755,-24562217.005,8999425.639999999,2584.78362,489.71114,2821.52573,2020-03-05 06:14:41.970,-91508766.35234268,333907789.7288069,150148945.42515254,143236179744.2744,-35543069432.51815,-15408222136.517073,58913.2602079861
46,2020,3,5,6,29,41.97,-2844318.3589999997,-23914021.927,11455117.316,2661.03018,948.71313,2627.809,2020-03-05 06:29:41.970,-92394188.17281982,333607811.9530898,150106677.40150946,143243604430.2237,-35519234968.622986,-15397888887.521784,58913.27062465277
46,2020,3,5,6,44,41.97,-432001.43200000003,-22859300.015,13716034.302,2692.06807,1391.83447,2389.29191,2020-03-05 06:44:41.970,-93279062.36089905,333305797.7098938,150063492.9976977,143251024409.68402,-35495399360.690636,-15387555142.98163,58913.28104131943
46,2020,3,5,6,59,41.97,1987659.825,-21415729.82,15743582.123,2677.3165799999997,1811.60147,2109.92888,2020-03-05 06:59:41.970,-94163383.2725167,333001747.7902237,150019392.00197467,143258439682.5174,-35471562609.50524,-15377220903.243254,58913.2914579861
46,2020,3,5,7,14,41.97,4373475.46,-19607561.722999997,17503037.862,2616.9471,2200.9032199999997,1794.3583299999998,2020-03-05 07:14:41.970,-95047145.26106623,332695662.9988711,149974374.20820972,143265850248.58585,-35447724715.85077,-15366886168.65325,58913.30187465277
46,2020,3,5,7,29,41.97,6684749.450999999,-17465239.551999997,18964135.607,2511.88533,2553.10612,1447.834,2020-03-05 07:29:41.970,-95930342.6774356,332387544.15443885,149928439.41589862,143273256107.75134,-35423885680.51105,-15356550939.558168,58913.31229131943
46,2020,3,5,7,44,41.97,8881955.491,-15024921.333,20101585.509,2363.80257,2862.16326,1076.14616,2020-03-05 07:44:41.970,-96812969.87004513,332077392.08936626,149881587.43017763,143280657259.87656,-35400045504.26979,-15346215216.304482,58913.3227079861
46,2020,3,5,7,59,41.97,10927399.913999999,-12327904.558,20895517.777000003,2175.0957999999996,3122.71697,685.5337000000001,2020-03-05 07:59:41.970,-97695021.18488505,331765207.6499537,149833818.06183803,143288053704.82385,-35376204187.91053,-15335878999.238632,58913.33312465277
46,2020,3,5,8,14,41.97,12785861.653,-9419962.744,21331843.579,1948.85653,3330.19312,282.58755,2020-03-05 08:14:41.970,-98576490.96555385,331450991.6963875,149785131.1273401,143295445442.4562,-35352361732.21672,-15325542288.706968,58913.34354131943
46,2020,3,5,8,29,41.97,14425198.914,-6350601.525,21402525.520999998,1688.8280300000001,3480.8853700000004,-125.85351,2020-03-05 08:29:41.970,-99457373.55329636,331134745.1027647,149735526.4488272,143302832472.63644,-35328518137.97154,-15315205085.055815,58913.3539579861
46,2020,3,5,8,44,41.97,15816912.291000001,-3172244.055,21105751.33,1399.35125,3572.02771,-532.8136,2020-03-05 08:44:41.970,-100337663.28704217,330816468.757118,149685003.85414082,143310214795.22787,-35304673405.958206,-15304867388.631407,58913.36437465277
46,2020,3,5,8,59,41.97,16936654.09,60642.946,20446005.465,1085.2994700000002,3601.85352,-931.29553,2020-03-05 08:59:41.970,-101217354.50344437,330496163.56143993,149633563.17683348,143317592410.09393,-35280827536.95966,-15294529199.779955,58913.37479131943
46,2020,3,5,9,14,41.97,17764673.987999998,3292469.58,19434034.722,752.00224,3569.63941,-1314.4002699999999,2020-03-05 09:14:41.970,-102096441.53691863,330173830.4317076,149581204.25618422,143324965317.0979,-35256980531.75872,-15284190518.84759,58913.3852079861
46,2020,3,5,9,29,41.97,18286191.628,6467475.139,18086705.496999998,405.15923999999995,3475.7322,-1675.44795,2020-03-05 09:29:41.970,-102974918.71968165,329849470.29790735,149527926.9372119,143332333516.1037,-35233132391.13813,-15273851346.18039,58913.39562465277
46,2020,3,5,9,44,41.97,18491687.554,9530696.619,16426752.163,50.745129999999996,3321.55759,-2008.0984,2020-03-05 09:44:41.970,-103852780.3817909,329523084.1040586,149473731.07068986,143339697006.97522,-35209283115.88042,-15263511682.124378,58913.40604131943
46,2020,3,5,9,59,41.97,18377104.948,12428936.282,14482418.094,-305.09324,3109.60921,-2306.4688,2020-03-05 09:59:41.970,-104730020.85118406,329194672.8082383,149418616.51315978,143347055789.5765,-35185432706.76796,-15253171527.025513,58913.4164579861
46,2020,3,5,10,14,41.97,17943956.011,15111710.299,12286993.092999998,-656.14564,2843.4174,-2565.24579,2020-03-05 10:14:41.970,-105606634.45371838,328864237.382606,149362583.1269461,143354409863.77203,-35161581164.58306,-15242830881.229696,58913.42687465277
46,2020,3,5,10,29,41.97,17199328.487999998,17532159.916,9878253.352,-996.2512,2527.49713,-2779.7894699999997,2020-03-05 10:29:41.970,-106482615.51321076,328531778.8134261,149305630.78016984,143361759229.4261,-35137728490.10782,-15232489745.082771,58913.43729131943
46,2020,3,5,10,44,41.97,16155789.825,19647906.512000002,7297812.501,-1319.4127600000002,2167.27551,-2946.22658,2020-03-05 10:44:41.970,-107357958.35147785,328197298.1010943,149247759.34676293,143369103886.40353,-35113874684.1242,-15222148118.930523,58913.4477079861
46,2020,3,5,10,59,41.97,14831188.603,21421832.347,4590394.6850000005,-1619.9103,1768.9993100000002,-3061.53017,2020-03-05 10:59:41.970,-108232657.28837602,327860796.26016,149188968.70648238,143376443834.5691,-35090019747.414024,-15211806003.118673,58913.45812465277
46,2020,3,5,11,14,41.97,13248355.314000001,22822769.832000002,1803042.866,-1892.41079,1339.62443,-3123.5834800000002,2020-03-05 11:14:41.970,-109106706.64184223,327522274.3193499,149129258.7449241,143383779073.78796,-35066163680.75898,-15201463397.992893,58913.46854131943
46,2020,3,5,11,29,41.97,11434706.943,23826083.7,-1015722.5160000001,-2132.07161,886.6889,-3131.22609,2020-03-05 11:29:41.970,-109980100.72793429,327181733.3215933,149068629.35353705,143391109603.92505,-35042306484.94061,-15191120303.898785,58913.4789579861
46,2020,3,5,11,44,41.97,9421762.33,24414132.686,-3816777.727,-2334.63501,418.17253999999997,-3084.2805399999997,2020-03-05 11:44:41.970,-110852833.86087196,326839174.324044,149007080.42963755,143398435424.84613,-35018448160.740265,-15180776721.1819,58913.48937465277
46,2020,3,5,11,59,41.97,7244577.540999999,24576599.94,-6551284.867000001,-2496.51098,-57.65379,-2983.5588199999997,2020-03-05 11:59:41.970,-111724900.35307805,326494598.39810616,148944611.8764229,143405756536.41666,-34994588708.93922,-15170432650.18771,58913.49979131943
46,2020,3,5,12,14,41.97,4941112.632,24310684.505000003,-9171577.42,-2614.8465,-532.38555,-2830.84791,2020-03-05 12:14:41.970,-112596294.5152195,326148006.62945575,148881223.6029858,143413072938.5025,-34970728130.31857,-15160088091.26165,58913.5102079861
46,2020,3,5,12,29,41.97,2551542.927,23621149.574,-11632023.639999999,-2687.57939,-997.64478,-2628.87507,2020-03-05 12:29:41.970,-113467010.65624891,325799400.1180649,148816915.5243278,143420384630.96948,-34946866425.65923,-15149743044.749079,58913.52062465277
46,2020,3,5,12,44,41.97,117529.292,22520226.75,-13889849.787999999,-2713.47539,-1445.2392,-2381.2535700000003,2020-03-05 12:44:41.970,-114337043.08344635,325448779.9782252,148751687.56137413,143427691613.68384,-34923003595.74199,-15139397510.995302,58913.53104131943
46,2020,3,5,12,59,41.97,-2318537.201,21027379.063,-15905906.293,-2692.14788,-1867.3163399999999,-2092.41041,2020-03-05 12:59:41.970,-115206386.10246105,325096147.33857113,148685539.64098665,143434993886.51193,-34899139641.34752,-15129051490.345568,58913.5414579861
46,2020,3,5,13,14,41.97,-4714300.416,19168928.873,-17645361.551000003,-2624.06001,-2256.50907,-1767.49817,2020-03-05 13:14:41.970,-116075034.0173537,324741503.34210324,148618471.69597867,143442291449.32022,-34875274563.25634,-15118704983.14505,58913.55187465277
46,2020,3,5,13,29,41.97,-7028198.401,16977559.867,-19078310.085,-2510.50957,-2606.06938,-1412.29329,2020-03-05 13:29:41.970,-116942981.13063838,324384849.14621055,148550483.6651281,143449584301.9754,-34851408362.24874,-15108357989.73887,58913.56229131943
46,2020,3,5,13,44,41.97,-9220201.542000001,14491705.068,-20180284.122,-2353.5974,-2909.98752,-1033.0836299999999,2020-03-05 13:44:41.970,-117810221.74332543,324026185.9226945,148481575.4931921,143456872444.34445,-34827541039.10496,-15098010510.472092,58913.5727079861
46,2020,3,5,13,59,41.97,-11252515.415,11754834.98,-20932660.193,-2156.18078,-3163.0944099999997,-636.5481,2020-03-05 13:59:41.970,-118676750.15496387,323665514.8577914,148411747.13092032,143464155876.29437,-34803672594.60504,-15087662545.68971,58913.58312465277
46,2020,3,5,14,14,41.97,-13090235.393000001,8814661.703,-21322954.96,-1921.81314,-3361.14579,-229.63137,2020-03-05 14:14:41.970,-119542560.66368444,323302837.1521949,148340998.53506908,143471434597.69226,-34779803029.52887,-15077314095.736664,58913.59354131943
46,2020,3,5,14,29,41.97,-14701941.615,5722276.01,-21345007.083,-1654.6721,-3500.88691,180.58360000000002,2020-03-05 14:29:41.970,-120407647.56624255,322938154.02107954,148269329.66841522,143478708608.40564,-34755932344.65627,-15066965160.957815,58913.6039579861
46,2020,3,5,14,44,41.97,-16060224.666,2531235.024,-20999044.452,-1359.4778199999998,-3580.09758,587.00245,2020-03-05 14:44:41.970,-121272005.15806189,322571466.6941223,148196740.4997697,143485977908.30222,-34732060540.76675,-15056615741.697998,58913.61437465277
46,2020,3,5,14,59,41.97,-17142134.11,-703381.6839999999,-20291638.384000003,-1041.40356,-3597.61737,982.64333,2020-03-05 14:59:41.970,-122135627.73327759,322202776.41552603,148123231.0039913,143493242497.2496,-34708187618.639786,-15046265838.301939,58913.62479131943
46,2020,3,5,15,14,41.97,-17929543.908,-3925930.049,-19235548.48,-705.98073,-3553.35171,1360.75561,2020-03-05 15:14:41.970,-122998509.58477984,321832084.44404083,148048801.1620012,143500502375.11584,-34684313579.054726,-15035915451.114336,58913.6352079861
46,2020,3,5,15,29,41.97,-18409430.515,-7081156.556,-17849463.646,-359.00016,-3448.2595499999998,1714.93162,2020-03-05 15:29:41.970,-123860645.00425828,321459392.05298775,147973450.96079537,143507757541.76892,-34660438422.79065,-15025564580.479813,58913.64562465277
46,2020,3,5,15,44,41.97,-18574061.223,-10115134.362000002,-16157646.313,-6.41162,-3284.3238,2039.2098299999998,2020-03-05 15:44:41.970,-124722028.28224583,321084700.5302795,147897180.39345935,143515007997.07736,-34636562150.626595,-15015213226.742926,58913.65604131943
46,2020,3,5,15,59,41.97,-18421091.894,-12976165.551,-14189488.131000001,345.77675000000005,-3064.50589,2328.16821,2020-03-05 15:59:41.970,-125582653.70816277,320708011.17844343,147819989.45918158,143522253740.9095,-34612684763.34139,-15004861390.248178,58913.6664579861
46,2020,3,5,16,14,41.97,-17953574.707,-15615635.859,-11978986.424999999,691.59759,-2792.68586,2577.00678,2020-03-05 16:14:41.970,-126442515.57036173,320329325.3146433,147741878.16326705,143529494773.13394,-34588806261.71373,-14994509071.340008,58913.67687465277
46,2020,3,5,16,29,41.97,-17179877.874,-17988809.580000002,-9564151.43,1025.22061,-2473.58954,2781.6187999999997,2020-03-05 16:29:41.970,-127301608.15617216,319948644.270701,147662846.51715067,143536731093.6197,-34564926646.522156,-14984156270.36278,58913.68729131943
46,2020,3,5,16,44,41.97,-16113520.421,-20055553.72,-6986354.885,1341.04482,-2112.7044800000003,2938.64985,2020-03-05 16:44:41.970,-128159925.75194524,319565969.39311814,147582894.53841156,143543962702.23557,-34541045918.54505,-14973802987.660799,58913.6977079861
46,2020,3,5,16,59,41.97,-14772926.183,-21780981.941,-4289630.884000001,1633.78568,-1716.1859800000002,3045.54478,2020-03-05 16:59:41.970,-129017462.64309901,319181302.0430984,147502022.25078583,143551189598.8508,-34517164078.56066,-14963449223.578321,58913.70812465277
46,2020,3,5,17,14,41.97,-13181102.018,-23136010.172,-1519940.128,1898.55621,-1290.75504,3100.58211,2020-03-05 17:14:41.970,-129874213.11416373,318794643.5965682,147420229.68418062,143558411783.33496,-34493281127.34703,-14953094978.459517,58913.71854131943
46,2020,3,5,17,29,41.97,-11365246.037999999,-24097817.185,1275591.248,2130.94128,-843.58946,3102.8961,2020-03-05 17:29:41.970,-130730171.44882767,318405995.4441986,147337516.87468758,143565629255.55728,-34469397065.68213,-14942740252.648506,58913.7289579861
46,2020,3,5,17,44,41.97,-9356292.278,-24650204.702,4049447.084,2327.06443,-382.20971,3052.48635,2020-03-05 17:44:41.970,-131585331.92998241,318015358.9914265,147253883.8645962,143572842015.38742,-34445511894.343704,-14932385046.489347,58913.73937465277
46,2020,3,5,17,59,41.97,-7188398.843,-24783852.897,6754499.78,2483.6466100000002,85.63915,2950.21528,2020-03-05 17:59:41.970,-132439688.8397691,317622735.65847564,147169330.70240712,143580050062.6955,-34421625614.1094,-14922029360.32602,58913.74979131943
46,2020,3,5,18,14,41.97,-4898387.032,-24496468.384,9344781.137,2598.0562800000002,552.10812,2797.7935,2020-03-05 18:14:41.970,-133293236.45962438,317228126.88037795,147083857.44284612,143587253397.35138,-34397738225.756645,-14911673194.502445,58913.7602079861
46,2020,3,5,18,29,41.97,-2525139.392,-23792822.950999998,11776234.75,2668.35048,1009.36618,2597.7534699999997,2020-03-05 18:29:41.970,-134145969.07032704,316831534.10699433,146997464.14687708,143594452019.2254,-34373849730.062744,-14901316549.362492,58913.77062465277
46,2020,3,5,18,44,41.97,-108965.084,-22684682.483,14007439.484000001,2693.30638,1449.72217,2353.41164,2020-03-05 18:44:41.970,-134997880.9520443,316432958.8030355,146910150.88171518,143601645928.1877,-34349960127.80486,-14890959425.249931,58913.78104131943
46,2020,3,5,18,59,41.97,2309058.729,-21190626.684,16000293.836000001,2672.4428900000003,1865.74534,2068.81945,2020-03-05 18:59:41.970,-135848966.3843787,316032402.44808227,146821917.72084066,143608835124.10904,-34326069419.760048,-14880601822.508522,58913.7914579861
46,2020,3,5,19,14,41.97,4687760.382,-19335761.352,17720651.319000002,2606.03211,2250.38335,1748.70354,2020-03-05 19:14:41.970,-136699219.646415,315629866.53660715,146732764.74401203,143616019606.8602,-34302177606.705093,-14870243741.481905,58913.80187465277
46,2020,3,5,19,29,41.97,6986552.685,-17151326.226,19138897.331,2495.1000200000003,2597.07617,1398.39559,2020-03-05 19:29:41.970,-137548635.0167675,315225352.5779938,146642692.03727898,143623199376.3119,-34278284689.41667,-14859885182.513683,58913.81229131943
46,2020,3,5,19,44,41.97,9166107.699000001,-14674202.606,20230458.428000003,2341.41633,2899.86457,1023.7523699999999,2020-03-05 19:44:41.970,-138397206.7736272,314818862.0965576,146551699.69299617,143630374432.3351,-34254390668.671368,-14849526145.947386,58913.8227079861
46,2020,3,5,19,59,41.97,11189017.317,-11946326.35,20976235.415,2147.47313,3153.4916900000003,631.06652,2020-03-05 19:59:41.970,-139244929.19480944,314410396.6315664,146459787.80983588,143637544774.80127,-34230495545.245483,-14839166632.126492,58913.83312465277
46,2020,3,5,20,14,41.97,13020429.512,-9014013.184,21362952.296,1916.45209,3353.4960499999997,226.96891,2020-03-05 20:14:41.970,-140091796.5578019,313999957.7372593,146366956.49280155,143644710403.5816,-34206599319.915314,-14828806641.39438,58913.84354131943
46,2020,3,5,20,29,41.97,14628649.931,-5927204.787,21383413.89,1652.1802599999999,3496.29432,-181.6765,2020-03-05 20:29:41.970,-140937803.13981223,313587546.9828683,146273205.85324076,143651871318.5478,-34182701993.456863,-14818446174.094398,58913.8539579861
46,2020,3,5,20,44,41.97,15985698.548,-2738645.6149999998,21036665.86,1359.07445,3579.25215,-587.88417,2020-03-05 20:44:41.970,-141782943.21781626,313173165.9526371,146178536.0088584,143659027519.5714,-34158803566.64604,-14808085230.569815,58913.86437465277
46,2020,3,5,20,59,41.97,17067811.189,496997.98199999996,20328052.062,1042.07436,3600.7412900000004,-984.66339,2020-03-05 20:59:41.970,-142627211.06860697,312756816.24584,146082947.08372945,143666179006.52448,-34134904040.25861,-14797723811.163815,58913.87479131943
46,2020,3,5,21,14,41.97,17855876.081,3724063.216,19269165.474,706.56518,3560.18126,-1365.13807,2020-03-05 21:14:41.970,-143470600.96884218,312338499.4768038,145986439.2083123,143673325779.27896,-34111003415.070164,-14787361916.219551,58913.8852079861
46,2020,3,5,21,29,41.97,18335796.131,6886846.251,17877690.594,358.29013,3458.06392,-1722.66777,2020-03-05 21:29:41.970,-144313107.195094,311918217.27492434,145889012.51946187,143680467837.70694,-34087101691.856102,-14776999546.080078,58913.89562465277
46,2020,3,5,21,44,41.97,18498768.449,9930571.498,16177137.043000001,3.2541599999999997,3295.9595799999997,-2050.96806,2020-03-05 21:44:41.970,-145154724.02389765,311495971.28468794,145790667.160442,143687605181.68097,-34063198871.391727,-14766636701.088394,58913.90604131943
46,2020,3,5,21,59,41.97,18341473.745,12802357.594999999,14196466.198,-352.37973999999997,3076.5033700000004,-2344.22747,2020-03-05 21:59:41.970,-145995445.73180065,311071763.16568965,145691403.2809387,143694737811.07358,-34039294954.452137,-14756273381.587442,58913.9164579861
46,2020,3,5,22,14,41.97,17866169.643,15452161.989,11969614.928000001,-702.4000299999999,2803.36121,-2597.21872,2020-03-05 22:14:41.970,-146835266.5954119,310645594.5926521,145591221.0370732,143701865725.75726,-34015389941.812263,-14745909587.92008,58913.92687465277
46,2020,3,5,22,29,41.97,17080683.668,17833685.535,9534922.885,-1040.65972,2481.1750199999997,-2805.4013699999996,2020-03-05 22:29:41.970,-147674180.89145198,310217467.25544477,145490120.59141415,143708988925.60516,-33991483834.246902,-14735545320.42912,58913.93729131943
46,2020,3,5,22,44,41.97,15998303.656,19905218.509999998,6934472.253,-1361.19081,2115.48738,-2965.01331,2020-03-05 22:44:41.970,-148512182.89680222,309787382.8591025,145388102.1129912,143716107410.4901,-33967576632.530754,-14725180579.457262,58913.9477079861
46,2020,3,5,22,59,41.97,14637565.572999999,21630409.944,4213351.189,-1658.3174199999999,1712.64666,-3073.1483700000003,2020-03-05 22:59:41.970,-149349266.88855514,309355343.1238441,145285165.77730724,143723221180.28534,-33943668337.438255,-14714815365.347204,58913.95812465277
46,2020,3,5,23,14,41.97,13021941.091999998,22978943.281,1418854.453,-1926.7649,1279.69407,-3127.8179800000003,2020-03-05 23:14:41.970,-150185427.14406455,308921349.7850905,145181311.76635084,143730330234.86414,-33919758949.743687,-14704449678.441513,58913.96854131943
46,2020,3,5,23,29,41.97,11179429.761,23927103.026,-1400363.411,-2161.76231,824.23477,-3127.9946299999997,2020-03-05 23:29:41.970,-151020657.94099602,308485404.59348357,145076540.2686095,143737434574.09995,-33895848470.221222,-14694083519.082733,58913.9789579861
46,2020,3,5,23,44,41.97,9142063.021,24458219.294999998,-4195165.358,-2359.13543,354.29591999999997,-3073.63591,2020-03-05 23:44:41.970,-151854953.55737713,308047509.3149038,144970851.47908214,143744534197.86658,-33871936899.64489,-14683716887.613302,58913.98937465277
46,2020,3,5,23,59,41.97,6945329.624,24562979.902,-6916821.5819999995,-2515.3880000000004,-121.82513,-2965.68808,2020-03-05 23:59:41.970,-152688308.27164885,307607665.7304883,144864245.59929144,143751629106.03775,-33848024238.788483,-14673349784.375624,58913.99979131943
46,2020,3,6,0,14,41.97,4627533.227,24239602.808,-9517894.386,-2627.76902,-595.71905,-2806.06877,2020-03-06 00:14:41.970,-153520716.36271608,307165875.6366487,144756722.83729622,143758719298.4875,-33824110488.425694,-14662982209.712015,58914.0102079861
46,2020,3,6,0,29,41.97,2229100.59,23493864.568,-11953092.050999999,-2694.32436,-1059.0239800000002,-2597.6299799999997,2020-03-06 00:29:41.970,-154352172.1099991,306722140.8450894,144648283.4077043,143765804775.08975,-33800195649.330025,-14652614163.964733,58914.02062465277
46,2020,3,6,0,44,41.97,-208157.72699999998,22338986.294999998,-14180093.116,-2713.93175,-1503.5854399999998,-2344.10057,2020-03-06 00:44:41.970,-155182669.79348478,306276463.1828237,144538927.53168496,143772885535.71896,-33776279722.274837,-14642245647.475945,58914.03104131943
46,2020,3,6,0,59,41.97,-2641801.721,20795377.286,-16160298.247000001,-2686.3180199999997,-1921.6087,-2050.01218,2020-03-06 00:59:41.970,-156012203.69377837,305828844.49219275,144428655.43698087,143779961580.24954,-33752362708.033318,-14631876660.587774,58914.0414579861
46,2020,3,6,1,14,41.97,-5029528.227,18890245.673,-17859514.475,-2612.05894,-2305.80307,-1720.6089,2020-03-06 01:14:41.970,-156840768.09215522,305379286.6308817,144317467.35792086,143787032908.5559,-33728444607.378483,-14621507203.642265,58914.05187465277
46,2020,3,6,1,29,41.97,-7329928.401000001,16657084.38,-19248550.816,-2492.5618200000004,-2649.51386,-1361.74398,2020-03-06 01:29:41.970,-157668357.2706127,304927791.4719373,144205363.53543186,143794099520.5131,-33704525421.083225,-14611137276.981396,58914.06229131943
46,2020,3,6,1,44,41.97,-9503222.156,14135044.855,-20303715.996,-2330.03191,-2946.83939,-979.76608,2020-03-06 01:44:41.970,-158494965.51192263,304474360.903784,144092344.21705157,143801161415.9957,-33680605149.920227,-14600766880.947058,58914.0727079861
46,2020,3,6,1,59,41.97,-11511955.474,11368212.998000002,-21007210.244000003,-2127.4237500000004,-3192.73107,-581.39809,2020-03-06 01:59:41.970,-159320587.0996834,304018996.8302421,143978409.6569403,143808218594.87903,-33656683794.66201,-14590396015.881096,58914.08312465277
46,2020,3,6,2,14,41.97,-13321647.858000001,8404803.276,-21347405.718000002,-1888.37928,-3383.07489,-173.61133,2020-03-06 02:14:41.970,-160145216.31837276,303561701.170543,143863560.1158932,143815271057.03796,-33632761356.080967,-14580024682.125273,58914.09354131943
46,2020,3,6,2,29,41.97,-14901378.736000001,5296288.142,-21319012.717,-1617.15442,-3514.7535900000003,236.50202000000002,2020-03-06 02:29:41.970,-160968847.45340058,303102475.8593465,143747795.86135247,143822318802.34814,-33608837834.949352,-14569652880.021278,58914.1039579861
46,2020,3,6,2,44,41.97,-16224303.393,2096480.466,-20923131.325999998,-1318.53622,-3585.68891,641.8555299999999,2020-03-06 02:44:41.970,-161791474.79116157,302641322.846756,143631117.16741902,143829361830.68503,-33584913232.039146,-14559280609.910742,58914.11437465277
46,2020,3,6,2,59,41.97,-17268090.843999997,-1139413.2449999999,-20167190.391,-997.75258,-3594.86429,1035.49187,2020-03-06 02:59:41.970,-162613092.61908904,302178244.098336,143513524.31486517,143836400141.92413,-33560987548.12229,-14548907872.135223,58914.12479131943
46,2020,3,6,3,14,41.97,-18015277.880000003,-4355751.34,-19064777.798,-660.37661,-3542.3283500000002,1410.70071,2020-03-06 03:14:41.970,-163433695.22570756,301713241.59512687,143395017.591146,143843433735.94135,-33537060783.970474,-14538534667.036196,58914.1352079861
46,2020,3,6,3,29,41.97,-18453535.351999998,-7497410.392,-17635367.762000002,-312.22751999999997,-3429.18015,1761.1294,2020-03-06 03:29:41.970,-164253276.90068728,301246317.3336614,143275597.2904112,143850462612.61258,-33513132940.355293,-14528160994.955065,58914.14562465277
46,2020,3,6,3,44,41.97,-18575844.455,-10510717.536,-15903952.373,40.72995,-3257.5374500000003,2080.88485,2020-03-06 03:44:41.970,-165071831.93489712,300777473.32597953,143155263.7135173,143857486771.81387,-33489204018.048115,-14517786856.233187,58914.15604131943
46,2020,3,6,3,59,41.97,-18380582.376,-13344347.022,-13900585.828,392.4861,-3030.48916,2364.62545,2020-03-06 03:59:41.970,-165889354.6204589,300306711.59964424,143034017.1680394,143864506213.42157,-33465274017.82017,-14507412251.211823,58914.1664579861
46,2020,3,6,4,14,41.97,-17871518.122,-15950167.478,-11659850.753,737.08509,-2752.03359,2607.6422,2020-03-06 04:14:41.970,-166705839.2508017,299834034.19775736,142911857.96828264,143871520937.31198,-33441342940.442543,-14497037180.23218,58914.17687465277
46,2020,3,6,4,29,41.97,-17057720.631,-18284027.786,-9220256.735000001,1068.7207700000001,-2427.00405,2805.92811,2020-03-06 04:29:41.970,-167521280.12071583,299359443.17897373,142788786.43529382,143878530943.36172,-33417410786.68613,-14486661643.635372,58914.18729131943
46,2020,3,6,4,44,41.97,-15953382.447,-20306470.838,-6623581.696,1381.82837,-2060.98326,2956.23576,2020-03-06 04:44:41.970,-168335671.52640784,298882940.6175164,142664802.8968734,143885536231.44742,-33393477557.321655,-14476285641.762474,58914.1977079861
46,2020,3,6,4,59,41.97,-14577563.206,-21983365.895,-3914167.062,1671.17081,-1660.20833,3056.12239,2020-03-06 04:59:41.970,-169149007.76555482,298404528.6031912,142539907.68758684,143892536801.4458,-33369543253.119705,-14465909174.954454,58914.20812465277
46,2020,3,6,5,14,41.97,-12953858.076000001,-23286451.656,-1138177.874,1931.91903,-1231.46756,3103.9827099999998,2020-03-06 05:14:41.970,-169961283.13735983,297924209.2414019,142414101.148776,143899532653.23398,-33345607874.850693,-14455532243.552227,58914.21854131943
46,2020,3,6,5,29,41.97,-11109997.025999999,-24193783.465,1657160.974,2159.72527,-781.9909,3099.0691300000003,2020-03-06 05:29:41.970,-170772491.94260636,297441984.65316373,142287383.6285707,143906523786.68903,-33321671423.284843,-14445154847.896637,58914.2289579861
46,2020,3,6,5,44,41.97,-9077381.449000001,-24690079.465,4424341.2,2350.78885,-319.33515,3041.49978,2020-03-06 05:44:41.970,-171582628.4837141,296957856.97511834,142159755.48190016,143913510201.68814,-33297733899.192238,-14434776988.328453,58914.23937465277
46,2020,3,6,5,59,41.97,-6890565.231,-24766961.69,7116349.26,2501.91381,148.73449,2932.25425,2020-03-06 05:59:41.970,-172391687.06479472,296471828.3595469,142031217.07050422,143920491898.10883,-33273795303.34277,-14424398665.188372,58914.24979131943
46,2020,3,6,6,14,41.97,-4586687.823,-24423089.373,9687435.251999998,2610.55782,614.36529,2773.15735,2020-03-06 06:14:41.970,-173199661.99170664,295983900.97438526,141901768.76294473,143927468875.82843,-33249855636.5062,-14414019878.817003,58914.2602079861
46,2020,3,6,6,29,41.97,-2204867.35,-23664182.875,12093861.924,2674.87201,1069.73893,2566.8512,2020-03-06 06:29:41.970,-174006547.57211193,295494077.0032358,141771410.93461666,143934441134.72476,-33225914899.452114,-14403640629.554914,58914.27062465277
46,2020,3,6,6,44,41.97,214437.85199999998,-22502937.853,14294623.359,2693.73123,1507.1932800000002,2316.75582,2020-03-06 06:44:41.970,-174812338.11553168,295002358.6453827,141640143.96775904,143941408674.67563,-33201973092.94989,-14393260917.742579,58914.28104131943
46,2020,3,6,6,59,41.97,2630090.482,-20958830.392,16252123.183,2666.75435,1919.3427000000001,2027.0186300000003,2020-03-06 06:59:41.970,-175617027.93340272,294508748.1158037,141507968.25146687,143948371495.55905,-33178030217.7688,-14382880743.72039,58914.2914579861
46,2020,3,6,7,14,41.97,5000949.177,-19057815.072,17932802.476,2594.31427,2299.19546,1702.45324,2020-03-06 07:14:41.970,-176420611.3391337,294013247.64518434,141374884.18170077,143955329597.253,-33154086274.67792,-14372500107.8287,58914.30187465277
46,2020,3,6,7,29,41.97,7286547.636,-16831919.075000003,19307707.902999997,2477.5372,2640.26705,1348.46794,2020-03-06 07:29:41.970,-177223082.64816186,293515859.47992975,141240892.16129935,143962282979.6357,-33130141264.44615,-14362119010.40775,58914.31229131943
46,2020,3,6,7,44,41.97,9447768.214,-14318736.782,20352991.051,2318.2910699999998,2936.68784,970.98438,2020-03-06 07:44:41.970,-178024436.1780102,293016585.88217866,141105992.5999893,143969231642.58557,-33106195187.842216,-14351737451.797735,58914.3227079861
46,2020,3,6,7,59,41.97,11447499.993999999,-11560830.581,21050330.452999998,2119.1625900000004,3183.30351,576.34722,2020-03-06 07:59:41.970,-178824666.24834377,292515429.12981427,140970185.91439614,143976175585.98114,-33082248045.63472,-14341355432.338762,58914.33312465277
46,2020,3,6,8,14,41.97,13251271.134,-8605045.064,21387268.451,1883.4229899999998,3375.76683,171.22538,2020-03-06 08:14:41.970,-179623767.18102777,292012391.51647794,140833472.5280557,143983114809.701,-33058299838.592045,-14330972952.370867,58914.34354131943
46,2020,3,6,8,29,41.97,14827845.196,-5501743.252,21357455.801,1614.98224,3510.6188899999997,-237.49402999999998,2020-03-06 08:29:41.970,-180421733.30018413,291507475.35158086,140695852.87142396,143990049313.62405,-33034350567.482437,-14320590012.234018,58914.3539579861
46,2020,3,6,8,44,41.97,16149771.136,-2303975.027,20960797.936,1318.3318900000002,3585.3582,-642.8179899999999,2020-03-06 08:44:41.970,-181218558.93224934,291000682.96031576,140557327.38188854,143996979097.6289,-33010400233.073982,-14310206612.26811,58914.36437465277
46,2020,3,6,8,59,41.97,17193876.830000002,933410.4469999999,20203497.95,998.4768200000001,3598.4957799999997,-1037.76454,2020-03-06 08:59:41.970,-182014238.40603268,290492016.6836685,140417896.5037784,144003904161.59494,-32986448836.134544,-14299822752.812948,58914.37479131943
46,2020,3,6,9,14,41.97,17941696.318,4154694.9869999997,19097992.776,660.8563200000001,3549.59463,-1415.4828100000002,2020-03-06 09:14:41.970,-182808766.05277312,289981478.8784303,140277560.68837517,144010824505.40115,-32962496377.431908,-14289438434.208284,58914.3852079861
46,2020,3,6,9,29,41.97,18379821.59,7304249.501999999,17662780.7,311.25542,3439.2919,-1769.3741599999998,2020-03-06 09:29:41.970,-183602136.20619875,289469071.91720814,140136320.39392292,144017740128.927,-32938542857.733597,-14279053656.79378,58914.39562465277
46,2020,3,6,9,44,41.97,18500170.535,10327503.741,15922140.201,-44.29246,3269.30239,-2093.21212,2020-03-06 09:44:41.970,-184394343.20258394,288954798.18843675,139994176.08563906,144024651032.05157,-32914588277.807022,-14268668420.90903,58914.40604131943
46,2020,3,6,9,59,41.97,18300163.867,13171910.335,13905742.258,-399.61017999999996,3042.40219,-2381.25881,2020-03-06 09:59:41.970,-185185381.3808084,288438660.09638846,139851128.23572418,144031557214.65485,-32890632638.419422,-14258282726.893553,58914.4164579861
46,2020,3,6,10,14,41.97,17782805.283,15787884.965,11648160.496000001,-748.4869699999999,2762.39189,-2628.37504,2020-03-06 10:14:41.970,-185975245.08241564,287920660.0611853,139707177.32337245,144038458676.61627,-32866675940.337837,-14247896575.086788,58914.42687465277
46,2020,3,6,10,29,41.97,16956660.845999997,18129704.029,9188285.981999999,-1084.79183,2434.03895,-2830.12167,2020-03-06 10:29:41.970,-186763928.6516721,287400800.5188086,139562323.8347822,144045355417.8158,-32842718184.329185,-14237509965.828117,58914.43729131943
46,2020,3,6,10,44,41.97,15835735.654,20156341.258,6568655.867000001,-1402.5880399999999,2062.9997599999997,-2982.8492899999997,2020-03-06 10:44:41.970,-187551426.43562567,286879083.9211084,139416568.26316515,144052247438.1334,-32818759371.160156,-14227122899.45682,58914.4477079861
46,2020,3,6,10,59,41.97,14439248.053,21832225.306,3834707.457,-1696.24585,1655.72221,-3083.7738200000003,2020-03-06 10:59:41.970,-188337732.78416526,286355512.73581564,139269911.1087574,144059134737.449,-32794799501.597305,-14216735376.312122,58914.45812465277
46,2020,3,6,11,14,41.97,12791304.105999999,23127901.496999998,1033971.445,-1960.5509699999998,1219.33044,-3131.03576,2020-03-06 11:14:41.970,-189122842.0500804,285830089.4465505,139122352.87882844,144066017315.64294,-32770838576.40704,-14206347396.733166,58914.46854131943
46,2020,3,6,11,29,41.97,10920477.467999998,24020582.686,-1784780.0489999999,-2190.80588,761.4940799999999,-3123.74112,2020-03-06 11:29:41.970,-189906748.58911985,285302816.55283225,138973894.08769166,144072895172.59564,-32746876596.355534,-14195958961.059015,58914.4789579861
46,2020,3,6,11,44,41.97,8859302.224,24494576.478,-4572413.515000001,-2382.92145,290.28482,-3061.98264,2020-03-06 11:44:41.970,-190689446.76005256,284773696.57008934,138824535.2567138,144079768308.1874,-32722913562.208847,-14185570069.628668,58914.48937465277
46,2020,3,6,11,59,41.97,6643688.568,24541578.848,-7280324.038,-2533.4964800000002,-185.97648,-2946.84062,2020-03-06 11:59:41.970,-191470930.9247268,284242732.0296681,138674276.91432527,144086636722.2989,-32698949474.73285,-14175180722.781036,58914.49979131943
46,2020,3,6,12,14,41.97,4312273.163,24160827.363,-9861316.629,-2639.88298,-658.87828,-2780.36291,2020-03-06 12:14:41.970,-192251195.44813016,283709925.4788414,138523119.59602866,144093500414.81088,-32674984334.693237,-14164790920.854973,58914.5102079861
46,2020,3,6,12,29,41.97,1905717.729,23359110.665,-12270460.441,-2700.2356600000003,-1120.07862,-2565.5247499999996,2020-03-06 12:29:41.970,-193030234.69845027,283175279.4808186,138371063.84440956,144100359385.60406,-32651018142.85556,-14154400664.189224,58914.52062465277
46,2020,3,6,12,44,41.97,-534029.364,22150634.369,-14465898.104,-2713.54456,-1561.46326,-2306.16944,2020-03-06 12:44:41.970,-193808043.0471349,282638796.6147527,138218110.20914525,144107213634.5595,-32627050899.98516,-14144009953.122486,58914.53104131943
46,2020,3,6,12,59,41.97,-2964492.947,20556747.066,-16409593.656000001,-2679.65002,-1975.29782,-2006.93155,2020-03-06 12:59:41.970,-194584614.86895287,282100479.47574985,138064259.24701446,144114063161.55826,-32603082606.84723,-14133618787.993376,58914.5414579861
46,2020,3,6,13,14,41.97,-5343436.517,18605533.399,-18068004.283999998,-2599.2402,-2354.3705,-1673.14479,2020-03-06 13:14:41.970,-195359944.54205433,281560330.67487687,137909511.52190647,144120907966.4815,-32579113264.20678,-14123227169.140427,58914.55187465277
46,2020,3,6,13,29,41.97,-7629617.688999999,16331284.197,-19412663.192,-2473.83145,-2692.12207,-1310.73708,2020-03-06 13:29:41.970,-196134026.4480321,281018352.83916926,137753867.60483056,144127748049.21063,-32555142872.828674,-14112835096.902092,58914.56229131943
46,2020,3,6,13,44,41.97,-9783518.663,13773856.207999999,-20420663.337,-2305.7326,-2982.76079,-926.11566,2020-03-06 13:44:41.970,-196906854.9719825,280474548.6116391,137597328.07392538,144134583409.62704,-32531171433.477573,-14102442571.61677,58914.5727079861
46,2020,3,6,13,59,41.97,-11768037.774,10977936.078,-21075034.31,-2097.99444,-3221.36005,-526.04504,2020-03-06 13:59:41.970,-197678424.502567,279928920.65128213,137439893.51446745,144141414047.61234,-32507198946.91801,-14092049593.622753,58914.58312465277
46,2020,3,6,14,14,41.97,-13549129.577,7992224.772,-21365007.296,-1854.34618,-3403.93732,-117.5208,2020-03-06 14:14:41.970,-198448729.43207332,279381471.63308567,137281564.5188807,144148239963.0482,-32483225413.91428,-14081656163.258266,58914.59354131943
46,2020,3,6,14,29,41.97,-15096382.504999999,4868559.654,-21286165.611,-1579.12061,-3527.5135999999998,292.35803,2020-03-06 14:29:41.970,-199217764.15647697,278832204.2480342,137122341.68674543,144155061155.81635,-32459250835.230576,-14071262280.861479,58914.6039579861
46,2020,3,6,14,44,41.97,-16383524.909,1660991.9789999998,-20840480.778,-1277.1701,-3590.1531,696.51529,2020-03-06 14:44:41.970,-199985523.0755034,278281121.2031184,136962225.62480676,144161877625.7987,-32435275211.63087,-14060867946.77045,58914.61437465277
46,2020,3,6,14,59,41.97,-17388852.126000002,-1575162.436,-20036236.347999997,-953.7754600000001,-3590.9831900000004,1088.0204600000002,2020-03-06 14:59:41.970,-200752000.59268963,277728225.22133934,136801216.94698378,144168689372.87762,-32411298543.879013,-14050473161.323196,58914.62479131943
46,2020,3,6,15,14,41.97,-18095569.07,-4784281.925,-18887843.680000003,-614.54969,-3530.19546,1460.2056400000001,2020-03-06 15:14:41.970,-201517191.1154464,277173519.0417163,136639316.27437812,144175496396.93475,-32387320832.738625,-14040077924.85762,58914.6352079861
46,2020,3,6,15,29,41.97,-18492044.641,-7911390.348,-17415555.647,-265.33857,-3409.0285200000003,1806.77513,2020-03-06 15:29:41.970,-202281089.0551206,276617005.41929215,136476524.23528248,144182298697.85266,-32363342078.973183,-14029682237.711578,58914.64562465277
46,2020,3,6,15,44,41.97,-18571975.921,-10903085.365999999,-15645085.669,87.88007999999999,-3229.73409,2121.90604,2020-03-06 15:44:41.970,-203043688.82705766,276058687.12513936,136312841.4651893,144189096275.51367,-32339362283.346004,-14019286100.222824,58914.65604131943
46,2020,3,6,15,59,41.97,-18334461.756,-13708429.022,-13607140.667,439.09678,-2995.5274,2400.3387799999996,2020-03-06 15:59:41.970,-203804984.8506637,275498566.94636625,136148268.60679898,144195889129.8002,-32315381446.62022,-14008889512.729053,58914.6664579861
46,2020,3,6,16,14,41.97,-17783986.694,-16279787.313000001,-11336877.464,782.36898,-2710.5236499999996,2637.45658,2020-03-06 16:14:41.970,-204564971.54946882,274936647.6861209,135982806.31002873,144202677260.595,-32291399569.558784,-13998492475.567883,58914.67687465277
46,2020,3,6,16,29,41.97,-16930317.577999998,-18573606.834,-8873292.826000001,1111.91636,-2379.6620000000003,2829.35331,2020-03-06 16:29:41.970,-205323643.35118982,274372932.1635978,135816455.23201996,144209460667.7807,-32267416652.924496,-13988094989.076836,58914.68729131943
46,2020,3,6,16,44,41.97,-15788316.19,-20551117.987,-6258557.828,1422.21191,-2008.6186599999999,2972.88935,2020-03-06 16:44:41.970,-206080994.68779317,273807423.21404165,135649216.03714764,144216239351.24002,-32243432697.47996,-13977697053.593369,58914.6977079861
46,2020,3,6,16,59,41.97,-14377672.333,-22178955.627,-3537307.549,1708.06747,-1603.71059,3065.73497,2020-03-06 16:59:41.970,-206837019.99555832,273240123.6887527,135481089.3970272,144223013310.8561,-32219447703.987637,-13967298669.454855,58914.70812465277
46,2020,3,6,17,14,41.97,-12722562.607,-23429689.472,-755897.243,1964.71321,-1171.7914899999998,3106.40142,2020-03-06 17:14:41.970,-207591713.7151411,272671036.4550909,135312075.99052334,144229782546.5119,-32195461673.209774,-13956899836.9986,58914.71854131943
46,2020,3,6,17,29,41.97,-10851240.830999998,-24282257.882999998,2038363.82,2187.8699199999996,-720.14135,3094.25949,2020-03-06 17:29:41.970,-208345070.29163694,272100164.39647955,135142176.50375775,144236547058.0906,-32171474605.908485,-13946500556.56182,58914.7289579861
46,2020,3,6,17,44,41.97,-8795566.733,-24722299.976999998,4797989.687,2373.8137899999997,-256.3512,3029.5457699999997,2020-03-06 17:44:41.970,-209097084.17464513,271527510.4124106,134971391.63011667,144243306845.47534,-32147486502.8457,-13936100828.481657,58914.73937465277
46,2020,3,6,17,59,41.97,-6590480.061,-24742382.269,7476095.203,2519.4328499999997,211.79581,2913.3568,2020-03-06 17:59:41.970,-209847749.81833214,270953077.4184463,134799722.07025903,144250061908.54965,-32123497364.78317,-13925700653.095171,58914.74979131943
46,2020,3,6,18,14,41.97,-4273427.744,-24342117.248999998,10027162.790000001,2622.27476,676.44541,2747.63115,2020-03-06 18:14:41.970,-210597061.68149588,270376868.3462247,134627168.53212377,144256812247.19693,-32099507192.48247,-13915300030.739351,58914.7602079861
46,2020,3,6,18,29,41.97,-1883752.1770000001,-23528172.487,12407787.881000001,2680.58535,1129.7942400000002,2535.11994,2020-03-06 18:29:41.970,-211345014.22762957,269798886.1434611,134453731.73093754,144263557861.30072,-32075515986.705013,-13904898961.751095,58914.77062465277
46,2020,3,6,18,44,41.97,537950.905,-22314170.027,14577392.612,2693.33759,1564.21145,2279.34586,2020-03-06 18:44:41.970,-212091601.9249863,269219133.77395207,134279412.3892223,144270298750.7447,-32051523748.212032,-13894497446.467241,58914.78104131943
46,2020,3,6,18,59,41.97,2950496.142,-20720476.973,16498897.686,2660.25055,1972.35866,1984.55124,2020-03-06 18:59:41.970,-212836819.24664322,268637614.2175779,134104211.23680222,144277034915.41272,-32027530477.764603,-13884095485.224525,58914.7914579861
46,2020,3,6,19,14,41.97,5312784.693,-18773889.361,18139342.609,2581.79797,2347.30689,1655.6353399999998,2020-03-06 19:14:41.970,-213580660.67056638,268054330.4703044,133928129.0108116,144283766355.18878,-32003536176.123596,-13873693078.359629,58914.80187465277
46,2020,3,6,19,29,41.97,7584483.301,-16507212.640000002,19470444.901,2459.2061400000002,2682.6492000000003,1298.08152,2020-03-06 19:29:41.970,-214323120.67967528,267469285.54418576,133751166.45570157,144290493069.95673,-31979540844.04973,-13863290226.209124,58914.81229131943
46,2020,3,6,19,44,41.97,9726696.528,-13958743.334999999,20469089.32,2294.4408,2972.60737,917.87464,2020-03-06 19:44:41.970,-215064193.76190764,266882482.4673662,133573324.32324728,144297215059.60056,-31955544482.303574,-13852886929.109535,58914.8227079861
46,2020,3,6,19,59,41.97,11702622.109,-11171657.832999999,21117738.668,2090.1827000000003,3212.13134,521.4095100000001,2020-03-06 19:59:41.970,-215803874.41028467,266293924.2840815,133394603.37255488,144303932324.00476,-31931547091.645466,-13842483187.397284,58914.83312465277
46,2020,3,6,20,14,41.97,13478179.226,-8193315.635999999,21404758.428,1849.7918200000001,3396.98959,115.39112999999999,2020-03-06 20:14:41.970,-216542157.12297586,265703614.05466032,133215004.37006871,144310644863.0534,-31907548672.83562,-13832079001.408728,58914.84354131943
46,2020,3,6,20,29,41.97,15022599.368999999,-5074485.93,21324648.26,1577.26003,3523.84888,-293.27236,2020-03-06 20:29:41.970,-217279036.40336472,265111554.8555258,133034528.08957765,144317352676.6309,-31883549226.63406,-13821674371.480143,58914.8539579861
46,2020,3,6,20,44,41.97,16308969.504,-1868507.8630000001,20878174.41,1277.15247,3590.3415,-697.58263,2020-03-06 20:44:41.970,-218014506.76011363,264517749.77919593,132853175.31222199,144324055764.62186,-31859548753.800644,-13811269297.94771,58914.86437465277
46,2020,3,6,20,59,41.97,17314717.421,1369603.4919999999,20072398.276,954.53775,3595.1184500000004,-1090.56865,2020-03-06 20:59:41.970,-218748562.70723006,263922201.93428427,132670946.82650015,144330754126.9108,-31835547255.095028,-13800863781.147543,58914.87479131943
46,2020,3,6,21,14,41.97,18022029.536999997,4584091.934,18920597.818,614.9077699999999,3537.8866000000003,-1465.40704,2020-03-06 21:14:41.970,-219481198.76413184,263324914.44550034,132487843.42827508,144337447763.38235,-31811544731.27673,-13790457821.415678,58914.8852079861
46,2020,3,6,21,29,41.97,18418192.029000003,7719420.686000001,17442080.184,264.08770999999996,3419.42842,-1815.54312,2020-03-06 21:29:41.970,-220212409.45571306,262725890.45364967,132303865.92078066,144344136673.9214,-31787541183.105083,-13780051419.088074,58914.89562465277
46,2020,3,6,21,44,41.97,18495847.103,10721242.292000001,15661885.834999999,-91.86239,3241.6029000000003,-2134.81057,2020-03-06 21:44:41.970,-220942189.31241006,262125133.11563358,132119015.11462796,144350820858.4129,-31763536611.33924,-13769644574.500597,58914.90604131943
46,2020,3,6,21,59,41.97,18253157.335,13537360.420000002,13610386.589,-446.75315,3007.32644,-2417.54706,2020-03-06 21:59:41.970,-221670532.87026772,261522645.60444865,131933291.8278115,144357500316.74164,-31739531016.738194,-13759237287.98903,58914.9164579861
46,2020,3,6,22,14,41.97,17693872.592,16118665.282,11322782.308,-794.37653,2720.5332900000003,-2658.7034200000003,2020-03-06 22:14:41.970,-222397434.6710054,260918431.10918608,131746696.88571537,144364175048.79272,-31715524400.060738,-13748829559.889103,58914.92687465277
46,2020,3,6,22,29,41.97,16827295.775,18420024.053,8838503.345999999,-1128.61958,2386.1151299999997,-2853.9434699999997,2020-03-06 22:29:41.970,-223122889.2620834,260312492.83503085,131559231.12111922,144370845054.45142,-31691516762.065536,-13738421390.53644,58914.93729131943
46,2020,3,6,22,44,41.97,15668145.713,20401107.77,6200528.292,-1443.5788300000002,2009.8404400000002,-2999.7319500000003,2020-03-06 22:44:41.970,-223846891.19676954,259704834.00326008,131370895.37420401,144377510333.6029,-31667508103.51102,-13728012780.26659,58914.9477079861
46,2020,3,6,22,59,41.97,14236317.822,22027136.877,3454628.9080000003,-1733.67264,1598.2545699999998,-3093.40799,2020-03-06 22:59:41.970,-224569435.03420576,259095457.85124156,131181690.49255805,144384170886.13245,-31643498425.15551,-13717603729.415024,58914.95812465277
46,2020,3,6,23,14,41.97,12556545.534,23269528.793,648556.246,-1993.74891,1158.5623,-3133.24199,2020-03-06 23:14:41.970,-225290515.33947486,258484367.63243222,130991617.3311824,144390826711.92563,-31619487727.757107,-13707194238.31714,58914.96854131943
46,2020,3,6,23,29,41.97,10657967.989,24106432.748999998,-2168816.155,-2219.18522,698.49522,-3118.47393,2020-03-06 23:29:41.970,-226010126.68366706,257871566.61637568,130800676.75249681,144397477810.8679,-31595476012.07376,-13696784307.308247,58914.9789579861
46,2020,3,6,23,44,41.97,8573611.865,24523139.495,-4948374.739,-2405.97907,226.16678000000002,-3049.33185,2020-03-06 23:44:41.970,-226728263.64394784,257257058.08869988,130608869.62634464,144404124182.84497,-31571463278.863224,-13686373936.723564,58914.98937465277
46,2020,3,6,23,59,41.97,6339797.502,24512356.304,-7641655.827,-2550.82554,-250.0815,-2927.02978,2020-03-06 23:59:41.970,-227444920.80362403,256640845.35111487,130416196.82999898,144410765827.74246,-31547449528.88313,-13675963126.898247,58914.99979131943
46,2020,3,7,0,14,41.97,3995480.4370000004,24074340.948000003,-10201725.758000001,-2651.18061,-721.8391899999999,-2753.74492,2020-03-07 00:14:41.970,-228160092.75221175,256022931.72140932,130222659.24816719,144417402745.4461,-31523434762.890858,-13665551878.167366,58915.0102079861
46,2020,3,7,0,29,41.97,1581547.967,23216891.596,-12584024.143000001,-2705.30854,-1180.78621,-2532.57523,2020-03-07 00:29:41.970,-228873774.0855033,255403320.5334479,130028257.77299659,144424034935.84183,-31499418981.643692,-13655140190.865902,58915.02062465277
46,2020,3,7,0,44,41.97,-859929.0889999999,21955194.189000003,-14747174.767,-2712.31207,-1618.85185,-2267.4769,2020-03-07 00:44:41.970,-229585959.40563512,254782015.13716695,129832993.30407904,144430662398.81552,-31475402185.898685,-13644728065.328772,58915.03104131943
46,2020,3,7,0,59,41.97,-3286454.134,20311529.489,-16653717.862000002,-2672.1451100000004,-2028.3647999999998,-1963.1858,2020-03-07 00:59:41.970,-230296643.32115507,254159018.8985717,129636866.74845639,144437285134.2534,-31451384376.412766,-13634315501.890795,58915.0414579861
46,2020,3,7,1,14,41.97,-5655870.960999999,18314849.212,-18270771.989,-2585.60793,-2402.1945499999997,-1625.12332,2020-03-07 01:14:41.970,-231005820.44708997,253534335.19973138,129439879.02062479,144443903142.0414,-31427365553.94265,-13623902500.886703,58915.05187465277
46,2020,3,7,1,29,41.97,-7927116.887,16000230.572,-19570603.947,-2454.3253,-2733.87952,-1259.28998,2020-03-07 01:29:41.970,-231713485.4050141,252907967.43877527,129242031.0425399,144450516422.06592,-31403345719.244884,-13613489062.651173,58915.06229131943
46,2020,3,7,1,44,41.97,-10060948.977,13408222.28,-20531098.347,-2280.70878,-3017.73977,-872.1493,2020-03-07 01:44:41.970,-232419632.82311606,252279919.02988812,129043323.74362095,144457124974.21317,-31379324873.075863,-13603075187.518782,58915.0727079861
46,2020,3,7,1,59,41.97,-12020629.591,10584096.898,-21136119.478,-2067.90428,-3248.97215,-470.50505,2020-03-07 01:59:41.970,-233124257.336268,251650193.40330496,128843758.06075588,144463728798.36945,-31355303016.191795,-13592660875.824026,58915.08312465277
46,2020,3,7,2,14,41.97,-13772558.895,7577025.897000001,-21375760.75,-1819.72695,-3423.72666,-61.3747,2020-03-07 02:14:41.970,-233827353.58609277,251018794.0053063,128643334.93830511,144470327894.42123,-31331280149.348717,-13582246127.901339,58915.09354131943
46,2020,3,7,2,29,41.97,-15286843.607,4439194.75,-21246479.561,-1540.58493,-3539.16334,348.13824,2020-03-07 02:29:41.970,-234528916.2210328,250385724.2982123,128442055.32810625,144476922262.2551,-31307256273.30249,-13571830944.08504,58915.1039579861
46,2020,3,7,2,44,41.97,-16537793.013999999,1224875.817,-20751117.853,-1235.39429,-3593.48914,750.97015,2020-03-07 02:44:41.970,-235228939.89641812,249750987.7603769,128239920.18947811,144483511901.75775,-31283231388.808792,-13561415324.709396,58915.11437465277
46,2020,3,7,2,59,41.97,-17504335.163,-2010523.2040000001,-19898810.866,-909.48708,-3585.97543,1140.21944,2020-03-07 02:59:41.970,-235927419.27453503,249114587.88618225,128036930.48922455,144490096812.81573,-31259205496.623177,-13550999270.108564,58915.12479131943
46,2020,3,7,3,14,41.97,-18170347.94,-5211417.913000001,-18704788.546,-568.5144600000001,-3516.9564,1509.26268,2020-03-07 03:14:41.970,-236624349.02469465,248476528.18603185,127833087.20163883,144496676995.31583,-31235178597.50095,-13540582780.616657,58915.1352079861
46,2020,3,7,3,29,41.97,-18524901.57,-8322996.324,-17190075.792,-218.34704,-3387.8096499999997,1851.8629799999999,2020-03-07 03:29:41.970,-237319723.82330135,247836812.18634412,127628391.30850698,144503252449.145,-31211150692.19729,-13530165856.567678,58915.14562465277
46,2020,3,7,3,44,41.97,-18562410.747,-11292142.830999998,-15381099.125999998,135.026,-3200.9199599999997,2162.26934,2020-03-07 03:44:41.970,-238013538.35392177,247195443.4295455,127422843.79911184,144509823174.19006,-31187121781.467194,-13519748498.295557,58915.15604131943
46,2020,3,7,3,59,41.97,-18282696.141,-14068322.586000001,-13309208.541,485.59715,-2959.62778,2435.3056500000002,2020-03-07 03:59:41.970,-238705787.30735368,246552425.47406274,127216445.67023648,144516389170.338,-31163091866.065514,-13509330706.134132,58915.1664579861
46,2020,3,7,4,14,41.97,-17690956.493,-16604413.179,-11010124.132000001,827.43877,-2668.1638900000003,2666.44871,2020-03-07 04:14:41.970,-239396465.38169467,245907761.89431626,127009197.9261677,144522950437.47598,-31139060946.746864,-13498912480.417181,58915.17687465277
46,2020,3,7,4,29,41.97,-16797653.717,-18857471.87,-8523317.829,1154.79803,-2331.5717999999997,2851.8943600000002,2020-03-07 04:29:41.970,-240085567.28241163,245261456.2807114,126801101.5786993,144529506975.4911,-31115029024.265747,-13488493821.478384,58915.18729131943
46,2020,3,7,4,44,41.97,-15618314.58,-20789428.058000002,-5891340.947,1462.18718,-1955.61945,2988.61166,2020-03-07 04:44:41.970,-240773087.7224096,244613512.23963076,126592157.64713548,144536058784.27045,-31090996099.37645,-13478074729.651339,58915.1977079861
46,2020,3,7,4,59,41.97,-14173253.454,-22367692.082000002,-3159108.6070000003,1744.46845,-1546.70186,3074.38458,2020-03-07 04:59:41.970,-241459021.4221011,243963933.39342564,126382367.15829389,144542605863.70148,-31066962172.833134,-13467655205.269567,58915.20812465277
46,2020,3,7,5,14,41.97,-12487221.516999999,-23565672.826,-373152.173,1996.93258,-1111.73606,3107.84134,2020-03-07 05:14:41.970,-242143363.10947528,243312723.3804072,126171731.14650859,144549148213.67148,-31042927245.389725,-13457235248.666504,58915.21854131943
46,2020,3,7,5,29,41.97,-10588988.439000001,-24363197.971,2419149.087,2215.37011,-658.05004,3088.47127,2020-03-07 05:29:41.970,-242826107.52016753,242659885.85483766,125960250.65363277,144555685834.06796,-31018891317.800045,-13446814860.17551,58915.2289579861
46,2020,3,7,5,44,41.97,-8510863.267,-24746831.995,5170345.982,2396.1351400000003,-193.26686,3016.62941,2020-03-07 05:44:41.970,-243507249.39752898,242005424.48692083,125747926.72904184,144562218724.77826,-30994854390.817688,-13436394040.12984,58915.23937465277
46,2020,3,7,5,59,41.97,-6288161.715,-24710088.311,7833696.027,2536.2006199999996,274.81454,2893.52891,2020-03-07 05:59:41.970,-244186783.49269617,241349342.9627922,125534760.4296359,144568746885.68997,-30970816465.196117,-13425972788.862713,58915.24979131943
46,2020,3,7,6,14,41.97,-3958627.552,-24253533.102,10363927.890999999,2633.2049,738.34059,2721.2216200000003,2020-03-07 06:14:41.970,-244864704.56466034,240691644.98450956,125320752.81984209,144575270316.6909,-30946777541.688602,-13415551106.707222,58915.2602079861
46,2020,3,7,6,29,41.97,-1561816.227,-23384779.607,12717983.059,2685.48911,1189.52507,2502.56693,2020-03-07 06:29:41.970,-245541007.3803375,240032334.270042,125105904.9716172,144581789017.66864,-30922737621.04821,-13405128993.996384,58915.27062465277
46,2020,3,7,6,44,41.97,861550.777,-22118372.770000003,14855724.363,2692.12472,1620.77053,2241.18933,2020-03-07 06:44:41.970,-246215686.7146385,239371414.55326033,124890217.96444988,144588302988.51086,-30898696704.027897,-13394706451.063166,58915.28104131943
46,2020,3,7,6,59,41.97,3270251.9779999997,-20475565.312,16740601.317,2652.93122,2024.7879599999999,1941.42492,2020-03-07 06:59:41.970,-246888737.350538,238708889.5839249,124673692.88536283,144594812229.10547,-30874654791.380405,-13384283478.240404,58915.2914579861
46,2020,3,7,7,14,41.97,5623243.109,-18483987.482,18340262.528,2568.4832499999998,2394.71316,1608.25737,2020-03-07 07:14:41.970,-247560154.0791457,238044763.12767553,124456330.82891458,144601316739.34036,-30850611883.858353,-13373860075.860899,58915.30187465277
46,2020,3,7,7,29,41.97,7880335.9860000005,-16177213.973,19627105.830000002,2440.10707,2724.21864,1247.24366,2020-03-07 07:29:41.970,-248229931.69977537,237379038.96601972,124238132.89720175,144607816519.10352,-30826567982.214108,-13363436244.257338,58915.31229131943
46,2020,3,7,7,44,41.97,10002869.207,-13594232.739,20578757.237000003,2269.86589,3007.6194699999996,864.43027,2020-03-07 07:44:41.970,-248898065.02001545,236711720.8963204,124019100.1998604,144614311568.2827,-30802523087.19992,-13353011983.762325,58915.3227079861
46,2020,3,7,7,59,41.97,11954360.625,-10778821.864,21178470.398000002,2060.53401,3239.97152,466.26039000000003,2020-03-07 07:59:41.970,-249564548.8557994,236042812.73178455,123799233.85406816,144620801886.76642,-30778477199.56787,-13342587294.708406,58915.33312465277
46,2020,3,7,8,14,41.97,13701131.356,-7778842.002,21415438.851999998,1815.55943,3417.1605299999997,59.473169999999996,2020-03-07 08:14:41.970,-250229378.03147537,235372318.30144992,123578534.98454526,144627287474.4425,-30754430320.06985,-13332162177.42803,58915.34354131943
46,2020,3,7,8,29,41.97,15212890.993999999,-4645453.447,21285014.292,1539.01501,3535.9802400000003,-349.00426,2020-03-07 08:29:41.970,-250892547.37987724,234700241.45017305,123357004.72355627,144633768331.19922,-30730382449.45759,-13321736632.253555,58915.3539579861
46,2020,3,7,8,44,41.97,16463273.747,-1432268.456,20788825.002,1235.5383,3594.19787,-752.17041,2020-03-07 08:44:41.970,-251554051.74239436,234026586.03861585,123134644.21091121,144640244456.92493,-30706333588.48264,-13311310659.517265,58915.36437465277
46,2020,3,7,8,59,41.97,17430315.428999998,1805549.01,19934789.917999998,910.26033,3590.60518,-1143.06748,2020-03-07 08:59:41.970,-252213885.96904263,233351355.9432321,122911454.59396666,144646715851.5079,-30682283737.89638,-13300884259.551373,58915.37479131943
46,2020,3,7,9,14,41.97,18096861.611,5012222.354,18737025.209,568.72399,3525.0534,-1514.90184,2020-03-07 09:14:41.970,-252872044.91853434,232674555.05625424,122687437.02762696,144653182514.83627,-30658232898.45006,-13290457432.687988,58915.3852079861
46,2020,3,7,9,29,41.97,18450897.952999998,8132325.017,17215641.998,216.79287,3398.4704899999997,-1861.16508,2020-03-07 09:29:41.970,-253528523.45834956,231996187.28567883,122462592.6743447,144659644446.79868,-30634181070.894665,-13280030179.259142,58915.39562465277
46,2020,3,7,9,44,41.97,18485794.619,11111750.21,15396435.792,-139.44826,3212.85936,-2175.75324,2020-03-07 09:44:41.970,-254183316.46480596,231316256.55525234,122236922.70412202,144666101647.28357,-30610128255.9811,-13269602499.5968,58915.40604131943
46,2020,3,7,9,59,41.97,18200457.933000002,13898670.109000001,13310470.343999999,-493.79978,2971.27614,-2453.08174,2020-03-07 09:59:41.970,-254836418.82313004,230634766.8044569,122010428.29451069,144672554116.17953,-30586074454.460045,-13259174394.03282,58915.4164579861
46,2020,3,7,10,14,41.97,17599383.97,16444466.177,10993560.996,-840.05848,2677.7876499999998,-2688.19335,2020-03-07 10:14:41.970,-255487825.4275279,229951721.98849472,121783110.63061285,144679001853.3751,-30562019667.08206,-13248745862.898996,58915.42687465277
46,2020,3,7,10,29,41.97,16692610.608,18704611.979000002,8485664.945,-1172.13156,2337.40838,-2876.8566299999998,2020-03-07 10:29:41.970,-256137531.18125555,229267126.07827353,121554970.90508142,144685444858.75888,-30537963894.597496,-13238316906.52704,58915.43729131943
46,2020,3,7,10,44,41.97,15495566.661,20639490.014,5830188.308,-1484.1508999999999,1956.01709,-3015.65194,2020-03-07 10:44:41.970,-256785530.99669006,228580983.06039035,121326010.31812024,144691883132.21967,-30513907137.756527,-13227887525.248558,58915.4477079861
46,2020,3,7,10,59,41.97,14028819.011,22215124.888,3073222.173,-1770.585,1540.25445,-3102.0428500000003,2020-03-07 10:59:41.970,-257431819.7954008,227893296.93711582,121096230.0774841,144698316673.6461,-30489849397.309208,-13217457719.395102,58915.45812465277
46,2020,3,7,11,14,41.97,12317721.086,23403816.413,262721.91099999996,-2026.34582,1097.4034299999998,-3134.4305,2020-03-07 11:14:41.970,-258076392.50821963,227204071.72637787,120865631.39847879,144704745482.927,-30465790674.00536,-13207027489.298122,58915.46854131943
46,2020,3,7,11,29,41.97,10391968.507,24184658.169,-2552354.156,-2246.88782,635.25484,-3112.18929,2020-03-07 11:29:41.970,-258719244.0753126,226513311.46174523,120634215.50396097,144711169559.9513,-30441730968.594685,-13196596835.288996,58915.4789579861
46,2020,3,7,11,44,41.97,8285070.083000001,24543929.492,-5322929.291,-2428.29655,161.96103,-3035.68258,2020-03-07 11:44:41.970,-259360369.4462504,225821020.19241053,120401983.62433761,144717588904.60776,-30417670281.82667,-13186165757.699018,58915.48937465277
46,2020,3,7,11,59,41.97,6033744.602,24475351.747,-8000697.776,-2567.36467,-314.11879,-2906.2578399999998,2020-03-07 11:59:41.970,-259999763.5800801,225127201.983173,120168936.99756593,144724003516.78525,-30393608614.45069,-13175734256.859386,58915.49979131943
46,2020,3,7,12,14,41.97,3677255.74,23980203.007,-10539000.643,-2661.65311,-784.5779,-2726.22109,2020-03-07 12:14:41.970,-260637421.4453955,224431860.91442108,119935076.86915247,144730413396.37305,-30369545967.215916,-13165302333.101227,58915.5102079861
46,2020,3,7,12,29,41.97,1256699.024,23067288.713000003,-12893669.344,-2709.53627,-1241.12206,-2498.79139,2020-03-07 12:29:41.970,-261273338.02040863,223735001.08211416,119700404.49215269,144736818543.25995,-30345482340.871346,-13154869986.755594,58915.52062465277
46,2020,3,7,12,44,41.97,-1185744.1369999999,21752769.458,-15023819.915,-2710.22988,-1675.7263899999998,-2228.03657,2020-03-07 12:44:41.970,-261907508.293021,223036626.5977649,119464921.1271697,144743218957.33505,-30321417736.165813,-13144437218.15344,58915.53104131943
46,2020,3,7,12,59,41.97,-3607569.662,20059850.452,-16892581.525000002,-2663.8014000000003,-2080.78528,-1918.79204,2020-03-07 12:59:41.970,-262539927.26089483,222336741.58842018,119228628.04235372,144749614638.48752,-30297352153.847996,-13134004027.625637,58915.5414579861
46,2020,3,7,13,14,41.97,-5966715.426,18018340.493,-18467745.152,-2571.16289,-2449.25194,-1576.5648999999999,2020-03-07 13:14:41.970,-263170589.9315239,221635350.196643,118991526.51340076,144756005586.60666,-30273285594.666397,-13123570415.502993,58915.55187465277
46,2020,3,7,13,29,41.97,-8222311.811,15664091.152999999,-19722320.357,-2434.04695,-2774.76455,-1207.42605,2020-03-07 13:29:41.970,-263799491.3223054,220932456.580492,118753617.8235512,144762391801.58133,-30249218059.369335,-13113136382.116198,58915.56229131943
46,2020,3,7,13,44,41.97,-10335403.432,13038329.325000001,-20634990.538999997,-2254.9669400000002,-3051.75675,-817.89298,2020-03-07 13:44:41.970,-264426626.4606107,220228064.91350347,118514903.2635888,144768773283.30103,-30225149548.705,-13102701927.795902,58915.5727079861
46,2020,3,7,13,59,41.97,-12269628.45,10186898.241,-21190459.698,-2037.16279,-3275.55029,-414.80636,2020-03-07 13:59:41.970,-265051990.38385686,219522179.3846703,118275384.13183875,144775150031.6551,-30201080063.421364,-13092267052.872637,58915.58312465277
46,2020,3,7,14,14,41.97,-13991843.303,7159423.488,-21379686.307,-1784.53423,-3442.42884,-5.20308,2020-03-07 14:14:41.970,-265675578.13957816,218814804.19842216,118035061.73416625,144781522046.53262,-30177009604.26629,-13081831757.676867,58915.59354131943
46,2020,3,7,14,29,41.97,-15472682.360000001,4008421.433,-21200002.498000003,-1501.56322,-3549.69214,403.81125000000003,2020-03-07 14:29:41.970,-266297384.78549707,218105943.57460546,117793937.38397448,144787889327.82312,-30152938171.98742,-13071396042.538979,58915.6039579861
46,2020,3,7,14,44,41.97,-16687043.766999999,788367.845,-20655119.135,-1193.22789,-3595.69031,805.18793,2020-03-07 14:44:41.970,-266917405.3895959,217395601.74846196,117552012.40220293,144794251875.41602,-30128865767.33226,-13060959907.789257,58915.61437465277
46,2020,3,7,14,59,41.97,-17614494.632000003,-2445255.545,-19755019.575999998,-864.90968,-3579.8386400000004,1192.0565700000002,2020-03-07 14:59:41.970,-267535635.0301883,216683782.97060743,117309288.11732505,144800609689.20074,-30104792391.048138,-13050523353.757921,58915.62479131943
46,2020,3,7,15,14,41.97,-18239590.519,-5636919.279,-18515746.818,-522.2961,-3502.6135799999997,1557.84025,2020-03-07 15:14:41.970,-268152068.79599002,215970491.50701082,117065765.86534609,144806962769.06665,-30080718043.8822,-13040086380.775116,58915.6352079861
46,2020,3,7,15,29,41.97,-18552105.992000002,-8731992.704,-16959090.446999997,-171.28064,-3365.53098,1896.36285,2020-03-07 15:29:41.970,-268766701.78619117,215255731.63897175,116821446.98980084,144813311114.90338,-30056642726.581474,-13029648989.170877,58915.64562465277
46,2020,3,7,15,44,41.97,-18547174.658,-11677663.344,-15112181.128,182.13802,-3171.10768,2201.9469200000003,2020-03-07 15:44:41.970,-269379529.1105272,214539507.6630988,116576332.841751,144819654726.6005,-30032566439.892796,-13019211179.275171,58915.65604131943
46,2020,3,7,15,59,41.97,-18225338.644,-14423814.819,-13007001.536,531.95615,-2922.80808,2469.50133,2020-03-07 15:59:41.970,-269990545.88934994,213821823.89128655,116330424.77978243,144825993604.04752,-30008489184.5628,-13008772951.417887,58915.6664579861
46,2020,3,7,16,14,41.97,-17592508.899,-16923850.414,-10679823.456,872.26283,-2624.977,2694.59763,2020-03-07 16:14:41.970,-270599747.2537004,213102684.650693,116083724.1700025,144832327747.13403,-29984410961.338017,-12998334305.928818,58915.67687465277
46,2020,3,7,16,29,41.97,-16659838.896000002,-19135450.708,-8170581.415,1197.33429,-2282.7606299999998,2873.5346,2020-03-07 16:29:41.970,-271207128.34537816,212382094.28371638,115836232.38603723,144838657155.7497,-29960331770.964775,-12987895243.137686,58915.68729131943
46,2020,3,7,16,44,41.97,-15443515.439000001,-21021255.17,-5522193.6450000005,1501.72362,-1902.0168099999999,3003.39071,2020-03-07 16:44:41.970,-271812684.3170145,211660057.1479716,115587950.80902785,144844981829.78427,-29936251614.189236,-12977455763.374128,58915.6977079861
46,2020,3,7,16,59,41.97,-13964471.214,-22549458.987000003,-2779841.426,1780.34483,-1489.2166499999998,3082.06414,2020-03-07 16:59:41.970,-272416410.3321434,210936577.61626628,115338880.82762794,144851301769.12735,-29912170491.757423,-12967015866.967691,58915.70812465277
46,2020,3,7,17,14,41.97,-12248024.514999999,-23694317.792999998,9782.0,2028.55047,-1051.33853,3108.30035,2020-03-07 17:14:41.970,-273018301.56527245,210211660.07657632,115089023.83799984,144857616973.6687,-29888088404.41516,-12956575554.247852,58915.71854131943
46,2020,3,7,17,29,41.97,-10323452.332999999,-24436554.31,2799241.7610000004,2242.20199,-595.7563,3081.7073100000002,2020-03-07 17:29:41.970,-273618353.2019547,209485308.93202195,114838381.24381109,144863927443.2981,-29864005352.90815,-12946134825.544,58915.7289579861
46,2020,3,7,17,44,41.97,-8223503.542,-24763662.191999998,5541139.802,2417.73238,-130.12293,3002.7583400000003,2020-03-07 17:44:41.970,-274216560.43886036,208757528.60084245,114586954.4562311,144870233177.90543,-29839921337.981865,-12935693681.185432,58915.73937465277
46,2020,3,7,17,59,41.97,-5983859.505000001,-24670103.605,8188890.48,2552.2003299999997,337.74908,2872.78294,2020-03-07 17:59:41.970,-274812918.4838472,208028323.51637074,114334744.89392677,144876534177.38028,-29815836360.381706,-12925252121.501371,58915.74979131943
46,2020,3,7,18,14,41.97,-3642549.824,-24157398.294999998,10697482.49,2643.33563,800.00905,2693.94566,2020-03-07 18:14:41.970,-275407422.5560331,207297698.12700823,114081753.98305914,144882830441.61273,-29791750420.852833,-12914810146.820969,58915.7602079861
46,2020,3,7,18,29,41.97,-1239331.44,-23234103.038000003,13024216.577,2689.57518,1248.89011,2469.21342,2020-03-07 18:29:41.970,-276000067.8858672,206565656.89619857,113827983.15727878,144889121970.49246,-29767663520.14028,-12904367757.473269,58915.77062465277
46,2020,3,7,18,44,41.97,1184960.3669999999,-21915681.549000002,15129408.702000001,2690.0893199999996,1676.83047,2202.31153,2020-03-07 18:44:41.970,-276590849.71520025,205832204.3024018,113573433.85772191,144895408763.90952,-29743575658.9889,-12893924953.787254,58915.78104131943
46,2020,3,7,18,59,41.97,3589080.171,-20224266.071999997,16977048.671,2644.79812,2076.59259,1897.66874,2020-03-07 18:59:41.970,-277179763.297357,205097344.8390671,113318107.53300565,144901690821.7538,-29719486838.143417,-12883481736.091825,58915.7914579861
46,2020,3,7,19,14,41.97,5932050.509,-18188313.073000003,18535404.524,2554.3770600000003,2441.3791499999998,1560.35171,2020-03-07 19:14:41.970,-277766803.89720774,204361083.01460665,113062005.6392239,144907968143.915,-29695397058.348335,-12873038104.71577,58915.80187465277
46,2020,3,7,19,29,41.97,8173840.355,-15842156.67,19777563.411,2420.25209,2764.94407,1195.9895000000001,2020-03-07 19:29:41.970,-278351966.79123807,203623423.35236764,112805129.63994226,144914240730.28357,-29671306320.348053,-12862594059.987839,58915.81229131943
46,2020,3,7,19,44,41.97,10276034.100000001,-13225464.747,20681900.126000002,2244.5834699999996,3041.69748,810.6884399999999,2020-03-07 19:44:41.970,-278935247.2676221,202884370.390605,112547481.00619337,144920508580.74893,-29647214624.886772,-12852149602.236664,58915.8227079861
46,2020,3,7,19,59,41.97,12202480.95,-10382604.053,21232465.043,2030.23833,3266.8028,410.93826,2020-03-07 19:59:41.970,-279516640.62629205,202143928.68245345,112289061.2164719,144926771695.20154,-29623121972.708576,-12841704731.790817,58915.83312465277
46,2020,3,7,20,14,41.97,13919914.483000001,-7361922.015,21419283.893,1780.7518,3436.26439,3.5102100000000003,2020-03-07 20:14:41.970,-280096142.1790107,201402102.79589924,112029871.75672938,144933030073.53116,-29599028364.557312,-12831259448.978783,58915.84354131943
46,2020,3,7,20,29,41.97,15398532.037999999,-4214954.529,21238562.678999998,1500.27666,3547.00413,-404.65166000000005,2020-03-07 20:29:41.970,-280673747.2494416,200658897.31375116,111769914.12036897,144939283715.6278,-29574933801.176735,-12820813754.128952,58915.8539579861
46,2020,3,7,20,44,41.97,16612523.659999998,-995570.552,20692792.086000003,1193.52162,3596.92502,-806.5449,2020-03-07 20:44:41.970,-281249451.17322123,199914316.8336117,111509189.80823989,144945532621.38177,-29550838283.31043,-12810367647.569643,58915.86437465277
46,2020,3,7,20,59,41.97,17540540.559,2240934.127,19790746.987999998,865.67866,3584.9601500000003,-1195.22708,2020-03-07 20:59:41.970,-281823249.29802877,199168365.967848,111247700.32863201,144951776790.68277,-29526741811.701782,-12799921129.629107,58915.87479131943
46,2020,3,7,21,14,41.97,18166093.486,5438779.952,18547378.182,522.34013,3511.10539,-1563.9365400000002,2020-03-07 21:14:41.970,-282395136.9836585,198421049.34356195,110985447.19726995,144958016223.42126,-29502644387.09406,-12789474200.635475,58915.8852079861
46,2020,3,7,21,29,41.97,18477872.115,8542668.122,16983595.225,169.40628999999998,3376.43412,-1906.21332,2020-03-07 21:29:41.970,-282965109.60208994,197672371.60255983,110722431.93730737,144964250919.48706,-29478546010.230354,-12779026860.916845,58915.89562465277
46,2020,3,7,21,44,41.97,18469977.5,11498749.845,15125941.216,-187.01521,3183.09281,-2216.0179000000003,2020-03-07 21:44:41.970,-283533162.5375592,196922337.40132248,110458656.07932065,144970480878.77048,-29454446681.85361,-12768579110.801178,58915.90604131943
46,2020,3,7,21,59,41.97,18142060.936,14255582.628,13006162.557,-540.7164399999999,2934.27651,-2487.84539,2020-03-07 21:59:41.970,-284099291.1866302,196170951.4109744,110194121.16130309,144976706101.16153,-29430346402.706585,-12758130950.616411,58915.9164579861
46,2020,3,7,22,14,41.97,17499364.161000002,16765055.177,10660679.076000001,-885.50103,2634.1835800000003,-2716.83234,2020-03-07 22:14:41.970,-284663490.95826447,195418218.3172524,109928828.72865796,144982926586.5503,-29406245173.531902,-12747682380.690357,58915.92687465277
46,2020,3,7,22,29,41.97,16552657.68,18983262.279,8129962.284999999,-1215.29832,2287.94981,-2898.85363,2020-03-07 22:29:41.970,-285225757.2738932,194664142.82047445,109662780.33419277,144989142334.82718,-29382142995.07202,-12737233401.350763,58915.93729131943
46,2020,3,7,22,44,41.97,15318076.126,20871311.267,5457831.97,-1524.27755,1901.56245,-3030.60662,2020-03-07 22:44:41.970,-285786085.5674877,193908729.6355081,109395977.53811206,144995353345.882,-29358039868.069256,-12726784012.925295,58915.9477079861
46,2020,3,7,22,59,41.97,13816851.916,22396042.523000002,2690683.604,-1806.95929,1481.75542,-3109.68035,2020-03-07 22:59:41.970,-286344471.2856294,193151983.49173784,109128421.90801084,145001559619.60516,-29333935793.265747,-12716334215.741537,58915.95812465277
46,2020,3,7,23,14,41.97,12074950.862,23530647.842,-123338.868,-2058.3213699999997,1035.8874700000001,-3134.60741,2020-03-07 23:14:41.970,-286900909.8875815,192393909.13303313,108860115.01886751,145007761155.88684,-29309830771.403465,-12705884010.126976,58915.96854131943
46,2020,3,7,23,29,41.97,10122615.895000001,24255172.5,-2935208.573,-2273.89674,571.80604,-3104.897,2020-03-07 23:29:41.970,-287455396.84535915,191634511.3177153,108591058.45303679,145013957954.61703,-29285724803.224255,-12695433396.409056,58915.9789579861
46,2020,3,7,23,44,41.97,7993827.401,24556889.347,-5695902.001,-2449.86048,97.6996,-3021.04784,2020-03-07 23:44:41.970,-288007927.64379907,190873794.81852478,108321253.80024254,145020150015.68622,-29261617889.46981,-12684982374.915104,58915.98937465277
46,2020,3,7,23,59,41.97,5725690.875,24430536.211999997,-8357287.649,-2583.1039800000003,-378.05786,-2884.54043,2020-03-07 23:59:41.970,-288558497.74739033,190111764.46871835,108050702.67395729,145026337338.98474,-29237510030.88106,-12674530945.972178,58915.99979131943
46,2020,3,8,0,14,41.97,3357763.81,23878411.211,-10872999.659,-2671.294,-847.06662,-2697.80865,2020-03-08 00:14:41.970,-289107102.73342985,189348424.97758505,107779406.64588986,145032519924.40204,-29213401228.200516,-12664079109.907852,58916.0102079861
46,2020,3,8,0,29,41.97,931339.9349999999,22910323.832999997,-13199270.666000001,-2712.91573,-1301.06033,-2464.19203,2020-03-08 00:29:41.970,-289653738.0922834,188583781.20696846,107507367.3441667,145038697771.8289,-29189291482.16882,-12653626867.049025,58916.02062465277
46,2020,3,8,0,44,41.97,-1511304.189,21543404.251,-15295725.648,-2707.29819,-1732.06324,-2187.86841,2020-03-08 00:44:41.970,-290198399.36078113,187817837.98694697,107234586.38791278,145044870881.15533,-29165180793.527023,-12643174217.722704,58916.03104131943
46,2020,3,8,0,59,41.97,-3927670.873,19801774.196,-17126095.077999998,-2654.62234,-2132.53809,-1873.77099,2020-03-08 00:59:41.970,-290741082.0889271,187050600.16184643,106961065.40358327,145051039252.27164,-29141069163.01603,-12632721162.255836,58916.0414579861
46,2020,3,8,1,14,41.97,-6275805.757,17716089.336,-18658853.049000002,-2555.91162,-2495.5242000000003,-1527.4905999999999,2020-03-08 01:14:41.970,-291281781.8399697,186282072.59020534,106686806.0249554,145057202885.0681,-29116956591.37659,-12622267700.975266,58916.05187465277
46,2020,3,8,1,29,41.97,-8515045.480999999,15322963.35,-19867760.685000002,-2413.00576,-2814.76164,-1155.16632,2020-03-08 01:29:41.970,-291820494.1904719,185512260.14473897,106411809.89312048,145063361779.43472,-29092843079.3493,-12611813834.207767,58916.06229131943
46,2020,3,8,1,44,41.97,-10606734.643,12664287.31,-20732306.941,-2228.51897,-3084.7993800000004,-763.3673,2020-03-08 01:44:41.970,-292357214.73038,184741167.7123034,106136078.65647504,145069515935.262,-29068728627.674603,-12601359562.280031,58916.0727079861
46,2020,3,8,1,59,41.97,-12514898.642,9786459.696,-21238040.151,-2005.78395,-3301.08546,-358.96866,2020-03-08 01:59:41.970,-292891939.0630952,183968800.19385982,105859613.9707123,145075665352.43988,-29044613237.092785,-12590904885.518675,58916.08312465277
46,2020,3,8,2,14,41.97,-14206860.421,6739543.723,-21376786.305,-1748.78357,-3460.03821,50.975680000000004,2020-03-08 02:14:41.970,-293424662.8055426,183195162.5044369,105582417.4988135,145081810030.85876,-29020496908.34399,-12580449804.250229,58916.09354131943
46,2020,3,8,2,29,41.97,-15653790.872,3576369.451,-21146752.564999998,-1462.07205,-3559.0977000000003,459.36038,2020-03-08 02:29:41.970,-293955381.5882396,182420259.57309523,105304490.91103853,145087949970.40884,-28996379642.168194,-12569994318.801144,58916.1039579861
46,2020,3,8,2,44,41.97,-16831184.394,351598.49100000004,-20552516.932,-1150.68785,-3596.7573700000003,859.1539,2020-03-08 02:44:41.970,-294484091.0553675,181644096.3428887,105025835.88491744,145094085170.98022,-28972261439.305244,-12559538429.497782,58916.11437465277
46,2020,3,8,2,59,41.97,-17719253.0,-2879230.996,-19604907.104999997,-820.0600900000001,-3572.57634,1243.5192,2020-03-08 02:59:41.970,-295010786.8648405,180866677.77082756,104746454.10524063,145100215632.4632,-28948142300.49482,-12549082136.666441,58916.12479131943
46,2020,3,8,3,14,41.97,-18303234.178,-6060661.831,-18320773.512,-475.91081,-3487.1728900000003,1605.92789,2020-03-08 03:14:41.970,-295535464.68837357,180088008.82784018,104466347.26404956,145106341354.74802,-28924022226.47644,-12538625440.633337,58916.1352079861
46,2020,3,8,3,29,41.97,-18573609.48,-9138261.504,-16722663.092999998,-124.15464,-3342.2003400000003,1940.26636,2020-03-08 03:29:41.970,-296058120.2115538,179308094.49873495,104185517.06062733,145112462337.72464,-28899901217.989517,-12528168341.724592,58916.14562465277
46,2020,3,8,3,44,41.97,-18526232.473,-12059536.693,-14838401.783,229.20202,-3140.30664,2240.9323799999997,2020-03-08 03:44:41.970,-296578749.13390845,178526939.78216124,103903965.20148878,145118578581.28348,-28875779275.773273,-12517710840.266262,58916.15604131943
46,2020,3,8,3,59,41.97,-18162366.226,-14774804.522,-12700594.699,578.16095,-2885.07888,2502.92121,2020-03-08 03:59:41.970,-297097347.1689741,177744549.69057077,103621693.40037045,145124690085.3146,-28851656400.5668,-12507252936.584318,58916.1664579861
46,2020,3,8,4,14,41.97,-17488631.844,-17238007.796,-10346053.876,916.8296,-2580.97454,2721.9003599999996,2020-03-08 04:14:41.970,-297613910.0443657,176960929.2501777,103338703.37822096,145130796849.7083,-28827532593.10901,-12496794631.004654,58916.17687465277
46,2020,3,8,4,29,41.97,-16516870.839,-19407462.866,-7815163.999000001,1239.5149000000001,-2233.24078,2894.27258,2020-03-08 04:29:41.970,-298128433.5018457,176176083.5009193,103054996.86319019,145136898874.35458,-28803407854.138725,-12486335923.853075,58916.18729131943
46,2020,3,8,4,44,41.97,-15263925.134,-21246530.175,-5151196.963,1540.8122600000002,-1847.8236100000001,3017.22653,2020-03-08 04:44:41.970,-298640913.2973929,175390017.49641597,102770575.5906195,145142996159.1437,-28779282184.39457,-12475876815.455322,58916.1977079861
46,2020,3,8,4,59,41.97,-13751339.488,-22724198.982,-2399586.3589999997,1815.68888,-1431.26826,3088.77513,2020-03-08 04:59:41.970,-299151345.20127004,174602736.30393025,102485441.30303071,145149088703.96573,-28755155584.615044,-12465417306.137047,58916.20812465277
46,2020,3,8,5,14,41.97,-12004991.867999999,-23815579.088999998,392826.93,2059.5604,-990.6124,3107.78142,2020-03-08 05:14:41.970,-299659724.99809366,173814245.0043266,102199595.75011571,145155176508.7108,-28731028055.538486,-12454957396.223825,58916.21854131943
46,2020,3,8,5,29,41.97,-10054658.046,-24502293.789,3178566.835,2268.36033,-533.27362,3073.97205,2020-03-08 05:29:41.970,-300166048.486902,173024548.69203,101913040.68872538,145161259573.2691,-28706899597.903107,-12444497086.041153,58916.2289579861
46,2020,3,8,5,44,41.97,-7933517.238,-24772769.486,5910300.805,2438.60151,-66.93258,2987.93848,2020-03-08 05:44:41.970,-300670311.48122287,172233652.4749847,101625777.88285889,145167337897.5307,-28682770212.446957,-12434036375.914444,58916.23937465277
46,2020,3,8,5,59,41.97,-5677606.153,-24622418.699,8541614.147,2567.42922,400.58683,2851.12614,2020-03-08 05:59:41.970,-301172509.809142,171441561.47461203,101337809.10365216,145173411481.3857,-28658639899.907955,-12423575266.169052,58916.24979131943
46,2020,3,8,6,14,41.97,-3325229.266,-24053714.349999998,11027769.248,2652.66529,861.4390400000001,2665.8116999999997,2020-03-08 06:14:41.970,-301672639.3133723,170648280.82576877,101049136.12936677,145179480324.72406,-28634508661.02386,-12413113757.130219,58916.2602079861
46,2020,3,8,6,29,41.97,-916333.544,-23076154.398,13326439.138,2692.84291,1307.87872,2435.0688,2020-03-08 06:29:41.970,-302170695.851319,169853815.67670408,100759760.74537839,145185544427.43594,-28610376496.532295,-12402651849.123135,58916.27062465277
46,2020,3,8,6,44,41.97,1508143.763,-21706117.049,15398405.131,2687.2316,1732.3817800000002,2162.72259,2020-03-08 06:44:41.970,-302666675.2951508,169058171.18901706,100469684.74416524,145191603789.4114,-28586243407.170727,-12392189542.472898,58916.28104131943
46,2020,3,8,6,59,41.97,3906945.306,-19966607.917,17208208.576,2635.8521100000003,2127.76429,1853.29327,2020-03-08 06:59:41.970,-303160573.5318647,168261352.53761375,100178909.9252959,145197658410.54047,-28562109393.67652,-12381726837.50454,58916.2914579861
46,2020,3,8,7,14,41.97,6239172.4969999995,-17886901.716000002,18724747.071999997,2539.48077,2487.29771,1511.92921,2020-03-08 07:14:41.970,-303652386.4633549,167463364.9106628,99887438.09541811,145203708290.71307,-28537974456.786835,-12371263734.54301,58916.30187465277
46,2020,3,8,7,29,41.97,8464963.428,-15502082.297999999,19921805.948000003,2399.64299,2804.8192799999997,1144.33001,2020-03-08 07:29:41.970,-304142110.00648016,166664213.5095524,99595271.0682457,145209753429.81912,-28513838597.23874,-12360800233.913166,58916.31229131943
46,2020,3,8,7,44,41.97,10546159.964,-12852486.147,20778516.215,2218.59564,3074.83595,756.6602399999999,2020-03-08 07:44:41.970,-304629740.0931303,165863903.5488457,99302410.66454713,145215793827.74872,-28489701815.769135,-12350336335.939804,58916.3227079861
46,2020,3,8,7,59,41.97,12446953.899,-9983055.821,21279730.86,1999.29813,3292.62028,355.45432,2020-03-08 07:59:41.970,-305115272.6702939,165062440.25623634,99008858.71213248,145221829484.39188,-28465564113.11478,-12339872040.947643,58916.33312465277
46,2020,3,8,8,14,41.97,14134501.881000001,-6942611.282,21416311.997,1745.3719299999998,3454.29674,-52.48631,2020-03-08 08:14:41.970,-305598703.70012546,164259828.87250346,98714617.0458412,145227860399.63834,-28441425490.012306,-12329407349.261322,58916.34354131943
46,2020,3,8,8,29,41.97,15579498.782,-3783048.58,21185322.325,1461.0486899999999,3556.91656,-460.20277,2020-03-08 08:29:41.970,-306080029.16001105,163456074.6514667,98419687.50752908,145233886573.37805,-28417285947.198204,-12318942261.205383,58916.3539579861
46,2020,3,8,8,44,41.97,16756699.256,-558476.9079999999,20590115.394,1151.10704,3598.5195,-860.6938200000001,2020-03-08 08:44:41.970,-306559245.04263604,162651182.85994035,98124071.94605553,145239908005.501,-28393145485.408825,-12308476777.104324,58916.36437465277
46,2020,3,8,8,59,41.97,17645377.489,2675693.332,19640320.483,820.7985100000001,3578.1807200000003,-1247.03467,2020-03-08 08:59:41.970,-307036347.3560514,161845158.77768734,97827772.21727048,145245924695.897,-28369004105.380337,-12298010897.282541,58916.37479131943
46,2020,3,8,9,14,41.97,18229715.602,5863697.334000001,18351719.451,475.76326,3496.04108,-1612.49792,2020-03-08 09:14:41.970,-307511332.12373877,161038007.69737354,97530790.18400097,145251936644.45575,-28344861807.84886,-12287544622.064373,58916.3852079861
46,2020,3,8,9,29,41.97,18499111.932,8950381.927000001,16746014.677,121.93641,3353.31938,-1950.67425,2020-03-08 09:29:41.970,-307984195.38467914,160229734.92452058,97233127.71603796,145257943851.06717,-28320718593.550293,-12277077951.77406,58916.39562465277
46,2020,3,8,9,44,41.97,18448401.385,11882174.037,14850489.235,-234.55342000000002,3152.30528,-2255.59082,2020-03-08 09:44:41.970,-308454933.1934163,159420345.77745908,96934786.6901227,145263946315.621,-28296574463.22042,-12266610886.73577,58916.40604131943
46,2020,3,8,9,59,41.97,18077981.408,14608033.701,12697562.644,-587.49204,2896.3320000000003,-2521.8244799999998,2020-03-08 09:59:41.970,-308923541.6201238,158609845.58728173,96635768.98993291,145269944038.0071,-28272429417.59493,-12256143427.273619,58916.4164579861
46,2020,3,8,10,14,41.97,17393838.719,17080373.202,10324247.906000001,-930.692,2589.72824,-2744.60745,2020-03-08 10:14:41.970,-309390016.7506711,157798239.6977949,96336076.50606906,145275937018.11487,-28248283457.40931,-12245675573.711622,58916.42687465277
46,2020,3,8,10,29,41.97,16407473.876,19255923.667,7771517.925,-1258.1069,2237.74959,-2919.9226,2020-03-08 10:29:41.970,-309854354.6866878,156985533.46547168,96035711.1360402,145281925255.83432,-28224136583.398956,-12235207326.373716,58916.43729131943
46,2020,3,8,10,44,41.97,15135722.883,21096530.819,5083591.857000001,-1563.9453999999998,1846.48988,-3044.58569,2020-03-08 10:44:41.970,-310316551.5456301,156171732.25940272,95734674.78424996,145287908751.05502,-28199988796.299133,-12224738685.583776,58916.4477079861
46,2020,3,8,10,59,41.97,13600477.417,22569862.498999998,2307154.148,-1842.7820900000002,1422.77397,-3116.3122799999996,2020-03-08 10:59:41.970,-310776603.4608456,155356841.4612481,95432969.36198185,145293887503.66663,-28175840096.844917,-12214269651.665592,58916.45812465277
46,2020,3,8,11,14,41.97,11828307.678,23650012.017,-509478.907,-2089.66255,974.03392,-3133.76715,2020-03-08 11:14:41.970,-311234506.58163756,154540866.46518824,95130596.78738512,145299861513.5586,-28151690485.771297,-12203800224.942894,58916.46854131943
46,2020,3,8,11,29,41.97,9849994.331,24317983.485,-3317228.584,-2300.1998399999998,508.17100999999997,-3096.5946400000003,2020-03-08 11:29:41.970,-311690257.07333124,153723812.67787486,94827558.98545986,145305830780.6207,-28127539963.813126,-12193330405.739311,58916.4789579861
46,2020,3,8,11,44,41.97,7699978.375,24562047.835,-6067141.4180000005,-2470.66002,33.406909999999996,-3005.42873,2020-03-08 11:44:41.970,-312143851.1173367,152905685.51838073,94523857.88804229,145311795304.74237,-28103388531.705112,-12182860194.37842,58916.48937465277
46,2020,3,8,11,59,41.97,5415739.886,24377961.252,-8711276.690000001,-2598.03436,-441.87262,-2861.88249,2020-03-08 11:59:41.970,-312595284.91121465,152086490.41815034,94219495.43378963,145317755085.8131,-28079236190.181835,-12172389591.183702,58916.49979131943
46,2020,3,8,12,14,41.97,3037118.4729999998,23769041.053,-11203575.145000001,-2680.0963699999998,-909.27756,-2668.51703,2020-03-08 12:14:41.970,-313044554.6687399,151266232.82094932,93914473.56816505,145323710123.7223,-28055082939.977737,-12161918596.478584,58916.5102079861
46,2020,3,8,12,29,41.97,605589.686,22746097.565,-13500690.777,-2715.44244,-1360.57314,-2428.79066,2020-03-08 12:29:41.970,-313491656.61996555,150444918.1828139,93608794.24342237,145329660418.35956,-28030928781.82714,-12151447210.586401,58916.52062465277
46,2020,3,8,12,44,41.97,-1836487.358,21327224.062000003,-15562768.56,-2703.5151100000003,-1787.8351400000001,-2146.9898500000004,2020-03-08 12:44:41.970,-313936587.0112874,149622551.97200012,93302459.41859047,145335605969.6141,-28006773716.464233,-12140975433.830423,58916.53104131943
46,2020,3,8,12,59,41.97,-4246635.3719999995,19537450.242,-17354152.470000003,-2644.6087199999997,-2183.5972300000003,-1828.14375,2020-03-08 12:59:41.970,-314379342.105507,148799139.66893217,92995471.05945803,145341546777.37555,-27982617744.62306,-12130503266.533848,58916.5414579861
46,2020,3,8,13,14,41.97,-6583021.521,17408267.873,-18844010.139000002,-2539.85768,-2540.98718,-1477.9248599999999,2020-03-08 13:14:41.970,-314819918.18189514,147974686.76615107,92687831.13855705,145347482841.5329,-27958460867.03754,-12120030709.019787,58916.55187465277
46,2020,3,8,13,29,41.97,-8805201.945,14977039.998,-20006862.735999998,-2391.20813,-2853.8489999999997,-1102.53818,2020-03-08 13:29:41.970,-315258311.5362552,147149198.7682627,92379541.63514763,145353414161.9756,-27934303084.44149,-12109557761.611288,58916.56229131943
46,2020,3,8,13,44,41.97,-10874833.708,12286307.443,-20823011.172,-2201.37414,-3116.84866,-708.60216,2020-03-08 13:44:41.970,-315694518.4809866,146322681.19188562,92070604.53520152,145359340738.59293,-27910144397.56855,-12099084424.631315,58916.5727079861
46,2020,3,8,13,59,41.97,-12756340.923,9383008.142,-21278852.358,-1973.7799499999999,-3325.56189,-303.02395,2020-03-08 13:59:41.970,-316128535.3451471,145495139.56559822,91761021.83138579,145365262571.27393,-27885984807.152298,-12088610698.40278,58916.58312465277
46,2020,3,8,14,14,41.97,-14417523.325,6317626.085,-21367081.834,-1712.49015,-3476.54262,107.12795,2020-03-08 14:14:41.970,-316560358.47451574,144666579.4298861,91450795.5230466,145371179659.90802,-27861824313.926117,-12078136583.248493,58916.59354131943
46,2020,3,8,14,29,41.97,-15830097.239999998,3143287.462,-21086781.632,-1422.1296000000002,-3567.37184,514.75092,2020-03-08 14:29:41.970,-316989984.23165554,143837006.33708858,91139927.61619249,145377092004.38412,-27837662918.623287,-12067662079.49122,58916.6039579861
46,2020,3,8,14,44,41.97,-16970160.714,-85178.208,-20443394.572,-1107.7953400000001,-3596.68659,912.83294,2020-03-08 14:44:41.970,-317417408.995975,143006425.8513454,90828420.12347788,145382999604.5913,-27813500621.977005,-12057187187.453613,58916.61437465277
46,2020,3,8,14,59,41.97,-17818576.432,-3312194.298,-19448588.323,-774.9623300000001,-3564.18963,1294.5725,2020-03-08 14:59:41.970,-317842629.1637907,142174843.54854253,90516275.06418571,145388902460.41873,-27789337424.720272,-12046711907.458294,58916.62479131943
46,2020,3,8,15,14,41.97,-18361267.876999997,-6482393.569,-18120014.441,-429.3852,-3470.64052,1653.49181,2020-03-08 15:14:41.970,-318265641.14838964,141342265.01625836,90203494.46421084,145394800571.7553,-27765173327.58601,-12036236239.827793,58916.6352079861
46,2020,3,8,15,29,41.97,-18589425.920999996,-9541558.695,-16480969.165,-76.99780000000001,-3317.8292699999997,1983.54163,2020-03-08 15:29:41.970,-318686441.3800888,140508695.85370886,89890080.35604271,145400693938.49014,-27741008331.307022,-12025760184.884562,58916.64562465277
46,2020,3,8,15,44,41.97,-18499624.709,-12437531.653,-14559964.08,276.18766,-3108.53374,2279.19655,2020-03-08 15:44:41.970,-319105026.3062993,139674141.67169276,89576034.77874783,145406582560.51196,-27716842436.615948,-12015283742.950989,58916.65604131943
46,2020,3,8,15,59,41.97,-18093847.177,-15121078.053,-12390215.779000001,624.18028,-2846.46234,2535.53957,2020-03-08 15:59:41.970,-319521392.39158523,138838608.09253672,89261359.77795254,145412466437.70963,-27692675644.24532,-12004806914.34939,58916.6664579861
46,2020,3,8,16,14,41.97,-17379421.915,-17546693.847,-10009064.468,961.10762,-2536.1835300000002,2748.33534,2020-03-08 16:14:41.970,-319935536.1177258,138002100.75003934,88946057.40582508,145418345569.97208,-27668507954.92758,-11994329699.40201,58916.67687465277
46,2020,3,8,16,29,41.97,-16368874.286,-19673343.248,-7457332.018,1281.30891,-2183.04375,2914.09138,2020-03-08 16:29:41.970,-320347453.98377556,137164625.28941578,88630129.72105771,145424219957.1879,-27644339369.395027,-11983852098.431007,58916.68729131943
46,2020,3,8,16,44,41.97,-15079695.748,-21465118.106000002,-4778630.352999999,1579.4234099999999,-1793.0752,3030.1071899999997,2020-03-08 16:44:41.970,-320757142.5061248,136326187.36724135,88313578.78884904,145430089599.246,-27620169888.379818,-11973374111.758495,58916.6977079861
46,2020,3,8,16,59,41.97,-13534036.272,-22891810.412,-2018631.277,1850.47282,-1372.89526,3094.51082,2020-03-08 16:59:41.970,-321164598.21856034,135486792.6513955,87996406.68088561,145435954496.03497,-27595999512.61403,-11962895739.70649,58916.70812465277
46,2020,3,8,17,14,41.97,-11758325.489,-23929390.963000003,775691.0410000001,2089.9371100000003,-929.5987799999999,3106.28306,2020-03-08 17:14:41.970,-321569817.6723248,134646446.82100448,87678615.4753237,145441814647.44336,-27571828242.829575,-11952416982.596956,58916.71854131943
46,2020,3,8,17,29,41.97,-9782828.917000001,-24560388.552,3556833.7630000003,2293.82287,-470.64498,3065.2692500000003,2020-03-08 17:29:41.970,-321972797.43617684,133805155.56638482,87360207.2567708,145447670053.35995,-27547656079.758278,-11941937840.751774,58916.7289579861
46,2020,3,8,17,44,41.97,-7641146.178,-24774165.316,6277544.149999999,2458.72377,-3.74004,2972.17874,2020-03-08 17:44:41.970,-322373534.09645057,132962924.58898573,87041184.116267,145453520713.67297,-27523483024.131863,-11931458314.492758,58916.73937465277
46,2020,3,8,17,59,41.97,-5369658.631,-24567085.133,8891592.479999999,2581.8724199999997,463.28301,2828.5724600000003,2020-03-08 17:59:41.970,-322772024.2571143,132119759.60133144,86721548.1512664,145459366628.27094,-27499309076.681885,-11920978404.141651,58916.74979131943
46,2020,3,8,18,14,41.97,-3006934.302,-23942573.112,11354528.367,2661.18334,922.5858999999999,2636.83856,2020-03-08 18:14:41.970,-323168264.5398305,131275666.32696334,86401301.46561785,145465207797.04254,-27475134238.139805,-11910498110.020132,58916.7602079861
46,2020,3,8,18,29,41.97,-593098.385,-22911065.405,13624410.0,2695.2864,1366.44706,2400.15657,2020-03-08 18:29:41.970,-323562251.5840138,130430650.50038138,86080446.16954616,145471044219.87598,-27450958509.237003,-11900017432.449795,58916.77062465277
46,2020,3,8,18,44,41.97,1830822.01,-21489849.735,15662496.065,2683.55057,1787.38233,2122.4504199999997,2020-03-08 18:44:41.970,-323953982.0468898,129584717.86698593,85758984.37963279,145476875896.65955,-27426781890.70469,-11889536371.752184,58916.78104131943
46,2020,3,8,18,59,41.97,4223569.87,-19702798.169999998,17433890.428,2626.09738,2178.2634500000004,1808.3305,2020-03-08 18:59:41.970,-324343452.6035536,128737874.1830185,85436918.21879645,145482702827.2814,-27402604383.27397,-11879054928.248756,58916.7914579861
46,2020,3,8,19,14,41.97,6544337.694,-17579994.894,18908130.006,2523.80381,2532.43271,1463.02542,2020-03-08 19:14:41.970,-324730659.94702685,127890125.2155026,85114249.81627339,145488525011.6298,-27378425987.675903,-11868573102.260912,58916.80187465277
46,2020,3,8,19,29,41.97,8753444.679,-15157262.955,20059706.656999998,2378.29439,2843.81255,1092.30372,2020-03-08 19:29:41.970,-325115600.7883169,127041476.7421845,84790981.30759808,145494342449.593,-27354246704.64133,-11858090894.109966,58916.81229131943
46,2020,3,8,19,44,41.97,10813001.735,-12475595.275,20868514.425,2191.92206,3107.00844,702.38636,2020-03-08 19:44:41.970,-325498271.8564733,126191934.55147305,84467114.83458297,145500155141.05893,-27330066534.901043,-11847608304.117193,58916.8227079861
46,2020,3,8,19,59,41.97,12687554.205,-9580496.617999999,21320214.034,1967.7376900000002,3317.40361,299.85054,2020-03-08 19:59:41.970,-325878669.89864516,125341504.4423799,84142652.54529874,145505963085.91574,-27305885479.185715,-11837125332.603764,58916.83312465277
46,2020,3,8,20,14,41.97,14344691.976,-6521244.622,21406507.32,1709.44811,3471.24388,-108.47413,2020-03-08 20:14:41.970,-326256791.68013823,124490192.22445877,83817596.59405404,145511766284.05136,-27281703538.2259,-11826641979.890804,58916.84354131943
46,2020,3,8,20,29,41.97,15755616.661,-3350079.599,21125315.139,1421.36269,3565.7108599999997,-515.6161000000001,2020-03-08 20:29:41.970,-326632633.9844725,123638003.71774502,83491949.14137523,145517564735.35376,-27257520712.752052,-11816158246.29937,58916.8539579861
46,2020,3,8,20,44,41.97,16895655.609,-121334.307,20480853.439,1108.3286699999999,3598.98182,-914.57748,2020-03-08 20:44:41.970,-327006193.61343664,122784944.75269453,83165712.35398588,145523358439.71063,-27233337003.494484,-11805674132.150434,58916.86437465277
46,2020,3,8,20,59,41.97,17744712.789,3109483.457,19483603.48,775.6556300000001,3570.2744000000002,-1298.4533099999999,2020-03-08 20:59:41.970,-327377467.38714564,121931021.17012227,82838888.40478617,145529147397.00983,-27209152411.183445,-11795189637.764917,58916.87479131943
46,2020,3,8,21,14,41.97,18287647.091,6286641.101,18150173.794999998,429.02985,3479.8746,-1660.55259,2020-03-08 21:14:41.970,-327746452.1440967,121076238.82114103,82511479.47283222,145534931607.1392,-27184966936.54904,-11784704763.46367,58916.8852079861
46,2020,3,8,21,29,41.97,18514569.375,9355148.533,16503053.269,74.4196,3329.14646,-1994.51881,2020-03-08 21:29:41.970,-328113144.74122417,120220603.56709924,82183487.74331509,145540711069.98633,-27160780580.321293,-11774219509.567467,58916.89562465277
46,2020,3,8,21,44,41.97,18421050.625,12261725.504,14570256.763,-282.02743000000004,3120.52227,-2294.44779,2020-03-08 21:44:41.970,-328477542.05395514,119364121.27951902,81854915.40753953,145546485785.4388,-27136593343.23008,-11763733876.397022,58916.90604131943
46,2020,3,8,21,59,41.97,18008234.933,14955751.059,12384866.963,-634.09275,2857.4725399999998,-2555.0000499999996,2020-03-08 21:59:41.970,-328839640.9762649,118506797.84003335,81525764.66290319,145552255753.3842,-27112405226.005234,-11753247864.272984,58916.9164579861
46,2020,3,8,22,14,41.97,17282852.718999997,17390176.577,9984478.457999999,-975.5998099999999,2544.45509,-2771.50518,2020-03-08 22:14:41.970,-329199438.4207311,117648639.14032373,81196037.71287501,145558020973.71002,-27088216229.376427,-11742761473.515936,58916.92687465277
46,2020,3,8,22,29,41.97,16257131.506,19522383.772,7410552.521,-1300.52847,2186.8437,-2940.05553,2020-03-08 22:29:41.970,-329556931.31858844,116789651.0820571,80865736.76697358,145563781446.3036,-27064026354.07324,-11732274704.446388,58916.93729131943
46,2020,3,8,22,44,41.97,14948603.797,21314969.435,4707693.42,-1603.12877,1790.8368699999999,-3057.5864699999997,2020-03-08 22:44:41.970,-329912116.61978334,115929839.57682216,80534864.04074578,145569537171.05237,-27039835600.82516,-11721787557.38478,58916.9477079861
46,2020,3,8,22,59,41.97,13379813.928,22736439.693,1922859.351,-1878.03122,1363.34825,-3121.94103,2020-03-08 22:59:41.970,-330264991.29302686,115069210.5460661,80203421.75574468,145575288147.84357,-27015643970.361588,-11711300032.651516,58916.95812465277
46,2020,3,8,23,14,41.97,11577928.253,23761798.101,-895476.9400000001,-2120.35085,911.88071,-3131.91676,2020-03-08 23:14:41.970,-330615552.3258494,114207769.92103061,79871412.13950795,145581034376.5645,-26991451463.41178,-11700812130.56689,58916.96854131943
46,2020,3,8,23,29,41.97,9574255.456999999,24373014.033,-3698201.159,-2325.78244,444.38673,-3087.2933599999997,2020-03-08 23:29:41.970,-330963796.724653,113345523.64268768,79538837.4255352,145586775857.10223,-26967258080.704926,-11690323851.45116,58916.9789579861
46,2020,3,8,23,44,41.97,7403686.12,24559360.468,-6436446.205,-2490.68435,-30.881639999999997,-2988.83996,2020-03-08 23:44:41.970,-331309721.5147653,112482477.66167517,79205699.8532664,145592512589.3439,-26943063822.970066,-11679835195.624512,58916.98937465277
46,2020,3,8,23,59,41.97,5104062.78,24317613.338,-9062478.186,-2612.14879,-505.52975,-2838.30171,2020-03-08 23:59:41.970,-331653323.74049187,111618637.93823212,78872001.66805899,145598244573.17654,-26918868690.936226,-11669346163.40707,58916.99979131943
46,2020,3,9,0,14,41.97,2715493.381,23652108.067,-11530561.896,-2688.05674,-971.18046,-2638.36584,2020-03-09 00:14:41.970,-331994600.46516824,110754010.4421336,78537745.1211654,145603971808.48715,-26894672685.332245,-11658856755.11889,58917.0102079861
46,2020,3,9,0,29,41.97,279623.441,22574651.496,-13797782.953,-2717.11646,-1419.6329,-2392.60866,2020-03-09 00:29:41.970,-332333548.77121246,109888601.15262581,78202932.46971047,145609694295.16235,-26870475806.886917,-11648366971.07997,58917.02062465277
46,2020,3,9,0,44,41.97,-2161120.0990000004,21104294.007,-15824821.787,-2698.88411,-1843.0174299999999,-2105.42354,2020-03-09 00:44:41.970,-332670165.7601771,109022416.0583598,77867565.97666878,145615412033.08923,-26846278056.32891,-11637876811.610222,58917.03104131943
46,2020,3,9,0,59,41.97,-4564294.205999999,19266964.476,-17576647.628,-2633.76723,-2233.94124,-1781.9337799999998,2020-03-09 00:59:41.970,-333004448.55280006,108155461.15732646,77531647.91084126,145621125022.15445,-26822079434.38679,-11627386277.029526,58917.0414579861
46,2020,3,9,1,14,41.97,-6888201.131,17094979.768,-19023131.642,-2523.01071,-2585.62288,-1427.89144,2020-03-09 01:14:41.970,-333336394.2890567,107287742.45679006,77195180.5468323,145626833262.24472,-26797879941.789093,-11616895367.657673,58917.05187465277
46,2020,3,9,1,29,41.97,-9092629.49,14626439.348,-20139563.092,-2368.66631,-2892.01226,-1049.56524,2020-03-09 01:29:41.970,-333666000.12821025,106419265.9732218,76858166.1650266,145632536753.2464,-26773679579.26415,-11606404083.814402,58917.06229131943
46,2020,3,9,1,44,41.97,-11139560.937,11904519.203,-20907060.811,-2173.54686,-3147.89406,-653.62054,2020-03-09 01:44:41.970,-333993263.2488618,105550037.73223321,76520607.05156542,145638235495.04645,-26749478347.54029,-11595912425.819399,58917.0727079861
46,2020,3,9,1,59,41.97,-12993829.354,8976680.819,-21312874.09,-1941.16686,-3348.97289,-246.99407000000002,2020-03-09 01:59:41.970,-334318180.84900135,104680063.76850955,76182505.49832344,145643929487.53098,-26725276247.345707,-11585420393.992264,58917.08312465277
46,2020,3,9,2,14,41.97,-14623721.049,5893812.113,-21350569.645,-1675.67109,-3491.93917,163.23348,2020-03-09 02:14:41.970,-334640750.14605784,103809350.1257423,75843863.80288461,145649618730.5865,-26701073279.408493,-11574927988.652552,58917.09354131943
46,2020,3,9,2,29,41.97,-16001506.144000001,2709317.961,-21020103.854000002,-1381.75344,-3574.51529,569.9645399999999,2020-03-09 02:29:41.970,-334960968.37694794,102937902.85656187,75504684.26851882,145655303224.09924,-26676869444.456688,-11564435210.11975,58917.1039579861
46,2020,3,9,2,44,41.97,-17103893.178,-521821.89700000006,-20327781.767,-1064.56777,-3595.48194,966.20886,2020-03-09 02:44:41.970,-335278832.7981265,102065728.02247007,75164969.20415734,145660982967.9555,-26652664743.218204,-11553942058.71329,58917.11437465277
46,2020,3,9,2,59,41.97,-17912400.769,-3744009.9839999997,-19286106.482,-729.6331,-3554.68529,1345.2025800000001,2020-03-09 02:59:41.970,-335594340.6856341,101192831.69377188,74824720.92436926,145666657962.04144,-26628459176.42086,-11543448534.752522,58917.12479131943
46,2020,3,9,3,14,41.97,-18413642.036000002,-6901986.242,-17913524.330000002,-382.73487,-3453.02563,1700.5204,2020-03-09 03:14:41.970,-335907489.3351472,100319219.94950765,74483941.7493367,145672328206.243,-26604252744.792404,-11532954638.556768,58917.1352079861
46,2020,3,9,3,29,41.97,-18599519.198000003,-9941765.136,-16234072.841,-29.824340000000003,-3292.4287799999997,2026.17922,2020-03-09 03:29:41.970,-336218276.062025,99444898.87738413,74142634.00483102,145677993700.44647,-26580045449.06051,-11522460370.445257,58917.14562465277
46,2020,3,9,3,44,41.97,-18467327.396,-12811539.666000001,-14276939.754,323.08221,-3075.80143,2316.732,2020-03-09 03:44:41.970,-336526698.20135915,98569874.57370631,73800800.02218758,145683654444.53763,-26555837289.952713,-11511965730.737177,58917.15604131943
46,2020,3,9,3,59,41.97,-18019768.284,-15462538.563,-12075942.336,670.00296,-2806.97196,2567.35086,2020-03-09 03:59:41.970,-336832753.10801923,97694153.14330824,73458442.13828161,145689310438.4022,-26531628268.196507,-11501470719.751648,58917.1664579861
46,2020,3,9,4,14,41.97,-17264875.268,-17849824.274,-9668937.039,1005.0872099999999,-2490.6183300000002,2773.89867,2020-03-09 04:14:41.970,-337136438.1567022,96817740.69948375,73115562.69550316,145694961681.9261,-26507418384.519283,-11490975337.807728,58917.17687465277
46,2020,3,9,4,29,41.97,-16215853.431,-19933020.755000003,-7097170.064,1322.70811,-2132.18448,2932.98869,2020-03-09 04:29:41.970,-337437750.74197775,95940643.36391713,72772164.0417321,145700608174.99493,-26483207639.648323,-11480479585.22442,58917.18729131943
46,2020,3,9,4,44,41.97,-14890838.26,-21676961.526,-4404579.783,1617.55018,-1737.7869699999999,3042.03192,2020-03-09 04:44:41.970,-337736688.27833605,95062867.26661347,72428248.53031327,145706249917.49442,-26458996034.31087,-11469983462.320675,58917.1977079861
46,2020,3,9,4,59,41.97,-13312578.149,-23052249.825999998,-1637062.125,1884.6910599999999,-1314.11329,3099.272,2020-03-09 04:59:41.970,-338033248.2002334,94184418.54582858,72083818.52003087,145711886909.30997,-26434783569.23405,-11459486969.415363,58917.20812465277
46,2020,3,9,5,14,41.97,-11508046.432,-24035724.101,1158289.843,2119.67623,-868.3134,3103.80771,2020-03-09 05:14:41.970,-338327427.96213865,93305303.34799899,71738876.37508367,145717519150.3272,-26410570245.144897,-11448990106.827309,58917.21854131943
46,2020,3,9,5,29,41.97,-9507989.374,-24610823.362999998,3933960.972,2318.58648,-407.88592,3055.60297,2020-03-09 05:29:41.970,-338619225.0385782,92425527.82767147,71393424.46505858,145723146640.43124,-26386356062.77042,-11438492874.875288,58917.2289579861
46,2020,3,9,5,44,41.97,-7346417.103,-24767848.226,6642792.661,2478.0971799999998,59.43964999999999,2955.4848100000004,2020-03-09 05:44:41.970,-338908636.924182,91545098.1474322,71047465.16490614,145728769379.50757,-26362141022.837475,-11427995273.878002,58917.23937465277
46,2020,3,9,5,59,41.97,-5060044.9799999995,-24504114.669,9238754.131,2595.52905,525.8233399999999,2805.12914,2020-03-09 05:59:41.970,-339195661.13372785,90664020.47783631,70701000.85491385,145734387367.44144,-26337925126.07285,-11417497304.154093,58917.24979131943
46,2020,3,9,6,14,41.97,-2687693.3340000003,-23823998.736,11677695.663,2668.8898499999996,983.43641,2607.03488,2020-03-09 06:14:41.970,-339480295.2021864,89782300.99733627,70354033.92068085,145740000604.11768,-26313708373.20331,-11406998966.022165,58917.2602079861
46,2020,3,9,6,29,41.97,-269653.903,-22738871.564,13918073.32,2696.90657,1424.5831799999999,2364.48658,2020-03-09 06:29:41.970,-339762536.6847652,88899945.89221102,70006566.75309145,145745609089.42178,-26289490764.95547,-11396500259.800741,58917.27062465277
46,2020,3,9,6,44,41.97,2152968.3140000002,-21266925.268,15921634.985000001,2679.04785,1841.8215200000002,2081.5058400000003,2020-03-09 06:44:41.970,-340042383.15695226,88016961.35649383,69658601.74828939,145751212823.23828,-26265272302.0559,-11386001185.808302,58917.28104131943
46,2020,3,9,6,59,41.97,4538928.736,-19432891.395999998,17654057.816,2615.5360299999998,2228.08086,1762.79202,2020-03-09 06:59:41.970,-340319832.21456033,87133353.5919012,69310141.30765116,145756811805.45227,-26241052985.2311,-11375501744.363264,58917.2914579861
46,2020,3,9,7,14,41.97,6847523.02,-17267654.853,19085527.619,2507.34863,2576.77627,1413.65252,2020-03-09 07:14:41.970,-340594881.4737691,86249128.80776013,68961187.83775969,145762406035.9485,-26216832815.20749,-11365001935.783993,58917.30187465277
46,2020,3,9,7,29,41.97,9039263.344,-14807767.443,20191251.018999998,2356.20901,2881.91716,1039.92327,2020-03-09 07:29:41.970,-340867528.571169,85364293.2209363,68611743.75037807,145767995514.6117,-26192611792.711376,-11354501760.388796,58917.31229131943
46,2020,3,9,7,44,41.97,11076541.183,-12094866.512,20951891.831,2164.56567,3138.20925,647.8798999999999,2020-03-09 07:44:41.970,-341137771.16380227,84478853.05576149,68261811.46242252,145773580241.32632,-26168389918.469044,-11344001218.495928,58917.3227079861
46,2020,3,9,7,59,41.97,12924266.415000001,-9175005.553000001,21353923.647,1935.56025,3341.14796,244.14051,2020-03-09 07:59:41.970,-341405606.9292068,83592814.54396072,67911393.39593555,145779160215.97714,-26144167193.206673,-11333500310.423582,58917.33312465277
46,2020,3,9,8,14,41.97,14550472.439,-6097905.109999999,21389891.402000003,1672.98405,3487.10181,-164.43915,2020-03-09 08:14:41.970,-341671033.56545645,82706183.92457962,67560491.97805935,145784735438.44846,-26119943617.650375,-11322999036.489897,58917.34354131943
46,2020,3,9,8,29,41.97,15926876.975,-2916133.866,21058575.634,1381.22306,3573.3839199999998,-570.87694,2020-03-09 08:29:41.970,-341934048.7912023,81818967.44391102,67209109.64100845,145790305908.6247,-26095719192.526176,-11312497397.01295,58917.3539579861
46,2020,3,9,8,44,41.97,17029388.34,315768.639,20365054.261,1065.19179,3598.30992,-968.18054,2020-03-09 08:44:41.970,-342194650.34571505,80931171.35542183,66857248.82204263,145795871626.39005,-26071493918.56007,-11301995392.310791,58917.36437465277
46,2020,3,9,8,59,41.97,17838547.274,3542214.628,19320658.09,730.25631,3561.2404899999997,-1349.46708,2020-03-09 08:59:41.970,-342452835.9889239,80042801.91967924,66504911.96343954,145801432591.6287,-26047267796.477955,-11291493022.701384,58917.37479131943
46,2020,3,9,9,14,41.97,18339894.978,6707521.485,17942817.858,382.14741000000004,3462.60696,-1708.08421,2020-03-09 09:14:41.970,-342708603.5014579,79153865.40427728,66152101.51246731,145806988804.22482,-26023040827.00564,-11280990288.502653,58917.3852079861
46,2020,3,9,9,29,41.97,18524258.774,9756879.979,16254802.463,26.86459,3303.91844,-2037.7304600000002,2020-03-09 09:29:41.970,-342961950.68468535,78264368.08376251,65798819.921357,145812540264.06238,-25998813010.86888,-11270487190.032467,58917.39562465277
46,2020,3,9,9,44,41.97,18387947.934,12637320.157,14285350.112,-329.42735,3087.74935,-2332.57244,2020-03-09 09:44:41.970,-343212875.3607537,77374316.23956001,65445069.64727474,145818086971.02518,-25974584348.79339,-11259983727.608639,58917.40604131943
46,2020,3,9,9,59,41.97,17932853.597000003,15298656.875,12068196.355,-680.50766,2817.70652,-2587.35628,2020-03-09 09:59:41.970,-343461375.37262756,76483716.1598991,65090853.15229415,145823628924.99722,-25950354841.504776,-11249479901.548937,58917.4164579861
46,2020,3,9,10,14,41.97,17166448.413,17694396.395,9641505.377,-1020.2127899999999,2498.37558,-2797.5107700000003,2020-03-09 10:14:41.970,-343707448.5841286,75592574.13973843,64736172.903368235,145829166125.8621,-25926124489.72859,-11238975712.171068,58917.42687465277
46,2020,3,9,10,29,41.97,16101683.526999999,19782585.445,7047213.324999999,-1342.55094,2135.24681,-2959.23925,2020-03-09 10:29:41.970,-343951092.8799737,74700896.48069158,64381031.372301444,145834698573.50354,-25901893294.190342,-11228471159.79269,58917.43729131943
46,2020,3,9,10,44,41.97,14756782.746000001,21526584.627,4330294.8319999995,-1641.81555,1734.62133,-3069.59797,2020-03-09 10:44:41.970,-344192306.165812,73808689.49095187,64025431.03572128,145840226267.805,-25877661255.61544,-11217966244.731411,58917.4477079861
46,2020,3,9,10,59,41.97,13154936.099000001,22895749.117,1537966.115,-1912.6949399999999,1303.49922,-3126.55832,2020-03-09 10:59:41.970,-344431086.3682635,72915959.48521699,63669374.3750503,145845749208.65015,-25853428374.729244,-11207460967.304789,58917.45812465277
46,2020,3,9,11,14,41.97,11323897.472000001,23866001.236,-1281160.026,-2150.37538,849.45154,-3129.05119,2020-03-09 11:14:41.970,-344667431.43495566,72022712.78461425,63312863.87647744,145851267395.92203,-25829194652.25707,-11196955327.83031,58917.46854131943
46,2020,3,9,11,29,41.97,9295493.452000001,24420281.689,-4077950.44,-2350.63489,380.47916999999995,-3076.9918199999997,2020-03-09 11:29:41.970,-344901339.3345608,71128955.71662447,62955902.03092965,145856780829.5042,-25804960088.924137,-11186449326.625435,58917.4789579861
46,2020,3,9,11,44,41.97,7105052.800000001,24548868.975,-6803641.078,-2509.92544,-95.1384,-2971.28422,2020-03-09 11:44:41.970,-345132808.0568313,70234694.61500615,62598491.334043145,145862289509.27963,-25780724685.45564,-11175942964.00757,58917.48937465277
46,2020,3,9,11,59,41.97,4790768.057,24249559.560000002,-9410721.159999998,-2625.4412399999997,-569.00066,-2813.80499,2020-03-09 11:59:41.970,-345361835.61263686,69339935.81972021,62240634.28613459,145867793435.13156,-25756488442.5767,-11165436240.294062,58917.49979131943
46,2020,3,9,12,14,41.97,2393002.548,23527704.803,-11853793.504999999,-2695.17155,-1032.74615,-2607.3666700000003,2020-03-09 12:14:41.970,-345588420.0339999,68444685.67685322,61882333.39217238,145873292606.9428,-25732251361.01234,-11154929155.802206,58917.5102079861
46,2020,3,9,12,29,41.97,-46442.661,22396104.154,-14090393.118,-2717.9366800000003,-1478.21116,-2355.66181,2020-03-09 12:29:41.970,-345812559.37412965,67548950.53854138,61523591.16174748,145878787024.5965,-25708013441.48758,-11144421710.849262,58917.52062465277
46,2020,3,9,12,44,41.97,-2485086.3869999996,20874757.613,-16081747.265,-2693.40659,-1897.5831,-2063.1892199999998,2020-03-09 12:44:41.970,-346034251.70745903,66652736.76289411,61164410.10904445,145884276687.9751,-25683774684.72735,-11133913905.752422,58917.53104131943
46,2020,3,9,12,59,41.97,-4880533.744,18990483.831,-17793461.897,-2622.1017899999997,-2283.54519,-1735.16441,2020-03-09 12:59:41.970,-346253495.12967694,65756050.71391724,60804792.75281199,145889761596.9617,-25659535091.456535,-11123405740.828848,58917.5414579861
46,2020,3,9,13,14,41.97,-7191235.606000001,16776413.261000002,-19196121.364,-2505.37712,-2629.40894,-1377.41687,2020-03-09 13:14:41.970,-346470287.7577635,64858898.76143628,60444741.61633392,145895241751.4386,-25635294662.399975,-11112897216.395638,58917.55187465277
46,2020,3,9,13,29,41.97,-9377226.007,14271368.421,-20265790.678,-2345.3891399999998,-2929.2320799999998,-996.27675,2020-03-09 13:29:41.970,-346684627.7300238,63961287.28101938,60084259.22739943,145900717151.2885,-25611053398.28242,-11102388332.76984,58917.56229131943
46,2020,3,9,13,44,41.97,-11400823.286,11519145.535,-20984412.152000003,-2145.04841,-3177.91956,-598.4539199999999,2020-03-09 13:44:41.970,-346896513.20612055,63063222.65390024,59723348.11827368,145906187796.39365,-25586811299.828613,-11091879090.268475,58917.5727079861
46,2020,3,9,13,59,41.97,-13227282.129999999,8567713.456,-21340090.839,-1907.95836,-3371.30609,-190.91232,2020-03-09 13:59:41.970,-347105942.36710703,62164711.26690071,59362010.82566812,145911653686.63663,-25562568367.76321,-11081369489.208506,58917.58312465277
46,2020,3,9,14,14,41.97,-14825385.205,5468346.92,-21327265.821000002,-1638.34252,-3506.2194400000003,219.25765,2020-03-09 14:14:41.970,-347312913.4154599,61265759.51235328,59000249.89071058,145917114821.8993,-25538324602.81082,-11070859529.906828,58917.59354131943
46,2020,3,9,14,29,41.97,-16167964.806,2274711.784,-20946766.827,-1340.96211,-3580.52383,624.9658900000001,2020-03-09 14:29:41.970,-347517424.575111,60366373.78802353,58638067.85891559,145922571202.06406,-25514080005.69602,-11060349212.680317,58917.6039579861
46,2020,3,9,14,44,41.97,-17232346.783,-958079.954,-20205758.026,-1021.02607,-3593.14373,1019.2461900000001,2020-03-09 14:44:41.970,-347719474.0914786,59466560.497032255,58275467.28015421,145928022827.01282,-25489834577.143295,-11049838537.845793,58917.61437465277
46,2020,3,9,14,59,41.97,-18000710.86,-4174427.8350000004,-19117572.817,-684.09557,-3544.06842,1395.37452,2020-03-09 14:59:41.970,-347919060.2314992,58566326.04777736,57912450.70862403,145933469696.62744,-25465588317.877132,-11039327505.720032,58917.62479131943
46,2020,3,9,15,14,41.97,-18460363.256,-7319196.45,-17701445.3,-335.98496,-3434.3383099999996,1746.98006,2020-03-09 15:14:41.970,-348116181.28365815,57665676.8538559,57549020.702818826,145938911810.79,-25441341228.62193,-11028816116.619751,58917.6352079861
46,2020,3,9,15,29,41.97,-18603919.267,-10338648.797,-15982145.594,17.33901,-3266.01406,2068.14763,2020-03-09 15:29:41.970,-348310835.5580199,56764619.33398576,57185179.8254984,145944349169.38196,-25417093310.102074,-11018304370.86164,58917.64562465277
46,2020,3,9,15,44,41.97,-18429395.044,-13181344.649999999,-13989527.4,369.85789,-3042.12993,2353.51011,2020-03-09 15:44:41.970,-348503021.3862578,55863159.91192724,56820930.64365811,145949781772.28503,-25392844563.041866,-11007792268.762337,58917.65604131943
46,2020,3,9,15,59,41.97,-17940209.314,-15798990.378,-11757997.191,715.60074,-2766.63282,2598.3299899999997,2020-03-09 15:59:41.970,-348692737.12168455,54961305.01640433,56456275.72849826,145955209619.3807,-25368594988.165577,-10997279810.63843,58917.6664579861
46,2020,3,9,16,14,41.97,-17145097.062,-18147228.006,-9325915.151999999,1048.74031,-2444.3084599999997,2798.5694200000003,2020-03-09 16:14:41.970,-348879981.1392801,54059061.08102615,56091217.65539365,145960632710.55045,-25344344586.197433,-10986766996.80646,58917.67687465277
46,2020,3,9,16,29,41.97,-16057938.383000001,-20186352.725,-6734938.494,1363.68522,-2080.69648,2950.94817,2020-03-09 16:29:41.970,-349064751.83572143,53156434.544208005,55725759.00386274,145966051045.67557,-25320093357.861664,-10976253827.582949,58917.68729131943
46,2020,3,9,16,44,41.97,-14697506.714,-21881949.497,-4029318.116,1655.1667699999998,-1681.99582,3052.9893,2020-03-09 16:44:41.970,-349247047.62941015,52253431.849092275,55359902.3575367,145971464624.63733,-25295841303.882362,-10965740303.284332,58917.6977079861
46,2020,3,9,16,59,41.97,-13087141.551,-23205440.775,-1255159.7719999999,1918.3197599999999,-1254.96202,3103.05235,2020-03-09 16:59:41.970,-349426866.9605009,51350059.443469495,54993650.30412886,145976873447.31683,-25271588424.98365,-10955226424.227045,58917.70812465277
46,2020,3,9,17,14,41.97,-11254351.499,-24134538.746,1540339.059,2148.75641,-806.79804,3100.35414,2020-03-09 17:14:41.970,-349604208.2909285,50446323.779698916,54627005.43540326,145982277513.59503,-25247334721.88958,-10944712190.727463,58917.71854131943
46,2020,3,9,17,29,41.97,-9230354.148,-24653596.794,4309665.401000001,2342.6327100000003,-345.03972999999996,3044.9771299999998,2020-03-09 17:29:41.970,-349779070.1044354,49542231.31462904,54259970.347143814,145987676823.3528,-25223080195.324165,-10934197603.101896,58917.7289579861
46,2020,3,9,17,44,41.97,-7049559.859,-24753856.196000002,7005769.078000001,2496.7066299999997,122.5623,2937.86566,2020-03-09 17:44:41.970,-349951450.9065978,48637788.50951809,53892547.639123,145993071376.4712,-25198824846.011402,-10923682661.66665,58917.73937465277
46,2020,3,9,17,59,41.97,-4749007.001,-24433585.213999998,9582832.173,2608.3877,588.16337,2780.81013,2020-03-09 17:59:41.970,-350121349.2248522,47733001.829954445,53524739.91507058,145998461172.83075,-25174568674.67522,-10913167366.73797,58917.74979131943
46,2020,3,9,18,14,41.97,-2367756.639,-23698109.0,11997018.980999999,2675.77746,1043.94652,2576.41951,2020-03-09 18:14:41.970,-350288763.6085214,46827877.74577672,53156549.78264208,146003846212.31204,-25150311682.03953,-10902651718.632061,58917.7602079861
46,2020,3,9,18,29,41.97,53744.931000000004,-22559729.832000002,14207196.035999998,2697.7004199999997,1482.24417,2328.08239,2020-03-09 18:29:41.970,-350453692.6288393,45922422.73099389,52787979.85338754,146009226494.7956,-25126053868.828205,-10892135717.665077,58917.77062465277
46,2020,3,9,18,44,41.97,2474327.054,-21037538.400000002,16175612.066,2673.72504,1895.6584,2039.9169000000002,2020-03-09 18:44:41.970,-350616134.8789762,45016643.26370522,52419032.74271962,146014602020.16187,-25101795235.765068,-10881619364.153154,58917.78104131943
46,2020,3,9,18,59,41.97,4852769.887,-19157117.993,17868528.042000003,2604.1744599999997,2277.1784199999997,1716.71,2020-03-09 18:59:41.970,-350776088.9740635,44110545.82602001,52049711.06988213,146019972788.29102,-25077535783.573914,-10871102658.412374,58917.7914579861
46,2020,3,9,19,14,41.97,7148484.434,-16950144.658,19256787.863,2490.1265399999997,2620.29404,1363.84636,2020-03-09 19:14:41.970,-350933553.5512172,43204136.90397739,51680017.45791819,146025338799.06354,-25053275512.97851,-10860585600.758776,58917.80187465277
46,2020,3,9,19,29,41.97,9322187.736,-14453887.672,20316320.644,2333.4029699999996,2919.1034999999997,987.2275099999999,2020-03-09 19:29:41.970,-351088527.2695624,42297422.98746595,51309954.533638336,146030700052.35925,-25029014424.702606,-10850068191.508356,58917.81229131943
46,2020,3,9,19,44,41.97,11336563.213,-11710615.965000002,21028566.071000002,2136.5471500000003,3168.4143599999998,593.18193,2020-03-09 19:44:41.970,-351241008.8102556,41390410.570143245,50939524.92758863,146036056548.05814,-25004752519.469887,-10839550430.977095,58917.8227079861
46,2020,3,9,19,59,41.97,13156895.964,-8766917.549,21380814.949,1902.79066,3363.8356400000002,188.36658,2020-03-09 19:59:41.970,-351390996.8765081,40483106.14935501,50568731.27401858,146041408286.0402,-24980489798.004005,-10829032319.480906,58917.83312465277
46,2020,3,9,20,14,41.97,14751672.716,-5672940.510000001,21366457.816999998,1636.00817,3501.85974,-220.33873,2020-03-09 20:14:41.970,-351538490.1936083,39575516.22605446,50197576.210849024,146046755266.18512,-24956226261.02864,-10818513857.335688,58917.84354131943
46,2020,3,9,20,29,41.97,16093136.071999999,-2481565.6199999996,20985135.474,1340.6610400000002,3579.93217,-625.94344,2020-03-09 20:29:41.970,-351683487.5089434,38667647.30472167,49826062.37963982,146052097488.37247,-24931961909.267387,-10807995044.857275,58917.8539579861
46,2020,3,9,20,44,41.97,17157782.887000002,752477.754,20242786.435000002,1021.72963,3596.5075,-1021.4629799999999,2020-03-09 20:44:41.970,-351825987.5920214,37759505.893282466,49454192.42555777,146057434952.4821,-24907696743.443813,-10797475882.361483,58917.86437465277
46,2020,3,9,20,59,41.97,17926796.909,3973539.207,19151587.703,684.635,3551.08975,-1400.03877,2020-03-09 20:59:41.970,-351965989.23449165,36851098.50302749,49081968.99734407,146062767658.39316,-24883430764.281494,-10786956370.164082,58917.87479131943
46,2020,3,9,21,14,41.97,18386406.404000003,7126003.571,17729786.918,335.15065,3444.25555,-1755.05926,2020-03-09 21:14:41.970,-352103491.25016534,35942431.64853086,48709394.747281834,146068095605.9851,-24859163972.50396,-10776436508.58082,58917.8852079861
46,2020,3,9,21,29,41.97,18528158.33,10155259.770000001,16001425.787,-20.694460000000003,3277.65873,-2080.28008,2020-03-09 21:29:41.970,-352238492.47503674,35033511.84756916,48336472.33116368,146073418795.1373,-24834896368.8347,-10765916297.927395,58917.89562465277
46,2020,3,9,21,44,41.97,18349101.742,13008664.958999999,13995956.828,-376.72031,3054.0151,-2369.9405800000004,2020-03-09 21:44:41.970,-352370991.76730186,34124345.62104019,47963204.40825898,146078737225.72864,-24810627953.997223,-10755395738.519466,58917.90604131943
46,2020,3,9,21,59,41.97,17851874.572,15636485.826,11747757.731,-726.70589,2777.0667900000003,-2618.87436,2020-03-09 21:59:41.970,-352500988.0073776,33214939.492881216,47589593.641281195,146084050897.6383,-24786358728.714954,-10744874830.672655,58917.9164579861
46,2020,3,9,22,14,41.97,17044689.663000003,17992798.425,9295550.010000002,-1064.50262,2451.52581,-2822.61096,2020-03-09 22:14:41.970,-352628480.09792227,32305299.989987873,47215642.696355045,146089359810.74515,-24762088693.711357,-10734353574.702572,58917.92687465277
46,2020,3,9,22,29,41.97,15941217.955,20036328.001999997,6681731.081,-1384.1490299999998,2082.9972,-2977.46611,2020-03-09 22:29:41.970,-352753466.9638519,31395433.642132446,46841354.242983796,146094663964.92807,-24737817849.709835,-10723831970.924759,58917.93729131943
46,2020,3,9,22,44,41.97,14560368.979,21731210.777,3951631.243,-1679.98387,1677.88271,-3080.61798,2020-03-09 22:44:41.970,-352875947.5523605,30485346.981882107,46466730.95401612,146099963360.06558,-24713546197.433804,-10713310019.654745,58917.9477079861
46,2020,3,9,22,59,41.97,12925971.204,23047660.823,1152709.213,-1946.75508,1243.26651,-3130.1671,2020-03-09 22:59:41.970,-352995920.83293533,29575046.544517368,46091775.50561327,146105257996.03647,-24689273737.60661,-10702787721.208015,58917.95812465277
46,2020,3,9,23,14,41.97,11066357.242,23962526.897,-1666298.2079999999,-2179.72178,786.78535,-3125.1780999999996,2020-03-09 23:14:41.970,-353113385.79737544,28664538.86795015,45716490.57721578,146110547872.71902,-24665000470.951626,-10692265075.900036,58917.96854131943
46,2020,3,9,23,29,41.97,9013861.382,24459726.352,-4456255.274,-2374.74672,316.48579,-3065.70181,2020-03-09 23:29:41.970,-353228341.4598087,27753830.49264195,45340878.85151058,146115832989.99182,-24640726398.1922,-10681742084.046211,58917.9789579861
46,2020,3,9,23,44,41.97,6804239.155,24530546.033,-7168517.146,-2528.37668,-159.32807,-2952.77684,2020-03-09 23:44:41.970,-353340786.85670614,26842927.961521972,44964943.014397316,146121113347.73312,-24616451520.051643,-10671218745.961943,58917.98937465277
46,2020,3,9,23,59,41.97,4476020.727,24173803.206,-9755811.883,-2637.9088199999997,-632.2527,-2788.41057,2020-03-09 23:59:41.970,-353450721.0469001,25931837.819904946,44588685.754955634,146126388945.82083,-24592175837.25327,-10660695061.962584,58917.99979131943
46,2020,3,10,0,14,41.97,2069811.5950000002,23395863.239,-12173096.543,-2701.44123,-1093.94532,-2575.5397000000003,2020-03-10 00:14:41.970,-353558143.1115978,25020566.615409266,44212109.765411355,146131659784.13324,-24567899350.52038,-10650171032.363455,58918.0102079861
46,2020,3,10,0,29,41.97,-372444.91099999996,22210512.458,-14378366.827,-2717.9068599999996,-1536.28186,-2317.97201,2020-03-10 00:29:41.970,-353663052.1543973,24109120.897874597,43835217.741103135,146136925862.5482,-24543622060.576252,-10639646657.479847,58918.02062465277
46,2020,3,10,0,44,41.97,-2808227.312,20638693.67,-16333410.782000002,-2687.0893800000003,-1951.50965,-2020.3099,2020-03-10 00:44:41.970,-353765447.3013012,23197507.21927989,43458012.38044903,146142187180.94345,-24519343968.144154,-10629121937.627012,58918.03104131943
46,2020,3,10,0,59,41.97,-5195202.505,18708105.69,-18004482.069000002,-2609.62201,-2332.39032,-1687.85921,2020-03-10 00:59:41.970,-353865327.70073146,22285732.133661028,43080496.38491279,146147443739.1969,-24495065073.94735,-10618596873.120195,58918.0414579861
46,2020,3,10,1,14,41.97,-7491983.236,16452680.864000002,-19362887.388,-2486.96893,-2672.33053,-1326.52478,2020-03-10 01:14:41.970,-353962692.5235422,21373802.197028562,42702672.45897043,146152695537.18613,-24470785378.709076,-10608071464.27459,58918.05187465277
46,2020,3,10,1,29,41.97,-9658861.531000001,13911951.267,-20385474.695,-2321.3906199999997,-2965.4976899999997,-942.69588,2020-03-10 01:29:41.970,-354057540.9630333,20461723.967285212,42324543.3100762,146157942574.7884,-24446504883.15258,-10597545711.405355,58918.06229131943
46,2020,3,10,1,44,41.97,-11658504.076,11130318.359000001,-21055014.876000002,-2115.89422,-3206.91846,-543.12456,2020-03-10 01:44:41.970,-354149872.2349627,19549504.004143715,41946111.64862907,146163184851.88135,-24422223588.001083,-10587019614.827635,58918.0727079861
46,2020,3,10,1,59,41.97,-13456596.901,8156242.201,-21360471.7,-1874.17076,-3392.55878,-134.79952,2020-03-10 01:59:41.970,-354239685.57755953,18637148.86904404,41567380.187938794,146168422368.3421,-24397941493.977818,-10576493174.85654,58918.08312465277
46,2020,3,10,2,14,41.97,-15022428.269,5041367.371,-21297157.406,-1600.52096,-3519.38447,275.18147999999997,2020-03-10 02:14:41.970,-354326980.2515344,17724665.125071216,41188351.64419196,146173655124.04785,-24373658601.80599,-10565966391.807138,58918.09354131943
46,2020,3,10,2,29,41.97,-16329400.449000001,1839603.262,-20866773.775000002,-1299.77176,-3585.40194,679.73807,2020-03-10 02:29:41.970,-354411755.5400921,16812059.336872507,40809028.7364181,146178883118.8758,-24349374912.208817,-10555439265.9945,58918.1039579861
46,2020,3,10,2,44,41.97,-17355462.895,-1393823.447,-20077340.772,-977.18543,-3589.67938,1071.93031,2020-03-10 02:44:41.970,-354494010.7489419,15899338.070575029,40429414.18645567,146184106352.70276,-24325090425.909496,-10544911797.73362,58918.11437465277
46,2020,3,10,2,59,41.97,-18083461.148,-4603326.731,-18943016.88,-638.36354,-3532.34885,1445.0759799999998,2020-03-10 02:59:41.970,-354573745.20630777,14986507.89370296,40049510.71891781,146189324825.40558,-24300805143.63125,-10534383987.339516,58918.12479131943
46,2020,3,10,3,14,41.97,-18501397.647,-7733912.782000001,-17483817.002,-289.14754999999997,-3414.5902100000003,1792.86066,2020-03-10 03:14:41.970,-354650958.262939,14073575.375095114,39669321.061158486,146194538536.8609,-24276519066.097244,-10523855835.127138,58918.1352079861
46,2020,3,10,3,29,41.97,-18602602.277000003,-10732109.382000001,-15725235.279000001,64.48205,-3238.5980600000003,2109.43875,2020-03-10 03:29:41.970,-354725649.2921188,13160547.084821997,39288847.943238094,146199747486.9455,-24252232194.030697,-10513327341.41144,58918.14562465277
46,2020,3,10,3,44,41.97,-18385812.136,-13546858.389999999,-13697781.369,416.5064,-3007.53308,2389.52451,2020-03-10 03:44:41.970,-354797817.689675,12247429.594103327,38908094.09788919,146204951675.53577,-24227944528.154793,-10502798506.507326,58918.15604131943
46,2020,3,10,3,59,41.97,-17855161.41,-16130357.977,-11436439.700000001,760.9671099999999,-2725.45926,2628.47214,2020-03-10 03:59:41.970,-354867462.8739864,11334229.475225164,38527062.26048234,146210151102.50812,-24203656069.19274,-10492269330.729687,58918.1664579861
46,2020,3,10,4,14,41.97,-17020083.552,-18438842.562999997,-8980061.868999999,1092.06205,-2397.2685500000002,2822.3441399999997,2020-03-10 04:14:41.970,-354934584.2859932,10420953.301457165,38145755.16899156,146215345767.73895,-24179366817.86775,-10481739814.39338,58918.17687465277
46,2020,3,10,4,29,41.97,-15895129.115,-20433289.887,-6370702.9,1404.23684,-2028.5944800000002,2967.96764,2020-03-10 04:29:41.970,-354999181.3892031,9507607.646969842,37764175.563960165,146220535671.10425,-24155076774.902985,-10471209957.81323,58918.18729131943
46,2020,3,10,4,44,41.97,-14499703.582,-22080045.997,-3652912.366,1692.27099,-1625.71643,3062.9783599999996,2020-03-10 04:44:41.970,-355061253.66969955,8594199.086751778,37382326.188466005,146225720812.48013,-24130785941.021675,-10460679761.304066,58918.1977079861
46,2020,3,10,4,59,41.97,-12857730.390999999,-23351360.412,-872991.538,1951.35786,-1195.45599,3105.85214,2020-03-10 04:59:41.970,-355120800.636148,7680734.196526759,37000209.788087204,146230901191.74252,-24106494316.94703,-10450149225.180658,58918.20812465277
46,2020,3,10,5,14,41.97,-10997245.113000002,-24225825.013,1921772.222,2177.17757,-745.06691,3095.92396,2020-03-10 05:14:41.970,-355177821.8198032,6767219.55267102,36617829.11086745,146236076808.7672,-24082201903.402252,-10439618349.75778,58918.21854131943
46,2020,3,10,5,29,41.97,-8949927.354,-24688711.552,4683882.645,2365.96234,-282.12010999999995,3033.3947000000003,2020-03-10 05:29:41.970,-355232316.77451354,5853661.7321303105,36235186.907281466,146241247663.43,-24057908701.11056,-10429087135.350164,58918.2289579861
46,2020,3,10,5,44,41.97,-6750577.532000001,-24732203.95,7366412.3,2514.55363,185.61496,2919.32565,2020-03-10 05:44:41.970,-355284285.07672787,4940067.312337212,35852285.930200376,146246413755.60657,-24033614710.79519,-10418555582.272518,58918.23937465277
46,2020,3,10,5,59,41.97,-4436546.137999999,-24355522.724,9923770.027,2620.45047,650.29115,2755.62113,2020-03-10 05:59:41.970,-355333726.3255004,4026442.8711281503,35469128.93485679,146251575085.17218,-24009319933.179363,-10408023690.839529,58918.24979131943
46,2020,3,10,6,14,41.97,-2047123.541,-23564940.097999997,12312447.413,2681.84873,1104.10546,2544.99935,2020-03-10 06:14:41.970,-355380640.14249474,3112794.9866606737,35085718.678810395,146256731652.0024,-23985024368.98633,-10397491461.365877,58918.2602079861
46,2020,3,10,6,29,41.97,377101.24,-22373685.502,14491733.941,2697.67077,1539.4206,2290.95195,2020-03-10 06:29:41.970,-355425026.1719881,2199130.237330451,34702057.92191296,146261883455.97253,-23960728018.939346,-10386958894.166199,58918.27062465277
46,2020,3,10,6,44,41.97,2794903.96,-20801742.294,16424390.685999999,2667.58506,1948.88491,1997.69245,2020-03-10 06:44:41.970,-355466884.0808755,1285455.2016886212,34318149.42627353,146267030496.95755,-23936430883.76167,-10376425989.55512,58918.28104131943
46,2020,3,10,6,59,41.97,5165101.649999999,-18875537.762,18077272.799,2592.01552,2325.5494099999996,1670.0940500000002,2020-03-10 06:59:41.970,-355506213.55867255,371776.458358799,33933995.956223555,146272172774.8326,-23912132964.176575,-10365892747.84725,58918.2914579861
46,2020,3,10,7,14,41.97,7447232.714,-16627529.606,19421891.364,2472.14014,2662.9805100000003,1313.61716,2020-03-10 07:14:41.970,-355543014.31751776,-541899.4140456107,33549600.278282028,146277310289.47263,-23887834260.907368,-10355359169.357159,58918.30187465277
46,2020,3,10,7,29,41.97,9602230.85,-14095693.432,20434905.642,2309.87858,2955.36707,934.2273,2020-03-10 07:29:41.970,-355577286.09217614,-1455565.8370043186,33164965.161120508,146282443040.7525,-23863534774.677334,-10344825254.39941,58918.31229131943
46,2020,3,10,7,44,41.97,11593082.790000001,-11322917.071,21098537.285,2107.86859,3197.62012,538.3039,2020-03-10 07:44:41.970,-355609028.6400403,-2369216.2321729134,32780093.375528138,146287571028.54675,-23839234506.209793,-10334291003.28855,58918.3227079861
46,2020,3,10,7,59,41.97,13385459.615,-8356308.988000001,21400898.705,1869.43086,3385.46375,132.54091000000003,2020-03-10 07:59:41.970,-355638241.7411311,-3282844.021465685,32394987.69437662,146292694252.73013,-23814933456.228096,-10323756416.339098,58918.33312465277
46,2020,3,10,8,14,41.97,14948311.342999998,-5246429.519,21336228.62,1598.5224799999999,3515.51547,-276.15992,2020-03-10 08:14:41.970,-355664925.19810027,-4196442.627138271,32009650.89258515,146297812713.17715,-23790631625.45557,-10313221493.865551,58918.34354131943
46,2020,3,10,8,29,41.97,16254414.436999999,-2046455.217,20905028.754,1299.67897,3585.35417,-680.80179,2020-03-10 08:29:41.970,-355689078.8362296,-5110005.471870536,31624085.747085307,146302926409.762,-23766329014.6156,-10302686236.1824,58918.3539579861
46,2020,3,10,8,44,41.97,17280862.093,1188711.805,20114096.879,977.94515,3593.57411,-1074.41013,2020-03-10 08:44:41.970,-355710702.50343144,-6023525.978849124,31238295.03678599,146308035342.35907,-23742025624.43157,-10292150643.604095,58918.36437465277
46,2020,3,10,8,59,41.97,18009487.509999998,4403376.102,18976452.827,638.79539,3539.82301,-1450.15289,2020-03-10 08:59:41.970,-355729796.0702485,-6936997.571850341,30852281.542538244,146313139510.84253,-23717721455.626892,-10281614716.445095,58918.37479131943
46,2020,3,10,9,14,41.97,18427210.948,7542007.727999999,17511155.722,288.04423,3424.82287,-1801.46162,2020-03-10 09:14:41.970,-355746359.42985266,-7850413.675322626,30466048.04710001,146318238915.08633,-23693416508.924984,-10271078455.019812,58918.3852079861
46,2020,3,10,9,29,41.97,18526302.268,10550211.404,15743012.661999999,-68.25186,3250.37187,-2122.1512,2020-03-10 09:29:41.970,-355760392.498044,-8763767.714469295,30079597.335101,146323333554.9645,-23669110785.049297,-10260541859.642683,58918.39562465277
46,2020,3,10,9,44,41.97,18304551.805999998,13375688.554,13702181.146000002,-423.89969,3019.32648,-2406.5358300000003,2020-03-10 09:44:41.970,-355771895.2132486,-9677053.115331024,29692932.19300739,146328423430.35077,-23644804284.723316,-10250004930.628075,58918.40604131943
46,2020,3,10,9,59,41.97,17765343.950999998,15969174.018,11423669.886,-772.6800000000001,2735.56301,-2649.53842,2020-03-10 09:59:41.970,-355780867.53651726,-10590263.304868463,29306055.409086566,146333508541.1187,-23620497008.670532,-10239467668.290382,58918.4164579861
46,2020,3,10,10,14,41.97,16917629.529999997,18285328.792,8946745.006,-1108.4613000000002,2403.91837,-2846.79094,2020-03-10 10:14:41.970,-355787309.4515212,-11503391.711044744,28918969.773371805,146338588887.14227,-23596188957.614452,-10228930072.943962,58918.42687465277
46,2020,3,10,10,29,41.97,15775795.207999999,20283570.272,6314251.0940000005,-1425.31446,2030.11051,-2994.72291,2020-03-10 10:29:41.970,-355791220.964551,-12416431.76290797,28531678.07762703,146343664468.2945,-23571880132.27866,-10218392144.903156,58918.43729131943
46,2020,3,10,10,44,41.97,14359430.37,21928822.11,3571858.893,-1717.6255199999998,1620.63958,-3090.6355099999996,2020-03-10 10:44:41.970,-355792602.10451186,-13329376.890673494,28144183.115311332,146348735284.449,-23547570533.386677,-10207853884.4823,58918.4477079861
46,2020,3,10,10,59,41.97,12692994.334999999,23192166.995,767253.5739999999,-1980.20387,1182.67142,-3132.75915,2020-03-10 10:59:41.970,-355791452.922919,-14242220.525806442,27756487.68154376,146353801335.47906,-23523260161.66215,-10197315291.9957,58918.45812465277
46,2020,3,10,11,14,41.97,10805389.284,24051387.517,-2050720.5990000002,-2208.38316,723.90577,-3120.2925499999997,2020-03-10 11:14:41.970,-355787773.49389523,-15154956.101103967,27368594.57306778,146358862621.25766,-23498949017.82869,-10186776367.757675,58918.46854131943
46,2020,3,10,11,29,41.97,8729446.657,24491382.571999997,-4832941.9799999995,-2398.11226,252.432,-3053.42212,2020-03-10 11:29:41.970,-355781563.91416395,-16067577.050777523,26980506.58821594,146363919141.65787,-23474637102.609955,-10176237112.0825,58918.4789579861
46,2020,3,10,11,44,41.97,6501337.038,24504449.633,-7530901.427,-2546.03395,-223.42409999999998,-2933.32064,2020-03-10 11:44:41.970,-355772824.30304503,-16980076.81053504,26592226.526874445,146368970896.55276,-23450324416.729633,-10165697525.284454,58918.48937465277
46,2020,3,10,11,59,41.97,4159915.5609999998,24090426.384,-10097581.766999999,-2649.54922,-695.25896,-2762.1254400000003,2020-03-10 11:59:41.970,-355761554.8024485,-17892448.817663107,26203757.190447684,146374017885.81473,-23426010960.91147,-10155157607.677788,58918.49979131943
46,2020,3,10,12,14,41.97,1746016.493,23256688.665000003,-12488308.42,-2706.86567,-1154.7512900000002,-2542.89634,2020-03-10 12:14:41.970,-355747755.57686913,-18804686.511108987,25815101.381822757,146379060109.31696,-23401696735.87918,-10144617359.576765,58918.5102079861
46,2020,3,10,12,29,41.97,-698288.1579999999,22018005.198,-14661553.542,-2717.02895,-1593.81959,-2279.5546,2020-03-10 12:29:41.970,-355731426.81337816,-19716783.331562832,25426261.905334048,146384097566.93173,-23377381742.356575,-10134076781.295612,58918.52062465277
46,2020,3,10,12,44,41.97,-3130450.3880000003,20396253.049,-16579677.309999999,-2679.93648,-2004.77355,-1976.8046100000001,2020-03-10 12:44:41.970,-355712568.72161835,-20628732.721539404,25037241.566727627,146389130258.5316,-23353065981.06746,-10123535873.14856,58918.53104131943
46,2020,3,10,12,59,41.97,-5508212.481,18420001.04,-18209591.762,-2596.33385,-2380.4555299999997,-1640.04053,2020-03-10 12:59:41.970,-355691181.5337944,-21540528.12546,24648043.17312585,146394158183.9889,-23328749452.735733,-10112994635.44981,58918.5414579861
46,2020,3,10,13,14,41.97,-7790362.219,16123971.296,-19523334.754,-2467.7939800000004,-2714.3694100000002,-1275.24036,2020-03-10 13:14:41.970,-355667265.5046655,-22452162.989734504,24258669.532991745,146399181343.17572,-23304432158.085262,-10102453068.513575,58918.55187465277
46,2020,3,10,13,29,41.97,-9937462.110000001,13548391.627999999,-20498543.976,-2296.6803699999996,-3000.79397,-888.85026,2020-03-10 13:29:41.970,-355640820.91153795,-23363630.762842726,23869123.45609356,146404199735.9645,-23280114097.839954,-10091911172.654041,58918.56229131943
46,2020,3,10,13,44,41.97,-11912538.792,10738253.503,-21118823.59,-2086.0956499999998,-3234.87903,-487.66204000000005,2020-03-10 13:44:41.970,-355611848.05425495,-24274924.895416517,23479407.753469147,146409213362.22702,-23255795272.723797,-10081368948.185385,58918.5727079861
46,2020,3,10,13,59,41.97,-13681720.139999999,7742491.849,-21373998.628000002,-1839.81712,-3412.7228,-78.6868,2020-03-10 13:59:41.970,-355580347.25518787,-25186038.84032084,23089525.237390496,146414222221.83533,-23231475683.460804,-10070826395.421793,58918.58312465277
46,2020,3,10,14,14,41.97,-15214809.252999999,4613103.942,-21260254.882,-1562.22123,-3531.42985,330.97274999999996,2020-03-10 14:14:41.970,-355546318.8592264,-26096966.05273582,22699478.721328028,146419226314.66116,-23207155330.77503,-10060283514.677408,58918.59354131943
46,2020,3,10,14,29,41.97,-16485786.2,1404225.1020000002,-20780164.443,-1258.19894,-3589.14912,734.24833,2020-03-10 14:29:41.970,-355509763.23376775,-27007699.990237743,22309271.01991518,146424225640.57614,-23182834215.39055,-10049740306.266394,58918.6039579861
46,2020,3,10,14,44,41.97,-17473230.316,-1828821.0790000001,-19942599.270999998,-933.06411,-3585.09254,1124.2284499999998,2020-03-10 14:44:41.970,-355470680.7687071,-27918234.11288044,21918904.94891277,146429220199.45187,-23158512338.031487,-10039196770.502895,58918.61437465277
46,2020,3,10,14,59,41.97,-18160657.615,-5030480.595,-18762537.18,-592.45688,-3519.53456,1494.27486,2020-03-10 14:59:41.970,-355429071.87642527,-28828561.883276816,21528383.325173393,146434209991.15985,-23134189699.42204,-10028652907.701044,58918.62479131943
46,2020,3,10,15,14,41.97,-18536769.719,-8145918.342,-17260766.308,-242.24391,-3393.7937699999998,1838.13141,2020-03-10 15:14:41.970,-355384936.99177825,-29738676.766679622,21137708.966605905,146439195015.57156,-23109866300.28643,-10018108718.174973,58918.6352079861
46,2020,3,10,15,29,41.97,-18595612.373,-11121943.201,-15463495.616,111.58248,-3210.1976900000004,2150.0238,2020-03-10 15:29:41.970,-355338276.5720844,-30648572.231062762,20746884.69213977,146444175272.558,-23085542141.348877,-10007564202.238796,58918.64562465277
46,2020,3,10,15,44,41.97,-18336643.214,-13907894.390999999,-13401880.095,463.00480999999996,-2972.03213,2424.7491600000003,2020-03-10 15:44:41.970,-355289091.09711236,-31558241.747202106,20355913.321689505,146449150761.99045,-23061217223.333748,-9997019360.206638,58918.65604131943
46,2020,3,10,15,59,41.97,-17764709.846,-16456475.880000003,-11111470.283,806.07903,-2683.4766600000003,2657.75461,2020-03-10 15:59:41.970,-355237381.0690684,-32467678.78875638,19964797.676119134,146454121483.73993,-23036891546.965355,-9986474192.392595,58918.6664579861
46,2020,3,10,16,14,41.97,-16889940.605,-18724527.022,-8631596.359,1135.02978,-2349.52769,2845.2039600000003,2020-03-10 16:14:41.970,-355183147.01258224,-33376876.832348004,19573540.57720652,146459087437.6773,-23012565112.968136,-9975928699.11079,58918.67687465277
46,2020,3,10,16,29,41.97,-15727551.474,-20673719.011,-6004697.575,1444.3412700000001,-1975.9108,2984.03243,2020-03-10 16:29:41.970,-355126389.4746945,-34285829.35764362,19182144.847607855,146464048623.67337,-22988237922.06652,-9965382880.6753,58918.68729131943
46,2020,3,10,16,44,41.97,-14297573.612,-22271168.166,-3275608.0409999997,1728.84262,-1568.9838599999998,3071.9889,2020-03-10 16:44:41.970,-355067109.0248414,-35194529.84743465,18790613.310822107,146469005041.59882,-22963909974.98502,-9954836737.40022,58918.6977079861
46,2020,3,10,16,59,41.97,-12624506.819,-23489958.419,-490810.075,1983.787,-1135.63238,3107.6657299999997,2020-03-10 16:59:41.970,-355005306.2548412,-36102971.78771778,18398948.79115533,146473956691.32437,-22939581272.448193,-9944290269.59964,58918.70812465277
46,2020,3,10,17,14,41.97,-10736904.959999999,-24309566.792000003,2302333.6829999997,2204.92359,-683.1587900000001,3090.51616,2020-03-10 17:14:41.970,-354940981.77887857,-37011148.66777521,18007154.113685235,146478903572.7203,-22915251815.180637,-9933743477.587645,58918.71854131943
46,2020,3,10,17,29,41.97,-8666900.022,-24716186.904,5056358.218,2388.56187,-219.16684999999998,3020.8592799999997,2020-03-10 17:29:41.970,-354874136.23348844,-37919053.980255015,17615232.104225513,146483845685.657,-22890921603.90701,-9923196361.67831,58918.7289579861
46,2020,3,10,17,44,41.97,-6449672.013,-24702946.823,7724473.146000001,2531.62758,248.55736000000002,2899.87297,2020-03-10 17:44:41.970,-354804770.2775417,-38826681.221250996,17223185.589290366,146488783030.0049,-22866590639.352036,-9912648922.185719,58918.73937465277
46,2020,3,10,17,59,41.97,-4122872.391,-24270018.8,10261327.919,2631.70999,712.16645,2729.57485,2020-03-10 17:59:41.970,-354732884.5922277,-39734023.890382744,16831017.396058906,146493715605.63403,-22842258922.240463,-9902101159.423923,58918.74979131943
46,2020,3,10,18,14,41.97,-1726009.122,-23424619.588,12623754.640999999,2687.0998,1163.87368,2512.79156,2020-03-10 18:14:41.970,-354658479.88103724,-40641075.49087558,16438730.3523397,146498643412.4145,-22817926453.297115,-9891553073.70701,58918.7602079861
46,2020,3,10,18,29,41.97,700198.125,-22180901.198,14771478.128999999,2696.81752,1596.07423,2253.11678,2020-03-10 18:29:41.970,-354581556.86974657,-41547829.529640116,16046327.286535174,146503566450.2161,-22793593233.24689,-9881004665.349045,58918.77062465277
46,2020,3,10,18,44,41.97,3114483.804,-20559733.117,16667783.167000001,2660.63178,2001.4649100000001,1954.85813,2020-03-10 18:44:41.970,-354502116.3063988,-42454279.51735203,15653811.02760611,146508484718.90875,-22769259262.81469,-9870455934.66409,58918.78104131943
46,2020,3,10,18,59,41.97,5475714.132,-18588378.175,18280129.231,2579.0672,2373.16057,1622.97362,2020-03-10 18:59:41.970,-354420158.9612857,-43360418.96853133,15261184.405036183,146513398218.36212,-22744924542.725544,-9859906881.96621,58918.7914579861
46,2020,3,10,19,14,41.97,7743567.044000001,-16300065.467,19580703.325999998,2453.40159,2704.80621,1262.99774,2020-03-10 19:14:41.970,-354335685.6269303,-44266241.401621774,14868450.24879652,146518306948.44592,-22720589073.70447,-9849357507.569471,58918.80187465277
46,2020,3,10,19,29,41.97,9879204.666,-13733464.995000001,20546902.04,2285.65209,2990.68304,880.95817,2020-03-10 19:29:41.970,-354248697.1180666,-45171740.33907014,14475611.38931009,146523210909.02963,-22696252856.47662,-9838807811.787931,58918.81229131943
46,2020,3,10,19,44,41.97,11845928.239999998,-10932070.07,21161734.46,2078.55001,3225.80713,483.28337999999997,2020-03-10 19:44:41.970,-354159194.27162147,-46076909.30740522,14082670.657416414,146528110099.98248,-22671915891.767128,-9828257794.935654,58918.8227079861
46,2020,3,10,19,59,41.97,13609805.276999999,-7943494.887,21414138.257999998,1835.50426,3406.01896,76.70215,2020-03-10 19:59:41.970,-354067177.9466938,-46981741.837316684,13689630.884336082,146533004521.17404,-22647578180.301258,-9817707457.32671,58918.83312465277
46,2020,3,10,20,14,41.97,15140258.594,-4818696.240999999,21299202.071,1560.55318,3528.06218,-331.86395000000005,2020-03-10 20:14:41.970,-353972649.0245356,-47886231.46373391,13296494.901635302,146537894172.47314,-22623239722.804287,-9807156799.27515,58918.84354131943
46,2020,3,10,20,29,41.97,16410606.915000001,-1611129.854,20818288.316999998,1258.30515,3589.64987,-735.41408,2020-03-10 20:29:41.970,-353875608.40853,-48790371.72590483,12903265.541190527,146542779053.74918,-22598900520.001587,-9796605821.09505,58918.8539579861
46,2020,3,10,20,44,41.97,17398546.919,1624146.5829999999,19979051.809,933.86794,3589.5164,-1126.9859,2020-03-10 20:44:41.970,-353776057.02417094,-49694156.16747393,12509945.63515317,146547659164.87088,-22574560572.61859,-9786054523.100471,58918.86437465277
46,2020,3,10,20,59,41.97,18086566.998,4831410.022,18795350.987000003,592.76766,3527.45338,-1499.7761,2020-03-10 20:59:41.970,-353673995.8190419,-50597578.33656108,12116538.015914094,146552534505.70728,-22550219881.380787,-9775502905.605492,58918.87479131943
46,2020,3,10,21,14,41.97,18462283.619999997,7955233.170000001,17287050.288999997,240.85806000000002,3404.32795,-1847.26144,2020-03-10 21:14:41.970,-353569425.7627939,-51500631.78583954,11723045.516068447,146557405076.12708,-22525878447.013718,-9764950968.924166,58918.8852079861
46,2020,3,10,21,29,41.97,18518692.133,10941453.648,15479714.14,-115.7787,3222.08213,-2163.3181499999996,2020-03-10 21:29:41.970,-353462347.84712297,-52403310.07261395,11329470.968380293,146562270875.99884,-22501536270.243034,-9754398713.370571,58918.89562465277
46,2020,3,10,21,44,41.97,18254325.034,13738133.622,13404195.181,-470.93818,2983.7122,-2442.33713,2020-03-10 21:44:41.970,-353352763.0857474,-53305606.7588983,10935817.2057473,146567131905.19122,-22477193351.794422,-9743846139.258793,58918.90604131943
46,2020,3,10,21,59,41.97,17673312.274,16296491.619,11096121.662,-818.40488,2693.2274,-2679.33236,2020-03-10 21:59:41.970,-353240672.5143856,-54207515.41149359,10542087.061165603,146571988163.57257,-22452849692.393654,-9733293246.902905,58918.9164579861
46,2020,3,10,22,14,41.97,16785339.985999998,18571787.852,8595291.386,-1152.06637,2355.5879800000002,-2870.03974,2020-03-10 22:14:41.970,-353126077.1907308,-55109029.6020655,10148283.367694493,146576839651.01147,-22428505292.766544,-9722740036.616999,58918.92687465277
46,2020,3,10,22,29,41.97,15605506.115,20524144.6,5944981.955,-1466.02783,1976.62293,-3011.00378,2020-03-10 22:29:41.970,-353008978.19442946,-56010142.90722165,9754408.958421236,146581686367.37585,-22404160153.639023,-9712186508.715157,58918.93729131943
46,2020,3,10,22,44,41.97,14154073.733,22119283.856,3191189.4280000003,-1754.72442,1562.92866,-3099.6495999999997,2020-03-10 22:44:41.970,-352889376.6270542,-56910848.90858904,9360466.666425977,146586528312.5339,-22379814275.737053,-9701632663.511473,58918.9477079861
46,2020,3,10,22,59,41.97,12456125.235,23329165.784,381809.63100000005,-2013.0287,1121.75026,-3134.33806,2020-03-10 22:59:41.970,-352767273.61208177,-57811141.19289094,8966459.32474655,146591365486.35376,-22355467659.78669,-9691078501.320051,58918.95812465277
46,2020,3,10,23,14,41.97,10541123.121000001,24132513.416,-2434221.889,-2236.35041,660.84785,-3114.40225,2020-03-10 23:14:41.970,-352642670.29486585,-58711013.352023944,8572389.766343389,146596197888.7033,-22331120306.514053,-9680524022.454998,58918.96854131943
46,2020,3,10,23,29,41.97,8442385.429,24515211.4,-5207813.815,-2420.72587,188.35092,-3040.16399,2020-03-10 23:29:41.970,-352515567.84261256,-59610458.98313458,8178260.824064496,146601025519.4504,-22306772216.645348,-9669969227.230417,58918.9789579861
46,2020,3,10,23,44,41.97,6196486.148,24470569.554,-7890608.665,-2562.89495,-287.39587,-2912.92979,2020-03-10 23:44:41.970,-352385967.44435465,-60509471.68869593,7784075.330610399,146605848378.46262,-22282423390.90685,-9659414115.96043,58918.98937465277
46,2020,3,10,23,59,41.97,3842592.8789999997,23999445.162,-10435859.415000001,-2660.36329,-757.99172,-2734.96611,2020-03-10 23:59:41.970,-352253870.3109239,-61408045.07658415,7389836.118499157,146610666465.60767,-22258073830.024906,-9648858688.95916,58918.99979131943
46,2020,3,11,0,14,41.97,1421755.5890000002,23110221.794,-12799275.086,-2711.44845,-1215.13966,-2509.45462,2020-03-11 00:14:41.970,-352119277.67492527,-62306172.760154486,6995546.020031386,146615479780.7531,-22233723534.725967,-9638302946.540741,58919.0102079861
46,2020,3,11,0,29,41.97,-1023838.492,21818643.531999998,-14939816.031,-2715.30917,-1650.80333,-2240.42883,2020-03-11 00:29:41.970,-351982190.7907102,-63203848.35831736,6601207.867255362,146620288323.7661,-22209372505.736504,-9627746889.019314,58919.02062465277
46,2020,3,11,0,44,41.97,-3451628.414,20147514.218,-16820427.283,-2671.95649,-2057.35734,-1932.69329,2020-03-11 00:44:41.970,-351842610.934348,-64101065.49561436,6206824.491932138,146625092094.5144,-22185020743.783134,-9617190516.709017,58919.03104131943
46,2020,3,11,0,59,41.97,-5819445.163000001,18126262.387,-18408689.481000002,-2582.2479500000004,-2427.72709,-1591.7285000000002,2020-03-11 00:59:41.970,-351700539.4035983,-64997817.802293636,5812398.725500695,146629891092.86487,-22160668249.59251,-9606633829.924023,58919.0414579861
46,2020,3,11,1,14,41.97,-8086264.3889999995,15790387.72,-19677379.994,-2447.86452,-2755.51564,-1223.58349,2020-03-11 01:14:41.970,-351555977.517883,-65894098.91438574,5417933.399043169,146634685318.68472,-22136315023.89138,-9596076828.97849,58919.05187465277
46,2020,3,11,1,29,41.97,-10212931.188000001,13180799.899,-20604932.621,-2271.27182,-3035.11481,-834.7589899999999,2020-03-11 01:29:41.970,-351408926.61825687,-66789902.47377859,5023431.343250031,146639474771.84094,-22111961067.406597,-9585519514.186594,58919.06229131943
46,2020,3,11,1,44,41.97,-12162843.290000001,10343065.186,-21175789.089,-2055.6667599999996,-3261.7988800000003,-432.08429,2020-03-11 01:44:41.970,-351259388.0673788,-67685222.1282928,4628895.388385437,146644259452.20047,-22087606380.865044,-9574961885.86251,58919.0727079861
46,2020,3,11,1,59,41.97,-13902580.422999999,7326577.153,-21380637.868,-1804.91157,-3431.7993100000003,-22.590490000000003,2020-03-11 01:59:41.970,-351107363.2494828,-68580051.5317564,4234328.364252527,146649039359.62994,-22063250964.99373,-9564403944.320452,58919.08312465277
46,2020,3,11,2,14,41.97,-15402469.223,4183668.874,-21216538.378000002,-1523.45687,-3542.35995,386.61701999999997,2020-03-11 02:14:41.970,-350952853.57034653,-69474384.34407991,3839733.100158784,146653814493.99637,-22038894820.51975,-9553845689.874607,58919.09354131943
46,2020,3,11,2,29,41.97,-16637074.856999999,968684.331,-20686931.055,-1216.2560899999999,-3591.77252,788.48427,2020-03-11 02:29:41.970,-350795860.4572628,-70368214.23133035,3445112.424881446,146658584855.16608,-22014537948.170246,-9543287122.839205,58919.1039579861
46,2020,3,11,2,44,41.97,-17585612.349,-2262973.27,-19801535.943,-888.67297,-3579.39255,1176.13035,2020-03-11 02:44:41.970,-350636385.3590073,-71261534.86580598,3050469.1666330467,146663350443.00586,-21990180348.672478,-9532728243.528473,58919.11437465277
46,2020,3,11,2,59,41.97,-18232272.462,-5455799.008,-18576144.44,-546.3844799999999,-3505.63648,1542.9629400000001,2020-03-11 02:59:41.970,-350474429.7458087,-72154339.92611013,2655806.153026853,146668111257.38184,-21965822022.753788,-9522169052.256641,58919.12479131943
46,2020,3,11,3,14,41.97,-18566458.724,-8555133.040000001,-17032310.483000003,-195.28078,-3371.96093,1882.78594,2020-03-11 03:14:41.970,-350309995.1093163,-73046623.0972256,2261126.2110424,146672867298.1605,-21941462971.141613,-9511609549.337975,58919.1352079861
46,2020,3,11,3,29,41.97,-18582933.91,-11508081.163999999,-15196948.871000001,158.63569999999999,-3180.82539,2189.89799,2020-03-11 03:29:41.970,-350143082.9625688,-73938378.0705878,1866432.1669912,146677618565.208,-21917103194.56348,-9501049735.086731,58919.14562465277
46,2020,3,11,3,44,41.97,-18281875.812999997,-14264394.805,-13101849.561,509.35058,-2935.63959,2459.18055,2020-03-11 03:44:41.970,-349973694.8399614,-74829598.54415852,1471726.8464823083,146682365058.3906,-21892742693.746964,-9490489609.817188,58919.15604131943
46,2020,3,11,3,59,41.97,-17668843.569000002,-16777297.406999998,-10783117.621,850.9358299999999,-2640.69728,2686.17487,2020-03-11 03:59:41.970,-349801832.29721415,-75720278.22249925,1077013.0743881473,146687106777.57407,-21868381469.419807,-9479929173.843647,58919.1664579861
46,2020,3,11,4,14,41.97,-16754657.035,-19004245.573,-8280549.204000001,1177.6444399999998,-2301.09775,2867.14714,2020-03-11 04:14:41.970,-349627496.9113378,-76610410.81684433,682293.6748101397,146691843722.6245,-21844019522.309746,-9469368427.480404,58919.17687465277
46,2020,3,11,4,29,41.97,-15555192.846,-20907614.742000002,-5636954.346000001,1484.00072,-1922.6568200000002,2999.14147,2020-03-11 04:29:41.970,-349450690.2806014,-77499990.04517359,287571.47104464454,146696575893.40765,-21819656853.144714,-9458807371.041784,58919.18729131943
46,2020,3,11,4,44,41.97,-14091101.731999999,-22455300.598,-2897437.629,1764.88486,-1511.8088599999999,3080.02048,2020-03-11 04:44:41.970,-349271414.0244975,-78389009.63228542,-107150.71445127115,146701303289.7894,-21795293462.652645,-9448246004.842112,58919.1977079861
46,2020,3,11,4,59,41.97,-12387452.504999999,-23621228.773,-108647.951,2015.6111600000002,-1075.50126,3108.49338,2020-03-11 04:59:41.970,-349089669.78370947,-79277463.30986877,-501870.06009380147,146706025911.63516,-21770929351.56164,-9437684329.195757,58919.20812465277
46,2020,3,11,5,14,41.97,-10473308.86,-24385766.808000002,2681991.4159999997,2231.99903,-621.0829799999999,3084.1317,2020-03-11 05:14:41.970,-348905459.2200755,-80165344.81657563,-896583.7452064825,146710743758.81076,-21746564520.599854,-9427122344.417068,58919.21854131943
46,2020,3,11,5,29,41.97,-8381245.709000001,-24736033.572,5427061.308,2410.43619,-156.18836,3007.3726,2020-03-11 05:29:41.970,-348718784.016555,-81052647.89809313,-1291288.9500541005,146715456831.18137,-21722198970.49554,-9416560050.820433,58919.2289579861
46,2020,3,11,5,44,41.97,-6146812.36,-24666102.654999997,8079922.709000001,2547.93357,311.38211,2879.51012,2020-03-11 05:44:41.970,-348529645.8771924,-81939366.30721502,-1685982.8558766618,146720165128.61252,-21697832701.97705,-9405997448.720253,58919.23937465277
46,2020,3,11,5,59,41.97,-3807950.2539999997,-24177097.394,10595479.527999999,2642.1713,773.7831,2702.67451,2020-03-11 05:59:41.970,-348338046.52708185,-82825493.80391361,-2080662.6449230965,146724868650.96945,-21673465715.77285,-9395434538.430931,58919.24979131943
46,2020,3,11,6,14,41.97,-1404373.448,-23277176.412,12930917.543,2691.53542,1223.2462600000001,2479.80001,2020-03-11 06:14:41.970,-348143987.71233183,-83711024.15541084,-2475325.5004852097,146729567398.11734,-21649098012.6115,-9384871320.266907,58919.2602079861
46,2020,3,11,6,29,41.97,1023079.617,-21981409.69,15046409.197,2695.14495,1652.20146,2214.58124,2020-03-11 06:29:41.970,-347947471.20002764,-84595951.13624947,-2869968.6069312566,146734261369.9211,-21624729593.221626,-9374307794.542622,58919.27062465277
46,2020,3,11,6,44,41.97,3433114.1689999998,-20311546.328,16905774.236,2652.86876,2053.39598,1911.41872,2020-03-11 06:44:41.970,-347748498.7781962,-85480268.5283639,-3264589.1497396175,146738950566.246,-21600360458.33201,-9363743961.572554,58919.28104131943
46,2020,3,11,6,59,41.97,5784657.728999999,-18295676.366,18477086.509,2565.33215,2420.0105399999998,1575.3538,2020-03-11 06:59:41.970,-347547072.25576776,-86363970.12115104,-3659184.3155324548,146743634986.95676,-21575990608.671486,-9353179821.671186,58919.2914579861
46,2020,3,11,7,14,41.97,8037539.762,-15967790.224,19733217.637999997,2433.91253,2745.77056,1211.9935,2020-03-11 07:14:41.970,-347343193.4625389,-87247049.71154061,-4053751.2921091756,146748314631.91824,-21551620044.969013,-9342615375.153025,58919.30187465277
46,2020,3,11,7,29,41.97,10153162.515,-13367240.619,20652308.733000003,2260.72406,3025.0513300000002,827.4259000000001,2020-03-11 07:29:41.970,-347136864.2491354,-88129501.10406515,-4448287.268479914,146752989500.99512,-21527248767.95365,-9332050622.33258,58919.31229131943
46,2020,3,11,7,44,41.97,12095152.970999999,-10538113.157,21218161.877,2048.59103,3252.97556,428.12658999999996,2020-03-11 07:44:41.970,-346928086.4869726,-89011318.11093032,-4842789.434898927,146757659594.0521,-21502876778.354553,-9321485563.524403,58919.3227079861
46,2020,3,11,7,59,41.97,13829985.636,-7528513.2469999995,21420543.789,1801.00968,3425.50148,20.8572,2020-03-11 07:59:41.970,-346716862.0682188,-89892494.55208415,-5237254.982897848,146762324910.95358,-21478504076.90098,-9310920199.043055,58919.33312465277
46,2020,3,11,8,14,41.97,15327565.84,-4389778.471,21255394.938,1522.0985899999998,3539.5001,-387.44306,2020-03-11 08:14:41.970,-346503192.90575504,-90773024.25528717,-5631681.105319127,146766985451.5641,-21454130664.322323,-9300354529.203115,58919.34354131943
46,2020,3,11,8,29,41.97,16561763.244,-1175627.115,20724938.371,1216.53769,3592.8195299999998,-789.7715199999999,2020-03-11 08:29:41.970,-346287080.93313676,-91652901.0561809,-6026064.996348983,146771641215.74805,-21429756541.348038,-9289788554.319195,58919.3539579861
46,2020,3,11,8,44,41.97,17510885.447,2058744.834,19837683.838,889.49627,3584.33489,-1179.18038,2020-03-11 08:44:41.970,-346068528.10455376,-92532118.79835743,-6420403.851550685,146776292203.3695,-21405381708.70771,-9279222274.705912,58919.36437465277
46,2020,3,11,8,59,41.97,18158082.060000002,5257604.398,18608324.218000002,546.55049,3513.98191,-1548.89736,2020-03-11 08:59:41.970,-345847536.3947907,-93410671.33342783,-6814694.867897559,146780938414.29297,-21381006167.13103,-9268655690.67791,58919.37479131943
46,2020,3,11,9,14,41.97,18491670.216,8365644.67,17057523.039,193.59151,3382.77278,-1892.4467,2020-03-11 09:14:41.970,-345624107.7991869,-94288552.5210908,-7208935.243805996,146785579848.38226,-21356629917.347805,-9258088802.549862,58919.3852079861
46,2020,3,11,9,29,41.97,18505373.507,11328953.637,15211593.843,-163.27478000000002,3192.79286,-2203.76811,2020-03-11 09:29:41.970,-345398244.3335953,-95165756.2292007,-7603122.1791682085,146790216505.50153,-21332252960.087914,-9247521610.636463,58919.39562465277
46,2020,3,11,9,44,41.97,18198467.549000002,14095971.047999999,13102074.307,-517.83474,2947.1773200000002,-2477.33124,2020-03-11 09:44:41.970,-345169948.0343423,-96042276.33383599,-7997252.875385307,146794848385.5146,-21307875296.081394,-9236954115.252417,58919.40604131943
46,2020,3,11,9,59,41.97,17575826.961999997,16618414.978,10765200.402,-863.87869,2650.06709,-2708.24293,2020-03-11 09:59:41.970,-344939220.95818615,-96918106.71936645,-8391324.535399823,146799475488.2853,-21283496926.058372,-9226386316.712456,58919.4164579861
46,2020,3,11,10,14,41.97,16647870.424,18852159.404000003,8241288.259000001,-1195.31534,2306.54409,-2892.34457,2020-03-11 10:14:41.970,-344706065.182276,-97793241.27852097,-8785334.363728488,146804097813.67758,-21259117850.74909,-9215818215.331347,58919.42687465277
46,2020,3,11,10,29,41.97,15430402.552,20758044.389,5574033.862000001,-1506.28617,1922.54637,-3026.29695,2020-03-11 10:29:41.970,-344470482.8041083,-98667673.91245496,-9179279.56649495,146808715361.55487,-21234738070.883873,-9205249811.423866,58919.43729131943
46,2020,3,11,10,44,41.97,13944353.730999999,22302601.235999998,2809742.962,-1791.27738,1504.76429,-3107.65007,2020-03-11 10:44:41.970,-344232475.9414872,-99541398.53081694,-9573157.351462107,146813328131.78085,-21210357587.1932,-9194681105.30483,58919.4477079861
46,2020,3,11,10,59,41.97,12215421.404000001,23458676.368,-3494.282,-2045.2265,1060.5196400000002,-3134.89584,2020-03-11 10:59:41.970,-343992046.73247963,-100414409.05181536,-9966964.928064588,146817936124.21906,-21185976400.40765,-9184112097.289062,58919.45812465277
46,2020,3,11,11,14,41.97,10273618.858,24205939.648,-2816667.701,-2263.6208500000002,597.63019,-3107.5018600000003,2020-03-11 11:14:41.970,-343749197.3353741,-101286699.40228517,-10360699.507441262,146822539338.73285,-21161594511.25792,-9173542787.691412,58919.46854131943
46,2020,3,11,11,29,41.97,8152739.902000001,24531265.334,-5580732.969,-2442.58559,124.26265000000001,-3025.9252,2020-03-11 11:29:41.970,-343503929.9286366,-102158263.51775429,-10754358.302467449,146827137775.18555,-21137211920.474796,-9162973176.826773,58919.4789579861
46,2020,3,11,11,44,41.97,5889750.028,24428976.827999998,-8247500.567999999,-2578.9587100000003,-351.22236000000004,-2891.60549,2020-03-11 11:44:41.970,-343256246.71086746,-103029095.34250896,-11147938.527787087,146831731433.44046,-21112828628.789215,-9152403265.010044,58919.48937465277
46,2020,3,11,11,59,41.97,3524116.583,23900949.628,-10770509.223,-2670.35126,-820.42973,-2706.93737,2020-03-11 11:59:41.970,-343006149.90075713,-103899188.82965977,-11541437.399844885,146836320313.3606,-21088444636.932217,-9141833052.556164,58919.49979131943
46,2020,3,11,12,14,41.97,1097091.9679999999,22956570.393999998,-13105865.557,-2715.1913099999997,-1275.0895600000001,-2475.22314,2020-03-11 12:14:41.970,-342753641.7370426,-104768537.94120707,-11934852.136918472,146840904414.8092,-21064059945.634956,-9131262539.78009,58919.5102079861
46,2020,3,11,12,29,41.97,-1349035.0,21612553.552,-15213032.618999999,-2712.75063,-1707.21335,-2200.60677,2020-03-11 12:29:41.970,-342498724.4784628,-105637136.64810608,-12328179.9591502,146845483737.6493,-21039674555.62871,-9120691726.996807,58919.52062465277
46,2020,3,11,12,44,41.97,-3771703.857,19892620.321,-17055551.343,-2663.15383,-2109.24298,-1887.9912000000002,2020-03-11 12:44:41.970,-342241400.4037137,-106504978.93033178,-12721418.088579157,146850058281.74365,-21015288467.64485,-9110120614.521326,58919.53104131943
46,2020,3,11,12,59,41.97,-6128847.5600000005,17827048.209,-18601680.928999998,-2567.36998,-2474.18906,-1542.94127,2020-03-11 12:59:41.970,-341981671.81140286,-107372058.77694343,-13114563.749172913,146854628046.95517,-20990901682.41493,-9099549202.668697,58919.5414579861
46,2020,3,11,13,14,41.97,-8379642.406,15452101.901,-19824946.326,-2427.18744,-2795.75568,-1171.57484,2020-03-11 13:14:41.970,-341719541.02000475,-108238370.18614897,-13507614.166859206,146859193033.14682,-20966514200.670567,-9088977491.753979,58919.55187465277
46,2020,3,11,13,29,41.97,-10485228.128,12809358.841,-20704583.491,-2245.17299,-3068.44932,-780.4449500000001,2020-03-11 13:29:41.970,-341455010.36781436,-109103907.16536914,-13900566.569557624,146863753240.1809,-20942126023.1435,-9078405482.092276,58919.56229131943
46,2020,3,11,13,44,41.97,-12409384.684,9944944.708,-21225875.683,-2024.61674,-3287.66995,-376.41601,2020-03-11 13:44:41.970,-341188082.21290207,-109968663.73130117,-14293418.18721114,146868308667.9204,-20917737150.565636,-9067833173.998705,58919.5727079861
46,2020,3,11,13,59,41.97,-14119153.677000001,6908695.3549999995,-21380376.662,-1769.46449,-3449.78318,33.46322,2020-03-11 13:59:41.970,-340918758.9330661,-110832633.90998235,-14686166.251817506,146872859316.22772,-20893347583.66895,-9057260567.788437,58919.58312465277
46,2020,3,11,14,14,41.97,-15585394.048,3753262.614,-21166019.211999997,-1484.23958,-3552.1727699999997,442.08702,2020-03-11 14:14:41.970,-340647042.9257872,-111695811.73685339,-15078807.997460686,146877405184.9652,-20868957323.185585,-9046687663.776644,58919.59354131943
46,2020,3,11,14,29,41.97,-16783263.417999998,533181.718,-20587109.768999998,-1173.95626,-3593.27344,842.41802,2020-03-11 14:29:41.970,-340372936.6081809,-112558191.25682096,-15471340.660342079,146881946273.9954,-20844566369.84779,-9036114462.278536,58919.6039579861
46,2020,3,11,14,44,41.97,-17692618.354,-2696081.993,-19654212.116,-844.02642,-3572.58421,1227.6080599999998,2020-03-11 14:44:41.970,-340096442.4169503,-113419766.52432087,-15863761.478811776,146886482583.18048,-20820174724.38792,-9025540963.609371,58919.61437465277
46,2020,3,11,14,59,41.97,-18298328.618,-5879089.913,-18383924.992,-500.16205999999994,-3490.66308,1591.11273,2020-03-11 14:59:41.970,-339817562.80833876,-114280531.60338016,-16256067.693399498,146891014112.38275,-20795782387.538494,-9014967168.084414,58919.62479131943
46,2020,3,11,15,14,41.97,-18590502.257,-8961374.147,-16798560.14,-148.27499,-3349.10394,1926.79789,2020-03-11 15:14:41.970,-339536300.2580828,-115140480.56767939,-16648256.546845844,146895540861.46432,-20771389360.03213,-9004393076.01896,58919.6352079861
46,2020,3,11,15,29,41.97,-18564620.026,-11890353.277,-14925728.634,205.62405,-3150.49718,2229.03674,2020-03-11 15:29:41.970,-339252657.26136243,-115999607.50061436,-17040325.284132987,146900062830.28723,-20746995642.601578,-8993818687.728374,58919.64562465277
46,2020,3,11,15,44,41.97,-18221579.196,-14616205.731,-12797844.449000001,555.52563,-2898.3751500000003,2492.79648,2020-03-11 15:44:41.970,-338966636.33275425,-116857906.49535763,-17432271.152515553,146904580018.71368,-20722601235.97972,-8983244003.528,58919.65604131943
46,2020,3,11,15,59,41.97,-17567648.167,-17092687.932,-10451555.076000001,895.51941,-2597.14423,2713.7136800000003,2020-03-11 15:59:41.970,-338678240.0061818,-117715371.65491995,-17824091.4015514,146909092426.6054,-20698206140.899586,-8972669023.73325,58919.6664579861
46,2020,3,11,16,14,41.97,-16614334.54,-19277885.761,-7927109.594,1219.8883899999998,-2252.00484,2888.15783,2020-03-11 16:14:41.970,-338387470.8348673,-118571997.092211,-18215783.283132188,146913600053.82434,-20673810358.094296,-8962093748.65956,58919.67687465277
46,2020,3,11,16,29,41.97,-15378170.411999999,-21134889.308999997,-5267675.045,1523.19849,-1868.8611799999999,3013.2826,2020-03-11 16:29:41.970,-338094331.3912818,-119427776.93010034,-18607344.05151399,146918102900.23236,-20649413888.29712,-8951518178.62238,58919.68729131943
46,2020,3,11,16,44,41.97,-13880419.583999999,-22632382.289,-2518612.204,1800.38235,-1454.22215,3087.06479,2020-03-11 16:44:41.970,-337798824.2670964,-120282705.30147761,-18998770.963347606,146922600965.69104,-20625016732.241455,-8940942313.937214,58919.6977079861
46,2020,3,11,16,59,41.97,-12146712.196,-23745138.865000002,273278.038,2046.8166600000002,-1015.09494,3108.3307,2020-03-11 16:59:41.970,-337500952.0731316,-121136776.34931277,-19390061.27770903,146927094250.062,-20600618890.66085,-8930366154.919601,58919.70812465277
46,2020,3,11,17,14,41.97,-10206613.007,-24454422.020000003,3060526.4579999996,2258.39217,-558.87284,3076.77016,2020-03-11 17:14:41.970,-337200717.439308,-121989984.22671568,-19781212.25612955,146931582753.207,-20576220364.28895,-8919789701.885109,58919.71854131943
46,2020,3,11,17,29,41.97,-8093130.151000001,-24748278.843,5795774.329,2431.57585,-93.21862,2992.93816,2020-03-11 17:29:41.970,-336898123.0145951,-122842323.09699605,-20172221.162626106,146936066474.9875,-20551821153.859585,-8909212955.149319,58919.7289579861
46,2020,3,11,17,44,41.97,-5842171.709,-24621729.408,8432548.294,2563.46462,374.05509,2858.24445,2020-03-11 17:44:41.970,-336593171.46696186,-123693787.13372222,-20563085.263731148,146940545415.2649,-20527421260.10664,-8898635915.027874,58919.73937465277
46,2020,3,11,17,59,41.97,-3491957.912,-24076847.073000003,10926020.515,2651.83016,835.10726,2674.93131,2020-03-11 17:59:41.970,-336285865.48332447,-124544370.52078035,-20953801.82852271,146945019573.90054,-20503020683.764214,-8888058581.836452,58919.74979131943
46,2020,3,11,18,14,41.97,-1082397.195,-23122729.242000002,13233743.549,2695.15434,1282.19022,2446.0396499999997,2020-03-11 18:14:41.970,-335976207.76949686,-125394067.45243286,-21344368.12865411,146949488950.75568,-20478619425.566498,-8877480955.890749,58919.7602079861
46,2020,3,11,18,29,41.97,1345565.303,-21775358.755000003,15316349.675999999,2692.6549400000004,1707.77069,2175.36394,2020-03-11 18:29:41.970,-335664201.0501371,-126242872.13337703,-21734781.438383866,146953953545.69186,-20454217486.247807,-8866903037.506498,58919.77062465277
46,2020,3,11,18,44,41.97,3750617.8310000002,-20057357.253999997,17138204.722,2644.30123,2104.64862,1867.39626,2020-03-11 18:44:41.970,-335349848.0686978,-127090778.7788031,-22125039.03460528,146958413358.56985,-20429814866.54264,-8856324826.999483,58919.78104131943
46,2020,3,11,18,59,41.97,6091761.455,-17997633.029,18668006.740000002,2550.81904,2466.07259,1527.25978,2020-03-11 18:59:41.970,-335033151.587373,-127937781.61445136,-22515138.196875934,146962868389.25113,-20405411567.185604,-8845746324.685518,58919.7914579861
46,2020,3,11,19,14,41.97,8328989.2,-15630927.093,19879320.339,2413.68502,2785.85036,1160.63234,2020-03-11 19:14:41.970,-334714114.38704616,-128783874.87667046,-22905076.20744717,146967318637.5965,-20381007588.911438,-8835167530.880447,58919.80187465277
46,2020,3,11,19,29,41.97,10423955.067000002,-12997262.518,20751037.896,2235.10983,3058.45303,773.66053,2020-03-11 19:29:41.970,-334392739.2672379,-129629052.81247382,-23294850.351293482,146971764103.46707,-20356602932.45503,-8824588445.900148,58919.81229131943
46,2020,3,11,19,44,41.97,12340622.804000001,-10141303.408,21267759.469,2018.00993,3279.1114000000002,372.86503999999996,2020-03-11 19:44:41.970,-334069029.0460535,-130473309.67959712,-23684457.91614164,146976204786.72363,-20332197598.551376,-8814009070.060545,58919.8227079861
46,2020,3,11,19,59,41.97,14045884.147,-7111631.349,21420083.942,1765.96794,3443.9027300000002,-34.96179,2020-03-11 19:59:41.970,-333742986.5601292,-131316639.74655427,-24073896.19249991,146980640687.2272,-20307791587.935703,-8803429403.677612,58919.83312465277
46,2020,3,11,20,14,41.97,15510136.21,-3959948.6769999997,21204804.774,1483.18148,3549.8263300000003,-442.86528,2020-03-11 20:14:41.970,-333414614.66457975,-132159037.29269393,-24463162.473687064,146985071804.8384,-20283384901.343246,-8792849447.06733,58919.84354131943
46,2020,3,11,20,29,41.97,16707807.713999998,-740219.465,20625004.805,1174.4007100000001,3594.8660499999996,-843.8432300000001,2020-03-11 20:29:41.970,-333083916.23294455,-133000496.6082552,-24852254.055861212,146989498139.41818,-20258977539.50949,-8782269200.545736,58919.8539579861
46,2020,3,11,20,44,41.97,17617824.014999997,2492239.254,19690045.862,844.8548900000001,3578.03811,-1230.96457,2020-03-11 20:44:41.970,-332750894.15713406,-133841011.99442382,-25241168.2380488,146993919690.8269,-20234569503.170017,-8771688664.428917,58919.86437465277
46,2020,3,11,20,59,41.97,18224001.344,5681702.0030000005,18415450.395,500.16859000000005,3499.4224,-1597.4902900000002,2020-03-11 20:59:41.970,-332415551.3473759,-134680577.76338658,-25629902.322173107,146998336458.92548,-20210160793.060543,-8761107839.032972,58919.87479131943
46,2020,3,11,21,14,41.97,18515361.353,8772999.588000001,16822674.201,146.26859000000002,3360.17586,-1936.99422,2020-03-11 21:14:41.970,-332077890.7321606,-135519188.2383871,-26018453.613082964,147002748443.5743,-20185751409.916943,-8750526724.674059,58919.8852079861
46,2020,3,11,21,29,41.97,18486358.078,11712487.258,14938771.231,-210.71739,3162.52657,-2243.48159,2020-03-11 21:29:41.970,-331737915.25818723,-136356837.75378007,-26406819.41858122,147007155644.63388,-20161341354.475246,-8739945321.668373,58919.89562465277
46,2020,3,11,21,44,41.97,18137010.722,14448998.51,12795953.746,-564.56843,2909.7476,-2511.50267,2020-03-11 21:44:41.970,-331395627.89030874,-137193520.65508595,-26794997.049453113,147011558061.96475,-20136930627.471584,-8729363630.332136,58919.90604131943
46,2020,3,11,21,59,41.97,17472937.272,16934766.077,10431053.381,-909.08269,2606.11019,-2736.25883,2020-03-11 21:59:41.970,-331051031.611477,-138029231.29904476,-27182983.819494613,147015955695.42703,-20112519229.642296,-8718781650.981632,58919.9164579861
46,2020,3,11,22,14,41.97,16505285.858,19126291.453,7884891.159,-1238.1919599999999,2256.81629,-2913.6983600000003,2020-03-11 22:14:41.970,-330704129.42268807,-138863964.05366978,-27570777.045540337,147020348544.88135,-20088107161.723812,-8708199383.933165,58919.92687465277
46,2020,3,11,22,29,41.97,15250562.926,20985144.595000003,5201566.862,-1546.0759600000001,1867.91101,-3040.59945,2020-03-11 22:29:41.970,-330354924.3429261,-139697713.29830146,-27958374.047491975,147024736610.18784,-20063694424.45273,-8697616829.5031,58919.93729131943
46,2020,3,11,22,44,41.97,13730359.641999999,22478676.32,2427680.476,-1827.27377,1446.17642,-3114.63779,2020-03-11 22:44:41.970,-330003419.40910834,-140530473.42366,-28345772.14834592,147029119891.2067,-20039281018.56578,-8687033988.00782,58919.9477079861
46,2020,3,11,22,59,41.97,11970980.395000001,23580627.388,-388499.534,-2076.7895,999.00855,-3134.4367700000003,2020-03-11 22:59:41.970,-329649617.6760293,-141362238.83189863,-28732968.674221255,147033498387.798,-20014866944.799877,-8676450859.763763,58919.95812465277
46,2020,3,11,23,14,41.97,10002979.744,24271620.27,-3197904.656,-2290.1895799999998,534.28018,-3099.59865,2020-03-11 23:14:41.970,-329293522.2163049,-142193003.93665564,-29119960.954387352,147037872099.82208,-19990452203.892044,-8665867445.087412,58919.96854131943
46,2020,3,11,23,29,41.97,7860616.514,24539522.19,-5951553.773,-2463.68923,60.19251,-3010.7155,2020-03-11 23:29:41.970,-328935136.1203153,-143022763.16310695,-29506746.321291573,147042241027.1387,-19966036796.57945,-8655283744.295282,58919.9789579861
46,2020,3,11,23,44,41.97,5581235.938,24379670.993,-8601441.152999999,-2594.22557,-414.8807,-2869.35942,2020-03-11 23:44:41.970,-328574462.4961498,-143851510.94801784,-29893322.110586755,147046605169.60806,-19941620723.599453,-8644699757.70395,58919.98937465277
46,2020,3,11,23,59,41.97,3204592.5609999998,23794958.738,-11101406.397,-2679.51579,-882.55278,-2678.05231,2020-03-11 23:59:41.970,-328211504.48865956,-144679241.69637656,-30279685.640885174,147050964527.08987,-19917203985.68901,-8634115485.629753,58919.99979131943
46,2020,3,12,0,14,41.97,772128.3640000001,22795771.863,-13407968.193999998,-2718.0987800000003,-1334.5836,-2440.2157500000003,2020-03-12 00:14:41.970,-327846265.20308113,-145505949.95517635,-30665834.294892423,147055319099.44427,-19892786583.586807,-8623530928.38985,58920.0102079861
46,2020,3,12,0,29,41.97,-1673779.9,21399787.019,-15481104.419,-2709.35972,-1763.03512,-2160.1028100000003,2020-03-12 00:29:41.970,-327478747.81928,-146331630.15279236,-31051765.39775909,147059668886.53104,-19868368518.030083,-8612946086.300684,58920.02062465277
46,2020,3,12,0,44,41.97,-4090585.446,19631634.857,-17284963.676,-2653.5365,-2160.4188999999997,-1842.7129200000002,2020-03-12 00:44:41.970,-327108955.51561004,-147156276.77286172,-31437476.298233293,147064013888.20993,-19843949789.756798,-8602360959.67898,58920.03104131943
46,2020,3,12,0,59,41.97,-6436336.231000001,17522431.06,-18788493.352,-2551.70927,-2519.83286,-1493.69323,2020-03-12 00:59:41.970,-326736891.48784775,-147979884.31086642,-31822964.34840451,147068354104.3408,-19819530399.505028,-8591775548.841536,58920.0414579861
46,2020,3,12,1,14,41.97,-8670421.684,15109192.719999999,-19965973.715,-2405.7730199999996,-2835.08403,-1119.22826,2020-03-12 01:14:41.970,-326362558.94913596,-148802447.27418184,-32208226.903730273,147072689534.78308,-19795110348.01303,-8581189854.105167,58920.05187465277
46,2020,3,12,1,29,41.97,-10754287.888999999,12434150.931,-20797448.611,-2218.3947399999997,-3100.7950100000003,-725.92108,2020-03-12 01:29:41.970,-325985961.12992436,-149623960.1821279,-32593261.32306285,147077020179.3966,-19770689636.0192,-8570603875.786746,58920.06229131943
46,2020,3,12,1,44,41.97,-12652107.760000002,9543975.464,-21269046.489,-1992.95651,-3312.4926600000003,-320.66889999999995,2020-03-12 01:44:41.970,-325607101.27791256,-150444417.56601754,-32978064.968675982,147081346038.04095,-19746268264.262062,-8560017614.203178,58920.0727079861
46,2020,3,12,1,59,41.97,-14331394.363,6488928.239,-21373187.973,-1733.48637,-3466.67753,89.46416,2020-03-12 01:59:41.970,-325225982.65799093,-151263813.96920568,-33362635.206291117,147085667110.5756,-19721846233.480328,-8549431069.671444,58920.08312465277
46,2020,3,12,2,14,41.97,-15763547.234,3321963.056,-21108678.724,-1444.5789,-3560.87377,497.37433,2020-03-12 02:14:41.970,-324842608.5521824,-152082143.94713852,-33746969.40510389,147089983396.8601,-19697423544.41287,-8538844242.50853,58920.09354131943
46,2020,3,12,2,29,41.97,-16924323.362999998,97789.35,-20480688.704,-1131.30755,-3593.65923,896.0429600000001,2020-03-12 02:29:41.970,-324456982.25958437,-152899402.06740153,-34131064.93781038,147094294896.754,-19673000197.79869,-8528257133.031494,58920.1039579861
46,2020,3,12,2,44,41.97,-17794226.313,-3128082.431,-19500621.057,-799.13075,-3564.67624,1278.65671,2020-03-12 02:44:41.970,-324069107.09630895,-153715582.90976748,-34514919.180632986,147098601610.11646,-19648576194.376953,-8517669741.557433,58920.11437465277
46,2020,3,12,2,59,41.97,-18358808.814,-6300296.723,-18185875.713,-453.79384,-3474.62385,1638.72101,2020-03-12 02:59:41.970,-323678986.3954243,-154530681.06624404,-34898529.51334663,147102903536.8071,-19624151534.887005,-8507082068.4035,58920.12479131943
46,2020,3,12,3,14,41.97,-18608885.880999997,-9364593.772,-16559514.423,-101.22862,-3325.23254,1970.1653999999999,2020-03-12 03:14:41.970,-323286623.50689554,-155344691.14112166,-35281893.31930467,147107200676.6851,-19599726220.068314,-8496494113.886871,58920.1352079861
46,2020,3,12,3,29,41.97,-18540657.184,-12268720.36,-14649835.228,252.54758999999999,-3119.2226,2267.43923,2020-03-12 03:29:41.970,-322892021.79752517,-156157607.75102028,-35665007.98546436,147111493029.60977,-19575300250.66051,-8485905878.324799,58920.14562465277
46,2020,3,12,3,44,41.97,-18155738.899,-14963296.351000002,-12489865.475,601.5319300000001,-2860.2478100000003,2525.59685,2020-03-12 03:44:41.970,-322495184.6508931,-156969425.5249361,-36047870.90241262,147115780595.4405,-19550873627.403416,-8475317362.034566,58920.15604131943
46,2020,3,12,3,59,41.97,-17461106.626000002,-17402624.393,-10116783.248,939.8334000000001,-2552.82572,2740.3713700000003,2020-03-12 03:59:41.970,-322096115.4672977,-157780139.1042881,-36430479.464391716,147120063374.03632,-19526446351.036972,-8464728565.333501,58920.1664579861
46,2020,3,12,4,14,41.97,-16468952.204000002,-19545431.522,-7571277.723999999,1261.7666000000002,-2202.25628,2908.2365499999996,2020-03-12 04:14:41.970,-321694817.66369474,-158589743.1429642,-36812831.069324404,147124341365.25647,-19502018422.301296,-8454139488.538991,58920.17687465277
46,2020,3,12,4,29,41.97,-15196458.296,-21355532.807,-4896859.329,1561.94056,-1814.53026,3026.45644,2020-03-12 04:29:41.970,-321291294.6736387,-159398232.3073668,-37194923.11883916,147128614568.95993,-19477589841.93668,-8443550131.968458,58920.18729131943
46,2020,3,12,4,44,41.97,-13665495.564000001,-22802408.621,-2139130.819,1835.34178,-1396.22913,3093.12251,2020-03-12 04:44:41.970,-320885549.9472209,-160205601.2764585,-37576753.018295534,147132882985.00598,-19453160610.683544,-8432960495.939394,58920.1977079861
46,2020,3,12,4,59,41.97,-11902248.045,-23861688.470000003,654969.492,2077.41062,-954.41778,3107.1784500000003,2020-03-12 04:59:41.970,-320477586.95101047,-161011844.7418072,-37958318.176809005,147137146613.25354,-19428730729.282486,-8422370580.769323,58920.20812465277
46,2020,3,12,5,14,41.97,-9936773.037999999,-24515535.664,3437941.1350000002,2284.11033,-496.53168,3068.43239,2020-03-12 05:14:41.970,-320067409.1679929,-161816957.40763065,-38339616.00727594,147141405453.56174,-19404300198.47428,-8411780386.775817,58920.21854131943
46,2020,3,12,5,29,41.97,-7802502.407,-24752928.42,6162500.426,2451.9881200000004,-30.259790000000002,2977.5569100000002,2020-03-12 05:29:41.970,-319655020.09750897,-162620933.99084115,-38720643.92639824,147145659505.78943,-19379869018.99983,-8401189914.276505,58920.2289579861
46,2020,3,12,5,44,41.97,-5535692.697000001,-24569834.184,8782353.953,2578.2277200000003,436.57538,2836.0770300000004,2020-03-12 05:44:41.970,-319240423.25519454,-163423769.22108963,-39101399.35470821,147149908769.7956,-19355437191.600227,-8390599163.589069,58920.23937465277
46,2020,3,12,5,59,41.97,-3174831.958,-23969275.215,11252955.886,2660.69301,896.1392900000001,2646.3463100000004,2020-03-12 05:59:41.970,-318823622.17291933,-164225457.84080964,-39481879.71659285,147154153245.43918,-19331004717.01672,-8380008135.031225,58920.24979131943
46,2020,3,12,6,14,41.97,-760011.523,-22961284.588,13532238.584,2697.96215,1340.70714,2411.51143,2020-03-12 06:14:41.970,-318404620.39872503,-165025994.60526055,-39862082.4403184,147158392932.57895,-19306571595.99072,-8369416828.920765,58920.2602079861
46,2020,3,12,6,29,41.97,1667728.5899999999,-21562752.957000002,15581306.273,2689.35201,1762.78464,2135.4656099999997,2020-03-12 06:29:41.970,-317983421.496765,-165825374.28257087,-40242004.95805458,147162627831.0738,-19282137829.26379,-8358825245.5755,58920.27062465277
46,2020,3,12,6,44,41.97,4067071.664,-19797167.585,17365081.880999997,2634.9323400000003,2155.22644,1822.79119,2020-03-12 06:44:41.970,-317560029.0472414,-166623591.65378082,-40621644.70589862,147166857940.7826,-19257703417.57768,-8348233385.313322,58920.28104131943
46,2020,3,12,6,59,41.97,6397104.334,-17694246.296,18852897.445,2535.52945,2511.35094,1478.6916999999999,2020-03-12 06:59:41.970,-317134446.6463443,-167420641.51288542,-41000999.12389949,147171083261.56396,-19233268361.67428,-8337641248.452153,58920.2914579861
46,2020,3,12,7,14,41.97,8617995.076,-15289470.289,20019018.944,2392.7189900000003,2825.0500399999996,1108.91414,2020-03-12 07:14:41.970,-316706677.90618944,-168216518.66687626,-41380065.65608167,147175303793.27676,-19208832662.295654,-8327048835.309982,58920.30187465277
46,2020,3,12,7,29,41.97,10691661.217,-12623520.990999999,20843096.864,2208.80764,3090.8923499999996,719.66184,2020-03-12 07:29:41.970,-316276726.4547569,-169011217.9357829,-41758841.750468895,147179519535.77966,-19184396320.184055,-8316456146.20484,58920.31229131943
46,2020,3,12,7,44,41.97,12582414.351,-9741627.550999999,21310534.406,1986.80341,3304.21831,317.49865,2020-03-12 07:44:41.970,-315844595.9358281,-169804734.15271592,-42137324.859107845,147183730488.9313,-19159959336.081886,-8305863181.454804,58920.3227079861
46,2020,3,12,7,59,41.97,14257573.849,-6692832.9860000005,21412765.976,1730.3744299999998,3461.22553,-90.75446,2020-03-12 07:59:41.970,-315410290.00892365,-170597062.163906,-42515512.43809176,147187936652.5904,-19135521710.731686,-8295269941.37802,58920.33312465277
46,2020,3,12,8,14,41.97,15688038.133,-3529188.5349999997,21147439.467,1443.79629,3559.0427400000003,-498.12953,2020-03-12 08:14:41.970,-314973812.3492414,-171388196.8287466,-42893401.94758358,147192138026.6155,-19111083444.8762,-8284676426.292673,58920.34354131943
46,2020,3,12,8,29,41.97,16848803.444000002,-304887.333,20518496.953,1131.88806,3595.79035,-897.62706,2020-03-12 08:29:41.970,-314535166.64759374,-172178133.01983324,-43270990.85183949,147196334610.8653,-19086644539.25835,-8274082636.517017,58920.3539579861
46,2020,3,12,8,44,41.97,17719420.096,2924649.879,19536149.711999997,799.93749,3570.6262,-1282.33505,2020-03-12 08:44:41.970,-314094356.61034435,-172966865.62300453,-43648276.6192319,147200526405.1983,-19062204994.62118,-8263488572.369341,58920.36437465277
46,2020,3,12,8,59,41.97,18284376.707,6103722.781,18216745.064999998,453.61586,3483.7745400000003,-1645.55004,2020-03-12 08:59:41.970,-313651385.95934606,-173754389.53738168,-44025256.72227245,147204713409.47296,-19037764811.70794,-8252894234.167994,58920.37479131943
46,2020,3,12,9,14,41.97,18533403.619,9177317.527999999,16582524.311,98.88373,3336.5368399999998,-1980.89774,2020-03-12 09:14:41.970,-313206258.4318778,-174540699.67540783,-44401928.637634955,147208895623.54794,-19013323991.26204,-8242299622.231378,58920.3852079861
46,2020,3,12,9,29,41.97,18461687.766,12092073.919,14661273.067,-258.11129999999997,3131.28329,-2282.4510400000004,2020-03-12 09:29:41.970,-312758977.78058106,-175325790.96288788,-44778289.84617819,147213073047.2817,-18988882534.02704,-8231704736.877958,58920.39562465277
46,2020,3,12,9,44,41.97,18069992.587,14797235.768000001,12485867.566000002,-611.1431,2871.42388,-2544.84279,2020-03-12 09:44:41.970,-312309547.77339685,-176109658.3390267,-45154337.832968384,147217245680.53262,-18964440440.746723,-8221109578.426235,58920.40604131943
46,2020,3,12,9,59,41.97,17364678.224,17245565.979,10093722.812,-954.01973,2561.35881,-2763.37066,2020-03-12 09:59:41.970,-311857972.1935032,-176892296.75646797,-45530070.087301806,147221413523.15927,-18939997712.16496,-8210514147.194783,58920.4164579861
46,2020,3,12,10,14,41.97,16357619.182,19394207.665000003,7526150.939,-1280.69812,2206.4082900000003,-2934.09137,2020-03-12 10:14:41.970,-311404254.8392503,-177673701.18133268,-45905484.10272715,147225576575.01996,-18915554349.025883,-8199918443.502219,58920.42687465277
46,2020,3,12,10,29,41.97,15066018.827,21205473.059,4827640.533,-1585.3982600000002,1812.72243,-3053.90169,2020-03-12 10:29:41.970,-310948399.524098,-178453866.59325656,-46280577.37706785,147229734835.9731,-18891110352.073708,-8189322467.66722,58920.43729131943
46,2020,3,12,10,44,41.97,13512122.454,22647542.873,2045069.894,-1862.71393,1387.17264,-3120.60385,2020-03-12 10:44:41.970,-310490410.07655144,-179232787.98542774,-46655347.4124439,147233888305.87717,-18866665722.05291,-8178726220.008528,58920.4477079861
46,2020,3,12,10,59,41.97,11722833.121,23695060.332000002,-773130.72,-2107.7175700000003,937.2265600000001,-3132.95322,2020-03-12 10:59:41.970,-310030290.34009844,-180010460.36462426,-47029791.715294145,147238036984.59045,-18842220459.708065,-8168129700.844907,58920.45812465277
46,2020,3,12,11,14,41.97,9729236.924999999,24329606.218000002,-3577851.227,-2316.05625,470.80920999999995,-3090.6867700000003,2020-03-12 11:14:41.970,-309568044.1731439,-180786878.75125057,-47403907.79639802,147242180871.9714,-18817774565.78396,-8157532910.49522,58920.46854131943
46,2020,3,12,11,29,41.97,7566046.731000001,24540043.858,-6320190.3780000005,-2484.0364799999998,-3.84661,-2994.53123,2020-03-12 11:29:41.970,-309103675.44894713,-181562038.17937446,-47777693.17089728,147246319967.87814,-18793328041.025528,-8146935849.278356,58920.4789579861
46,2020,3,12,11,44,41.97,5270975.517,24322726.064999998,-8952342.43,-2608.69549,-478.3569,-2846.19053,2020-03-12 11:44:41.970,-308637188.05555737,-182335933.6967628,-48151145.3583175,147250454272.16916,-18768880886.177902,-8136338517.51327,58920.48937465277
46,2020,3,12,11,59,41.97,2884052.291,23681559.38,-11428463.256,-2687.8573,-944.34631,-2648.3127099999997,2020-03-12 11:59:41.970,-308168585.89574933,-183108560.3649184,-48524261.88258973,147254583784.70267,-18744433101.986378,-8125740915.518976,58920.49979131943
46,2020,3,12,12,14,41.97,446894.971,22627924.465,-13705497.808,-2720.17213,-1393.6072900000001,-2404.4373299999997,2020-03-12 12:14:41.970,-307697872.8869589,-183879913.25911456,-48897040.27207167,147258708505.33682,-18719984689.196434,-8115143043.614539,58920.5102079861
46,2020,3,12,12,29,41.97,-1998044.4239999999,21180455.035,-15743951.916,-2705.1384000000003,-1818.25468,-2118.92469,2020-03-12 12:29:41.970,-307225052.9612195,-184649987.46843076,-49269478.05956891,147262828433.93005,-18695535648.553688,-8104544902.119082,58920.52062465277
46,2020,3,12,12,44,41.97,-4408246.483,19364681.096,-17508592.965,-2643.10718,-2210.87208,-1796.8689200000001,2020-03-12 12:44:41.970,-306750130.0650963,-185418778.0957875,-49641572.78235613,147266943570.34064,-18671085980.80401,-8093946491.351792,58920.53104131943
46,2020,3,12,12,59,41.97,-6741887.216,17212545.359,-18969066.017,-2535.26924,-2564.64681,-1443.99739,2020-03-12 12:59:41.970,-306273108.15962267,-186186280.2579811,-50013321.98219773,147271053914.42664,-18646635686.693336,-8083347811.631916,58920.5414579861
46,2020,3,12,13,14,41.97,-8958581.696999999,14761804.452,-20100414.205000002,-2383.62548,-2873.49053,-1066.55908,2020-03-12 13:14:41.970,-305793991.220235,-186952489.08571783,-50384723.20536899,147275159466.04636,-18622184766.967873,-8072748863.27873,58920.55187465277
46,2020,3,12,13,29,41.97,-11020094.123000002,12055328.792,-20883494.793,-2190.94214,-3132.1435100000003,-671.2048000000001,2020-03-12 13:29:41.970,-305312783.236708,-187717399.72364745,-50755774.00267664,147279260225.05807,-18597733222.37395,-8062149646.61161,58920.56229131943
46,2020,3,12,13,44,41.97,-12891001.185999999,9140316.747000001,-21305284.86,-1960.69215,-3336.2605799999997,-264.86222,2020-03-12 13:44:41.970,-304829488.21309,-188481007.3303978,-51126471.92947923,147283356191.31992,-18573281053.658096,-8051550161.949959,58920.5727079861
46,2020,3,12,13,59,41.97,-14539297.112,6067439.915,-21359073.226,-1696.9844300000002,-3482.47812,145.39151999999999,2020-03-12 13:59:41.970,-304344110.1676376,-189243307.07860702,-51496814.545707755,147287447364.68997,-18548828261.56703,-8040950409.613251,58920.58312465277
46,2020,3,12,14,14,41.97,-15936930.474000001,2889937.087,-21044537.666,-1404.48332,-3568.4611,552.4568899999999,2020-03-12 14:14:41.970,-303856653.1327512,-190004294.15495688,-51866799.41588585,147291533745.02667,-18524374846.847595,-8030350389.92102,58920.59354131943
46,2020,3,12,14,29,41.97,-17060264.668,-337325.375,-20367708.854000002,-1088.31988,-3592.9306699999997,949.3362400000001,2020-03-12 14:29:41.970,-303367121.15490955,-190763963.76020575,-52236424.10915002,147295615332.188,-18499920810.24688,-8019750103.192848,58920.6039579861
46,2020,3,12,14,44,41.97,-17890455.797,-3558809.176,-19340824.511,-753.99735,-3555.67231,1329.25315,2020-03-12 14:44:41.970,-302875518.29460394,-191522311.10922042,-52605686.19926956,147299692126.03198,-18475466152.512104,-8009149549.74839,58920.61437465277
46,2020,3,12,14,59,41.97,-18413743.518,-6719258.751999999,-17982079.123,-407.29264,-3457.52564,1685.76489,2020-03-12 14:59:41.970,-302381848.6262744,-192279331.4310081,-52974583.26466647,147303764126.41708,-18451010874.390663,-7998548729.907355,58920.62479131943
46,2020,3,12,15,14,41.97,-18621652.16,-9764638.851,-16315276.099000001,-54.1557,-3300.35687,2012.8664600000002,2020-03-12 15:14:41.970,-301886116.2382433,-193035019.96874866,-53343112.888435274,147307831333.20123,-18426554976.63018,-7987947643.989503,58920.6352079861
46,2020,3,12,15,29,41.97,-18511101.025,-12643039.957,-14369390.577,299.39135,-3087.01511,2305.0849900000003,2020-03-12 15:29:41.970,-301388325.23264974,-193789371.9798248,-53711272.65836266,147311893746.24258,-18402098459.978405,-7977346292.314674,58920.64562465277
46,2020,3,12,15,44,41.97,-18084424.302,-15305537.764,-12178052.067,647.35398,-2821.27421,2557.5633199999997,2020-03-12 15:44:41.970,-300888479.7253849,-194542382.7358543,-54079060.16694686,147315951365.3993,-18377641325.183273,-7966744675.2027445,58920.65604131943
46,2020,3,12,15,59,41.97,-17349302.35,-17706994.235,-9778956.923,983.86224,-2507.76136,2766.13222,2020-03-12 15:59:41.970,-300386583.84602576,-195294047.52271992,-54446473.01141705,147320004190.5295,-18353183572.99292,-7956142792.973667,58920.6664579861
46,2020,3,12,16,14,41.97,-16318607.327,-19806789.154,-7213221.194,1303.26388,-2151.87428,2927.37062,2020-03-12 16:14:41.970,-299882641.73777014,-196044361.64059934,-54813508.79375267,147324052221.4914,-18328725204.155666,-7945540645.94745,58920.67687465277
46,2020,3,12,16,29,41.97,-15010167.155,-21569472.534,-4524684.779999999,1600.21254,-1759.68844,3038.65354,2020-03-12 16:29:41.970,-299376657.5573698,-196793320.40399647,-55180165.120702446,147328095458.1432,-18304266219.420006,-7934938234.444165,58920.68729131943
46,2020,3,12,16,44,41.97,-13446452.77,-22965329.632,-1759178.04,1869.74996,-1337.85587,3098.18759,2020-03-12 16:44:41.970,-298868635.4750667,-197540919.14176992,-55546439.603803456,147332133900.34262,-18279806619.534595,-7924335558.783935,58920.6977079861
46,2020,3,12,16,59,41.97,-11654194.355,-23970851.678,1036237.923,2107.3813800000003,-893.49709,3105.03398,2020-03-12 16:59:41.970,-298358579.6745255,-198287153.19716278,-55912329.85939973,147336167547.94812,-18255346405.24827,-7913732619.286953,58920.70812465277
46,2020,3,12,17,14,41.97,-9663932.952,-24569106.798,3814046.0979999998,2309.14366,-434.0876,3059.1191000000003,2020-03-12 17:14:41.970,-297846494.3527679,-199032017.92783207,-56277833.508661196,147340196400.81778,-18230885577.31009,-7903129416.273475,58920.71854131943
46,2020,3,12,17,29,41.97,-7509514.427,-24750006.857,6527052.399999999,2471.6652,32.659639999999996,2961.2329,2020-03-12 17:29:41.970,-297332383.7201074,-199775508.70587638,-56642948.17760215,147344220458.80975,-18206424136.46928,-7892525950.063815,58920.7289579861
46,2020,3,12,17,44,41.97,-5227533.279999999,-24510467.213,9129157.586,2592.21734,498.91446,2813.01513,2020-03-12 17:44:41.970,-296816252.00008285,-200517620.91786537,-57007671.49709967,147348239721.78192,-18181962083.475185,-7881922220.978345,58920.73937465277
46,2020,3,12,17,59,41.97,-2856734.213,-23854457.544,11576111.518,2668.7568,956.85109,2616.92994,2020-03-12 17:59:41.970,-296298103.42939305,-201258349.96486723,-57372001.10291196,147352254189.59262,-18157499419.07743,-7871318229.337507,58920.74979131943
46,2020,3,12,18,14,41.97,-437379.8,-22792943.101,13826239.302,2699.95849,1398.7698,2376.2288599999997,2020-03-12 18:14:41.970,-295777942.2578293,-201997691.26247635,-57735934.63569653,147356263862.10004,-18133036144.025738,-7860713975.461797,58920.7602079861
46,2020,3,12,18,29,41.97,1989407.054,-21343716.873,15841129.118999999,2685.23864,1817.2174699999998,2094.9027,2020-03-12 18:29:41.970,-295255772.7482111,-202735640.2408413,-58099469.74102824,147360268739.16214,-18108572259.07011,-7850109459.67178,58920.77062465277
46,2020,3,12,18,44,41.97,4382316.8040000005,-19531124.329,17586271.872,2624.76755,2205.10556,1777.62267,2020-03-12 18:44:41.970,-294731599.1763184,-203472192.34469116,-58462604.069417134,147364268820.63715,-18084107764.960613,-7839504682.288083,58920.78104131943
46,2020,3,12,18,59,41.97,6700533.768,-17385683.568,19031643.134999998,2519.47185,2555.82428,1429.67112,2020-03-12 18:59:41.970,-294205425.83082616,-204207343.0333627,-58825335.27632628,147368264106.38324,-18059642662.447598,-7828899643.631389,58920.7914579861
46,2020,3,12,19,14,41.97,8904413.753999999,-14943604.984,20152218.314000003,2371.02585,2863.35152,1056.86247,2020-03-12 19:14:41.970,-293677257.0132386,-204941087.78082693,-59187661.02218941,147372254596.2585,-18035176952.281536,-7818294344.022452,58920.80187465277
46,2020,3,12,19,29,41.97,10956148.879,-12246215.8,20928412.408,2181.8317,3122.35504,665.45483,2020-03-12 19:29:41.970,-293147097.03782207,-205673422.075715,-59549578.97242837,147376240290.1211,-18010710635.21312,-7807688783.782087,58920.81229131943
46,2020,3,12,19,44,41.97,12820409.431,-9339296.256,21346436.39,1954.9881200000002,3328.28637,262.05321999999995,2020-03-12 19:44:41.970,-292614950.2315382,-206404341.42134383,-59911086.79747062,147380221187.8292,-17986243711.9932,-7797082963.231167,58920.8227079861
46,2020,3,12,19,59,41.97,14464952.464,-6272335.667,21398562.933000002,1694.24779,3477.46465,-146.4949,2020-03-12 19:59:41.970,-292080820.93397945,-207133841.33574218,-60272182.17276632,147384197289.241,-17961776183.37283,-7786476882.690636,58920.83312465277
46,2020,3,12,20,14,41.97,15861186.788,-3097718.094,21083295.152,1403.96308,3567.14892,-553.21053,2020-03-12 20:14:41.970,-291544713.4973015,-207861917.3516752,-60632862.77880563,147388168594.21457,-17937308050.10325,-7775870542.481503,58920.84354131943
46,2020,3,12,20,29,41.97,16984684.098,130151.04,20405433.134999998,1089.02064,3595.5968199999998,-951.09908,2020-03-12 20:29:41.970,-291006632.2861564,-208588565.01666963,-60993126.30113546,147392135102.60815,-17912839312.935867,-7765263942.924831,58920.8539579861
46,2020,3,12,20,44,41.97,17815626.308,3355764.489,19376034.373999998,754.76517,3562.10811,-1333.26989,2020-03-12 20:44:41.970,-290466581.6776271,-209313779.89303818,-61352970.43037652,147396096814.28018,-17888369972.6223,-7754657084.341757,58920.86437465277
46,2020,3,12,20,59,41.97,18339179.635,6523464.424,18012265.816999998,406.91302,3467.05135,-1693.05726,2020-03-12 20:59:41.970,-289924566.06116056,-210037557.5579039,-61712392.86223992,147400053729.08862,-17863900029.914326,-7744049967.053476,58920.87479131943
46,2020,3,12,21,14,41.97,18545786.77,9578409.531,16337147.068,51.45674,3311.87225,-2024.14088,2020-03-12 21:14:41.970,-289380589.8385014,-210759893.6032237,-62071391.29754376,147404005846.8917,-17839429485.56393,-7733442591.381251,58920.8852079861
46,2020,3,12,21,29,41.97,18431369.552,12467540.869,14379186.348,-305.43809999999996,3099.08238,-2320.66332,2020-03-12 21:29:41.970,-288834657.4236252,-211480783.63581243,-62429963.44222966,147407953167.54782,-17814958340.323257,-7722834957.64641,58920.89562465277
46,2020,3,12,21,44,41.97,17997435.93,15140528.497,12171913.056,-657.5420899999999,2832.22761,-2577.34187,2020-03-12 21:44:41.970,-288286773.242672,-212200223.27736574,-62788107.007379025,147411895690.9151,-17790486594.944675,-7712227066.170345,58920.90604131943
46,2020,3,12,21,59,41.97,17251086.699,17550680.314,9753313.189000001,-998.67517,2515.8357100000003,-2789.57214,2020-03-12 21:59:41.970,-287736941.7338803,-212918208.16448322,-63145819.70922916,147415833416.85187,-17766014250.180717,-7701618917.274511,58920.9164579861
46,2020,3,12,22,14,41.97,16204919.456,19655794.476,7165176.266000001,-1322.82142,2155.34343,-2953.52061,2020-03-12 22:14:41.970,-287185167.34751934,-213634733.94869086,-63503099.26918946,147419766345.2164,-17741541306.784084,-7691010511.280434,58920.92687465277
46,2020,3,12,22,29,41.97,14876829.454999998,21418937.22,4452364.835,-1624.24294,1757.00384,-3066.20376,2020-03-12 22:29:41.970,-286631454.5458236,-214349796.29646358,-63859943.41385723,147423694475.86697,-17717067765.50772,-7680401848.509695,58920.93729131943
46,2020,3,12,22,44,41.97,13289709.411,22809128.928999998,1662019.8499999999,-1897.5900800000002,1327.7754,-3125.55108,2020-03-12 22:44:41.970,-286075807.8029257,-215063390.889247,-64216349.87503353,147427617808.66193,-17692593627.1047,-7669792929.2839575,58920.9477079861
46,2020,3,12,22,59,41.97,11471052.792000001,23801922.917,-1157282.8159999999,-2138.00522,875.1948699999999,-3130.45031,2020-03-12 22:59:41.970,-285518231.60478985,-215775513.42347953,-64572316.38973881,147431536343.45966,-17668118892.328312,-7659183753.924933,58920.95812465277
46,2020,3,12,23,14,41.97,9452467.579,24379863.566,-3956407.8850000002,-2341.2175199999997,407.23683,-3080.77319,2020-03-12 23:14:41.970,-284958730.44914603,-216486159.6106132,-64927840.70022836,147435450080.11844,-17643643561.932026,-7648574322.754411,58920.96854131943
46,2020,3,12,23,29,41.97,7269109.819,24532813.152,-6686550.212,-2503.62599,-67.83708,-2977.38079,2020-03-12 23:29:41.970,-284397308.8454219,-217195325.17713496,-65282920.55400795,147439359018.49667,-17619167636.66953,-7637964636.09424,58920.9789579861
46,2020,3,12,23,44,41.97,4959048.396,24258139.801000003,-9300119.829,-2622.36897,-541.6354100000001,-2822.1081400000003,2020-03-12 23:44:41.970,-283833971.3146772,-217903005.8645876,-65637553.703848764,147443263158.4528,-17594691117.29463,-7627354694.266338,58920.98937465277
46,2020,3,12,23,59,41.97,2562574.199,23560762.368,-11751603.899,-2695.3779600000003,-1005.7968900000001,-2617.72844,2020-03-12 23:59:41.970,-283268722.3895367,-218609197.42959002,-65991737.90780281,147447162499.8453,-17570214004.5614,-7616744497.592694,58920.99979131943
46,2020,3,13,0,14,41.97,121468.54299999999,22453052.152,-13998387.571999999,-2721.41478,-1452.14914,-2367.8978,2020-03-13 00:14:41.970,-282701566.6141244,-219313895.64385736,-66345470.92921767,147451057042.53247,-17545736299.224056,-7606134046.395353,58921.0102079861
46,2020,3,13,0,29,41.97,-2321755.52,20954590.972000003,-16001517.229999999,-2700.09141,-1872.8626,-2077.08232,2020-03-13 00:29:41.970,-282132508.5439959,-220017096.29422075,-66698750.53675164,147454946786.3728,-17521258002.037014,-7595523340.996442,58921.02062465277
46,2020,3,13,0,44,41.97,-4724618.728,19091799.97,-17726390.149,-2631.87178,-2260.59517,-1750.46884,2020-03-13 00:44:41.970,-281561552.74607205,-220718795.18264705,-67051574.50438827,147458831731.2249,-17496779113.75489,-7584912381.718139,58921.03104131943
46,2020,3,13,0,59,41.97,-7045438.0309999995,16897437.720999997,-19143358.338999998,-2518.05674,-2608.6256200000003,-1393.8629,2020-03-13 00:59:41.970,-280988703.7985729,-221418988.12625825,-67403940.61145101,147462711876.94727,-17472299635.132454,-7574301168.882694,58921.0414579861
46,2020,3,13,1,14,41.97,-9244066.452,14409987.497,-20228235.145999998,-2360.7523499999998,-2910.97206,-1013.5757299999999,2020-03-13 01:14:41.970,-280413966.2909502,-222117670.95734945,-67755846.64261778,147466587223.3983,-17447819566.924725,-7563689702.812437,58921.05187465277
46,2020,3,13,1,29,41.97,-11282597.804000001,11672944.706,-20962696.561,-2162.82309,-3162.49377,-616.30358,2020-03-13 01:29:41.970,-279837344.8238217,-222814839.5234084,-68107290.38793513,147470457770.43668,-17423338909.886852,-7553077983.829749,58921.06229131943
46,2020,3,13,1,44,41.97,-13126023.048999999,8734020.844999999,-21334571.526,-1927.83151,-3358.97473,-209.00226999999998,2020-03-13 01:44:41.970,-279258844.00890434,-223510489.68713355,-68458269.64283262,147474323517.92096,-17398857664.774216,-7542466012.257088,58921.0727079861
46,2020,3,13,1,59,41.97,-14742826.908,5644280.920999999,-21338018.197,-1659.9660700000002,-3497.1877799999997,201.24038,2020-03-13 01:59:41.970,-278678468.4689468,-224204617.32645178,-68808782.20813699,147478184465.70978,-17374375832.34235,-7531853788.416975,58921.08312465277
46,2020,3,13,2,14,41.97,-16105515.030000001,2457231.945,-20973585.559,-1363.95934,-3574.93917,607.3313,2020-03-13 02:14:41.970,-278096222.8376645,-224897218.33453625,-69158825.89008571,147482040613.66187,-17349893413.347034,-7521241312.631996,58921.09354131943
46,2020,3,13,2,29,41.97,-17191063.873999998,-772119.7590000001,-20248162.115,-1044.99844,-3591.09336,1002.29598,2020-03-13 02:29:41.970,-277512111.7596719,-225588288.61982384,-69508398.5003414,147485891961.63574,-17325410408.544197,-7510628585.224825,58921.1039579861
46,2020,3,13,2,44,41.97,-17981287.294,-3988224.925,-19174815.416,-708.6297900000001,-3545.57874,1379.3969299999999,2020-03-13 02:44:41.970,-276926139.8904162,-226277824.10603228,-69857497.85600483,147489738509.4903,-17300926818.689953,-7500015606.518174,58921.11437465277
46,2020,3,13,2,59,41.97,-18463115.611,-7135944.526000001,-17772527.992,-360.66019,-3439.375,1732.24513,2020-03-13 02:59:41.970,-276338311.89611095,-226965820.7321766,-70206121.77962917,147493580257.08417,-17276442644.540623,-7489402376.834847,58921.12479131943
46,2020,3,13,3,14,41.97,-18628784.703,-10161483.753,-16065836.792,-7.05611,-3274.48327,2054.90281,2020-03-13 03:14:41.970,-275748632.45367026,-227652274.45258594,-70554268.09923288,147497417204.2762,-17251957886.85273,-7478788896.49771,58921.1352079861
46,2020,3,13,3,29,41.97,-18475934.232,-13013291.93,-14084384.453,346.15724,-3053.8805,2341.97637,2020-03-13 03:29:41.970,-275157106.25064075,-228337181.23691955,-70901934.64831342,147501249350.92505,-17227472546.38295,-7468175165.82969,58921.14562465277
46,2020,3,13,3,44,41.97,-18007615.639,-15642914.703,-11862391.733000001,692.99528,-2781.45934,2588.6985299999997,2020-03-13 03:44:41.970,-274563737.9851367,-229020537.07018292,-71249119.26586019,147505076696.8898,-17202986623.888214,-7457561185.153797,58921.15604131943
46,2020,3,13,3,59,41.97,-17232211.810000002,-18005786.247,-9438061.199,1027.61072,-2461.95517,2790.99891,2020-03-13 03:59:41.970,-273968532.36577314,-229702337.95274305,-71595819.79636759,147508899242.0291,-17178500120.125574,-7446946954.7931,58921.1664579861
46,2020,3,13,4,14,41.97,-16163271.554000001,-20061950.595999997,-6852922.755,1344.38605,-2100.86182,2945.56254,2020-03-13 04:14:41.970,-273371494.1115989,-230382579.90034378,-71942034.08984795,147512716986.202,-17154013035.85234,-7436332475.070737,58921.17687465277
46,2020,3,13,4,29,41.97,-14819263.019,-21776702.644,-4151132.0079999994,1638.0210100000002,-1704.3376400000002,3049.8761499999996,2020-03-13 04:29:41.970,-272772627.9520312,-231061258.944121,-72287760.00184464,147516529929.2674,-17129525371.825947,-7425717746.309918,58921.18729131943
46,2020,3,13,4,44,41.97,-13223251.09,-23121140.745,-1378732.612,1903.61391,-1279.10325,3102.26195,2020-03-13 04:44:41.970,-272171938.6267887,-231738371.13061723,-72632995.39344409,147520338071.08426,-17105037128.804073,-7415102768.833926,58921.1977079861
46,2020,3,13,4,59,41.97,-11402504.576,-24072624.241,1417106.166,2136.73619,-832.33269,3101.8988799999997,2020-03-13 04:59:41.970,-271569430.8858254,-232413912.52179578,-72977738.1312889,147524141411.51175,-17080548307.544563,-7404487542.96611,58921.20812465277
46,2020,3,13,5,14,41.97,-9388039.676,-24615130.533999998,4188865.4640000006,2333.49939,-371.53934,3048.83158,2020-03-13 05:14:41.970,-270965109.48926455,-233087879.1950555,-73321986.08758995,147527939950.4087,-17056058908.805473,-7393872069.029889,58921.21854131943
46,2020,3,13,5,29,41.97,-7214106.742,-24739507.629,6889455.348999999,2490.61405,95.54207000000001,2943.9670300000002,2020-03-13 05:29:41.970,-270358979.20733225,-233760267.24324366,-73665737.14013885,147531733687.6344,-17031568933.345045,-7383256347.348754,58921.2289579861
46,2020,3,13,5,44,41.97,-4917627.923,-24443619.286000002,9472984.925,2605.43996,561.07592,2789.05923,2020-03-13 05:44:41.970,-269751044.8202917,-234431072.7746704,-74008989.17231989,147535522623.04785,-17007078381.921692,-7372640378.246261,58921.23937465277
46,2020,3,13,5,59,41.97,-2537593.638,-23732381.110999998,11895513.352,2676.02724,1017.2473799999999,2586.68216,2020-03-13 05:59:41.970,-269141311.11837626,-235100291.91312122,-74351740.07312219,147539306756.5084,-16982587255.294054,-7362024162.046038,58921.24979131943
46,2020,3,13,6,14,41.97,-114426.28600000001,-22617687.086999997,14115771.321,2701.14804,1456.38397,2340.19123,2020-03-13 06:14:41.970,-268529782.9017246,-235767920.7978705,-74693987.73715173,147543086087.87515,-16958095554.220945,-7351407699.071789,58921.2602079861
46,2020,3,13,6,29,41.97,2310680.067,-21118227.191999998,16095842.861,2680.31818,1871.07581,2053.67371,2020-03-13 06:29:41.970,-267916464.98031354,-236433955.58369374,-75035730.06464279,147546860617.00745,-16933603279.461369,-7340790989.647279,58921.27062465277
46,2020,3,13,6,44,41.97,4696434.952,-19259197.925,17801797.634999998,2613.80862,2254.29314,1731.88838,2020-03-13 06:44:41.970,-267301362.1738924,-237098392.44088036,-75376964.96146983,147550630343.7645,-16909110431.774534,-7330174034.096354,58921.28104131943
46,2020,3,13,6,59,41.97,7002132.273999999,-17071908.734,19204264.277,2502.64626,2599.4999000000003,1380.19489,2020-03-13 06:59:41.970,-266684479.31191757,-237761227.55524495,-75717690.33915901,147554395268.00565,-16884617011.919851,-7319556832.742926,58921.2914579861
46,2020,3,13,7,14,41.97,9188326.924,-14593288.624,20278935.733,2348.60377,2900.76174,1004.47344,2020-03-13 07:14:41.970,-266065821.23348603,-238422457.12814024,-76057904.1148995,147558155389.59048,-16860123020.656887,-7308939385.9109745,58921.30187465277
46,2020,3,13,7,29,41.97,11217497.24,-11865298.479999999,21006998.084,2154.1783,3152.84723,611.03516,2020-03-13 07:29:41.970,-265445392.7872697,-239082077.3764676,-76397604.21155468,147561910708.37823,-16835628458.745432,-7298321693.924549,58921.31229131943
46,2020,3,13,7,44,41.97,13054683.141999999,-8934256.086,21375474.954,1922.5587,3351.3204499999997,206.52426,2020-03-13 07:44:41.970,-264823198.83144987,-239740084.5326887,-76736788.55767347,147565661224.22855,-16811133326.945467,-7287703757.107781,58921.3227079861
46,2020,3,13,7,59,41.97,14668089.620000001,-5850082.246,21377480.351999998,1657.5812700000001,3492.62341,-202.18741,2020-03-13 07:59:41.970,-264199244.23365098,-240396474.84483677,-77075455.08750126,147569406937.00095,-16786637626.017176,-7277085575.784864,58921.33312465277
46,2020,3,13,8,14,41.97,16029645.243999999,-2665477.9669999997,21012373.765,1363.6741,3574.14653,-608.1119299999999,2020-03-13 08:14:41.970,-263573533.87087575,-241051244.57652634,-77413601.74099065,147573147846.5549,-16762141356.720901,-7266467150.280065,58921.34354131943
46,2020,3,13,8,29,41.97,17115505.472,564955.76,20285812.439000003,1045.79012,3594.28543,-1004.2619399999999,2020-03-13 08:29:41.970,-262946072.62943858,-241704390.0069645,-77751226.46381243,147576883952.7501,-16737644519.817217,-7255848480.91772,58921.3539579861
46,2020,3,13,8,44,41.97,17906490.864,3785642.475,19209697.161,709.3294999999999,3552.48231,-1383.77039,2020-03-13 08:44:41.970,-262316865.40490082,-242355907.4309607,-78088327.20736626,147580615255.4463,-16713147116.066887,-7245229568.02224,58921.36437465277
46,2020,3,13,8,59,41.97,18388450.843,6940984.42,17802009.505999997,360.05193,3449.25018,-1740.01166,2020-03-13 08:59:41.970,-261685917.10200498,-243005793.1589362,-78424901.92879078,147584341754.50308,-16688649146.230839,-7234610411.918111,58921.37479131943
46,2020,3,13,9,14,41.97,18552544.467,9976330.336000001,16086540.333999999,3.9801200000000003,3286.1787,-2066.72169,2020-03-13 09:14:41.970,-261053232.63460904,-243654043.5169344,-78760948.59097447,147588063449.7805,-16664150611.07022,-7223991012.929884,58921.3852079861
46,2020,3,13,9,29,41.97,18395430.777000003,12838939.679,14092511.436999999,-352.70432,3065.92025,-2358.1148399999997,2020-03-13 09:29:41.970,-260418816.92562163,-244300654.84662926,-79096465.16256565,147591780341.13818,-16639651511.346375,-7213371371.382179,58921.39562465277
46,2020,3,13,9,44,41.97,17919362.722000003,15478925.140999999,11854094.510000002,-703.77079,2792.1555200000003,-2608.99481,2020-03-13 09:44:41.970,-259782674.90693602,-244945623.50533503,-79431449.6179828,147595492428.436,-16615151847.820822,-7202751487.599703,58921.40604131943
46,2020,3,13,9,59,41.97,17132180.384999998,17850154.904,9409833.987,-1043.05315,2469.53843,-2814.85689,2020-03-13 09:59:41.970,-259144811.51936576,-245588945.86601424,-79765899.93742438,147599199711.5339,-16590651621.255308,-7192131361.90722,58921.4164579861
46,2020,3,13,10,14,41.97,16047201.223,19911096.015,6801982.761,-1364.56471,2103.6205,-2971.9788399999998,2020-03-13 10:14:41.970,-258505231.71257886,-246230618.3172869,-80099814.10687892,147602902190.2921,-16566150832.411741,-7181510994.629574,58921.42687465277
46,2020,3,13,10,29,41.97,14683007.320999999,21625580.808,4075762.144,-1662.61168,1700.7556399999999,-3077.49796,2020-03-13 10:29:41.970,-257863940.44503242,-246870637.26343808,-80433190.11813462,147606599864.5704,-16541649482.052225,-7170890386.091673,58921.43729131943
46,2020,3,13,10,44,41.97,13063132.015999999,22963479.395,1278559.652,-1931.90282,1267.98695,-3129.4718399999997,2020-03-13 10:44:41.970,-257220942.68390888,-247508999.1244258,-80766025.96878913,147610292734.22906,-16517147570.939072,-7160269536.618511,58921.4477079861
46,2020,3,13,10,59,41.97,11215650.773,23901262.953,-1540919.881,-2167.6522,812.91769,-3126.92103,2020-03-13 10:59:41.970,-256576243.40504962,-248145700.33588916,-81098319.6622591,147613980799.1282,-16492645099.83481,-7149648446.535145,58921.45812465277
46,2020,3,13,11,14,41.97,9172683.601,24422444.781,-4333532.8319999995,-2365.6725,343.56916,-3069.85203,2020-03-13 11:14:41.970,-255929847.59289107,-248780737.34915525,-81430069.2077895,147617664059.1281,-16468142069.50211,-7139027116.166707,58921.46854131943
46,2020,3,13,11,29,41.97,6969818.647,24517888.847999997,-7050586.867,-2522.45653,-131.77105,-2959.25989,2020-03-13 11:29:41.970,-255281760.24039912,-249414106.63124663,-81761272.62046276,147621342514.089,-16443638480.70388,-7128405545.838401,58921.4789579861
46,2020,3,13,11,44,41.97,4645468.626,24185978.706,-9644723.970999999,-2635.24465,-604.70695,-2797.10999,2020-03-13 11:44:41.970,-254631986.34900534,-250045804.6648874,-82091927.92120847,147625016163.87122,-16419134334.20321,-7117783735.875501,58921.48937465277
46,2020,3,13,11,59,41.97,2240173.508,23432643.034,-12070777.92,-2702.07652,-1066.89422,-2586.29953,2020-03-13 11:59:41.970,-253980530.92854133,-250675827.9485106,-82422033.13681182,147628685008.33514,-16394629630.76339,-7107161686.603369,58921.49979131943
46,2020,3,13,12,14,41.97,-204135.86000000002,22271237.64,-14286588.339,-2721.826,-1510.1985,-2330.5998099999997,2020-03-13 12:14:41.970,-253327398.9971749,-251304172.99626404,-82751586.29992293,147632349047.34125,-16370124371.147879,-7096539398.347418,58921.5102079861
46,2020,3,13,12,29,41.97,-2644897.65,20722287.209999997,-16253754.688000001,-2694.21846,-1926.8481,-2034.5807900000002,2020-03-13 12:29:41.970,-252672595.5813451,-251930836.33801654,-83080585.44906536,147636008280.75012,-16345618556.120382,-7085916871.43315,58921.52062465277
46,2020,3,13,12,44,41.97,-5039686.625,18813093.466,-17938315.233000003,-2619.83057,-2309.57764,-1703.5202,2020-03-13 12:44:41.970,-252016125.71569827,-252555814.51936314,-83409028.62864506,147639662708.42236,-16321112186.444735,-7075294106.1861315,58921.53104131943
46,2020,3,13,12,59,41.97,-7346973.67,16577219.378999999,-19311338.145000003,-2500.0727399999996,-2651.75932,-1343.29962,2020-03-13 12:59:41.970,-251357994.44302326,-253179104.10163167,-83736913.8889588,147643312330.2185,-16296605262.885025,-7064671102.932007,58921.5414579861
46,2020,3,13,13,14,41.97,-9526862.184,14053861.714,-20349414.232,-2337.15544,-2947.51944,-960.29027,2020-03-13 13:14:41.970,-250698206.81418732,-253800701.66188663,-84064239.2862027,147646957145.99933,-16272097786.205505,-7054047861.996496,58921.55187465277
46,2020,3,13,13,29,41.97,-11541787.237,11287126.31,-21035043.398999996,-2134.04041,-3191.83772,-561.23155,2020-03-13 13:29:41.970,-250036767.88807225,-254420603.79293573,-84391002.8824804,147650597155.62567,-16247589757.170631,-7043424383.705383,58921.56229131943
46,2020,3,13,13,44,41.97,-13357164.736000001,8325222.11,-21356909.529,-1894.37864,-3380.62831,-153.10501000000002,2020-03-13 13:44:41.970,-249373682.73150986,-255038807.10333264,-84717202.74581148,147654232358.95834,-16223081176.545053,-7032800668.384536,58921.5727079861
46,2020,3,13,13,59,41.97,-14941979.424999999,5219591.0139999995,-21310041.064,-1622.43677,-3510.8013499999997,256.99313,2020-03-13 13:59:41.970,-248708956.41921842,-255655308.21738353,-85042836.95013934,147657862755.85812,-16198572045.09362,-7022176716.359892,58921.58312465277
46,2020,3,13,14,14,41.97,-16269302.263,2023991.2019999998,-20895857.043,-1323.01412,-3580.30473,661.9786399999999,2020-03-13 14:14:41.970,-248042594.03373867,-256270103.7751498,-85367903.57533945,147661488346.1862,-16174062363.58138,-7011552527.95746,58921.59354131943
46,2020,3,13,14,29,41.97,-17316729.594,-1206448.3150000002,-20122100.592,-1001.3521999999999,-3588.14635,1054.90235,2020-03-13 14:29:41.970,-247374600.6653695,-256883190.4324527,-85692400.70722695,147665109129.80344,-16149552132.77355,-7000928103.503328,58921.6039579861
46,2020,3,13,14,44,41.97,-18066738.323000003,-4416184.506,-19002663.921,-663.03887,-3534.39725,1429.0678500000001,2020-03-13 14:44:41.970,-246704981.41210535,-257494564.86087656,-86016326.4375645,147668725106.57117,-16125041353.43558,-6990303443.323656,58921.61437465277
46,2020,3,13,14,59,41.97,-18506953.149,-7550211.705,-17557310.603,-313.90906,-3420.17657,1778.14176,2020-03-13 14:59:41.970,-246033741.37957132,-258104223.7477729,-86339678.86406985,147672336276.35046,-16100530026.333088,-6979678547.744673,58921.62479131943
46,2020,3,13,15,14,41.97,-18630323.584999997,-10554991.725,-15811302.443,40.05607,-3247.61954,2096.25529,2020-03-13 15:14:41.970,-245360885.68096069,-258712163.79626304,-86662456.09042352,147675942639.00238,-16076018152.231913,-6969053417.092687,58921.6352079861
46,2020,3,13,15,29,41.97,-18435210.126000002,-13379347.981,-13794939.399999999,392.82999,-3019.82977,2378.0957,2020-03-13 15:29:41.970,-244686419.43697104,-259318381.72524095,-86984656.22627603,147679544194.3885,-16051505731.898058,-6958428051.694083,58921.64562465277
46,2020,3,13,15,44,41.97,-17925380.333,-15975310.173,-11543022.022,738.43984,-2740.8173100000004,2618.98689,2020-03-13 15:44:41.970,-244010347.77574086,-259922874.26937684,-87306277.3872551,147683140942.37018,-16026992766.09774,-6947802451.875317,58921.65604131943
46,2020,3,13,15,59,41.97,-17109916.956,-18298897.439,-9094246.553000001,1071.06264,-2415.42411,2814.95836,2020-03-13 15:59:41.970,-243332675.83278674,-260525638.17911848,-87627317.69497314,147686732882.80865,-16002479255.597366,-6937176617.962915,58921.6664579861
46,2020,3,13,16,14,41.97,-16003041.34,-20310829.297,-6490543.370999999,1385.1172000000001,-2049.2384,2962.80211,2020-03-13 16:14:41.970,-242653408.7509398,-261126670.22069395,-87947775.2770339,147690320015.56586,-15977965201.16355,-6926550550.283483,58921.67687465277
46,2020,3,13,16,29,41.97,-14623856.379999999,-21977155.094,-3776369.773,1675.35079,-1648.49945,3060.11715,2020-03-13 16:29:41.970,-241972551.68028268,-261725967.17611343,-88267648.26703975,147693902340.50314,-15953450603.563086,-6915924249.163701,58921.68729131943
46,2020,3,13,16,44,41.97,-12996014.18,-23269794.11,-997968.274,1936.91963,-1219.99449,3105.34161,2020-03-13 16:44:41.970,-241290109.77808732,-262323525.8431712,-88586934.80459827,147697479857.4823,-15928935463.56297,-6905297714.93032,58921.6977079861
46,2020,3,13,16,59,41.97,-11147314.317,-24166979.781,1797398.337,2165.46254,-770.94902,3097.7723300000002,2020-03-13 16:59:41.970,-240606088.20875123,-262919343.03544676,-88905633.03532904,147701052566.365,-15904419781.93039,-6894670947.910168,58921.70812465277
46,2020,3,13,17,14,41.97,-9109239.263,-24653602.867000002,4562224.009,2357.16683,-308.91214,3037.57207,2020-03-13 17:14:41.970,-239920492.14373544,-263513415.582306,-89223741.11087027,147704620467.01306,-15879903559.43274,-6884043948.430152,58921.71854131943
46,2020,3,13,17,29,41.97,-6916434.086999999,-24721449.652,7249537.432,2508.8261100000004,158.36184,2925.7645399999997,2020-03-13 17:29:41.970,-239233326.76150158,-264105740.3289027,-89541257.1888852,147708183559.28864,-15855386796.837597,-6873416716.817247,58921.7289579861
46,2020,3,13,17,44,41.97,-4606138.057999999,-24369332.456,9813670.151,2617.88931,623.03405,2764.21746,2020-03-13 17:44:41.970,-238544597.2474495,-264696314.1361783,-89858179.43306854,147711741843.05347,-15830869494.91274,-6862789253.398506,58921.73937465277
46,2020,3,13,17,59,41.97,-2217576.168,-23603110.98,12211004.135,2682.50063,1077.30282,2555.61386,2020-03-13 17:59:41.970,-237854308.7938546,-265285133.88086352,-90174506.01315264,147715295318.16977,-15806351654.42614,-6852161558.501053,58921.74979131943
46,2020,3,13,18,14,41.97,208680.96,-22435604.126,14400688.399999999,2701.52982,1513.52508,2303.4121,2020-03-13 18:14:41.970,-237162466.5998064,-265872196.45547786,-90490235.1049138,147718843984.4996,-15781833276.145962,-6841533632.452093,58921.7602079861
46,2020,3,13,18,29,41.97,2631380.012,-20886393.098,16345314.592999998,2674.59259,1924.33634,2011.7947100000001,2020-03-13 18:29:41.970,-236469075.87114564,-266457498.76832962,-90805364.89017804,147722387841.9053,-15757314360.84058,-6830905475.578903,58921.77062465277
46,2020,3,13,18,44,41.97,5009261.619,-18981517.77,18011541.75,2602.06057,2302.76771,1685.60663,2020-03-13 18:44:41.970,-235774141.82040206,-267041037.74351618,-91119893.55682726,147725926890.24915,-15732794909.278547,-6820277088.208836,58921.78104131943
46,2020,3,13,18,59,41.97,7301741.245999999,-16753069.490000002,19370660.838,2485.0607400000004,2642.35874,1330.2832700000001,2020-03-13 18:59:41.970,-235077669.6667332,-267622810.32092294,-91433819.29880507,147729461129.39346,-15708274922.228611,-6809648470.669319,58921.7914579861
46,2020,3,13,19,14,41.97,9469584.593,-14238684.745000001,20399090.116,2325.4637900000002,2937.26466,951.76882,2020-03-13 19:14:41.970,-234379664.63586223,-268202813.4562232,-91747140.31612228,147732990559.20068,-15683754400.459726,-6799019623.287849,58921.80187465277
46,2020,3,13,19,29,41.97,11475567.514,-11480945.433,21078792.867,2125.8612700000003,3182.35643,556.42554,2020-03-13 19:29:41.970,-233680131.96001574,-268781044.1208768,-92059854.81486258,147736515179.53363,-15659233344.741037,-6788390546.392013,58921.81229131943
46,2020,3,13,19,44,41.97,13285110.234,-8526692.891999999,21397609.715,1889.53134,3373.3120900000004,150.93479000000002,2020-03-13 19:44:41.970,-232979076.87786338,-269357499.3021294,-92371961.00718814,147740034990.25467,-15634711755.841887,-6777761240.309457,58921.8227079861
46,2020,3,13,19,59,41.97,14866875.557,-5426264.285,21349498.487,1620.393,3506.69763,-257.80926999999997,2020-03-13 19:59:41.970,-232276504.63445494,-269932176.00301045,-92683457.11134489,147743549991.22665,-15610189634.531797,-6767131705.367916,58921.83312465277
46,2020,3,13,20,14,41.97,16193320.724,-2232661.5310000004,20934675.582,1322.94885,3580.0357200000003,-662.81204,2020-03-13 20:14:41.970,-231572420.4811603,-270505071.2423322,-92994341.35166772,147747060182.3124,-15585666981.580513,-6756501941.8951845,58921.84354131943
46,2020,3,13,20,29,41.97,17241192.732,999335.5109999999,20159653.953,1002.21677,3591.86058,-1057.0955900000001,2020-03-13 20:29:41.970,-230866829.67560714,-271076182.0546875,-93304611.95858571,147750565563.37473,-15561143797.757936,-6745871950.219147,58921.8539579861
46,2020,3,13,20,44,41.97,17991957.288000003,4214098.2700000005,19037174.231000002,663.65088,3541.75711,-1433.8187200000002,2020-03-13 20:44:41.970,-230159737.48162064,-271645505.490448,-93614267.16862726,147754066134.27673,-15536620083.834211,-6735241730.667759,58921.86437465277
46,2020,3,13,20,59,41.97,18432152.102,7356106.276000001,17586027.179,313.05261,3430.38278,-1786.39805,2020-03-13 20:59:41.970,-229451149.16916192,-272213038.6157619,-93923305.22442497,147757561894.88153,-15512095840.579636,-6724611283.569048,58921.87479131943
46,2020,3,13,21,14,41.97,18553656.133,10370915.38,15830767.529000001,-43.52698,3259.47084,-2108.62789,2020-03-13 21:14:41.970,-228741070.01426756,-272778778.5125508,-94231724.37472038,147761052845.0521,-15487571068.764727,-6713980609.251124,58921.8852079861
46,2020,3,13,21,29,41.97,18353867.513,13206119.999,13801321.412999999,-399.89215,3031.8137300000003,-2394.79642,2020-03-13 21:29:41.970,-228029505.29898867,-273342722.27850777,-94539522.87436882,147764538984.65182,-15463045769.160187,-6703349708.04217,58921.89562465277
46,2020,3,13,21,44,41.97,17835784.358,15812291.230999999,11532491.848,-749.81299,2751.22594,-2639.7955699999998,2020-03-13 21:44:41.970,-227316460.31133023,-273904867.0270941,-94846698.98434407,147768020313.5439,-15438519942.53691,-6692718580.270434,58921.90604131943
46,2020,3,13,21,59,41.97,17007984.422000002,18143872.204,9063369.181,-1087.13935,2422.48612,-2839.2219299999997,2020-03-13 21:59:41.970,-226601940.34519088,-274465209.8875359,-95153250.97174263,147771496831.59186,-15413993589.665995,-6682087226.264252,58921.9164579861
46,2020,3,13,22,14,41.97,15884501.632,20160012.097,6436655.807,-1405.9156500000001,2051.2587999999996,-2989.46589,2020-03-13 22:14:41.970,-225885950.70030203,-275023748.0048213,-95459177.10978854,147774968538.65933,-15389466711.318724,-6671455646.352037,58921.92687465277
46,2020,3,13,22,29,41.97,14484599.754999999,21825320.874,3697916.832,-1700.49419,1643.99671,-3087.78665,2020-03-13 22:29:41.970,-225168496.68216828,-275580478.53969556,-95764475.67783739,147778435434.60983,-15364939308.266571,-6660823840.862273,58921.93729131943
46,2020,3,13,22,44,41.97,12832445.93,23110527.945,894770.56,-1965.64392,1207.82528,-3132.37063,2020-03-13 22:44:41.970,-224449583.60200676,-276135398.6686591,-96069144.96138048,147781897519.30695,-15340411381.281229,-6650191810.123519,58921.9477079861
46,2020,3,13,22,59,41.97,10956689.243,23993029.742,-1923965.4880000001,-2196.65222,750.4117,-3122.37154,2020-03-13 22:59:41.970,-223729216.77668744,-276688505.5839619,-96373183.25204925,147785354792.6146,-15315882931.134567,-6639559554.464407,58921.95812465277
46,2020,3,13,23,14,41.97,8889951.963,24457313.522,-4709155.791999999,-2389.4168,279.82137,-3057.93069,2020-03-13 23:14:41.970,-223007401.52867332,-277239796.49360013,-96676588.84761888,147788807254.3967,-15291353958.598637,-6628927074.213653,58921.96854131943
46,2020,3,13,23,29,41.97,6668243.362,24495247.526,-7412237.113,-2540.52543,-195.63499000000002,-2940.17673,2020-03-13 23:29:41.970,-222284143.18596023,-277789268.6213113,-96979360.05201249,147792254904.51715,-15266824464.445705,-6618294369.7000475,58921.9789579861
46,2020,3,13,23,44,41.97,4330308.041,24106230.783,-9986099.193,-2647.32146,-667.5596700000001,-2771.20465,2020-03-13 23:44:41.970,-221559447.08201793,-278336919.2065693,-97281495.17530493,147795697742.84012,-15242294449.448221,-6607661441.25245,58921.98937465277
46,2020,3,13,23,59,41.97,1916922.374,23297199.326,-12385937.42,-2707.95336,-1127.62808,-2554.03461,2020-03-13 23:59:41.970,-220833318.55573052,-278882745.5045805,-97582992.53372616,147799135769.22974,-15217763914.378834,-6597028289.1998005,58921.99979131943
46,2020,3,14,0,14,41.97,-529846.114,22082489.495,-14570059.908,-2721.40732,-1567.74649,-2292.55159,2020-03-14 00:14:41.970,-220105762.95133653,-279426744.78627753,-97883850.44966514,147802568983.5504,-15193232860.01039,-6586394913.8711195,58922.0102079861
46,2020,3,14,0,29,41.97,-2967400.654,20483559.66,-16500631.377999999,-2687.52236,-1980.2037699999998,-1991.4279999999999,2020-03-14 00:29:41.970,-219376785.61837018,-279968914.33831483,-98184067.25167325,147805997385.66623,-15168701287.115913,-6575761315.595495,58922.02062465277
46,2020,3,14,0,44,41.97,-5353383.063,18528583.535,-18144342.209,-2606.98749,-2357.8134999999997,-1656.0303999999999,2020-03-14 00:44:41.970,-218646391.9116024,-280509251.4630625,-98483641.27446775,147809420975.44186,-15144169196.468643,-6565127494.702099,58922.03104131943
46,2020,3,14,0,59,41.97,-7646431.045,16251917.004999999,-19472985.804,-2481.3222,-2694.0434299999997,-1292.31428,2020-03-14 00:59:41.970,-217914587.1909821,-281047753.4786006,-98782570.85893476,147812839752.74182,-15119636588.841995,-6554493451.52017,58922.0414579861
46,2020,3,14,1,14,41.97,-9806910.642,13693457.14,-20463937.531,-2312.84051,-2983.1297,-906.70861,2020-03-14 01:14:41.970,-217181376.82157657,-281584417.7187143,-99080854.35213281,147816253717.43097,-15095103465.009586,-6543859186.37903,58922.05187465277
46,2020,3,14,1,29,41.97,-11797609.609,10897905.62,-21100526.242,-2104.60038,-3220.17391,-505.99357,2020-03-14 01:29:41.970,-216446766.17351356,-282119241.5328862,-99378490.10729575,147819662869.37378,-15070569825.745222,-6533224699.608084,58922.06229131943
46,2020,3,14,1,44,41.97,-13584379.189,7913953.155,-21372293.673,-1860.3400000000001,-3401.2214200000003,-97.17415,2020-03-14 01:44:41.970,-215710760.62192276,-282652222.2862912,-99675476.4838359,147823067208.43512,-15046035671.822905,-6522589991.536793,58922.0727079861
46,2020,3,14,1,59,41.97,-15136713.339,4793402.092999999,-21275139.359,-1584.4027800000001,-3523.32029,312.64743,2020-03-14 01:59:41.970,-214973365.54687732,-283183357.35978955,-99971811.84734659,147826466734.4803,-15021501004.01684,-6511955062.494718,58922.08312465277
46,2020,3,14,2,14,41.97,-16428256.201,1590244.9039999999,-20811351.136,-1281.6532599999998,-3584.56039,716.3979700000001,2020-03-14 02:14:41.970,-214234586.33333516,-283712644.1499193,-100267494.56960541,147829861447.37405,-14996965823.101406,-6501319912.811475,58922.09354131943
46,2020,3,14,2,29,41.97,-17437230.47,-1640283.736,-19989523.520999998,-957.38575,-3584.09305,1107.15581,2020-03-14 02:29:41.970,-213494428.37108162,-284240080.06889135,-100562523.0285766,147833251346.98172,-14972430129.851189,-6490684542.816769,58922.1039579861
46,2020,3,14,2,44,41.97,-18146781.106,-4842663.9059999995,-18824368.275000002,-617.2279000000001,-3522.13165,1478.26761,2020-03-14 02:44:41.970,-212752897.05467132,-284765662.54458034,-100856895.60841365,147836636433.16858,-14947893925.04096,-6480048952.840378,58922.11437465277
46,2020,3,14,2,59,41.97,-18545230.689,-7962039.778,-17336423.172,-267.04112000000003,-3399.93422,1823.45753,2020-03-14 02:59:41.970,-212009997.78337008,-285289389.02051866,-101150610.69946209,147840016705.8,-14923357209.445683,-6469413143.212153,58922.12479131943
46,2020,3,14,3,14,41.97,-18626244.369,-10945145.613999998,-15551666.424999999,87.18046,-3219.76923,2136.92742,2020-03-14 03:14:41.970,-211265735.9610974,-285811256.955888,-101443666.69826159,147843392164.7414,-14898819983.840525,-6458777114.262033,58922.1352079861
46,2020,3,14,3,29,41.97,-18388903.951,-13741193.888,-13501045.42,439.41064,-2984.8658499999997,2413.4469200000003,2020-03-14 03:29:41.970,-210520116.99636906,-286331263.8255125,-101736062.0075483,147846762809.85855,-14874282249.000832,-6448140866.32002,58922.14562465277
46,2020,3,14,3,44,41.97,-17837692.107,-16302712.25,-11219929.317,783.68995,-2699.35025,2648.4324500000002,2020-03-14 03:44:41.970,-209773146.30223966,-286849407.1198501,-102027795.03625725,147850128641.01703,-14849744005.702152,-6437504399.716202,58922.15604131943
46,2020,3,14,3,59,41.97,-16982388.972,-18586317.43,-8747495.756000001,1114.2213199999999,-2368.1694700000003,2838.01453,2020-03-14 03:59:41.970,-209024829.29624563,-287365684.34498525,-102318864.19952439,147853489658.08258,-14825205254.720217,-6426867714.780726,58922.1664579861
46,2020,3,14,4,14,41.97,-15837884.523999998,-20553415.613,-6126062.395,1425.4614000000001,-1997.0043699999999,2979.09298,2020-03-14 04:14:41.970,-208275171.40034777,-287880093.0226196,-102609267.91868857,147856845860.92123,-14800665996.830969,-6416230811.843842,58922.17687465277
46,2020,3,14,4,29,41.97,-14423911.152,-22170820.185,-3400374.33,1712.2064699999999,-1592.17336,3069.3797799999998,2020-03-14 04:29:41.970,-207524178.04087454,-288392630.69006497,-102899004.62129347,147860197249.39905,-14776126232.810516,-6405593691.235852,58922.18729131943
46,2020,3,14,4,44,41.97,-12764701.658,-23411279.187,-616858.566,1969.67203,-1160.52823,3107.4294,2020-03-14 04:44:41.970,-206771854.64846525,-288903294.90023327,-103188072.74108957,147863543823.38208,-14751585963.435173,-6394956353.287153,58922.1977079861
46,2020,3,14,4,59,41.97,-10888578.705,-24253906.14,2177143.211,2193.56548,-709.34385,3092.6566900000003,2020-03-14 04:59:41.970,-206018206.6580136,-289412083.22162855,-103476470.7180357,147866885582.73663,-14727045189.481445,-6384318798.32821,58922.20812465277
46,2020,3,14,5,14,41.97,-8827482.325000001,-24684509.237999998,4934152.407,2380.1509699999997,-246.20286,3025.34245,2020-03-14 05:14:41.970,-205263239.508611,-289918993.23833734,-103764196.99830087,147870222527.32904,-14702503911.726028,-6373681026.689559,58922.21854131943
46,2020,3,14,5,29,41.97,-6616442.701,-24695815.143,7607330.776,2526.30607,221.12301000000002,2906.62679,2020-03-14 05:29:41.970,-204506958.64348984,-290424022.5500204,-104051250.03426583,147873554657.0257,-14677962130.945808,-6363043038.701822,58922.2289579861
46,2020,3,14,5,44,41.97,-4293005.867,-24287584.871,10151246.33,2629.56965,684.7938399999999,2738.49053,2020-03-14 05:44:41.970,-203749369.50996852,-290927168.7719025,-104337628.28452432,147876881971.6934,-14653419847.917864,-6352404834.695691,58922.23937465277
46,2020,3,14,5,59,41.97,-1896620.446,-23466620.398,12522617.261,2688.18052,1137.0232700000001,2523.72504,2020-03-14 05:59:41.970,-202990477.55939406,-291428429.5347633,-104623330.21388477,147880204471.1986,-14628877063.419472,-6341766415.00194,58922.24979131943
46,2020,3,14,6,14,41.97,532006.104,-22246661.806,14681023.527999999,2701.10648,1570.1997700000002,2265.89057,2020-03-14 06:14:41.970,-202230288.24708712,-291927802.4849271,-104908354.29337125,147883522155.4083,-14604333778.22809,-6331127779.951418,58922.2602079861
46,2020,3,14,6,29,41.97,2951572.896,-20648175.933,16589576.049999999,2668.0633,1977.00624,1969.26378,2020-03-14 06:29:41.970,-201468807.03228566,-292425285.28425395,-105192699.00022511,147886835024.18924,-14579789993.121363,-6320488929.875044,58922.27062465277
46,2020,3,14,6,44,41.97,5320863.475000001,-18698038.645,18215533.77,2589.52341,2350.5365899999997,1638.77447,2020-03-14 06:44:41.970,-200706039.37809005,-292920875.61012834,-105476362.81790572,147890143077.40863,-14555245708.87714,-6309849865.103825,58922.28104131943
46,2020,3,14,6,59,41.97,7599426.671999999,-16429114.094,19530859.256,2466.71375,2684.40787,1279.9322900000002,2020-03-14 06:59:41.970,-199941990.75140694,-293414571.1554498,-105759344.23609148,147893446314.9335,-14530700926.273455,-6299210585.968832,58922.2914579861
46,2020,3,14,7,14,41.97,9748250.634,-13879735.538999999,20512703.937999997,2301.60275,2972.86661,898.7438,2020-03-14 07:14:41.970,-199176666.62289435,-293906369.62862164,-106041641.75068113,147896744736.63123,-14506155646.088526,-6288571092.801219,58922.30187465277
46,2020,3,14,7,29,41.97,11730420.037,-11093093.668,21143814.62,2096.87591,3210.88778,501.62057999999996,2020-03-14 07:29:41.970,-198410072.46690682,-294396268.75354207,-106323253.86379415,147900038342.36914,-14481609869.100763,-6277931385.9322195,58922.31229131943
46,2020,3,14,7,44,41.97,13511746.209,-8116539.759000001,21412853.561,1855.90005,3394.26483,95.27922,2020-03-14 07:44:41.970,-197642213.76143974,-294884266.2695909,-106604179.08377191,147903327132.0147,-14457063596.088781,-6267291465.693139,58922.3227079861
46,2020,3,14,7,59,41.97,15061359.882000001,-5000812.501,21314625.242,1582.67595,3519.68899,-313.36589,2020-03-14 07:59:41.970,-196873095.98807526,-295370359.9316205,-106884415.92517798,147906611105.43564,-14432516827.831373,-6256651332.415358,58922.33312465277
46,2020,3,14,8,14,41.97,16352256.197,-1799198.8369999998,20850203.895999998,1281.77968,3584.81626,-717.31564,2020-03-14 08:14:41.970,-196102724.6319272,-295854547.50994414,-107163962.90879898,147909890262.49957,-14407969565.107515,-6246010986.430336,58922.34354131943
46,2020,3,14,8,29,41.97,17361781.855,1433359.203,20026957.11,958.29277,3588.3202,-1109.6037800000001,2020-03-14 08:29:41.970,-195331105.18158674,-296336826.7903246,-107442818.56164499,147913164603.07446,-14383421808.696383,-6235370428.069609,58922.3539579861
46,2020,3,14,8,44,41.97,18072054.601,4641198.188999999,18858462.235999998,617.72177,3529.9288899999997,-1483.41726,2020-03-14 08:44:41.970,-194558243.12906802,-296817195.5739627,-107720981.41694997,147916434127.02823,-14358873559.377337,-6224729657.664791,58922.36437465277
46,2020,3,14,8,59,41.97,18470305.888,7768892.455,17364314.028,265.90815000000003,3410.44433,-1832.21725,2020-03-14 08:59:41.970,-193784143.96975386,-297295651.6774856,-107998450.01417203,147919698834.22894,-14334324817.929934,-6214088675.547569,58922.37479131943
46,2020,3,14,9,14,41.97,18549138.446000002,10762222.401999999,15569823.858,-91.07051,3231.74312,-2149.85865,2020-03-14 09:14:41.970,-193008813.20234215,-297772192.9329355,-108275222.89899379,147922958724.54498,-14309775585.133904,-6203447482.0497055,58922.3852079861
46,2020,3,14,9,29,41.97,18306691.645,13569134.446,13505612.995,-447.00627,2996.75711,-2430.70556,2020-03-14 09:29:41.970,-192232256.32879156,-298246817.18775684,-108551298.62332247,147926213797.84454,-14285225861.769196,-6192806077.503048,58922.39562465277
46,2020,3,14,9,44,41.97,17746709.104000002,16140674.361,11207104.740999999,-795.67203,2709.43354,-2669.74013,2020-03-14 09:44:41.970,-191454478.85426766,-298719522.3047852,-108826675.74528979,147929464053.9961,-14260675648.615913,-6182164462.239505,58922.40604131943
46,2020,3,14,9,59,41.97,16878504.737999998,18431875.371,8713922.655000001,-1130.93563,2374.67435,-2862.66196,2020-03-14 09:59:41.970,-190675486.28709024,-299190306.1622344,-109101352.82925247,147932709492.86838,-14236124946.454361,-6171522636.591079,58922.4164579861
46,2020,3,14,10,14,41.97,15716825.554,20402582.483,6069204.483,-1446.87473,1998.25531,-3005.97556,2020-03-14 10:14:41.970,-189895284.13867894,-299659166.6536843,-109375328.44579159,147935950114.3299,-14211573756.065054,-6160880600.889837,58922.42687465277
46,2020,3,14,10,29,41.97,14281611.792,22018195.211,3318843.805,-1737.88965,1586.72579,-3097.0631700000004,2020-03-14 10:29:41.970,-189113877.9235006,-300126101.68806773,-109648601.17171262,147939185918.2497,-14187022078.22865,-6150238355.467927,58922.43729131943
46,2020,3,14,10,44,41.97,12597657.438000001,23250312.121,510673.511,-1998.8114500000001,1147.2911299999998,-3134.2408,2020-03-14 10:44:41.970,-188331273.15901604,-300591109.18965846,-109921169.59004526,147942416904.4966,-14162469913.726036,-6139595900.657566,58922.4477079861
46,2020,3,14,10,59,41.97,10694176.631000001,24077262.46,-2306392.9280000003,-2225.00251,687.67981,-3116.79577,2020-03-14 10:59:41.970,-187547475.36562738,-301054187.0980577,-110193032.29004297,147945643072.9398,-14137917263.338268,-6128953236.791065,58922.45812465277
46,2020,3,14,11,14,41.97,8604283.888,24484512.525,-5083245.016,-2412.44704,215.99846,-3045.00416,2020-03-14 11:14:41.970,-186762490.0666246,-301515333.368182,-110464187.86718264,147948864423.44836,-14113364127.846592,-6118310364.2007885,58922.46854131943
46,2020,3,14,11,29,41.97,6364398.3719999995,24464937.305999998,-7771465.342,-2557.8290199999997,-259.42197,-2920.12781,2020-03-14 11:29:41.970,-185976322.7881339,-301974545.9702485,-110734634.92316416,147952080955.8918,-14088810508.03245,-6107667283.219191,58922.4789579861
46,2020,3,14,11,44,41.97,4013584.353,24018951.148000002,-10324207.586000001,-2658.59573,-730.185,-2744.39054,2020-03-14 11:44:41.970,-185188979.05906448,-302431822.88976294,-111004372.06590952,147955292670.13953,-14064256404.677456,-6097023994.178808,58922.48937465277
46,2020,3,14,11,59,41.97,1592841.681,23154494.650000002,-12697044.035999998,-2713.00511,-1187.98864,-2520.93428,2020-03-14 11:59:41.970,-184400464.411057,-302887162.1275061,-111273397.90956251,147958499566.06113,-14039701818.563414,-6086380497.412237,58922.49979131943
46,2020,3,14,12,14,41.97,-855638.761,21886878.553999998,-14848765.01,-2720.15606,-1624.78255,-2253.7563299999997,2020-03-14 12:14:41.970,-183610784.37843066,-303340561.6995185,-111541711.0744879,147961701643.52628,-14015146750.472336,-6075736793.25216,58922.5102079861
46,2020,3,14,12,29,41.97,-3289238.941,20238488.849,-16742113.947000002,-2680.00109,-2032.91866,-1947.62949,2020-03-14 12:29:41.970,-182819944.49813235,-303792019.6370887,-111809310.18727033,147964898902.40494,-13990591201.186388,-6065092882.031333,58922.52062465277
46,2020,3,14,12,44,41.97,-5665681.021000001,18238360.578,-18344443.736,-2593.34141,-2405.29181,-1608.00728,2020-03-14 12:44:41.970,-182027950.30968362,-304241533.9867383,-112076193.88071392,147968091342.56705,-13966035171.487947,-6054448764.082589,58922.53104131943
46,2020,3,14,12,59,41.97,-7943782.555,15921630.756000001,-19628282.036000002,-2461.805,-2735.46725,-1240.9169499999998,2020-03-14 12:59:41.970,-181234807.3551298,-304689102.8102081,-112342360.7938409,147971278963.8829,-13941478662.15957,-6043804439.738844,58922.5414579861
46,2020,3,14,13,14,41.97,-10084184.665000001,13328883.303000001,-20571795.791,-2287.80867,-3017.79275,-852.84293,2020-03-14 13:14:41.970,-180440521.17898875,-305134724.1844432,-112607809.57189077,147974461766.22244,-13916921673.983994,-6033159909.333074,58922.55187465277
46,2020,3,14,13,29,41.97,-12050039.402,10505400.893,-21159147.711000003,-2074.50557,-3247.49312,-450.60382,2020-03-14 13:29:41.970,-179645097.32819936,-305578396.20158,-112872538.86631905,147977639749.45624,-13892364207.744146,-6022515173.198343,58922.56229131943
46,2020,3,14,13,44,41.97,-13807643.938,7500340.056,-21380740.154,-1825.7198400000002,-3420.74598,-41.22564,2020-03-14 13:44:41.970,-178848541.35207012,-306020116.9689302,-113136547.33479603,147980812913.45483,-13867806264.223139,-6011870231.667789,58922.5727079861
46,2020,3,14,13,59,41.97,-15327010.853,4365846.848999999,-21233344.36,-1545.87027,-3534.73804,368.18577000000005,2020-03-14 13:59:41.970,-178050858.80222854,-306459884.60896707,-113399833.6412058,147983981258.08884,-13843247844.204279,-6001225085.074632,58922.58312465277
46,2020,3,14,14,14,41.97,-16582365.546,1156130.81,-20720115.439,-1239.88505,-3587.70152,770.57058,2020-03-14 14:14:41.970,-177252055.23257026,-306897697.2593101,-113662396.45564467,147987144783.229,-13818688948.47104,-5990579733.752152,58922.59354131943
46,2020,3,14,14,29,41.97,-17552563.665999997,-2073485.116,-19850495.713,-913.10961,-3578.9311900000002,1159.0369,2020-03-14 14:29:41.970,-176452136.19920862,-307333553.0727109,-113924234.45441951,147990303488.74622,-13794129577.807096,-5979934178.033716,58922.6039579861
46,2020,3,14,14,44,41.97,-18221423.279,-5267521.368,-18640010.95,-571.2096399999999,-3508.78242,1526.97655,2020-03-14 14:44:41.970,-175651107.26042366,-307767450.2170365,-114185346.32004681,147993457374.51163,-13769569732.9963,-5969288418.252772,58922.61437465277
46,2020,3,14,14,59,41.97,-18577968.281,-8371288.76,-17109965.753,-220.07117000000002,-3378.65149,1868.17315,2020-03-14 14:59:41.970,-174848973.97661263,-308199386.87525624,-114445730.7412507,147996606440.39648,-13745009414.822691,-5958642454.742832,58922.62479131943
46,2020,3,14,15,14,41.97,-18616581.24,-11331810.081,-15287045.722000001,134.30051,-3190.93914,2176.9009600000004,2020-03-14 15:14:41.970,-174045741.9102394,-308629361.2454246,-114705386.41296136,147999750686.27194,-13720448624.070484,-5947996287.837492,58922.6352079861
46,2020,3,14,15,29,41.97,-18337065.43,-14098701.953,-13202835.198,485.88132,-2948.99889,2448.01347,2020-03-14 15:29:41.970,-173241416.6257844,-309057371.54066706,-114964312.03631337,148002890112.0096,-13695887361.524097,-5937349917.870421,58922.64562465277
46,2020,3,14,15,44,41.97,-17744617.193,-16625003.847,-10893260.237,828.7269,-2657.07156,2677.0208900000002,2020-03-14 15:44:41.970,-172436003.68969518,-309483415.9891632,-115222506.31864391,148006024717.48096,-13671325627.968113,-5926703345.175363,58922.65604131943
46,2020,3,14,15,59,41.97,-16849711.080000002,-18867942.558,-8397967.140999999,1157.06778,-2320.20762,2860.15574,2020-03-14 15:59:41.970,-171629508.67033648,-309907492.8341319,-115479967.97349077,148009154502.55795,-13646763424.187317,-5916056570.086138,58922.6664579861
46,2020,3,14,16,14,41.97,-15667901.299999999,-20789621.847999997,-5759647.324,1465.3999900000001,-1944.1787800000002,2994.42647,2020-03-14 16:14:41.970,-170821937.1379412,-310329600.3338152,-115736695.72059077,148012279467.11224,-13622200750.966654,-5905409592.936645,58922.67687465277
46,2020,3,14,16,29,41.97,-14219543.999,-22357628.369999997,-3023319.58,1748.5702,-1535.38061,3077.6585,2020-03-14 16:29:41.970,-170013294.6645608,-310749736.76146257,-115992688.28587724,148015399611.0159,-13597637609.09127,-5894762414.06085,58922.68729131943
46,2020,3,14,16,44,41.97,-12529445.723000001,-23545546.38,-235580.939,2001.85452,-1100.7275000000002,3108.52294,2020-03-14 16:44:41.970,-169203586.82401592,-311167900.4053138,-116247944.4014783,148018514934.14133,-13573073999.346497,-5884115033.792811,58922.6977079861
46,2020,3,14,16,59,41.97,-10626444.157,-24333375.093,2556162.641,2221.03006,-647.54156,3086.55274,2020-03-14 16:59:41.970,-168392819.1918484,-311584089.56858397,-116502462.80571465,148021625436.3604,-13548509922.51783,-5873467452.466643,58922.70812465277
46,2020,3,14,17,14,41.97,-8542927.853,-24707843.834,5304474.607,2402.43885,-183.43688,3012.14657,2020-03-14 17:14:41.970,-167580997.34527123,-311998302.5694464,-116756242.24309729,148024731117.5459,-13523945379.390974,-5862819670.416553,58922.71854131943
46,2020,3,14,17,29,41.97,-6314302.209000001,-24662621.41,7962664.137,2543.0433,283.79961,2886.56058,2020-03-14 17:29:41.970,-166768126.8631212,-312410537.7410158,-117009281.46432531,148027831977.57034,-13499380370.751783,-5852171687.9768095,58922.7289579861
46,2020,3,14,17,44,41.97,-3978409.409,-24198417.330000002,10485549.640999999,2640.47293,746.32911,2711.8881300000003,2020-03-14 17:44:41.970,-165954213.3258096,-312820793.4313324,-117261579.22628342,148030928016.3063,-13474814897.386328,-5841523505.481762,58922.73937465277
46,2020,3,14,17,59,41.97,-1574910.5159999998,-23322973.674000002,12830198.855,2693.0617300000004,1196.3827600000002,2491.02809,2020-03-14 17:59:41.970,-165139262.31527394,-313229068.0033454,-117513134.29203965,148034019233.62677,-13450248960.08084,-5830875123.265845,58922.74979131943
46,2020,3,14,18,14,41.97,855361.799,-22050947.577999998,14956635.194,2699.8759,1626.3826999999999,2227.64167,2020-03-14 18:14:41.970,-164323279.41493076,-313635359.8348945,-117763945.4308428,148037105629.4048,-13425682559.621733,-5820226541.663556,58922.7602079861
46,2020,3,14,18,29,41.97,3271070.9510000004,-20403685.463999998,16828500.365,2660.7315200000003,2029.0613600000001,1926.09841,2020-03-14 18:29:41.970,-163506270.2096265,-314039667.3186944,-118014011.41811988,148040187203.51364,-13401115696.795614,-5809577761.00946,58922.77062465277
46,2020,3,14,18,44,41.97,5631055.373000001,-18408891.296,18413663.562000003,2576.20177,2397.5774300000003,1591.41157,2020-03-14 18:44:41.970,-162688240.2855908,-314441988.8623174,-118263331.0354735,148043263955.82626,-13376548372.389263,-5798928781.6382265,58922.78104131943
46,2020,3,14,18,59,41.97,7895009.138,-16100192.376,19684767.944,2447.61338,2725.62736,1229.16344,2020-03-14 18:59:41.970,-161869195.23038802,-314842322.8881758,-118511903.07067923,148046335886.2164,-13351980587.189644,-5788279603.884575,58922.7914579861
46,2020,3,14,19,14,41.97,10024154.45,-13516607.45,20619705.599,2277.03211,3007.5507,845.4212100000001,2020-03-14 19:14:41.970,-161049140.63287038,-315240667.8335047,-118759726.31768267,148049402994.55753,-13327412341.983892,-5777630228.0833025,58922.80187465277
46,2020,3,14,19,29,41.97,11981895.952000001,-10701923.231999999,21202012.685999997,2067.2367999999997,3238.4280099999996,446.64389,2020-03-14 19:29:41.970,-160228082.08313078,-315637022.1503447,-119006799.5765969,148052465280.7234,-13302843637.55934,-5766980654.569295,58922.81229131943
46,2020,3,14,19,44,41.97,13734446.6,-7703986.878,21421177.183,1821.68212,3414.1694500000003,39.58127,2020-03-14 19:44:41.970,-159406025.17245528,-316031384.3055244,-119253121.65369935,148055522744.58798,-13278274474.703482,-5756330883.677505,58922.8227079861
46,2020,3,14,19,59,41.97,15251414.758000001,-4573923.439,21272852.445,1544.4496700000002,3531.59262,-368.83412999999996,2020-03-14 19:59:41.970,-158582975.49327633,-316423752.7806417,-119498691.36142899,148058575386.02527,-13253704854.20401,-5745680915.742959,58922.83312465277
46,2020,3,14,20,14,41.97,16506342.207999999,-1365288.8499999999,20758970.837,1240.18779,3588.4876600000002,-771.60085,2020-03-14 20:14:41.970,-157758938.63912654,-316814126.072048,-119743507.51838326,148061623204.9093,-13229134776.84879,-5735030751.100758,58922.84354131943
46,2020,3,14,20,29,41.97,17477182.954,1866829.3630000001,19887752.916,914.04031,3583.6680699999997,-1161.7665399999998,2020-03-14 20:29:41.970,-156933920.20459113,-317202502.6908278,-119987568.94931501,148064666201.11472,-13204564243.425848,-5724380390.086082,58922.8539579861
46,2020,3,14,20,44,41.97,18146713.102999996,5066749.962,18673609.098,571.5647299999999,3517.0053399999997,-1532.54848,2020-03-14 20:44:41.970,-156107925.78526247,-317588881.16278285,-120230874.48512936,148067704374.51575,-13179993254.723429,-5713729833.034185,58922.86437465277
46,2020,3,14,20,59,41.97,18502862.757999998,8179159.2360000005,17136932.508,218.64089,3389.446,-1877.45457,2020-03-14 20:59:41.970,-155280960.97769344,-317973260.02841294,-120473422.96288049,148070737724.98712,-13155421811.529917,-5703079080.2803955,58922.87479131943
46,2020,3,14,21,14,41.97,18538961.776,11150079.105,15303783.611000001,-138.62885,3203.0096000000003,-2190.40238,2020-03-14 21:14:41.970,-154453031.37935132,-318355637.8428973,-120715213.22576848,148073766252.4036,-13130849914.633911,-5692428132.160115,58922.8852079861
46,2020,3,14,21,29,41.97,18253892.48,13927824.453,13205469.423,-494.02628,2960.76669,-2465.83396,2020-03-14 21:29:41.970,-153624142.58857208,-318736013.17607737,-120956244.12313564,148076789956.64017,-13106277564.82415,-5681776989.0088215,58922.89562465277
46,2020,3,14,21,44,41.97,17652143.974999998,16463931.394,10878022.430000002,-841.32903,2666.79617,-2698.82344,2020-03-14 21:44:41.970,-152794300.20451447,-319114384.61243767,-121196514.51046357,148079808837.5717,-13081704762.889584,-5671125651.16207,58922.90604131943
46,2020,3,14,21,59,41.97,16743764.536999999,18714037.788000003,8361586.749,-1174.4249300000001,2326.12186,-2885.1751,2020-03-14 21:59:41.970,-151963509.82711464,-319490750.7510873,-121436023.24936947,148082822895.0737,-13057131509.619331,-5660474118.955482,58922.9164579861
46,2020,3,14,22,14,41.97,15544210.673,20638697.57,5699721.496,-1487.42686,1944.62899,-3021.50888,2020-03-14 22:14:41.970,-151131777.05704057,-319865110.2057409,-121674769.20760272,148085832129.02148,-13032557805.802673,-5649822392.724766,58922.92687465277
46,2020,3,14,22,29,41.97,14074093.759,22204111.183000002,2938633.66,-1774.78508,1528.96152,-3105.33109,2020-03-14 22:29:41.970,-150299107.4956473,-320237461.6047011,-121912751.2590411,148088836539.2905,-13007983652.229084,-5639170472.805696,58922.93729131943
46,2020,3,14,22,44,41.97,12358827.612,23382755.746,126354.86,-2031.39454,1086.40237,-3135.0881099999997,2020-03-14 22:44:41.970,-149465506.74493143,-320607803.590838,-122149968.28368753,148091836125.75665,-12983409049.688213,-5628518359.534122,58922.9477079861
46,2020,3,14,22,59,41.97,10428182.853,24153900.514000002,-2688121.8170000003,-2252.69428,624.73874,-3110.20114,2020-03-14 22:59:41.970,-148630980.4074863,-320976134.8215718,-122386419.16766614,148094830888.29556,-12958833998.969896,-5617866053.24597,58922.95812465277
46,2020,3,14,23,14,41.97,8315756.283000001,24503995.651,-5455727.391000001,-2434.75646,152.1158,-3031.08106,2020-03-14 23:14:41.970,-147795534.08645767,-321342453.9688528,-122622102.80321841,148097820826.78333,-12934258500.864115,-5607213554.277242,58922.96854131943
46,2020,3,14,23,29,41.97,6058365.796,24426925.23,-8128206.586999999,-2574.3624800000002,-323.11809000000005,-2899.1225200000003,2020-03-14 23:29:41.970,-146959173.38549867,-321706759.71914196,-122857018.08869973,148100805941.09616,-12909682556.161064,-5596560862.964007,58922.9789579861
46,2020,3,14,23,44,41.97,3695383.2,23924118.696000002,-10658992.822,-2669.06448,-792.57051,-2716.6774,2020-03-14 23:44:41.970,-146121903.908726,-322069050.77339274,-123091163.9285753,148103786231.11026,-12885106165.65109,-5585907979.642417,58922.98937465277
46,2020,3,14,23,59,41.97,1268018.977,23004518.448,-13004050.241999999,-2717.23051,-1247.9649100000001,-2487.00831,2020-03-14 23:59:41.970,-145283731.26067546,-322429325.84703076,-123324539.23341621,148106761696.70218,-12860529330.124743,-5575254904.648701,58922.99979131943
46,2020,3,15,0,14,41.97,-1181426.1120000002,21684405.086999997,-15122665.722,-2718.07245,-1681.29704,-2214.22328,2020-03-15 00:14:41.970,-144444661.04625773,-322787583.6699352,-123557142.91989553,148109732337.7486,-12835952050.372696,-5564601638.319146,58923.0102079861
46,2020,3,15,0,29,41.97,-3610325.769,19987083.137000002,-16978172.612,-2671.6564900000003,-2084.98445,-1903.19408,2020-03-15 00:29:41.970,-143604698.8707152,-323143822.9864184,-123788973.91078426,148112698154.12616,-12811374327.185852,-5553948180.990133,58923.02062465277
46,2020,3,15,0,44,41.97,-5976496.0879999995,17942439.855,-18538597.73,-2578.89566,-2452.00555,-1559.45908,2020-03-15 00:44:41.970,-142763850.3395773,-323498042.5552068,-124020031.13494736,148115659145.71204,-12786796161.355263,-5543294532.9981,58923.03104131943
46,2020,3,15,0,59,41.97,-8238947.407,15586381.564,-19777211.858,-2441.5258299999996,-2776.0252,-1189.1151200000002,2020-03-15 00:59:41.970,-141922121.05861792,-323850241.14942074,-124250313.52733932,148118615312.38315,-12762217553.672165,-5532640694.679568,58923.0414579861
46,2020,3,15,1,14,41.97,-10358608.192,12960165.52,-20672980.362999998,-2262.06572,-3051.50445,-798.69979,2020-03-15 01:14:41.970,-141079516.6338118,-324200417.55655557,-124479820.02900036,148121566654.01678,-12737638504.92796,-5521986666.371134,58923.05187465277
46,2020,3,15,1,29,41.97,-12299006.174,10109640.486,-21210904.561,-2043.7626,-3273.7927,-395.06773,2020-03-15 01:29:41.970,-140236042.6712912,-324548570.57846063,-124708549.58705184,148124513170.49045,-12713059015.914232,-5511332448.409459,58923.06229131943
46,2020,3,15,1,44,41.97,-14026894.753,7084412.862,-21382250.027,-1790.52525,-3439.2008299999998,14.73642,2020-03-15 01:44:41.970,-139391704.77730304,-324894699.0313203,-124936501.1546921,148127454861.68155,-12688479087.422737,-5500678041.131289,58923.0727079861
46,2020,3,15,1,59,41.97,-15512814.184,3936955.7479999997,-21184660.167999998,-1506.84638,-3545.05479,423.60549,2020-03-15 01:59:41.970,-138546508.55816615,-325238801.74563265,-125163673.69119225,148130391727.46805,-12663898720.245398,-5490023444.873437,58923.08312465277
46,2020,3,15,2,14,41.97,-16731578.809999999,721678.684,-20622155.762,-1197.71626,-3589.7294300000003,824.49533,2020-03-15 02:14:41.970,-137700459.62022847,-325580877.56619054,-125390066.16189142,148133323767.72778,-12639317915.174326,-5479368659.972793,58923.09354131943
46,2020,3,15,2,29,41.97,-17662683.485000003,-2506024.2539999997,-19705023.336999997,-868.52982,-3572.66285,1210.54594,2020-03-15 02:29:41.970,-136853563.56982458,-325920925.35206145,-125615677.53819263,148136250982.33878,-12614736673.00179,-5468713686.766316,58923.1039579861
46,2020,3,15,2,44,41.97,-18290624.129,-5690730.81,-18449597.21,-524.98908,-3494.35209,1575.19631,2020-03-15 02:44:41.970,-136005826.01323363,-326258943.97656465,-125840506.79755813,148139173371.17923,-12590154994.520245,-5458058525.5910425,58923.11437465277
46,2020,3,15,2,59,41.97,-18605129.176999997,-8777934.912,-16877941.617,-173.003,-3356.33098,1912.29136,2020-03-15 02:59:41.970,-135157252.5566372,-326594932.32725537,-126064552.92350484,148142090934.12766,-12565572880.522306,-5447403176.784084,58923.12479131943
46,2020,3,15,3,14,41.97,-18601300.311,-11714963.647,-15017440.778,181.41365000000002,-3161.1316399999996,2216.17941,2020-03-15 03:14:41.970,-134307848.80607682,-326928889.30589956,-126287814.9055997,148145003671.06253,-12540990331.800772,-5436747640.682622,58923.1352079861
46,2020,3,15,3,29,41.97,-18279662.433000002,-14451852.629999999,-12900305.797,532.2406400000001,-2912.23079,2481.79932,2020-03-15 03:29:41.970,-133457620.36741292,-327260813.8284563,-126510291.73945509,148147911581.8626,-12516407349.148613,-5426091917.623911,58923.14562465277
46,2020,3,15,3,44,41.97,-17646124.211999997,-16942166.865,-10563008.189,873.55037,-2613.9825499999997,2704.7563299999997,2020-03-15 03:44:41.970,-132606572.84628253,-327590704.82505596,-126731982.42672412,148150814666.40668,-12491823933.35896,-5415436007.945284,58923.15604131943
46,2020,3,15,3,59,41.97,-16711851.807,-19143755.6,-8045650.426,1199.60255,-2271.53922,2881.3860600000003,2020-03-15 03:59:41.970,-131754711.84805836,-327918561.2399801,-126952885.97509578,148153712924.57388,-12467240085.225134,-5404779911.9841385,58923.1664579861
46,2020,3,15,4,14,41.97,-15493059.438000001,-21019431.07,-5391284.3270000005,1504.9341,-1890.76162,3008.80639,2020-03-15 04:14:41.970,-130902042.97780713,-328244382.0316399,-127173001.39829028,148156606356.24347,-12442655805.5406,-5394123630.077953,58923.17687465277
46,2020,3,15,4,29,41.97,-14010721.448,-22537562.447,-2645188.388,1784.4435899999999,-1478.1206,3084.95682,2020-03-15 04:29:41.970,-130048571.84024884,-328568166.1725561,-127392327.71605387,148159494961.2947,-12418071095.099024,-5383467162.564275,58923.18729131943
46,2020,3,15,4,44,41.97,-12290211.322999999,-23672577.684,145884.75,2033.46897,-1040.5911,3108.6254000000004,2020-03-15 04:44:41.970,-129194304.03971554,-328889912.6493371,-127610863.95415428,148162378739.60718,-12393485954.69422,-5372810509.7807255,58923.1977079861
46,2020,3,15,4,59,41.97,-10360873.846,-24405367.301999997,2934479.463,2247.8583200000003,-585.54039,3079.46329,2020-03-15 04:59:41.970,-128339245.18011034,-329209620.4626591,-127828609.14437565,148165257691.06064,-12368900385.120186,-5362153672.065002,58923.20812465277
46,2020,3,15,5,14,41.97,-8255537.1680000005,-24723585.448000003,5673215.812,2424.03253,-120.61179,2997.98687,2020-03-15 05:14:41.970,-127483400.86486748,-329527288.6272441,-128045562.32451345,148168131815.53494,-12344314387.171091,-5351496649.754869,58923.21854131943
46,2020,3,15,5,29,41.97,-6009972.123,-24621844.804,8315564.717999999,2559.0397500000004,346.39469,2865.5679,2020-03-15 05:29:41.970,-126626776.69691122,-329842916.17183876,-128261722.53836943,148171001112.91016,-12319727961.641262,-5340839443.188169,58923.2289579861
46,2020,3,15,5,44,41.97,-3662306.568,-24101803.145000003,10816608.856999999,2650.60081,807.64358,2684.41171,2020-03-15 05:44:41.970,-125769378.27861615,-330156502.1391935,-128477088.83574666,148173865583.06647,-12295141109.325209,-5330182052.702812,58923.23937465277
46,2020,3,15,5,59,41.97,-1252402.965,-23172140.493,13133778.722,2697.14543,1255.38561,2457.52383,2020-03-15 05:59:41.970,-124911211.21176653,-330468045.5860412,-128691660.27244411,148176725225.88428,-12270553831.017591,-5319524478.636786,58923.24979131943
46,2020,3,15,6,14,41.97,1178792.236,-21848426.993,15227553.58,2697.83859,1682.07869,2188.66542,2020-03-15 06:14:41.970,-124052281.09751672,-330777545.5830753,-128905435.91025181,148179580041.24417,-12245966127.51327,-5308866721.328149,58923.2602079861
46,2020,3,15,6,29,41.97,3589918.452,-20152882.772,17062117.341000002,2652.59688,2080.50675,1882.29773,2020-03-15 06:29:41.970,-123192593.53635144,-331085001.2149286,-129118414.8169453,148182430029.02676,-12221377999.60724,-5298208781.115029,58923.27062465277
46,2020,3,15,6,44,41.97,5939880.808,-18114032.253000002,18605959.726,2562.09426,2443.8952,1543.51612,2020-03-15 06:44:41.970,-122332154.12804593,-331390411.5801523,-129330596.06628054,148185275189.11295,-12196789448.094694,-5287550658.335632,58923.28104131943
46,2020,3,15,6,59,41.97,8188530.385,-15766256.567,19832413.496,2427.75713,2766.0217000000002,1177.97408,2020-03-15 06:59:41.970,-121470968.47162652,-331693775.7911936,-129541978.73798852,148188115521.38394,-12172200473.770966,-5276892353.328231,58923.2914579861
46,2020,3,15,7,14,41.97,10297335.013,-13149249.032,20720118.987999998,2251.74826,3041.32055,791.79774,2020-03-15 07:14:41.970,-120609042.16533186,-331995092.97437423,-129752561.91776991,148190951025.7209,-12147611077.431581,-5266233866.431172,58923.30187465277
46,2020,3,15,7,29,41.97,12230030.521,-10307379.985,21253407.763,2036.9393499999999,3264.97944,391.49175,2020-03-15 07:29:41.970,-119746380.8065733,-332294362.2698688,-129962344.69728957,148193781702.0052,-12123021259.872217,-5255575197.982883,58923.31229131943
46,2020,3,15,7,44,41.97,13953242.174,-7288978.699,21422597.876,1786.87223,3433.02673,-16.162840000000003,2020-03-15 07:44:41.970,-118882989.99189597,-332591582.83168316,-130171326.17417116,148196607550.11835,-12098431021.888727,-5244916348.321844,58923.3227079861
46,2020,3,15,7,59,41.97,15437065.938,-4145541.62,21224194.121,1505.70841,3542.40758,-424.21743,2020-03-15 07:59:41.970,-118018875.31694052,-332886753.8276323,-130379505.4519916,148199428569.94244,-12073840364.277136,-5234257317.786631,58923.33312465277
46,2020,3,15,8,14,41.97,16655599.298,-930877.693,20660987.646,1198.16741,3591.04732,-825.67039,2020-03-15 08:14:41.970,-117154042.37640393,-333179874.43931884,-130586881.64027557,148202244761.3589,-12049249287.83361,-5223598106.715867,58923.34354131943
46,2020,3,15,8,29,41.97,17587411.526,2299796.827,19742050.630999997,869.45401,3577.90008,-1213.5855099999999,2020-03-15 08:29:41.970,-116288496.76400161,-333470943.86211014,-130793453.8544899,148205056124.25018,-12024657793.354515,-5212938715.448276,58923.3539579861
46,2020,3,15,8,44,41.97,18215943.775,5490800.183,18482623.172,525.17515,3502.98122,-1581.21271,2020-03-15 08:44:41.970,-115422244.07242878,-333759961.3051172,-130999221.21603791,148207862658.4984,-12000065881.636358,-5202279144.3226185,58923.36437465277
46,2020,3,15,8,59,41.97,18529830.02,8586948.135,16903891.317,171.24734,3367.38185,-1922.10888,2020-03-15 08:59:41.970,-114555289.89332254,-334046925.9911724,-131204182.85225382,148210664363.98608,-11975473553.475838,-5191619393.677759,58923.37479131943
46,2020,3,15,9,14,41.97,18523130.856,11534521.527999999,15032657.148,-186.20418,3173.26417,-2230.2565200000004,2020-03-15 09:14:41.970,-113687639.81722386,-334331837.1568067,-131408337.89639692,148213461240.5958,-11950880809.66979,-5180959463.852615,58923.3852079861
46,2020,3,15,9,29,41.97,18195473.441999998,14282220.683,12900904.008,-540.95289,2923.83675,-2500.17766,2020-03-15 09:29:41.970,-112819299.43354002,-334614694.05222815,-131611685.48764591,148216253288.21033,-11926287651.015224,-5170299355.186181,58923.39562465277
46,2020,3,15,9,44,41.97,17552092.436,16782088.218000002,10545262.324,-886.7831699999999,2623.30904,-2727.04041,2020-03-15 09:44:41.970,-111950274.33050653,-334895495.9412994,-131814224.77109313,148219040506.71277,-11901694078.30933,-5159639068.017522,58923.40604131943
46,2020,3,15,9,59,41.97,16603768.677,18990381.637,8006383.89,-1217.6049799999998,2276.82529,-2906.75538,2020-03-15 09:59:41.970,-111080570.09515065,-335174242.10151494,-132015954.8977386,148221822895.98605,-11877100092.34944,-5148978602.685776,58923.4164579861
46,2020,3,15,10,14,41.97,15366664.504,20868377.325000003,5328234.891,-1527.56843,1890.37833,-3036.0594,2020-03-15 10:14:41.970,-110210192.31325303,-335450931.8239796,-132216875.02448435,148224600455.9137,-11852505693.933071,-5138317959.530153,58923.42687465277
46,2020,3,15,10,29,41.97,13862056.934,22383088.362,2557320.272,-1811.17574,1470.70457,-3112.584,2020-03-15 10:29:41.970,-109339146.56931117,-335725564.41338503,-132416984.31412825,148227373186.37906,-11827910883.857895,-5127657138.889933,58923.43729131943
46,2020,3,15,10,44,41.97,12115972.379999999,23507880.038,-258145.91,-2063.3876099999998,1025.1619999999998,-3134.90661,2020-03-15 10:44:41.970,-108467438.44650269,-335998139.1879883,-132616281.9353583,148230141087.26578,-11803315662.921741,-5116996141.104462,58923.4477079861
46,2020,3,15,10,59,41.97,10158729.103,24222968.905,-3069107.754,-2279.72145,561.59387,-3102.58274,2020-03-15 10:59:41.970,-107595073.52664813,-336268655.4795884,-132814767.06274661,148232904158.45798,-11778720031.922607,-5106334966.513165,58923.45812465277
46,2020,3,15,11,14,41.97,8024395.923,24515793.764999997,-5826554.734999999,-2456.3388,88.18101,-3016.15799,2020-03-15 11:14:41.970,-106722057.39017454,-336537112.633504,-133012438.87674312,148235662399.83945,-11754123991.65866,-5095673615.455532,58923.46854131943
46,2020,3,15,11,29,41.97,5750177.987,24381249.932,-8482410.428,-2590.11972,-386.71374,-2877.1593700000003,2020-03-15 11:29:41.970,-105848395.61607912,-336803510.00855106,-133209296.5636699,148238415811.2945,-11729527542.928226,-5085012088.271134,58923.4789579861
46,2020,3,15,11,44,41.97,3375742.21,23821781.443,-10990404.107,-2678.7221200000004,-854.70502,-2688.06596,2020-03-15 11:44:41.970,-104974093.78189278,-337067846.9770205,-133405339.31571482,148241164392.7075,-11704930686.529787,-5074350385.299596,58923.48937465277
46,2020,3,15,11,59,41.97,942496.5889999999,22847329.352,-13306906.964,-2720.62475,-1307.54455,-2452.25983,2020-03-15 11:59:41.970,-104099157.46364398,-337330122.92465353,-133600566.33092557,148243908143.963,-11680333423.261992,-5063688506.880629,58923.49979131943
46,2020,3,15,12,14,41.97,-1507161.421,21475137.82,-15391715.668000001,-2715.1528599999997,-1737.27692,-2173.95837,2020-03-15 12:14:41.970,-103223592.23582333,-337590337.2506214,-133794976.81320319,148246647064.94568,-11655735753.923672,-5053026453.354003,58923.5102079861
46,2020,3,15,12,29,41.97,-3930611.642,19729423.115000002,-17208767.453,-2662.4861300000002,-2136.38788,-1858.13015,2020-03-15 12:29:41.970,-102347403.67134683,-337848489.36750084,-133988569.97229636,148249381155.54077,-11631137679.313782,-5042364225.059569,58923.52062465277
46,2020,3,15,12,44,41.97,-6285777.182,17640913.830000002,-18726772.873000003,-2563.6491600000004,-2497.9416699999997,-1510.39653,2020-03-15 12:44:41.970,-101470597.3415213,-338104578.70125175,-134181345.02379471,148252110415.63297,-11606539200.23145,-5031701822.337244,58923.53104131943
46,2020,3,15,12,59,41.97,-8531874.233000001,15246273.451,-19919754.595,-2420.48514,-2815.70471,-1136.92171,2020-03-15 12:59:41.970,-100593178.81600817,-338358604.6911942,-134373301.18912262,148254834845.10785,-11581940317.47598,-5021039245.527006,58923.5414579861
46,2020,3,15,13,14,41.97,-10630131.034,12587418.766,-20767483.125,-2235.61386,-3084.2530699999998,-744.2941400000001,2020-03-15 13:14:41.970,-99715153.66278838,-338610566.78998554,-134564437.69553328,148257554443.85077,-11557341031.84684,-5010376494.968925,58923.55187465277
46,2020,3,15,13,29,41.97,-12544462.545,9710749.461,-21255802.967,-2012.3755700000002,-3299.06205,-339.40207,2020-03-15 13:29:41.970,-98836527.44812743,-338860464.4635971,-134754753.7761017,148260269211.74744,-11532741344.143637,-4999713571.003122,58923.56229131943
46,2020,3,15,13,44,41.97,-14242088.876,6666305.567000001,-21376845.321000002,-1754.76246,-3456.5768199999998,70.69361,2020-03-15 13:44:41.970,-97957305.73654023,-339108297.19129175,-134944248.66971904,148262979148.6837,-11508141255.166138,-4989050473.969789,58923.5727079861
46,2020,3,15,13,59,41.97,-15694087.197999999,3506870.233,-21129125.987999998,-1467.3396599999999,-3554.26323,478.8869,2020-03-15 13:59:41.970,-97077494.09075642,-339354064.4655999,-135132921.62108555,148265684254.54562,-11483540765.714298,-4978387204.209202,58923.58312465277
46,2020,3,15,14,14,41.97,-16875868.649,287035.585,-20517529.491,-1155.15791,-3590.63904,878.15161,2020-03-15 14:14:41.970,-96197098.07168539,-339597765.79229677,-135320771.88070467,148268384529.21924,-11458939876.588205,-4967723762.061689,58923.59354131943
46,2020,3,15,14,29,41.97,-17767573.616,-2937750.698,-19553182.582000002,-823.6598899999999,-3565.28566,1261.66187,2020-03-15 14:29:41.970,-95316123.2383823,-339839400.6903796,-135507798.70487612,148271079972.59113,-11434338588.588112,-4957060147.86767,58923.6039579861
46,2020,3,15,14,44,41.97,-18354380.607,-6112140.972999999,-18253222.183000002,-478.58216,-3478.8413299999997,1622.90597,2020-03-15 14:44:41.970,-94434575.14801326,-340078968.69204414,-135694001.3556899,148273770584.54776,-11409736902.514431,-4946396361.967608,58923.61437465277
46,2020,3,15,14,59,41.97,-18626725.676999997,-9181829.079,-16640464.431,-125.85473999999999,-3332.97675,1955.792,2020-03-15 14:59:41.970,-93552459.3558214,-340316469.34266067,-135879379.10101885,148276456364.97595,-11385134819.167751,-4935732404.702057,58923.62479131943
46,2020,3,15,15,14,41.97,-18580431.035,-12094462.390999999,-14742982.808,228.49997,-3130.35434,2254.7440500000002,2020-03-15 15:14:41.970,-92669781.41509296,-340551902.2007517,-136063931.21451312,148279137313.76263,-11360532339.348787,-4925068276.411633,58923.6352079861
46,2020,3,15,15,29,41.97,-18216742.979,-14800510.447,-12593604.417000001,578.4673799999999,-2874.57274,2514.7877599999997,2020-03-15 15:29:41.970,-91786546.87712307,-340785266.8379686,-136247656.97559303,148281813430.7949,-11335929463.858437,-4914403977.437017,58923.64562465277
46,2020,3,15,15,44,41.97,-17542280.683000002,-17254077.443,-10229334.284,918.13837,-2570.09781,2731.6246300000003,2020-03-15 15:44:41.970,-90902761.29118252,-341016562.83906704,-136430555.66944224,148284484715.96017,-11311326193.497738,-4903739508.118962,58923.65604131943
46,2020,3,15,15,59,41.97,-16568898.572999999,-19413647.283999998,-7690718.137,1241.80347,-2222.18202,2901.69431,2020-03-15 15:59:41.970,-90018430.20448384,-341245789.801885,-136612626.58700165,148287151169.14566,-11286722529.067907,-4893074868.798304,58923.6664579861
46,2020,3,15,16,14,41.97,-15313466.12,-21242751.282,-5021154.551,1544.04205,-1836.7734600000001,3022.22481,2020-03-15 16:14:41.970,-89133559.1621479,-341472947.33731854,-136793869.02496225,148289812790.23935,-11262118471.370287,-4882410059.815919,58923.67687465277
46,2020,3,15,16,29,41.97,-13797569.800999999,-22710550.018999998,-2266167.556,1819.8059,-1420.41627,3091.27014,2020-03-15 16:29:41.970,-88248153.70717122,-341698035.0692985,-136974282.28575855,148292469579.12918,-11237514021.20642,-4871745081.512779,58923.68729131943
46,2020,3,15,16,44,41.97,-12047142.784,-23792322.242,527349.075,2064.49614,-980.14392,3107.73557,2020-03-15 16:44:41.970,-87362219.38039225,-341921052.6347669,-137153865.67756158,148295121535.7029,-11212909179.377966,-4861079934.229918,58923.6977079861
46,2020,3,15,16,59,41.97,-10092028.618,-24469855.013,3311904.646,2274.03288,-523.36673,3071.39045,2020-03-15 16:59:41.970,-86475761.72045879,-342141999.6836534,-137332618.514273,148297768659.84897,-11188303946.686752,-4850414618.308429,58923.70812465277
46,2020,3,15,17,14,41.97,-7965485.769,-24731730.628000002,6040190.344,2444.9169,-57.75515,2982.8686900000002,2020-03-15 17:14:41.970,-85588786.2637953,-342360875.87885207,-137510540.1155168,148300410951.45584,-11163698323.934767,-4839749134.089481,58923.71854131943
46,2020,3,15,17,29,41.97,-5703640.409,-24573507.027,8665853.073,2574.28288,408.87996,2843.65726,2020-03-15 17:29:41.970,-84701298.54457004,-342577680.896197,-137687629.80663383,148303048410.41196,-11139092311.924158,-4829083481.914314,58923.7289579861
46,2020,3,15,17,44,41.97,-3344895.282,-23997789.676,11144253.552,2659.94369,868.70858,2656.07282,2020-03-15 17:44:41.970,-83813304.09466287,-342792414.4244395,-137863886.91867423,148305681036.60635,-11114485911.457218,-4818417662.124232,58923.73937465277
46,2020,3,15,17,59,41.97,-929302.923,-23014193.996000003,13433198.166,2700.42528,1314.00327,2423.22676,2020-03-15 17:59:41.970,-82924808.44363289,-343005076.16522354,-138039310.7883905,148308308829.9279,-11089879123.336388,-4807751675.060613,58923.74979131943
46,2020,3,15,18,14,41.97,1502088.1509999998,-21639198.652,15493634.323,2694.9917600000003,1737.25981,2148.97914,2020-03-15 18:14:41.970,-82035817.11868614,-343215665.83306336,-138213900.7582311,148310931790.26587,-11065271948.364298,-4797085521.064896,58923.7602079861
46,2020,3,15,18,29,41.97,3907905.292,-19895891.093,17290299.406,2643.66035,2131.31572,1837.88168,2020-03-15 18:29:41.970,-81146335.64464413,-343424183.15531796,-138387656.1763329,148313549917.5096,-11040664387.343687,-4786419200.478589,58923.77062465277
46,2020,3,15,18,44,41.97,6247132.298,-17813607.979000002,18792313.731999997,2547.2057600000003,2489.4651200000003,1495.11044,2020-03-15 18:44:41.970,-80256369.54391135,-343630627.8721689,-138560576.39651453,148316163211.54874,-11016056441.077475,-4775752713.643278,58923.78104131943
46,2020,3,15,18,59,41.97,8479789.109,-15427474.322,19973708.357,2407.1538299999997,2805.56872,1126.38844,2020-03-15 18:59:41.970,-79365924.33644392,-343834999.73659575,-138732660.77826935,148318771672.27298,-10991448110.368732,-4765086060.90061,58923.7914579861
46,2020,3,15,19,14,41.97,10567600.717,-12777846.461,20813879.04,2225.76387,3074.15728,737.89903,2020-03-15 19:14:41.970,-78475005.5397183,-344037298.5143525,-138903908.68675816,148321375299.57233,-10966839396.020676,-4754419242.592292,58923.80187465277
46,2020,3,15,19,29,41.97,12474645.184,-9909665.362,21297958.264000002,2005.99981,3290.52713,336.19057000000004,2020-03-15 19:29:41.970,-77583618.66869958,-344237523.98394346,-139074319.49280277,148323974093.33688,-10942230298.836681,-4743752259.060116,58923.81229131943
46,2020,3,15,19,44,41.97,14167970.452,-6871728.159,21417097.912,1751.4897899999999,3450.82611,-71.92662,2020-03-15 19:44:41.970,-76691769.23581047,-344435675.9365997,-139243892.57287797,148326568053.45706,-10917620819.620275,-4733085110.645932,58923.8227079861
46,2020,3,15,19,59,41.97,15618169.626,-3715887.372,21168656.11,1466.4741999999999,3552.12803,-479.49,2020-03-15 19:59:41.970,-75799462.7509,-344631754.1762548,-139412627.30910543,148329157179.82327,-10893010959.175133,-4722417797.691652,58923.83312465277
46,2020,3,15,20,14,41.97,16799904.421,-496188.803,20556282.766,1155.74253,3592.49416,-879.49991,2020-03-15 20:14:41.970,-74906704.72121301,-344825758.51952153,-139580523.0892458,148331741472.32645,-10868400718.305092,-4711750320.539273,58923.84354131943
46,2020,3,15,20,29,41.97,17692366.747,2732039.315,19589899.700999998,824.5591599999999,3571.01983,-1265.03847,2020-03-15 20:29:41.970,-74013500.65135907,-345017688.79566765,-139747579.30669203,148334320930.8573,-10843790097.814121,-4701082679.530839,58923.8539579861
46,2020,3,15,20,44,41.97,18279668.864,5913131.797,18285572.733,478.57892000000004,3487.8644799999997,-1629.39043,2020-03-15 20:44:41.970,-73119856.04328212,-345207544.84659106,-139913795.36046195,148336895555.3071,-10819179098.50636,-4690414875.008477,58923.86437465277
46,2020,3,15,20,59,41.97,18551153.237,8992051.030000001,16665274.92,123.75332,3344.26369,-1966.16382,2020-03-15 20:59:41.970,-72225776.39622967,-345395326.52679753,-140079170.65519086,148339465345.56714,-10794567721.186092,-4679746907.314373,58923.87479131943
46,2020,3,15,21,14,41.97,18501614.259000003,11915353.711,14756542.138999999,-233.77131,3142.52193,-2269.40813,2020-03-15 21:14:41.970,-71331267.2067229,-345581033.70337534,-140243704.60112518,148342030301.52884,-10769955966.65777,-4669078776.790785,58923.8852079861
46,2020,3,15,21,29,41.97,18131425.311,14632141.989,12592024.423,-587.7620300000001,2885.9849799999997,-2533.7273699999996,2020-03-15 21:29:41.970,-70436333.96852612,-345764666.25597155,-140407396.61411396,148344590423.08383,-10745343835.725954,-4658410483.780035,58923.89562465277
46,2020,3,15,21,44,41.97,17446566.248999998,17094980.522,10208938.808999998,-932.01198,2578.99175,-2754.38538,2020-03-15 21:44:41.970,-69540982.17261732,-345946224.07676846,-140570246.11560258,148347145710.12424,-10720731329.195393,-4647742028.624511,58923.90604131943
46,2020,3,15,21,59,41.97,16458548.332999999,19260760.835,7648431.919,-1260.4551900000001,2226.8054300000003,-2927.40072,2020-03-15 21:59:41.970,-68645217.30715765,-346125707.07045895,-140732252.53262526,148349696162.542,-10696118447.870964,-4637073411.666671,58923.9164579861
46,2020,3,15,22,14,41.97,15184235.802,21091494.653,4954862.863,-1567.2810200000001,1835.52465,-3049.62838,2020-03-15 22:14:41.970,-67749044.8574621,-346303115.154223,-140893415.29779714,148352241780.22952,-10671505192.557705,-4626404633.24904,58923.92687465277
46,2020,3,15,22,29,41.97,13645565.624,22555018.827,2175019.3559999997,-1847.04554,1411.97614,-3118.8261,2020-03-15 22:29:41.970,-66852470.30597017,-346478448.25770295,-141053733.8493077,148354782563.07907,-10646891564.060804,-4615735693.71421,58923.93729131943
46,2020,3,15,22,44,41.97,11869169.459,23625595.923,-642718.051,-2094.7769900000003,963.59062,-3133.7030499999996,2020-03-15 22:44:41.970,-65955499.132215746,-346651706.3229797,-141213207.63091317,148357318510.9835,-10622277563.18559,-4605066593.40483,58923.9477079861
46,2020,3,15,22,59,41.97,9885904.311,24284396.669,-3449247.018,-2306.07277,498.2648,-3093.94936,2020-03-15 22:59:41.970,-65058136.81279862,-346822889.3045486,-141371836.09192896,148359849623.83566,-10597663190.737547,-4594397332.663636,58923.95812465277
46,2020,3,15,23,14,41.97,7730300.748,24519852.979,-6195631.965,-2477.18527,24.21241,-3000.2452700000003,2020-03-15 23:14:41.970,-64160388.82135482,-346991997.1692956,-141529618.68722236,148362375901.52853,-10573048447.522293,-4583727911.833407,58923.96854131943
46,2020,3,15,23,29,41.97,5439939.732,24327873.368,-8833991.58,-2605.09431,-450.19207,-2854.24972,2020-03-15 23:29:41.970,-63262260.62852791,-347159029.8964721,-141686554.8772052,148364897343.95554,-10548433334.345612,-4573058331.257005,58923.9789579861
46,2020,3,15,23,44,41.97,3054770.91,23711915.847,-11318366.699000001,-2687.56452,-916.57318,-2658.5682,2020-03-15 23:44:41.970,-62363757.701940134,-347323987.47767216,-141842644.12782642,148367413951.00998,-10523817852.013435,-4562388591.277348,58923.98937465277
46,2020,3,15,23,59,41.97,616386.7390000001,22682916.941,-13605550.378,-2723.18595,-1366.71377,-2416.70105,2020-03-15 23:59:41.970,-61464885.5459546,-347486869.90964437,-141997885.90371236,148369925722.5852,-10499202001.33174,-4551718692.237344,58923.99979131943
46,2020,3,16,0,14,41.97,-1832732.753,21259079.036,-15655863.724000001,-2711.39739,-1792.71007,-2132.9733499999998,2020-03-16 00:14:41.970,-60565649.542500526,-347647677.2230119,-142152279.6956054,148372432658.57593,-10474585783.106909,-4541048634.480214,58924.0102079861
46,2020,3,16,0,29,41.97,-4249985.645,19465521.292,-17433857.792,-2652.49215,-2187.11836,-1812.44912,2020-03-16 00:29:41.970,-59666055.18974087,-347806409.43899524,-142305824.9791312,148374934758.87573,-10449969198.145231,-4530378418.348992,58924.02062465277
46,2020,3,16,0,44,41.97,-6593416.191000001,17333803.819000002,-18908938.541,-2547.60599,-2543.09119,-1460.83048,2020-03-16 00:44:41.970,-58766107.94292793,-347963066.5983145,-142458521.24231222,148377432023.3789,-10425352247.253239,-4519708044.1868725,58924.03104131943
46,2020,3,16,0,59,41.97,-8822459.373,14901335.047,-20055889.067,-2398.68873,-2854.49853,-1084.3468,2020-03-16 00:59:41.970,-57865813.2541508,-348117648.7539103,-142610367.97867042,148379924451.9799,-10400734931.237541,-4509037512.337096,58924.0414579861
46,2020,3,16,1,14,41.97,-10898655.412,12210677.413999999,-20855291.512,-2208.4603,-3116.03311,-689.6349899999999,2020-03-16 01:14:41.970,-56965176.57230741,-348270155.9709206,-142761364.68721953,148382412044.57346,-10376117250.904963,-4498366823.142986,58924.05187465277
46,2020,3,16,1,29,41.97,-12786317.763999999,9308766.299999999,-21293837.927,-1980.35281,-3323.2975100000003,-283.6146,2020-03-16 01:29:41.970,-56064203.34307678,-348420588.32665545,-142911510.87245786,148384894801.05435,-10351499207.062462,-4487695976.947932,58924.06229131943
46,2020,3,16,1,44,41.97,-14453143.378999999,6246059.142,-21364527.336,-1718.4404399999999,-3472.8720399999997,126.63972000000001,2020-03-16 01:44:41.970,-55162899.00889128,-348568945.910573,-143060806.04436082,148387372721.3177,-10326880800.517117,-4477024974.095371,58924.0727079861
46,2020,3,16,1,59,41.97,-15870755.177,3075632.252,-21066747.992,-1427.35927,-3562.36305,534.0254,2020-03-16 01:59:41.970,-54261269.00890921,-348715228.8242557,-143209249.7183727,148389845805.25864,-10302262032.076172,-4466353814.92882,58924.08312465277
46,2020,3,16,2,14,41.97,-17015168.518999998,-147756.883,-20406246.149,-1112.21891,-3590.43138,931.5365300000001,2020-03-16 02:14:41.970,-53359318.77898729,-348859437.1813854,-143356841.41539958,148392314052.7728,-10277642902.547,-4455682499.791859,58924.09354131943
46,2020,3,16,2,29,41.97,-17867175.276,-3368624.226,-19394984.792,-778.50809,-3556.80159,1312.38349,2020-03-16 02:29:41.970,-52457053.75165341,-349001571.10771936,-143503580.66180146,148394777463.75574,-10253023412.737135,-4445011029.028131,58924.1039579861
46,2020,3,16,2,44,41.97,-18412640.963000003,-6531713.727,-18050897.615000002,-431.99619,-3462.2527299999997,1670.1058,2020-03-16 02:44:41.970,-51554479.35607988,-349141630.7410658,-143649466.9893847,148397236038.10342,-10228403563.45424,-4434339402.981349,58924.11437465277
46,2020,3,16,2,59,41.97,-18642712.125,-9582935.591,-16397545.109,-78.63259000000001,-3308.5916,1998.6765799999998,2020-03-16 02:59:41.970,-50651601.01805599,-349279616.2312601,-143794499.93539426,148399689775.71185,-10203783355.506134,-4423667621.995277,58924.12479131943
46,2020,3,16,3,14,41.97,-18553932.812,-12470273.166000001,-14463680.927,275.55443,-3098.60998,2292.5972899999997,2020-03-16 03:14:41.970,-49748424.159961544,-349415527.7401399,-143938679.0425061,148402138676.4773,-10179162789.700766,-4412995686.413765,58924.1352079861
46,2020,3,16,3,29,41.97,-18148270.497,-15144644.619,-12282737.698,624.55759,-2836.02718,2546.98183,2020-03-16 03:29:41.970,-48844954.20073991,-349549365.4415211,-144082003.85881934,148404582740.29623,-10154541866.84623,-4402323596.580709,58924.14562465277
46,2020,3,16,3,44,41.97,-17433053.122,-17560706.851999998,-9892242.281000001,962.4879400000001,-2525.41943,2757.6291300000003,2020-03-16 03:44:41.970,-47941196.55587177,-349681129.52117324,-144224473.9378489,148407021967.06534,-10129920587.75077,-4391651352.84007,58924.15604131943
46,2020,3,16,3,59,41.97,-16420820.185,-19677590.566999998,-7333170.977,1283.6684,-2172.1376999999998,2921.08392,2020-03-16 03:59:41.970,-47037156.637348495,-349810820.1767959,-144366088.83851707,148409456356.68152,-10105298953.222775,-4380978955.535895,58924.1664579861
46,2020,3,16,4,14,41.97,-15129091.807999998,-21459556.759,-4649255.624000001,1582.7223,-1782.2155500000001,3034.6850999999997,2020-03-16 04:14:41.970,-46132839.85364607,-349938437.6179936,-144506848.1251465,148411885909.0419,-10080676964.070759,-4370306405.012274,58924.17687465277
46,2020,3,16,4,29,41.97,-13580060.679,-22876566.338,-1886251.707,1854.65608,-1362.26851,3096.60174,2020-03-16 04:29:41.970,-45228251.60969874,-350063982.0662519,-144646751.36745206,148414310624.0437,-10056054621.103384,-4359633701.61336,58924.18729131943
46,2020,3,16,4,44,41.97,-11800212.513,-23904755.966000002,908820.3150000001,2094.93531,-919.3865,3105.8566,2020-03-16 04:44:41.970,-44323397.3068732,-350187453.7549125,-144785798.14053306,148416730501.58444,-10031431925.129467,-4348960845.683387,58924.1977079861
46,2020,3,16,4,59,41.97,-9819881.391,-24526814.485999998,3688449.259,2299.55328,-461.02079000000003,3062.3372400000003,2020-03-16 04:59:41.970,-43418282.34294276,-350308852.9291502,-144923988.0248655,148419145541.56186,-10006808876.957952,-4338287837.566639,58924.20812465277
46,2020,3,16,5,14,41.97,-7672746.9,-24732255.64,6405411.938999999,2465.0916500000003,5.13326,2966.79491,2020-03-16 05:14:41.970,-42512912.1120615,-350428179.84594727,-145061320.6062945,148421555743.87378,-9982185477.397915,-4327614677.607472,58924.21854131943
46,2020,3,16,5,29,41.97,-5395280.537,-24517583.971,9013545.451,2588.77246,471.25604999999996,2820.8313399999997,2020-03-16 05:29:41.970,-41607292.004738756,-350545434.7740695,-145197795.47602606,148423961108.41843,-9957561727.258589,-4316941366.150297,58924.2289579861
46,2020,3,16,5,44,41.97,-3026149.249,-23886352.014,11468502.271,2668.50128,929.5252499999999,2626.87385,2020-03-16 05:44:41.970,-40701427.40781381,-350660617.9940426,-145333412.23061937,148426361635.09396,-9932937627.349342,-4306267903.539598,58924.23937465277
46,2020,3,16,5,59,41.97,-605584.446,-22849108.058000002,13728477.706,2702.90078,1372.23731,2388.13886,2020-03-16 05:59:41.970,-39795323.70443022,-350773729.7981265,-145468170.47197935,148428757323.79898,-9908313178.479696,-4295594290.119917,58924.24979131943
46,2020,3,16,6,14,41.97,1825274.861,-21423234.865,15754899.492,2691.3345,1791.92795,2108.5842700000003,2020-03-16 06:14:41.970,-38888986.2740111,-350884770.49029225,-145602069.80734813,148431148174.43246,-9883688381.459269,-4284920526.235861,58924.2602079861
46,2020,3,16,6,29,41.97,4225055.748,-19632680.967,17513069.66,2633.92049,2181.49027,1792.8511,2020-03-16 06:29:41.970,-37982420.492233776,-350993740.3861969,-145735109.8492977,148433534186.89288,-9859063237.097858,-4274246612.2320986,58924.27062465277
46,2020,3,16,6,44,41.97,6552832.551,-17507587.27,18972749.145999998,2531.53421,2534.28901,1446.19472,2020-03-16 06:44:41.970,-37075631.73100498,-351100639.8131602,-145867290.21572182,148435915361.0796,-9834437746.20539,-4263572548.4533696,58924.28104131943
46,2020,3,16,6,59,41.97,8768805.854,-15083813.002999999,20108676.027000003,2385.80074,2844.26973,1074.40619,2020-03-16 06:59:41.970,-36168625.35843605,-351205469.1101388,-145998610.52982822,148438291696.89203,-9809811909.591911,-4252898335.2444634,58924.2914579861
46,2020,3,16,7,14,41.97,10834969.365,-12402366.283,20901008.776,2199.0756,3106.06134,683.72437,2020-03-16 07:14:41.970,-35261406.73881835,-351308228.6277029,-146129070.4201304,148440663194.22955,-9785185728.067633,-4242223972.9502454,58924.30187465277
46,2020,3,16,7,29,41.97,12715754.524,-9508745.986,21335686.512000002,1974.41441,3315.07042,280.73954000000003,2020-03-16 07:29:41.970,-34353981.23259866,-351408918.7280122,-146258669.52044022,148443029852.9922,-9760559202.442892,-4231549461.915634,58924.31229131943
46,2020,3,16,7,44,41.97,14378642.526,-6452203.053,21404698.963,1715.53084,3467.5656400000003,-127.71068,2020-03-16 07:44:41.970,-33446354.19635485,-351507539.7847908,-146387407.4698597,148445391673.0797,-9735932333.528154,-4220874802.485615,58924.3227079861
46,2020,3,16,7,59,41.97,15794733.418,-3284930.852,21106259.776,1426.74325,3560.75068,-534.65189,2020-03-16 07:59:41.970,-32538530.982771717,-351604092.1833034,-146515283.91277274,148447748654.39246,-9711305122.134026,-4210199995.0052385,58924.33312465277
46,2020,3,16,8,14,41.97,16939261.994,-61195.836,20444877.886,1112.9099,3592.82373,-933.08861,2020-03-16 08:14:41.970,-31630516.940616593,-351698576.3203304,-146642298.49883783,148450100796.83057,-9686677569.071262,-4199525039.8196173,58924.34354131943
46,2020,3,16,8,29,41.97,17792050.501000002,3163578.732,19431323.015,779.3534,3563.02197,-1316.12353,2020-03-16 08:29:41.970,-30722317.414715845,-351790992.60414475,-146768450.88297963,148452448100.2949,-9662049675.150743,-4188849937.2739205,58924.3539579861
46,2020,3,16,8,44,41.97,18337888.671,6333761.65,18082482.916,431.7749,3471.6492799999996,-1677.07851,2020-03-16 08:44:41.970,-29813937.745930515,-351881341.4544866,-146893740.72538126,148454790564.68607,-9637421441.183483,-4178174687.7133837,58924.36437465277
46,2020,3,16,8,59,41.97,18566832.325,9394479.499,16421111.817000002,76.15913,3320.08574,-2009.61501,2020-03-16 08:59:41.970,-28905383.271132756,-351969623.3025393,-147018167.69147608,148457128189.90518,-9612792867.980642,-4167499291.483309,58924.37479131943
46,2020,3,16,9,14,41.97,18474412.872,12292582.236,14475471.545,-281.32836,3110.77766,-2307.85169,2020-03-16 09:14:41.970,-27996659.32318249,-352055838.5909053,-147141731.45193976,148459460975.85345,-9588163956.353495,-4156823748.9290524,58924.3852079861
46,2020,3,16,9,29,41.97,18061751.376000002,14977590.721,12278869.045,-634.45023,2847.2072900000003,-2566.47661,2020-03-16 09:29:41.970,-27087771.230903596,-352139987.773582,-147264431.6826827,148461788922.43234,-9563534707.11349,-4146148060.39604,58924.39562465277
46,2020,3,16,9,44,41.97,17335572.511,17402607.669,9869096.409,-977.01045,2533.8418300000003,-2780.85125,2020-03-16 09:44:41.970,-26178724.319060683,-352222071.3159367,-147386268.0648411,148464112029.54352,-9538905121.072159,-4135472226.2297506,58924.40604131943
46,2020,3,16,9,59,41.97,16308115.708999999,19525173.417999998,7287781.932,-1302.9692100000002,2176.06185,-2947.10372,2020-03-16 09:59:41.970,-25269523.90833592,-352302089.6946835,-147507240.28476992,148466430297.08875,-9514275199.041212,-4124796246.7757316,58924.4164579861
46,2020,3,16,10,14,41.97,14996942.987,21308048.273000002,4579663.124,-1606.55718,1780.06991,-3062.20859,2020-03-16 10:14:41.970,-24360175.31530591,-352380043.39785844,-147627348.03403446,148468743724.97012,-9489644941.832474,-4114120122.3795953,58924.42687465277
46,2020,3,16,10,29,41.97,13424645.327,22719904.217,1791794.8490000002,-1882.38624,1352.78077,-3124.05085,2020-03-16 10:29:41.970,-23450683.85241866,-352455932.9247948,-147746591.0094022,148471052313.09006,-9465014350.257902,-4103443853.387008,58924.43729131943
46,2020,3,16,10,44,41.97,11618451.972000001,23735910.317,-1027292.2410000002,-2125.55402,901.6954000000001,-3131.4721,2020-03-16 10:44:41.970,-22541054.827970903,-352529758.78610003,-147864968.9128347,148473356061.3509,-9440383425.12959,-4092767440.143701,58924.4477079861
46,2020,3,16,10,59,41.97,9609749.43,24338198.316999998,-3828466.2079999996,-2331.73958,434.76119,-3084.29734,2020-03-16 10:59:41.970,-21631293.546085283,-352601521.50363034,-147982481.45148,148475654969.65536,-9415752167.259762,-4082090882.9954634,58924.45812465277
46,2020,3,16,11,14,41.97,7433519.394,24516197.546,-6562883.321,-2497.28753,-39.77809,-2983.3413800000003,2020-03-16 11:14:41.970,-20721405.30668766,-352671221.61046726,-148099128.33766428,148477949037.9064,-9391120577.460775,-4071414182.288147,58924.46854131943
46,2020,3,16,11,29,41.97,5127706.848,24266831.374,-9182873.997000001,-2619.27868,-513.53932,-2830.39452,2020-03-16 11:29:41.970,-19811395.405484866,-352738859.6508933,-148214909.28888345,148480238266.0071,-9366488656.545132,-4060737338.3676763,58924.4789579861
46,2020,3,16,11,44,41.97,2732531.4779999997,23594570.769,-11642806.587,-2695.58518,-978.1598799999999,-2628.18772,2020-03-16 11:44:41.970,-18901269.133942213,-352804436.1803674,-148329824.0277959,148482522653.8608,-9341856405.325453,-4050060351.580021,58924.48937465277
46,2020,3,16,11,59,41.97,289756.875,22511344.076,-13899910.970999999,-2724.9089400000003,-1425.45663,-2380.33836,2020-03-16 11:59:41.970,-17991031.779261246,-352867951.7655015,-148443872.28221372,148484802201.37112,-9317223824.614477,-4039383222.2712173,58924.49979131943
46,2020,3,16,12,14,41.97,-2158067.0220000003,21036305.641,-15915045.016,-2706.80261,-1847.58003,-2091.27783,2020-03-16 12:14:41.970,-17080688.624357875,-352929406.98403543,-148557053.78509474,148487076908.44177,-9292590915.225101,-4028705950.7873626,58924.5102079861
46,2020,3,16,12,29,41.97,-4568372.386,19195469.286,-17653388.587,-2641.6728799999996,-2237.1597300000003,-1766.16323,2020-03-16 12:29:41.970,-16170244.947840048,-352988802.42481333,-148669368.2745349,148489346774.97675,-9267957677.970346,-4018028537.474616,58924.52062465277
46,2020,3,16,12,44,41.97,-6899337.0430000005,17021215.731,-19085051.787,-2530.76631,-2587.43859,-1410.77558,2020-03-16 12:44:41.970,-15259706.02398619,-353046138.6877598,-148780815.49375919,148491611800.88028,-9243324113.663364,-4007350982.6791954,58924.53104131943
46,2020,3,16,12,59,41.97,-9110627.798,14551685.79,-20185586.498,-2376.13875,-2892.39215,-1031.4072,2020-03-16 12:59:41.970,-14349077.122723378,-353101416.3838551,-148891395.19111502,148493871986.05664,-9218690223.117424,-3996673286.747384,58924.5414579861
46,2020,3,16,13,14,41.97,-11164109.184999999,11830073.372000001,-20936392.783999998,-2180.60934,-3146.83143,-634.7411400000001,2020-03-16 13:14:41.970,-13438363.509605622,-353154636.1351114,-149001107.12006226,148496127330.41074,-9194056007.145945,-3985995450.0255175,58924.55187465277
46,2020,3,16,13,29,41.97,-13024504.555,8903834.052000001,-21325014.378,-1947.7008600000001,-3346.48753,-227.72576999999998,2020-03-16 13:29:41.970,-12527570.44579259,-353205798.5745485,-149109951.03916708,148498377833.84695,-9169421466.562452,-3975317472.859998,58924.56229131943
46,2020,3,16,13,44,41.97,-14659997.966,5823826.157000001,-21345320.074,-1681.56819,-3488.07694,182.55289,2020-03-16 13:44:41.970,-11616703.188028026,-353254904.3461702,-149217926.71209204,148500623496.27075,-9144786602.180613,-3964639355.5972824,58924.5727079861
46,2020,3,16,13,59,41.97,-16042767.06,2643401.952,-20997570.339,-1386.91679,-3569.3470199999997,588.9981399999999,2020-03-16 13:59:41.970,-10705766.988618637,-353301954.10493946,-149325033.90758926,148502864317.58713,-9120151414.814238,-3953961098.583898,58924.58312465277
46,2020,3,16,14,14,41.97,-17149438.946,-582533.28,-20288370.782,-1068.91346,-3589.1019499999998,984.62665,2020-03-16 14:14:41.970,-9794767.095412862,-353346948.5167555,-149431272.39949176,148505100297.7018,-9095515905.277239,-3943282702.166419,58924.59354131943
46,2020,3,16,14,29,41.97,-17961462.948,-3798476.75,-19230516.191,-733.09123,-3547.2093099999997,1362.68728,2020-03-16 14:29:41.970,-8883708.75177992,-353389888.2584281,-149536641.96670508,148507331436.52036,-9070880074.38368,-3932604166.6914873,58924.6039579861
46,2020,3,16,14,44,41.97,-18465395.922,-6949281.32,-17842730.68,-385.25043,-3444.5884300000002,1716.77286,2020-03-16 14:44:41.970,-7972597.196588913,-353430774.0176556,-149641142.3931998,148509557733.94852,-9046243922.94774,-3921925492.5058064,58924.61437465277
46,2020,3,16,14,59,41.97,-18653097.556,-9981090.283,-16149310.984,-31.35793,-3283.18141,2040.9233699999997,2020-03-16 14:59:41.970,-7061437.664187967,-353469606.49299896,-149744773.46800286,148511779189.8927,-9021607451.783726,-3911246679.956128,58924.62479131943
46,2020,3,16,15,14,41.97,-18521834.722,-12842238.818,-14179681.245,322.55395,-3065.90827,2329.71927,2020-03-16 15:14:41.970,-6150235.38438368,-353506386.3938591,-149847534.98518968,148513995804.25897,-8996970661.706081,-3900567729.3892803,58924.6352079861
46,2020,3,16,15,29,41.97,-18074295.394,-15484108.453000002,-11967868.582999999,670.48705,-2796.60765,2578.36407,2020-03-16 15:29:41.970,-5238995.582420478,-353541114.44045234,-149949426.74387574,148516207576.95425,-8972333553.52936,-3889888641.1521325,58924.64562465277
46,2020,3,16,15,44,41.97,-17318514.031,-17861922.207,-9551909.521,1006.57431,-2479.96454,2782.75534,2020-03-16 15:44:41.970,-4327723.478960198,-353573791.36378706,-150050448.54820862,148518414507.88498,-8947696128.068264,-3879209415.591631,58924.65604131943
46,2020,3,16,15,59,41.97,-16267711.443,-19935469.494,-6973197.859,1325.17265,-2121.42668,2939.5437,2020-03-16 15:59:41.970,-3416424.2900617877,-353604417.9056384,-150150600.2073598,148520616596.95822,-8923058386.137611,-3868530053.0547667,58924.6664579861
46,2020,3,16,16,14,41.97,-14940053.254,-21669751.265,-4275784.9459999995,1620.95084,-1727.11123,3046.1796200000003,2020-03-16 16:14:41.970,-2505103.227161126,-353632994.81852585,-150249881.53551683,148522813844.08142,-8898420328.55234,-3857850553.888601,58924.67687465277
46,2020,3,16,16,29,41.97,-13358331.928,-23035537.307,-1505643.493,1888.97136,-1303.70312,3100.94762,2020-03-16 16:29:41.970,-1593765.497050914,-353659522.8656886,-150348292.3518743,148525006249.1617,-8873781956.127523,-3847170918.440243,58924.68729131943
46,2020,3,16,16,44,41.97,-11549578.123,-24009828.924000002,1290093.848,2124.76542,-858.34669,3102.98812,2020-03-16 16:44:41.970,-682416.301860613,-353684002.82106185,-150445832.48062652,148527193812.1068,-8849143269.678352,-3836491147.056869,58924.6977079861
46,2020,3,16,16,59,41.97,-9544607.803000001,-24576221.595,4063909.965,2324.40062,-398.53201,3052.3069,2020-03-16 16:59:41.970,228939.16096328953,-353706435.4692525,-150542501.75095913,148529376532.82465,-8824504270.020157,-3825811240.0857153,58924.70812465277
46,2020,3,16,17,14,41.97,-7377512.109,-24725163.438,6768681.749000001,2484.5404200000003,68.02276,2949.77227,2020-03-16 17:14:41.970,1140295.6986770895,-353726821.6055167,-150638299.99704048,148531554411.2232,-8799864957.968376,-3815131197.874069,58924.71854131943
46,2020,3,16,17,29,41.97,-5085097.5,-24454106.572,9358450.622,2602.4950599999997,533.49152,2797.10031,2020-03-16 17:29:41.970,2051648.1232595276,-353745162.0357336,-150733227.05801424,148533727447.21088,-8775225334.338594,-3804451020.7692795,58924.7289579861
46,2020,3,16,17,44,41.97,-2706284.111,-23767549.615,11789174.456999999,2676.26342,990.06176,2596.82834,2020-03-16 17:44:41.970,2962991.2514312933,-353761457.5763842,-150827282.7779903,148535895640.69617,-8750585399.94649,-3793770709.118757,58924.73937465277
46,2020,3,16,17,59,41.97,-281470.709,-22676970.746999998,14019450.439,2704.56538,1430.05604,2352.27691,2020-03-16 17:59:41.970,3874319.9046744867,-353775709.05452573,-150920467.00603744,148538058991.5878,-8725945155.60788,-3783090263.2699666,58924.74979131943
46,2020,3,16,18,14,41.97,2148125.069,-21200651.919,16011198.711,2686.8642299999997,1846.0521800000001,2067.50072,2020-03-16 18:14:41.970,4785628.909251853,-353787917.3077686,-151012779.59617448,148540217499.79465,-8701304602.138725,-3772409683.5704355,58924.7602079861
46,2020,3,16,18,29,41.97,4541142.068,-19363395.921,17730296.97,2623.37891,2231.00091,1747.22881,2020-03-16 18:29:41.970,5696913.096225985,-353798083.18425256,-151104220.40736264,148542371165.226,-8676663740.355078,-3761728970.3677435,58924.77062465277
46,2020,3,16,18,44,41.97,6856757.209000001,-17196139.268,19147156.55,2515.08557,2578.33955,1396.79435,2020-03-16 18:44:41.970,6608167.301478479,-353806207.542623,-151194789.30349705,148544519987.79126,-8652022571.073135,-3751048124.009534,58924.78104131943
46,2020,3,16,18,59,41.97,9055363.586,-14735465.043,20237230.919,2363.7081700000003,2882.10039,1022.05481,2020-03-16 18:59:41.970,7519386.365728888,-353812291.25200707,-151284486.1533984,148546663967.3999,-8627381095.1092,-3740367144.843502,58924.7914579861
46,2020,3,16,19,14,41.97,11099235.121,-12023021.198,20981448.08,2171.6980000000003,3137.01214,629.30278,2020-03-16 19:14:41.970,8430565.13455355,-353816335.19199055,-151373310.83080503,148548803103.96176,-8602739313.279715,-3729686033.217407,58924.80187465277
46,2020,3,16,19,29,41.97,12953167.583,-9104851.168,21366558.916,1942.2015900000001,3338.59308,225.1685,2020-03-16 19:29:41.970,9341698.458404433,-353818340.2525934,-151461263.21436486,148550937397.38705,-8578097226.401226,-3719004789.479059,58924.81229131943
46,2020,3,16,19,44,41.97,14585085.643000001,-6030645.111,21385394.34,1679.0173100000002,3483.234,-183.48517,2020-03-16 19:44:41.970,10252781.192627702,-353818307.33424664,-151548343.18762684,148553066847.586,-8553454835.290428,-3708323413.9763365,58924.8227079861
46,2020,3,16,19,59,41.97,15966605.617999999,-2852921.645,21037024.984,1386.54034,3568.26943,-589.67407,2020-03-16 19:59:41.970,11163808.19748235,-353816237.3477687,-151634550.63903287,148555191454.46906,-8528812140.764106,-3697641907.0571632,58924.83312465277
46,2020,3,16,20,14,41.97,17073543.647,373848.516,20326818.34,1069.69649,3592.03522,-986.40904,2020-03-16 20:14:41.970,12074774.338158531,-353812131.21434194,-151719885.46190968,148557311217.94684,-8504169143.639192,-3686960269.0695267,58924.84354131943
46,2020,3,16,20,29,41.97,17886359.373999998,3594164.003,19266389.594,733.86514,3553.91087,-1366.8155900000002,2020-03-16 20:29:41.970,12985674.484796,-353805989.86548823,-151804347.55446073,148559426137.93042,-8479525844.732709,-3676278500.3614655,58924.8539579861
46,2020,3,16,20,44,41.97,18390525.702,6752444.8,17873444.031,384.79218,3454.34485,-1724.25484,2020-03-16 20:44:41.970,13896503.512502342,-353797814.2430469,-151887936.8197577,148561536214.33084,-8454882244.861847,-3665596601.281089,58924.86437465277
46,2020,3,16,20,59,41.97,18576816.02,9793998.885000002,16171510.695999999,28.49387,3294.86154,-2052.44382,2020-03-16 20:59:41.970,14807256.301371034,-353787605.29915017,-151970653.1657326,148563641447.0597,-8430238344.843866,-3654914572.1765494,58924.87479131943
46,2020,3,16,21,14,41.97,18441501.362999998,12665986.369,14189569.124,-328.84689000000003,3078.0486300000002,-2345.5724099999998,2020-03-16 21:14:41.970,15717927.736499522,-353775363.9961992,-152052496.50516957,148565741836.02832,-8405594145.49617,-3644232413.3960586,58924.8852079861
46,2020,3,16,21,29,41.97,17986451.389000002,15318363.106,11961573.145,-680.99029,2807.52397,-2598.41464,2020-03-16 21:29:41.970,16628512.708007094,-353761091.30684245,-152133466.75569624,148567837381.14865,-8380949647.6363,-3633550125.287893,58924.89562465277
46,2020,3,16,21,44,41.97,17219134.737,17704785.224,9525878.226,-1021.75309,2487.8818300000003,-2806.43135,2020-03-16 21:44:41.970,17539006.111052707,-353744788.2139504,-152213563.83977628,148569928082.33292,-8356304852.081881,-3622867708.2003775,58924.90604131943
46,2020,3,16,21,59,41.97,16152516.354,19783455.98,6924581.191000001,-1345.12367,2124.61862,-2965.86175,2020-03-16 21:59:41.970,18449402.84585276,-353726455.7105928,-152292787.68470052,148572013939.493,-8331659759.650681,-3612185162.481897,58924.9164579861
46,2020,3,16,22,14,41.97,14804851.592,21517896.817,4202783.568,-1645.37595,1724.03891,-3073.80119,2020-03-16 22:14:41.970,19359697.81769859,-353706094.8000158,-152371138.22257918,148574094952.54156,-8307014371.16057,-3601502488.4808893,58924.92687465277
46,2020,3,16,22,29,41.97,13199379.264999999,22877625.579,1407792.016,-1917.17952,1293.14338,-3128.26286,2020-03-16 22:29:41.970,20269885.936974153,-353683706.4956178,-152448615.39033353,148576171121.39148,-8282368687.429555,-3590819686.5458503,58924.93729131943
46,2020,3,16,22,44,41.97,11363918.37,23838726.483999997,-1411728.75,-2155.70319,839.50074,-3128.22136,2020-03-16 22:44:41.970,21179962.119173184,-353659291.82092625,-152525219.12968752,148578242445.95538,-8257722709.2757435,-3580136757.02534,58924.9477079861
46,2020,3,16,22,59,41.97,9330375.592,24384298.661000002,-4206633.591,-2356.70921,371.10648000000003,-3073.63679,2020-03-16 22:59:41.970,22089921.284916755,-353632851.8095748,-152600949.3871601,148580308926.14667,-8233076437.517368,-3569453700.26796,58924.95812465277
46,2020,3,16,23,14,41.97,7134173.084,24504772.786000002,-6928187.065,-2516.63582,-103.76839,-2965.45835,2020-03-16 23:14:41.970,22999758.35997028,-353604387.5052791,-152675806.11405647,148582370561.8785,-8208429872.972785,-3558770516.6223817,58924.96854131943
46,2020,3,16,23,29,41.97,4813608.079,24198088.475,-9528947.448,-2632.66589,-576.7349499999999,-2805.6072099999997,2020-03-16 23:29:41.970,23909468.275260817,-353573899.96181536,-152749789.26646015,148584427353.06482,-8183783016.460473,-3548087206.4373236,58924.9789579861
46,2020,3,16,23,44,41.97,2409157.648,23469728.455000002,-11963626.111,-2702.77994,-1039.4463,-2596.93895,2020-03-16 23:44:41.970,24819045.966893833,-353541390.24299437,-152822898.80522504,148586479299.61914,-8159135868.798989,-3537403770.0615573,58924.98937465277
46,2020,3,16,23,59,41.97,-37256.74,22332609.129,-14189904.305,-2725.79225,-1483.75616,-2343.18669,2020-03-16 23:59:41.970,25728486.376170356,-353506859.42264074,-152895134.6959666,148588526401.4556,-8134488430.807061,-3526720207.8439255,58924.99979131943
46,2020,3,17,0,14,41.97,-2483029.901,20806830.572,-16169191.359000001,-2701.36944,-1901.87202,-2048.88634,2020-03-17 00:14:41.970,26637784.449603617,-353470308.58456904,-152966496.90905425,148590568658.48856,-8109840703.303485,-3516036520.133306,58925.0102079861
46,2020,3,17,0,29,41.97,-4885639.46,18919292.476999998,-17867304.67,-2630.0316399999997,-2286.4991200000004,-1719.2867899999999,2020-03-17 00:29:41.970,27546935.13893585,-353431738.8225594,-153036985.41960296,148592606070.6323,-8085192687.107206,-3505352707.2786436,58925.02062465277
46,2020,3,17,0,44,41.97,-7203411.357,16703185.593999999,-19255070.15,-2513.13572,-2630.97309,-1360.2456599999998,2020-03-17 00:44:41.970,28455933.40115479,-353391151.2403362,-153106600.20746526,148594638637.80182,-8060544383.037277,-3494668769.6289396,58925.03104131943
46,2020,3,17,0,59,41.97,-9396257.067,14197370.452,-20308816.539,-2352.84277,-2929.37695,-978.1159299999999,2020-03-17 00:59:41.970,29364774.198510386,-353348546.95154357,-153175341.25722262,148596666359.91193,-8035895791.9128475,-3483984707.5332465,58925.0414579861
46,2020,3,17,1,14,41.97,-11426377.489,11445658.163,-21010767.825,-2152.07017,-3176.64163,-579.62446,2020-03-17 01:14:41.970,30273452.498531044,-353303927.0797232,-153243208.5581779,148598689236.87775,-8011246914.553207,-3473300521.340674,58925.05187465277
46,2020,3,17,1,29,41.97,-13258916.916,8496008.958,-21349323.28,-1914.4301500000001,-3368.62801,-171.74603,2020-03-17 01:29:41.970,31181963.274040043,-353257292.7582912,-153310202.10434648,148600707268.6147,-7986597751.777744,-3462616211.400384,58925.06229131943
46,2020,3,17,1,44,41.97,-14862556.364,5399665.5819999995,-21319223.164,-1644.1568200000002,-3502.18953,238.42434,2020-03-17 01:44:41.970,32090301.503171686,-353208645.13051426,-153376321.8944487,148602720455.03845,-7961948304.405967,-3451931778.061594,58925.0727079861
46,2020,3,17,1,59,41.97,-16210036.712,2210239.194,-20921599.728,-1346.0235300000002,-3575.2151099999996,643.79818,2020-03-17 01:59:41.970,32998462.169387545,-353157985.3494879,-153441567.93190143,148604728796.06488,-7937298573.257504,-3441247221.673579,58925.08312465277
46,2020,3,17,2,14,41.97,-17278603.889000002,-1017234.4550000001,-20163915.454000004,-1025.2526,-3586.6523300000003,1037.4169499999998,2020-03-17 02:14:41.970,33906440.261492416,-353105314.57811224,-153505940.22480997,148606732291.61002,-7912648559.152083,-3430562542.5856686,58925.09354131943
46,2020,3,17,2,29,41.97,-18050370.237,-4227251.099,-19059792.512,-687.41963,-3536.51159,1412.57008,2020-03-17 02:29:41.970,34814230.77365031,-353050633.9890702,-153569438.7859598,148608730941.59018,-7887998262.909557,-3419877741.147243,58925.1039579861
46,2020,3,17,2,44,41.97,-18512587.963000003,-7364789.461999999,-17628739.193,-338.35422,-3425.85199,1762.90565,2020-03-17 02:44:41.970,35721828.70540023,-352993944.7648038,-153632063.6328085,148610724745.92178,-7863347685.349891,-3409192817.707738,58925.11437465277
46,2020,3,17,2,59,41.97,-18657832.351,-10376242.288999999,-15895780.571999999,15.96106,-3256.75016,2082.5322499999997,2020-03-17 02:59:41.970,36629229.06167205,-352935248.09749204,-153693814.78747785,148612713704.52176,-7838696827.293156,-3398507772.6166477,58925.12479131943
46,2020,3,17,3,14,41.97,-18484093.975,-13210312.134,-13891001.867,369.49154,-3032.2533200000003,2366.11094,2020-03-17 03:14:41.970,37536426.85280211,-352874545.18902695,-153754692.27674493,148614697817.3069,-7814045689.559528,-3387822606.223511,58925.1352079861
46,2020,3,17,3,29,41.97,-17994780.661000002,-15818858.393000001,-11649013.938,716.2499,-2756.3181499999996,2608.93624,2020-03-17 03:29:41.970,38443417.09454882,-352811837.250992,-153814696.13203487,148616677084.1946,-7789394272.969328,-3377137318.8779335,58925.14562465277
46,2020,3,17,3,44,41.97,-17198631.215,-18157683.474,-9208351.070999999,1050.39261,-2433.7369299999996,2807.00548,2020-03-17 03:44:41.970,39350194.80810805,-352747125.50463855,-153873826.38941213,148618651505.10208,-7764742578.342955,-3366451910.9295673,58925.15604131943
46,2020,3,17,3,59,41.97,-16109544.142,-20187247.35,-6610811.699,1366.3121899999999,-2070.05253,2957.0761899999998,2020-03-17 03:59:41.970,40256755.020128615,-352680411.1808632,-153932083.08957273,148620621079.94717,-7740090606.500939,-3355766382.728115,58925.1664579861
46,2020,3,17,4,14,41.97,-14746325.556,-21873301.213,-3900753.0579999997,1658.72434,-1671.46386,3056.71109,2020-03-17 04:14:41.970,41163092.76272762,-352611695.5201855,-153989466.2778358,148622585808.64777,-7715438358.263914,-3345080734.6233454,58925.17687465277
46,2020,3,17,4,29,41.97,-13132361.388,-23187432.283,-1124350.9309999999,1922.74894,-1244.7232800000002,3104.31064,2020-03-17 04:29:41.970,42069203.07350562,-352540979.7727244,-154045976.00413567,148624545691.12186,-7690785834.452612,-3334394966.965064,58925.18729131943
46,2020,3,17,4,44,41.97,-11295219.736,-24107513.246,1671164.3120000002,2153.9841499999998,-797.02747,3099.13316,2020-03-17 04:44:41.970,42975080.995561674,-352468265.19817674,-154101612.3230136,148626500727.2878,-7666133035.887909,-3323709080.1031446,58925.1977079861
46,2020,3,17,4,59,41.97,-9266189.877,-24618051.044,4438284.201,2348.57296,-335.90314,3041.30259,2020-03-17 04:59:41.970,43880721.577508464,-352393553.0657934,-154156375.29360983,148628450917.06427,-7641479963.390751,-3313023074.387507,58925.20812465277
46,2020,3,17,5,14,41.97,-7079764.999,-24710431.058,7130000.137,2503.2616000000003,130.91091999999998,2931.80409,2020-03-17 05:14:41.970,44786119.8734872,-352316844.6543579,-154210264.97965533,148630396260.37003,-7616826617.782237,-3302336950.168128,58925.21854131943
46,2020,3,17,5,29,41.97,-4773076.232000001,-24383053.893,9700571.976,2615.44929,595.5843,2772.46757,2020-03-17 05:29:41.970,45691270.94318251,-352238141.2521629,-154263281.44946387,148632336757.12402,-7592172999.8835335,-3291650707.795029,58925.2289579861
46,2020,3,17,5,44,41.97,-2385285.978,-23641363.196999997,12106276.558,2683.2288599999997,1050.31648,2565.93966,2020-03-17 05:44:41.970,46596169.85183723,-352157444.15698797,-154315424.7759235,148634272407.24545,-7567519110.515948,-3280964347.6182976,58925.23937465277
46,2020,3,17,5,59,41.97,43051.057,-22497764.064999998,14306125.804,2705.41783,1487.45825,2315.6441600000003,2020-03-17 05:59:41.970,47500811.67026701,-352074754.676077,-154366695.03648898,148636203210.65396,-7542864950.500876,-3270277869.9880652,58925.24979131943
46,2020,3,17,6,14,41.97,2470650.35,-20971432.766000003,16262544.236,2681.57953,1899.63158,2025.73151,2020-03-17 06:14:41.970,48405191.47487492,-351990074.1261164,-154417092.31317338,148638129167.26926,-7518210520.6598425,-3259591275.254515,58925.2602079861
46,2020,3,17,6,29,41.97,4856174.447000001,-19088019.663,17941996.154,2612.03394,2279.8468399999997,1701.01747,2020-03-17 06:29:41.970,49309304.34766603,-351903403.83321166,-154466616.6925401,148640050277.01114,-7493555821.814466,-3248904563.767894,58925.27062465277
46,2020,3,17,6,44,41.97,7158914.812,-16879248.428999998,19315553.027000003,2497.8577999999998,2621.61585,1346.91169,2020-03-17 06:44:41.970,50213145.37626182,-351814745.13286555,-154515268.26569474,148641966539.7998,-7468900854.786471,-3238217735.8784885,58925.28104131943
46,2020,3,17,6,59,41.97,9339468.884,-14382415.886,20359392.126,2340.8738,2919.0593900000003,969.3364399999999,2020-03-17 06:59:41.970,51116709.65391443,-351724099.36995554,-154563047.128277,148643877955.55576,-7444245620.397704,-3227530791.9366446,58925.2914579861
46,2020,3,17,7,14,41.97,11360402.345,-11639798.129,21055217.908,2143.62849,3167.0076900000004,574.6363100000001,2020-03-17 07:14:41.970,52019992.27952102,-351631467.8987111,-154609953.3804525,148645784524.19946,-7419590119.470112,-3216843732.292761,58925.30187465277
46,2020,3,17,7,29,41.97,13186886.376,-8697969.999000002,21390598.342,1909.35877,3361.09227,169.47965000000002,2020-03-17 07:29:41.970,52922988.35763789,-351536852.0826924,-154655987.12690526,148647686245.65192,-7394934352.825747,-3206156557.297285,58925.31229131943
46,2020,3,17,7,44,41.97,14787299.562,-5607046.412,21359209.093000002,1641.9468299999999,3497.8274100000003,-239.24743,2020-03-17 07:44:41.970,53825692.99849451,-351440253.29476726,-154701148.47682875,148649583119.8342,-7370278321.286757,-3195469267.3007154,58925.3227079861
46,2020,3,17,7,59,41.97,16133784.091,-2419855.634,20960979.490000002,1345.8636900000001,3574.67963,-644.55314,2020-03-17 07:59:41.970,54728101.318007685,-351341672.9170889,-154745437.54391864,148651475146.66748,-7345622025.675432,-3184781862.6536117,58925.33312465277
46,2020,3,17,8,14,41.97,17202746.025,808943.8770000001,20202135.334,1026.1014100000002,3590.12335,-1039.4569,2020-03-17 08:14:41.970,55630208.437795244,-351241112.3410737,-154788854.44636425,148653362326.07352,-7320965466.814129,-3174094343.706573,58925.34354131943
46,2020,3,17,8,29,41.97,17975289.752,4023789.839,19095135.008,688.09471,3543.68097,-1417.10926,2020-03-17 08:29:41.970,56532009.4851902,-351138572.9673798,-154831399.306841,148655244657.97372,-7296308645.525336,-3163406710.8102636,58925.3539579861
46,2020,3,17,8,44,41.97,18437577.298,7169171.005,17658496.996999998,337.63257000000004,3435.9457899999998,-1770.91293,2020-03-17 08:44:41.970,57433499.5932541,-351034056.20588386,-154873072.25250158,148657122142.29056,-7271651562.63164,-3152718964.3153887,58925.36437465277
46,2020,3,17,8,59,41.97,18581104.011,10190594.393,15916518.793,-19.23904,3268.58645,-2094.64272,2020-03-17 08:59:41.970,58334673.900791,-350927563.4756595,-154913873.41496873,148658994778.94592,-7246994218.955732,-3142031104.5727115,58925.37479131943
46,2020,3,17,9,14,41.97,18402883.246000003,13035547.648,13898889.27,-376.32184,3044.33145,-2382.56194,2020-03-17 09:14:41.970,59235527.55236101,-350819096.2049554,-154953802.93032688,148660862567.86246,-7222336615.3203945,-3131343131.9330354,58925.3852079861
46,2020,3,17,9,29,41.97,17905534.15,15654438.378,11640198.895,-727.37555,2766.9333800000004,-2629.53257,2020-03-17 09:29:41.970,60136055.698293686,-350708655.83117247,-154992860.93911403,148662725508.96277,-7197678752.548558,-3120655046.74724,58925.39562465277
46,2020,3,17,9,44,41.97,17097268.364,18001491.911000002,9179354.524,-1066.23183,2441.1123300000004,-2831.11666,2020-03-17 09:44:41.970,61036253.49470157,-350596243.8008432,-155031047.5863139,148664583602.16974,-7173020631.463207,-3109966849.366227,58925.40604131943
46,2020,3,17,9,59,41.97,15991773.504999999,20035588.887999997,6558907.989999999,-1386.90933,2072.47887,-2983.66608,2020-03-17 09:59:41.970,61936116.10349359,-350481861.5696081,-155068363.02134788,148666436847.4067,-7148362252.88746,-3099278540.1409698,58925.4164579861
46,2020,3,17,10,14,41.97,14607993.549,21721024.707000002,3824310.0220000003,-1683.72728,1667.4375699999998,-3084.3982699999997,2020-03-17 10:14:41.970,62835638.692388125,-350365510.60219485,-155104807.398067,148668285244.59683,-7123703617.6445265,-3088590119.4224796,58925.42687465277
46,2020,3,17,10,29,41.97,12969808.633000001,23028173.935,1023103.2559999999,-1951.4149300000001,1233.0727,-3131.45555,2020-03-17 10:29:41.970,63734816.434926346,-350247192.3723961,-155140380.8747441,148670128793.66394,-7099044726.5577345,-3077901587.5618315,58925.43729131943
46,2020,3,17,10,44,41.97,11105619.316,23934044.584,-1795930.042,-2185.21401,777.01815,-3123.94608,2020-03-17 10:44:41.970,64633644.5104854,-350126908.3630474,-155175083.6140653,148671967494.53168,-7074385580.450508,-3067212944.9101434,58925.4477079861
46,2020,3,17,10,59,41.97,9047842.735,24422709.384999998,-4583648.377,-2380.97161,307.3147,-3061.96526,2020-03-17 10:59:41.970,65532118.10429131,-350004660.0660053,-155208915.78312305,148673801347.12433,-7049726180.146368,-3056524191.8185806,58925.45812465277
46,2020,3,17,11,14,41.97,6832330.457,24485604.0,-7291441.417,-2535.22092,-167.74233999999998,-2946.5964599999998,2020-03-17 11:14:41.970,66430232.40743201,-349880448.98212606,-155241877.553407,148675630351.36603,-7025066526.468938,-3045835328.6383686,58925.46854131943
46,2020,3,17,11,29,41.97,4497719.824,24121685.262,-9872111.73,-2645.24795,-639.76121,-2779.8910600000004,2020-03-17 11:29:41.970,67327982.61687021,-349754276.62124354,-155273969.100797,148677454507.1815,-7000406620.24196,-3035146355.7207766,58925.4789579861
46,2020,3,17,11,44,41.97,2084732.326,23337445.965,-12280729.387,-2709.14236,-1100.4137,-2564.82822,2020-03-17 11:44:41.970,68225363.93545613,-349626144.5021471,-155305190.60555425,148679273814.49533,-6975746462.28926,-3024457273.4171267,58925.48937465277
46,2020,3,17,11,59,41.97,-364566.205,22146786.259,-14475441.62,-2725.8312400000004,-1541.59318,-2305.25548,2020-03-17 11:59:41.970,69122371.57194044,-349496054.1525607,-155335542.25231442,148681088273.2326,-6951086053.434772,-3013768082.0787897,58925.49979131943
46,2020,3,17,12,14,41.97,-2807527.966,20570745.188,-16418220.983,-2695.0954500000003,-1955.56676,-2005.81186,2020-03-17 12:14:41.970,70019000.74098665,-349364007.1091205,-155365024.2300786,148682897883.31866,-6926425394.502545,-3003078782.057191,58925.5102079861
46,2020,3,17,12,29,41.97,-5201692.205999999,18637099.272,-18075537.219,-2617.56813,-2335.11802,-1671.83557,2020-03-17 12:29:41.970,70915246.66318393,-349230004.91735333,-155393636.73220617,148684702644.6789,-6901764486.316704,-2992389373.7037983,58925.52062465277
46,2020,3,17,12,44,41.97,-7505545.186000001,16379837.969,-19418940.117999997,-2494.7161,-2673.67736,-1309.25896,2020-03-17 12:44:41.970,71811104.56505945,-349094049.13165575,-155421379.9564065,148686502557.23898,-6877103329.701505,-2981699857.3701386,58925.53104131943
46,2020,3,17,12,59,41.97,-9679255.956,13838528.509,-20425543.097000003,-2328.8049800000003,-2965.43716,-924.49343,2020-03-17 12:59:41.970,72706569.67909083,-348956141.31527144,-155448254.10473105,148688297620.92493,-6852441925.481283,-2971010233.407786,58925.5414579861
46,2020,3,17,13,14,41.97,-11685373.917000001,11057584.641999999,-21078399.795,-2122.84934,-3205.4498200000003,-524.30727,2020-03-17 13:14:41.970,73601637.24371864,-348816283.0402707,-155474259.38356572,148690087835.66278,-6827780274.480473,-2960320502.168355,58925.55187465277
46,2020,3,17,13,29,41.97,-13489475.436,8085455.438,-21366768.595000003,-1880.54969,-3389.7072000000003,-115.69926,2020-03-17 13:29:41.970,74496302.50335856,-348674475.8875282,-155499396.0036224,148691873201.37915,-6803118377.523625,-2949630664.0035233,58925.56229131943
46,2020,3,17,13,44,41.97,-15060748.444999998,4973751.3040000005,-21286262.612999998,-1606.21796,-3515.20059,294.22903,2020-03-17 13:44:41.970,75390560.70841363,-348530721.4467015,-155523664.17993182,148693653718.00058,-6778456235.435381,-2938940719.265009,58925.5727079861
46,2020,3,17,13,59,41.97,-16372505.659,1776324.926,-20838885.097999997,-1304.69378,-3579.9609100000002,698.3996999999999,2020-03-17 13:59:41.970,76284407.11528629,-348385021.31621057,-155547064.13183504,148695429385.45386,-6753793849.040478,-2928250668.3045845,58925.58312465277
46,2020,3,17,14,14,41.97,-17402618.943,-1451675.1269999999,-20032952.511,-981.25328,-3583.07933,1089.8813400000001,2020-03-17 14:14:41.970,77177836.98639056,-348237377.10321516,-155569596.0829759,148697200203.6661,-6729131219.163759,-2917560511.4740696,58925.59354131943
46,2020,3,17,14,29,41.97,-18133869.179,-4654760.718,-18882909.492,-641.5128500000001,-3524.70882,1462.0061099999998,2020-03-17 14:29:41.970,78070845.59016411,-348087790.42359424,-155591260.26129293,148698966172.56482,-6704468346.6301775,-2906870249.125336,58925.6039579861
46,2020,3,17,14,44,41.97,-18554207.793,-7778053.677,-17409041.724,-291.32945,-3406.04768,1808.47933,2020-03-17 14:44:41.970,78963428.20108007,-347936262.9019242,-155612056.8990116,148700727292.07745,-6679805232.264753,-2896179881.6103,58925.61437465277
46,2020,3,17,14,59,41.97,-18656927.838,-10768212.784,-15637094.123000002,63.30049,-3229.30616,2123.48,2020-03-17 14:59:41.970,79855580.09965879,-347782796.17145836,-155631986.23263672,148702483562.13177,-6655141876.892634,-2885489409.280927,58925.62479131943
46,2020,3,17,15,14,41.97,-18440744.091000002,-13574323.61,-13597802.976000002,416.34184,-2997.65751,2401.7513400000003,2020-03-17 15:14:41.970,80747296.5724798,-347627391.87410456,-155651048.50294405,148704234982.65594,-6630478281.339058,-2874798832.489238,58925.6352079861
46,2020,3,17,15,29,41.97,-17909783.081,-16148737.899,-11326351.58,761.8199,-2715.17505,2638.68019,2020-03-17 15:29:41.970,81638572.9121935,-347470051.66040456,-155669243.95497292,148705981553.57812,-6605814446.429357,-2864108151.5872946,58925.64562465277
46,2020,3,17,15,44,41.97,-17073485.252,-18447850.547999997,-8861759.605999999,1093.91633,-2386.75673,2830.36474,2020-03-17 15:44:41.970,82529404.41753283,-347310777.18951344,-155686572.83801812,148707723274.8269,-6581150372.988962,-2853417366.927214,58925.65604131943
46,2020,3,17,15,59,41.97,-15946422.613,-20432803.67,-6246216.894,1407.06086,-2018.0387400000002,2973.6702099999998,2020-03-17 15:59:41.970,83419786.39332457,-347149570.12917715,-155703035.40562218,148709460146.33102,-6556486061.843416,-2842726478.861158,58925.6664579861
46,2020,3,17,16,14,41.97,-14548036.205,-22070108.608,-3524372.713,1696.01758,-1615.2998499999999,3066.27217,2020-03-17 16:14:41.970,84309714.15050136,-346986432.1557128,-155718631.91556767,148711192168.01938,-6531821513.818325,-2832035487.741336,58925.67687465277
46,2020,3,17,16,29,41.97,-12902298.602,-23332178.178,-742591.633,1955.96513,-1185.35787,3106.68737,2020-03-17 16:29:41.970,85199183.00611258,-346821364.9539858,-155733362.6298694,148712919339.82138,-6507156729.739426,-2821344393.9200106,58925.68729131943
46,2020,3,17,16,44,41.97,-11037307.376999998,-24197762.771,2051812.7610000002,2182.56979,-735.45971,3094.29218,2020-03-17 16:44:41.970,86088188.28333604,-346654370.21739125,-155747227.8147661,148714641661.66614,-6482491710.432543,-2810653197.749491,58925.6977079861
46,2020,3,17,16,59,41.97,-8984816.129999999,-24652285.229000002,4811355.18,2372.0510099999997,-273.16665,3029.32866,2020-03-17 16:59:41.970,86976725.31148937,-346485449.64783096,-155760227.7407135,148716359133.48355,-6457826456.72358,-2799961899.5821266,58925.70812465277
46,2020,3,17,17,14,41.97,-6779710.218,-24688070.685,7489155.922,2521.23872,193.76411,2912.89849,2020-03-17 17:14:41.970,87864789.42604102,-346314604.95569277,-155772362.68237573,148718071755.2036,-6433160969.438566,-2789270499.7703285,58925.71854131943
46,2020,3,17,17,29,41.97,-4459434.795,-24304468.752,10039707.313000001,2627.62189,657.50003,2746.94495,2020-03-17 17:29:41.970,88752375.96862155,-346141837.8598302,-155783632.91861826,148719779526.7564,-6408495249.403592,-2778578998.666547,58925.7289579861
46,2020,3,17,17,44,41.97,-2063383.258,-23507866.639,12419618.665,2689.3879100000004,1110.25484,2534.22328,2020-03-17 17:44:41.970,89639480.28703466,-345967150.0875419,-155794038.7324995,148721482448.0723,-6383829297.44487,-2767887396.623278,58925.73937465277
46,2020,3,17,17,59,41.97,367745.485,-22311592.895999998,14588329.41,2705.45239,1544.4097100000001,2278.25961,2020-03-17 17:59:41.970,90526097.73526844,-345790543.37454945,-155803580.41126359,148723180519.08194,-6359163114.388707,-2757195693.9930773,58925.74979131943
46,2020,3,17,18,14,41.97,2792612.074,-20735712.69,16508780.305,2675.47894,1952.63295,1983.29898,2020-03-17 18:14:41.970,91412223.67350587,-345612019.4649776,-155812258.24633217,148724873739.71616,-6334496701.061489,-2746503891.1285324,58925.7602079861
46,2020,3,17,18,29,41.97,5169914.933,-18806716.624,18148032.994000003,2599.8885999999998,2327.99663,1654.2425700000001,2020-03-17 18:29:41.970,92297853.46813653,-345431580.1113335,-155820072.53329694,148726562109.90598,-6309830058.289705,-2735811988.3822904,58925.77062465277
46,2020,3,17,18,44,41.97,7459072.196,-16557106.374,19477828.544,2479.8585700000003,2664.08904,1296.57493,2020-03-17 18:44:41.970,93182982.49176665,-345249227.0744849,-155827023.57191196,148728245629.58282,-6285163186.8999405,-2725119986.1070404,58925.78104131943
46,2020,3,17,18,59,41.97,9620897.533,-14024881.636,20475076.02,2317.30985,2955.12129,916.28146,2020-03-17 18:59:41.970,94067606.12323031,-345064962.1236407,-155833111.66608602,148729924298.6783,-6260496087.718877,-2714427884.6555233,58925.7914579861
46,2020,3,17,19,14,41.97,11618259.84,-11252934.223,21122262.738,2114.88372,3196.02677,519.7569,2020-03-17 19:14:41.970,94951719.74759996,-344878787.03633,-155838337.12387434,148731598117.1242,-6235828761.573278,-2703735684.3805227,58925.80187465277
46,2020,3,17,19,29,41.97,13416716.549999999,-8288356.571,21407778.412,1875.90664,3382.55165,113.70571,2020-03-17 19:29:41.970,95835318.7561973,-344690703.5983803,-155842700.25747165,148733267084.8525,-6211161209.290016,-2693043385.634868,58925.81229131943
46,2020,3,17,19,44,41.97,14985110.207,-5181673.358,21326146.3,1604.34367,3511.33491,-294.96483,2020-03-17 19:44:41.970,96718398.54660375,-344500713.60389864,-155846201.38320407,148734931201.79556,-6186493431.696047,-2682350988.771441,58925.8227079861
46,2020,3,17,19,59,41.97,16296117.95,-1986006.5420000001,20878155.356,1304.74044,3579.9760100000003,-699.25746,2020-03-17 19:59:41.970,97600954.52267085,-344308818.85524964,-155848840.82152137,148736590467.88583,-6161825429.6184225,-2671658494.1431694,58925.83312465277
46,2020,3,17,20,14,41.97,17326743.708,1243814.358,20070888.663999997,982.1539799999999,3587.08858,-1092.20235,2020-03-17 20:14:41.970,98482982.094531,-344115021.163036,-155850618.89698964,148738244883.05597,-6137157203.884274,-2660965902.103019,58925.84354131943
46,2020,3,17,20,29,41.97,18058743.285,4452183.293,18917644.798,642.0728300000001,3532.33829,-1466.97729,2020-03-17 20:29:41.970,99364476.6786077,-343919322.3460771,-155851535.93828315,148739894447.23917,-6112488755.320857,-2650273213.0040193,58925.8539579861
46,2020,3,17,20,44,41.97,18478973.082000002,7583675.116,17437750.465,290.3274,3416.4633599999997,-1817.0287700000001,2020-03-17 20:44:41.970,100245433.69762589,-343721724.2313888,-155851592.27817735,148741539160.36853,-6087820084.755488,-2639580427.1992297,58925.86437465277
46,2020,3,17,20,59,41.97,18579654.111,10584013.128,15656264.686,-67.00841,3241.2763400000003,-2136.19151,2020-03-17 20:59:41.970,101125848.58062224,-343522228.65416396,-155850788.25354066,148743179022.3775,-6063151193.015598,-2628887545.041767,58925.87479131943
46,2020,3,17,21,14,41.97,18358544.101,13401029.337,13603576.902999999,-423.72279000000003,3009.646,-2418.80422,2020-03-17 21:14:41.970,102005716.76295558,-343320837.45775026,-155849124.20532683,148744814033.19986,-6038482080.9286785,-2618194566.8847837,58925.8852079861
46,2020,3,17,21,29,41.97,17819012.009,15985599.226,11314903.69,-773.577,2725.45867,-2659.81875,2020-03-17 21:29:41.970,102885033.68631671,-343117552.4936318,-155846600.47856796,148746444192.76953,-6013812749.322356,-2607501493.0814977,58925.89562465277
46,2020,3,17,21,44,41.97,16970011.009000003,18292532.402000003,8829691.173999999,-1110.4196,2393.5589,-2854.8999799999997,2020-03-17 21:44:41.970,103763794.79873878,-342912375.62140685,-155843217.42236614,148748069501.02072,-5989143199.024313,-2596808323.985149,58925.90604131943
46,2020,3,17,21,59,41.97,15825948.109000001,20281400.629,6190932.682,-1428.30148,2019.6697800000002,-3000.51391,2020-03-17 21:59:41.970,104641995.55460721,-342705308.70876914,-155838975.38988626,148749689957.8877,-5964473430.862338,-2586115059.9490385,58925.9164579861
46,2020,3,17,22,14,41.97,14406450.851,21917285.344,3444413.479,-1721.58916,1610.29393,-3094.00117,2020-03-17 22:14:41.970,105519631.41466972,-342496353.63148725,-155833874.7383483,148751305563.3051,-5939803445.6643095,-2575421701.3265123,58925.92687465277
46,2020,3,17,22,29,41.97,12736033.924999999,23171428.015,637896.623,-1985.07338,1172.59688,-3133.63402,2020-03-17 22:29:41.970,106396697.84604625,-342285512.27338356,-155827915.82901967,148752916317.2081,-5915133244.258178,-2564728248.4709554,58925.93729131943
46,2020,3,17,22,44,41.97,10843671.071999999,24021768.48,-2179734.1999999997,-2214.07053,714.27526,-3118.6547,2020-03-17 22:44:41.970,107273190.32223892,-342072786.5263149,-155821099.02720785,148754522219.53152,-5890462827.472015,-2554034701.735809,58925.9477079861
46,2020,3,17,22,59,41.97,8762280.059,24453358.768,-4959357.538000001,-2404.51399,243.41241,-3049.2940000000003,2020-03-17 22:59:41.970,108149104.3231417,-341858178.29015255,-155813424.70225275,148756123270.21075,-5865792196.133965,-2543341061.47455,58925.95812465277
46,2020,3,17,23,14,41.97,6528130.778,24458642.746000003,-7652504.495999999,-2553.03324,-231.67483,-2926.76917,2020-03-17 23:14:41.970,109024435.33505026,-341641689.4727612,-155804893.22751883,148757719469.1816,-5841121351.072258,-2532647328.040706,58925.96854131943
46,2020,3,17,23,29,41.97,4180188.553,24037595.130999997,-10212237.869,-2657.01844,-702.5947299999999,-2753.2612,2020-03-17 23:29:41.970,109899178.85067153,-341423321.9899802,-155795504.98038816,148759310816.3796,-5816450293.115221,-2521953501.78785,58925.9789579861
46,2020,3,17,23,44,41.97,1759406.3739999998,23197716.86,-12594001.635,-2714.6691,-1161.04065,-2531.8718599999997,2020-03-17 23:44:41.970,110773330.36913359,-341203077.76560205,-155785260.3422524,148760897311.7412,-5791779023.091262,-2511259583.069598,58925.98937465277
46,2020,3,17,23,59,41.97,-692019.0,21953887.353,-14756423.177000001,-2725.0255700000002,-1598.9484300000001,-2266.56178,2020-03-17 23:59:41.970,111646885.39599517,-340980958.7313538,-155774159.69850537,148762478955.20245,-5767107541.828886,-2500565572.239613,58925.99979131943
46,2020,3,18,0,14,41.97,-3131411.819,20328077.661,-16662052.583,-2687.98288,-2008.6475300000002,-1962.0711900000001,2020-03-18 00:14:41.970,112519839.44325508,-340756966.8268761,-155762203.4385359,148764055746.7,-5742435850.156684,-2489871469.651604,58926.0102079861
46,2020,3,18,0,29,41.97,-5516384.449,18348931.846,-18278020.027,-2604.28724,-2383.00205,-1623.8262699999998,2020-03-18 00:29:41.970,113392188.02936165,-340531103.999704,-155749391.95571953,148765627686.17056,-5717763948.903337,-2479177275.659324,58926.02062465277
46,2020,3,18,0,44,41.97,-7805597.853999999,16051226.875,-19576610.338999998,-2475.51476,-2715.5395000000003,-1257.83172,2020-03-18 00:44:41.970,114263926.67922243,-340303372.2052462,-155735725.64741197,148767194773.55124,-5693091838.897604,-2468482990.616571,58926.03104131943
46,2020,3,18,0,59,41.97,-9959491.328,13475223.534,-20535729.096,-2304.03474,-3000.56348,-870.55511,2020-03-18 00:59:41.970,115135050.92421326,-340073773.4067665,-155721204.91494095,148768757008.7793,-5668419520.968343,-2457788614.877184,58926.0414579861
46,2020,3,18,1,14,41.97,-11940974.57,10665923.559,-21139264.981,-2092.95792,-3233.24936,-468.80377,2020-03-18 01:14:41.970,116005556.30218776,-339842309.5753625,-155705830.16359878,148770314391.79224,-5643746995.944488,-2447094148.7950525,58926.05187465277
46,2020,3,18,1,29,41.97,-13716066.756000001,7672249.018,-21377338.741,-1846.0717300000001,-3409.7211,-59.59813,2020-03-18 01:29:41.970,116875438.35748658,-339608982.6899469,-155689601.80263552,148771866922.52774,-5619074264.65507,-2436399592.7241073,58926.06229131943
46,2020,3,18,1,44,41.97,-15254472.212000001,4546161.309,-21246437.452999998,-1567.76451,-3527.1085900000003,349.95607,2020-03-18 01:44:41.970,117744692.64094642,-339373794.73722744,-155672520.2452507,148773414600.92377,-5594401327.929208,-2425704947.0183306,58926.0727079861
46,2020,3,18,1,59,41.97,-16530083.600000001,1341737.4649999999,-20749434.38,-1262.94053,-3583.5851500000003,752.79381,2020-03-18 01:59:41.970,118613314.70990948,-339136747.71168715,-155654585.90858626,148774957426.91873,-5569728186.596095,-2415010212.0317335,58926.08312465277
46,2020,3,18,2,14,41.97,-17521405.36,-1885778.4819999998,-19895496.959,-936.92811,-3578.38552,1142.01298,2020-03-18 02:14:41.970,119481300.12823245,-338897843.61556447,-155635799.21371922,148776495400.45102,-5545054841.485028,-2404315388.1183896,58926.09354131943
46,2020,3,18,2,29,41.97,-18211892.022,-5080931.767,-18699887.399,-595.38267,-3511.80498,1510.9904999999999,2020-03-18 02:29:41.970,120348644.46629532,-338657084.45883435,-155616160.5856541,148778028521.45923,-5520381293.425377,-2393620475.6324077,58926.1039579861
46,2020,3,18,2,44,41.97,-18590197.779999997,-8189004.169,-17183662.104,-244.18678999999997,-3385.18044,1853.4908,2020-03-18 02:44:41.970,121215343.30101083,-338414472.2591876,-155595670.45331556,148779556789.88257,-5495707543.24659,-2382925474.927938,58926.11437465277
46,2020,3,18,2,59,41.97,-18650335.439,-11156936.706,-15373277.546,110.65095,-3200.8549300000004,2163.7650399999998,2020-03-18 02:59:41.970,122081392.21583304,-338170009.04201263,-155574329.24954087,148781080205.65985,-5471033591.778223,-2372230386.3591795,58926.12479131943
46,2020,3,18,3,14,41.97,-18391744.398,-13934213.295,-13300111.339,463.09671000000003,-2962.12664,2436.6401,2020-03-18 03:14:41.970,122946786.80076633,-337923696.84037435,-155552137.41107282,148782598768.73074,-5446359439.849903,-2361535210.2803745,58926.1352079861
46,2020,3,18,3,29,41.97,-17819268.774,-16473692.266999999,-10999908.185,807.19007,-2673.1842,2667.59647,2020-03-18 03:29:41.970,123811522.6523744,-337675537.69499636,-155529095.378552,148784112479.03482,-5421685088.291337,-2350839947.0458083,58926.14562465277
46,2020,3,18,3,44,41.97,-16943048.03,-18732373.978,-8512161.005,1137.13958,-2339.0297100000003,2852.83431,2020-03-18 03:44:41.970,124675595.37378874,-337425533.6542399,-155505203.5965094,148785621336.5121,-5397010537.932327,-2340144597.009807,58926.15604131943
46,2020,3,18,3,59,41.97,-15778323.617,-20672094.187,-5879438.0030000005,1447.41369,-1965.391,2989.32746,2020-03-18 03:59:41.970,125539000.57471777,-337173686.77408606,-155480462.51335967,148787125341.10248,-5372335789.602765,-2329449160.52675,58926.1664579861
46,2020,3,18,4,14,41.97,-14345166.069999998,-22260134.286000002,-3146666.729,1732.82639,-1558.62482,3074.8649800000003,2020-03-18 04:14:41.970,126401733.87145516,-336919999.1181152,-155454872.5813928,148788624492.7467,-5347660844.1326065,-2318753637.951048,58926.17687465277
46,2020,3,18,4,29,41.97,-12668127.894,-23469740.838999998,-360386.307,1988.6164099999999,-1125.61239,3108.0803600000004,2020-03-18 04:29:41.970,127263790.8868889,-336664472.7574876,-155428434.25676775,148790118791.3851,-5322985702.351904,-2308058029.637162,58926.18729131943
46,2020,3,18,4,44,41.97,-10775828.258,-24280548.246999998,2432020.97,2210.5194,-673.6488,3088.4681600000004,2020-03-18 04:44:41.970,128125167.25050947,-336407109.7709252,-155401147.99950445,148791608236.95877,-5298310365.090797,-2297362335.939595,58926.1977079861
46,2020,3,18,4,59,41.97,-8700476.167000001,-24678899.629,5183107.5430000005,2394.83236,-210.32769000000002,3016.3884900000003,2020-03-18 04:59:41.970,128985858.59841844,-336147912.2446912,-155373014.27347684,148793092829.40848,-5273634833.179503,-2286666557.212897,58926.20812465277
46,2020,3,18,5,14,41.97,-6477339.317,-24658062.279000003,7846136.98,2538.46983,256.57751,2893.05925,2020-03-18 05:14:41.970,129845860.57333732,-335886882.27257156,-155344033.54640508,148794572568.6759,-5248959107.448314,-2275970693.811648,58926.21854131943
46,2020,3,18,5,29,41.97,-4144166.3120000004,-24218335.248,10375848.075,2639.01129,719.2343500000001,2720.53657,2020-03-18 05:29:41.970,130705168.82461584,-335624021.95585525,-155314206.28984886,148796047454.70245,-5224283188.727624,-2265274746.0904884,58926.2289579861
46,2020,3,18,5,44,41.97,-1740570.359,-23367047.755,12729196.038,2694.73928,1169.87295,2501.68354,2020-03-18 05:44:41.970,131563779.00824007,-335359333.40331584,-155283532.97919995,148797517487.43005,-5199607077.847898,-2254578714.404091,58926.23937465277
46,2020,3,18,5,59,41.97,692617.061,-22118448.32,14866060.477000002,2704.66789,1600.90704,2240.1277,2020-03-18 05:59:41.970,132421686.78684111,-335092818.73119175,-155252014.09367457,148798982666.8007,-5174930775.639681,-2243882599.107176,58926.24979131943
46,2020,3,18,6,14,41.97,3114013.679,-20493485.623,16749910.127999999,2668.56127,2005.05331,1940.20755,2020-03-18 06:14:41.970,133278887.82970335,-334824480.063167,-155219650.11630628,148800442992.75677,-5150254282.933596,-2233186400.5544996,58926.2602079861
46,2020,3,18,6,29,41.97,5482365.865,-18519483.29,18348414.64,2586.9415999999997,2375.44755,1606.90842,2020-03-18 06:29:41.970,134135377.81277268,-334554319.53035253,-155186441.5339393,148801898465.24075,-5125577600.560367,-2222490119.100871,58926.27062465277
46,2020,3,18,6,44,41.97,7757230.474,-16229712.024,19633994.093000002,2461.08641,2705.75641,1245.7883000000002,2020-03-18 06:44:41.970,134991152.41866452,-334282339.27126765,-155152388.83722016,148803349084.1954,-5100900729.3507805,-2211793755.1011286,58926.28104131943
46,2020,3,18,6,59,41.97,9899649.277,-13662863.744,20584297.386,2293.0147399999996,2990.28316,862.8940899999999,2020-03-18 06:59:41.970,135846207.33667246,-334008541.43182015,-155117492.52059165,148804794849.56384,-5076223670.135712,-2201097308.9101663,58926.2914579861
46,2020,3,18,7,14,41.97,11872805.904000001,-10862433.768000001,21182601.193,2085.4621,3224.06599,464.6689,2020-03-18 07:14:41.970,136700538.26277587,-333732928.1652877,-155081753.0822846,148806235761.28937,-5051546423.746129,-2190400780.8829155,58926.30187465277
46,2020,3,18,7,29,41.97,13642655.029,-7876018.473,21418121.814,1841.8437999999999,3402.96726,57.851369999999996,2020-03-18 07:29:41.970,137554140.8996483,-333455501.6322991,-155045171.0243112,148807671819.3154,-5026868991.013051,-2179704171.3743477,58926.31229131943
46,2020,3,18,7,44,41.97,15178513.419000002,-4754537.374000001,21286233.137,1566.20686,3523.75195,-350.63209,2020-03-18 07:44:41.970,138407010.95666564,-333176264.00081533,-155007746.85245776,148809103023.58575,-5002191372.767604,-2169007480.739475,58926.3227079861
46,2020,3,18,7,59,41.97,16453602.509,-1551390.104,20788584.880999997,1263.1704399999999,3584.1535599999997,-753.7809199999999,2020-03-18 07:59:41.970,139259144.14991337,-332895217.4461103,-154969481.0762773,148810529374.0443,-4977513569.8409815,-2158310709.3333573,58926.33312465277
46,2020,3,18,8,14,41.97,17445532.333,1678439.621,19933116.554,937.85514,3582.92572,-1144.63831,2020-03-18 08:14:41.970,140110536.20219567,-332612364.1507531,-154930374.20908272,148811950870.6355,-4952835583.064459,-2147613857.5110908,58926.34354131943
46,2020,3,18,8,29,41.97,18136717.042,4879319.437,18733964.011,595.80179,3519.87788,-1516.41159,2020-03-18 08:29:41.970,140961182.84304225,-332327706.304588,-154890426.76793933,148813367513.30374,-4928157413.269397,-2136916925.6278205,58926.3539579861
46,2020,3,18,8,44,41.97,18514712.87,7995928.032,17211257.211,242.88051,3395.8933,-1862.59329,2020-03-18 08:44:41.970,141811079.8087168,-332041246.10471606,-154849639.2736576,148814779301.99374,-4903479061.287231,-2126219914.0387263,58926.36437465277
46,2020,3,18,8,59,41.97,18572470.323000003,10974222.682,15390809.695,-114.80875999999999,3212.92822,-2177.0803,2020-03-18 08:59:41.970,142660222.84222475,-331752985.75547683,-154808012.25078624,148816186236.65033,-4878800527.949478,-2115522823.0990317,58926.37479131943
46,2020,3,18,9,14,41.97,18308493.587,13762397.068,13303702.501,-471.04268,2973.99103,-2454.2888399999997,2020-03-18 09:14:41.970,143508607.69332054,-331462927.46843004,-154765546.22760534,148817588317.21896,-4854121814.087727,-2104825653.164002,58926.3852079861
46,2020,3,18,9,29,41.97,17726901.678,16311811.105,10985767.498,-819.5861,2683.10078,-2689.26257,2020-03-18 09:29:41.970,144356230.11851618,-331171073.46233535,-154722241.73611832,148818985543.6449,-4829442920.533652,-2094128404.5889456,58926.39562465277
46,2020,3,18,9,44,41.97,16837387.664,18577874.149,8476977.603,-1154.30659,2345.22509,-2877.77099,2020-03-18 09:44:41.970,145203085.88108853,-330877425.96313566,-154678099.3120459,148820377915.87396,-4804763848.119016,-2083431077.7292118,58926.40604131943
46,2020,3,18,9,59,41.97,15655074.425999999,20520863.112,5820753.7,-1469.28941,1966.19778,-3016.3956500000004,2020-03-18 09:59:41.970,146049170.75108665,-330581987.20393693,-154633119.49481818,148821765433.85214,-4780084597.675632,-2072733672.940189,58926.4164579861
46,2020,3,18,10,14,41.97,14200267.699,22106657.743,3063200.4510000004,-1758.95031,1552.6173700000002,-3102.6016,2020-03-18 10:14:41.970,146894480.50533983,-330284759.4249912,-154587302.82756796,148823148097.52533,-4755405170.035414,-2062036190.5773065,58926.42687465277
46,2020,3,18,10,29,41.97,12498109.588,23307376.635,252285.29700000002,-2018.14347,1111.72829,-3134.79185,2020-03-18 10:29:41.970,147739010.92746505,-329985744.8736765,-154540649.8571236,148824525906.84012,-4730725566.0303545,-2051338630.9960392,58926.43729131943
46,2020,3,18,10,44,41.97,10578138.247000001,24101899.382,-2563023.2630000003,-2242.26164,651.2871799999999,-3112.34313,2020-03-18 10:44:41.970,148582757.80787417,-329684945.8044797,-154493161.1340017,148825898861.74323,-4706045786.492499,-2040640994.551893,58926.4477079861
46,2020,3,18,10,59,41.97,8473761.837,24476262.756,-5333640.653,-2427.32605,179.41715,-3035.62169,2020-03-18 10:59:41.970,149425716.94378215,-329382364.4789773,-154444837.21240023,148827266962.1815,-4681365832.2540045,-2029943281.6004286,58926.45812465277
46,2020,3,18,11,14,41.97,6221657.09,24423921.663000003,-8011256.103,-2570.06368,-295.5464,-2905.9783,2020-03-18 11:14:41.970,150267884.13921368,-329078003.16581756,-154395678.6501917,148828630208.10208,-4656685704.147077,-2019245492.4972384,58926.46854131943
46,2020,3,18,11,29,41.97,3861104.828,23945868.868,-10549208.811,-2667.96981,-765.2147500000001,-2725.72282,2020-03-18 11:29:41.970,151109255.20501104,-328771864.1407015,-154345686.00891545,148829988599.4524,-4632005403.004007,-2008547627.5979545,58926.4789579861
46,2020,3,18,11,44,41.97,1433276.326,23050610.959000003,-12903332.001,-2719.35448,-1221.30574,-2498.0784599999997,2020-03-18 11:44:41.970,151949825.9588414,-328463949.68636554,-154294859.85377142,148831342136.17993,-4607324929.657181,-1997849687.2582574,58926.48937465277
46,2020,3,18,11,59,41.97,-1019514.398,21754001.555999998,-15032747.368,-2723.37161,-1655.80047,-2227.1175099999996,2020-03-18 11:59:41.970,152789592.22520405,-328154262.09256196,-154243200.7536126,148832690818.23282,-4582644284.939032,-1987151671.8338575,58926.49979131943
46,2020,3,18,12,14,41.97,-3454576.6210000003,20078936.245,-16900593.799,-2680.0305999999996,-2061.09325,-1917.67993,2020-03-18 12:14:41.970,153628549.83543774,-327842803.6560419,-154190709.28093812,148834034645.55902,-4557963469.682077,-1976453581.6805124,58926.5102079861
46,2020,3,18,12,29,41.97,-5829611.369999999,18054916.926000003,-18474676.092,-2590.19016,-2430.13133,-1575.2773399999999,2020-03-18 12:29:41.970,154466694.62772804,-327529576.6805361,-154137386.0118864,148835373618.10693,-4533282484.718922,-1965755417.1540208,58926.52062465277
46,2020,3,18,12,44,41.97,-8103466.681,15717496.220999999,-19728021.605,-2455.53526,-2756.54125,-1205.98495,2020-03-18 12:44:41.970,155304022.44711405,-327214583.4767376,-154083231.52622783,148836707735.82507,-4508601330.882233,-1955057178.6102157,58926.53104131943
46,2020,3,18,12,59,41.97,-10236864.793000001,13107614.984,-20639335.248999998,-2278.53806,-3034.73965,-816.32416,2020-03-18 12:59:41.970,156140529.14549622,-326897826.36228275,-154028246.40735808,148838036998.66254,-4483920009.0047655,-1944358866.4049778,58926.5414579861
46,2020,3,18,13,14,41.97,-12193087.56,10270847.978,-21193345.83,-2062.40438,-3260.02629,-413.13902,2020-03-18 13:14:41.970,156976210.58164334,-326579307.6617338,-153972431.24229124,148839361406.56808,-4459238519.919336,-1933660480.8942213,58926.55187465277
46,2020,3,18,13,29,41.97,-13938607.759,7256574.164,-21381039.386,-1811.0073399999999,-3428.65839,-3.46914,2020-03-18 13:29:41.970,157811062.62119892,-326259029.7065603,-153915786.6216524,148840680959.49124,-4434556864.458847,-1922962022.433904,58926.56229131943
46,2020,3,18,13,44,41.97,-15443655.671,4117088.9719999996,-21199777.708,-1528.81015,-3537.90515,405.57793,2020-03-18 13:44:41.970,158645081.1366894,-325936994.83512145,-153858313.13967118,148841995657.38162,-4409875043.456266,-1912263491.3800194,58926.5727079861
46,2020,3,18,13,59,41.97,-16682712.061999999,906676.3049999999,-20653302.685,-1220.7801599999998,-3586.08269,806.95241,2020-03-18 13:59:41.970,159478262.0075302,-325613205.39264786,-153800011.3941744,148843305500.18896,-4385193057.744637,-1901564888.0886042,58926.58312465277
46,2020,3,18,14,14,41.97,-17634920.585,-2319342.016,-19751629.267,-892.2960800000001,-3572.5694,1193.78373,2020-03-18 14:14:41.970,160310601.12003303,-325287663.73122334,-153740881.98657945,148844610487.86343,-4360510908.157092,-1890866212.9157376,58926.59354131943
46,2020,3,18,14,29,41.97,-18284414.441,-5505562.135,-18510831.799,-549.05057,-3497.8025000000002,1559.49571,2020-03-18 14:29:41.970,161142094.36741313,-324960372.2097677,-153680925.52188715,148845910620.35526,-4335828595.526813,-1880167466.2175322,58926.6039579861
46,2020,3,18,14,44,41.97,-18620553.945,-8597442.881000001,-16952730.157,-196.94993,-3363.25688,1897.91382,2020-03-18 14:44:41.970,161972737.64979577,-324631333.19401765,-153620142.60867506,148847205897.61487,-4311146120.687072,-1869468648.35014,58926.61437465277
46,2020,3,18,14,59,41.97,-18638073.313,-11542223.87,-15104483.465,157.987,-3171.40738,2203.36307,2020-03-18 14:59:41.970,162802526.87422305,-324300549.0565104,-153558533.85909036,148848496319.59332,-4286463484.4712114,-1858769759.6697605,58926.62479131943
46,2020,3,18,15,14,41.97,-18337136.554,-14289802.739999998,-12998100.317,509.72945999999996,-2925.67587,2470.75552,2020-03-18 15:14:41.970,163631457.95466125,-323968022.1765644,-153496099.888843,148849781886.24152,-4261780687.7126336,-1848070800.5326176,58926.6352079861
46,2020,3,18,15,29,41.97,-17723303.735000003,-16793558.557,-10669875.242,852.33313,-2630.3648599999997,2695.66655,2020-03-18 15:29:41.970,164459526.8120073,-323633754.9402622,-153432841.31719926,148851062597.51083,-4237097731.244836,-1837371771.2949915,58926.64562465277
46,2020,3,18,15,44,41.97,-16807410.16,-19011109.874,-8159761.818,1180.03506,-2290.5789200000004,2874.39931,2020-03-18 15:44:41.970,165286729.3740953,-323297749.74043304,-153368758.7669741,148852338453.35275,-4212414615.9013743,-1826672672.3131907,58926.65604131943
46,2020,3,18,15,59,41.97,-15605362.081,-20904997.275999997,-5510693.2299999995,1487.34404,-1912.13571,3004.03697,2020-03-18 15:59:41.970,166113061.57570368,-322960008.9766341,-153303852.86452478,148853609453.71902,-4187731342.5158796,-1815973503.943565,58926.6664579861
46,2020,3,18,16,14,41.97,-14137853.547,-22443281.699,-2767861.349,1769.12535,-1501.4680199999998,3082.48267,2020-03-18 16:14:41.970,166938519.35856158,-322620535.05513364,-153238124.23974416,148854875598.56165,-4163047911.922047,-1805274266.542499,58926.67687465277
46,2020,3,18,16,29,41.97,-12430009.776999999,-23600051.176,22034.489,2020.67914,-1065.5185099999999,3108.48689,2020-03-18 16:29:41.970,167763098.67135596,-322279330.38889277,-153171573.5260535,148856136887.83292,-4138364324.953662,-1794574960.4664261,58926.68729131943
46,2020,3,18,16,44,41.97,-10510963.202000001,-24355829.98,2811557.806,2237.8115900000003,-611.62832,3081.66252,2020-03-18 16:44:41.970,168586795.4697374,-321936397.3975484,-153104201.3603959,148857393321.48532,-4113680582.4445643,-1783875586.0718102,58926.6977079861
46,2020,3,18,16,59,41.97,-8413368.902,-24697885.463999998,5553313.284,2416.89828,-147.4213,3002.4875899999997,2020-03-18 16:59:41.970,169409605.71632758,-321591738.50739485,-153036008.3832292,148858644899.47177,-4088996685.22867,-1773176143.7151537,58926.70812465277
46,2020,3,18,17,14,41.97,-6172866.72,-24620429.080000002,8200722.082,2554.93928,319.31509,2872.2959100000003,2020-03-18 17:14:41.970,170231525.3807254,-321245356.15136695,-152966995.23851946,148859891621.74506,-4064312634.139969,-1762476633.7530017,58926.71854131943
46,2020,3,18,17,29,41.97,-3827497.776,-24124709.316,10708783.39,2649.6053,780.75072,2693.25589,2020-03-18 17:29:41.970,171052550.4395135,-320897252.7690217,-152897162.5737341,148861133488.25845,-4039628430.0125246,-1751777056.5419364,58926.7289579861
46,2020,3,18,17,44,41.97,-1417083.569,-23218995.394,13034811.664,2699.27457,1229.1343200000001,2468.3377499999997,2020-03-18 17:44:41.970,171872676.87626496,-320547430.80652165,-152826511.03983513,148862370498.96558,-4014944073.6804585,-1741077412.4385757,58926.73937465277
46,2020,3,18,17,59,41.97,1017423.802,-21918451.788999997,15139139.26,2703.06011,1656.9144000000001,2201.26946,2020-03-18 17:59:41.970,172691900.68154913,-320195892.716617,-152755041.29127213,148863602653.82013,-3990259565.977975,-1730377701.799577,58926.74979131943
46,2020,3,18,18,14,41.97,3434611.37,-20244904.7,16985774.487999998,2660.82676,2056.8582100000003,1896.48178,2020-03-18 18:14:41.970,173510217.85293904,-319842640.9586279,-152682753.9859758,148864829952.776,-3965574907.7393365,-1719677924.9816363,58926.7602079861
46,2020,3,18,18,29,41.97,5793285.745,-18226502.875,18543005.432,2573.1978400000003,2422.16734,1559.04278,2020-03-18 18:29:41.970,174327624.3950171,-319487677.99842715,-152609649.7853513,148866052395.78748,-3940890099.7988987,-1708978082.3414903,58926.77062465277
46,2020,3,18,18,44,41.97,8053154.6850000005,-15897276.313000001,19783940.266000003,2441.55096,2746.5887599999996,1194.58231,2020-03-18 18:44:41.970,175144116.31938168,-319131006.30842304,-152535729.35427082,148867269982.80893,-3916205142.9910574,-1698278174.2359085,58926.78104131943
46,2020,3,18,18,59,41.97,10175499.937,-13296597.741,20686975.296,2268.00277,3024.51968,809.207,2020-03-18 18:59:41.970,175959689.6446531,-318772628.3675418,-152460993.36106765,148868482713.79517,-3891520038.1502953,-1687578201.0216968,58926.7914579861
46,2020,3,18,19,14,41.97,12123831.244,-10468553.024999999,21236182.463,2055.38234,3251.10471,409.40641999999997,2020-03-18 19:14:41.970,176774340.39648092,-318412546.6612102,-152385442.47752926,148869690588.70123,-3866834786.1111584,-1676878163.0557067,58926.80187465277
46,2020,3,18,19,29,41.97,13864511.207,-7461228.187,21421608.79,1807.19297,3422.32379,1.95139,2020-03-18 19:29:41.970,177588064.6075487,-318050763.68133867,-152309077.37889022,148870893607.48212,-3842149387.7082605,-1666178060.6948202,58926.81229131943
46,2020,3,18,19,44,41.97,15367340.635,-4325922.145,21239481.053,1527.5625799999998,3535.06901,-406.21473000000003,2020-03-18 19:44:41.970,178400858.31758162,-317687281.9263029,-152231898.74382576,148872091770.0934,-3817463843.7762985,-1655477894.2959642,58926.8227079861
46,2020,3,18,19,59,41.97,16606094.034999998,-1116295.885,20692310.051,1221.1825700000002,3587.20877,-808.09026,2020-03-18 19:59:41.970,179212717.5733518,-317322103.9009282,-152153907.25444514,148873285076.49084,-3792778155.150014,-1644777664.216093,58926.83312465277
46,2020,3,18,20,14,41.97,17558995.12,2112529.655,19788890.055,893.2357499999999,3577.63729,-1196.73358,2020-03-18 20:14:41.970,180023638.42868498,-316955232.1164711,-152075103.59628505,148874473526.63028,-3768092322.664231,-1634077370.812205,58926.84354131943
46,2020,3,18,20,29,41.97,18209122.615000002,5304913.142,18544190.547,549.31363,3506.30804,-1565.38381,2020-03-18 20:29:41.970,180833616.94446635,-316586669.0906023,-151995488.45830247,148875657120.4679,-3743406347.1538405,-1623377014.4413352,58926.8539579861
46,2020,3,18,20,44,41.97,18544737.323000003,8405654.54,16979139.11,195.32432,3374.24927,-1907.5816699999998,2020-03-18 20:44:41.970,181642649.18864676,-316216417.3473905,-151915062.5328685,148876835857.96014,-3718720229.453805,-1612676595.4605565,58926.86437465277
46,2020,3,18,20,59,41.97,18559522.385,11360962.327,15120296.258,-162.60801999999998,3183.56051,-2217.2882999999997,2020-03-18 20:59:41.970,182450731.23624885,-315844479.41728365,-151833826.51576164,148878009739.06372,-3694033970.3991327,-1601976114.2269726,58926.87479131943
46,2020,3,18,21,14,41.97,18252729.884,14119408.568,12999425.245000001,-518.2504700000001,2937.389,-2488.99943,2020-03-18 21:14:41.970,183257859.16937342,-315470857.837093,-151751781.1061608,148879178763.73547,-3669347570.8249354,-1591275571.097732,58926.8852079861
46,2020,3,18,21,29,41.97,17629228.56,16632853.491000002,10652962.163,-865.37347,2639.88542,-2717.8523,2020-03-18 21:29:41.970,184064029.07720456,-315095555.14997625,-151668927.00663918,148880342931.93268,-3644661031.5663657,-1580574966.430018,58926.89562465277
46,2020,3,18,21,44,41.97,16699449.240999999,18857320.919999998,8121394.115,-1197.8655899999999,2296.13902,-2899.72262,2020-03-18 21:44:41.970,184869237.05601647,-314718573.9054198,-151585264.9231571,148881502243.61276,-3619974353.4586406,-1569874300.5810437,58926.90604131943
46,2020,3,18,21,59,41.97,15479226.733,20753806.178999998,5448555.624,-1509.84845,1912.0925300000001,-3031.30883,2020-03-18 21:59:41.970,185673479.20917916,-314339916.6592217,-151500795.56505597,148882656698.73334,-3595287537.337065,-1559173573.908072,58926.9164579861
46,2020,3,18,22,14,41.97,13989539.253999999,22288998.847999997,2680855.7810000004,-1795.789,1494.43831,-3110.2013899999997,2020-03-18 22:14:41.970,186476751.64716437,-313959585.97347504,-151415519.6450512,148883806297.25223,-3570600584.0369864,-1548472786.7683895,58926.92687465277
46,2020,3,18,22,29,41.97,12256148.932,23435904.157,-133549.33800000002,-2050.60662,1050.4973200000002,-3134.93479,2020-03-18 22:29:41.970,187279050.48755136,-313577584.41655165,-151329437.8792259,148884951039.1277,-3545913494.393837,-1537771939.5193276,58926.93729131943
46,2020,3,18,22,44,41.97,10309149.394,24174348.755,-2945622.645,-2269.77207,588.08366,-3105.02061,2020-03-18 22:44:41.970,188080371.85503316,-313193914.5630837,-151242550.98702416,148886090924.31815,-3521226269.2430983,-1527071032.518247,58926.9477079861
46,2020,3,18,22,59,41.97,8182428.865,24491359.069,-5706332.801,-2449.39587,115.35745999999999,-3020.9604799999997,2020-03-18 22:59:41.970,188880711.88142192,-312808578.9939478,-151154859.6912445,148887225952.78214,-3496538909.4203386,-1516370066.122555,58926.95812465277
46,2020,3,18,23,14,41.97,5913059.412,24381403.449,-8367543.35,-2586.30366,-359.33013000000005,-2884.23837,2020-03-18 23:14:41.970,189680066.7056555,-312421580.2962484,-151066364.71803352,148888356124.47867,-3471851415.7611637,-1505669040.6896837,58926.96854131943
46,2020,3,18,23,29,41.97,3540624.894,23846492.544,-10882885.572999999,-2678.0968000000003,-827.5962999999999,-2697.29221,2020-03-18 23:29:41.970,190478432.47380203,-312032921.06330013,-150977066.79687896,148889481439.3668,-3447163789.1012745,-1494967956.5771108,58926.9789579861
46,2020,3,18,23,44,41.97,1106501.716,22896135.851,-13208596.785,-2723.19644,-1281.18617,-2463.46561,2020-03-18 23:44:41.970,191275805.339067,-311642603.8946117,-150886966.66060337,148890601897.40588,-3422476030.2764187,-1484266814.142346,58926.98937465277
46,2020,3,18,23,59,41.97,-1346892.416,21547155.933,-15304306.718,-2720.8704199999997,-1712.12886,-2186.94107,2020-03-18 23:59:41.970,192072181.46179822,-311250631.3958686,-150796065.0453578,148891717498.55566,-3397788140.122402,-1473565613.742929,58926.99979131943
46,2020,3,19,0,14,41.97,-3776866.1670000004,19823365.299000002,-17133756.713999998,-2671.2423200000003,-2112.88624,-1872.65635,2020-03-19 00:14:41.970,192867557.00949186,-310857006.178917,-150704362.69061488,148892828242.77603,-3373100119.4751205,-1462864355.7364483,58927.0102079861
46,2020,3,19,0,29,41.97,-6141221.343,17755113.604,-18665433.964,-2575.2833100000003,-2476.49082,-1526.20706,2020-03-19 00:29:41.970,193661928.15679786,-310461730.8617463,-150611860.3391624,148893934130.027,-3348411969.170508,-1452163040.4805186,58927.02062465277
46,2020,3,19,0,44,41.97,-8399006.934999999,15378717.385,-19873118.722,-2434.78644,-2796.6704,-1153.7364599999999,2020-03-19 00:44:41.970,194455291.08552578,-310064808.06847316,-150518558.73709717,148895035160.26898,-3323723690.0445714,-1441461668.3327882,58927.03104131943
46,2020,3,19,0,59,41.97,-10511240.547,12735783.938000001,-20736322.045,-2252.32585,-3067.95636,-761.81757,2020-03-19 00:59:41.970,195247641.9846505,-309666240.4293243,-150424458.63381803,148896131333.4625,-3299035282.933385,-1430760239.650951,58927.0414579861
46,2020,3,19,1,14,41.97,-12441587.666,9872446.022,-21240617.579,-2031.20125,-3285.7743,-357.32874,2020-03-19 01:14:41.970,196038977.05031794,-309266030.5806206,-150329560.78201962,148897222649.56863,-3274346748.6730933,-1420058754.7927299,58927.05187465277
46,2020,3,19,1,29,41.97,-14156985.021,6838523.378,-21377859.229999997,-1775.3700800000001,-3446.51564,52.673570000000005,2020-03-19 01:29:41.970,196829292.48584998,-308864181.16475964,-150233865.93768603,148898309108.54837,-3249658088.099889,-1409357214.1158838,58927.06229131943
46,2020,3,19,1,44,41.97,-15628197.898,3686628.621,-21146283.972000003,-1489.36897,-3547.58957,461.08234999999996,2020-03-19 01:44:41.970,197618584.50175092,-308460694.8301994,-150137374.8600839,148899390710.3631,-3224969302.0500283,-1398655617.9782047,58927.0727079861
46,2020,3,19,1,59,41.97,-16830302.816999998,471235.278,-20550500.719,-1178.22668,-3587.45527,860.86529,2020-03-19 01:59:41.970,198406849.31571248,-308055574.23144245,-150040088.31175664,148900467454.97437,-3200280391.359844,-1387953966.7375233,58927.08312465277
46,2020,3,19,2,14,41.97,-17743088.796,-2752274.386,-19601368.368,-847.37066,-3565.63469,1245.18551,2020-03-19 02:14:41.970,199194083.15261933,-307648822.02901864,-149942007.05851716,148901539342.34412,-3175591356.8657184,-1377252260.751706,58927.09354131943
46,2020,3,19,2,29,41.97,-18351372.326,-5928564.569,-18315767.987,-502.52904,-3482.70665,1607.51568,2020-03-19 02:29:41.970,199980282.24455476,-307240440.8894686,-149843131.86944246,148902606372.43436,-3150902199.404107,-1366550500.3786535,58927.1039579861
46,2020,3,19,2,44,41.97,-18645222.892,-9003287.83,-16716275.792,-149.63013999999998,-3340.28336,1941.74415,2020-03-19 02:44:41.970,200765442.83080587,-306830433.485328,-149743463.5168659,148903668545.2074,-3126212919.811519,-1355848685.976299,58927.11437465277
46,2020,3,19,2,59,41.97,-18620097.607,-11923998.364,-14830744.870000001,205.29871,-3140.97055,2242.2714300000002,2020-03-19 02:59:41.970,201549561.15786964,-306418802.4951106,-149643002.7763721,148904725860.6261,-3101523518.924525,-1345146817.9026117,58927.12479131943
46,2020,3,19,3,14,41.97,-18276885.020000003,-14641022.574000001,-12691804.698,556.23154,-2888.31265,2504.09624,2020-03-19 03:14:41.970,202332633.47945738,-306005550.6032919,-149541750.42678958,148905778318.653,-3076833997.57976,-1334444896.5155954,58927.1352079861
46,2020,3,19,3,29,41.97,-17621859.552,-17108274.182,-10336288.301,897.24179,-2586.72464,2722.89009,2020-03-19 03:29:41.970,203114656.05650103,-305590680.5002927,-149439707.25018513,148906825919.25128,-3052144356.6139336,-1323742922.1732934,58927.14562465277
46,2020,3,19,3,44,41.97,-16666549.258,-19284002.533,-7804597.539,1222.59665,-2241.4120199999998,2895.0601800000004,2020-03-19 03:44:41.970,203895625.15715793,-305174194.8824634,-149336874.03185642,148907868662.38452,-3027454596.8637886,-1313040895.2337742,58927.15604131943
46,2020,3,19,3,59,41.97,-15427520.687,-21131464.137,-5140017.343,1526.8467699999999,-1858.28052,3017.7999,2020-03-19 03:59:41.970,204675537.0568165,-304756096.4520666,-149233251.5603267,148908906548.01593,-3002764719.1661506,-1302338816.05515,58927.1664579861
46,2020,3,19,4,14,41.97,-13926085.536,-22619508.929,-2387990.021,1804.9101999999998,-1443.83709,3089.1270099999997,2020-03-19 04:14:41.970,205454388.038101,-304336387.9172622,-149128840.6273379,148909939576.10953,-2978074724.3578987,-1291636684.995559,58927.17687465277
46,2020,3,19,4,29,41.97,-12187934.624,-23723074.088,404639.2,2052.14983,-1005.08375,3107.90938,2020-03-19 04:29:41.970,206232174.39087772,-303915071.99208987,-149023642.02784422,148910967746.6294,-2953384613.2759743,-1280934502.4131815,58927.18729131943
46,2020,3,19,4,44,41.97,-10242705.386,-24423579.569000002,3190394.1799999997,2264.44357,-549.4056,3073.87833,2020-03-19 04:44:41.970,207008892.41225973,-303492151.3964532,-148917656.5600058,148911991059.5398,-2928694386.757383,-1270232268.666229,58927.1977079861
46,2020,3,19,4,59,41.97,-8123489.716,-24709220.813,5921946.369,2438.24665,-84.4545,2987.62968,2020-03-19 04:59:41.970,207784538.40661177,-303067628.8561042,-148810885.02518266,148913009514.80542,-2904004045.6391797,-1259529984.1129436,58927.20812465277
46,2020,3,19,5,14,41.97,-5866289.461999999,-24575155.309,8552888.813,2570.6455,381.97027,2850.61279,2020-03-19 05:14:41.970,208559108.68555635,-302641507.1026263,-148703328.227928,148914023112.39093,-2879313590.758484,-1248827649.111607,58927.21854131943
46,2020,3,19,5,29,41.97,-3509427.4099999997,-24023580.857,11038494.973000001,2659.4028,842.04311,2665.10777,2020-03-19 05:29:41.970,209332599.56797835,-302213788.8734185,-148594986.97598213,148915031852.26157,-2854623022.9524865,-1238125264.0205343,58927.2289579861
46,2020,3,19,5,44,41.97,-1092921.929,-23063704.581,13336451.794,2702.99305,1288.03358,2434.19115,2020-03-19 05:44:41.970,210105007.38003,-301784476.91167974,-148485862.08026627,148916035734.38254,-2829932343.0584097,-1227422829.1980674,58927.23937465277
46,2020,3,19,5,59,41.97,1342166.093,-21711602.852,15407556.827,2700.62851,1712.4270900000001,2161.6903399999997,2020-03-19 05:59:41.970,210876328.45513684,-301353573.9663912,-148375954.3548757,148917034758.7194,-2805241551.9135714,-1216720345.0025916,58927.24979131943
46,2020,3,19,6,14,41.97,3754405.075,-19989973.438,17216369.427,2652.27493,2108.0435300000004,1852.12722,2020-03-19 06:14:41.970,211646559.1340022,-300921082.7923023,-148265264.61707395,148918028925.23807,-2780550650.355319,-1206017811.7925186,58927.2602079861
46,2020,3,19,6,29,41.97,6102674.041,-17927782.411,18731806.446,2558.65676,2468.15228,1510.6512400000001,2020-03-19 06:29:41.970,212415695.76461232,-300487006.1499141,-148153793.6872866,148919018233.90454,-2755859639.221071,-1195315229.9262981,58927.27062465277
46,2020,3,19,6,44,41.97,8346843.758000001,-15559809.520000001,19927673.199,2421.25156,2786.58256,1142.96259,2020-03-19 06:44:41.970,213183734.70224193,-300051346.8054616,-148041542.38909444,148920002684.68515,-2731168519.3483105,-1184612599.7624137,58927.28104131943
46,2020,3,19,6,59,41.97,10448447.816,-12926097.083,20783120.997,2242.27322,3057.82728,755.2259300000001,2020-03-19 06:59:41.970,213950672.30945876,-299614107.53090054,-147928511.5492277,148920982277.54636,-2706477291.574562,-1173909921.659378,58927.2914579861
46,2020,3,19,7,14,41.97,12371333.516999999,-10071308.757000001,21283023.066000003,2024.64376,3277.13913,353.97548,2020-03-19 07:14:41.970,214716504.95612907,-299175291.10388863,-147814701.99755976,148921957012.45514,-2681785956.737424,-1163207195.9757397,58927.30187465277
46,2020,3,19,7,29,41.97,14082282.229,-7044006.0430000005,21418261.438,1771.95373,3440.6170899999997,-53.9878,2020-03-19 07:29:41.970,215481229.01942235,-298734900.3077721,-147700114.56710067,148922926889.37848,-2657094515.6745377,-1152504423.0700798,58927.31229131943
46,2020,3,19,7,44,41.97,15551588.84,-3895851.87,21185918.228,1488.41092,3545.2816399999997,-461.70566,2020-03-19 07:44:41.970,216244840.88381642,-298292937.93156826,-147584750.09399092,148923891908.28363,-2632402969.223615,-1141801603.301014,58927.3227079861
46,2020,3,19,7,59,41.97,16753589.972000001,-680752.162,20589365.806,1178.7778,3589.1370500000003,-862.1775299999999,2020-03-19 07:59:41.970,217007336.94110242,-297849406.7699498,-147468609.4174956,148924852069.13818,-2607711318.222433,-1131098737.0271928,58927.33312465277
46,2020,3,19,8,14,41.97,17667130.858,2546052.102,19638251.671,848.29788,3571.21886,-1248.4793,2020-03-19 08:14:41.970,217768713.59038985,-297404309.6232295,-147351693.37999746,148925807371.90988,-2583019563.5088015,-1120395824.607295,58927.34354131943
46,2020,3,19,8,29,41.97,18275961.257999998,5728928.291999999,18348375.332,502.61177999999995,3491.62492,-1613.88413,2020-03-19 08:29:41.970,218528967.23811156,-296957649.2973439,-147234002.82699147,148926757816.56696,-2558327705.920598,-1109692866.4000335,58927.3539579861
46,2020,3,19,8,44,41.97,18569051.462,8812815.489,16741456.327,147.66378,3351.52846,-1951.9832399999998,2020-03-19 08:44:41.970,219288094.29802835,-296509428.6038378,-147115538.60707816,148927703403.07745,-2533635746.295762,-1098989862.7641544,58927.36437465277
46,2020,3,19,8,59,41.97,18540820.471,11744191.053000001,14844794.453,-210.39969,3153.17195,-2256.80421,2020-03-19 08:59:41.970,220046091.1912342,-296059650.3598484,-146996301.57195744,148928644131.41013,-2508943685.472286,-1088286814.0584388,58927.37479131943
46,2020,3,19,9,14,41.97,18191269.695,14472022.591,12690825.566,-565.33817,2899.8406999999997,-2522.92435,2020-03-19 09:14:41.970,220802954.34616107,-295608317.3880893,-146876292.5764225,148929580001.53375,-2484251524.2882237,-1077583720.6417022,58927.3852079861
46,2020,3,19,9,29,41.97,17526017.165000003,16948686.926999997,10316578.577,-910.92977,2595.81586,-2745.57639,2020-03-19 09:29:41.970,221558680.1985839,-295155432.5168351,-146755512.47835377,148930511013.4173,-2459559263.581675,-1066880582.8727846,58927.39562465277
46,2020,3,19,9,44,41.97,16556229.136000002,19130837.419,7763041.776,-1241.08622,2246.30672,-2920.74388,2020-03-19 09:44:41.970,222313265.19162518,-294700998.5799057,-146633962.13871238,148931437167.03,-2434866904.190803,-1056177401.1105627,58927.40604131943
46,2020,3,19,9,59,41.97,15298448.124,20980201.305999998,5074448.965,-1549.9675100000002,1857.3630699999999,-3045.24354,2020-03-19 09:59:41.970,223066705.77575988,-294245018.4166502,-146511642.4215345,148932358462.3416,-2410174446.953829,-1045474175.7139516,58927.4164579861
46,2020,3,19,10,14,41.97,13774318.787,22464289.634,2297498.2,-1832.0938,1435.76883,-3116.79229,2020-03-19 10:14:41.970,223818998.4088203,-293787494.8719318,-146388554.19392458,148933274899.32166,-2385481892.709014,-1034770907.0418843,58927.42687465277
46,2020,3,19,10,29,41.97,12010215.509,23557003.768,-519482.05199999997,-2082.45151,988.919,-3134.05677,2020-03-19 10:29:41.970,224570139.5560012,-293328430.7961115,-146264698.32604966,148934186477.94028,-2360789242.2946963,-1024067595.4533436,58927.43729131943
46,2020,3,19,10,44,41.97,10036778.047,24239124.537,-3327402.803,-2296.59105,524.68239,-3096.6837100000002,2020-03-19 10:44:41.970,225320125.68986365,-292867829.0450339,-146140075.69113326,148935093198.16794,-2336096496.5492578,-1013364241.3073301,58927.4477079861
46,2020,3,19,10,59,41.97,7888363.958,24498672.618,-6077302.741,-2470.71365,51.25328,-3005.31007,2020-03-19 10:59:41.970,226068953.2903408,-292405692.48000914,-146014687.16544873,148935995059.97498,-2311403656.311127,-1002660844.9628837,58927.45812465277
46,2020,3,19,11,14,41.97,5602428.75,24331131.761,-8721236.236000001,-2601.74481,-423.00442,-2861.55247,2020-03-19 11:14:41.970,226816618.84474188,-291942023.96780026,-145888533.62831378,148936892063.33234,-2286710722.418811,-991957406.7790766,58927.46854131943
46,2020,3,19,11,29,41.97,3218846.52,23739529.781,-11213142.545,-2687.3927700000004,-889.71672,-2667.97605,2020-03-19 11:29:41.970,227563118.84775755,-291476826.3806051,-145761615.96208405,148937784208.21085,-2262017695.710842,-981253927.1150068,58927.4789579861
46,2020,3,19,11,44,41.97,779185.376,22734375.737999998,-13509678.007000001,-2726.19038,-1340.65895,-2428.04357,2020-03-19 11:44:41.970,228308449.80146417,-291010102.5960427,-145633935.05214685,148938671494.58188,-2237324577.025831,-970550406.3298118,58927.48937465277
46,2020,3,19,11,59,41.97,-1674047.0620000002,21333455.263,-15570994.063000001,-2717.5195799999997,-1767.91097,-2146.0461999999998,2020-03-19 11:59:41.970,229052608.21532822,-290541855.4971368,-145505491.78691524,148939553922.417,-2212631367.2024226,-959846844.782655,58927.49979131943
46,2020,3,19,12,14,41.97,-4098172.229,19561489.393,-17361445.435000002,-2661.61821,-2164.00464,-1827.01788,2020-03-19 12:14:41.970,229795590.60621163,-290072087.9723005,-145376287.0578222,148940431491.68817,-2187938067.0793304,-949143242.832732,58927.5102079861
46,2020,3,19,12,29,41.97,-6451107.367,17449665.469,-18850214.759999998,-2559.5692400000003,-2522.06019,-1476.63573,2020-03-19 12:29:41.970,230537393.4983762,-289600802.9153208,-145246321.75931403,148941304202.36703,-2163244677.4953194,-938439600.8392755,58927.52062465277
46,2020,3,19,12,44,41.97,-8692115.002,15035051.398,-20011842.28,-2413.2732899999996,-2835.90856,-1101.10914,2020-03-19 12:44:41.970,231278013.42348793,-289128003.22534364,-145115596.7888446,148942172054.42615,-2138551199.2892032,-927735919.1615431,58927.53104131943
46,2020,3,19,12,59,41.97,-10782520.550999999,12359906.946999999,-20826651.683,-2225.40552,-3100.1975599999996,-707.06039,2020-03-19 12:59:41.970,232017446.92062193,-288653691.8068581,-144984113.0468691,148943035047.83798,-2113857633.2998457,-917032198.1588256,58927.5414579861
46,2020,3,19,13,14,41.97,-12686384.658000002,9470907.540000001,-21281065.831,-1999.35845,-3310.47994,-301.39981,2020-03-19 13:14:41.970,232755690.5362667,-288177871.5696812,-144851871.43683854,148943893182.57535,-2089163980.3661754,-906328438.1904459,58927.55187465277
46,2020,3,19,13,29,41.97,-14371118.405,6418297.308999999,-21367808.726,-1739.17248,-3463.28234,108.80172,2020-03-19 13:29:41.970,233492740.8243294,-287700545.42894214,-144718872.86519265,148944746458.6112,-2064470241.3271692,-895624639.6157621,58927.56229131943
46,2020,3,19,13,44,41.97,-15808031.202,3254988.926,-21085992.596,-1449.45611,-3556.1545899999996,516.44011,2020-03-19 13:44:41.970,234228594.34613934,-287221716.30506766,-144585118.24135482,148945594875.91885,-2039776417.021842,-884920802.7941537,58927.5727079861
46,2020,3,19,13,59,41.97,-16972802.992000002,35627.985,-20441091.349999998,-1135.2978899999998,-3587.69922,914.50283,2020-03-19 13:59:41.970,234963247.67045358,-286741387.12376577,-144450608.47772565,148946438434.47186,-2015082508.289278,-874216928.0850393,58927.58312465277
46,2020,3,19,14,14,41.97,-17845874.285,-3184360.448,-19444803.761,-802.17219,-3557.58166,1296.18886,2020-03-19 14:14:41.970,235696697.3734606,-286259560.8160119,-144315344.48967692,148947277134.24408,-1990388515.9686098,-863513015.8478639,58927.59354131943
46,2020,3,19,14,29,41.97,-18412749.347,-6349726.05,-18114811.637,-455.84077,-3466.52193,1655.0218,2020-03-19 14:29:41.970,236428940.03878558,-285776240.3180323,-144179327.19554552,148948110975.20932,-1965694440.899016,-852809066.4421057,58927.6039579861
46,2020,3,19,14,44,41.97,-18664209.643,-9406332.011,-16474439.784999998,-102.25210999999999,-3316.2687800000003,1984.95473,2020-03-19 14:44:41.970,237159972.257494,-285291428.5712895,-144042557.51662788,148948939957.34213,-1941000283.9197383,-842105080.2272764,58927.61437465277
46,2020,3,19,14,59,41.97,-18596436.309,-12302063.195999999,-14552225.927,252.55982999999998,-3109.5578100000002,2280.46533,2020-03-19 14:59:41.970,237889790.62809712,-284805128.52246654,-143905036.37717316,148949764080.61682,-1916306045.870059,-831401057.5629125,58927.62479131943
46,2020,3,19,15,14,41.97,-18211041.894,-14987689.81,-12381409.712000001,602.57571,-2850.0546999999997,2536.64033,2020-03-19 15:14:41.970,238618391.7565556,-284317343.12345296,-143766764.7043783,148950583345.00824,-1891611727.589312,-820696998.8085825,58927.6352079861
46,2020,3,19,15,29,41.97,-17515013.031999998,-17417673.993,-9999350.793,941.88846,-2542.28539,2749.24863,2020-03-19 15:29:41.970,239345772.25628448,-283828075.33132815,-143627743.42838058,148951397750.49146,-1866917329.9168854,-809992904.3238887,58927.64562465277
46,2020,3,19,15,44,41.97,-16520566.873,-19550908.193,-7446886.489,1264.7970500000001,-2191.5546099999997,2914.80236,2020-03-19 15:44:41.970,240071928.74815682,-283337328.1083471,-143487973.48225346,148952207297.04178,-1842222853.692227,-799288774.4684643,58927.65604131943
46,2020,3,19,15,59,41.97,-15244925.17,-21351375.564000003,-4767639.927999999,1565.89552,-1803.85432,3030.6058199999998,2020-03-19 15:59:41.970,240796857.86050966,-282845104.42192507,-143347455.8019992,148953011984.63458,-1817528299.7548199,-788584609.6019661,58927.6664579861
46,2020,3,19,16,14,41.97,-13710010.868999999,-22788724.053999998,-2007289.777,1840.15608,-1385.76368,3094.7918799999998,2020-03-19 16:14:41.970,241520556.22914684,-282351407.24462247,-143206191.32654327,148953811813.2459,-1792833668.944197,-777880410.0840856,58927.67687465277
46,2020,3,19,16,29,41.97,-11942072.777999999,-23838747.199,787187.2409999999,2083.0056400000003,-944.34203,3106.34607,2020-03-19 16:29:41.970,242243020.4973437,-281856239.5541293,-143064180.99772874,148954606782.8515,-1768138962.099957,-767176176.2745454,58927.68729131943
46,2020,3,19,16,44,41.97,-9971244.646,-24483765.974999998,3568289.865,2290.39498,-487.01631000000003,3065.11815,2020-03-19 16:44:41.970,242964247.31585228,-281359604.33325166,-142921425.76030988,148955396893.42783,-1743444180.0617375,-756471908.533098,58927.6977079861
46,2020,3,19,16,59,41.97,-7831045.517,-24712907.325,6288770.783,2458.85995,-21.46421,2971.82157,2020-03-19 16:59:41.970,243684233.34290484,-280861504.5698942,-142777926.56194645,148956182144.95126,-1718749323.6692286,-745767607.2195239,58927.70812465277
46,2020,3,19,17,14,41.97,-5557828.755,-24522276.2,8902409.164,2585.57427,444.50539,2828.02086,2020-03-19 17:14:41.970,244402975.2442183,-280361943.2570482,-142633684.353198,148956962537.3988,-1694054393.7621694,-735063272.6936349,58927.71854131943
46,2020,3,19,17,29,41.97,-3190187.613,-23915019.134,11364766.526999999,2668.39322,903.07366,2636.10723,2020-03-19 17:29:41.970,245120469.6929991,-279860923.3927729,-142488700.08751702,148957738070.74728,-1669359391.180346,-724358905.3152728,58927.7289579861
46,2020,3,19,17,44,41.97,-768325.5900000001,-22901278.547999997,13633915.469,2705.88811,1346.53322,2399.26273,2020-03-19 17:44:41.970,245836713.36994666,-279358447.9801841,-142342974.72124436,148958508744.97415,-1644664316.7635999,-713654505.4443061,58927.73937465277
46,2020,3,19,17,59,41.97,1666599.766,-21498038.083,15671131.052000001,2697.37079,1767.4086499999999,2121.41316,2020-03-19 17:59:41.970,246551702.9632585,-278854520.0274366,-142196509.21360224,148959274560.05682,-1619969171.351817,-702950073.4406404,58927.74979131943
46,2020,3,19,18,14,41.97,4073150.601,-19728860.474,17441534.963999998,2642.90803,2158.5746,1807.1702400000001,2020-03-19 18:14:41.970,247265435.16863403,-278349142.5477114,-142049304.52668875,148960035515.97296,-1595273955.7849286,-692245609.664201,58927.7602079861
46,2020,3,19,18,29,41.97,6410290.713,-17623520.605,18914682.883,2543.32535,2513.3703600000003,1461.76334,2020-03-19 18:29:41.970,247977906.68927854,-277842318.559198,-141901361.62547195,148960791612.701,-1570578670.902926,-681541114.4749509,58927.77062465277
46,2020,3,19,18,44,41.97,8638066.063000001,-15217537.659,20065085.92,2400.19994,2825.70928,1090.96134,2020-03-19 18:44:41.970,248689114.23590833,-277334051.0850827,-141752681.477784,148961542850.21884,-1545883317.5458295,-670836588.2328763,58927.78104131943
46,2020,3,19,18,59,41.97,10718273.9,-12551611.563000001,20872657.47,2215.84237,3090.18177,700.9851299999999,2020-03-19 18:59:41.970,249399054.52675414,-276824343.15353143,-141603265.05431527,148962289228.50522,-1521187896.5537186,-660132031.2979984,58927.7914579861
46,2020,3,19,19,14,41.97,12615110.326,-9670970.287,21323077.416,1993.26694,3302.15016,298.41155000000003,2020-03-19 19:14:41.970,250107724.2875656,-276313197.79767555,-141453113.3286082,148963030747.5388,-1496492408.76674,-649427444.0303664,58927.80187465277
46,2020,3,19,19,29,41.97,14295785.962,-6624636.045,21408066.345,1736.15045,3457.83374,-109.93033000000001,2020-03-19 19:29:41.970,250815120.2516156,-275800618.05559707,-141302227.27705187,148963767407.29868,-1471796855.0250554,-638722826.7900529,58927.81229131943
46,2020,3,19,19,44,41.97,15731099.315,-3464619.9390000002,21125563.339,1448.77945,3554.38247,-517.06958,2020-03-19 19:44:41.970,251521239.15970433,-275286606.970314,-141150607.87887573,148964499207.76416,-1447101236.1688855,-628018179.9371672,58927.8227079861
46,2020,3,19,19,59,41.97,16895957.547999997,-245056.173,20479802.003000002,1135.9861099999998,3589.9372500000004,-916.0089099999999,2020-03-19 19:59:41.970,252226077.76016325,-274771167.589766,-140998256.11614406,148965226148.91467,-1422405553.0385115,-617313503.8318455,58927.83312465277
46,2020,3,19,20,14,41.97,17769834.571,2978711.448,19481280.722,803.07319,3563.6754,-1299.8439500000002,2020-03-19 20:14:41.970,252929632.80885977,-274254302.966798,-140845172.97374985,148965948230.73013,-1397709806.4742327,-606608798.8342452,58927.84354131943
46,2020,3,19,20,29,41.97,18337156.919,6151076.488,18146624.698,455.72874,3475.8393,-1661.88413,2020-03-19 20:29:41.970,253631901.06920087,-273736016.1591466,-140691359.43940917,148966665453.19052,-1373013997.3164346,-595904065.3045669,58927.8539579861
46,2020,3,19,20,44,41.97,18587608.569,9217134.625,16498339.114999998,99.93145,3327.74699,-1995.77332,2020-03-19 20:44:41.970,254332879.31213745,-273216310.22942567,-140536816.50365528,148967377816.27615,-1348318126.4055092,-585199303.6030276,58927.86437465277
46,2020,3,19,20,59,41.97,18516346.928,12123649.255,14564454.858,-258.15187000000003,3121.78332,-2295.60759,2020-03-19 20:59:41.970,255032564.31616837,-272695188.2451111,-140381545.15983278,148968085319.96756,-1323622194.581921,-574494514.0898783,58927.87479131943
46,2020,3,19,21,14,41.97,18124123.537,14820000.049,12378070.39,-612.27519,2861.37082,-2556.0477499999997,2020-03-19 21:14:41.970,255730952.86734498,-272172653.27852535,-140225546.40409148,148968787964.2455,-1298926202.686181,-563789697.1254008,58927.8852079861
46,2020,3,19,21,29,41.97,17417304.732,17259095.988,9976795.81,-956.22633,2550.91984,-2772.42373,2020-03-19 21:29:41.970,256428041.75927445,-271648708.40682405,-140068821.23538128,148969485749.0911,-1274230151.5588217,-553084853.0698956,58927.89562465277
46,2020,3,19,21,44,41.97,16407789.384,19398234.254,7402107.509000001,-1283.9421399999999,2195.75816,-2940.82843,2020-03-19 21:44:41.970,257123827.7931244,-271123356.7119814,-139911370.65544558,148970178674.48553,-1249534042.0404563,-542379982.2837067,58927.90604131943
46,2020,3,19,21,59,41.97,15112823.11,21199886.726,4698624.262,-1589.62303,1802.0406799999998,-3058.19805,2020-03-19 21:59:41.970,257818307.77762687,-270596601.2807737,-139753195.6688162,148970866740.41043,-1224837874.9717178,-531675085.12719446,58927.9164579861
46,2020,3,19,22,14,41.97,13554710.66,22632396.79,1913317.822,-1867.8442,1376.64074,-3122.3768999999998,2020-03-19 22:14:41.970,258511478.52908206,-270068445.2047671,-139594297.28280702,148971549946.84756,-1200141651.1932836,-520970161.9607494,58927.92687465277
46,2020,3,19,22,29,41.97,11760430.685999999,23670570.735,-905326.8809999999,-2113.66086,927.02491,-3132.16433,2020-03-19 22:29:41.970,259203336.8713627,-269538891.58030075,-139434676.50750834,148972228293.77905,-1175445371.5458965,-510265213.1447954,58927.93729131943
46,2020,3,19,22,44,41.97,9761159.587,24296150.077999998,-3708185.244,-2322.7047000000002,461.11409,-3087.34242,2020-03-19 22:44:41.970,259893879.63591835,-269007943.50847423,-139274334.35578126,148972901781.1871,-1150749036.8703234,-499560239.0397761,58927.9477079861
46,2020,3,19,22,59,41.97,7591713.461,24498153.816,-6446382.292,-2491.26894,-12.866060000000001,-2988.6833199999996,2020-03-19 22:59:41.970,260583103.66177866,-268475604.0951316,-139113271.84325156,148973570409.05423,-1126052648.007398,-488855240.0061738,58927.95812465277
46,2020,3,19,23,14,41.97,5289919.357,24273082.639,-9072179.241,-2616.38004,-486.54170000000005,-2837.93579,2020-03-19 23:14:41.970,261271005.7955577,-267941876.4508475,-138951489.98830462,148974234177.36337,-1101356205.7979794,-478150216.4044935,58927.96854131943
46,2020,3,19,23,29,41.97,2895928.857,23624980.497,-11539838.714,-2695.85395,-951.55056,-2637.79131,2020-03-19 23:29:41.970,261957582.89145827,-267406763.69091222,-138788989.81207874,148974893086.09744,-1076659711.0829716,-467445168.5952609,58927.9789579861
46,2020,3,19,23,44,41.97,451488.423,22565352.421,-13806450.538999999,-2728.3357100000003,-1399.70097,-2391.8306000000002,2020-03-19 23:44:41.970,262642831.81127542,-266870268.9353172,-138625772.33846006,148975547135.23984,-1051963164.7033365,-456740096.9390417,58927.98937465277
46,2020,3,19,23,59,41.97,-2000818.078,21112941.031999998,-15832701.101,-2713.3215800000003,-1823.1262100000001,-2104.45196,2020-03-19 23:59:41.970,263326749.74768755,-266332395.05391496,-138461838.51634026,148976196324.97977,-1027266559.6966679,-446034998.41405547,58927.99979131943
46,2020,3,20,0,14,41.97,-4418338.704,19293367.835,-17583571.3,-2651.16338,-2214.43068,-1780.78357,2020-03-20 00:14:41.970,264009332.93048042,-265793145.685058,-138297189.5302174,148976840654.88806,-1002569912.5107917,-435329880.1456446,58928.0102079861
46,2020,3,20,0,29,41.97,-6759119.144,17138646.561,-19028947.007,-2543.05571,-2566.82451,-1426.58242,2020-03-20 00:29:41.970,264690578.56816784,-265252523.7085803,-138131826.33478838,148977480125.1562,-977873216.1834083,-424624739.1120912,58928.02062465277
46,2020,3,20,0,44,41.97,-8982648.647,14686584.393,-20144137.793,-2391.0058900000004,-2874.2438199999997,-1048.12161,2020-03-20 00:44:41.970,265370483.55295426,-264710532.26313394,-137965749.96487218,148978114735.7683,-953176471.5556517,-413919575.6740648,58928.03104131943
46,2020,3,20,0,59,41.97,-11050572.566000002,11980079.463,-20910286.082,-2197.7891299999997,-3131.45446,-652.07041,2020-03-20 00:59:41.970,266049044.78465587,-264167174.49199948,-137798961.4580066,148978744486.709,-928479679.4686891,-403214390.1922664,58928.0414579861
46,2020,3,20,1,14,41.97,-12927357.827,9066334.456,-21314667.95,-1966.88949,-3334.1375900000003,-245.36872000000002,2020-03-20 01:14:41.970,266726259.17070523,-263622453.54307258,-137631461.8544425,148979369377.9631,-903782840.7637346,-392509183.0274189,58928.05187465277
46,2020,3,20,1,29,41.97,-14580899.796,5996001.533,-21350879.375,-1702.4289399999998,-3478.95597,164.90046,2020-03-20 01:29:41.970,267402123.62615454,-263076372.5688484,-137463252.19713858,148979989409.51562,-879085956.282046,-381803954.540275,58928.06229131943
46,2020,3,20,1,44,41.97,-15983060.599,2822276.4280000003,-21018907.626000002,-1409.08629,-3563.6005499999997,571.63826,2020-03-20 01:44:41.970,268076635.07367995,-262528934.7264082,-137294333.53175476,148980604581.352,-854389026.8649317,-371098705.09161454,58928.0727079861
46,2020,3,20,1,59,41.97,-17110130.762000002,-400040.49,-20325089.362,-1092.00823,-3586.81739,967.85415,2020-03-20 01:59:41.970,268749790.4435852,-261980143.1774047,-137124706.90664726,148981214893.45764,-829692053.3537265,-360393435.0422456,58928.08312465277
46,2020,3,20,2,14,41.97,-17943207.933000002,-3615498.647,-19281959.073999997,-756.7143699999999,-3548.41526,1346.78502,2020-03-20 02:14:41.970,269421586.6738053,-261430001.08804718,-136954373.37286267,148981820345.8186,-804995036.589811,-349688144.7529988,58928.09354131943
46,2020,3,20,2,29,41.97,-18468488.249,-6768950.215,-17907993.343999997,-408.99837,-3449.25486,1702.0073300000001,2020-03-20 02:29:41.970,270092020.709911,-260878511.62908798,-136783333.98413196,148982420938.4207,-780297977.4146222,-338982834.58473516,58928.1039579861
46,2020,3,20,2,44,41.97,-18677467.694,-9806485.487,-16227257.956,-54.827099999999994,-3291.22082,2027.5406600000001,2020-03-20 02:44:41.970,270761089.50511175,-260325677.97580758,-136611589.79686522,148983016671.2504,-755600876.6696177,-328277504.8983422,58928.11437465277
46,2020,3,20,2,59,41.97,-18567052.393000003,-12676335.704,-14268966.139,299.76056,-3077.17758,2317.94142,2020-03-20 02:59:41.970,271428790.0202603,-259771503.30800056,-136439141.87014553,148983607544.29434,-730903735.196316,-317572156.0547334,58928.12479131943
46,2020,3,20,3,14,41.97,-18139578.323999997,-15329729.591,-12066957.239,648.75361,-2810.91089,2568.38581,2020-03-20 03:14:41.970,272095119.223856,-259215990.80996123,-136265991.265724,148984193557.53912,-706206553.8362666,-306866788.41485137,58928.1352079861
46,2020,3,20,3,29,41.97,-17402742.248,-17721691.237999998,-9659105.888,986.26611,-2497.05623,2774.74125,2020-03-20 03:29:41.970,272760074.0920489,-258659143.6704695,-136092139.04801312,148984774710.97205,-681509333.4310548,-296161402.3396586,58928.14562465277
46,2020,3,20,3,44,41.97,-16369446.844,-19811768.360999998,-7086672.226,1306.63045,-2141.0159200000003,2933.6258599999996,2020-03-20 03:44:41.970,273423651.60864323,-258100965.0827761,-135917586.28408185,148985351004.5803,-656812074.8223258,-285455998.19015265,58928.15604131943
46,2020,3,20,3,59,41.97,-15057564.11,-21564681.385,-4393604.140000001,1604.4855499999999,-1748.86636,3042.45559,2020-03-20 03:59:41.970,274085848.7651013,-257541458.2445892,-135742334.04364955,148985922438.35153,-632114778.8517408,-274750576.32735175,58928.1664579861
46,2020,3,20,4,14,41.97,-13489621.945999999,-22950885.21,-1625802.633,1874.85921,-1327.25698,3099.4789699999997,2020-03-20 04:14:41.970,274746662.56054777,-256980626.35805935,-135566383.39908066,148986489012.27362,-607417446.3610233,-264045137.1123016,58928.17687465277
46,2020,3,20,4,29,41.97,-11692419.638,-23947036.867,1169638.468,2113.24366,-883.3024,3103.79944,2020-03-20 04:29:41.970,275406090.0017721,-256418472.62976593,-135389735.4253787,148987050726.3346,-582720078.1919274,-253339680.90607548,58928.18729131943
46,2020,3,20,4,44,41.97,-9696578.627,-24536363.59,3945207.3249999997,2315.66369,-424.4692,3055.38528,2020-03-20 04:44:41.970,276064128.1032341,-255855000.27070233,-135212391.20018095,148987607580.52277,-558022675.1862414,-242634208.0697707,58928.1977079861
46,2020,3,20,4,59,41.97,-7536035.514,-24708927.096,6653752.343,2478.73683,41.54126,2955.06737,2020-03-20 04:59:41.970,276720773.88706577,-255290212.4962623,-135034351.80375236,148988159574.82687,-533325238.1858065,-231928718.96451312,58928.20812465277
46,2020,3,20,5,14,41.97,-5247484.756,-24461781.073999997,9249253.007,2599.72483,506.91275,2804.52498,2020-03-20 05:14:41.970,277376024.38307655,-254724112.5262256,-134855618.31898046,148988706709.2355,-508627768.0324948,-221223213.9514525,58928.21854131943
46,2020,3,20,5,29,41.97,-2869778.9729999998,-23799020.067,11687572.602,2676.57634,963.83542,2606.25979,2020-03-20 05:29:41.970,278029876.628756,-254156703.58474347,-134676191.8313691,148989248983.73807,-483930265.5682231,-210517693.39176607,58928.2289579861
46,2020,3,20,5,44,41.97,-443295.17199999996,-22731719.075,13927182.405,2707.9599000000003,1404.62717,2363.55847,2020-03-20 05:44:41.970,278682327.66927826,-253587988.90032527,-134496073.4290337,148989786398.32382,-459232731.63494635,-199812157.646657,58928.23937465277
46,2020,3,20,5,59,41.97,1990724.423,-21277764.351,15929847.167,2693.2872899999998,1821.85384,2080.4441800000004,2020-03-20 05:59:41.970,279333374.55750495,-253017971.70582375,-134315264.20269465,148990318952.98212,-434535167.07464874,-189106607.07734972,58928.24979131943
46,2020,3,20,6,14,41.97,4390847.873,-19461577.034,17661262.051999997,2632.72643,2208.4469599999998,1761.61726,2020-03-20 06:14:41.970,279983014.35398954,-252446655.23842087,-134133765.24567229,148990846647.70306,-409837572.7293699,-178401042.04510254,58928.2602079861
46,2020,3,20,6,29,41.97,6716135.981000001,-17313732.435999997,19091631.522,2527.20388,2557.81767,1412.3855999999998,2020-03-20 06:29:41.970,280631244.1269808,-251874042.7396143,-133951577.65388122,148991369482.47687,-385139949.4411769,-167695462.91119248,58928.27062465277
46,2020,3,20,6,44,41.97,8926822.008,-14870479.043,20196181.088,2378.3962,2863.96537,1038.58516,2020-03-20 06:44:41.970,281278060.95242584,-251300137.455203,-133768702.5258245,148991887457.29355,-360442298.0521815,-156989870.036924,58928.28104131943
46,2020,3,20,6,59,41.97,10984978.660999998,-12173162.619,20955593.347000003,2188.71025,3121.57973,646.49131,2020-03-20 06:59:41.970,281923461.913975,-250724942.6352726,-133585140.9625882,148992400572.14395,-335744619.40452826,-146284263.78362948,58928.2914579861
46,2020,3,20,7,14,41.97,12855162.161,-9267562.165,21356360.31,1961.2519100000002,3326.13427,242.72163999999998,2020-03-20 07:14:41.970,282567444.1029845,-250148461.5341825,-133400894.06783591,148992908827.0189,-311046914.340402,-135578644.51266026,58928.30187465277
46,2020,3,20,7,29,41.97,14505023.015,-6203145.9629999995,21391044.817,1699.7834,3473.97008,-165.86873,2020-03-20 07:29:41.970,283210004.61852014,-249570697.41055068,-133215962.94780284,148993412221.90955,-286349183.70203066,-124873012.58540416,58928.31229131943
46,2020,3,20,7,44,41.97,15905873.114,-3032257.477,21058444.723,1408.66892,3562.3677,-572.29832,2020-03-20 07:44:41.970,283851140.5673612,-248991653.52724102,-133030348.71129042,148993910756.8072,-261651428.33167082,-114167368.36326003,58928.3227079861
46,2020,3,20,7,59,41.97,17033198.842,190757.565,20363654.683000002,1092.80905,3589.6056399999998,-969.57541,2020-03-20 07:59:41.970,284490849.06400394,-248411333.15134734,-132844052.46966071,148994404431.70355,-236953649.071622,-103461712.20766413,58928.33312465277
46,2020,3,20,8,14,41.97,17867110.201,3410469.967,19318021.739,757.5643,3555.00354,-1350.81765,2020-03-20 08:14:41.970,285129127.2306655,-247829739.55418146,-132657075.33683084,148994893246.59033,-212255846.76422387,-92756044.48006997,58928.34354131943
46,2020,3,20,8,29,41.97,18392716.464,6571317.309,17938992.465,408.66841999999997,3458.9485999999997,-1709.37307,2020-03-20 08:29:41.970,285765972.19728684,-247246876.01125777,-132469418.42926738,148995377201.45984,-187558022.25184947,-82050365.54196104,58928.3539579861
46,2020,3,20,8,44,41.97,18600419.645999998,9618569.738,16249851.325,52.132650000000005,3302.9035200000003,-2038.94042,2020-03-20 08:44:41.970,286401381.1015365,-246662745.80228004,-132281082.86598077,148995856296.30438,-162860176.37690282,-71344675.75484082,58928.36437465277
46,2020,3,20,8,59,41.97,18486118.172,12499294.273,14279351.916,-305.85783,3089.39503,-2333.68645,2020-03-20 08:59:41.970,287035351.08881485,-246077352.21112698,-132092069.76851976,148996330531.11655,-138162309.98183745,-60638975.48024292,58928.37479131943
46,2020,3,20,9,14,41.97,18051314.501000002,15163299.586,12061245.058,-659.05345,2821.9819300000004,-2588.35746,2020-03-20 09:14:41.970,287667879.3122563,-245490698.52583885,-131902380.26096588,148996799905.88937,-113464423.90913355,-49933265.07971983,58928.3852079861
46,2020,3,20,9,29,41.97,17303122.158999998,17564042.76,9633710.057,-1001.25388,2505.2025000000003,-2798.38243,2020-03-20 09:29:41.970,288298962.93273467,-244902788.03860277,-131712015.46992785,148997264420.61578,-88766519.001315,-39227544.914853975,58928.39562465277
46,2020,3,20,9,44,41.97,16254169.629,19659479.394,7038697.91,-1326.42322,2144.50129,-2959.96513,2020-03-20 09:44:41.970,288928599.1188648,-244313624.04573953,-131520976.52453603,148997724075.2895,-64068596.100937724,-28521815.347250797,58928.40604131943
46,2020,3,20,9,59,41.97,14922400.745000001,21412838.921,4321197.586999999,-1628.80429,1746.13634,-3070.16253,2020-03-20 09:59:41.970,289556785.04700744,-243723209.8476891,-131329264.55643685,148998178869.9038,-39370656.050587445,-17816076.738537863,58928.4164579861
46,2020,3,20,10,14,41.97,13330773.665000001,22793308.019,1528438.7859999998,-1903.0293199999999,1317.068,-3126.9472299999998,2020-03-20 10:14:41.970,290183517.9012717,-243131548.74899712,-131136880.69978741,148998628804.45285,-14672699.692898713,-7110329.450369887,58928.42687465277
46,2020,3,20,10,29,41.97,11506862.952,23776606.623,-1290953.5310000002,-2144.2240899999997,864.83186,-3129.2518600000003,2020-03-20 10:29:41.970,290808794.8735199,-242538644.0583009,-130943826.09124967,148999073878.93063,10025272.129468132,3595426.1555760326,58928.43729131943
46,2020,3,20,10,44,41.97,9482371.773,24345443.224999998,-4087835.896,-2348.10309,397.39808999999997,-3076.99402,2020-03-20 10:44:41.970,291432613.1633698,-241944499.08831573,-130750101.86998513,148999514093.33173,34723258.57381342,14301189.717598148,58928.4477079861
46,2020,3,20,10,59,41.97,7292563.575999999,24489838.852,-6813436.389,-2511.05293,-76.97919999999999,-2971.08079,2020-03-20 10:59:41.970,292054969.9781985,-241349117.15582046,-130555709.1776493,148999949447.6506,59421258.797395796,25006960.87396741,58928.45812465277
46,2020,3,20,11,14,41.97,4975624.6959999995,24207312.187,-9420239.39,-2630.20205,-549.91919,-2813.39244,2020-03-20 11:14:41.970,292675862.53314614,-240752501.58164427,-130360649.15838596,149000379941.8822,84119271.95745715,35712739.26293573,58928.46854131943
46,2020,3,20,11,29,41.97,2571971.129,23502921.700999998,-11862846.47,-2703.4748600000003,-1013.07427,-2606.74581,2020-03-20 11:29:41.970,293295288.0511192,-240154655.69065234,-130164922.95882195,149000805576.02182,108817297.2111901,46418524.5227285,58928.4789579861
46,2020,3,20,11,44,41.97,123514.091,22389164.184,-14098795.455,-2729.62902,-1458.2885899999999,-2354.83817,2020-03-20 11:44:41.970,293913243.7627941,-239555582.811733,-129968531.7280613,149001226350.06485,133515333.71575117,57124316.2915463,58928.48937465277
46,2020,3,20,11,59,41.97,-2327100.144,20885732.555,-16089320.84,-2708.2752100000002,-1877.75155,-2062.1733600000002,2020-03-20 11:59:41.970,294529726.90661997,-238955286.27778205,-129771476.61768006,149001642264.00687,158213380.6282676,67830114.20756608,58928.49979131943
46,2020,3,20,12,14,41.97,-4737260.201,19019139.226,-17800040.389000002,-2639.87918,-2264.14254,-1733.97201,2020-03-20 12:14:41.970,295144734.7288232,-238353769.42569107,-129573758.78172044,149002053317.8439,182911437.10583532,78535917.90894315,58928.5102079861
46,2020,3,20,12,29,41.97,-7065153.545,16822214.351,-19201554.830000002,-2525.74641,-2610.76374,-1376.0686,2020-03-20 12:29:41.970,295758264.4834099,-237751035.59633228,-129375379.37668581,149002459511.57208,207609502.3055135,89241727.03380913,58928.52062465277
46,2020,3,20,12,44,41.97,-9270509.119,14333490.936,-20269949.89,-2367.99032,-2911.6583,-994.7979,2020-03-20 12:44:41.970,296370313.43216974,-237147088.1345449,-129176339.56153443,149002860845.18777,232307575.3843261,99947541.22026798,58928.53104131943
46,2020,3,20,12,59,41.97,-11315304.376,11596491.039,-20987192.498,-2169.48514,-3161.7117000000003,-596.8738,2020-03-20 12:59:41.970,296980878.84467936,-236541930.38912234,-128976640.49767466,149003257318.68777,257005655.4992602,110653360.10640451,58928.5414579861
46,2020,3,20,13,14,41.97,-13164423.687,8658928.908,-21341415.599,-1933.8053,-3356.73472,-189.26345,2020-03-20 13:14:41.970,297589957.99830544,-235935565.71279716,-128776283.34895912,149003648932.069,281703741.8072778,121359183.33027631,58928.55187465277
46,2020,3,20,13,29,41.97,-14786256.694,5571848.079,-21327088.649,-1665.15292,-3493.52713,220.94047,2020-03-20 13:29:41.970,298197548.1782087,-235327997.462228,-128575269.28167935,149004035685.32864,306401833.4652983,132065010.52992252,58928.56229131943
46,2020,3,20,13,44,41.97,-16153226.884,2388710.067,-20945073.33,-1368.27556,-3569.92155,626.64664,2020-03-20 13:44:41.970,298803646.677347,-234719228.99798593,-128373599.4645601,149004417578.46414,331099929.6302135,142770841.34335274,58928.5727079861
46,2020,3,20,13,59,41.97,-17242242.535,-835547.587,-20202566.341999996,-1048.37633,-3584.80771,1020.88878,2020-03-20 13:59:41.970,299408250.7964778,-234109263.68454045,-128171275.06875412,149004794611.4732,355798029.4588891,153476675.40856004,58928.58312465277
46,2020,3,20,14,14,41.97,-18035064.022,-4045466.3959999997,-19112933.193,-711.0182699999999,-3538.13753,1396.94387,2020-03-20 14:14:41.970,300011357.84416354,-233498104.89024577,-127968297.2678364,149005166784.3536,380496132.1081431,164182512.3635093,58928.59354131943
46,2020,3,20,14,29,41.97,-18518583.295,-7186018.299000001,-17695438.678,-362.0251,-3430.9119199999996,1748.4432100000001,2020-03-20 14:29:41.970,300612965.1367729,-232885755.98732737,-127764667.23779894,149005534097.1039,405194236.7347722,174888351.84614405,58928.6039579861
46,2020,3,20,14,44,41.97,-18685013.108,-10203537.355,-15974881.288,-7.38021,-3265.15049,2069.47465,2020-03-20 14:44:41.970,301213069.998485,-232272220.3518682,-127560386.15704508,149005896549.72232,429892342.4955373,185594193.4943866,58928.61437465277
46,2020,3,20,14,59,41.97,-18531985.154000003,-13046616.955,-13981139.976,346.87447,-3043.8454500000003,2354.67492,2020-03-20 14:59:41.970,301811669.7612934,-231657501.36379486,-127355455.20638415,149006254142.20767,454590448.5471629,196300036.9461321,58928.62479131943
46,2020,3,20,15,14,41.97,-18062557.771,-15666958.994,-11748642.699,694.73807,-2770.9012,2599.31101,2020-03-20 15:14:41.970,302408761.76500857,-231041602.40686402,-127149875.56902596,149006606874.55878,479288554.0463496,207005881.83925673,58928.6352079861
46,2020,3,20,15,29,41.97,-17285135.191,-18020162.838,-9315766.878,1030.3475,-2451.0612100000003,2799.34999,2020-03-20 15:29:41.970,303004343.35726094,-230424526.86864895,-126943648.43057537,149006954746.77502,503986658.1497588,217711727.8116113,58928.64562465277
46,2020,3,20,15,44,41.97,-16213301.487,-20066443.296,-6724182.413000001,1348.07015,-2089.8236699999998,2951.5167899999997,2020-03-20 15:44:41.970,303598411.89350504,-229806278.14052543,-126736774.97902665,149007297758.85583,528684760.01402783,228417574.5010272,58928.65604131943
46,2020,3,20,15,59,41.97,-14865573.363,-21771268.263,-4018148.221,1642.59133,-1693.34752,3053.3396399999997,2020-03-20 15:59:41.970,304190964.7370225,-229186859.6176586,-126529256.40475833,149007635910.80096,553382858.7957585,239123421.54531,58928.6664579861
46,2020,3,20,16,14,41.97,-13265076.854,-23105908.056,-1243773.455,1908.9957900000002,-1268.35048,3103.18314,2020-03-20 16:14:41.970,304781999.2589251,-228566274.69898897,-126321093.90052748,149007969202.61032,578080953.6515157,249829268.58224276,58928.67687465277
46,2020,3,20,16,29,41.97,-11439153.736,-24047889.838,1551745.4170000001,2142.84232,-822.0003700000001,3100.26883,2020-03-20 16:29:41.970,305371512.8381579,-227944526.78721905,-126112288.66146445,149008297634.2842,602779043.7378457,260535115.24958926,58928.68729131943
46,2020,3,20,16,44,41.97,-9418904.101,-24581351.849,4320900.506,2340.2308199999998,-361.80132,3044.6835,2020-03-20 16:44:41.970,305959502.8615038,-227321619.28879955,-125902841.88506721,149008621205.82312,627477128.2112578,271240961.1850889,58928.6977079861
46,2020,3,20,16,59,41.97,-7238672.142,-24697293.379,7016650.3549999995,2497.86142,104.52388,2937.3752099999997,2020-03-20 16:59:41.970,306545966.7235845,-226697555.61391583,-125692754.77119607,149008939917.2277,652175206.22823,281946806.02645886,58928.70812465277
46,2020,3,20,17,14,41.97,-4935482.643999999,-24393717.66,9593188.874,2613.0847799999997,569.15386,2780.13753,2020-03-20 17:14:41.970,307130901.82686603,-226072339.17647445,-125482028.52206813,149009253768.4991,676873276.9452089,292652649.4113928,58928.71854131943
46,2020,3,20,17,29,41.97,-2548436.177,-23675666.028,12006694.730999999,2683.9434899999997,1024.2900100000002,2575.58193,2020-03-20 17:29:41.970,307714305.58166087,-225445973.39408958,-125270664.34225203,149009562759.6385,701571339.5186131,303358490.97756433,58928.7289579861
46,2020,3,20,17,44,41.97,-118071.332,-22555142.812,14216050.798,2709.2038500000003,1462.27775,2327.09884,2020-03-20 17:44:41.970,308296175.4061308,-224818461.68806887,-125058663.43866222,149009866890.6475,726269393.1048298,314064330.36262345,58928.73937465277
46,2020,3,20,17,59,41.97,2314297.245,-21050931.613,16183523.532,2688.3778,1875.7264300000002,2038.8076800000001,2020-03-20 17:59:41.970,308876508.726291,-224189807.48340094,-124846027.0205538,149010166161.52762,750967436.8602154,324770167.20419955,58928.74979131943
46,2020,3,20,18,14,41.97,4707255.9350000005,-19188304.744000003,17875392.492,2621.7345100000002,2257.6265900000003,1715.49605,2020-03-20 18:14:41.970,309455302.9760131,-223560014.2087409,-124632756.2995169,149010460572.28104,775665469.9411048,335476001.1398997,58928.7602079861
46,2020,3,20,18,29,41.97,7019974.914000001,-16998628.821,19262520.557,2510.30138,2601.46327,1362.54882,2020-03-20 18:29:41.970,310032555.59702784,-222929085.29639706,-124418852.48947126,149010750122.91006,800363491.5037954,346181831.80730987,58928.77062465277
46,2020,3,20,18,44,41.97,9212886.867999999,-14518870.738,20320855.809,2355.85401,2901.32381,985.86734,2020-03-20 18:44:41.970,310608264.03892887,-222297024.1823177,-124204316.80666102,149011034813.41727,825061500.7045505,356887658.843991,58928.78104131943
46,2020,3,20,18,59,41.97,11248351.654,-11791009.582999999,21031856.585,2160.8949000000002,3151.99883,591.77957,2020-03-20 18:59:41.970,311182425.75917536,-221663834.30607727,-123989150.46964917,149011314643.8052,849759496.6996194,367593481.88748646,58928.7914579861
46,2020,3,20,19,14,41.97,13091296.661,-8861361.428,21382831.812,1928.62075,3349.07456,186.94183999999998,2020-03-20 19:14:41.970,311755038.2230958,-221029519.1108629,-123773354.69931178,149011589614.07724,874457478.6452063,378299300.575315,58928.80187465277
46,2020,3,20,19,29,41.97,14709822.509,-5779825.439,21367189.503000002,1662.8781399999998,3489.01508,-221.76682,2020-03-20 19:29:41.970,312326098.90389085,-220394082.04346076,-123556930.71883318,149011859724.23636,899155445.697502,389005114.5449775,58928.81229131943
46,2020,3,20,19,44,41.97,16075763.687,-2599061.2630000003,20984587.264000002,1368.10772,3569.23254,-627.35657,2020-03-20 19:44:41.970,312895605.2826363,-219757526.55424303,-123339879.75370024,149012124974.28616,923853397.0126601,399710923.43394965,58928.8227079861
46,2020,3,20,19,59,41.97,17165193.841000002,626390.763,20240979.790000003,1049.2771,3588.14367,-1022.8434799999999,2020-03-20 19:59:41.970,313463554.8482868,-219119856.09715357,-123122203.03169692,149012385364.2306,948551331.746803,410416726.87968755,58928.83312465277
46,2020,3,20,20,14,41.97,17958865.778,3841033.438,19148559.754,711.80294,3545.21084,-1401.36945,2020-03-20 20:14:41.970,314029945.097678,-218481074.12969565,-122903901.78289892,149012640894.07355,973249249.056029,421122524.5196234,58928.84354131943
46,2020,3,20,20,29,41.97,18442576.751000002,6989365.915,17725590.087,361.46302000000003,3440.96606,-1756.3233,2020-03-20 20:29:41.970,314594773.5355312,-217841184.11291724,-122684977.23966831,149012891563.8194,997947148.0964168,431828315.99117494,58928.8539579861
46,2020,3,20,20,44,41.97,18607450.465000004,10016850.254999999,15996127.560999999,4.29929,3277.01642,-2081.46081,2020-03-20 20:44:41.970,315158037.67445457,-217200189.51139823,-122465430.63664806,149013137373.47272,1022645028.0240004,442534100.93173045,58928.86437465277
46,2020,3,20,20,59,41.97,18450128.325000003,12870874.106999999,13989639.650999999,-353.4866,3056.02985,-2371.02142,2020-03-20 20:59:41.970,315719735.03494835,-216558093.79323685,-122245263.21075672,149013378323.03833,1047342887.994801,453239878.97866344,58928.87479131943
46,2020,3,20,21,14,41.97,17972863.895,15501691.404,11740518.954,-705.64359,2781.7004399999996,-2619.83877,2020-03-20 21:14:41.970,316279863.1454058,-215914900.43003634,-122024476.20118293,149013614412.52118,1072040727.1648052,463945649.7693228,58928.8852079861
46,2020,3,20,21,29,41.97,17183516.275999997,17863322.517,9287501.822,-1045.9851899999999,2458.6929999999998,-2823.44253,2020-03-20 21:29:41.970,316838419.5421185,-215270612.89689103,-121803070.84937999,149013845641.92676,1096738544.689972,474651412.9410386,58928.89562465277
46,2020,3,20,21,44,41.97,16095440.115,19914395.27,6673000.312999999,-1368.50474,2092.56718,-2978.14875,2020-03-20 21:44:41.970,317395401.7692776,-214625234.6723735,-121581048.39906064,149014072011.26056,1121436339.7262363,485357168.1311171,58928.90604131943
46,2020,3,20,21,59,41.97,14727272.235000001,21618908.791,3942358.926,-1667.48948,1689.68211,-3081.13629,2020-03-20 21:59:41.970,317950807.3789778,-213978769.2385208,-121358410.09619148,149014293520.5284,1146134111.4295058,496062914.97684956,58928.9164579861
46,2020,3,20,22,14,41.97,13102617.259000001,22946903.246999998,1143049.77,-1937.63047,1257.08292,-3130.50681,2020-03-20 22:14:41.970,318504633.9312201,-213331220.08082095,-121135157.18898776,149014510169.73654,1170831858.9556608,506768653.1155008,58928.92687465277
46,2020,3,20,22,29,41.97,11249637.123,23875020.258,-1676178.243,-2174.1257699999996,802.37165,-3125.32668,2020-03-20 22:29:41.970,319056878.99391544,-212682590.6882,-120911290.92790769,149014721958.89105,1195529581.4605527,517474382.1843155,58928.93729131943
46,2020,3,20,22,44,41.97,9200551.791,24386940.987999998,-4466179.108999999,-2372.77416,333.56509,-3065.64911,2020-03-20 22:44:41.970,319607540.1428868,-212032884.55300802,-120686812.5656475,149014928887.99872,1220227278.1000178,528180101.82052374,58928.9477079861
46,2020,3,20,22,59,41.97,6991060.846,24473691.716000002,-7178300.2020000005,-2530.0569,-141.05698,-2952.51582,2020-03-20 22:59:41.970,320156614.9618732,-211382105.1710062,-120461723.35713556,149015130957.06625,1244924948.0298505,538885811.6613288,58928.95812465277
46,2020,3,20,23,14,41.97,4659697.671,24133809.788,-9765264.893,-2643.2054200000002,-613.10967,-2787.9379700000004,2020-03-20 23:14:41.970,320704101.04253197,-210730256.0413532,-120236024.55952753,149015328166.10098,1269622590.4058313,549591511.3439147,58928.96854131943
46,2020,3,20,23,29,41.97,2247129.6739999996,23373366.298,-12182028.803,-2710.25328,-1074.26285,-2574.85674,2020-03-20 23:29:41.970,321249995.9844425,-210077340.66659173,-120009717.4322003,149015520515.11002,1294320204.3837082,560297200.5054493,58928.9789579861
46,2020,3,20,23,44,41.97,-204580.677,22205845.351,-14386591.818,-2730.07116,-1516.3992799999999,-2317.0847,2020-03-20 23:44:41.970,321794297.39510846,-209423362.55263516,-119782803.23674746,149015708004.10104,1319017789.119204,571002878.783074,58928.98937465277
46,2020,3,20,23,59,41.97,-2652738.425,20651883.285,-16340749.285,-2702.3842600000003,-1931.7670899999998,-2019.2295599999998,2020-03-20 23:59:41.970,322337002.88996154,-208768325.2087546,-119555283.23697303,149015890633.08215,1343715343.7680264,581708545.8139153,58928.99979131943
46,2020,3,21,0,14,41.97,-5054786.092999999,18738875.042,-18010767.747,-2627.7718999999997,-2313.12305,-1686.60247,2020-03-21 00:14:41.970,322878110.09236383,-208112232.1475648,-119327158.69888684,149016068402.06122,1368412867.4858458,592414201.2350781,58929.0102079861
46,2020,3,21,0,29,41.97,-7369066.766,16500454.446,-19367970.636,-2507.65015,-2653.86366,-1325.1135199999999,2020-03-21 00:29:41.970,323417616.63361144,-207455086.88501173,-119098430.89069864,149016241311.04672,1393110359.4283113,603119844.6836461,58929.02062465277
46,2020,3,21,0,44,41.97,-9555561.554,13975868.018,-20389228.113,-2344.23755,-2948.14093,-941.15678,2020-03-21 00:44:41.970,323955520.15293676,-206796892.94035783,-118869101.082813,149016409360.04727,1417807818.7510471,613825475.7966824,58929.03104131943
46,2020,3,21,0,59,41.97,-11576591.83,11209247.171,-21057337.003000002,-2140.5063,-3190.96144,-541.4884599999999,2020-03-21 00:59:41.970,324491818.29751235,-206137653.83617032,-118639170.54782394,149016572549.0717,1442505244.6096592,624531094.211235,58929.0414579861
46,2020,3,21,1,14,41.97,-13397470.16,8248801.960999999,-21361290.395,-1900.1198800000002,-3378.26676,-133.10058,2020-03-21 01:14:41.970,325026508.7224528,-205477373.09830657,-118408640.56050938,149016730878.1293,1467202636.1597207,635236699.5643272,58929.05187465277
46,2020,3,21,1,29,41.97,-14987089.959999999,5145950.697000001,-21296432.387000002,-1627.35909,-3506.9944,276.90681,2020-03-21 01:29:41.970,325559589.090819,-204816054.2559014,-118177512.39782594,149016884347.22928,1491899992.556784,645942291.492964,58929.06229131943
46,2020,3,21,1,44,41.97,-16318444.204,1954403.549,-20864498.162,-1327.03868,-3575.11904,681.45221,2020-03-21 01:44:41.970,326091057.07361937,-204153700.84135363,-117945787.33890343,149017032956.38153,1516597312.956376,656647869.6341312,58929.0727079861
46,2020,3,21,1,59,41.97,-17369065.581,-1270782.081,-20073541.562999997,-1004.4165,-3581.67415,1073.59575,2020-03-21 01:59:41.970,326620910.34981483,-203490316.39031285,-117713466.6650397,149017176705.59573,1541294596.5140047,667353433.6247957,58929.08312465277
46,2020,3,21,2,14,41.97,-18121382.323000003,-4474157.018,-18937754.333,-665.0973,-3526.75452,1446.65653,2020-03-21 02:14:41.970,327149146.60632014,-202825904.4416658,-117480551.65969513,149017315594.88223,1565991842.3851542,678058983.1019063,58929.09354131943
46,2020,3,21,2,29,41.97,-18562985.772,-7600829.821,-17477182.952999998,-314.93313,-3411.50073,1794.3225300000001,2020-03-21 02:29:41.970,327675763.53800714,-202160468.53752318,-117247043.60848719,149017449624.25134,1590689049.7252753,688764517.7023876,58929.1039579861
46,2020,3,21,2,44,41.97,-18686807.461,-10597394.55,-15717350.487,40.07786,-3238.06656,2110.75159,2020-03-21 02:44:41.970,328200758.8477088,-201494012.22320673,-117012943.79918535,149017578793.7138,1615386217.6898067,699470037.0631487,58929.11437465277
46,2020,3,21,2,59,41.97,-18491205.103,-13412822.141,-13688792.024,393.89239999999995,-3009.5709199999997,2390.66228,2020-03-21 02:59:41.970,328724130.24622,-200826539.04723573,-116778253.5217054,149017703103.28043,1640083345.434155,710175540.8210789,58929.12479131943
46,2020,3,21,3,14,41.97,-17979958.310999997,-15999302.003999999,-11426513.257000001,740.52142,-2730.0355999999997,2629.41372,2020-03-21 03:14:41.970,329245875.4523025,-200158052.5613129,-116542974.06810434,149017822552.96262,1664780432.113718,720881028.6130472,58929.1352079861
46,2020,3,21,3,29,41.97,-17162176.208,-18313021.876,-8969382.412,1074.12635,-2404.3105699999996,2823.07375,2020-03-21 03:29:41.970,329765992.19268674,-199488556.3203127,-116307106.73257498,149017937142.7717,1689477476.883856,731586500.075906,58929.14562465277
46,2020,3,21,3,44,41.97,-16052120.222,-20314875.336,-6359466.231000001,1389.11114,-2037.98818,2968.47503,2020-03-21 03:44:41.970,330284478.20207506,-198818053.88226667,-116070652.81144053,149018046872.71936,1714174478.8999133,742291954.8464873,58929.15604131943
46,2020,3,21,3,59,41.97,-14668946.349,-21971087.84,-3641321.021,1680.2089899999999,-1637.30811,3063.2587999999996,2020-03-21 03:59:41.970,330801331.22314423,-198146548.80835092,-115833613.60314915,149018151742.81744,1738871437.3172126,752997392.5616016,58929.1664579861
46,2020,3,21,4,14,41.97,-13036372.051,-23253753.484,-861249.9199999999,1942.56297,-1209.05438,3105.9061500000003,2020-03-21 04:14:41.970,331316549.00654876,-197474044.6628723,-115595990.4082689,149018251753.07834,1763568351.2910545,763702812.858046,58929.17687465277
46,2020,3,21,4,29,41.97,-11182273.692,-24141276.096,1933462.416,2171.79967,-760.4459099999999,3095.75696,2020-03-21 04:29:41.970,331830129.31092316,-196800545.01325586,-115357784.52948205,149018346903.51453,1788265219.9767165,774408215.3725948,58929.18729131943
46,2020,3,21,4,44,41.97,-9138221.055,-24618709.527,4695326.592999999,2364.09527,-299.0222,3033.01644,2020-03-21 04:44:41.970,332342069.90288585,-196126053.43003106,-115118997.27158011,149018437194.1385,1812962042.5294497,785113599.742004,58929.1977079861
46,2020,3,21,4,59,41.97,-6938956.029,-24677993.265,7377425.688,2516.23339,167.47473,2918.7496300000003,2020-03-21 04:59:41.970,332852368.5570404,-195450573.48681858,-114879629.94145805,149018522624.96347,1837658818.104496,795818965.6030123,58929.20812465277
46,2020,3,21,5,14,41.97,-4621823.057,-24318080.716000002,9934182.089,2625.65441,631.22061,2754.86385,2020-03-21 05:14:41.970,333361023.05598,-194774108.7603171,-114639683.84810929,149018603196.00256,1862355545.8570614,806524312.592339,58929.21854131943
46,2020,3,21,5,29,41.97,-2226159.354,-23544958.629,12322103.352,2690.49548,1084.4303,2544.07966,2020-03-21 05:29:41.970,333868031.190289,-194096662.8302903,-114399160.30262026,149018678907.2693,1887052224.942346,817229640.3466868,58929.2289579861
46,2020,3,21,5,44,41.97,207346.673,-22371557.309,14500496.708,2709.6210699999997,1519.4789,2289.89033,2020-03-21 05:44:41.970,334373390.75854677,-193418239.27955335,-114158060.61816502,149018749758.7773,1911748854.515518,827934948.5027374,58929.23937465277
46,2020,3,21,5,59,41.97,2637320.042,-20817552.413000003,16432142.169,2682.64355,1929.0213899999999,1996.5104000000001,2020-03-21 05:59:41.970,334877099.5673293,-192738841.69395965,-113916386.10999982,149018815750.54077,1936445433.7317257,838640236.6971561,58929.24979131943
46,2020,3,21,6,14,41.97,5022377.692,-18909060.259999998,18083914.458,2609.93343,2306.10937,1668.81348,2020-03-21 06:14:41.970,335379155.4312134,-192058473.6623879,-113674138.09545815,149018876882.5739,1961141961.746099,849345504.566588,58929.2602079861
46,2020,3,21,6,29,41.97,7321811.393,-16678229.8,19427344.395,2492.61883,2644.30374,1312.2599500000001,2020-03-21 06:29:41.970,335879556.172778,-191377138.77672866,-113431317.89394489,149018933154.891,1985838437.7137504,860050751.7476618,58929.27062465277
46,2020,3,21,6,44,41.97,9496265.296,-14162735.649,20439110.757999998,2332.5740800000003,2937.78162,932.81489,2020-03-21 06:44:41.970,336378299.622608,-190694840.63187107,-113187926.8269313,149018984567.50708,2010534860.7897677,870755977.8769879,58929.28104131943
46,2020,3,21,6,59,41.97,11508398.083,-11405177.926,21101454.208,2132.3968400000003,3181.4363000000003,536.85706,2020-03-21 06:59:41.970,336875383.6192969,-190011582.82568997,-112943966.21794963,149019031120.43707,2035231230.1292224,881461182.5911589,58929.2914579861
46,2020,3,21,7,14,41.97,13323519.439,-8452396.022,21402505.482,1895.3738799999999,3370.96826,131.07957000000002,2020-03-21 07:14:41.970,337370806.00944906,-189327368.959032,-112699437.3925877,149019072813.69617,2059927544.8871613,892166365.5267487,58929.30187465277
46,2020,3,21,7,29,41.97,14910190.483000001,-5354704.927,21336520.845,1625.4352299999998,3502.96593,-277.6167,2020-03-21 07:29:41.970,337864564.6476826,-188642202.63570336,-112454341.6784837,149019109647.30005,2084623804.2186146,902871526.3203127,58929.31229131943
46,2020,3,21,7,44,41.97,16240777.738,-2165064.313,20904018.803,1327.09682,3574.9741400000003,-682.2357599999999,2020-03-21 07:44:41.970,338356657.3966327,-187956087.46245608,-112208680.40532069,149019141621.2643,2109320007.2785947,913576664.6083915,58929.3227079861
46,2020,3,21,7,59,41.97,17291950.413,1061807.896,20111813.226,1005.3919,3585.5486499999997,-1075.80374,2020-03-21 07:59:41.970,338847082.1269533,-187269027.0489746,-111962454.90482138,149019168735.6053,2134016153.2220895,924281780.027504,58929.33312465277
46,2020,3,21,8,14,41.97,18045111.081,4270364.098,18972939.488,665.7917199999999,3534.29507,-1451.48912,2020-03-21 08:14:41.970,339335836.7173211,-186581025.0078629,-111715666.51074278,149019190990.33905,2158712241.2040772,934986872.2141562,58929.34354131943
46,2020,3,21,8,29,41.97,18486750.428,7405182.906,17506471.867,314.11632000000003,3421.89033,-1802.72377,2020-03-21 08:29:41.970,339822919.05443686,-185892084.9546315,-111468316.55887078,149019208385.48218,2183408270.379508,945691940.8048323,58929.3539579861
46,2020,3,21,8,44,41.97,18608717.648000002,10411936.121000001,15737232.390999999,-43.56356,3250.0856599999997,-2123.32278,2020-03-21 08:44:41.970,340308327.0330289,-185202210.50768375,-111220406.38701506,149019220921.0515,2208104239.9033165,956396985.4360011,58929.36437465277
46,2020,3,21,8,59,41.97,18408399.145,13238349.444,13695393.390999999,-401.03184,3021.68955,-2407.60036,2020-03-21 08:59:41.970,340792058.55585635,-184511405.28830314,-110971937.33500355,149019228597.06415,2232800148.9304204,967102005.7441139,58929.37479131943
46,2020,3,21,9,14,41.97,17888799.749,15835138.726,11415978.383,-752.03805,2740.5303,-2650.47948,2020-03-21 09:14:41.970,341274111.53371036,-183819672.9206399,-110722910.74467692,149019231413.53726,2257495996.615718,977807001.3656051,58929.3852079861
46,2020,3,21,9,29,41.97,17058522.394,18156903.165,8938268.245,-1090.4116399999998,2411.3978399999996,-2847.5921999999996,2020-03-21 09:29:41.970,341754483.8854182,-183127017.03169772,-110473327.95988385,149019229370.48865,2282191782.1140857,988511971.9368899,58929.39562465277
46,2020,3,21,9,44,41.97,15931644.253,20162956.889000002,6305122.141,-1410.1773500000002,2039.96513,-2995.36835,2020-03-21 09:44:41.970,342233173.53784466,-182433441.25132105,-110223190.32647505,149019222467.93604,2306887504.580385,999216917.0943675,58929.40604131943
46,2020,3,21,9,59,41.97,14527489.638999999,21818081.022,3562224.954,-1705.66879,1632.69021,-3091.10979,2020-03-21 09:59:41.970,342710178.4258958,-181738949.21218145,-109972499.19229834,149019210705.8975,2331583163.169466,1009921836.4744219,58929.4164579861
46,2020,3,21,10,14,41.97,12870302.382,23093179.462,757275.182,-1971.63778,1196.70058,-3133.04808,2020-03-21 10:14:41.970,343185496.49252117,-181043544.54976425,-109721255.907193,149019194084.39142,2356278757.0361505,1020626729.7134173,58929.42687465277
46,2020,3,21,10,29,41.97,10988822.896,23965823.449,-2060870.898,-2203.3563799999997,739.66207,-3120.38375,2020-03-21 10:29:41.970,343659125.688716,-180347230.9023563,-109469461.82298496,149019172603.4363,2380974285.3352513,1031331596.4477035,58929.43729131943
46,2020,3,21,10,44,41.97,8915777.592,24420672.266000003,-4843081.527000001,-2396.70916,269.63524,-3053.30562,2020-03-21 10:44:41.970,344131063.97352463,-179650011.91103205,-109217118.2934809,149019146263.05118,2405669747.2215595,1042036436.313611,58929.4477079861
46,2020,3,21,10,59,41.97,6687290.605,24449760.276,-7540840.0030000005,-2548.27327,-205.07746,-2932.98972,2020-03-21 10:59:41.970,344601309.3140423,-178951891.21964058,-108964226.67446336,149019115063.25507,2430365141.849847,1052741248.9474543,58929.45812465277
46,2020,3,21,11,14,41.97,4342229.7930000005,24052643.652,-10107124.807,-2655.38407,-676.0899900000001,-2761.5773,2020-03-21 11:14:41.970,345069859.68541867,-178252872.4747926,-108710788.32368504,149019079004.0673,2455060468.374879,1063446033.9855336,58929.46854131943
46,2020,3,21,11,29,41.97,1921500.683,23236403.618,-12497260.862,-2716.18493,-1135.0926100000001,-2542.13276,2020-03-21 11:29:41.970,345536713.07085943,-177552959.3258472,-108456804.60086381,149019038085.50754,2479755725.9513907,1074150791.0641282,58929.4789579861
46,2020,3,21,11,44,41.97,-532696.7339999999,22015506.536000002,-14669724.211000001,-2729.6598799999997,-1574.0095000000001,-2278.5825,2020-03-21 11:44:41.970,346001867.4616298,-176852155.42489856,-108202276.86767723,149018992307.59558,2504450913.734108,1084855519.8195043,58929.48937465277
46,2020,3,21,11,59,41.97,-2977632.69,20411524.677,-16586883.698,-2695.64863,-1985.15013,-1975.6363900000001,2020-03-21 11:59:41.970,346465320.85705644,-176150464.42676315,-107947206.48775712,149018941670.3518,2529146030.877743,1095560219.8879092,58929.49979131943
46,2020,3,21,12,14,41.97,-5370817.8610000005,18452724.793,-18215665.029,-2614.84388,-2361.35106,-1638.69416,2020-03-21 12:14:41.970,346927071.26453024,-175447889.98896646,-107691594.82668445,149018886173.79636,2553841076.536985,1106264890.9055777,58929.5102079861
46,2020,3,21,12,29,41.97,-7670763.395,16173534.582,-19528124.703,-2488.7715,-2696.10503,-1273.7392599999998,2020-03-21 12:29:41.970,347387116.6995087,-174744435.77172977,-107435443.25198396,149018825817.95004,2578536049.866511,1116969532.508723,58929.52062465277
46,2020,3,21,12,44,41.97,-9837715.682,13613899.703,-20501923.789,-2319.75444,-2983.67475,-887.22286,2020-03-21 12:44:41.970,347845455.1855191,-174040105.4379573,-107178753.1331188,149018760602.83368,2603230950.020988,1127674144.3335466,58929.53104131943
46,2020,3,21,12,59,41.97,-11834351.874,10818546.029,-21120694.066,-2110.8617999999997,-3219.18937,-485.94114,2020-03-21 12:59:41.970,348302084.7541605,-173334902.6532224,-106921525.84148507,149018690528.4685,2627925776.1550517,1138378726.0162299,58929.5414579861
46,2020,3,21,13,14,41.97,-13626423.533,7836163.374,-21374291.691999998,-1865.84481,-3398.72235,-76.90859999999999,2020-03-21 13:14:41.970,348757003.44510627,-172628831.0857554,-106663762.75040668,149018615594.87573,2652620527.4233418,1149083277.1929436,58929.55187465277
46,2020,3,21,13,29,41.97,-15183337.416000001,4718527.924,-21258936.183999997,-1589.06152,-3519.3496999999998,332.7697,2020-03-21 13:29:41.970,349210209.30610645,-171921894.40643,-106405465.23513013,149018535802.07733,2677315202.980473,1159787797.499837,58929.56229131943
46,2020,3,21,13,44,41.97,-16478664.161,1519581.087,-20777234.886,-1285.3922200000002,-3579.18857,736.02444,2020-03-21 13:44:41.970,349661700.39299095,-171214096.2887499,-106146634.67281884,149018451150.09515,2702009801.981044,1170492286.573045,58929.5727079861
46,2020,3,21,13,59,41.97,-17490567.525,-1705517.511,-19938095.387000002,-960.1477699999999,-3577.41622,1125.94437,2020-03-21 13:59:41.970,350111474.7696715,-170505440.40883616,-105887272.44254819,149018361638.9512,2726704323.5796375,1181196744.048689,58929.58312465277
46,2020,3,21,14,14,41.97,-18202148.652,-4901345.519,-18756530.318,-618.9728100000001,-3514.27004,1495.89279,2020-03-21 14:14:41.970,350559530.5081442,-169795930.44541407,-105627379.92529985,149018267268.66812,2751398766.930829,1191901169.5628743,58929.59354131943
46,2020,3,21,14,29,41.97,-18601701.66,-8013165.214,-17253360.684,-267.74584,-3391.0296,1839.6163000000001,2020-03-21 14:29:41.970,351005865.68849194,-169085570.07979953,-105366958.50395685,149018168039.26852,2776093131.189171,1202605562.7516844,58929.6039579861
46,2020,3,21,14,44,41.97,-18682878.562999997,-10987847.049,-15454825.319,87.52208999999999,-3209.98195,2151.34447,2020-03-21 14:44:41.970,351450478.3988871,-168374362.99588653,-105106009.56329785,149018063950.7755,2800787415.5092096,1213309923.251197,58929.61437465277
46,2020,3,21,14,59,41.97,-18444763.121,-13774754.925999999,-13392105.2,440.7882,-2974.37147,2425.87918,2020-03-21 14:59:41.970,351893366.7355942,-167662312.88013372,-104844534.48999223,149017955003.21204,2825481619.045471,1224014250.6974664,58929.62479131943
46,2020,3,21,15,14,41.97,-17891854.619999997,-16326579.993999999,-11100772.266,786.0770299999999,-2688.33593,2658.6729400000004,2020-03-21 15:14:41.970,352334528.80297136,-166949423.42155161,-104582534.6725943,149017841196.6017,2850175740.952469,1234718544.7265334,58929.6352079861
46,2020,3,21,15,29,41.97,-17033963.921,-18600111.198999997,-8620173.037,1117.57618,-2356.8300999999997,2845.89537,2020-03-21 15:29:41.970,352773962.7134739,-166235698.31168905,-104320011.50153847,149017722530.9683,2874869780.384709,1245422804.9744258,58929.64562465277
46,2020,3,21,15,44,41.97,-15886025.193,-20556932.183000002,-5992757.785,1429.72772,-1985.5387799999999,2984.48767,2020-03-21 15:44:41.970,353211666.5876567,-165521141.24462056,-104056966.36913352,149017599006.33575,2899563736.496673,1256127031.0771556,58929.65604131943
46,2020,3,21,15,59,41.97,-14467827.745000001,-22164035.586999997,-3263366.2989999996,1717.31421,-1580.7804299999998,3072.20457,2020-03-21 15:59:41.970,353647638.5541749,-164805755.91693312,-103793400.66955751,149017470622.7283,2924257608.442837,1266831222.6707158,58929.6664579861
46,2020,3,21,16,14,41.97,-12803673.246000001,-23394347.144,-478481.40499999997,1975.53837,-1149.40336,3107.6440399999997,2020-03-21 16:14:41.970,354081876.7497892,-164089546.02771264,-103529315.7988525,149017337380.1705,2948951395.37766,1277535379.3910875,58929.67687465277
46,2020,3,21,16,29,41.97,-10921964.302000001,-24227153.356,2314538.559,2200.09576,-698.67552,3090.26437,2020-03-21 16:29:41.970,354514379.31936556,-163372515.2785317,-103264713.15491897,149017199278.687,2973645096.4555936,1288239500.874236,58929.68729131943
46,2020,3,21,16,44,41.97,-8854731.022,-24648427.783999998,5068237.193,2387.23986,-236.16959,3020.3891399999998,2020-03-21 16:44:41.970,354945144.4158792,-162654667.373436,-102999594.13751066,149017056318.30283,2998338710.8310747,1298943586.756114,58929.6977079861
46,2020,3,21,16,59,41.97,-6637102.751999999,-24651052.253999997,7735836.441000001,2533.83876,230.35535,2899.20001,2020-03-21 16:59:41.970,355374170.20041656,-161936006.0189309,-102733960.14822933,149016908499.04343,3023032237.6585226,1309647636.6726544,58929.70812465277
46,2020,3,21,17,14,41.97,-4306732.597,-24234930.477,10272001.125999998,2637.42326,693.07439,2728.71758,2020-03-21 17:14:41.970,355801454.84217703,-161216534.92396918,-102467812.59051928,149016755820.93402,3047725676.0923514,1320351650.2597804,58929.71854131943
46,2020,3,21,17,29,41.97,-1903182.824,-23406992.726,12633581.077000001,2696.22567,1144.2180799999999,2511.7707299999997,2020-03-21 17:29:41.970,356226996.5184768,-160496257.79993728,-102201152.86966209,149016598284.00067,3072419025.286952,1331055627.1533947,58929.7289579861
46,2020,3,21,17,44,41.97,532720.391,-22181091.371999998,14780320.514999999,2709.20905,1576.19349,2251.95463,2020-03-21 17:44:41.970,356650793.4147493,-159775178.36064273,-101933982.39277138,149016435888.2692,3097112284.3967185,1341759566.989391,58929.73937465277
46,2020,3,21,17,59,41.97,2959554.051,-20577788.217,16675524.667000001,2676.0864,1981.7033900000001,1953.57775,2020-03-21 17:59:41.970,357072843.7245494,-159053300.32230064,-101666302.56878725,149016268633.766,3121805452.5760255,1352463469.403645,58929.74979131943
46,2020,3,21,18,14,41.97,5335978.061,-18624035.728,18286673.926,2597.32953,2353.86258,1621.59831,2020-03-21 18:14:41.970,357493145.64955443,-158330627.4035209,-101398114.80847123,149016096520.51758,3146498528.979232,1363167334.0320182,58929.7602079861
46,2020,3,21,18,29,41.97,7621418.093,-16352755.479,19585976.206,2474.16712,2686.30978,1261.5506,2020-03-21 18:29:41.970,357911697.3995668,-157607163.325295,-101129420.52440079,149015919548.55084,3171191512.760687,1373871160.5103574,58929.77062465277
46,2020,3,21,18,44,41.97,9776741.771000002,-13802318.379,20550848.623000003,2308.57173,2973.3137699999997,879.46167,2020-03-21 18:44:41.970,358328497.19251704,-156882911.81098324,-100860221.13096407,149015737717.8928,3195884403.0747347,1384574948.4744968,58929.78104131943
46,2020,3,21,18,59,41.97,11764918.105,-11015932.579,21164320.133,2103.23552,3209.8721100000002,481.75916,2020-03-21 18:59:41.970,358743543.2544649,-156157876.586301,-100590518.04435454,149015551028.5707,3220577199.0757065,1395278697.5602565,58929.7914579861
46,2020,3,21,19,14,41.97,13551649.884,-8040946.413,21415347.457,1861.53448,3391.80097,75.1709,2020-03-21 19:14:41.970,359156833.8196028,-155432061.37930644,-100320312.68256567,149015359480.6122,3245269899.9179134,1405982407.4034371,58929.80187465277
46,2020,3,21,19,29,41.97,15105968.643,-4928075.172,21299037.398000002,1587.48098,3515.81425,-333.38255,2020-03-21 19:29:41.970,359568367.1302567,-154705469.92038694,-100049606.46538568,149015163074.0452,3269962504.7556734,1416686077.6398335,58929.81229131943
46,2020,3,21,19,44,41.97,16400781.803999998,-1730562.111,20816769.684,1285.66496,3579.59034,-736.90122,2020-03-21 19:44:41.970,359978141.43689,-153978105.94224644,-99778400.81439193,149014961808.8976,3294655012.7432756,1427389707.9052198,58929.8227079861
46,2020,3,21,19,59,41.97,17413361.768999998,1496714.3499999999,19976215.685,961.18386,3581.82465,-1128.4235700000002,2020-03-21 19:59:41.970,360386154.998105,-153249973.1798918,-99506697.1529461,149014755685.1979,3319347423.035012,1438093297.8353577,58929.83312465277
46,2020,3,21,20,14,41.97,18125767.134000003,4698173.677,18791249.788000003,619.5619300000001,3522.2661999999996,-1501.14684,2020-03-21 20:14:41.970,360792406.08064485,-152521075.3706205,-99234496.90618837,149014544702.97455,3344039734.785153,1448796847.0659938,58929.84354131943
46,2020,3,21,20,29,41.97,18525186.772,7818491.492000001,17281751.950999998,266.65969,3401.73686,-1848.54819,2020-03-21 20:29:41.970,361196892.95939595,-151791416.2540067,-98961801.50103234,149014328862.25668,3368731947.1479692,1459500355.2328653,58929.8539579861
46,2020,3,21,20,44,41.97,18604198.484,10803566.669,15473301.854,-91.42516,3222.13152,-2164.5040400000003,2020-03-21 20:44:41.970,361599613.917391,-151060999.57188925,-98688612.36615972,149014108163.07315,3393424059.2777166,1470203821.9716928,58929.86437465277
46,2020,3,21,20,59,41.97,18360935.077999998,13601479.755,13396767.258,-448.46406,2986.3984600000003,-2443.40542,2020-03-21 20:59:41.970,362000567.24581,-150329829.06835765,-98414930.93201481,149013882605.45355,3418116070.328649,1480907246.9181845,58929.87479131943
46,2020,3,21,21,14,41.97,17799152.268999998,16163424.464,11087791.466999998,-798.20915,2698.4991,-2680.2663500000003,2020-03-21 21:14:41.970,362399751.24398255,-149597908.4897394,-98140758.63079935,149013652189.42734,3442807979.4549923,1491610629.7080293,58929.8852079861
46,2020,3,21,21,29,41.97,16928194.617000002,18444593.588,8586187.242,-1134.50789,2363.347,-2870.82291,2020-03-21 21:29:41.970,362797164.2193916,-148865241.58458722,-97866096.89646727,149013416915.0245,3467499785.8109837,1502313969.9769096,58929.89562465277
46,2020,3,21,21,44,41.97,15762857.802000001,20405000.856,5935246.898,-1451.41834,1986.7266100000002,-3011.6200000000003,2020-03-21 21:44:41.970,363192804.4876737,-148131832.1036655,-97590947.16471893,149013176782.27505,3492191488.5508423,1513017267.360492,58929.90604131943
46,2020,3,21,21,59,41.97,14323147.836,22010220.917,3180980.707,-1743.32248,1575.19281,-3100.08349,2020-03-21 21:59:41.970,363586670.37262243,-147397683.79993773,-97315310.87299633,149012931791.2096,3516883086.8287754,1523720521.4944286,58929.9164579861
46,2020,3,21,22,14,41.97,12633940.282,23232030.918,371297.795,-2005.0346499999998,1135.95306,-3134.5755400000003,2020-03-21 22:14:41.970,363978760.20618993,-146662800.42855304,-97039189.46047741,149012681941.85864,3541574579.7989855,1534423732.014359,58929.92687465277
46,2020,3,21,22,29,41.97,10724545.009,24048939.009000003,-2444854.4069999997,-2231.9025500000002,676.73443,-3114.4311199999997,2020-03-21 22:29:41.970,364369072.3284885,-145927185.74683326,-96762584.36807087,149012427234.25314,3566265966.6156697,1545126898.555908,58929.93729131943
46,2020,3,21,22,44,41.97,8628184.477,24446587.492,-5218374.736,-2419.89799,205.6385,-3039.97468,2020-03-21 22:44:41.970,364757605.0877951,-145190843.51426038,-96485497.03841077,149012167668.42435,3590957246.433014,1555830020.7546914,58929.9477079861
46,2020,3,21,22,59,41.97,6381395.793,24418021.205000002,-7900898.565,-2565.69516,-269.01239,-2912.51612,2020-03-21 22:59:41.970,365144356.84055066,-144453777.49246264,-96207928.91585134,149011903244.40353,3615648418.4051933,1566533098.2463093,58929.95812465277
46,2020,3,21,23,14,41.97,4023368.7679999997,23963814.971,-10445675.12,-2666.73427,-738.83395,-2734.32605,2020-03-21 23:14:41.970,365529325.95136356,-143715991.44520214,-95929881.44646136,149011633962.22256,3640339481.6863747,1577236130.6663435,58929.96854131943
46,2020,3,21,23,29,41.97,1595233.8420000002,23092057.400000002,-12808413.429,-2721.26912,-1195.5396899999998,-2508.59101,2020-03-21 23:29:41.970,365912510.7930115,-142977489.13836145,-95651356.07801905,149011359821.91327,3665030435.430727,1587939117.650374,58929.9789579861
46,2020,3,21,23,44,41.97,-860685.086,21818191.853,-14948079.355,-2728.39738,-1631.09791,-2239.34978,2020-03-21 23:44:41.970,366293909.7464439,-142238274.33993077,-95372354.26000677,149011080823.50784,3689721278.7923975,1598642058.8339581,58929.98937465277
46,2020,3,21,23,59,41.97,-3301637.1859999998,20164718.877,-16827627.506,-2688.07325,-2037.8819899999999,-1931.4126899999999,2020-03-21 23:59:41.970,366673521.2007841,-141498350.81999514,-95092877.44360542,149010796967.03894,3714412010.925536,1609344953.8526454,58929.99979131943
46,2020,3,22,0,14,41.97,-5685214.399999999,18160768.121,-18414653.998999998,-2601.10238,-2408.81057,-1590.26606,2020-03-22 00:14:41.970,367051343.5533298,-140757722.35072085,-94812927.08168948,149010508252.539,3739102630.9842815,1620047802.3419712,58930.0102079861
46,2020,3,22,0,29,41.97,-7970109.921999999,15841547.433,-19681955.836,-2469.12003,-2737.47488,-1221.96467,2020-03-22 00:29:41.970,367427375.2095579,-140016392.70634234,-94532504.62882125,149010214680.04114,3763793138.122769,1630750603.9374588,58930.02062465277
46,2020,3,22,0,44,41.97,-10116847.506000001,13247688.91,-20607992.482,-2294.55251,-3018.24997,-833.01446,2020-03-22 00:44:41.970,367801614.58312416,-139274365.66315016,-94251611.54124594,149009916249.5786,3788483531.4951186,1641453358.2746177,58930.03104131943
46,2020,3,22,0,59,41.97,-12088471.593,10424497.874,-21177235.354000002,-2080.56465,-3246.38897,-430.24922999999995,2020-03-22 00:59:41.970,368174060.0958659,-138531644.99947676,-93970249.27688588,149009612961.1849,3813173810.255458,1652156064.988948,58930.0414579861
46,2020,3,22,1,14,41.97,-13851183.109,7421127.813,-21380406.240000002,-1830.9941199999998,-3418.0982000000004,-20.70358,2020-03-22 01:14:41.970,368544710.17780507,-137788234.49568418,-93688419.2953355,149009304814.89368,3837863973.5578904,1662858723.715932,58930.05187465277
46,2020,3,22,1,29,41.97,-15374911.223,4289695.9690000005,-21214600.527,-1550.2746599999998,-3530.5928299999996,388.51475,2020-03-22 01:29:41.970,368913563.26714873,-137044137.93415064,-93406123.05785595,149008991810.73904,3862554020.55653,1673561334.0910454,58930.06229131943
46,2020,3,22,1,44,41.97,-16633811.896,1084357.756,-20683296.116,-1243.3504799999998,-3582.1327699999997,790.35082,2020-03-22 01:44:41.970,369280617.8102923,-136299359.09925786,-93123362.02736972,149008673948.75516,3887243950.4054747,1684263895.7497473,58930.0727079861
46,2020,3,22,1,59,41.97,-17606686.123,-2139642.295,-19796250.778,-915.5837799999999,-3572.03899,1177.92414,2020-03-22 01:59:41.970,369645872.2618206,-135553901.77737755,-92840137.66845517,149008351228.97665,3911933762.2588177,1694966408.3274872,58930.08312465277
46,2020,3,22,2,14,41.97,-18277312.580000002,-5326925.789,-18569292.63,-572.65736,-3500.6911,1544.64418,2020-03-22 02:14:41.970,370009325.08451045,-134807769.75685897,-92556451.44734128,149008023651.43814,3936623455.270649,1705668871.4597003,58930.09354131943
46,2020,3,22,2,29,41.97,-18634691.221,-8422925.39,-17024010.095000003,-220.47439999999997,-3369.50704,1884.31798,2020-03-22 02:29:41.970,370370974.74933237,-134060966.82801545,-92272304.83190249,149007691216.17502,3961313028.5950527,1716371284.7818122,58930.1039579861
46,2020,3,22,2,44,41.97,-18673196.036000002,-11374803.917,-15187349.112,134.94286,-3180.9062,2191.2484600000003,2020-03-22 02:44:41.970,370730819.73545235,-133313496.78311148,-91987699.29165295,149007353923.222,3986002481.3861055,1727073647.929235,58930.11437465277
46,2020,3,22,2,59,41.97,-18392636.766,-14132333.288,-13091126.488,487.55386,-2938.25732,2460.3222800000003,2020-03-22 02:59:41.970,371088858.53023475,-132565363.41634975,-91702636.29774144,149007011772.6151,4010691812.797879,1737775960.5373707,58930.12479131943
46,2020,3,22,3,14,41.97,-17798230.788000003,-16648720.324000001,-10771469.123000002,831.3984,-2645.8127600000003,2687.0866100000003,2020-03-22 03:14:41.970,371445089.6292425,-131816570.52385798,-91417117.32294622,149006664764.39,4035381021.9844475,1748478222.2416072,58930.1352079861
46,2020,3,22,3,29,41.97,-16900487.629,-18881367.801,-8268189.498,1160.69189,-2308.6306099999997,2867.8139100000003,2020-03-22 03:29:41.970,371799511.5362413,-131067121.90367617,-91131143.84166913,149006312898.58282,4060070108.099867,1759180432.6773207,58930.14562465277
46,2020,3,22,3,44,41.97,-15715009.695,-20792560.564,-5624108.223,1469.91609,-1932.4862899999998,2999.55474,2020-03-22 03:44:41.970,372152122.7631994,-130317021.3557432,-90844717.32993072,149005956175.22968,4084759070.2981987,1769882591.4798763,58930.15604131943
46,2020,3,22,3,59,41.97,-14262213.762,-22350067.944,-2884334.7229999998,1753.90434,-1523.77522,3080.1779800000004,2020-03-22 03:59:41.970,372502921.8302904,-129566272.6818841,-90557839.26536456,149005594594.36722,4109447907.7334967,1780584698.2846308,58930.1664579861
46,2020,3,22,4,14,41.97,-12566978.593,-23527655.051999997,-95517.227,2007.9203300000001,-1089.40794,3108.39878,2020-03-22 04:14:41.970,372851907.2658954,-128814879.68579699,-90270511.12721218,149005228156.03247,4134136619.5598106,1791286752.7269232,58930.17687465277
46,2020,3,22,4,29,41.97,-10658224.777999999,-24305496.936,2694926.7479999997,2227.7298499999997,-636.6993,3083.79402,2020-03-22 04:29:41.970,373199077.6066048,-128062846.17303981,-89982734.39631754,149004856860.26242,4158825204.931185,1801988754.442088,58930.18729131943
46,2020,3,22,4,44,41.97,-8568433.483000001,-24670490.798,5439588.3100000005,2409.66471,-173.25302000000002,3006.80551,2020-03-22 04:44:41.970,373544431.39721954,-127310175.95101753,-89694510.55512176,149004480707.09424,4183513663.0016646,1812690703.065441,58930.1977079861
46,2020,3,22,4,59,41.97,-6333111.355,-24616462.747,8091842.556,2550.67836,293.15702999999996,2878.73117,2020-03-22 04:59:41.970,373887967.1907531,-126556872.8289691,-89405841.0876577,149004099696.56577,4208201992.9252872,1823392598.232292,58930.20812465277
46,2020,3,22,5,14,41.97,-3990209.2849999997,-24144266.747,10606610.618,2648.39275,754.70748,2701.7043,2020-03-22 05:14:41.970,374229683.54843485,-125802940.6179544,-89116727.47954455,149003713828.71487,4232890193.8560867,1834094439.5779393,58930.21854131943
46,2020,3,22,5,29,41.97,-1579503.138,-23261774.549999997,12941097.857,2701.13589,1203.64682,2478.66133,2020-03-22 05:29:41.970,374569579.0397091,-125048383.13084108,-88827171.21798255,149003323103.57944,4257578264.9480963,1844796226.737669,58930.2289579861
46,2020,3,22,5,44,41.97,858055.0090000001,-21983756.589,15055497.933,2707.96979,1632.4161800000002,2213.29832,2020-03-22 05:44:41.970,374907652.2422396,-124293204.18229187,-88537173.79174763,149002927521.19815,4282266205.355343,1855497959.3467522,58930.23937465277
46,2020,3,22,5,59,41.97,3281006.267,-20331654.897,16913652.773999996,2668.7083199999997,2033.76824,1910.01651,2020-03-22 05:59:41.970,375243901.74190986,-123537407.58875114,-88246736.69118613,149002527081.60944,4306954014.23185,1866199637.0404572,58930.24979131943
46,2020,3,22,6,14,41.97,5648065.732,-18333250.333,18483658.789,2583.92459,2400.88301,1573.85738,2020-03-22 06:14:41.970,375578326.13282496,-122780997.16843224,-87955861.40820919,149002121784.85226,4331641690.731644,1876901259.4540346,58930.2602079861
46,2020,3,22,6,29,41.97,7918805.134000001,-16022227.574000001,19738410.044,2454.94764,2727.47896,1210.4276,2020-03-22 06:29:41.970,375910924.017314,-122023976.74130413,-87664549.43628764,149001711630.9658,4356329234.008745,1887602826.2227292,58930.27062465277
46,2020,3,22,6,44,41.97,10054327.483,-13437642.622,20656069.603,2283.84793,3007.9182800000003,825.81453,2020-03-22 06:44:41.970,376241694.0059312,-121266350.12907872,-87372802.27044651,149001296619.98938,4381016643.217168,1898304336.9817712,58930.28104131943
46,2020,3,22,6,59,41.97,12017923.618,-10623298.914,21220460.746,2073.41157,3237.30449,426.49282,2020-03-22 06:59:41.970,376570634.71745867,-120508121.15519767,-87080621.4072596,149000876751.96274,4405703917.510929,1909005791.3663797,58930.2914579861
46,2020,3,22,7,14,41.97,13775700.325,-7627039.566000001,21421370.479000002,1827.10294,3411.5709,19.22304,2020-03-22 07:14:41.970,376897744.77890635,-119749293.64481921,-86788008.34484425,149000452026.92587,4430391056.044048,1919707189.0117679,58930.30187465277
46,2020,3,22,7,29,41.97,15297169.65,-4499964.773,21254758.596,1549.01578,3527.55818,-389.05667,2020-03-22 07:29:41.970,377223022.82551616,-118989871.42480534,-86494964.58285595,149000022444.91882,4455078057.970528,1930408529.5531328,58930.31229131943
46,2020,3,22,7,44,41.97,16555789.002000002,-1295584.949,20722866.552,1243.81282,3583.0792699999997,-791.3445999999999,2020-03-22 07:44:41.970,377546467.5007611,-118229858.32370883,-86201491.62248287,148999588005.98203,4479764922.444382,1941109812.6256666,58930.3227079861
46,2020,3,22,7,59,41.97,17529441.875,1931078.1879999998,19834221.684,916.65425,3576.96991,-1180.6938,2020-03-22 07:59:41.970,377868077.4563494,-117469258.1717601,-85907590.96644069,148999148710.15634,4504451648.619621,1951811037.8645468,58930.33312465277
46,2020,3,22,8,14,41.97,18200849.4,5124428.866,18603533.799000002,573.11566,3509.12299,-1550.3326100000002,2020-03-22 08:14:41.970,378187851.352224,-116708074.800854,-85613264.11896685,148998704557.48267,4529138235.6502495,1962512204.9049425,58930.34354131943
46,2020,3,22,8,29,41.97,18557903.595,8229257.591,17051482.861,219.09629999999999,3380.50525,-1893.7857199999999,2020-03-22 08:29:41.970,378505787.85656637,-115946312.04453729,-85318512.58581556,148998255548.00208,4553824682.690276,1973213313.3820114,58930.3539579861
46,2020,3,22,8,44,41.97,18593914.137,11191708.015,15204398.514,-139.28117,3193.1549,-2204.99315,2020-03-22 08:44:41.970,378821885.64579594,-115183973.73799513,-85023337.87425226,148997801681.7562,4578510988.893703,1983914362.9309034,58930.36437465277
46,2020,3,22,8,59,41.97,18307761.698,13960232.732,13093834.324,-495.77777000000003,2950.15925,-2478.42474,2020-03-22 08:59:41.970,379136143.40457404,-114421063.7180383,-84727741.49304822,148997342958.78677,4603197153.414538,1994615353.1867561,58930.37479131943
46,2020,3,22,9,14,41.97,17703952.466,16486519.638000002,10756041.976,-844.1503299999999,2655.61166,-2709.18754,2020-03-22 09:14:41.970,379448559.8258037,-113657585.82309006,-84431724.95247528,148996879379.13565,4627883175.406787,2005316283.7846973,58930.3852079861
46,2020,3,22,9,29,41.97,16792570.314,18726370.224999998,8231353.101999999,-1178.26641,2314.5477699999997,-2893.12323,2020-03-22 09:29:41.970,379759133.6106324,-112893543.89317338,-84135289.76430035,148996410942.84515,4652569054.024452,2016017154.359848,58930.39562465277
46,2020,3,22,9,44,41.97,15589125.217,20640511.362,5563478.799000001,-1492.2195199999999,1932.8616000000002,-3026.89318,2020-03-22 09:44:41.970,380067863.468453,-112128941.76989757,-83838437.44177996,148995937649.95786,4677254788.421534,2026717964.5473137,58930.40604131943
46,2020,3,22,9,59,41.97,14114298.845999999,22195322.9,2798739.256,-1780.44197,1517.20266,-3108.0483499999996,2020-03-22 09:59:41.970,380374748.11690575,-111363783.29644543,-83541169.49965511,148995459500.51636,4701940377.752036,2037418713.9821942,58930.4164579861
46,2020,3,22,10,14,41.97,12393590.722000001,23363464.766000003,-14762.028,-2037.8124899999998,1074.8558500000001,-3135.08213,2020-03-22 10:14:41.970,380679786.2818796,-110598072.31756024,-83243487.45414574,148994976494.56393,4726625821.169971,2048119402.2995794,58930.42687465277
46,2020,3,22,10,29,41.97,10456870.81,24124389.188,-2828003.1709999996,-2259.75607,613.60673,-3107.46429,2020-03-22 10:29:41.970,380982976.6975146,-109831812.67953281,-82945392.82294525,148994488632.1436,4751311117.829332,2058820029.1345496,58930.43729131943
46,2020,3,22,10,44,41.97,8337846.863999999,24464726.11,-5591930.4,-2442.33319,141.59503,-3025.65479,2020-03-22 10:44:41.970,381284318.1062019,-109065008.23018812,-82646887.1252154,148993995913.29904,4775996266.884132,2069520594.1221738,58930.4477079861
46,2020,3,22,10,59,41.97,6073457.039,24378532.830000002,-8258347.694,-2582.31625,-332.84003,-2891.0969,2020-03-22 10:59:41.970,381583809.2585866,-108297662.81887281,-82347971.88158058,148993498338.07388,4800681267.488373,2080221096.8975132,58930.45812465277
46,2020,3,22,11,14,41.97,3703200.267,23867402.134,-10780790.922,-2677.25117,-801.31883,-2706.1897099999996,2020-03-22 11:14:41.970,381881448.91356903,-107529780.29644166,-82048648.61412272,148992995906.51248,4825366118.796058,2090921537.0956197,58930.46854131943
46,2020,3,22,11,29,41.97,1268418.432,22940426.686,-13115368.16,-2725.50271,-1255.5810199999999,-2474.2406300000002,2020-03-22 11:29:41.970,382177235.8383059,-106761364.51524498,-81748918.84637566,148992488618.65887,4850050819.961203,2101621914.3515346,58930.4789579861
46,2020,3,22,11,44,41.97,-1188454.4780000001,21614020.983,-15221548.769000001,-2726.28242,-1687.6417800000002,-2199.3992900000003,2020-03-22 11:44:41.970,382471168.8082127,-105992419.32911527,-81448784.10331996,148991976474.55765,4874735370.137814,2112322228.3002915,58930.48937465277
46,2020,3,22,11,59,41.97,-3624660.446,19911605.610999998,-17062885.267,-2679.65891,-2089.94093,-1886.57466,2020-03-22 11:59:41.970,382763246.6069633,-105222948.59335433,-81148245.91137724,148991459474.2538,4899419768.479895,2123022478.576914,58930.49979131943
46,2020,3,22,12,14,41.97,-5997886.782,17863161.778,-18607653.909,-2586.55051,-2455.48154,-1541.33766,2020-03-22 12:14:41.970,383053468.0264939,-104452956.16472036,-80847305.79840508,148990937617.7922,4924104014.141466,2133722664.8164175,58930.5102079861
46,2020,3,22,12,29,41.97,-8267021.154,15504666.942,-19829402.128999997,-2448.70095,-2777.95513,-1169.8120700000002,2020-03-22 12:29:41.970,383341831.8670026,-103682445.90141472,-80545965.29369149,148990410905.21835,4948788106.276538,2144422786.6538064,58930.52062465277
46,2020,3,22,12,44,41.97,-10392877.488,12877424.807,-20707393.494,-2268.63911,-3051.85088,-778.5563599999999,2020-03-22 12:44:41.970,383628336.9369521,-102911421.6630689,-80244225.92794947,148989879336.57782,4973472044.039127,2155122843.724079,58930.53104131943
46,2020,3,22,12,59,41.97,-12338879.067,10027304.823,-21226943.415999997,-2049.62446,-3272.5472,-374.43956000000003,2020-03-22 12:59:41.970,383912982.05306983,-102139887.31073172,-79942089.23331164,148989342911.9164,4998155826.583252,2165822835.662222,58930.5414579861
46,2020,3,22,13,14,41.97,-14071686.622,7003907.776,-21379641.525,-1795.5797,-3436.3843100000004,35.48598,2020-03-22 13:14:41.970,384195766.0403507,-101367846.70685619,-79639556.74332489,148988801631.28024,5022839453.062935,2176522762.103216,58930.55187465277
46,2020,3,22,13,29,41.97,-15561760.878999999,3859674.848,-21163459.135,-1511.01276,-3540.7171599999997,444.11224999999996,2020-03-22 13:29:41.970,384476687.7320582,-100595303.71528642,-79336629.99294493,148988255494.71564,5047522922.632195,2187222622.682031,58930.56229131943
46,2020,3,22,13,44,41.97,-16783850.833,648957.922,-20582742.658999998,-1200.9301400000002,-3583.94869,844.40097,2020-03-22 13:44:41.970,384755745.96972495,-99822262.20124455,-79033310.51853086,148987704502.2694,5072206234.445063,2197922417.0336294,58930.5727079861
46,2020,3,22,13,59,41.97,-17717400.873,-2572931.203,-19648095.969,-870.74357,-3565.54354,1229.5046300000001,2020-03-22 13:59:41.970,385032939.6031552,-99048726.03131787,-78729599.85783978,148987148653.98837,5096889387.655564,2208622144.792964,58930.58312465277
46,2020,3,22,14,14,41.97,-18346871.736,-5750675.5,-18376156.673,-526.17216,-3486.02311,1592.8808999999999,2020-03-22 14:14:41.970,385308267.49042547,-98274699.07344596,-78425499.5500214,148986587949.9195,5121572381.417731,2219321805.594981,58930.59354131943
46,2020,3,22,14,29,41.97,-18661972.055999998,-8829894.918,-16789272.851,-173.14192,-3346.9429800000003,1928.39915,2020-03-22 14:29:41.970,385581728.4978864,-97500185.19690724,-78121011.13561276,148986022390.11044,5146255214.885607,2230021399.074618,58930.6039579861
46,2020,3,22,14,44,41.97,-18657798.954,-11758060.729999999,-14915088.209999999,182.31562000000002,-3150.8538399999998,2230.43726,2020-03-22 14:44:41.970,385853321.50016344,-96725188.27230616,-77816136.15653244,148985451974.60864,5170937887.213218,2240720924.8668013,58930.61437465277
46,2020,3,22,14,59,41.97,-18334887.650000002,-14485367.912,-12786044.666,534.1639299999999,-2901.2474899999997,2493.96814,2020-03-22 14:59:41.970,386123045.38015944,-95949712.17156027,-77510876.15607558,148984876703.4622,5195620397.554613,2251420382.6064506,58930.62479131943
46,2020,3,22,15,14,41.97,-17699171.494,-16965552.723,-10438812.193,876.45982,-2602.48936,2714.63474,2020-03-22 15:14:41.970,386390899.0290542,-95173760.76788697,-77205232.67890818,148984296576.71927,5220302745.063843,2262119771.9284816,58930.6352079861
46,2020,3,22,15,29,41.97,-16761855.033,-19156644.083,-7913656.398,1203.4481400000002,-2259.7391500000003,2888.81333,2020-03-22 15:29:41.970,386656881.3463076,-94397337.93579073,-76899207.27106185,148983711594.42816,5244984928.894953,2272819092.467797,58930.64562465277
46,2020,3,22,15,44,41.97,-15539203.845,-21021638.767,-5253754.674,1509.6518800000001,-1878.86109,3013.66449,2020-03-22 15:44:41.970,386920991.2396595,-93620447.55104996,-76592801.47992826,148983121756.63754,5269666948.202003,2283518343.8592906,58930.65604131943
46,2020,3,22,15,59,41.97,-14052255.777,-22529091.801999997,-2504472.001,1789.95656,-1466.32557,3087.1717200000003,2020-03-22 15:59:41.970,387183227.62513155,-92843093.49070373,-76286016.85425377,148982527063.3966,5294348802.139051,2294217525.7378545,58930.6664579861
46,2020,3,22,16,14,41.97,-12326459.094,-23653614.897,287392.385,2039.68813,-1029.1033499999999,3108.16763,2020-03-22 16:14:41.970,387443589.427029,-92065279.63303927,-75978854.94413413,148981927514.75433,5319030489.860161,2304916637.7383657,58930.67687465277
46,2020,3,22,16,29,41.97,-10391243.686,-24376276.989,3074376.3090000004,2254.68373,-574.55407,3076.34767,2020-03-22 16:29:41.970,387702075.57794094,-91287009.85757856,-75671317.30100887,148981323110.7603,5343712010.519397,2315615679.4957,58930.68729131943
46,2020,3,22,16,44,41.97,-8279532.132,-24684902.339,5809132.844,2431.3544899999997,-110.3103,2992.27174,2020-03-22 16:44:41.970,387958685.018742,-90508288.04506528,-75363405.47765589,148980713851.46432,5368393363.270836,2326314650.644719,58930.6977079861
46,2020,3,22,16,59,41.97,-6027197.906,-24574262.789,8445204.45,2566.7400900000002,355.8415,2857.35362,2020-03-22 16:59:41.970,388213416.69859415,-89729118.07745202,-75055121.02818625,148980099736.91614,5393074547.2685585,2337013550.8202853,58930.70812465277
46,2020,3,22,17,14,41.97,-3672478.505,-24046161.996999998,10937782.332,2658.55431,816.08173,2673.83871,2020-03-22 17:14:41.970,388466269.5749467,-88949503.83788705,-74746465.50803845,148979480767.1661,5417755561.666653,2347712379.657246,58930.71854131943
46,2020,3,22,17,29,41.97,-1255351.67,-23109410.632,13244440.509,2705.22141,1262.67906,2444.7701899999997,2020-03-22 17:29:41.970,388717242.6135385,-88169449.21070151,-74437440.47397329,148978856942.2649,5442436405.6192,2358411136.7904425,58930.7289579861
46,2020,3,22,17,44,41.97,1183116.735,-21779692.61,15325834.381000001,2705.90269,1688.11091,2173.94396,2020-03-22 17:44:41.970,388966334.78839934,-87388958.08139604,-74128047.48406814,148978228262.263,5467117078.280299,2369109821.85471,58930.73937465277
46,2020,3,22,17,59,41.97,3601444.259,-20079323.652,17146353.845000003,2660.51297,2085.18202,1865.8528000000001,2020-03-22 17:59:41.970,389213545.0818493,-86608034.3366282,-73818288.09771179,148977594727.21167,5491797578.804058,2379808434.484879,58930.74979131943
46,2020,3,22,18,14,41.97,5958413.545,-18036904.562,18674721.374,2569.7266499999996,2447.13964,1525.6199800000002,2020-03-22 18:14:41.970,389458872.4845026,-85826681.86419894,-73508163.87559882,148976956337.1619,5516477906.344575,2390506974.3157697,58930.7602079861
46,2020,3,22,18,29,41.97,8213754.574000001,-15686872.867,19884525.839,2434.97281,2767.78397,1158.92291,2020-03-22 18:29:41.970,389702315.9952662,-85044904.55303992,-73197676.37972422,148976313092.16537,5541158060.055973,2401205440.9821935,58930.77062465277
46,2020,3,22,18,44,41.97,10328817.578,-13068957.745,20754683.342,2258.41932,3041.57236,771.90743,2020-03-22 18:44:41.970,389943874.6213427,-84262706.29320052,-72886827.17337796,148975664992.27402,5565838039.092367,2411903834.118959,58930.78104131943
46,2020,3,22,18,59,41.97,12267226.498,-10227544.503999999,21269816.869,2042.94547,3263.71585,371.09323,2020-03-22 18:59:41.970,390183547.3782307,-83480090.97583453,-72575617.82113972,148975012037.53967,5590517842.607886,2422602153.360864,58930.7914579861
46,2020,3,22,19,14,41.97,13995502.640999999,-7210956.329,21420547.279999997,1792.1031300000002,3430.2662100000002,-36.72845,2020-03-22 19:14:41.970,390421333.289726,-82697062.49318732,-72264049.88887306,148974354228.0147,5615197469.756661,2433300398.3427024,58930.80187465277
46,2020,3,22,19,29,41.97,15483648.155000001,-4070662.5250000004,21203689.013,1510.06626,3538.1919399999997,-444.60402,2020-03-22 19:29:41.970,390657231.38792235,-81913624.7385827,-71952124.94372034,148973691563.75186,5639876919.692841,2443998568.6992636,58930.81229131943
46,2020,3,22,19,44,41.97,16705678.926,-860424.048,20622344.935000002,1201.56906,3585.4413200000004,-845.5323,2020-03-22 19:44:41.970,390891240.71321374,-81129781.60641018,-71639844.55409719,148973024044.80368,5664556191.570564,2454696664.06532,58930.8227079861
46,2020,3,22,19,59,41.97,17640096.762000002,2364611.279,19685896.038,871.833,3570.9909,-1232.5831,2020-03-22 19:59:41.970,391123360.3142934,-80345536.99211131,-71327210.28968677,148972351671.22336,5689235284.543994,2465394684.0756474,58930.83312465277
46,2020,3,22,20,14,41.97,18270291.143,5548849.9229999995,18409883.232,526.48337,3494.8775699999997,-1599.01809,2020-03-22 20:14:41.970,391353589.24815714,-79560894.79216732,-71014223.72143477,148971674443.06424,5713914197.767289,2476092628.3650126,58930.84354131943
46,2020,3,22,20,29,41.97,18584861.508,8637214.743,16815780.209,171.45634,3358.2127800000003,-1938.41168,2020-03-22 20:29:41.970,391581926.58010286,-78775858.90408577,-70700886.42154382,148970992360.37997,5738592930.394623,2486790496.568175,58930.8539579861
46,2020,3,22,20,44,41.97,18577852.037,11576111.332,14930658.394,-187.10233000000002,3163.1775700000003,-2244.7695,2020-03-22 20:44:41.970,391808371.3837315,-77990433.2263876,-70387199.96346788,148970305423.2243,5763271481.580178,2497488288.3198853,58930.86437465277
46,2020,3,22,20,59,41.97,18248892.156000003,14314380.863,12786747.18,-542.9452,2912.9973800000002,-2512.64216,2020-03-22 20:59:41.970,392032922.7409493,-77204621.65859394,-70073165.92190687,148969613631.6515,5787949850.478132,2508186003.2548947,58930.87479131943
46,2020,3,22,21,14,41.97,17603237.618,16804221.004,10420895.01,-889.83581,2611.8962899999997,-2737.23142,2020-03-22 21:14:41.970,392255579.7419675,-76418428.10121337,-69758785.87280129,148968916985.7157,5812628036.242688,2518883641.007938,58930.8852079861
46,2020,3,22,21,29,41.97,16651708.878,19002056.272,7873939.3,-1221.66387,2265.03043,-2914.48614,2020-03-22 21:29:41.970,392476341.4853037,-75631856.4557285,-69444061.39332666,148968215485.4718,5837306038.028047,2529581201.213755,58930.89562465277
46,2020,3,22,21,44,41.97,15410525.672,20869339.442,5189995.612,-1532.56032,1878.40153,-3041.18534,2020-03-22 21:44:41.970,392695207.07778376,-74844910.62458347,-69128994.06188823,148967509130.97452,5861983854.988422,2540278683.507068,58930.90604131943
46,2020,3,22,21,59,41.97,13901039.042,22373266.490000002,2415678.7709999997,-1817.00967,1458.7515099999998,-3115.00596,2020-03-22 21:59:41.970,392912175.6345408,-74057594.5111703,-68813585.45811535,148966797922.27905,5886661486.278037,2550976087.5226054,58930.9164579861
46,2020,3,22,22,14,41.97,12149364.532,23487388.97,-400729.305,-2069.95682,1013.4403000000001,-3134.5732599999997,2020-03-22 22:14:41.970,393127246.2790177,-73269912.01981635,-68497837.162856,148966081859.44077,5911338931.051121,2561673412.8950787,58930.92687465277
46,2020,3,22,22,29,41.97,10185922.761,24192109.743,-3210148.601,-2286.90562,550.3093,-3099.49199,2020-03-22 22:29:41.970,393340418.1429679,-72481867.05577102,-68181750.75817147,148965360942.51547,5936016188.461913,2572370659.2592,58930.93729131943
46,2020,3,22,22,44,41.97,8044896.006,24475050.525,-5963589.086,-2464.00657,77.53363,-3010.3574700000004,2020-03-22 22:44:41.970,393551690.3664553,-71693463.52519289,-67865327.82733084,148964635171.55884,5960693257.664664,2583067826.249674,58930.9477079861
46,2020,3,22,22,59,41.97,5763611.587,24331282.669,-8613039.397,-2598.13142,-396.53344000000004,-2868.74586,2020-03-22 22:59:41.970,393761062.09785634,-70904705.3351364,-67548569.95480543,148963904546.62723,5985370137.813634,2593764913.501199,58930.95812465277
46,2020,3,22,23,14,41.97,3381864.801,23763415.937000003,-11112337.486,-2686.93262,-863.51986,-2677.18384,2020-03-22 23:14:41.970,393968532.49385965,-70115596.3935392,-67231478.72626354,148963169067.7771,6010046828.063083,2604461920.6484675,58930.96854131943
46,2020,3,22,23,29,41.97,941195.611,22781543.503000002,-13418004.982,-2728.8864,-1315.1942299999998,-2439.09851,2020-03-22 23:29:41.970,394174100.719468,-69326140.60920893,-66914055.728564605,148962428735.06494,6034723327.567303,2615158847.3261647,58930.9789579861
46,2020,3,22,23,44,41.97,-1515865.6,21403044.962,-15490028.02,-2723.31841,-1743.6213,-2158.74883,2020-03-22 23:44:41.970,394377765.94799894,-68536341.89181003,-66596302.54975429,148961683548.5481,6059399635.480571,2625855693.1689787,58930.98937465277
46,2020,3,22,23,59,41.97,-3946567.368,19652252.547,-17292568.816999998,-2670.41154,-2141.30984,-1841.14058,2020-03-22 23:59:41.970,394579527.36108446,-67746204.15185106,-66278220.77905842,148960933508.28333,6084075750.957194,2636552457.8115835,58930.99979131943
46,2020,3,23,0,14,41.97,-6308705.071,17559989.752,-18794594.362,-2571.19629,-2501.34951,-1491.92729,2020-03-23 00:14:41.970,394779384.14867383,-66955731.300671354,-65959812.00687793,148960178614.32834,6108751673.151479,2647249140.888647,58931.0102079861
46,2020,3,23,0,29,41.97,-8561375.326,15162988.753,-19970409.601,-2427.5243299999997,-2817.5343700000003,-1117.29956,2020-03-23 00:29:41.970,394977335.50903225,-66164927.25042812,-65641077.8247832,148959418866.74072,6133427401.217745,2657945742.034843,58931.02062465277
46,2020,3,23,0,44,41.97,-10665693.733000001,12503211.908,-20800088.887999997,-2242.0260399999997,-3084.46922,-723.86603,2020-03-23 00:44:41.970,395173380.6487429,-65373795.914083436,-65322019.8255086,148958654265.5787,6158102934.310323,2668642260.884824,58931.03104131943
46,2020,3,23,0,59,41.97,-12585473.604999999,9627077.387,-21269795.633,-2018.0542400000002,-3297.6590300000003,-318.52862,2020-03-23 00:59:41.970,395367518.7827083,-64582341.20539112,-65002639.60294713,148957884810.90045,6182778271.583562,2679338697.0732503,58931.0414579861
46,2020,3,23,1,14,41.97,-14287845.472000001,6584616.887999999,-21371989.168,-1759.61528,-3453.57879,91.64498,2020-03-23 01:14:41.970,395559749.1341486,-63790567.038883746,-64682938.752144754,148957110502.76425,6207453412.19181,2690035050.2347717,58931.05187465277
46,2020,3,23,1,29,41.97,-15743810.272,3428578.524,-21105516.493,-1471.28975,-3549.72378,499.54875,2020-03-23 01:29:41.970,395750070.9346053,-62998477.32985961,-64362918.86929503,148956331341.2291,6232128355.289425,2700731320.0040355,58931.06229131943
46,2020,3,23,1,44,41.97,-16928717.240000002,213493.335,-20475590.244,-1158.14472,-3584.6400900000003,898.16335,2020-03-23 01:44:41.970,395938483.4239398,-62206075.994369745,-64042581.55173359,148955547326.3539,6256803100.0308,2711427506.015678,58931.0727079861
46,2020,3,23,1,59,41.97,-17822659.848,-3005276.914,-19493656.183,-825.63977,-3557.9358700000003,1280.67626,2020-03-23 01:59:41.970,396124985.85033524,-61413366.94920482,-63721928.39793277,148954758458.19806,6281477645.5703125,2722123607.9043407,58931.08312465277
46,2020,3,23,2,14,41.97,-18410785.023000002,-6172493.582,-18177155.389,-479.52858999999995,-3470.27386,1640.5953399999999,2020-03-23 02:14:41.970,396309577.47029656,-60620354.11188215,-63400961.007495865,148953964736.82092,6306151991.062366,2732819625.304651,58931.09354131943
46,2020,3,23,2,29,41.97,-18683512.643,-9233980.363,-16549187.92,-125.75824999999999,-3323.34652,1971.85399,2020-03-23 02:29:41.970,396492257.5486513,-59827041.40063253,-63079680.981152005,148953166162.28244,6330826135.661372,2743515557.8512397,58931.1039579861
46,2020,3,23,2,44,41.97,-18636663.948000003,-12137532.671,-14638086.067,229.63214000000002,-3119.8348400000004,2268.9066900000003,2020-03-23 02:44:41.970,396673025.35855067,-59033432.73438746,-62758089.920750335,148952362734.64255,6355500078.521757,2754211405.1787252,58931.11437465277
46,2020,3,23,2,59,41.97,-18271499.083,-14833783.223000001,-12476906.322999999,580.6118,-2863.35248,2526.81394,2020-03-23 02:59:41.970,396851880.1814695,-58239532.0327659,-62436189.42925465,148951554453.96176,6380173818.797958,2764907166.9217296,58931.12479131943
46,2020,3,23,3,14,41.97,-17594665.298,-17277011.206,-10102850.047,921.2561999999999,-2558.3765,2741.31571,2020-03-23 03:14:41.970,397028821.3072079,-57445343.216061234,-62113981.110738,148950741320.30035,6404847355.644429,2775602842.714861,58931.1352079861
46,2020,3,23,3,29,41.97,-16618058.626999998,-19425883.803,-7556623.301,1245.84125,-2210.1665599999997,2908.89303,2020-03-23 03:29:41.970,397203848.0338904,-56650870.20522843,-61791466.570376985,148949923333.71933,6429520688.215626,2786298432.192732,58931.14562465277
46,2020,3,23,3,44,41.97,-15358602.874,-21244120.286000002,-4881746.799,1548.93266,-1824.6739599999999,3026.81729,2020-03-23 03:44:41.970,397376959.66796786,-55856116.9218707,-61468647.4144465,148949100494.2797,6454193815.666028,2796993934.989947,58931.15604131943
46,2020,3,23,3,59,41.97,-13837950.701,-22701070.277,-2123827.05,1825.46955,-1408.44207,3093.1871,2020-03-23 03:59:41.970,397548155.5242172,-55061087.28822693,-61145525.25031405,148948272802.0429,6478866737.150131,2807689350.7411046,58931.1664579861
46,2020,3,23,4,14,41.97,-12082112.394,-23772199.162,670200.098,2070.8414300000004,-968.49982,3106.9528,2020-03-23 04:14:41.970,397717434.9257424,-54265785.227158025,-60822101.68643433,148947440257.07053,6503539451.822436,2818384679.080805,58931.17687465277
46,2020,3,23,4,29,41.97,-10121018.566000002,-24439474.963,3452842.341,2280.95793,-512.2495,3067.92849,2020-03-23 04:29:41.970,397884797.20397526,-53470214.66213441,-60498378.33234369,148946602859.4244,6528211958.837458,2829079919.643637,58931.18729131943
46,2020,3,23,4,44,41.97,-7988023.662,-24691652.237,6176829.163000001,2452.3105100000002,-47.350339999999996,2976.79189,2020-03-23 04:44:41.970,398050241.69867486,-52674379.517222844,-60174356.798654705,148945760609.16653,6552884257.349727,2839775072.0641923,58931.1977079861
46,2020,3,23,4,59,41.97,-5719357.617,-24524449.808000002,8795884.545,2582.0258900000003,418.40082,2835.07225,2020-03-23 04:59:41.970,398213767.7579298,-51878283.71707317,-59850038.69705062,148944913506.3595,6577556346.513789,2850470135.9770536,58931.20812465277
46,2020,3,23,5,14,41.97,-3353533.4979999997,-23940620.294,11265483.42,2667.91036,877.19038,2645.1264,2020-03-23 05:14:41.970,398375374.73815656,-51081931.18690561,-59525425.64027979,148944061551.06583,6602228225.484203,2861165111.016803,58931.21854131943
46,2020,3,23,5,29,41.97,-930719.3670000001,-22949910.569,13543581.446,2708.4848899999997,1321.3093099999999,2410.10338,2020-03-23 05:29:41.970,398535062.0041019,-50285325.85249753,-59200519.24215026,148943204743.34836,6626899893.415543,2871859996.8180175,58931.2289579861
46,2020,3,23,5,44,41.97,1507917.037,-21568913.401,15591307.874,2703.0104,1743.27346,2133.89791,2020-03-23 05:44:41.970,398692828.9288424,-49488471.64017034,-58875321.11752425,148942343083.2703,6651571349.4623995,2882554793.015271,58931.23937465277
46,2020,3,23,5,59,41.97,3920881.816,-19820811.691999998,17373611.658,2651.50282,2135.94169,1821.0930700000001,2020-03-23 05:59:41.970,398848674.8937848,-48691372.47677679,-58549832.882312626,148941476570.89508,6676242592.779366,2893249499.2431326,58931.24979131943
46,2020,3,23,6,14,41.97,6267037.322,-17735017.875,18859851.239,2554.7377500000002,2492.63046,1476.8925,2020-03-23 06:14:41.970,399002599.288667,-47894032.28968758,-58224056.153469354,148940605206.2864,6700913622.5210705,2903944115.136172,58931.2602079861
46,2020,3,23,6,29,41.97,8506283.827,-15346712.300999999,20024318.862,2414.2441200000003,2807.2235,1107.0428299999999,2020-03-23 06:29:41.970,399154601.5115579,-47096455.006778546,-57897992.54898608,148939728989.5081,6725584437.842142,2914638640.328946,58931.27062465277
46,2020,3,23,6,44,41.97,10600230.539,-12696285.675999999,20846690.756,2232.28677,3074.27511,717.7466099999999,2020-03-23 06:44:41.970,399304680.9688583,-46298644.55641752,-57571643.68788643,148938847920.62433,6750255037.897232,2925333074.4560223,58931.28104131943
46,2020,3,23,6,59,41.97,12512845.784,-9828692.029,21312395.078,2011.83758,3289.1054,315.56673,2020-03-23 06:59:41.970,399452837.0753007,-45500604.86745143,-57245011.190220825,148937961999.69974,6774925421.840995,2936027417.151952,58931.2914579861
46,2020,3,23,7,14,41.97,14211076.024,-6792720.121,21412890.255999997,1756.5350500000002,3447.8860400000003,-92.67693,2020-03-23 07:14:41.970,399599069.2539503,-44702339.86919298,-56918096.67706052,148937071226.79874,6799595588.828121,2946721668.051293,58931.30187465277
46,2020,3,23,7,29,41.97,15665423.291,-3640192.702,21145847.215,1470.63232,3547.7145,-500.0175,2020-03-23 07:29:41.970,399743376.936205,-43903853.49140791,-56590901.77049249,148936175601.9865,6824265538.013303,2957415826.788594,58931.31229131943
46,2020,3,23,7,44,41.97,16850470.683,-425104.65599999996,20515230.106,1158.93379,3586.67536,-899.45649,2020-03-23 07:44:41.970,399885759.5617956,-43105149.664302096,-56263428.093613714,148935275125.32825,6848935268.5512495,2968109892.9984016,58931.3227079861
46,2020,3,23,7,59,41.97,17745345.818,2797287.396,19531271.418,826.72071,3563.8865800000003,-1284.08282,2020-03-23 07:59:41.970,400026216.5787867,-42306232.318508,-55935677.270525634,148934369796.8893,6873604779.596688,2978803866.3152637,58931.33312465277
46,2020,3,23,8,14,41.97,18334112.598,5971409.871,18210338.933,479.6664,3479.5293300000003,-1647.19379,2020-03-23 08:14:41.970,400164747.4435761,-41507105.38507204,-55607650.92632873,148933459616.73553,6898274070.304364,2989497746.3737164,58931.34354131943
46,2020,3,23,8,29,41.97,18606082.372,9042335.779,16574693.785,123.74211,3334.8597,-1982.41573,2020-03-23 08:29:41.970,400301351.6208962,-40707772.795441516,-55279350.687116876,148932544584.9328,6922943139.829042,3000191532.808305,58931.3539579861
46,2020,3,23,8,44,41.97,18556036.592,11956750.193,14652140.897,-234.88526000000002,3132.20102,-2283.8221,2020-03-23 08:44:41.970,400436028.58381337,-39908238.48145152,-54950778.17997201,148931624701.54742,6947611987.325492,3010885225.25356,58931.36437465277
46,2020,3,23,8,59,41.97,18184354.389,14663899.791,12475575.313,-589.96187,2874.91603,-2546.0463,2020-03-23 08:59:41.970,400568777.8137279,-39108506.37531183,-54621935.03295827,148930699966.6459,6972280611.948516,3021578823.344019,58931.37479131943
46,2020,3,23,9,14,41.97,17497040.148000002,17116507.968999997,10082430.321,-935.26012,2567.35823,-2764.38664,2020-03-23 09:14:41.970,400699598.80037636,-38308580.40959408,-54292822.8751169,148929770380.2951,6996949012.852919,3032272326.7142134,58931.3852079861
46,2020,3,23,9,29,41.97,16505648.071,19271636.913999997,7514035.674,-1264.6939399999999,2214.80262,-2934.90069,2020-03-23 09:29:41.970,400828491.04182875,-37508464.51721853,-53963443.33646032,148928835942.56186,7021617189.193538,3042965734.998673,58931.39562465277
46,2020,3,23,9,44,41.97,15227102.943,21091478.302,4814896.649999999,-1572.4337600000001,1823.35661,-3054.4864399999997,2020-03-23 09:44:41.970,400955454.0444913,-36708162.63144132,-53633798.04796689,148927896653.51358,7046285140.125213,3053659047.8319182,58931.40604131943
46,2020,3,23,9,59,41.97,13683418.649,22544055.282,2031906.956,-1853.01826,1399.85222,-3120.9478000000004,2020-03-23 09:59:41.970,401080487.32310516,-35907678.685841046,-53303888.64157516,148926952513.21774,7070952864.802805,3064352264.848481,58931.4164579861
46,2020,3,23,10,14,41.97,11901318.533,23603819.87,-786489.521,-2101.46032,951.72183,-3133.04242,2020-03-23 10:14:41.970,401203590.4007469,-35107016.61430597,-52973716.75017848,148926003521.74213,7095620362.381207,3075045385.682879,58931.42687465277
46,2020,3,23,10,29,41.97,9911764.107,24252131.979000002,-3591171.4310000003,-2313.34425,486.85991,-3090.51025,2020-03-23 10:29:41.970,401324762.8088292,-34306180.351021156,-52643284.00761936,148925049679.15497,7120287632.01531,3085738409.9696336,58931.43729131943
46,2020,3,23,10,44,41.97,7749401.068,24477608.933,-6333229.269,-2484.91196,13.474,-2994.08176,2020-03-23 10:44:41.970,401444004.0871007,-33505173.83045515,-52312592.04868407,148924090985.52448,7144954672.860043,3096431337.3432593,58931.4477079861
46,2020,3,23,10,59,41.97,5451933.698,24276337.312,-8964852.746000001,-2613.1355799999997,-460.07154,-2845.46535,2020-03-23 10:59:41.970,401561313.7836454,-32704000.987347085,-51981642.50909691,148923127440.91907,7169621484.070332,3107124167.4382777,58931.45812465277
46,2020,3,23,11,14,41.97,3059440.6149999998,23651942.357,-11440197.577000001,-2695.7749,-925.41517,-2647.31434,2020-03-23 11:14:41.970,401676691.45488393,-31902665.75669357,-51650437.025514774,148922159045.40765,7194288064.801137,3117816899.889197,58931.46854131943
46,2020,3,23,11,29,41.97,613646.2609999999,22615513.627,-13716213.562,-2731.41808,-1374.3573099999999,-2403.17413,2020-03-23 11:29:41.970,401790136.66557294,-31101172.073735964,-51318977.23552169,148921185799.05948,7218954414.207434,3128509534.3305326,58931.4789579861
46,2020,3,23,11,44,41.97,-1842836.456,21185389.198,-15753416.884,-2719.50499,-1799.01495,-2117.41136,2020-03-23 11:44:41.970,401901648.98880523,-30299523.873946887,-50987264.77762316,148920207701.94376,7243620531.444217,3139202070.3967943,58931.48937465277
46,2020,3,23,11,59,41.97,-4267276.479,19386804.011,-17516591.122,-2660.33266,-2191.9683,-1795.12677,2020-03-23 11:59:41.970,402011228.0060101,-29497725.093017682,-50655301.29124056,148919224754.13004,7268286415.666496,3149894507.7224903,58931.49979131943
46,2020,3,23,12,14,41.97,-6617591.967,17251411.178999998,-18975403.476999998,-2555.04334,-2546.39598,-1442.05429,2020-03-23 12:14:41.970,402118873.306953,-28695779.666845016,-50323088.41670583,148918236955.6884,7292952066.0293045,3160586845.9421277,58931.5102079861
46,2020,3,23,12,29,41.97,-8853099.268,14816687.775,-20104925.027000003,-2405.5957399999998,-2856.19611,-1064.44917,2020-03-23 12:29:41.970,402224584.4897359,-27893691.531518064,-49990627.79525558,148917244306.6887,7317617481.687695,3171279084.690214,58931.52062465277
46,2020,3,23,12,44,41.97,-10935228.962,12125238.927000001,-20886046.361,-2214.72085,-3116.09086,-668.9678700000001,2020-03-23 12:44:41.970,402328361.16079736,-27091464.62330553,-49657921.06902595,148916246807.20148,7342282661.796737,3181971223.6012526,58931.53104131943
46,2020,3,23,12,59,41.97,-12828195.652,9224015.813,-21305782.573,-1985.86363,-3321.7129999999997,-262.54278,2020-03-23 12:59:41.970,402430202.93491143,-26289102.87864235,-49324969.881046645,148915244457.29736,7366947605.511524,3192663262.309742,58931.5414579861
46,2020,3,23,13,14,41.97,-14499609.742,6163464.386,-21357464.215,-1723.11269,-3469.67319,147.74546,2020-03-23 13:14:41.970,402530109.43519,-25486610.234117087,-48991775.87523573,148914237257.0471,7391612311.987167,3203355200.450191,58931.55187465277
46,2020,3,23,13,29,41.97,-15921021.122,2996622.38,-21040813.338,-1431.11967,-3557.6075299999998,554.79521,2020-03-23 13:29:41.970,402628080.29307985,-24683990.62645855,-48658340.69639386,148913225206.52206,7416276780.378797,3214047037.6570964,58931.56229131943
46,2020,3,23,13,44,41.97,-17068386.525999997,-221817.62,-20361906.069000002,-1115.01057,-3584.2055,951.6083199999999,2020-03-23 13:44:41.970,402724115.1483647,-23881247.992522962,-48324665.99019874,148912208305.7935,7440941009.841566,3224738773.5649543,58931.5727079861
46,2020,3,23,13,59,41.97,-17922454.182,-3436461.497,-19333025.318,-780.2909599999999,-3549.2185200000004,1331.40947,2020-03-23 13:59:41.970,402818213.64916474,-23078386.269281004,-47990753.40319976,148911186554.9332,7465604999.530649,3235430407.808269,58931.58312465277
46,2020,3,23,14,14,41.97,-18469061.23,-6592166.28,-17972409.012,-432.74726000000004,-3453.45016,1687.75868,2020-03-23 14:14:41.970,402910375.4519356,-22275409.39380462,-47656604.5828122,148910159954.01294,7490268748.601238,3246121940.0215373,58931.59354131943
46,2020,3,23,14,29,41.97,-18699341.116,-9634976.076000001,-16303900.854,-78.34572,-3298.72889,2014.65519,2020-03-23 14:29:41.970,403000600.221469,-21472321.30325415,-47322221.177311786,148909128503.105,7514932256.2085495,3256813369.8392506,58931.6039579861
46,2020,3,23,14,44,41.97,-18609839.845999997,-12513026.208999999,-14356511.853,276.86883,-3087.8649,2306.63168,2020-03-23 14:44:41.970,403088887.63089293,-20669125.9348653,-46987604.83582915,148908092202.28183,7539595521.5078125,3267504696.8959107,58931.61437465277
46,2020,3,23,14,59,41.97,-18202541.472,-15177401.766999999,-12163901.916000001,626.87319,-2824.59229,2558.8375499999997,2020-03-23 14:59:41.970,403175237.3616706,-19865827.225936066,-46652757.208344154,148907051051.61612,7564258543.654295,3278195920.826009,58931.62479131943
46,2020,3,23,15,14,41.97,-17484804.549,-17582938.155,-9763791.513,965.76319,-2513.4981700000003,2767.11091,2020-03-23 15:14:41.970,403259649.10360116,-19062429.11381374,-46317679.945680514,148906005051.1808,7588921321.80327,3288887041.264042,58931.6352079861
46,2020,3,23,15,29,41.97,-16469212.498000002,-19688952.596,-7197314.029,1287.8473900000001,-2159.9404400000003,2928.0383699999998,2020-03-23 15:29:41.970,403342122.55481917,-18258935.53588202,-45982374.69950005,148904954201.04913,7613583855.110038,3299578057.844499,58931.64562465277
46,2020,3,23,15,44,41.97,-15173341.862,-21459896.994,-4508319.714000001,1587.73572,-1769.9555,3039.00272,2020-03-23 15:44:41.970,403422657.4217936,-17455350.42954793,-45646843.12229722,148903898501.29446,7638246142.729928,3310268970.2018785,58931.65604131943
46,2020,3,23,15,59,41.97,-13619453.345,-22865923.953,-1742642.372,1860.42227,-1350.15779,3098.21811,2020-03-23 15:59:41.970,403501253.41932946,-16651677.732228618,-45311086.867393546,148902837951.99072,7662908183.81828,3320959777.970672,58931.6664579861
46,2020,3,23,16,14,41.97,-11834111.321,-23883359.099,1052660.006,2101.36132,-907.63231,3104.7527499999997,2020-03-23 16:14:41.970,403577910.27056587,-15847921.381338878,-44975107.58893204,148901772553.21176,7687569977.530457,3331650480.7853684,58931.67687465277
46,2020,3,23,16,29,41.97,-9847738.158,-24495074.209999997,3830079.508,2306.53607,-449.82187,3058.5393,2020-03-23 16:29:41.970,403652627.7069766,-15044085.314277528,-44638906.941871576,148900702305.03183,7712231523.021856,3342341078.2804646,58931.68729131943
46,2020,3,23,16,44,41.97,-7694110.281,-24690756.876,6542436.4180000005,2472.5192800000004,15.589820000000001,2960.37311,2020-03-23 16:44:41.970,403725405.4683699,-14240173.468414772,-44302486.58198142,148899627207.5255,7736892819.447891,3353031570.090453,58931.6977079861
46,2020,3,23,16,59,41.97,-5409803.414,-24467073.664,9143650.295,2596.52548,480.79773,2811.8983900000003,2020-03-23 16:59:41.970,403796243.30288714,-13436189.781079235,-43965848.16583564,148898547260.76752,7761553865.963987,3363721955.849823,58931.70812465277
46,2020,3,23,17,14,41.97,-3033594.886,-23827724.923,11589493.354,2676.4541099999997,937.99648,2615.58272,2020-03-23 17:14:41.970,403865140.96700466,-12632138.189544693,-43628993.35080739,148897462464.83286,7786214661.725612,3374412235.1930685,58931.71854131943
46,2020,3,23,17,29,41.97,-605831.274,-22783390.503,13838315.729,2710.92333,1379.50159,2374.68015,2020-03-23 17:29:41.970,403932098.2255311,-11828022.63101736,-43291923.79506361,148896372819.7968,7810875205.888248,3385102407.7546816,58931.7289579861
46,2020,3,23,17,44,41.97,1832229.943,-21351566.816999998,15851732.472,2699.2939100000003,1797.8694799999998,2093.18309,2020-03-23 17:44:41.970,403997114.85160875,-11023847.042622762,-42954641.157559186,148895278325.73505,7835535497.607391,3395792473.1691523,58931.73937465277
46,2020,3,23,17,59,41.97,4239095.712,-19556296.804,17595262.450999998,2641.683,2186.01524,1775.7636,2020-03-23 17:59:41.970,404060190.62671214,-10219615.361392744,-42617147.0980315,148894178982.72308,7860195536.038578,3406482431.0709767,58931.74979131943
46,2020,3,23,18,14,41.97,6573720.355,-17427795.538,19038909.658,2538.96724,2537.3265499999998,1427.7042099999999,2020-03-23 18:14:41.970,404121325.3406484,-9415331.524252493,-42279443.276994854,148893074790.8373,7884855320.337361,3417172281.094647,58931.7602079861
46,2020,3,23,18,29,41.97,8796186.478,-15001975.451,20157677.851,2392.7750699999997,2845.77256,1054.8190299999999,2020-03-23 18:29:41.970,404180518.7915566,-8610999.468007565,-41941531.355734825,148891965750.15378,7909514849.659312,3427862022.8746524,58931.77062465277
46,2020,3,23,18,44,41.97,10868373.89,-12319876.437,20932009.924999997,2205.46773,3106.00617,663.36549,2020-03-23 18:44:41.970,404237770.78590727,-7806623.129330874,-41603412.99630282,148890851860.74918,7934174123.160036,3438551656.0454936,58931.78104131943
46,2020,3,23,18,59,41.97,12754606.324000001,-9427007.486,21348144.02,1980.1089,3313.4580800000003,259.94769,2020-03-23 18:59:41.970,404293081.138502,-7002206.444749705,-41265089.86151034,148889733122.70023,7958833139.995154,3449241180.2416587,58931.7914579861
46,2020,3,23,19,14,41.97,14422265.621000001,-6372607.941000001,21398379.097,1720.42273,3464.42104,-148.58793,2020-03-23 19:14:41.970,404346449.67247343,-6197753.350632709,-40926563.61492341,148888609536.08417,7983491899.32032,3459930595.097647,58931.80187465277
46,2020,3,23,19,29,41.97,15842362.955,-3208838.019,21081243.623,1430.74038,3556.1225200000003,-555.26341,2020-03-23 19:29:41.970,404397876.21928406,-5393267.783177098,-40587835.92085726,148887481100.97818,8008150400.291203,3470619900.2479496,58931.81229131943
46,2020,3,23,19,44,41.97,16990056.752,10090.206,20401562.114,1115.93509,3586.7840499999998,-953.08516,2020-03-23 19:44:41.970,404447360.6187266,-4588753.678395285,-40248908.444370255,148886347817.45996,8032808642.063504,3481309095.3270693,58931.8227079861
46,2020,3,23,19,59,41.97,17845107.268,3228828.537,19370415.64,781.34636,3555.66541,-1335.16341,2020-03-23 19:59:41.970,404494902.7189226,-3784214.9721023175,-39909782.8512588,148885209685.6074,8057466623.792951,3491998179.9695,58931.83312465277
46,2020,3,23,20,14,41.97,18392258.221,6391840.771,18004993.96,432.69390000000004,3463.09211,-1694.83326,2020-03-23 20:14:41.970,404540502.3763225,-2979655.5999027453,-39570460.80805151,148884066705.49857,8082124344.635287,3502687153.809738,58931.84354131943
46,2020,3,23,20,29,41.97,18621536.705,9444367.409,16328338.802000001,75.98224,3310.46461,-2025.77514,2020-03-23 20:29:41.970,404584159.4557054,-2175079.4971773634,-39230943.98200355,148882918877.21167,8106781803.746292,3513376016.482285,58931.8539579861
46,2020,3,23,20,44,41.97,18528463.614,12333389.955,14368979.87,-282.60248,3100.24795,-2322.13233,2020-03-23 20:44:41.970,404625873.8301782,-1370490.5990707502,-38891234.04109124,148881766200.82565,8131439000.281769,3524064767.621641,58931.86437465277
46,2020,3,23,20,59,41.97,18114168.206,15008576.829,12160467.387999998,-636.8020300000001,2835.94117,-2578.6229,2020-03-23 20:59:41.970,404665645.3811743,-565892.840477926,-38551332.65400641,148880608676.41925,8156095933.397538,3534753406.8623066,58931.87479131943
46,2020,3,23,21,14,41.97,17385402.118,17423192.372,9740807.414,-980.39964,2522.02587,-2790.6433700000002,2020-03-23 21:14:41.970,404703473.99845463,238709.84396854675,-38211241.490150675,148879446304.07156,8180752602.249451,3545441933.8387866,58931.8852079861
46,2020,3,23,21,29,41.97,16354450.104,19534950.305999998,7151808.557999999,-1307.3355099999999,2163.8943,-2954.36148,2020-03-23 21:29:41.970,404739359.5801054,1043313.519911327,-37870962.21963008,148878279083.86185,8205409005.993395,3556130348.185584,58931.89562465277
46,2020,3,23,21,44,41.97,15038937.001,21306793.447,4438351.18,-1611.82151,1767.75754,-3066.79534,2020-03-23 21:44:41.970,404773302.03253895,1847914.2532816308,-37530496.51324928,148877107015.87015,8230065143.785267,3566818649.537206,58931.90604131943
46,2020,3,23,21,59,41.97,13461532.821999999,22707582.444,1647592.337,-1888.45236,1340.53547,-3125.8766100000003,2020-03-23 21:59:41.970,404805301.270492,2652508.1103119254,-37189846.04250603,148875930100.17618,8254721014.780998,3577506837.528158,58931.9164579861
46,2020,3,23,22,14,41.97,11649560.373,23712677.962,-1171878.238,-2132.31063,889.73042,-3130.49585,2020-03-23 22:14:41.970,404835357.2170256,3457091.157548868,-36849012.47958571,148874748336.8601,8279376618.136555,3588194911.79295,58931.92687465277
46,2020,3,23,22,29,41.97,9634512.256,24304402.826,-3970914.247,-2339.06265,423.28724,-3080.52834,2020-03-23 22:29:41.970,404863469.80352455,4261659.461866545,-36507997.49735552,148873561726.00235,8304031953.00791,3598882871.9660907,58931.93729131943
46,2020,3,23,22,44,41.97,7451486.51,24472373.355,-6700703.047,-2505.043,-50.556869999999996,-2976.83941,2020-03-23 22:44:41.970,404889638.9696963,5066209.090479048,-36166802.76935905,148872370267.6836,8328687018.551084,3609570717.6820927,58931.9477079861
46,2020,3,23,22,59,41.97,5138552.244000001,24213692.199,-9313651.367,-2627.3252700000003,-523.4293399999999,-2821.26914,2020-03-23 22:59:41.970,404913864.6635706,5870736.110953791,-35825429.96981065,148871173961.9849,8353341813.922117,3620258448.5754695,58931.95812465277
46,2020,3,23,23,14,41.97,2736058.453,23532998.323,-11764247.916000001,-2703.77729,-986.98202,-2616.5964599999998,2020-03-23 23:14:41.970,404936146.8414984,6675236.591224231,-35483880.77358967,148869972808.98727,8377996338.277073,3630946064.280739,58931.96854131943
46,2020,3,23,23,29,41.97,285900.577,22442373.380000003,-14009884.878,-2733.09965,-1433.04992,-2366.48381,2020-03-23 23:29:41.970,404956485.46815205,7479706.599602867,-35142156.85623518,148868766808.7724,8402650590.772051,3641633564.4324183,58931.9789579861
46,2020,3,23,23,44,41.97,-2169239.685,20961107.161,-16011621.375999998,-2714.84653,-1853.80496,-2075.40391,2020-03-23 23:44:41.970,404974880.5165235,8284142.204794286,-34800259.89394006,148867555961.42194,8427304570.563168,3652320948.6650276,58931.98937465277
46,2020,3,23,23,59,41.97,-4586665.382999999,19115328.246,-17734873.674,-2649.4289000000003,-2241.9012399999997,-1748.55053,2020-03-23 23:59:41.970,404991331.9675014,9088539.453961326,-34458191.57288093,148866340267.0177,8451958276.806311,3663008216.61297,58931.99979131943
46,2020,3,24,0,14,41.97,-6924429.629000001,16937510.017,-19150019.061,-2538.10018,-2590.6083299999996,-1391.736,2020-03-24 00:14:41.970,405005839.81161356,9892894.460525958,-34115953.55187571,148865119725.64215,8476611708.658189,3673695367.9110045,58932.0102079861
46,2020,3,24,0,29,41.97,-9142083.649,14465857.998,-20232901.684,-2382.92551,-2893.93069,-1011.27788,2020-03-24 00:29:41.970,405018404.0463317,10697203.272498695,-33773547.518376224,148863894337.37762,8501264865.274744,3684382402.1935387,58932.02062465277
46,2020,3,24,0,44,41.97,-11201383.812,11743607.152,-20965234.173,-2186.7352800000003,-3146.70923,-613.87813,2020-03-24 00:44:41.970,405029024.67792046,11501461.960281635,-33430975.15113515,148862664102.30695,8525917745.81221,3695069319.0951047,58932.03104131943
46,2020,3,24,0,59,41.97,-13066956.885,8818225.9,-21334886.648,-1953.0653300000001,-3344.70565,-206.49718000000001,2020-03-24 00:59:41.970,405037701.7209601,12305666.594733581,-33088238.129531104,148861429020.51312,8550570349.42686,3705756118.250233,58932.0414579861
46,2020,3,24,1,14,41.97,-14706902.777999999,5740557.813,-21336062.081,-1686.08505,-3484.66705,203.77372,2020-03-24 01:14:41.970,405044435.1983465,13109813.247183075,-32745338.133563004,148860189092.07938,8575222675.274975,3716442799.2934566,58932.05187465277
46,2020,3,24,1,29,41.97,-16093328.58,2563913.0949999997,-20969356.66,-1390.5155499999998,-3564.37077,609.8396299999999,2020-03-24 01:29:41.970,405049225.1412895,13913897.989441214,-32402276.84384449,148858944317.08923,8599874722.512884,3727129361.859314,58932.06229131943
46,2020,3,24,1,44,41.97,-17202805.297,-656871.487,-20241707.077,-1071.54005,-3582.64968,1004.7257599999999,2020-03-24 01:44:41.970,405052071.5893127,14717916.893814582,-32059055.941598386,148857694695.62656,8624526490.296938,3737815805.5823402,58932.0727079861
46,2020,3,24,1,59,41.97,-18016741.153,-3866386.714,-19166228.553,-734.70842,-3539.39825,1381.69605,2020-03-24 01:59:41.970,405052974.59025204,15521866.033118382,-31715677.10865089,148856440227.77536,8649177977.783522,3748502130.0970807,58932.08312465277
46,2020,3,24,2,14,41.97,-18521667.166,-7009602.157000001,-17761949.259,-385.83803,-3435.56027,1734.36455,2020-03-24 02:14:41.970,405051934.2002555,16325741.480689107,-31372142.027426243,148855180913.61978,8673829184.129036,3759188335.038079,58932.09354131943
46,2020,3,24,2,29,41.97,-18709432.443,-10032798.575000001,-16053448.317,-30.91258,-3273.09942,2056.7980900000002,2020-03-24 02:29:41.970,405048950.4837815,17129539.31039756,-31028452.380940877,148853916753.2446,8698480108.48993,3769874420.039883,58932.1039579861
46,2020,3,24,2,44,41.97,-18577308.278,-12884466.571999999,-14070405.776,324.01914999999997,-3054.95399,2343.609,2020-03-24 02:44:41.970,405044023.51359844,17933255.596661877,-30684609.852798004,148852647746.7345,8723130750.02267,3780560384.737044,58932.11437465277
46,2020,3,24,2,59,41.97,-18128001.617999997,-15516157.912,-11847073.982,672.94316,-2784.97721,2590.03699,2020-03-24 02:59:41.970,405037153.37078357,18736886.414460234,-30340616.127181847,148851373894.1745,8747781107.883762,3791246228.7641134,58932.12479131943
46,2020,3,24,3,14,41.97,-17369579.803,-17883277.255000003,-9421680.45,1009.9773299999999,-2467.8647699999997,2792.01937,2020-03-24 03:14:41.970,405028340.1447214,19540427.839344013,-29996472.888852086,148850095195.65005,8772431181.229734,3801931951.7556543,58932.1352079861
46,2020,3,24,3,29,41.97,-16315309.677,-19945803.459,-6835772.896000001,1329.46445,-2109.07107,2946.2492700000003,2020-03-24 03:29:41.970,405017583.93310434,20343875.947450463,-29652181.82313834,148848811651.24664,8797080969.217148,3812617553.346218,58932.14562465277
46,2020,3,24,3,44,41.97,-14983415.179,-21668931.067,-4133517.408,1626.06014,-1714.71581,3050.22158,2020-03-24 03:44:41.970,405004884.84193,21147226.815515812,-29307744.61593439,148847523261.0501,8821730471.002598,3823303033.1703753,58932.15604131943
46,2020,3,24,3,59,41.97,-13396758.431,-23023623.932,-1360960.894,1894.8148199999998,-1291.4824700000001,3102.26635,2020-03-24 03:59:41.970,404990242.9855009,21950476.520888124,-28963162.953692693,148846230025.1466,8846379685.742708,3833988390.8626885,58932.1664579861
46,2020,3,24,4,14,41.97,-11582450.091,-23987074.36,1434730.983,2131.2488,-846.51005,3101.5698700000003,2020-03-24 04:14:41.970,404973658.4864232,22753621.141540147,-28618438.52341868,148844931943.62247,8871028612.59413,3844673626.057728,58932.17687465277
46,2020,3,24,4,29,41.97,-9571395.425,-24543062.403,4206049.233,2331.41993,-387.27973,3048.18334,2020-03-24 04:29:41.970,404955131.47560596,23556656.75608216,-28273573.012665287,148843629016.56436,8895677250.713547,3855358738.390072,58932.18729131943
46,2020,3,24,4,44,41.97,-7397783.068,-24682211.243,6905919.305000001,2491.9832,78.50251,2943.0193999999997,2020-03-24 04:44:41.970,404934662.09225965,24359579.443775147,-27928568.109527145,148842321244.05905,8920325599.257694,3866043727.4942966,58932.1977079861
46,2020,3,24,4,59,41.97,-5098524.0,-24402135.77,9488470.332,2610.2417299999997,543.02565,2787.8367200000002,2020-03-24 04:59:41.970,404912250.48389566,25162385.284543335,-27583425.5026351,148841008626.1936,8944973657.383293,3876728593.004981,58932.20812465277
46,2020,3,24,5,14,41.97,-2712648.657,-23707482.667,11909785.242,2684.18871,998.49471,2585.21291,2020-03-24 05:14:41.970,404887896.8063239,25965070.35898738,-27238146.881150633,148839691163.0556,8969621424.247145,3887413334.556713,58932.21854131943
46,2020,3,24,5,29,41.97,-280670.51900000003,-22609861.428,14128621.331,2712.5398999999998,1437.25187,2338.50605,2020-03-24 05:29:41.970,404861601.22365355,26767630.748397067,-26892733.934760034,148838368854.73257,8994268899.006058,3898097951.784078,58932.2289579861
46,2020,3,24,5,44,41.97,2156075.114,-21127666.884,16107091.215,2694.75621,1851.8962299999998,2051.8051800000003,2020-03-24 05:44:41.970,404833363.90829,27570062.5347643,-26547188.35366904,148837041701.31238,9018916080.816875,3908782444.3216743,58932.23937465277
46,2020,3,24,5,59,41.97,4556108.102999999,-19285794.956,17811294.364,2631.0560299999997,2235.40106,1729.87004,2020-03-24 05:59:41.970,404803185.04093516,28372361.800796006,-26201511.828597087,148835709702.88324,9043562968.83648,3919466811.804095,58932.24979131943
46,2020,3,24,6,14,41.97,6878486.807999999,-17115254.542999998,19211889.783,2522.41702,2581.2272,1378.0606,2020-03-24 06:14:41.970,404771064.8105855,29174524.629926864,-25855706.05077168,148834372859.53342,9068209562.221771,3930151053.8659415,58932.2602079861
46,2020,3,24,6,29,41.97,9083488.071,-14652679.678000001,20284600.829,2370.5668100000003,2883.431,1002.25684,2020-03-24 06:29:41.970,404737003.41453046,29976547.106332343,-25509772.711922836,148833031171.35178,9092855860.129704,3940835170.1418176,58932.27062465277
46,2020,3,24,6,44,41.97,11133273.869,-11939747.396000002,21010643.639000002,2177.96258,3136.7656500000003,608.76934,2020-03-24 06:44:41.970,404701001.058353,30778425.314941563,-25163713.504277453,148831684638.4272,9117501861.717245,3951519160.2663364,58932.28104131943
46,2020,3,24,6,59,41.97,12992534.402999999,-9022508.163,21377071.259,1947.75915,3336.77392,204.24149,2020-03-24 06:59:41.970,404663057.9559259,31580155.341450084,-24817530.120553624,148830333260.8487,9142147566.141413,3962203023.874112,58932.2914579861
46,2020,3,24,7,14,41.97,14629097.255,-5950637.134,21377026.334,1683.76545,3479.87103,-204.45577,2020-03-24 07:14:41.970,404623174.32941234,32381733.272332806,-24471224.2539551,148828977038.706,9166792972.559242,3972886760.599759,58932.30187465277
46,2020,3,24,7,29,41.97,16014492.212,-2776616.119,21009896.129,1390.38954,3563.41552,-610.33551,2020-03-24 07:29:41.970,404581350.4092637,33183155.194856945,-24124797.598165665,148827615972.0885,9191438080.127811,3983570370.0779033,58932.31229131943
46,2020,3,24,7,44,41.97,17124461.421,445142.36199999996,20281364.808,1072.5721800000001,3585.7667100000003,-1006.41129,2020-03-24 07:44:41.970,404537586.4342189,33984417.19709468,-23778251.847343467,148826250061.0863,9216082888.004223,3994253851.9431715,58932.3227079861
46,2020,3,24,7,59,41.97,17939404.884,3659215.898,19203359.263,735.70964,3546.32672,-1385.81694,2020-03-24 07:59:41.970,404491882.6513029,34785515.367936164,-23431588.696115416,148824879305.78955,9240727395.345638,4004937205.8301964,58932.33312465277
46,2020,3,24,8,14,41.97,18444751.799000002,6810123.348,17793886.408999998,385.56628,3445.5656,-1741.92766,2020-03-24 08:14:41.970,404444239.3158246,35586445.797102414,-23084809.839571618,148823503706.28885,9265371601.309225,4015620431.373614,58932.34354131943
46,2020,3,24,8,29,41.97,18631249.052,9843290.386,16076761.714,28.178069999999998,3285.0279699999996,-2068.4802000000004,2020-03-24 08:29:41.970,404394656.69137686,36387204.575158045,-22737916.973259687,148822123262.67468,9290015505.05219,4026303528.2080646,58932.3539579861
46,2020,3,24,8,44,41.97,18495159.293,12706012.279000001,14081230.834,-330.25164,3067.31999,-2359.68979,2020-03-24 08:44:41.970,404343135.04983395,37187787.79352423,-22390911.793179102,148820737975.03833,9314659105.731789,4036986495.9681997,58932.36437465277
46,2020,3,24,8,59,41.97,18038362.389000002,15348395.819,11841488.49,-683.46226,2796.07605,-2610.36114,2020-03-24 08:59:41.970,404289674.67135084,37988191.54449139,-22043795.99577568,148819347843.4708,9339302402.505293,4047669334.288666,58932.37479131943
46,2020,3,24,9,14,41.97,17268355.825,17724261.866,9396101.137,-1025.2499799999998,2475.90449,-2815.99078,2020-03-24 09:14:41.970,404234275.84436136,38788411.92123225,-21696571.277935904,148817952868.0635,9363945394.53003,4058352042.804123,58932.3852079861
46,2020,3,24,9,29,41.97,16198151.606999999,19791989.858,6787342.397,-1349.58336,2112.31302,-2972.85811,2020-03-24 09:29:41.970,404176938.8655772,39588445.017814524,-21349239.336981274,148816553048.9085,9388588080.963333,4069034621.1492305,58932.39562465277
46,2020,3,24,9,44,41.97,14846069.463,21515286.195,4060452.633,-1650.7177399999998,1711.61435,-3078.10255,2020-03-24 09:44:41.970,404117664.0399869,40388286.929213725,-21001801.87066274,148815148386.09753,9413230460.962603,4079717068.958658,58932.40604131943
46,2020,3,24,9,59,41.97,13235428.58,22863859.463,1262836.247,-1923.30584,1280.8138099999999,-3129.7843900000003,2020-03-24 09:59:41.970,404056451.68085253,41187933.7513262,-20654260.577155028,148813738879.72296,9437872533.685251,4090399385.8670774,58932.4164579861
46,2020,3,24,10,14,41.97,11394142.613,23813987.138,-1556787.79,-2162.50164,827.4810299999999,-3126.9275900000002,2020-03-24 10:14:41.970,403993302.1097104,41987381.58098175,-20306617.155051056,148812324529.87726,9462514298.288744,4101081571.509165,58932.42687465277
46,2020,3,24,10,29,41.97,9354225.147,24348960.643,-4349265.1,-2364.05505,359.60843,-3069.54279,2020-03-24 10:29:41.970,403928215.6563685,42786626.515956506,-19958873.30335627,148810905336.6532,9487155753.930563,4111763625.5196066,58932.43729131943
46,2020,3,24,10,44,41.97,7151215.167,24459398.384,-7065896.6559999995,-2524.3946300000002,-114.54010000000001,-2958.62992,2020-03-24 10:44:41.970,403861192.65890515,43585664.65498584,-19611030.721483085,148809481300.1439,9511796899.76824,4122445547.5330873,58932.4477079861
46,2020,3,24,10,59,41.97,4823534.176,24143419.481000002,-9659322.479,-2640.6964199999998,-586.58676,-2796.1599600000004,2020-03-24 10:59:41.970,403792233.4636677,44384492.09777704,-19263091.1092452,148808052420.44257,9536437734.959341,4133127337.184305,58932.45812465277
46,2020,3,24,11,14,41.97,2411788.3430000003,23406674.369,-12084379.728,-2710.93705,-1048.19973,-2585.0363700000003,2020-03-24 11:14:41.970,403721338.4252703,45183104.945022285,-18915056.166851986,148806618697.64282,9561078258.661467,4143808994.107955,58932.46854131943
46,2020,3,24,11,29,41.97,-41969.583999999995,22262231.930000003,-14298917.267,-2733.92983,-1491.25143,-2329.0372,2020-03-24 11:29:41.970,403648507.9065934,45981499.29841132,-18566927.5949029,148805180131.8383,9585718470.032251,4154490517.9387503,58932.4789579861
46,2020,3,24,11,44,41.97,-2495003.003,20730326.36,-16264550.025,-2709.34338,-1907.97134,-2032.7394600000002,2020-03-24 11:44:41.970,403573742.2787813,46779671.260644384,-18218707.0943818,148803736723.12326,9610358368.229366,4165171908.3113995,58932.48937465277
46,2020,3,24,11,59,41.97,-4904662.8719999995,18837970.290000003,-17947338.144,-2637.70233,-2291.0898300000003,-1701.42803,2020-03-24 11:59:41.970,403497041.921241,47577616.935444795,-17870396.366651416,148802288471.59186,9634997952.410522,4175853164.8606176,58932.49979131943
46,2020,3,24,12,14,41.97,-7229151.963,16618443.743,-19318378.013,-2520.37079,-2633.9697800000004,-1340.99139,2020-03-24 12:14:41.970,403418407.22164065,48375332.4275721,-17521997.113447566,148800835377.33865,9659637221.733467,4186534287.221133,58932.5102079861
46,2020,3,24,12,29,41.97,-9428266.728,14110671.113,-20354294.698000003,-2359.5193600000002,-2930.72336,-957.8072,2020-03-24 12:29:41.970,403337838.5759077,49172813.84283444,-17173511.036873706,148799377440.45865,9684276175.35599,4197215275.027673,58932.52062465277
46,2020,3,24,12,44,41.97,-11464102.513,11358500.544,-21037627.810999997,-2158.07688,-3176.31188,-558.6205,2020-03-24 12:44:41.970,403255336.3882272,49970057.28810179,-16824939.83939524,148797914661.04672,9708914812.435911,4207896127.9149747,58932.53104131943
46,2020,3,24,12,59,41.97,-13301709.197,8409901.662,-21357105.537,-1919.66883,-3366.62714,-150.41737999999998,2020-03-24 12:59:41.970,403170901.07104045,50767058.87131831,-16476285.223833816,148796447039.19836,9733553132.131075,4218576845.5177794,58932.5414579861
46,2020,3,24,13,14,41.97,-14909685.923999999,5316098.759000001,-21307804.125,-1648.54389,-3498.55343,259.70275999999996,2020-03-24 13:14:41.970,403084533.0450428,51563814.70151556,-16127548.89336183,148794974575.00912,9758191133.599401,4229257427.4708366,58932.55187465277
46,2020,3,24,13,29,41.97,-16260705.325000001,2130657.066,-20891192.616,-1349.4910499999999,-3570.00978,664.654,2020-03-24 13:29:41.970,402996232.739183,52360320.88882493,-15778732.551496703,148793497268.57483,9782828815.9988,4239937873.4089,58932.56229131943
46,2020,3,24,13,44,41.97,-17331959.506,-1091460.1239999998,-20115064.882,-1027.74899,-3579.97251,1057.48722,2020-03-24 13:44:41.970,402906000.5906604,53156573.54449059,-15429837.902095303,148792015119.99158,9807466178.487268,4250618182.9667335,58932.5727079861
46,2020,3,24,13,59,41.97,-18105521.903,-4294846.038,-18993363.092,-688.91006,-3528.47881,1431.5077199999998,2020-03-24 13:59:41.970,402813837.0449235,53952568.78088213,-15080866.649348343,148790528129.3557,9832103220.222797,4261298355.7791033,58932.58312465277
46,2020,3,24,14,14,41.97,-18568620.957,-7424599.916,-17545898.457,-338.82068999999996,-3416.61209,1780.3855500000002,2020-03-24 14:14:41.970,402719742.5556686,54748302.71150757,-14731820.497774672,148789036296.76395,9856739940.363438,4271978391.4807854,58932.59354131943
46,2020,3,24,14,29,41.97,-18713823.286,-10427255.578,-15797976.646,16.519849999999998,-3246.47026,2098.2568499999998,2020-03-24 14:29:41.970,402623717.5848384,55543771.45102581,-14382701.152215738,148787539622.313,9881376338.067287,4282658289.706561,58932.6039579861
46,2020,3,24,14,44,41.97,-18539125.638,-13251674.336,-13779936.411,371.06065,-3021.1185,2379.8151700000003,2020-03-24 14:44:41.970,402525762.6026181,56338971.115259744,-14033510.317829914,148786038106.10025,9906012412.492464,4293338050.0912175,58932.61437465277
46,2020,3,24,14,59,41.97,-18047956.38,-15849888.845999999,-11526610.952000001,718.79875,-2744.5277199999996,2620.39172,2020-03-24 14:59:41.970,402425878.0874364,57133897.82120858,-13684249.700086907,148784531748.22272,9930648162.797138,4304017672.269551,58932.62479131943
46,2020,3,24,15,14,41.97,-17249088.603,-18177885.827,-9076722.218999999,1053.87573,-2421.5005,2816.02407,2020-03-24 15:14:41.970,402324064.5259621,57928547.687060945,-13334921.004762067,148783020548.77838,9955283588.139511,4314697155.876367,58932.6352079861
46,2020,3,24,15,29,41.97,-16156468.07,-20196317.018999998,-6472218.858,1370.67019,-2057.58595,2963.5126099999998,2020-03-24 15:29:41.970,402220322.41310287,58722916.8322076,-12985525.937930837,148781504507.86502,9979918687.677832,4325376500.546467,58932.64562465277
46,2020,3,24,15,44,41.97,-14788960.256000001,-21871129.154,-3757568.81,1663.8848799999998,-1658.98513,3060.46485,2020-03-24 15:44:41.970,402114652.25200254,59517001.37725395,-12636066.20596312,148779983625.58066,10004553460.57038,4336055705.914677,58932.65604131943
46,2020,3,24,15,59,41.97,-13170021.595,-23174105.118,-979017.735,1928.6278699999998,-1232.44855,3105.32706,2020-03-24 15:59:41.970,402007054.55404013,60310797.444032945,-12286543.515517613,148778457902.02396,10029187905.975471,4346734771.615813,58932.6664579861
46,2020,3,24,16,14,41.97,-11327300.813,-24083309.82,1816175.558,2160.48666,-785.16713,3097.40369,2020-03-24 16:14:41.970,401897529.8388284,61104301.155617915,-11936959.573536156,148776927337.2934,10053822023.051474,4357413697.28471,58932.67687465277
46,2020,3,24,16,29,41.97,-9292176.855,-24583435.618,4580515.504,2355.5948,-324.65824,3036.86434,2020-03-24 16:29:41.970,401786078.63421,61897508.63633503,-11587316.087238245,148775391931.488,10078455810.956793,4368092482.556208,58932.68729131943
46,2020,3,24,16,44,41.97,-7099240.483,-24666043.365000002,7267047.011,2510.6904,141.35199,2924.7386,2020-03-24 16:44:41.970,401672701.4762578,62690416.011776306,-11237614.764115255,148773851684.70682,10103089268.849874,4378771127.065148,58932.6977079861
46,2020,3,24,16,59,41.97,-4785727.116,-24329696.387,9830122.696,2623.16591,605.04878,2762.89908,2020-03-24 16:59:41.970,401557398.90927136,63483019.40881205,-10887857.31192488,148772306597.04944,10127722395.889198,4389449630.446385,58932.70812465277
46,2020,3,24,17,14,41.97,-2390908.887,-23579985.834,12226149.520000001,2691.10884,1058.64976,2554.03265,2020-03-24 17:14:41.970,401440171.4857763,64275314.95560383,-10538045.438685529,148770756668.61548,10152355191.233276,4400127992.334778,58932.71854131943
46,2020,3,24,17,29,41.97,44545.668999999994,-22429446.998,14414304.496000001,2713.33295,1494.52593,2301.6004900000003,2020-03-24 17:29:41.970,401321019.76652086,65067298.78161695,-10188180.852670683,148769201899.5048,10176987654.040691,4410806212.365204,58932.7289579861
46,2020,3,24,17,44,41.97,2479235.557,-20897367.334,16357209.399,2689.39949,1905.32121,2009.7870699999999,2020-03-24 17:44:41.970,401199944.32047546,65858967.01763346,-9838265.262403248,148767642289.81772,10201619783.470036,4421484290.172528,58932.73937465277
46,2020,3,24,17,59,41.97,4871705.7809999995,-19009488.061,18021554.751,2619.6281400000003,2284.06914,1683.43844,2020-03-24 17:59:41.970,401076945.7248293,66650315.79576453,-9488300.376649942,148766077839.65466,10226251578.67997,4432162225.391643,58932.74979131943
46,2020,3,24,18,14,41.97,7181130.881,-16797602.415000003,19378663.701,2505.09734,2624.30563,1327.99047,2020-03-24 18:14:41.970,400952024.56498975,67441341.24946332,-9138287.90441573,148764508549.11642,10250883038.829163,4442840017.657437,58932.7602079861
46,2020,3,24,18,29,41.97,9367993.811,-14299054.858,20404986.85,2347.63352,2920.17604,949.3872799999999,2020-03-24 18:29:41.970,400825181.4345788,68232039.51353769,-8788229.55493811,148762934418.30374,10275514163.076359,4453517666.604813,58932.77062465277
46,2020,3,24,18,44,41.97,11394750.126999998,-11556146.864,21082519.588,2149.7891999999997,3166.53545,553.99068,2020-03-24 18:44:41.970,400696416.9354325,69022406.72416277,-8438127.037681533,148761355447.3181,10300144950.580328,4464195171.868678,58932.78104131943
46,2020,3,24,18,59,41.97,13226467.259,-8615456.308999998,21399134.125,1914.80948,3359.04012,148.48135000000002,2020-03-24 18:59:41.970,400565731.6775977,69812439.01889378,-8087982.062331812,148759771636.26074,10324775400.499876,4474872533.083947,58932.7914579861
46,2020,3,24,19,14,41.97,14831428.468,-5527078.958,21348819.196,1646.58708,3494.22886,-260.24735999999996,2020-03-24 19:14:41.970,400433126.27933097,70602132.53667861,-7737796.338790446,148758182985.23358,10349405511.993853,4485549749.885546,58932.80187465277
46,2020,3,24,19,29,41.97,16181691.081999999,-2343802.082,20931821.347,1349.6057400000002,3569.59218,-665.20172,2020-03-24 19:29:41.970,400298601.3670956,71391483.4178705,-7387571.577169026,148756589494.3386,10374035284.221176,4496226821.908407,58932.81229131943
46,2020,3,24,19,44,41.97,17253588.735,879778.1579999999,20154682.902,1028.87238,3583.6277999999998,-1059.40464,2020-03-24 19:44:41.970,400162157.5755602,72180487.80424082,-7037309.487783596,148754991163.67792,10398664716.340761,4506903748.787473,58932.8227079861
46,2020,3,24,19,59,41.97,18028167.632,4088182.353,19030173.104000002,689.83848,3535.88049,-1436.01578,2020-03-24 19:59:41.970,400023795.54759616,72969141.83899167,-6687011.781149061,148753387993.35406,10423293807.51161,4517580530.157695,58932.83312465277
46,2020,3,24,20,14,41.97,18491547.448000003,7226001.773,17577110.581,338.31138,3426.9648199999997,-1788.45257,2020-03-24 20:14:41.970,399883515.9342756,73757441.66676834,-6336680.167973549,148751779983.4699,10447922556.892725,4528257165.65403,58932.84354131943
46,2020,3,24,20,29,41.97,18635198.291,10238864.449000001,15820077.171,-19.64335,3258.56922,-2110.5101999999997,2020-03-24 20:29:41.970,399741319.39486957,74545383.43367237,-5986316.35915277,148750167134.1284,10472550963.643194,4538933654.911444,58932.8539579861
46,2020,3,24,20,44,41.97,18456126.316000003,13074396.125,13789025.269,-377.80701,3033.44029,-2396.47784,2020-03-24 20:44:41.970,399597206.59684515,75332963.28727372,-5635922.065764453,148748549445.43274,10497179026.922127,4549609997.564915,58932.86437465277
46,2020,3,24,20,59,41.97,17956961.991,15683157.899,11518783.164,-729.91867,2755.3466900000003,-2641.24867,2020-03-24 20:59:41.970,399451178.21586376,76120177.37662387,-5285498.99906264,148746926917.4865,10521806745.888662,4560286193.249426,58932.87479131943
46,2020,3,24,21,14,41.97,17145946.845,18019541.976,9048465.224,-1069.7894900000001,2429.02212,-2840.4208299999996,2020-03-24 21:14:41.970,399303234.9357792,76907021.85226826,-4935048.870472157,148745299550.39346,10546434119.702011,4570962241.599974,58932.8852079861
46,2020,3,24,21,29,41.97,16036816.515,20042606.923,6420796.251,-1391.4183899999998,2060.08801,-2990.38676,2020-03-24 21:29:41.970,399153377.4486348,77693492.86625874,-4584573.391582927,148743667344.25763,10571061147.521408,4581638142.251556,58932.89562465277
46,2020,3,24,21,44,41.97,14648580.217,21716834.437000003,3681361.685,-1689.10614,1654.9566499999999,-3088.40825,2020-03-24 21:44:41.970,399001606.4546614,78479586.57216667,-4234074.274144414,148742030299.1834,10595687828.506144,4592313894.839191,58932.90604131943
46,2020,3,24,21,59,41.97,13005199.211,23012790.781,877797.527,-1957.56525,1220.71651,-3132.67498,2020-03-24 21:59:41.970,398847922.66227555,79265299.12509485,-3883553.230059925,148740388415.27515,10620314161.81553,4602989498.997888,58932.9164579861
46,2020,3,24,22,14,41.97,11135169.312,23907677.794,-1941064.2640000002,-2192.02284,765.00197,-3122.34467,2020-03-24 22:14:41.970,398692326.7880763,80050626.68169104,-3533011.9713810557,148738741692.63785,10644940146.608965,4613664954.362688,58932.92687465277
46,2020,3,24,22,29,41.97,9071014.971,24385760.682,-4726077.672,-2388.3138599999997,295.85031,-3057.56337,2020-03-24 22:29:41.970,398534819.5568439,80835565.40015966,-3182452.210302074,148737090131.37637,10669565782.045841,4624340260.568628,58932.93729131943
46,2020,3,24,22,44,41.97,6848704.783,24438662.617999997,-7428673.579,-2542.9620800000002,-178.45071000000002,-2939.4652300000002,2020-03-24 22:44:41.970,398375401.7015371,81620111.44027494,-2831875.6591542424,148735433731.59604,10694191067.285635,4635015417.250755,58932.9477079861
46,2020,3,24,22,59,41.97,4507000.302999999,24065519.315,-10001741.115999999,-2653.247,-649.52094,-2770.1514500000003,2020-03-24 22:59:41.970,398214073.9632903,82404260.96339358,-2481284.030400281,148733772493.4026,10718816001.487848,4645690424.044128,58932.95812465277
46,2020,3,24,23,14,41.97,2086751.788,23272990.21,-12400480.901999999,-2717.25466,-1109.04774,-2552.6489500000002,2020-03-24 23:14:41.970,398050837.0914122,83188010.13246706,-2130679.0366286896,148732106416.90167,10743440583.81203,4656365280.583812,58932.96854131943
46,2020,3,24,23,29,41.97,-369844.26,22075126.419,-14583212.389,-2733.91153,-1548.9437,-2290.84996,2020-03-24 23:29:41.970,397885691.84338284,83971355.1120542,-1780062.390548172,148730435502.19946,10768064813.417786,4667039986.504886,58932.9789579861
46,2020,3,24,23,44,41.97,-2820010.076,20493099.110999998,-16512118.822,-2703.0006599999997,-1961.4984900000002,-1989.43413,2020-03-24 23:44:41.970,397718638.9848513,84754292.0683341,-1429435.8049819828,148728759749.4022,10792688689.46474,4677714541.442438,58932.98937465277
46,2020,3,24,23,59,41.97,-5221158.155,18554795.283999998,-18153915.08,-2625.16008,-2339.52115,-1653.77546,2020-03-24 23:59:41.970,397549679.28963304,85536817.16911843,-1078800.9928623657,148727079158.61642,10817312211.112593,4688388945.031563,58932.99979131943
46,2020,3,25,0,14,41.97,-7531652.779,16294292.109,-19480425.892,-2501.86396,-2676.4697100000003,-1289.83655,2020-03-25 00:14:41.970,397378813.53970844,86318926.58386423,-728159.6672248811,148725393729.9492,10841935377.521076,4699063196.907368,58933.0102079861
46,2020,3,25,0,29,41.97,-9711550.950000001,13751215.141999999,-20469063.904999997,-2335.38761,-2966.56638,-904.05269,2020-03-25 00:29:41.970,397206042.5252192,87100616.48368603,-377513.5412028453,148723703463.50745,10866558187.849964,4709737296.704966,58933.02062465277
46,2020,3,25,0,44,41.97,-11723297.341,10970012.757000001,-21103200.746,-2128.7571199999998,-3204.8940300000004,-503.20966,2020-03-25 00:44:41.970,397031367.04446673,87881883.04136904,-26864.328021676043,148722008359.3985,10891180641.259079,4720411244.059489,58933.03104131943
46,2020,3,25,0,59,41.97,-13532375.505,7999139.733,-21372425.389,-1885.6862299999998,-3387.4756,-94.31681,2020-03-25 00:59:41.970,396854787.9039094,88662722.4313813,323786.2590066756,148720308417.72998,10915802736.908295,4731085038.606071,58933.0414579861
46,2020,3,25,1,14,41.97,-15107893.091,4890184.26,-21272687.931,-1610.50145,-3511.33327,315.52066,2020-03-25 01:14:41.970,396676305.91816014,89443130.82988639,674436.5064893934,148718603638.60986,10940424473.957525,4741758679.979858,58933.05187465277
46,2020,3,25,1,29,41.97,-16423096.138,1696949.343,-20806328.735999998,-1308.058,-3574.528,719.22816,2020-03-25 01:29:41.970,396495921.9099838,90223104.41475594,1025084.700958358,148716894022.14603,10965045851.566744,4752432167.816009,58933.06229131943
46,2020,3,25,1,44,41.97,-17455804.218000002,-1525492.555,-19981995.333,-983.64834,-3576.17953,1109.88438,2020-03-25 01:44:41.970,396313636.7102949,91002639.3655821,1375729.1288757643,148715179568.44696,10989666868.89594,4763105501.749686,58933.0727079861
46,2020,3,25,1,59,41.97,-18188760.794999998,-4721754.271,-18814451.432,-642.90554,-3516.46742,1480.8380000000002,2020-03-25 01:59:41.970,396129451.15815514,91781731.86369015,1726368.0766397556,148713460277.6213,11014287525.105188,4773778681.416075,58933.08312465277
46,2020,3,25,2,14,41.97,-18609894.98,-7837081.412,-17324284.146,-291.70336000000003,-3396.614,1825.81691,2020-03-25 02:14:41.970,395943366.10077,92560378.09215128,2076999.830590017,148711736149.77798,11038907819.354578,4784451706.450353,58933.09354131943
46,2020,3,25,2,29,41.97,-18712492.566,-10818276.847,-15537516.972,63.945130000000006,-3218.85054,2139.02823,2020-03-25 02:29:41.970,395755382.3934881,93338574.23579457,2427622.677013364,148710007185.0259,11063527750.804277,4795124576.487727,58933.1039579861
46,2020,3,25,2,44,41.97,-18495275.860000003,-13614587.654000001,-13485137.237000002,417.98861,-2986.36791,2415.24817,2020-03-25 02:44:41.970,395565500.8997964,94116316.48122,2778234.902149392,148708273383.47476,11088147318.61447,4805797291.163402,58933.11437465277
46,2020,3,25,2,59,41.97,-17962393.222999997,-16178541.293,-11202547.629999999,764.43682,-2703.25336,2649.90076,2020-03-25 02:59:41.970,395373722.4913191,94893601.01681075,3128834.79219605,148706534745.23395,11112766521.945406,4816469850.1126,58933.12479131943
46,2020,3,25,3,14,41.97,-17123320.583,-18466719.130000003,-8728952.125,1097.45668,-2374.41476,2839.12485,2020-03-25 03:14:41.970,395180048.04781497,95670424.03274581,3479420.633315251,148704791270.41336,11137385359.95737,4827142252.970551,58933.1352079861
46,2020,3,25,3,29,41.97,-15992678.28,-20440456.880000003,-6106687.036,1411.4641299999998,-2005.49421,2979.82894,2020-03-25 03:29:41.970,394984478.4571737,96446781.72101228,3829990.711638484,148703042959.12332,11162003831.810719,4837814499.372497,58933.14562465277
46,2020,3,25,3,44,41.97,-14589967.637,-22066462.918,-3380508.259,1701.2105099999999,-1602.77222,3069.7337199999997,2020-03-25 03:44:41.970,394787014.61541456,97222670.27541836,4180543.3132724357,148701289811.4741,11186621936.665825,4848486588.95369,58933.15604131943
46,2020,3,25,3,59,41.97,-12939232.462,-23317346.844,-596845.875,1961.86287,-1173.0643,3107.40207,2020-03-25 03:59:41.970,394587657.4266828,97998085.89160508,4531076.724304542,148699531827.57626,11211239673.68314,4859158521.349391,58933.1664579861
46,2020,3,25,4,14,41.97,-11068651.466,-24172051.992000002,2196962.683,2189.07708,-723.61118,3092.2566800000004,2020-03-25 04:14:41.970,394386407.8032478,98773024.76705964,4881589.230808659,148697769007.5409,11235857042.023144,4869830296.194879,58933.17687465277
46,2020,3,25,4,29,41.97,-9010068.19,-24616186.912,4953449.784,2379.06346,-261.96429,3024.5853899999997,2020-03-25 04:29:41.970,394183266.6654995,99547483.1011272,5232079.118850604,148696001351.47903,11260474040.846373,4880501913.125437,58933.18729131943
46,2020,3,25,4,44,41.97,-6798465.573000001,-24642252.058,7625794.072,2528.6441,204.13236,2905.53441,2020-03-25 04:44:41.970,393978234.9419465,100321457.09502374,5582544.674493797,148694228859.5022,11285090669.313408,4891173371.776361,58933.1977079861
46,2020,3,25,4,59,41.97,-4471392.801,-24249759.149,10168585.475,2635.30148,666.86235,2737.08964,2020-03-25 04:59:41.970,393771313.5692131,101094942.95184839,5932984.183804834,148692451531.72195,11309706926.58488,4901844671.782963,58933.20812465277
46,2020,3,25,5,14,41.97,-2068352.473,-23445241.806,12538568.197,2697.218,1118.45807,2522.04644,2020-03-25 05:14:41.970,393562503.49203634,101867936.87659612,6283395.932859121,148690669368.25037,11334322811.821476,4912515812.780563,58933.21854131943
46,2020,3,25,5,29,41.97,369843.46499999997,-22242157.213,14695351.364,2713.30577,1551.32147,2263.96812,2020-03-25 05:29:41.970,393351805.66326344,102640435.07616992,6633778.207746432,148688882369.19943,11358938324.183922,4923186794.404485,58933.2289579861
46,2020,3,25,5,44,41.97,2801740.228,-20660679.686,16602077.344,2683.2266,1958.1433,1967.13337,2020-03-25 05:44:41.970,393139221.0438492,103412433.75939324,6984129.294576534,148687090534.6817,11383553462.832994,4933857616.290081,58933.23937465277
46,2020,3,25,5,59,41.97,5185919.975,-18727388.19,18226038.02,2607.4015,2332.01933,1636.47327,2020-03-25 05:59:41.970,392924750.6028531,104183929.13702278,7334447.479484791,148685293864.80984,11408168226.929539,4944528278.072701,58933.24979131943
46,2020,3,25,6,14,41.97,7481685.394,-16474851.036,19539229.727,2487.00953,2666.56236,1277.49807,2020-03-25 06:14:41.970,392708395.3174368,104954917.4217606,7684731.048637726,148683492359.69672,11432782615.634418,4955198779.3877125,58933.2602079861
46,2020,3,25,6,29,41.97,9649737.308,-13941112.228,20518837.945,2323.97562,2956.00855,896.21439,2020-03-25 06:29:41.970,392490156.1728603,105725394.82826672,8034978.288238646,148681686019.45566,11457396628.108566,4965869119.870493,58933.27062465277
46,2020,3,25,6,44,41.97,11652836.242999999,-11169085.28,21147643.406,2120.9471,3195.31644,499.0335,2020-03-25 06:44:41.970,392270034.162481,106495357.5731714,8385187.484533227,148679874844.2,11482010263.51296,4976539299.156428,58933.28104131943
46,2020,3,25,6,59,41.97,13456437.700000001,-8205861.7020000005,21414341.901,1881.25868,3380.25726,92.67142,2020-03-25 06:59:41.970,392048030.287749,107264801.875088,8735356.923815124,148678058834.0435,11506623521.008638,4987209316.880932,58933.2914579861
46,2020,3,25,7,14,41.97,15029290.723,-5101942.852999999,21313770.871,1608.88591,3507.49466,-315.95813,2020-03-25 07:14:41.970,391824145.55820507,108033723.9546247,9085484.8924315,148676237989.1,11531236399.756672,4997879172.679407,58933.30187465277
46,2020,3,25,7,29,41.97,16343989.365,-1910405.427,20847036.851,1308.38707,3574.65218,-719.85681,2020-03-25 07:29:41.970,391598380.99147815,108802120.03439763,9435569.676788734,148674412309.4838,11555848898.9182,5008548866.187279,58933.31229131943
46,2020,3,25,7,44,41.97,17377466.808000002,1313987.625,20021539.047,984.83392,3580.36666,-1112.0591399999998,2020-03-25 07:44:41.970,391370737.61328226,109569986.33904277,9785609.563357903,148672581795.30933,11580461017.654408,5019218397.039995,58933.3227079861
46,2020,3,25,7,59,41.97,18111422.213000003,4515717.285,18850885.734,643.73157,3524.32599,-1485.7528399999999,2020-03-25 07:59:41.970,391141216.4574128,110337319.09522852,10135602.838680409,148670746446.69138,11605072755.126518,5029887764.873002,58933.33312465277
46,2020,3,25,8,14,41.97,18532671.005,7639464.862,17354701.88,290.92863,3407.2893299999996,-1834.3998800000002,2020-03-25 08:14:41.970,390909818.56574494,111104114.53166835,10485547.789373584,148668906263.74487,11629684110.495823,5040556969.321761,58933.34354131943
46,2020,3,25,8,29,41.97,18633410.156000003,10631078.29,15558328.295,-67.48163,3231.08862,-2151.8561,2020-03-25 08:29:41.970,390676544.9882299,111870368.87913263,10835442.702136282,148667061246.585,11654295082.923655,5051226010.021749,58933.3539579861
46,2020,3,25,8,44,41.97,18411391.21,13438530.899,13492414.78,-425.26718,2998.61025,-2432.4867,2020-03-25 08:44:41.970,390441396.78289205,112636078.37046164,11185285.863754436,148665211395.32715,11678905671.571396,5061894886.608452,58933.36437465277
46,2020,3,25,8,59,41.97,17869995.29,16012854.419,11192412.033,-776.1687900000001,2713.75607,-2671.27527,2020-03-25 08:59:41.970,390204375.01582617,113401239.24057749,11535075.561106639,148663356710.08722,11703515875.600502,5072563598.717369,58933.37479131943
46,2020,3,25,9,14,41.97,17018206.128000002,18309027.588,8697969.541000001,-1114.01472,2381.3836899999997,-2863.92326,2020-03-25 09:14:41.970,389965480.7611947,114165847.72649674,11884810.081169792,148661497190.9811,11728125694.172453,5083232145.98402,58933.3852079861
46,2020,3,25,9,29,41.97,15870479.265,20286801.809,6052249.072,-1432.83633,2007.2264199999997,-3006.9375800000003,2020-03-25 09:29:41.970,389724715.10122454,114929900.06734268,12234487.71102462,148659632838.12506,11752735126.448792,5093900528.043928,58933.39562465277
46,2020,3,25,9,44,41.97,14446507.835,21911445.985,3301165.772,-1726.98183,1597.7939800000001,-3097.70353,2020-03-25 09:44:41.970,389482079.1262037,115693392.50435776,12584106.73786127,148657763651.63565,11777344171.591122,5104568744.532631,58933.40604131943
46,2020,3,25,9,59,41.97,12770887.833,23154393.884,492571.02200000006,-1991.22542,1160.25552,-3134.54093,2020-03-25 09:59:41.970,389237573.9344788,116456321.28091575,12933665.448984938,148655889631.6294,11801952828.761086,5115236795.085682,58933.4164579861
46,2020,3,25,10,14,41.97,10872688.273,23993779.208,-2324606.9779999997,-2220.86907,702.3074799999999,-3116.7416399999997,2020-03-25 10:14:41.970,388991200.63245213,117218682.6425344,13283162.131821383,148654010778.22348,11826561097.120392,5125904679.338643,58933.42687465277
46,2020,3,25,10,29,41.97,8784934.064,24414845.939999998,-5101247.470000001,-2411.83424,232.0291,-3044.58711,2020-03-25 10:29:41.970,388742960.33457786,117980472.83688746,13632595.073922558,148652127091.5351,11851168975.830782,5136572396.927094,58933.43729131943
46,2020,3,25,10,44,41.97,6544011.768999999,24410224.382,-7788927.937000001,-2560.7411899999997,-242.27093,-2919.34528,2020-03-25 10:44:41.970,388492854.1633602,118741688.11381741,13981962.562972173,148650238571.6818,11875776464.054068,5147239947.486629,58933.4477079861
46,2020,3,25,10,59,41.97,4189010.3769999994,23980066.522,-10340802.739999998,-2664.97377,-712.21309,-2743.2466999999997,2020-03-25 10:59:41.970,388240883.24934894,119502324.72534731,14331262.886791274,148648345218.7811,11900383560.952108,5157907330.652847,58933.45812465277
46,2020,3,25,11,14,41.97,1761010.9130000002,23132037.824,-12712451.16,-2722.7281,-1169.5068099999999,-2519.44058,2020-03-25 11:14:41.970,387987048.73113775,120262378.92569365,14680494.333343795,148646447032.95132,11924990265.68682,5168574546.061364,58933.46854131943
46,2020,3,25,11,29,41.97,-697660.11,21881166.096,-14862677.202000001,-2733.04409,-1606.10768,-2251.93178,2020-03-25 11:29:41.970,387731351.7553601,121021846.97127812,15029655.19074219,148644544014.31058,11949596577.420172,5179241593.347819,58933.4789579861
46,2020,3,25,11,44,41.97,-3144197.6289999997,20249551.53,-16754244.883,-2695.8192,-2014.3680900000002,-1945.50079,2020-03-25 11:44:41.970,387473793.47668666,121780725.12074046,15378743.747252947,148642636162.9774,11974202495.31418,5189908472.147855,58933.48937465277
46,2020,3,25,11,59,41.97,-5536089.392,18265945.332,-18354534.544,-2611.80454,-2387.17809,-1605.60868,2020-03-25 11:59:41.970,387214375.0578218,122539009.63495041,15727758.291302208,148640723479.0705,11998808018.530916,5200575182.097123,58933.49979131943
46,2020,3,25,12,14,41.97,-7831876.0030000005,15965207.243,-19636107.911,-2482.58379,-2718.09319,-1238.28981,2020-03-25 12:14:41.970,386953097.6695009,123296696.77702002,16076697.111481316,148638805962.70886,12023413146.232521,5211241722.831301,58933.5102079861
46,2020,3,25,12,29,41.97,-9991884.637,13387654.812,-20577172.095999997,-2310.53595,-3001.44674,-850.03503,2020-03-25 12:29:41.970,386689962.49048686,124053782.81231622,16425558.496552387,148636883614.01187,12048017877.581161,5221908093.986066,58933.52062465277
46,2020,3,25,12,44,41.97,-11978922.49,10578319.246,-21161935.321000002,-2098.78336,-3232.44489,-447.66833,2020-03-25 12:44:41.970,386424970.7075671,124810264.00847289,16774340.735453907,148634956433.09906,12072622211.739094,5232574295.197128,58933.53104131943
46,2020,3,25,12,59,41.97,-13758917.437,7586124.178,-21380849.784,-1851.12671,-3407.24275,-38.2199,2020-03-25 12:59:41.970,386158123.5155502,125566136.63540311,17123042.117306262,148633024420.0901,12097226147.86859,5243240326.100197,58933.5414579861
46,2020,3,25,13,14,41.97,-15301495.016,4463004.619,-21230739.678999998,-1571.9688199999998,-3523.00104,371.20167999999995,2020-03-25 13:14:41.970,385889422.1172633,126321396.96531159,17471660.93141734,148631087575.10504,12121829685.132008,5253906186.330997,58933.55187465277
46,2020,3,25,13,29,41.97,-16580482.635,1262983.8299999998,-20714814.794999998,-1266.2295,-3577.9230000000002,773.5355000000001,2020-03-25 13:29:41.970,385618867.72354794,127076041.27270691,17820195.46728807,148629145898.2642,12146432822.69174,5264571875.525272,58933.56229131943
46,2020,3,25,13,44,41.97,-17574333.756,-1958774.202,-19842572.348,-939.25323,-3571.27173,1161.8903,2020-03-25 13:44:41.970,385346461.55325776,127830065.83441368,18168644.01461802,148627199389.68796,12171035559.710258,5275237393.318775,58933.5727079861
46,2020,3,25,13,59,41.97,-18266466.668,-5146919.368,-18629591.663,-596.71195,-3503.36876,1529.66024,2020-03-25 13:59:41.970,385072204.8332545,128583466.92958495,18517004.863310922,148625248049.49734,12195637895.350063,5285902739.347277,58933.58312465277
46,2020,3,25,14,14,41.97,-18645514.257999998,-8246860.577,-17097228.029000003,-244.50485,-3375.57463,1870.63294,2020-03-25 14:14:41.970,384796098.7984057,129336240.83971423,18865276.303480286,148623291877.81332,12220239828.773726,5296567913.246558,58933.59354131943
46,2020,3,25,14,29,41.97,-18705482.916,-11205685.883,-15272213.427000001,111.34304,-3190.25289,2179.0881999999997,2020-03-25 14:29:41.970,384518144.69158006,130088383.84864798,19213456.625454914,148621330874.75708,12244841359.143862,5307232914.652418,58933.6039579861
46,2020,3,25,14,44,41.97,-18445820.248,-13973043.207999999,-13186173.003,464.78186,-2950.7188499999997,2449.88634,2020-03-25 14:44:41.970,384238343.7636459,130839892.24259786,19561544.1197845,148619365040.45013,12269442485.623169,5317897743.20067,58933.61437465277
46,2020,3,25,14,59,41.97,-17871392.734,-16501968.615000002,-10875066.999,809.8357900000001,-2661.17451,2678.5453700000003,2020-03-25 14:59:41.970,383956697.27346593,131590762.31015284,19909537.077245146,148617394375.0144,12294043207.374357,5328562398.527143,58933.62479131943
46,2020,3,25,15,14,41.97,-16992375.723,-18749650.463000003,-8378568.513,1140.69876,-2326.63138,2861.30639,2020-03-25 15:14:41.970,383673206.48789597,132340990.34229128,20257433.78884494,148615418878.57193,12318643523.560232,5339226880.2676735,58933.6352079861
46,2020,3,25,15,29,41.97,-15824059.284,-20678119.17,-5739387.899999999,1451.82557,-1952.82266,2995.1866800000003,2020-03-25 15:29:41.970,383387872.6817803,133090572.63239351,20605232.545829564,148613438551.24496,12343243433.343637,5349891188.058121,58933.64562465277
46,2020,3,25,15,44,41.97,-14386574.412,-22254853.772,-3002554.866,1738.01757,-1546.10637,3078.02059,2020-03-25 15:44:41.970,383100697.1379483,133839505.47625376,20952931.639687788,148611453393.1561,12367842935.88748,5360555321.534351,58933.65604131943
46,2020,3,25,15,59,41.97,-12704544.909,-23453297.793,-214669.471,1994.50204,-1113.36096,3108.4878,2020-03-25 15:59:41.970,382811681.14721173,134587785.17209265,21300529.362157047,148609463404.42798,12392442030.354717,5371219280.332256,58933.6664579861
46,2020,3,25,16,14,41.97,-10806671.012,-24253278.341000002,2576866.7879999997,2217.0043800000003,-661.87487,3086.12927,2020-03-25 16:14:41.970,382520826.00836134,135335408.02056888,21648024.005228955,148607468585.18378,12417040715.90836,5381883064.087732,58933.67687465277
46,2020,3,25,16,29,41.97,-8725251.441,-24641323.593000002,5324628.684,2401.8126500000003,-199.23144000000002,3011.3509,2020-03-25 16:29:41.970,382228133.02816284,136082370.32479215,21995413.86115495,148605468935.54684,12441638991.711504,5392546672.4367,58933.68729131943
46,2020,3,25,16,44,41.97,-6495651.068,-24610875.094,7981942.8,2545.83375,266.80958,2885.41508,2020-03-25 16:44:41.970,381933603.52135485,136828668.39033478,22342697.222451784,148603464455.6407,12466236856.927258,5403210105.01508,58933.6977079861
46,2020,3,25,16,59,41.97,-4155721.916,-24162392.481,10503650.131000001,2646.6409400000002,728.4323499999999,2710.42044,2020-03-25 16:59:41.970,381637238.8106434,137574298.52524418,22689872.381907046,148601455145.58908,12490834310.718817,5413873361.458828,58933.70812465277
46,2020,3,25,17,14,41.97,-1745185.5680000002,-23303349.398,12846845.228,2702.51196,1177.8862000000001,2489.27,2020-03-25 17:14:41.970,381339040.2267007,138319257.04005465,23036937.63258476,148599441005.51605,12515431352.24943,5424536441.4039,58933.71854131943
46,2020,3,25,17,29,41.97,695014.498,-22048120.52,14971581.619,2712.45768,1607.6062,2225.62814,2020-03-25 17:29:41.970,381039009.1081606,139063540.2478004,23383891.267830957,148597422035.54608,12540027980.682402,5435199344.486272,58933.7289579861
46,2020,3,25,17,44,41.97,3123381.809,-20417760.702,16841533.528,2676.2406,2010.3320099999999,1923.86659,2020-03-25 17:44:41.970,380737146.80161494,139807144.4640265,23730731.581279147,148595398235.80353,12564624195.1811,5445862070.341934,58933.73937465277
46,2020,3,25,17,59,41.97,5498547.835,-18439678.486,18424604.275000002,2594.3830000000003,2379.22363,1589.00001,2020-03-25 17:59:41.970,380433454.6616107,140550066.00680232,24077456.866855916,148593369606.41336,12589219994.908924,5456524618.606898,58933.74979131943
46,2020,3,25,18,14,41.97,7779955.442000001,-16147207.326,19693472.086000003,2468.16435,2707.9726800000003,1226.61142,2020-03-25 18:14:41.970,380127934.0506467,141292301.19673246,24424065.418786418,148591336147.5006,12613815379.029377,5467186988.917181,58933.7602079861
46,2020,3,25,18,29,41.97,9928535.035999998,-13579079.214,20626064.505999997,2299.60761,2990.90778,842.76817,2020-03-25 18:29:41.970,379820586.33916897,142033846.35697007,24770555.53160003,148589297859.1905,12638410346.705984,5477849180.908825,58933.77062465277
46,2020,3,25,18,44,41.97,11907363.324,-10778806.672999999,21205953.132,2091.45426,3223.09254,443.92909000000003,2020-03-25 18:44:41.970,379511412.9055688,142774697.81322804,25116925.50013576,148587254741.60867,12663004897.102335,5488511194.217883,58933.78104131943
46,2020,3,25,18,59,41.97,13682294.401999999,-7793980.525,21422661.083,1847.12774,3400.4144499999998,36.84351,2020-03-25 18:59:41.970,379200415.1361783,143514851.8937918,25463173.61954787,148585206794.8809,12687599029.38209,5499173028.48042,58933.7914579861
46,2020,3,25,19,14,41.97,15222552.758,-4675492.3319999995,21271876.386,1570.6853899999999,3519.66309,-371.55663,2020-03-25 19:14:41.970,378887594.42526656,144254304.92953056,25809298.185311403,148583154019.13336,12712192742.70897,5509834683.332528,58933.80187465277
46,2020,3,25,19,29,41.97,16501277.802000001,-1476691.953,20755565.518,1266.75884,3578.5958,-774.2705100000001,2020-03-25 19:29:41.970,378572952.1750373,144993053.253911,26155297.4932277,148581096414.4923,12736786036.246729,5520496158.410302,58933.81229131943
46,2020,3,25,19,44,41.97,17496009.708,1747507.721,19881982.549,940.4832,3575.98912,-1164.34646,2020-03-25 19:44:41.970,378256489.79562443,145731093.20300782,26501169.839429956,148579033981.08438,12761378909.159208,5531157453.349864,58933.8227079861
46,2020,3,25,19,59,41.97,18189106.698,4941565.261,18665570.788000003,597.41573,3511.67425,-1535.00247,2020-03-25 19:59:41.970,377938208.7050888,146468421.11551648,26846913.520388726,148576966719.03625,12785971360.610308,5541818567.787344,58933.83312465277
46,2020,3,25,20,14,41.97,18568084.588000003,8050269.271,17126755.588,243.44454,3386.5548400000002,-1879.74722,2020-03-25 20:14:41.970,377618110.3294142,147205033.3327653,27192526.832917493,148574894628.47522,12810563389.763968,5552479501.3588915,58933.84354131943
46,2020,3,25,20,29,41.97,18625870.257999998,11019704.609000001,15291628.872,-115.31118,3202.60597,-2192.4992300000004,2020-03-25 20:29:41.970,377296196.10250497,147940926.19872782,27538008.074178226,148572817709.5283,12835154995.78419,5563140253.700673,58933.8539579861
46,2020,3,25,20,44,41.97,18360962.004,13798208.671,13191528.166,-472.60801000000004,2962.85298,-2467.70172,2020-03-25 20:44:41.970,376972467.46618044,148676096.06003433,27883355.541686773,148570735962.3234,12859746177.835066,5573800824.448871,58933.86437465277
46,2020,3,25,20,59,41.97,17777491.194,16337299.440000001,10862515.223000001,-822.19042,2671.32981,-2700.43044,2020-03-25 20:59:41.970,376646925.8701737,149410539.2659843,28228567.533318643,148568649386.9881,12884336935.0807,5584461213.239681,58933.87479131943
46,2020,3,25,21,14,41.97,16885181.559,18592556.628,8344761.782,-1157.90576,2333.01648,-2886.4917299999997,2020-03-25 21:14:41.970,376319572.77212596,150144252.16855857,28573642.34731425,148566557983.65067,12908927266.685297,5595121419.709326,58933.8852079861
46,2020,3,25,21,29,41.97,15699204.531,20524437.437,5681852.423,-1473.8198300000001,1953.75639,-3022.50827,2020-03-25 21:29:41.970,375990409.63758415,150877231.12243098,28918578.282284647,148564461752.43933,12933517171.813114,5605781443.494024,58933.89562465277
46,2020,3,25,21,44,41.97,14239931.385,22099009.168,2920016.8159999996,-1764.3302,1540.15456,-3105.9898399999997,2020-03-25 21:44:41.970,375659437.93999654,151609472.48498097,29263373.637216963,148562360693.48264,12958106649.628454,5616441284.230031,58933.90604131943
46,2020,3,25,21,59,41.97,12532585.396,23288582.263,107305.79000000001,-2024.2745599999998,1099.45844,-3135.38707,2020-03-25 21:59:41.970,375326659.16070956,152340972.61630535,29608026.71147993,148560254806.90958,12982695699.295696,5627100941.553612,58933.9164579861
46,2020,3,25,22,14,41.97,10606799.772,24072229.221,-2707272.566,-2249.03136,639.42395,-3110.12625,2020-03-25 22:14:41.970,374992074.78896415,153071727.87923023,29952535.804829463,148558144092.84894,13007284319.979269,5637760415.101046,58933.92687465277
46,2020,3,25,22,29,41.97,8496089.492999999,24436177.328,-5474639.212,-2434.61002,168.16958000000002,-3030.62416,2020-03-25 22:29:41.970,374655686.3218916,153801734.63932344,30296899.21741408,148556028551.43045,13031872510.843666,5648419704.508629,58933.93729131943
46,2020,3,25,22,44,41.97,6237247.527000001,24374066.027000003,-8146534.458,-2577.72846,-305.97794,-2898.28208,2020-03-25 22:44:41.970,374317495.2645104,154530989.26490626,30641115.24978057,148553908182.78345,13056460271.05345,5659078809.41268,58933.9477079861
46,2020,3,25,22,59,41.97,3869677.792,23887063.017,-10676393.557,-2675.87579,-774.64256,-2715.45912,2020-03-25 22:59:41.970,373977503.12972265,155259488.12706542,30985182.202879354,148551782987.03775,13081047599.773228,5669737729.44953,58933.95812465277
46,2020,3,25,23,14,41.97,1434678.889,22983836.656,-13020189.227,-2727.3588,-1229.55866,-2485.4255900000003,2020-03-25 23:14:41.970,373635711.43830913,155987227.59966552,31329098.37807013,148549652964.32352,13105634496.167686,5680396464.2555275,58933.96854131943
46,2020,3,25,23,29,41.97,-1025306.2440000001,21680385.793,-15137223.611,-2731.33113,-1662.72749,-2212.2975399999996,2020-03-25 23:29:41.970,373292121.7189273,156714204.05936083,31672862.07712729,148547518114.77106,13130220959.40156,5691055013.467039,58933.9789579861
46,2020,3,25,23,44,41.97,-3467458.956,19999731.610999998,-16990853.614,-2687.80463,-2066.56678,-1900.9544899999999,2020-03-25 23:44:41.970,372946735.5081062,157440413.8856071,32016471.602245532,148545378438.511,13154806988.639662,5701713376.7204485,58933.98937465277
46,2020,3,25,23,59,41.97,-5849355.778,17971479.283,-18549135.443,-2597.64314,-2434.04988,-1556.94259,2020-03-25 23:59:41.970,372599554.3502435,158165853.46067387,32359925.2560453,148543233935.6742,13179392583.04685,5712371553.652156,58933.99979131943
46,2020,3,26,0,14,41.97,-8129725.073,15631261.622,-19785376.402999997,-2462.53915,-2758.83152,-1186.3659,2020-03-26 00:14:41.970,372250579.7976014,158890519.16965637,32703221.34157833,148541084606.39154,13203977741.788054,5723029543.89858,58934.0102079861
46,2020,3,26,0,29,41.97,-10269179.816,13020069.161,-20678584.542,-2284.97453,-3035.3585500000004,-795.76819,2020-03-26 00:29:41.970,371899813.41030264,159614407.40048733,33046358.162333157,148538930450.79474,13228562464.028261,5733687347.096156,58934.02062465277
46,2020,3,26,0,44,41.97,-12230899.531,10183503.104,-21213808.935000002,-2068.1666,-3258.96135,-392.00942,2020-03-26 00:44:41.970,371547256.75632775,160337514.5439496,33389334.02224063,148536771469.01514,13253146748.932526,5744344962.881336,58934.03104131943
46,2020,3,26,0,59,41.97,-13981266.66,7170939.664000001,-21382367.148000002,-1816.00162,-3425.92817,17.86181,2020-03-26 00:59:41.970,371192911.4115097,161059836.9936873,33732147.225679405,148534607661.18445,13277730595.66597,5755002390.890597,58934.0414579861
46,2020,3,26,1,14,41.97,-15490433.558999998,4034643.732,-21181957.468000002,-1532.95721,-3533.55883,426.7359,2020-03-26 01:14:41.970,370836778.9595309,161781371.14621833,34074796.077481516,148532439027.43494,13302314003.393766,5765659630.76042,58934.05187465277
46,2020,3,26,1,29,41.97,-16732816.504999999,828841.536,-20616657.023,-1224.01611,-3580.19904,827.5678800000001,2020-03-26 01:29:41.970,370478860.99192005,162502113.40094617,34417278.88293774,148530265567.899,13326896971.281157,5776316682.127314,58934.06229131943
46,2020,3,26,1,44,41.97,-17687508.842,-2391228.717,-19696808.657,-894.5731099999999,-3565.25513,1213.49866,2020-03-26 01:44:41.970,370119159.10804725,163222060.160172,34759593.94780326,148528087282.709,13351479498.49345,5786973544.627806,58934.0727079861
46,2020,3,26,1,59,41.97,-18338608.116,-5570271.007999999,-18438801.404000003,-550.3372899999999,-3489.1901399999997,1577.96985,2020-03-26 01:59:41.970,369757674.91512007,163941207.82910666,35101739.57830309,148525904171.99805,13376061584.19601,5797630217.898433,58934.08312465277
46,2020,3,26,2,14,41.97,-18675453.859,-8653874.053,-16864751.122,-197.23154000000002,-3353.50207,1914.83062,2020-03-26 02:14:41.970,369394410.02818066,164659552.81588235,35443714.081137575,148523716235.89896,13400643227.554274,5808286701.575762,58934.09354131943
46,2020,3,26,2,29,41.97,-18692774.347999997,-11589426.817,-15002089.132,158.70895,-3160.6858,2218.4350400000003,2020-03-26 02:29:41.970,369029366.0701012,165377091.53156468,35785515.763487935,148521523474.54535,13425224427.733734,5818942995.296364,58934.1039579861
46,2020,3,26,2,44,41.97,-18390742.23,-14326992.797999999,-12883067.889,511.43742000000003,-2914.17983,2483.72897,2020-03-26 02:44:41.970,368662544.6715806,166093820.39016494,36127142.933021694,148519325888.07043,13449805183.899956,5829599098.696835,58934.11437465277
46,2020,3,26,2,59,41.97,-17774940.321999997,-16820130.205000002,-10544193.487,854.99421,-2618.2995,2706.32565,2020-03-26 02:59:41.970,368293947.4711394,166809735.80865142,36468593.89789832,148517123476.6085,13474385495.21856,5840255011.413794,58934.12479131943
46,2020,3,26,3,14,41.97,-16856240.146,-19026646.549000002,-8025595.457,1183.6018100000001,-2278.15833,2882.5693600000004,2020-03-26 03:14:41.970,367923576.1151175,167524834.20696196,36809866.966774486,148514916240.2933,13498965360.855238,5850910733.083878,58934.1352079861
46,2020,3,26,3,29,41.97,-15650596.841,-20909277.582,-5370344.705,1491.75543,-1899.57882,3009.58697,2020-03-26 03:29:41.970,367551432.257669,168239112.00801575,37150960.448809855,148512704179.2593,13523544779.975746,5861566263.343733,58934.14562465277
46,2020,3,26,3,44,41.97,-14178765.092,-22436281.941,-2623730.683,1774.30786,-1488.99456,3085.32699,2020-03-26 03:44:41.970,367177517.56075835,168952565.63772482,37491872.653672256,148510487293.64105,13548123751.745897,5872221601.830027,58934.15604131943
46,2020,3,26,3,59,41.97,-12465941.493,-23581944.224999998,167490.997,2026.5478899999998,-1053.34491,3108.58619,2020-03-26 03:59:41.970,366801833.69415736,169665191.52500638,37832601.89154349,148508265583.57346,13572702275.331581,5882876748.179452,58934.1664579861
46,2020,3,26,4,14,41.97,-10541339.505,-24326980.583,2955869.335,2244.27159,-599.9639,3079.02383,2020-03-26 04:14:41.970,366424382.33544034,170376986.10179478,38173146.473124675,148506039049.19135,13597280349.898745,5893531702.028711,58934.17687465277
46,2020,3,26,4,29,41.97,-8437703.750999998,-24658842.145999998,5694035.988,2423.84577,-136.46457,2997.16365,2020-03-26 04:29:41.970,366045165.1699804,171087945.80305305,38513504.709641665,148503807690.63046,13621857974.613398,5904186463.01454,58934.18729131943
46,2020,3,26,4,44,41.97,-6190770.941,-24571912.917000003,8335479.6559999995,2562.2629899999997,329.37973999999997,2864.3837799999997,2020-03-26 04:44:41.970,365664183.8909461,171798067.0667851,38853674.912850656,148501571508.02603,13646435148.641628,5914841030.773672,58934.1977079861
46,2020,3,26,4,59,41.97,-3838685.158,-24067599.854,10835306.081999999,2657.18791,789.7559699999999,2682.8949,2020-03-26 04:59:41.970,365281440.1992958,172507346.33404738,39193655.39504364,148499330501.51404,13671011871.14957,5925495404.942877,58934.20812465277
46,2020,3,26,5,14,41.97,-1421375.6739999999,-23154314.104000002,13150973.168,2706.9941700000004,1236.9324900000001,2455.70685,2020-03-26 05:14:41.970,364896935.8037758,173215780.04896122,39533444.46905389,148497084671.23062,13695588141.303444,5936149585.158933,58934.21854131943
46,2020,3,26,5,29,41.97,1020094.169,-21847343.416,15242990.983,2710.79167,1663.37954,2186.58404,2020-03-26 05:29:41.970,364510672.42091495,173923364.65872395,39873040.448261425,148494834017.31198,13720163958.269514,5946803571.058644,58934.2289579861
46,2020,3,26,5,44,41.97,3444198.1,-20168616.95,17075576.742000002,2668.44379,2061.88771,1879.9900400000001,2020-03-26 05:44:41.970,364122651.7750208,174630096.61362153,40212441.646598555,148492578539.89474,13744739321.214134,5957457362.278832,58934.23937465277
46,2020,3,26,5,59,41.97,5809628.864,-18146364.825,18617255.171,2580.57408,2425.68313,1541.0217,2020-03-26 05:59:41.970,363732875.59817576,175335972.36704022,40551646.378555305,148490318239.11575,13769314229.303717,5968110958.456334,58934.24979131943
46,2020,3,26,6,14,41.97,8075981.381,-15814675.973,19841395.054,2448.5622399999997,2748.53805,1175.3333,2020-03-26 06:14:41.970,363341345.63023347,176040988.3754779,40890652.959184855,148488053115.11206,13793888681.704721,5978764359.228008,58934.2602079861
46,2020,3,26,6,29,41.97,10204427.28,-13212959.122,20726673.223,2274.52889,3024.8752799999997,789.05125,2020-03-26 06:29:41.970,362948063.6188138,176745141.09855685,41229459.70410921,148485783168.02097,13818462677.58371,5989417564.230739,58934.27062465277
46,2020,3,26,6,44,41.97,12158370.681,-10385313.083999999,21257457.792,2061.3091200000003,3249.86501,388.68007,2020-03-26 06:44:41.970,362553031.3193,177448426.99903473,41568064.92952448,148483508397.98013,13843036216.107275,6000070573.101417,58934.28104131943
46,2020,3,26,6,59,41.97,13904074.923,-7379813.936,21424103.149,1812.41436,3419.51241,-18.99952,2020-03-26 06:59:41.970,362156250.49483347,178150842.5428171,41906466.9522064,148481228805.12726,13867609296.442106,6010723385.476965,58934.2914579861
46,2020,3,26,7,14,41.97,15411249.816,-4247728.21,21223150.027,1531.9827699999998,3530.73418,-427.03944,2020-03-26 07:14:41.970,361757722.91631055,178852384.19896865,42244664.08951587,148478944389.60062,13892181917.754934,6021376000.994315,58934.30187465277
46,2020,3,26,7,29,41.97,16653589.043,-1042662.73,20657425.040999997,1224.71811,3581.42245,-828.4386000000001,2020-03-26 07:29:41.970,361357450.3623776,179553048.43972576,42582654.659404464,148476655151.53824,13916754079.212578,6032028419.290423,58934.31229131943
46,2020,3,26,7,44,41.97,17609247.528,2180336.624,19736035.316,895.81754,3570.49413,-1216.2614,2020-03-26 07:44:41.970,360955434.619428,180252831.74050763,42920436.98041969,148474361091.07898,13941325779.981907,6042680640.002268,58934.3227079861
46,2020,3,26,7,59,41.97,18261248.976999998,5365723.419,18474255.346,550.8888,3497.92405,-1583.75837,2020-03-26 07:59:41.970,360551677.48159677,180951730.5799288,43258009.371710755,148472062208.36157,13965897019.229874,6053332662.766849,58934.33312465277
46,2020,3,26,8,14,41.97,18597814.5,8458411.132,16893304.963999998,195.85778000000002,3364.7604100000003,-1924.48716,2020-03-26 08:14:41.970,360146180.7507574,181649741.43981,43595370.153033845,148469758503.52496,13990467796.123487,6063984487.221179,58934.34354131943
46,2020,3,26,8,29,41.97,18612604.145,11404738.948,15020019.298999999,-163.13233,3173.1209900000003,-2232.43117,2020-03-26 08:29:41.970,359738946.2365181,182346860.8051909,43932517.64475763,148467449976.70847,14015038109.82983,6074636113.002288,58934.3539579861
46,2020,3,26,8,44,41.97,18304864.438,14153425.220999999,12886413.778,-519.82874,2926.16936,-2502.1136899999997,2020-03-26 08:44:41.970,359329975.75621575,183043085.1643417,44269450.16786878,148465136628.05176,14039607959.516056,6085287539.747243,58934.36437465277
46,2020,3,26,8,59,41.97,17679476.631,16656490.204999998,10529149.606999999,-867.9816900000001,2628.07036,-2728.70451,2020-03-26 08:59:41.970,358919271.1349136,183738411.00877458,44606166.04397738,148462818457.69467,14064177344.349377,6095938767.093109,58934.37479131943
46,2020,3,26,9,14,41.97,16746902.202000001,18870129.388,7988907.586,-1201.45974,2283.92486,-2908.11652,2020-03-26 09:14:41.970,358506834.2053967,184432834.83325568,44942663.595322445,148460495465.77704,14088746263.497084,6106589794.676991,58934.3852079861
46,2020,3,26,9,29,41.97,15523024.343999999,20755519.011,5309680.551,-1514.36519,1899.68449,-3037.08951,2020-03-26 09:29:41.970,358092666.8081671,185126353.1358172,45278941.14477734,148458167652.4394,14113314716.126514,6117240622.136,58934.39562465277
46,2020,3,26,9,44,41.97,14028886.51,22279536.15,2537997.059,-1801.1469499999998,1482.04729,-3113.2588100000003,2020-03-26 09:44:41.970,357676770.7914405,185818962.41776848,45614997.015855305,148455835017.8223,14137882701.405115,6127891249.107271,58934.40604131943
46,2020,3,26,9,59,41.97,12290331.566000002,23415377.147,-277909.015,-2056.70807,1038.3365099999999,-3135.2065,2020-03-26 09:59:41.970,357259148.0111408,186510659.18370873,45950829.532714866,148453497562.06647,14162450218.500378,6138541675.227972,58934.4164579861
46,2020,3,26,10,14,41.97,10337547.631,24143060.154999997,-3088966.532,-2276.5051399999998,576.3648000000001,-3102.49361,2020-03-26 10:14:41.970,356839800.3308983,187201439.94153792,46286437.0201653,148451155285.3129,14187017266.579845,6149191900.135265,58934.42687465277
46,2020,3,26,10,29,41.97,8204529.079,24449800.077,-5846155.072,-2456.6369799999998,104.28698,-3015.67208,2020-03-26 10:29:41.970,356418729.6220423,187891301.20246917,46621817.80367214,148448808187.70294,14211583844.811169,6159841923.466359,58934.43729131943
46,2020,3,26,10,44,41.97,5928463.4290000005,24330247.167000003,-8501394.367999999,-2593.9203,-369.55508999999995,-2876.27601,2020-03-26 10:44:41.970,355995937.7635996,188580239.48104,46956970.20936257,148446456269.37823,14236149952.362034,6170491744.858468,58934.4477079861
46,2020,3,26,10,59,41.97,3549056.76,23786583.825000003,-11008416.498,-2685.95037,-836.79185,-2686.79214,2020-03-26 10:59:41.970,355571426.64228874,189268251.29512462,47291892.56403092,148444099530.48038,14260715588.400213,6181141363.948836,58934.45812465277
46,2020,3,26,11,14,41.97,1107811.851,22828477.659,-13323602.542000001,-2731.1452,-1289.1854700000001,-2450.61058,2020-03-26 11:14:41.970,355145198.1525163,189955333.16594535,47626583.19514422,148441737971.15164,14285280752.09356,6191790780.374721,58934.46854131943
46,2020,3,26,11,29,41.97,-1352725.6930000002,21472892.398,-15406766.396000002,-2728.77237,-1718.7856100000001,-2171.9569500000002,2020-03-26 11:29:41.970,354717254.19637275,190641481.61808446,47961040.43084745,148439371591.53412,14309845442.609968,6202439993.773404,58934.4789579861
46,2020,3,26,11,44,41.97,-3789737.446,19743761.686,-17221869.894,-2678.9580499999997,-2118.0778299999997,-1855.8079300000002,2020-03-26 11:44:41.970,354287596.6836273,191326693.1794959,48295262.599969134,148437000391.77048,14334409659.11742,6213089003.782188,58934.48937465277
46,2020,3,26,11,59,41.97,-6160902.325,17671533.998,-18737655.355,-2582.67841,-2480.12105,-1507.79265,2020-03-26 11:59:41.970,353856227.5317255,192010964.38151705,48629248.03202681,148434624372.00333,14358973400.783974,6223737810.038396,58934.49979131943
46,2020,3,26,12,14,41.97,-8425151.339,15292599.706,-19928183.939,-2441.7341,-2798.67148,-1134.0824400000001,2020-03-26 12:14:41.970,353423148.66578275,192694291.7588805,48962995.05723245,148432243532.37595,14383536666.777754,6234386412.179371,58934.5102079861
46,2020,3,26,12,29,41.97,-10543392.134,12648613.757,-20773270.669,-2258.70886,-3068.2904,-741.2719599999999,2020-03-26 12:29:41.970,352988362.0185815,193376671.8497256,49296502.006497845,148429857873.0315,14408099456.266937,6245034809.842478,58934.52062465277
46,2020,3,26,12,44,41.97,-12479189.772,9785729.23,-21258809.674,-2036.91392,-3284.4341099999997,-336.25457,2020-03-26 12:44:41.970,352551869.53056675,194058101.1956106,49629767.21144015,148427467394.11337,14432661768.4198,6255683002.665108,58934.53104131943
46,2020,3,26,12,59,41.97,-14199391.605999999,6753758.43,-21376985.755999997,-1780.31974,-3443.52489,73.90515,2020-03-26 12:59:41.970,352113673.1498409,194738576.3415237,49962789.00438733,148425072095.76562,14457223602.40466,6266330990.284664,58934.5414579861
46,2020,3,26,13,14,41.97,-15674685.862,3605278.946,-21126370.986,-1493.47721,-3543.00229,482.09898,2020-03-26 13:14:41.970,351673774.8321605,195418093.8358957,50295565.718383566,148422671978.132,14481784957.38994,6276978772.338581,58934.55187465277
46,2020,3,26,13,29,41.97,-16880085.29,394702.431,-20511907.389,-1181.43035,-3581.3547,881.30022,2020-03-26 13:29:41.970,351232176.54093117,196096650.23061055,50628095.68719466,148420267041.3569,14506345832.544106,6287626348.464306,58934.56229131943
46,2020,3,26,13,44,41.97,-17795329.16,-2822676.2720000003,-19544778.94,-849.62244,-3558.1315299999997,1264.68416,2020-03-26 13:44:41.970,350788880.24720395,196774242.08101812,50960377.24531371,148417857285.58484,14530906227.03571,6298273718.2993145,58934.5727079861
46,2020,3,26,13,59,41.97,-18405198.685,-5991632.538,-18242177.974,-503.79788,-3473.93683,1625.74193,2020-03-26 13:59:41.970,350343887.9296704,197450865.94594538,51292408.72796619,148415442710.96054,14555466140.033361,6308920881.481097,58934.58312465277
46,2020,3,26,14,14,41.97,-18699742.767,-9057951.602,-16626972.739,-149.90134999999998,-3330.40531,1958.38608,2020-03-26 14:14:41.970,349897201.5746581,198126518.38770795,51624188.47111571,148413023317.6291,14580025570.705763,6319567837.647177,58934.59354131943
46,2020,3,26,14,29,41.97,-18674412.606000002,-11969339.191,-14727284.157,206.02362,-3130.16201,2257.0465999999997,2020-03-26 14:29:41.970,349448823.1761267,198801195.9721225,51955714.81146935,148410599105.73553,14604584518.221668,6330214586.435082,58934.6039579861
46,2020,3,26,14,44,41.97,-18330105.266999997,-14676289.115,-12575980.893,557.93523,-2876.7672900000002,2516.7562700000003,2020-03-26 14:44:41.970,348998754.73566425,199474895.2685175,52286986.08648305,148408170075.4257,14629142981.749926,6340861127.482381,58934.61437465277
46,2020,3,26,14,59,41.97,-17673117.689999998,-17132895.137,-10210102.666000001,899.89168,-2574.64825,2733.22464,2020-03-26 14:59:41.970,348546998.2624808,200147612.8497454,52618000.63436708,148405736226.8451,14653700960.459429,6351507460.426647,58934.62479131943
46,2020,3,26,15,14,41.97,-16715013.833,-19297595.828,-7670222.312,1226.1456699999999,-2229.01865,2902.90011,2020-03-26 15:14:41.970,348093555.77340573,200819345.29219443,52948756.79409164,148403297560.13986,14678258453.51916,6362153584.905495,58934.6352079861
46,2020,3,26,15,29,41.97,-15472408.771,-21133842.544,-4999757.488,1531.23433,-1845.78843,3023.01974,2020-03-26 15:29:41.970,347638429.2928833,201490089.17580017,53279252.905392,148400854075.45605,14702815460.098177,6372799500.556542,58934.64562465277
46,2020,3,26,15,44,41.97,-13966674.446999999,-22610682.056,-2244243.131,1810.0632,-1431.4647599999998,3091.6465999999996,2020-03-26 15:44:41.970,347181620.85296726,202159841.08405697,53609487.30877417,148398405772.94034,14727371979.365604,6383445207.01744,58934.65604131943
46,2020,3,26,15,59,41.97,-12223572.641999999,-23703246.753,549424.113,2057.98387,-993.04587,3107.6947,2020-03-26 15:59:41.970,346723132.4933169,202828597.6040301,53939458.345520385,148395952652.73932,14751928010.490643,6394090703.925855,58934.6664579861
46,2020,3,26,16,14,41.97,-10272821.383000001,-24393146.661,3333758.31,2270.8641799999996,-537.90923,3070.94157,2020-03-26 16:14:41.970,346262966.26119304,203496355.32636675,54269164.3576942,148393494715.00006,14776483552.642555,6404735990.919487,58934.67687465277
46,2020,3,26,16,29,41.97,-8147601.618,-24668758.787,6061462.439,2445.1506099999997,-73.69547,2982.02854,2020-03-26 16:29:41.970,345801124.21145326,204163110.8453083,54598603.68814635,148391031959.8698,14801038604.990694,6415381067.636045,58934.68729131943
46,2020,3,26,16,44,41.97,-5884011.52,-24525410.563,8686201.436999999,2577.92222,391.81067,2842.44903,2020-03-26 16:44:41.970,345337608.4065472,204828860.75870165,54927774.68051994,148388564387.496,14825593166.704477,6426025933.713267,58934.6977079861
46,2020,3,26,16,59,41.97,-3520476.199,-23965455.281,11163359.409999998,2666.93572,850.80108,2654.5251,2020-03-26 16:59:41.970,344872420.91651237,205493601.6680108,55256675.67925589,148386091998.0264,14850147236.953392,6436670588.788914,58934.70812465277
46,2020,3,26,17,14,41.97,-1097121.071,-22998238.635,13450770.533000002,2710.6611,1295.56537,2421.37253,2020-03-26 17:14:41.970,344405563.8189697,206157330.17832893,55585305.02959848,148383614791.60883,14874700814.907011,6447315032.500771,58934.71854131943
46,2020,3,26,17,29,41.97,1344882.556,-21639956.558000002,15509413.458999999,2708.3076300000002,1718.61107,2146.85469,2020-03-26 17:29:41.970,343937039.1991194,206820042.8983897,55913661.07760067,148381132768.39166,14899253899.73497,6457959264.486644,58934.7289579861
46,2020,3,26,17,44,41.97,3763990.707,-19913405.725,17304059.375,2659.83968,2112.78176,1835.5256900000002,2020-03-26 17:44:41.970,343466849.1497354,207481736.44057855,56241742.170129634,148378645928.52332,14923806490.60699,6468603284.384357,58934.73937465277
46,2020,3,26,17,59,41.97,6118969.5030000005,-17847629.224,18803864.151,2565.98199,2471.3717,1492.56311,2020-03-26 17:59:41.970,342994995.77116257,208142407.42094523,56569546.654872075,148376154272.15234,14948358586.692846,6479247091.831764,58934.74979131943
46,2020,3,26,18,14,41.97,8369577.852,-15477461.136,19982895.459,2428.21416,2788.23557,1123.69084,2020-03-26 18:14:41.970,342521481.1713103,208802052.45921457,56897072.88033977,148373657799.4281,14972910187.162418,6489890686.466739,58934.7602079861
46,2020,3,26,18,29,41.97,10477240.186,-12842975.016,20820586.188,2248.75402,3057.89206,735.09252,2020-03-26 18:29:41.970,342046307.4656496,209460668.1787985,57224319.19587491,148371156510.4993,14997461291.185627,6500534067.927179,58934.77062465277
46,2020,3,26,18,44,41.97,12405699.075000001,-9988842.634,21302106.044,2030.5295499999997,3275.61944,333.31646,2020-03-26 18:44:41.970,341569476.7772073,210118251.20680782,57551283.95165561,148368650405.51572,15022011897.932495,6511177235.851009,58934.78104131943
46,2020,3,26,18,59,41.97,14121637.418,-6963610.762,21418643.966,1777.13925,3437.54179,-74.82733,2020-03-26 18:59:41.970,341090991.2365633,210774798.1740633,57877965.498701304,148366139484.62683,15046562006.573116,6521820189.876166,58934.7914579861
46,2020,3,26,19,14,41.97,15595259.769,-3818905.3170000003,21167594.79,1492.80103,3540.7039600000003,-482.37674000000004,2020-03-26 19:14:41.970,340610852.98184353,211430305.71510786,58204362.18887809,148363623747.98267,15071111616.277641,6532462929.640618,58934.80187465277
46,2020,3,26,19,29,41.97,16800822.448,-608573.721,20552644.719,1182.28954,3583.13359,-882.3326000000001,2020-03-26 19:29:41.970,340129064.1587178,212084770.4682176,58530472.37490433,148361103195.7335,15095660726.216309,6543105454.78236,58934.81229131943
46,2020,3,26,19,44,41.97,17717102.273000002,2612222.0670000003,19583751.417,850.8625,3563.8884000000003,-1267.77754,2020-03-26 19:44:41.970,339645626.9203937,212738189.075414,58856294.41035595,148358577828.02957,15120209335.559444,6553747764.9394,58934.8227079861
46,2020,3,26,19,59,41.97,18327794.222,5787947.795,18277016.064,504.17658,3483.08706,-1631.99688,2020-03-26 19:59:41.970,339160543.42761314,213390558.18247527,59181826.64967188,148356047645.02167,15144757443.477417,6564389859.749777,58934.83312465277
46,2020,3,26,20,14,41.97,18621828.997,8863658.984,16654446.532000002,148.19373,3341.92208,-1968.59931,2020-03-26 20:14:41.970,338673815.84864646,214041874.4389477,59507067.44815954,148353512646.8607,15169305049.14071,6575031738.85155,58934.84354131943
46,2020,3,26,20,29,41.97,18593602.494,11785966.016,14743612.821,-210.92073,3142.6534699999997,-2271.6352199999997,2020-03-26 20:29:41.970,338185446.35928947,214692134.49815756,59832015.162000164,148350972833.6978,15193852151.719864,6585673401.88281,58934.8539579861
46,2020,3,26,20,44,41.97,18243110.455,14503984.451,12577198.139,-566.90655,2888.58214,-2535.7098499999997,2020-03-26 20:44:41.970,337695437.14285785,215341335.01722252,60156668.148254305,148348428205.6844,15218398750.38548,6596314848.481657,58934.86437465277
46,2020,3,26,20,59,41.97,17575983.222999997,16970252.127,10192451.378,-913.52176,2584.00262,-2756.08877,2020-03-26 20:59:41.970,337203790.3901823,215989472.65706348,60481024.76486731,148345878762.9721,15242944844.308268,6606956078.286226,58934.87479131943
46,2020,3,26,21,14,41.97,16603417.431000002,19141594.376000002,7630549.174,-1244.65812,2234.13512,-2928.79292,2020-03-26 21:14:41.970,336710508.2996049,216636544.08241582,60805083.370674565,148343324505.71283,15267490432.658993,6617597090.934679,58934.8852079861
46,2020,3,26,21,29,41.97,15342003.64,20979918.992,4935878.171,-1554.45642,1845.03754,-3050.6804399999996,2020-03-26 21:29:41.970,336215593.07697403,217282545.96184126,61128842.325407095,148340765434.05884,15292035514.608501,6628237886.0651865,58934.89562465277
46,2020,3,26,21,44,41.97,13813451.344999999,22452923.506,2155250.3959999997,-1837.4187900000002,1423.4988099999998,-3119.51309,2020-03-26 21:44:41.970,335719046.93563956,217927474.96773925,61452299.98969688,148338201548.1623,15316580089.327713,6638878463.315956,58934.90604131943
46,2020,3,26,21,59,41.97,12044215.21,23534698.766000003,-662933.313,-2088.5154199999997,976.91553,-3134.0049799999997,2020-03-26 21:59:41.970,335220872.0964484,218571327.77635857,61775454.7250823,148335632848.17593,15341124155.987629,6649518822.325211,58934.9164579861
46,2020,3,26,22,14,41.97,10065028.969,24206214.903,-3469555.192,-2303.28261,513.1544700000001,-3093.85208,2020-03-26 22:14:41.970,334721070.7877402,219214101.06780902,62098304.89401362,148333059334.2527,15365667713.75934,6660158962.731213,58934.92687465277
46,2020,3,26,22,29,41.97,7910355.752,24455678.332,-6215669.885000001,-2477.90996,40.40401,-2999.74135,2020-03-26 22:29:41.970,334219645.2453425,219855791.5260729,62420848.859858334,148330481006.54565,15390210761.81398,6670798884.172231,58934.93729131943
46,2020,3,26,22,44,41.97,5617765.87,24278751.478,-8853392.674999999,-2609.31412,-432.98173,-2853.3391300000003,2020-03-26 22:44:41.970,333716597.71256554,220496395.83901656,62743084.98690657,148327897865.2082,15414753299.322796,6681438586.286568,58934.9477079861
46,2020,3,26,22,59,41.97,3227254.9250000003,23678630.236,-11336767.94,-2695.19731,-898.6425099999999,-2657.2589,2020-03-26 22:59:41.970,333211930.44019866,221135910.6984017,63065011.6403766,148325309910.3939,15439295325.4571,6692078068.712546,58934.95812465277
46,2020,3,26,23,14,41.97,780516.612,22665977.696000002,-13622599.633,-2734.08931,-1348.37111,-2415.0093500000003,2020-03-26 23:14:41.970,332705645.68650466,221774332.79989782,63386627.18642016,148322717142.2566,15463836839.388268,6702717331.088524,58934.96854131943
46,2020,3,26,23,29,41.97,-1679814.39,21258716.220999997,-15671226.646,-2725.37186,-1774.2683100000002,-2130.92407,2020-03-26 23:29:41.970,332197745.71721554,222411658.84309268,63707929.992127985,148320119560.95038,15488377840.28778,6713356373.052866,58934.9789579861
46,2020,3,26,23,44,41.97,-4110933.524,19481683.338,-17447227.450999998,-2669.28534,-2168.88995,-1810.07509,2020-03-26 23:44:41.970,331688232.8055285,223047885.5315043,64028918.42553508,148317517166.62964,15512918327.327171,6723995194.243973,58934.98937465277
46,2020,3,26,23,59,41.97,-6470635.494,17366160.098,-18920040.432,-2566.91783,-2525.3828,-1458.17244,2020-03-26 23:59:41.970,331177109.2320999,223683009.57259294,64349590.85562633,148314909959.44904,15537458299.67807,6734633794.300274,58934.99979131943
46,2020,3,27,0,14,41.97,-8718065.089,14949284.896,-20064488.651,-2420.1774,-2837.6061400000003,-1081.4526799999999,2020-03-27 00:14:41.970,330664377.2850418,224317027.67777163,64669945.652341634,148312297939.56342,15561997756.512169,6745272172.860212,58935.0102079861
46,2020,3,27,0,29,41.97,-10814440.273,12273357.051,-20861200.142,-2231.74876,-3100.238,-686.5586500000001,2020-03-27 00:29:41.970,330150039.2599164,224949936.5624188,64989981.186581634,148309681107.1276,15586536697.001257,6755910329.5622635,58935.02062465277
46,2020,3,27,0,44,41.97,-12723721.033,9385068.783,-21296917.755,-2005.0357399999998,-3308.8614399999997,-280.41485,2020-03-27 00:44:41.970,329634097.4597321,225581732.9458892,65309695.83021297,148307059462.29718,15611075120.31718,6766548264.044922,58935.03104131943
46,2020,3,27,0,59,41.97,-14413229.568,6334652.072,-21364695.137,-1744.09161,-3460.0336500000003,129.90055,2020-03-27 00:59:41.970,329116554.19493836,226212413.5515256,65629087.95607371,148304433005.2275,15635613025.63189,6777185975.946714,58935.0414579861
46,2020,3,27,1,14,41.97,-15854198.569,3174980.201,-21063977.619000003,-1453.53899,-3551.33434,537.28306,2020-03-27 01:14:41.970,328597411.7834204,226841975.1066701,65948155.93797875,148301801736.0746,15660150412.117393,6787823464.906194,58935.05187465277
46,2020,3,27,1,29,41.97,-17022244.415000003,-39367.013,-20400569.548,-1138.48149,-3581.3947000000003,934.7264600000001,2020-03-27 01:29:41.970,328076672.5504957,227470414.34267622,66266898.150725245,148299165654.99442,15684687278.945786,6798460730.561924,58935.06229131943
46,2020,3,27,1,44,41.97,-17897757.951,-3253055.3049999997,-19386491.507999998,-804.4092499999999,-3549.90702,1315.44253,2020-03-27 01:44:41.970,327554338.8289089,228097727.99491984,66585312.97009809,148296524762.14328,15709223625.28925,6809097772.552509,58935.0727079861
46,2020,3,27,1,59,41.97,-18466208.153,-6410948.32,-18039732.796,-457.10019,-3457.6158499999997,1672.97382,2020-03-27 01:59:41.970,327030412.9588264,228723912.80281088,66903398.77287526,148293879057.67773,15733759450.32004,6819734590.516576,58935.08312465277
46,2020,3,27,2,14,41.97,-18718355.823000003,-9459044.103,-16383906.060999999,-102.51907,-3306.29176,2001.2980499999999,2020-03-27 02:14:41.970,326504897.28783244,229348965.509805,67221153.9368332,148291228541.75446,15758294753.210485,6830371184.092767,58935.09354131943
46,2020,3,27,2,29,41.97,-18650376.055,-12345380.606,-14447812.327,253.28398,-3098.6889899999996,2294.92269,2020-03-27 02:29:41.970,325977794.1709235,229972882.86341518,67538576.8407524,148288573214.5306,15782829533.133005,6841007552.919761,58935.1039579861
46,2020,3,27,2,44,41.97,-18263889.764,-15020896.376999998,-12264925.644000001,604.27381,-2838.48844,2548.96881,2020-03-27 02:44:41.970,325449105.9705044,230595661.61522287,67855665.86442253,148285913076.1634,15807363789.26009,6851643696.636261,58935.11437465277
46,2020,3,27,2,59,41.97,-17565905.932,-17440233.921,-9872807.392,944.5281100000001,-2530.22752,2759.24345,2020-03-27 02:59:41.970,324918835.056383,231217298.52088964,68172419.38864823,148283248126.8104,15831897520.764315,6862279614.880993,58935.12479131943
46,2020,3,27,3,14,41.97,-16568677.429,-19562474.652000003,-7312460.7930000005,1268.33141,-2179.21855,2922.30008,2020-03-27 03:14:41.970,324386983.80576557,231837790.34016925,68488835.79525417,148280578366.6293,15856430726.818344,6872915307.292703,58935.1352079861
46,2020,3,27,3,29,41.97,-15289474.34,-21351795.736,-4627636.588,1570.26421,-1791.45712,3035.48663,2020-03-27 03:29:41.970,323853554.6032526,232457133.8369181,68804913.46709067,148277903795.7783,15880963406.59491,6883550773.510174,58935.14562465277
46,2020,3,27,3,44,41.97,-13750279.645000001,-22778040.581,-1864101.007,1845.28625,-1373.52198,3096.9812,2020-03-27 03:44:41.970,323318549.8408325,233075325.7791076,69120650.78803906,148275224414.41525,15905495559.266823,6894186013.172209,58935.15604131943
46,2020,3,27,3,59,41.97,-11977412.897,-23817196.052,931122.766,2088.81314,-932.46816,3105.81529,2020-03-27 03:59:41.970,322781971.91787857,233692362.93883562,69436046.14301707,148272540222.69897,15930027184.006983,6904821025.917638,58935.1664579861
46,2020,3,27,4,14,41.97,-10001088.195,-24451770.839,3710528.449,2296.7856100000004,-475.71448,3061.88464,2020-03-27 04:14:41.970,322243823.2411429,234308242.09233746,69751097.91798434,148269851220.7882,15954558279.988377,6915455811.385317,58935.17687465277
46,2020,3,27,4,29,41.97,-7854913.384000001,-24671070.677,6426904.7870000005,2465.7308,-10.92695,2965.9479,2020-03-27 04:29:41.970,321704106.2247524,234922960.0199979,70065804.49994768,148267157408.84177,15979088846.38406,6926090369.214125,58935.18729131943
46,2020,3,27,4,44,41.97,-5575337.872,-24471367.309,9034107.053,2592.81506,454.10047999999995,2819.61329,2020-03-27 04:44:41.970,321162823.29020345,235536513.50636223,70380164.2769666,148264458787.0189,16003618882.367176,6936724699.04297,58935.1977079861
46,2020,3,27,4,59,41.97,-3201056.9329999997,-23855959.298,11487811.269,2675.88775,911.56678,2625.31354,2020-03-27 04:59:41.970,320619976.86635745,236148899.3401484,70694175.63815878,148261755355.4791,16028148387.110947,6947358800.510791,58935.20812465277
46,2020,3,27,5,14,41.97,-772380.765,-22835123.9,13746240.704,2713.51573,1353.7848999999999,2386.26945,2020-03-27 05:14:41.970,320075569.38943547,236760114.31425798,71007836.97370528,148259047114.3822,16052677359.788675,6957992673.256543,58935.21854131943
46,2020,3,27,5,29,41.97,1669423.059,-21425960.384000003,15770854.527999999,2705.00791,1773.3017300000001,2106.44229,2020-03-27 05:29:41.970,319529603.30301446,237370155.2257877,71321146.67485616,148256334063.88794,16077205799.573761,6968626316.919221,58935.2289579861
46,2020,3,27,5,44,41.97,4082804.75,-19652126.278,17526988.775999997,2650.42976,2163.0158,1790.47545,2020-03-27 05:44:41.970,318982081.058021,237979018.87604108,71634103.13393581,148253616204.15665,16101733705.639658,6979259731.13783,58935.23937465277
46,2020,3,27,5,59,41.97,6426615.74,-17543469.25,18984440.139,2550.60717,2516.2913599999997,1443.62582,2020-03-27 05:59:41.970,318433005.11272746,238586702.07054022,71946704.74434832,148250893535.34875,16126261077.159922,6989892915.551413,58935.24979131943
46,2020,3,27,6,14,41.97,8660790.75,-15135558.487,20117983.517,2407.11947,2827.06734,1071.68533,2020-03-27 06:14:41.970,317882377.93274695,239193201.6190365,72258949.90058313,148248166057.62488,16150787913.308191,7000525869.79904,58935.2602079861
46,2020,3,27,6,29,41.97,10747018.561,-12469120.778,20907814.713,2222.28127,3089.9599399999997,680.89316,2020-03-27 06:29:41.970,317330201.9910285,239798514.3355232,72570836.9982201,148245433771.14597,16175314213.258179,7011158593.519796,58935.27062465277
46,2020,3,27,6,44,41.97,12649391.305,-9589387.816,21339910.279,1999.11284,3300.35705,277.83951,2020-03-27 06:44:41.970,316776479.7678518,240402637.03824586,72882364.43393499,148242696676.0731,16199839976.183683,7021791086.352811,58935.28104131943
46,2020,3,27,6,59,41.97,14335021.927,-6545362.743,21406297.213999998,1741.2990100000002,3454.50302,-130.63828,2020-03-27 06:59:41.970,316221213.7508228,241005566.54971436,73193530.60550523,148239954772.56778,16224365201.258596,7032423347.93723,58935.2914579861
46,2020,3,27,7,14,41.97,15774619.405,-3389015.4050000003,21105226.115000002,1453.1364,3549.57198,-537.5662100000001,2020-03-27 07:14:41.970,315664406.4348686,241607299.69671458,73504333.91181497,148237208060.79172,16248889887.65687,7043055377.912222,58935.30187465277
46,2020,3,27,7,29,41.97,16943011.37,-174417.44,20441242.483999997,1139.46932,3583.72798,-935.94923,2020-03-27 07:29:41.970,315106060.3222324,242207833.31031936,73814772.75286065,148234456540.90674,16273414034.552568,7053687175.91699,58935.31229131943
46,2020,3,27,7,44,41.97,17819604.020999998,3043170.158,19425152.211,805.61464,3556.17016,-1318.89051,2020-03-27 07:44:41.970,314546177.92246914,242807164.22590056,74124845.52975637,148231700213.07483,16297937641.11981,7064318741.590759,58935.3227079861
46,2020,3,27,7,59,41.97,18388769.705,6208242.77,18073878.797000002,457.27633000000003,3467.16128,-1679.71237,2020-03-27 07:59:41.970,313984761.7524402,243405289.28313985,74434550.64473939,148228939077.45862,16322460706.532814,7074950074.572794,58935.33312465277
46,2020,3,27,8,14,41.97,18640153.279,9266015.491,16410211.741999999,100.45057,3318.03809,-2012.0768600000001,2020-03-27 08:14:41.970,313421814.33630836,244002205.32604113,74743886.50117531,148226173134.2206,16346983229.965893,7085581174.502374,58935.34354131943
46,2020,3,27,8,29,41.97,18568889.365,12163387.178000001,14462447.512999998,-258.67707,3111.2023400000003,-2310.10349,2020-03-27 08:29:41.970,312857338.20553327,244597909.20294118,75052851.50356385,148223402383.52362,16371505210.593409,7096212041.018803,58935.3539579861
46,2020,3,27,8,44,41.97,18175724.01,14849887.274999999,12263926.808,-613.8409700000001,2850.09143,-2568.48148,2020-03-27 08:44:41.970,312291335.8988666,245192397.76652136,75361444.0575441,148220626825.53076,16396026647.589842,7106842673.761422,58935.36437465277
46,2020,3,27,8,59,41.97,17467035.876000002,17278586.929,9852474.172,-958.809,2539.12834,-2782.57404,2020-03-27 08:59:41.970,311723809.96234643,245785667.87381962,75669662.5698998,148217846460.40543,16420547540.129738,7117473072.3696,58935.37479131943
46,2020,3,27,9,14,41.97,16454754.088999998,19406955.728,7269748.506,-1287.49824,2183.6509300000002,-2948.5116900000003,2020-03-27 09:14:41.970,311154762.94929326,246377716.38624126,75977505.44856496,148215061288.3113,16445067887.387743,7128103236.482724,58935.3852079861
46,2020,3,27,9,29,41.97,15156172.054000001,21197645.803,4560515.397,-1594.0899900000002,1789.82142,-3063.27224,2020-03-27 09:29:41.970,310584197.4203038,246968540.16957104,76284971.10262918,148212271309.4119,16469587688.53857,7138733165.740216,58935.39562465277
46,2020,3,27,9,44,41.97,13593658.965,22619185.984,1771854.47,-1873.1416199999999,1364.5173,-3124.74482,2020-03-27 09:44:41.970,310012115.94324785,247558136.09398386,76592057.9423432,148209476523.8716,16494106942.757027,7149362859.781528,58935.40604131943
46,2020,3,27,9,59,41.97,11794273.252,23646570.263,-1047683.035,-2119.6922,915.20597,-3131.77616,2020-03-27 09:59:41.970,309438521.09326184,248146501.03405723,76898764.37912416,148206676931.85452,16518625649.21801,7159992318.246125,58935.4164579861
46,2020,3,27,10,14,41.97,9789284.677,24261726.974,-3848949.625,-2329.3594,449.80550000000005,-3084.19731,2020-03-27 10:14:41.970,308863415.45274395,248733631.86878204,77205088.82556108,148203872533.52536,16543143807.09648,7170621540.773518,58935.42687465277
46,2020,3,27,10,29,41.97,7613614.197,24453857.696,-6583091.874,-2498.42497,-23.46505,-2982.8300200000003,2020-03-27 10:29:41.970,308286801.61135036,249319525.48157442,77511029.69542038,148201063329.0489,16567661415.567501,7181250527.0032425,58935.43729131943
46,2020,3,27,10,44,41.97,5305202.8780000005,24219638.029000003,-9202437.083,-2623.90654,-496.2423,-2829.47225,2020-03-27 10:44:41.970,307708682.1659888,249904178.76028702,77816585.4036512,148198249318.58994,16592178473.806234,7191879276.574845,58935.4477079861
46,2020,3,27,10,59,41.97,2904322.9540000004,23563275.697,-11661357.641,-2703.61414,-960.17824,-2626.86317,2020-03-27 10:59:41.970,307129059.72081447,250487588.59722048,78121754.36639073,148195430502.3141,16616694980.987904,7202507789.127926,58935.45812465277
46,2020,3,27,11,14,41.97,452845.57999999996,22496425.013,-13917094.999000002,-2736.1897599999998,-1407.0991,-2378.62865,2020-03-27 11:14:41.970,306547936.88722533,251069751.8891354,78426535.00097013,148192606880.38657,16641210936.287819,7213136064.3020935,58935.46854131943
46,2020,3,27,11,29,41.97,-2006519.227,21037960.23,-15930526.288999999,-2721.12945,-1829.15943,-2089.20862,2020-03-27 11:29:41.970,305965316.2838559,251650665.53726277,78730925.72591904,148189778452.97336,16665726338.881397,7223764101.736993,58935.4789579861
46,2020,3,27,11,44,41.97,-4430994.516,19213613.720000003,-17666858.231999997,-2658.7876499999998,-2218.9878200000003,-1763.76848,2020-03-27 11:44:41.970,305381200.53657323,252230326.4473168,79034924.96097207,148186945220.24045,16690241187.944122,7234391901.072302,58935.48937465277
46,2020,3,27,11,59,41.97,-6778504.2469999995,17055488.003,-19096235.054,-2550.3639,-2569.82103,-1408.09705,2020-03-27 11:59:41.970,304795592.27847195,252808731.52950525,79338531.1270735,148184107182.35394,16714755482.651562,7245019461.947712,58935.49979131943
46,2020,3,27,12,14,41.97,-9008421.668000001,14601453.38,-20194249.424000002,-2397.87297,-2875.6236400000003,-1028.4936200000002,2020-03-27 12:14:41.970,304208494.1498689,253385877.69854182,79641742.64638293,148181264339.48035,16739269222.179394,7255646784.00296,58935.5102079861
46,2020,3,27,12,29,41.97,-11082283.719999999,11894445.147,-20942348.041,-2204.09953,-3131.1912199999997,-631.64722,2020-03-27 12:29:41.970,303619908.7982982,253961761.8736568,79944557.9422807,148178416691.7865,16763782405.703346,7266273866.877799,58935.52062465277
46,2020,3,27,12,44,41.97,-12964458.247000001,8981676.114,-21328126.087,-1972.5388699999999,-3332.23518,-224.51091,2020-03-27 12:44:41.970,303029838.8785055,254536380.9786095,80246975.43937348,148175564239.43936,16788295032.399271,7276900710.212017,58935.53104131943
46,2020,3,27,12,59,41.97,-14622752.34,5913781.323,-21345507.41,-1707.3256999999999,-3475.44846,185.826,2020-03-27 12:59:41.970,302438287.0524451,255109731.9416987,80548993.56349945,148172706982.60593,16812807101.44309,7287527313.6454315,58935.5414579861
46,2020,3,27,13,14,41.97,-16028951.88,2743912.5250000004,-20994809.79,-1413.1527800000001,-3558.5514599999997,592.2650900000001,2020-03-27 13:14:41.970,301845255.98927253,255681811.69577494,80850610.74173397,148169844921.45386,16837318612.010805,7298153676.8178835,58935.55187465277
46,2020,3,27,13,29,41.97,-17159284.144,-473199.817,-20282696.965,-1095.1816800000001,-3580.3182800000004,987.82295,2020-03-27 13:29:41.970,301250748.36534077,256252617.17825195,81151825.40239476,148166978056.15082,16861829563.278515,7308779799.369246,58935.56229131943
46,2020,3,27,13,44,41.97,-17994797.244000003,-3682199.491,-19222021.187999997,-758.94755,-3540.5838799999997,1365.75001,2020-03-27 13:44:41.970,300654766.86419487,256822145.33111736,81452635.97504744,148164106386.86465,16886339954.42241,7319405680.939421,58935.5727079861
46,2020,3,27,13,59,41.97,-18521651.98,-6828055.548,-17831561.891000003,-410.26002,-3440.23276,1719.64227,2020-03-27 13:59:41.970,300057314.1765673,257390393.10094565,81753040.89051126,148161229913.76355,16910849784.618748,7330031321.168338,58935.58312465277
46,2020,3,27,14,14,41.97,-18731323.434,-9856995.326,-16135667.578,-55.10206,-3281.17049,2043.5444,2020-03-27 14:14:41.970,299458393.0003723,257957357.43890777,82053038.58086406,148158348637.0159,16935359053.043898,7340656719.69596,58935.59354131943
46,2020,3,27,14,29,41.97,-18620711.301,-12717404.569,-14163809.311,300.47146000000004,-3066.27932,2332.0429200000003,2020-03-27 14:29:41.970,298858006.04070127,258523035.30078447,82352627.47944814,148155462556.7905,16959867758.874308,7351281876.162274,58935.6039579861
46,2020,3,27,14,44,41.97,-18192159.414,-15360680.969999999,-11950055.161,650.4338200000001,-2799.35929,2580.34852,2020-03-27 14:44:41.970,298256156.00981724,259087423.64697647,82651806.02087533,148152571673.2561,16984375901.286507,7361906790.207298,58935.61437465277
46,2020,3,27,14,59,41.97,-17453386.290999997,-17742028.826,-9532475.715,988.88393,-2485.05652,2784.3668300000004,2020-03-27 14:59:41.970,297652845.6271504,259650519.44251692,82950572.64103268,148149675986.58185,17008883479.45712,7372531461.47108,58935.62479131943
46,2020,3,27,15,14,41.97,-16417329.716,-19821183.915000003,-6952491.283000001,1310.1397100000002,-2128.78014,2940.75716,2020-03-27 15:14:41.970,297048077.61929274,260212319.65708217,83248925.77708788,148146775496.9371,17033390492.562868,7383155889.5937,58935.6352079861
46,2020,3,27,15,29,41.97,-15101909.412,-21563059.084,-4254171.761,1608.82652,-1736.60943,3046.97892,2020-03-27 15:29:41.970,296441854.7199927,260772821.2650035,83546863.86749458,148143870204.49146,17057896939.78054,7393780074.215257,58935.64562465277
46,2020,3,27,15,44,41.97,-13529712.755,-22938302.496,-1483500.321,1879.95963,-1315.1928,3101.32561,2020-03-27 15:44:41.970,295834179.67015094,261332021.24527884,83844385.35199796,148140960109.4149,17082402820.287027,7404404014.975894,58935.65604131943
46,2020,3,27,15,59,41.97,-11727609.272,-23923761.78,1312387.874,2119.01991,-871.63999,3102.9463100000003,2020-03-27 15:59:41.970,295225055.2178137,261889916.58158416,84141488.67164025,148138045211.87735,17106908133.25931,7415027711.515776,58935.6664579861
46,2020,3,27,16,14,41.97,-9726300.316000002,-24502848.704,4085980.774,2322.0220299999996,-413.40901,3051.85491,2020-03-27 16:14:41.970,294614484.1181694,262446504.26228476,84438172.26876588,148135125512.0493,17131412877.874453,7425651163.475095,58935.67687465277
46,2020,3,27,16,29,41.97,-7559810.903,-24665800.211000003,6790167.296,2485.57474,51.81085,2948.9270699999997,2020-03-27 16:29:41.970,294002469.1335425,263001781.2804472,84734434.58702734,148132201010.10107,17155917053.309612,7436274370.4940815,58935.68729131943
46,2020,3,27,16,44,41.97,-5264931.184,-24409832.893999998,9379007.102,2606.9324300000003,516.21862,2795.8853,2020-03-27 16:44:41.970,293389013.0333886,263555744.63385046,85030274.07139026,148129271706.20377,17180420658.742043,7446897332.212983,58935.6977079861
46,2020,3,27,16,59,41.97,-2880615.465,-23739189.153,11808481.631000001,2684.03778,972.02255,2595.27231,2020-03-27 16:59:41.970,292774118.59428996,264108391.32499772,85325689.16813916,148126337600.52823,17204923693.349056,7457520048.27209,58935.70812465277
46,2020,3,27,17,14,41.97,-447347.11199999996,-22665074.419,14037216.016,2715.55491,1411.5611,2350.413,2020-03-27 17:14:41.970,292157788.59994894,264659718.3611276,85620678.32488276,148123398693.24588,17229426156.308105,7468142518.311714,58935.71854131943
46,2020,3,27,17,29,41.97,1993521.979,-21205485.965,16027161.787999999,2700.8926899999997,1827.4226099999998,2065.3653799999997,2020-03-27 17:29:41.970,291540025.8411844,265209722.7542258,85915239.9905594,148120454984.5281,17253928046.796684,7478764741.972206,58935.7289579861
46,2020,3,27,17,44,41.97,4400448.302,-19384934.970999997,17744230.562,2640.21776,2212.56266,1744.8608000000002,2020-03-27 17:44:41.970,290920833.1159255,265758401.52103698,86209372.61544265,148117506474.54675,17278429363.9924,7489386718.893937,58935.73937465277
46,2020,3,27,17,59,41.97,6732380.679,-17234064.672000002,19158869.301999997,2534.45704,2560.4174,1394.23396,2020-03-27 17:59:41.970,290300213.2292071,266305751.68307537,86503074.65114665,148114553163.47394,17302930107.07296,7500008448.717315,58935.74979131943
46,2020,3,27,18,14,41.97,8949441.512,-14789168.665,20246568.131,2385.28924,2865.01183,1019.3431100000001,2020-03-27 18:14:41.970,289678168.99316484,266851770.26663765,86796344.55063158,148111595051.48178,17327430275.216137,7510629931.08277,58935.7602079861
46,2020,3,27,18,29,41.97,11013595.412999999,-12091614.722000001,20988292.17,2195.12521,3121.06129,626.48111,2020-03-27 18:29:41.970,289054703.22702914,267396454.3028132,87089180.76820941,148108632138.7427,17351929867.599804,7521251165.630778,58935.77062465277
46,2020,3,27,18,44,41.97,12889294.972,-9187180.841,21370829.49,1967.0768,3324.06471,222.2781,2020-03-27 18:44:41.970,288429818.7571208,267939800.82749626,87381581.7595487,148105664425.42966,17376428883.401947,7531872152.001827,58935.78104131943
46,2020,3,27,18,59,41.97,14544093.327,-6125311.716,21387047.996,1704.9141699999998,3470.3879,-186.40336,2020-03-27 18:59:41.970,287803518.4168451,268481806.8813975,87673545.98168087,148102691911.71536,17400927321.800606,7542492889.836446,58935.7914579861
46,2020,3,27,19,14,41.97,15949213.092,-2958305.353,21036054.987999998,1413.0115700000001,3557.33525,-592.5795,2020-03-27 19:14:41.970,287175805.04668826,269022469.5100555,87965071.89300515,148099714597.77316,17425425181.973923,7553113378.775197,58935.80187465277
46,2020,3,27,19,29,41.97,17080061.329,259558.898,20323254.252,1096.28166,3583.2078699999997,-989.2615999999999,2020-03-27 19:29:41.970,286546681.4942096,269561785.76384795,88256157.95329428,148096732483.77643,17449922463.10015,7563733618.458666,58935.81229131943
46,2020,3,27,19,44,41.97,17916680.486,3472937.9990000003,19260296.902999997,760.0989900000001,3547.34671,-1369.57556,2020-03-27 19:44:41.970,285916150.61403865,270099752.6980037,88546802.62369981,148093745569.89886,17474419164.357613,7574353608.527474,58935.8227079861
46,2020,3,27,19,59,41.97,18444125.768000003,6626374.148,17864923.788,410.21319,3450.15867,-1726.88292,2020-03-27 19:59:41.970,285284215.2678694,270636367.3726139,88837004.36675783,148090753856.3144,17498915284.924736,7584973348.622271,58935.83312465277
46,2020,3,27,20,14,41.97,18652760.143,9665259.128,16160699.112,52.65297,3293.1245200000003,-2054.9012000000002,2020-03-27 20:14:41.970,284650878.3244543,271171626.85264415,89126761.6463942,148087757343.19727,17523410823.980026,7595592838.383738,58935.84354131943
46,2020,3,27,20,29,41.97,18538459.288999997,12536796.996,14176637.019,-306.3778,3078.78715,-2347.82103,2020-03-27 20:29:41.970,284016142.6596,271705528.20794547,89416072.92793025,148084756030.72168,17547905780.7021,7606212077.452584,58935.8539579861
46,2020,3,27,20,44,41.97,18102720.159,15190947.115,11946725.14,-660.61001,2810.71949,-2600.41753,2020-03-27 20:44:41.970,283380011.15616196,272238068.51326567,89704936.6780881,148081749919.06244,17572400154.26964,7616831065.469558,58935.86437465277
46,2020,3,27,20,59,41.97,17352668.562,17581328.959,9509351.518,-1003.82342,2493.47165,-2808.15319,2020-03-27 20:59:41.970,282742486.7040385,272769244.8482621,89993351.36499621,148078739008.39438,17596893943.861465,7627449802.075434,58935.87479131943
46,2020,3,27,21,14,41.97,16300963.134,19666070.071,6906643.756,-1329.9624000000001,2132.49753,-2967.2695999999996,2020-03-27 21:14:41.970,282103572.20016646,273299054.2975116,90281315.45819487,148075723298.8926,17621387148.656425,7638068286.911016,58935.8852079861
46,2020,3,27,21,29,41.97,14965595.344999999,21408578.989,4183731.654,-1633.25076,1734.06169,-3074.86533,2020-03-27 21:29:41.970,281463270.5485157,273827493.9505235,90568827.42864174,148072702790.73242,17645879767.833508,7648686519.617143,58935.89562465277
46,2020,3,27,21,44,41.97,13369587.595,22778226.014,1387946.813,-1908.3029199999999,1305.12796,-3128.9577400000003,2020-03-27 21:44:41.970,280821584.6600837,274354560.90175027,90855885.74871735,148069677484.0895,17670371800.571774,7659304499.834679,58935.90604131943
46,2020,3,27,21,59,41.97,11540593.959,23750916.335,-1432025.325,-2150.22861,853.23203,-3128.52662,2020-03-27 21:59:41.970,280178517.45289105,274880252.2505995,91142488.89223042,148066647379.13968,17694863246.05039,7669922227.204526,58935.9164579861
46,2020,3,27,22,14,41.97,9510410.638,24309542.215,-4227024.008,-2354.72839,386.34063000000003,-3073.53825,2020-03-27 22:14:41.970,279534071.85197425,275404565.10144544,91428635.33442374,148063612476.05887,17719354103.44861,7680539701.367624,58935.92687465277
46,2020,3,27,22,29,41.97,7314405.546,24444303.674,-6948304.132,-2518.17743,-87.29931,-2964.94889,2020-03-27 22:29:41.970,278888250.78938335,275927496.56364065,91714323.55197918,148060572775.02353,17743844371.945766,7691156921.964927,58935.93729131943
46,2020,3,27,22,44,41.97,4990878.565,24152890.222999997,-9548421.01,-2637.6954800000003,-559.31795,-2804.6874599999996,2020-03-27 22:44:41.970,278241057.2041742,276449043.7515274,91999552.02302356,148057528276.21014,17768334050.721325,7701773888.637435,58935.9477079861
46,2020,3,27,22,59,41.97,2580365.804,23440519.588999998,-11982090.303000001,-2711.20106,-1021.3823900000001,-2595.61786,2020-03-27 22:59:41.970,277592494.0424046,276969203.78444976,92284319.22713412,148054478979.79553,17792823138.954796,7712390601.026169,58935.95812465277
46,2020,3,27,23,14,41.97,124902.576,22319832.947,-14207005.175,-2737.4488499999998,-1465.35507,-2341.48182,2020-03-27 23:14:41.970,276942564.2571283,277487973.7867642,92568623.64534384,148051424885.95663,17817311635.82582,7723007058.772194,58935.96854131943
46,2020,3,27,23,29,41.97,-2332739.3449999997,20810649.649,-16184593.881000001,-2716.04938,-1883.44694,-2046.82394,2020-03-27 23:29:41.970,276291270.80839056,278005350.88785213,92852463.76014714,148048365994.87076,17841799540.514107,7733623261.516601,58935.9789579861
46,2020,3,27,23,44,41.97,-4749824.166,18939587.836,-17880702.688,-2647.47093,-2268.36177,-1716.90114,2020-03-27 23:44:41.970,275638616.6632219,278521332.2221315,93135838.05550534,148045302306.71536,17866286852.19947,7744239208.900507,58935.98937465277
46,2020,3,27,23,59,41.97,-7084418.357,16739560.354,-19266191.146,-2533.02402,-2613.42845,-1357.5789,2020-03-27 23:59:41.970,274984604.80782515,279035914.9194979,93418745.01158814,148042233821.66843,17890773570.061703,7754854900.565005,58935.99979131943
46,2020,3,28,0,14,41.97,-9296134.466,14249159.922,-20317429.112000003,-2374.82939,-2912.71837,-975.2172099999999,2020-03-28 00:14:41.970,274329238.1988279,279549096.1436421,93701183.12584406,148039160539.90762,17915259693.28105,7765470336.151416,58936.0102079861
46,2020,3,28,0,29,41.97,-11346844.010000002,11511936.742,-21016687.485,-2175.7706200000002,-3161.1468999999997,-576.54849,2020-03-28 00:29:41.970,273672519.836353,280060873.03456503,93983150.88139552,148036082461.6111,17939745221.037495,7776085515.300889,58936.02062465277
46,2020,3,28,0,44,41.97,-13201331.684999999,8575611.682,-21352416.928999998,-1939.4332000000002,-3354.55454,-168.55217,2020-03-28 00:44:41.970,273014452.7153207,280571242.7469451,94264646.76812659,148032999586.9575,17964230152.511215,7786700437.654677,58936.03104131943
46,2020,3,28,0,59,41.97,-14827899.101000002,5491206.34,-21319412.616,-1670.03182,-3489.77074,241.67367000000002,2020-03-28 00:59:41.970,272355039.8376112,281080202.44055563,94545669.27741602,148029911916.12543,17988714486.882504,7797315102.854066,58936.0414579861
46,2020,3,28,1,14,41.97,-16198893.608000001,2312133.926,-20918863.786000002,-1372.3278500000001,-3564.65693,647.03902,2020-03-28 01:14:41.970,271694284.2120577,281587749.28027654,94826216.90214252,148026819449.29376,18013198223.33174,7807929510.540372,58936.05187465277
46,2020,3,28,1,29,41.97,-17291160.211,-906741.648,-20158290.564,-1051.53917,-3578.13022,1040.58544,2020-03-28 01:29:41.970,271032188.854443,282093880.43610466,95106288.13669047,148023722186.64178,18037681361.039406,7818543660.354945,58936.06229131943
46,2020,3,28,1,44,41.97,-18086409.627,-4110059.3120000004,-19051371.951,-713.24424,-3530.16792,1415.60406,2020-03-28 01:44:41.970,270368756.7874924,282598593.08316684,95385881.4769553,148020620128.34875,18062163899.186073,7829157551.939163,58936.0727079861
46,2020,3,28,1,59,41.97,-18571498.263,-7242910.226,-17617670.825,-363.28269,-3421.7939300000003,1765.74623,2020-03-28 01:59:41.970,269703991.04086965,283101884.4017304,95664995.42034927,148017513274.59448,18086645836.9524,7839771184.934445,58936.08312465277
46,2020,3,28,2,14,41.97,-18738617.723,-10251767.09,-15882263.228,-7.6539399999999995,-3255.0479800000003,2085.12528,2020-03-28 02:14:41.970,269037894.6511705,283603751.5772156,95943628.46580681,148014401625.5586,18111127173.519165,7850384558.982241,58936.09354131943
46,2020,3,28,2,29,41.97,-18585392.993,-13085378.651,-13875280.483000001,347.58407,-3032.93924,2368.40832,2020-03-28 02:29:41.970,268370470.66191846,284104191.8002072,96221779.11379011,148011285181.42126,18135607908.067215,7860997673.724022,58936.1039579861
46,2020,3,28,2,44,41.97,-18114889.985000003,-15695615.886,-11631373.608,696.41476,-2759.38561,2610.897,2020-03-28 02:44:41.970,267701722.12355903,284603202.266466,96499445.86629479,148008163942.36304,18160088039.77751,7871610528.801311,58936.11437465277
46,2020,3,28,2,59,41.97,-17335534.424000002,-18038257.764999997,-9189110.221,1032.9598600000002,-2439.14042,2808.59663,2020-03-28 02:59:41.970,267031652.09345374,285100780.17694026,96776627.22685537,148005037908.5643,18184567567.8311,7882223123.855645,58936.12479131943
46,2020,3,28,3,14,41.97,-16260945.239,-20073705.869000003,-6590314.623000001,1351.57227,-2077.7079,2958.27331,2020-03-28 03:14:41.970,266360263.63587585,285596922.7377782,97053321.70055075,148001907080.20587,18209046491.409138,7892835458.528611,58936.1352079861
46,2020,3,28,3,29,41.97,-14909686.648,-21767618.579000004,-3879362.0700000003,1646.9236899999999,-1681.24921,3057.4985899999997,2020-03-28 03:29:41.970,265687559.82200417,286091627.16033834,97329527.79401001,147998771457.46884,18233524809.692856,7903447532.461819,58936.14562465277
46,2020,3,28,3,44,41.97,-13304943.993999999,-23091456.933000002,-1102438.388,1914.0863,-1256.48039,3104.68175,2020-03-28 03:44:41.970,265013543.72991788,286584890.6612032,97605244.01541768,147995631040.5345,18258002521.86361,7914059345.296918,58936.15604131943
46,2020,3,28,3,59,41.97,-11474129.174,-24022935.621,1693223.839,2148.60744,-810.5638299999999,3099.08966,2020-03-28 03:59:41.970,264338218.4445915,287076710.4621891,97880468.8745196,147992485829.58432,18282479627.102825,7924670896.675583,58936.1664579861
46,2020,3,28,4,14,41.97,-9448422.137,-24546373.877,4460121.384,2346.5768599999997,-350.99462,3040.8542500000003,2020-03-28 04:14:41.970,263661587.05788878,287567083.7903584,98155200.88262834,147989335824.8,18306956124.59204,7935282186.239531,58936.17687465277
46,2020,3,28,4,29,41.97,-7262255.495,-24652942.293,7151257.759,2504.68581,114.51688999999999,2930.9679100000003,2020-03-28 04:29:41.970,262983652.66855815,288056007.878032,98429438.55262876,147986181026.36377,18331432013.5129,7945893213.630505,58936.18729131943
46,2020,3,28,4,44,41.97,-4952749.795,-24340802.794,9720911.040000001,2620.27752,578.1648700000001,2771.26687,2020-03-28 04:44:41.970,262304418.3822268,288543479.96280074,98703180.39898357,147983021434.45773,18355907293.047108,7956503978.490284,58936.1977079861
46,2020,3,28,4,59,41.97,-2559107.411,-23615140.15,12125381.531000001,2691.3885999999998,1032.1689999999999,2564.40309,2020-03-28 04:59:41.970,261623887.31139526,289029497.2875364,98976424.93773924,147979857049.26434,18380381962.376503,7967114480.460686,58936.20812465277
46,2020,3,28,5,14,41.97,-121973.44099999999,-22488084.588000003,14323708.917,2716.78088,1468.89534,2313.8046,2020-03-28 05:14:41.970,260942062.5754322,289514057.1004043,99249170.68653102,147976687870.9663,18404856020.683014,7977724719.183556,58936.21854131943
46,2020,3,28,5,29,41.97,2317227.65,-20978526.149,16278348.836,2695.96342,1880.9757499999998,2023.62505,2020-03-28 05:29:41.970,260258947.3005691,289997156.6548747,99521416.16458908,147973513899.74652,18429329467.148632,7988334694.300777,58936.2289579861
46,2020,3,28,5,44,41.97,4716970.5649999995,-19111822.619999997,17955799.152,2629.2041600000002,2261.4247600000003,1698.68246,2020-03-28 05:44:41.970,259574544.6198944,290478793.20973426,99793159.89274384,147970335135.7883,18453802300.955536,7998944405.454263,58936.23937465277
46,2020,3,28,5,59,41.97,7036313.4520000005,-16919404.047,19327166.531999998,2517.5309700000003,2603.75234,1344.38787,2020-03-28 05:59:41.970,258888857.67334828,290958964.02909875,100064400.39343151,147967151579.2748,18478274521.2859,8009553852.285961,58936.24979131943
46,2020,3,28,6,14,41.97,9235578.196,-14438278.039,20368664.373,2362.7217100000003,2902.0712999999996,966.66424,2020-03-28 06:14:41.970,258201889.60771734,291437666.3824239,100335136.19069993,147963963230.38998,18502746127.322063,8020163034.437858,58936.2602079861
46,2020,3,28,6,29,41.97,11277016.734000001,-11710441.419,21062033.651,2167.28303,3151.19777,571.85637,2020-03-28 06:29:41.970,257513643.57662904,291914897.5445176,100605365.81021401,147960770089.31754,18527217118.24642,8030771951.551968,58936.27062465277
46,2020,3,28,6,44,41.97,13125453.135,-8782205.14,21394878.839,1934.4177300000001,3346.74322,166.63243,2020-03-28 06:44:41.970,256824122.74054638,292390654.7955518,100875087.77926132,147957572156.24164,18551687493.241497,8041380603.270347,58936.28104131943
46,2020,3,28,6,59,41.97,14748891.086,-5703440.84,21360911.861,1667.98048,3485.19624,-242.12184,2020-03-28 06:59:41.970,256133330.266762,292864935.42107344,101144300.62675789,147954369431.34668,18576157251.48991,8051988989.235073,58936.2914579861
46,2020,3,28,7,14,41.97,16119076.343999999,-2526758.98,20960097.937999997,1372.42206,3563.99253,-647.41508,2020-03-28 07:14:41.970,255441269.32939342,293337736.7120179,101413002.88325381,147951161914.81717,18600626392.17435,8062597109.088275,58936.30187465277
46,2020,3,28,7,29,41.97,17212003.855,693369.944,20198698.380999997,1052.72224,3581.57113,-1042.26712,2020-03-28 07:29:41.970,254747943.10937694,293809055.9647192,101681193.08093844,147947949606.83795,18625094914.477646,8073204962.472104,58936.31229131943
46,2020,3,28,7,44,41.97,18008359.537,3901538.0270000002,19089206.731,714.3117599999999,3537.4153100000003,-1419.8288699999998,2020-03-28 07:44:41.970,254053354.79446247,294278890.48092294,101948869.75364667,147944732507.5941,18649562817.582703,8083812549.028748,58936.3227079861
46,2020,3,28,7,59,41.97,18493887.242000002,7042351.791,17650176.314,362.98425000000003,3432.07632,-1773.5033899999999,2020-03-28 07:59:41.970,253357507.57920802,294747237.56779754,102216031.43686414,147941510617.27097,18674030100.67253,8094419868.400435,58936.33312465277
46,2020,3,28,8,14,41.97,18659672.264000002,10061397.209,15905939.13,4.7990699999999995,3267.17873,-2097.06591,2020-03-28 08:14:41.970,252660404.66497383,295214094.537946,102482676.66773303,147938283936.05392,18698496762.93023,8105026920.22942,58936.34354131943
46,2020,3,28,8,29,41.97,18502333.834000003,12906200.709,13886218.108,-354.02351999999996,3045.4060200000004,-2384.78034,2020-03-28 08:29:41.970,251962049.25991762,295679458.70941794,102748803.98505768,147935052464.12888,18722962803.539024,8115633704.157996,58936.3539579861
46,2020,3,28,8,44,41.97,18024120.502,15527168.048,11625637.067,-707.21301,2770.46567,-2631.5096599999997,2020-03-28 08:44:41.970,251262444.57898843,296143327.40572226,103014411.92931028,147931816201.68185,18747428221.682213,8126240219.828496,58936.36437465277
46,2020,3,28,8,59,41.97,17232904.033,17878482.459,9163135.099,-1048.56313,2447.0336,-2832.81744,2020-03-28 08:59:41.970,250561593.84392118,296605697.95583737,103279499.04263636,147928575148.89902,18771893016.54321,8136846466.88328,58936.37479131943
46,2020,3,28,9,14,41.97,16142069.499,19918943.478,6541294.58,-1372.04765,2080.6779899999997,-2985.05781,2020-03-28 09:14:41.970,249859500.28323174,297066567.6942241,103544063.86886084,147925329305.96677,18796357187.30552,8147452444.9647455,58936.3852079861
46,2020,3,28,9,29,41.97,14770301.503,21612728.375,3805594.366,-1671.9349,1677.76366,-3085.45136,2020-03-28 09:29:41.970,249156167.13221022,297525933.9608385,103808104.95349306,147922078673.07196,18820820733.152756,8158058153.715326,58936.39562465277
46,2020,3,28,9,44,41.97,13141268.929,22930059.241,1003601.955,-1942.8983,1245.33841,-3132.14449,2020-03-28 09:44:41.970,248451597.63291684,297983794.1011407,104071620.84373309,147918823250.4015,18845283653.268627,8168663592.7774935,58936.40604131943
46,2020,3,28,9,59,41.97,11283213.111,23847760.516999997,-1815879.694,-2180.12,791.00358,-3124.25056,2020-03-28 09:59:41.970,247745795.0341753,298440145.46611077,104334610.08847699,147915563038.1425,18869745946.83695,8179268761.793749,58936.4164579861
46,2020,3,28,10,14,41.97,9228446.809999999,24349693.996000003,-4603693.487,-2379.3849800000003,322.77177,-3061.8711099999996,2020-03-28 10:14:41.970,247038762.59156775,298894985.4122573,104597071.23832278,147912298036.48242,18894207613.041622,8189873660.406632,58936.42687465277
46,2020,3,28,10,29,41.97,7012773.725,24427061.149,-7311219.444999999,-2537.1631899999998,-151.08516,-2946.09655,2020-03-28 10:29:41.970,246330503.5674291,299348311.3016317,104859002.84557575,147909028245.6088,18918668651.066677,8200478288.258718,58936.43729131943
46,2020,3,28,10,44,41.97,4674840.334000001,24078565.755,-9891257.191000002,-2650.67743,-622.1938799999999,-2778.9860599999997,2020-03-28 10:44:41.970,245621021.2308413,299800120.5018382,105120403.46425468,147905753665.70975,18943129060.096226,8211082644.992615,58936.4477079861
46,2020,3,28,10,59,41.97,2255433.633,23310433.26,-12298881.12,-2717.95548,-1082.2395000000001,-2563.52714,2020-03-28 10:59:41.970,244910318.8576281,300250410.38604707,105381271.6500969,147902474296.9731,18967588839.31447,8221686730.250969,58936.45812465277
46,2020,3,28,11,14,41.97,-203260.40800000002,22136286.854999997,-14492250.41,-2737.8651,-1523.12344,-2303.57589,2020-03-28 11:14:41.970,244198399.7303492,300699178.33300656,105641605.96056458,147899190139.58734,18992047987.905735,8232290543.676463,58936.46854131943
46,2020,3,28,11,29,41.97,-2658421.958,20576883.718000002,-16433357.291000001,-2710.13137,-1937.11564,-2003.7798800000003,2020-03-28 11:29:41.970,243485267.1382948,301146421.72705394,105901404.95485002,147895901193.74112,19016506505.054443,8242894084.911819,58936.4789579861
46,2020,3,28,11,44,41.97,-5067370.029,18659718.262,-18088698.75,-2635.33619,-2316.9974199999997,-1669.48554,2020-03-28 11:44:41.970,242770924.3774797,301592137.9581283,106160667.1938816,147892607459.62314,19040964389.94513,8253497353.599779,58936.48937465277
46,2020,3,28,11,59,41.97,-7388326.91,16418502.153,-19429858.974999998,-2514.90058,-2656.1918800000003,-1306.63286,2020-03-28 11:59:41.970,242055374.75063813,302036324.4217827,106419391.2403293,147889308937.42252,19065421641.762398,8264100349.383137,58936.49979131943
46,2020,3,28,12,14,41.97,-9581159.135,13892533.544,-20433992.267,-2351.05041,-2948.87937,-921.63997,2020-03-28 12:14:41.970,241338621.56721798,302478978.51919466,106677575.65861055,147886005627.32846,19089878259.69098,8274703071.904717,58936.5102079861
46,2020,3,28,12,29,41.97,-11608080.784,11125970.004999999,-21084198.737,-2146.76718,-3190.09572,-521.2808,2020-03-28 12:29:41.970,240620668.1433749,302920097.65718055,106935219.01489611,147882697529.5305,19114334242.915703,8285305520.807381,58936.52062465277
46,2020,3,28,12,44,41.97,-13434306.292,8167021.236,-21369787.756,-1905.72539,-3375.81205,-112.55850000000001,2020-03-28 12:44:41.970,239901517.80196708,303359679.2482056,107192319.87711535,147879384644.21848,19138789590.62151,8295907695.73403,58936.53104131943
46,2020,3,28,12,59,41.97,-15028641.539,5067078.7,-21286426.693,-1632.21831,-3502.9950599999997,297.42247,2020-03-28 12:59:41.970,239181173.8725494,303797720.71039647,107448876.81496236,147876066971.58237,19163244301.993427,8306509596.327588,58936.5414579861
46,2020,3,28,13,14,41.97,-16364003.753,1879799.832,-20836174.982,-1331.07438,-3569.6476900000002,701.58284,2020-03-28 13:14:41.970,238459639.6913677,304234219.4675538,107704888.39990166,147872744511.81223,19187698376.216606,8317111222.231032,58936.55187465277
46,2020,3,28,13,29,41.97,-17417862.613,-1339835.456,-20027405.781,-1007.56603,-3574.83007,1092.99143,2020-03-28 13:29:41.970,237736918.60135332,304669172.949164,107960353.20517379,147869417265.09863,19212151812.476265,8327712573.087366,58936.56229131943
46,2020,3,28,13,44,41.97,-18172596.805,-4536478.595,-18874619.508,-667.3132899999999,-3518.66162,1464.98222,2020-03-28 13:44:41.970,237013013.9521172,305102578.5904107,108215269.8058012,147866085231.63226,19236604609.957764,8338313648.539633,58936.5727079861
46,2020,3,28,13,59,41.97,-18615762.084000003,-7655359.798,-17398155.309,-316.18392,-3402.30499,1811.26382,2020-03-28 13:59:41.970,236287929.09994468,305534433.8321879,108469636.77859388,147862748411.6041,19261056767.846565,8348914448.23091,58936.58312465277
46,2020,3,28,14,14,41.97,-18740268.642,-10643213.385,-15623807.917,39.80802,-3227.9331700000002,2126.02002,2020-03-28 14:14:41.970,235561667.40778914,305964736.1211113,108723452.70215541,147859406805.20514,19285508285.328175,8359514971.804315,58936.59354131943
46,2020,3,28,14,29,41.97,-18544467.164,-13449166.4,-13582358.593999999,394.60339,-2998.68104,2404.0000099999997,2020-03-28 14:29:41.970,234834232.2452669,306393482.9095302,108976716.15688813,147856060412.62683,19309959161.588295,8370115218.903,58936.6039579861
46,2020,3,28,14,44,41.97,-18032144.435999997,-16025577.213000001,-11309029.726,742.19749,-2718.58295,2640.59768,2020-03-28 14:44:41.970,234105626.9886512,306820671.6555405,109229425.72499971,147852709234.06085,19334409395.812656,8380715189.170148,58936.61437465277
46,2020,3,28,14,59,41.97,-17212430.628,-18328812.192,-8842873.342999998,1076.73657,-2392.4977799999997,2831.91907,2020-03-28 14:59:41.970,233375855.02086648,307246299.82299596,109481579.99050823,147849353269.699,19358858987.187145,8391314882.24899,58936.62479131943
46,2020,3,28,15,14,41.97,-16099621.594,-20319949.908,-6226104.312000001,1392.61006,-2026.02308,2974.8378199999997,2020-03-28 15:14:41.970,232644919.73148295,307670364.8815212,109733177.53924851,147845992519.73337,19383307934.897713,8401914297.782794,58936.6352079861
46,2020,3,28,15,29,41.97,-14712920.461,-21965403.799,-3503389.22,1684.53747,-1625.3999800000001,3067.0381500000003,2020-03-28 15:29:41.970,231912824.51671052,308092864.3065223,109984216.95887746,147842626984.35626,19407756238.130436,8412513435.414851,58936.64562465277
46,2020,3,28,15,44,41.97,-13076103.708,-23237455.549,-721102.142,1947.6491899999999,-1197.41019,3107.04549,2020-03-28 15:44:41.970,231179572.7793933,308513795.5792008,110234696.83888015,147839256663.76028,19432203896.0715,8423112294.7885,58936.65604131943
46,2020,3,28,15,59,41.97,-11217117.64,-24114692.841000002,2073441.5090000003,2177.5602400000002,-749.26666,3094.24454,2020-03-28 15:59:41.970,230445167.92900386,308933156.18656474,110484615.77057552,147835881558.1381,19456650907.907185,8433710875.547116,58936.6664579861
46,2020,3,28,16,14,41.97,-9167611.822999999,-24582346.423,4832761.914,2370.43648,-288.49941,3028.8852,2020-03-28 16:14:41.970,229709613.38163725,309350943.6214412,110733972.34712233,147832501667.6828,19481097272.82388,8444309177.334115,58936.67687465277
46,2020,3,28,16,29,41.97,-6962416.605,-24632522.656,7509991.561,2523.05261,177.16228,2912.07622,2020-03-28 16:29:41.970,228972912.56000546,309767155.38248795,110982765.1635247,147829116992.58768,19505542990.00808,8454907199.79294,58936.68729131943
46,2020,3,28,16,44,41.97,-4638972.306,-24264328.952,10059640.938000001,2632.8414599999996,639.90992,2745.76706,2020-03-28 16:44:41.970,228235068.89343175,310181788.9742066,111230992.81663826,147825727533.04614,19529988058.646366,8465504942.5670805,58936.6977079861
46,2020,3,28,16,59,41.97,-2236718.131,-23483890.641999997,12438342.627,2697.9341400000003,1091.9768299999998,2532.71812,2020-03-28 16:59:41.970,227496085.81784436,310594841.90695417,111478653.90517569,147822333289.2519,19554432477.92547,8476102405.300058,58936.70812465277
46,2020,3,28,17,14,41.97,203550.791,-22304258.966000002,14605563.499,2717.19066,1525.7588,2276.45964,2020-03-28 17:14:41.970,226755966.77577135,311006311.6969552,111725747.0297127,147818934261.39896,19578876247.032185,8486699587.635436,58936.71854131943
46,2020,3,28,17,29,41.97,2640349.4340000004,-20745211.014,16524274.981999999,2690.22049,1933.93336,1981.23972,2020-03-28 17:29:41.970,226014715.21633443,311416195.8663149,111972270.79269399,147815530449.6813,19603319365.153416,8497296489.216808,58936.7289579861
46,2020,3,28,17,44,41.97,5032182.841,-18832943.592,18161571.711,2617.39292,2309.57604,1651.96165,2020-03-28 17:44:41.970,225272334.59524325,311824491.94302964,112218223.79843879,147812121854.2937,19627761831.47622,8507893109.6878195,58936.73937465277
46,2020,3,28,17,59,41.97,7338230.5649999995,-16599664.168,19489229.246,2499.8366,2646.27255,1294.11126,2020-03-28 17:59:41.970,224528828.37478969,312231197.4610012,112463604.65314706,147808708475.43048,19652203645.18771,8518489448.692141,58936.74979131943
46,2020,3,28,18,14,41.97,9519025.813000001,-14083083.304,20484191.964,2339.4281600000004,2938.2252900000003,913.67449,2020-03-28 18:14:41.970,223784200.02384168,312636309.96004796,112708411.96490502,147805290313.28656,19676644805.475105,8529085505.873483,58936.7602079861
46,2020,3,28,18,29,41.97,11537119.254999999,-11325814.3,21128982.754,2138.76948,3180.3527900000004,517.04616,2020-03-28 18:29:41.970,223038453.01783797,313039826.98591703,112952644.3436914,147801867368.0572,19701085311.525764,8539681280.875599,58936.77062465277
46,2020,3,28,18,44,41.97,13357717.232,-8374687.134,21412026.797,1901.15352,3368.3804099999998,110.93044,2020-03-28 18:44:41.970,222291590.83878154,313441746.0902972,113196300.40138294,147798439639.93762,19725525162.52713,8550276773.342277,58936.78104131943
46,2020,3,28,18,59,41.97,14949283.972,-5279985.324999999,21327882.474,1630.51847,3498.9207100000003,-297.76583,2020-03-28 18:59:41.970,221543616.9752344,313842064.83083117,113439378.7517605,147795007129.1233,19749964357.66676,8560871982.917342,58936.7914579861
46,2020,3,28,19,14,41.97,16284097.399,-2094615.803,20877373.439999998,1331.3905,3569.54158,-702.04588,2020-03-28 19:14:41.970,220794534.92231143,314240780.7711269,113681878.01051496,147791569835.81027,19774402896.132324,8571466909.244662,58936.80187465277
46,2020,3,28,19,29,41.97,17338748.241,1126776.453,20067617.061,1008.81511,3578.82059,-1094.9403,2020-03-28 19:29:41.970,220044348.18167445,314637891.48077154,113923796.79525292,147788127760.19446,19798840777.111584,8582061551.968142,58936.81229131943
46,2020,3,28,19,44,41.97,18094572.486,4328735.751,18911945.84,668.27773,3526.38364,-1469.6272399999998,2020-03-28 19:44:41.970,219293060.26152647,315033394.5353426,114165133.72550291,147784680902.47208,19823277999.792423,8592655910.73172,58936.8227079861
46,2020,3,28,19,59,41.97,18538007.816,7455950.154,17429720.136,315.61433,3412.92634,-1819.55346,2020-03-28 19:59:41.970,218540674.67660567,315427287.5164204,114405887.42272097,147781229262.83954,19847714563.362816,8603249985.179375,58936.83312465277
46,2020,3,28,20,14,41.97,18660865.476999998,10454216.891,15646032.357,-43.086850000000005,3240.21672,-2138.55402,2020-03-28 20:14:41.970,217787194.9481796,315819568.01160103,114646056.5102968,147777772841.49377,19872150467.01087,8613843774.955133,58936.84354131943
46,2020,3,28,20,29,41.97,18460510.217,13271401.368999999,13591304.98,-401.59108,3011.07815,-2420.96812,2020-03-28 20:29:41.970,217032624.60403943,316210233.61450887,114885639.61355959,147774311638.63168,19896585709.924778,8624437279.703041,58936.8539579861
46,2020,3,28,20,44,41.97,17939942.399,15858371.566,11300787.038,-753.62842,2729.35165,-2661.74841,2020-03-28 20:44:41.970,216276967.17849368,316599281.9248077,115124635.35978408,147770845654.4503,19921020291.29287,8635030499.067207,58936.86437465277
46,2020,3,28,20,59,41.97,17107778.169,18169889.211999997,8813956.14,-1093.00859,2399.8374999999996,-2856.56117,2020-03-28 20:59:41.970,215520226.21236232,316986710.5482147,115363042.37819622,147767374889.14725,19945454210.30353,8645623432.691761,58936.87479131943
46,2020,3,28,21,14,41.97,15978125.649,20165439.169,6173835.55,-1413.73674,2028.2164900000002,-3001.87447,2020-03-28 21:14:41.970,214762405.25297096,317372517.09651184,115600859.29997937,147763899342.92004,19969887466.145317,8656216080.220873,58936.8852079861
46,2020,3,28,21,29,41.97,14570357.411,21809979.075,3426238.199,-1710.12767,1620.95167,-3095.03193,2020-03-28 21:29:41.970,214003507.85414514,317756699.1875587,115838084.75828029,147760419015.9666,19994320058.00684,8666808441.298763,58936.89562465277
46,2020,3,28,21,44,41.97,12908781.956,23074592.489,618951.684,-1976.91565,1185.17246,-3134.3098,2020-03-28 21:44:41.970,213243537.5762038,318139254.4453053,116074717.3882149,147756933908.48505,20018751985.076866,8677400515.569681,58936.90604131943
46,2020,3,28,21,59,41.97,11022219.424999999,23937030.605,-2199119.815,-2209.35689,728.54336,-3118.95532,2020-03-28 21:59:41.970,212482497.9859537,318520180.49980366,116310755.82687433,147753444020.67374,20043183246.544228,8687992302.677914,58936.9164579861
46,2020,3,28,22,14,41.97,8943489.259,24382129.895,-4978839.339,-2403.32232,259.12011,-3049.20533,2020-03-28 22:14:41.970,211720392.6566831,318899474.9872213,116546198.71333091,147749949352.73126,20067613841.597904,8698583802.267796,58936.92687465277
46,2020,3,28,22,29,41.97,6708819.833,24402095.956,-7671728.346,-2555.3778700000003,-214.80327,-2926.28404,2020-03-28 22:29:41.970,210957225.1681564,319277135.54985344,116781044.68864426,147746449904.8563,20092043769.42698,8709175013.9837,58936.93729131943
46,2020,3,28,22,44,41.97,4357192.115,23996646.967,-10230846.601,-2662.8504199999998,-684.8528,-2752.38016,2020-03-28 22:44:41.970,210192999.10660726,319653159.83613455,117015292.395867,147742945677.24792,20116473029.220604,8719765937.470036,58936.9477079861
46,2020,3,28,22,59,41.97,1929631.1169999999,23173013.68,-12611642.251,-2723.87768,-1142.7343999999998,-2530.60369,2020-03-28 22:59:41.970,209427718.06473345,320027545.50065297,117248940.48005119,147739436670.10556,20140901620.168095,8730356572.37124,58936.95812465277
46,2020,3,28,23,14,41.97,-531539.8709999999,21945796.381,-14772754.389,-2737.44085,-1580.3912200000002,-2264.92375,2020-03-28 23:14:41.970,208661385.64169005,320400290.20416105,117481987.58825387,147735922883.6286,20165329541.45886,8740946918.331818,58936.96854131943
46,2020,3,28,23,29,41.97,-2983466.5100000002,20336682.776,-16676751.732,-2703.37961,-1990.1547699999999,-1960.08914,2020-03-28 23:29:41.970,207894005.44308367,320771391.61359006,117714432.36954339,147732404318.0167,20189756792.282383,8751536974.996292,58936.9789579861
46,2020,3,28,23,44,41.97,-5383536.075,18374034.017,-18290792.857,-2622.38929,-2364.8862400000003,-1621.53389,2020-03-28 23:44:41.970,207125581.08096662,321140847.40206057,117946273.47500522,147728880973.46988,20214183371.82831,8762126742.009224,58936.98937465277
46,2020,3,28,23,59,41.97,-7690139.772000001,16092349.075,-19587195.617000002,-2496.0008,-2698.10505,-1255.27033,2020-03-28 23:59:41.970,206356116.17383075,321508655.2488969,118177509.55774836,147725352850.18835,20238609279.28636,8772716219.015226,58936.99979131943
46,2020,3,29,0,14,41.97,-9863408.781,13531621.958,-20543905.914,-2326.5443600000003,-2984.10187,-867.77274,2020-03-29 00:14:41.970,205585614.346601,321874812.8396387,118408139.27291079,147721819948.37238,20263034513.846394,8783305405.658943,58937.0102079861
46,2020,3,29,0,29,41.97,-11865915.044,10736595.912999999,-21144858.035,-2117.09834,-3218.03519,-465.85373000000004,2020-03-29 00:29:41.970,204814079.23062986,322239317.8660538,118638161.277666,147718282268.2228,20287459074.698338,8793894301.58507,58937.02062465277
46,2020,3,29,0,44,41.97,-13663311.47,7755957.006,-21380222.772,-1871.4249,-3396.00737,-56.53799,2020-03-29 00:44:41.970,204041514.4636907,322602168.0261512,118867574.231229,147714739809.94043,20311882961.03229,8804482906.438328,58937.03104131943
46,2020,3,29,0,59,41.97,-15224917.533,4641450.015000001,-21246540.368,-1593.8944900000001,-3515.12307,353.06599,2020-03-29 00:59:41.970,203267923.68997222,322963361.02419335,119096376.79486223,147711192573.72632,20336306172.03841,8815071219.863483,58937.0414579861
46,2020,3,29,1,14,41.97,-16524228.309999999,1446959.614,-20746739.05,-1289.401,-3573.527,755.89195,2020-03-29 01:14:41.970,202493310.5600718,323322894.57070875,119324567.6318815,147707640559.78186,20360728706.906998,8825659241.505352,58937.05187465277
46,2020,3,29,1,29,41.97,-17539344.685,-1772435.401,-19890041.617,-963.26984,-3570.42232,1145.03811,2020-03-29 01:29:41.970,201717678.73098958,323680766.3825051,119552145.40766248,147704083768.30862,20385150564.828445,8836246971.008774,58937.06229131943
46,2020,3,29,1,44,41.97,-18253318.346,-4961415.911,-18691764.649,-621.1609,-3506.0702,1513.8832900000002,2020-03-29 01:44:41.970,200941031.8661227,324036974.1826817,119779108.78964648,147700522199.50833,20409571744.993267,8846834408.018644,58937.0727079861
46,2020,3,29,1,59,41.97,-18654407.899,-8065367.714,-17173016.563,-268.96836,-3381.77146,1856.19524,2020-03-29 01:59:41.970,200163373.63525787,324391515.7006424,120005456.44734658,147696955853.583,20433992246.592094,8857421552.179892,58937.08312465277
46,2020,3,29,2,14,41.97,-18736244.091000002,-11031302.610000001,-15360302.203,87.28081,-3199.83147,2166.22985,2020-03-29 02:14:41.970,199384707.71456707,324744388.672108,120231187.05235398,147693384730.73508,20458412068.815636,8868008403.137484,58937.09354131943
46,2020,3,29,2,29,41.97,-18497903.743,-13808740.917,-13285042.756000001,441.52792,-2963.50973,2438.81992,2020-03-29 02:29:41.970,198605037.78659955,325095590.8391297,120456299.27834378,147689808831.16675,20482831210.85478,8878594960.53643,58937.1039579861
46,2020,3,29,2,44,41.97,-17943893.428,-16350542.283,-10983020.704,787.78185,-2676.9556900000002,2669.45286,2020-03-29 02:44:41.970,197824367.54027674,325445119.9501005,120680791.80108133,147686228155.08093,20507249671.900455,8889181224.021786,58937.11437465277
46,2020,3,29,2,59,41.97,-17084045.203,-18613673.072,-8493760.145,1120.21499,-2345.13227,2854.33653,2020-03-29 02:59:41.970,197042700.67088568,325792973.7597702,120904663.29842813,147682642702.68057,20531667451.143753,8899767193.23864,58937.12479131943
46,2020,3,29,3,14,41.97,-15933327.853,-20559899.999,-5859853.278,1433.25484,-1973.72866,2990.45299,2020-03-29 03:14:41.970,196260040.88007253,326139150.0292558,121127912.45034842,147679052474.16867,20556084547.77586,8910352867.832134,58937.1352079861
46,2020,3,29,3,29,41.97,-14511578.065,-22156401.095000003,-3126244.1180000002,1721.67019,-1569.0640799999999,3075.59978,2020-03-29 03:29:41.970,195476391.8758369,326483646.5260566,121350537.93891475,147675457469.74872,20580500960.98807,8920938247.447428,58937.14562465277
46,2020,3,29,3,44,41.97,-12843156.832,-23376286.489,-339480.62700000004,1980.6509800000001,-1137.98388,3108.4188,2020-03-29 03:44:41.970,194691757.37252504,326826461.02406526,121572538.44831468,147671857689.6244,20604916689.971806,8931523331.729746,58937.15604131943
46,2020,3,29,3,59,41.97,-10956537.078,-24199022.819999997,2453053.547,2205.88117,-687.74953,3088.41278,2020-03-29 03:59:41.970,193906141.09082383,327167591.3035813,121793912.66485652,147668253133.9995,20629331733.918575,8942108120.324345,58937.1664579861
46,2020,3,29,4,14,41.97,-8883829.168,-24610756.396,5203916.596,2393.6037899999997,-225.92381,3015.94943,2020-03-29 04:14:41.970,193119546.75775436,327507035.1513246,122014659.27697589,147664643803.07812,20653746092.020046,8952692612.876522,58937.17687465277
46,2020,3,29,4,29,41.97,-6660251.458,-24604531.438,7866384.375,2540.67791,239.74727000000001,2892.25354,2020-03-29 04:29:41.970,192331978.10666588,327844790.3604472,122234776.97524153,147661029697.06458,20678159763.467937,8963276809.031616,58937.18729131943
46,2020,3,29,4,44,41.97,-4323553.567,-24180400.977,10395213.756,2644.62671,701.45473,2719.38719,2020-03-29 04:44:41.970,191543438.877229,328180854.73054737,122454264.4523617,147657410816.1634,20702572747.454136,8973860708.435007,58937.1977079861
46,2020,3,29,4,59,41.97,-1913400.448,-23345429.082,12747382.959,2703.67641,1151.4476300000001,2500.21846,2020-03-29 04:59:41.970,190753932.81542987,328515226.06768143,122673120.4031905,147653787160.57928,20726985043.17063,8984444310.73212,58937.20812465277
46,2020,3,29,5,14,41.97,529274.273,-22113584.274,14882798.608,2716.78556,1582.15368,2238.3788299999997,2020-03-29 05:14:41.970,189963463.6735635,328847902.18437785,122891343.52473383,147650158730.5174,20751396649.809513,8995027615.568413,58937.21854131943
46,2020,3,29,5,29,41.97,2962936.838,-20505525.099999998,16764959.518,2683.6643599999998,1986.29805,1938.20966,2020-03-29 05:29:41.970,189172035.2102275,329178880.8996492,123108932.5161558,147646525526.18286,20775807566.56299,9005610622.589392,58937.2289579861
46,2020,3,29,5,44,41.97,5346134.613,-18548279.986,18361567.577999998,2604.78348,2357.01926,1604.69821,2020-03-29 05:44:41.970,188379651.19031578,329508160.0390059,123325886.07878485,147642887547.78107,20800217792.623394,9016193331.440613,58937.23937465277
46,2020,3,29,5,59,41.97,7638180.533,-16274824.708,19645076.453,2481.37228,2687.9806,1243.4035800000001,2020-03-29 05:59:41.970,187586315.38501188,329835737.4344688,123542202.91612014,147639244795.51788,20824627327.18316,9026775741.767656,58937.24979131943
46,2020,3,29,6,14,41.97,9799830.93,-13723562.035,20593169.289,2315.4058800000003,2973.47584,860.3730499999999,2020-03-29 06:14:41.970,186792031.571783,330161610.9245825,123757881.73383749,147635597269.59897,20849036169.43484,9037357853.216154,58937.2602079861
46,2020,3,29,6,29,41.97,11793946.674,-10937709.463,21189157.128,2109.58091,3208.52752,462.04965999999996,2020-03-29 06:29:41.970,185996803.53437302,330485778.3544279,123972921.23979612,147631944970.23065,20873444318.571087,9047939665.43178,58937.27062465277
46,2020,3,29,6,44,41.97,13586127.329,-7964602.329,21422290.398000002,1867.2798,3388.9764,55.17163,2020-03-29 06:44:41.970,185200635.06279668,330808237.57563645,124187320.14404449,147628287897.6193,20897851773.78474,9058521178.060257,58937.28104131943
46,2020,3,29,6,59,41.97,15145307.912,-4854921.112,21287976.665999997,1592.52339,3511.56023,-353.33521,2020-03-29 06:59:41.970,184403529.95333248,331128986.4464017,124401077.15882687,147624626051.97128,20922258534.268665,9069102390.74734,58937.2914579861
46,2020,3,29,7,14,41.97,16444307.854999999,-1661853.257,20787898.814,1289.9121,3573.98018,-756.47085,2020-03-29 07:14:41.970,183605492.00851676,331448022.83149344,124614190.99858941,147620959433.49377,20946664599.21588,9079683303.138815,58937.30187465277
46,2020,3,29,7,29,41.97,17460321.908000004,1559798.5550000002,19930029.048,964.55585,3574.9531,-1147.27893,2020-03-29 07:29:41.970,182806525.03713685,331765344.6022703,124826660.37998663,147617288042.3935,20971069967.819527,9090263914.88054,58937.31229131943
46,2020,3,29,7,44,41.97,18175343.083,4754548.171,18728535.557,621.9932200000001,3514.24797,-1518.96714,2020-03-29 07:44:41.970,182006632.85422498,332080949.63669366,125038484.0218876,147613611878.8779,20995474639.272854,9100844225.618397,58937.3227079861
46,2020,3,29,7,59,41.97,18576508.37,7867182.771,17203580.373,268.1008,3392.70485,-1865.0282499999998,2020-03-29 07:59:41.970,181205819.28105083,332394835.81934005,125249660.6453823,147609930943.15442,21019878612.76922,9111424234.998306,58937.33312465277
46,2020,3,29,8,14,41.97,18656358.823999997,10843728.338000001,15381008.915000001,-91.00619,3212.23497,-2179.3593499999997,2020-03-29 08:14:41.970,180404088.14511633,332707001.0414144,125460188.97378808,147606245235.43094,21044281887.502125,9122003942.666245,58937.34354131943
46,2020,3,29,8,29,41.97,18413006.816,13632406.324,13291933.847000001,-449.08052999999995,2975.80089,-2456.37706,2020-03-29 08:29:41.970,179601443.2801481,333017443.2007637,125670067.73265572,147602554755.91507,21068684462.665123,9132583348.268219,58937.3539579861
46,2020,3,29,8,44,41.97,17850204.794,16184563.215,10972218.220999999,-799.8549499999999,2687.3761200000004,-2691.12566,2020-03-29 08:44:41.970,178797888.52609107,333326160.2018902,125879295.6497761,147598859504.8153,21093086337.452,9143162451.45029,58937.36437465277
46,2020,3,29,8,59,41.97,16977311.667999998,18455554.384,8461865.325000001,-1137.15722,2351.88387,-2879.3758500000004,2020-03-29 08:59:41.970,177993427.72910222,333633149.9559636,126087871.45518632,147595159482.3399,21117487511.05654,9153741251.858562,58937.37479131943
46,2020,3,29,9,14,41.97,15809155.106,20405563.691,5804325.045,-1455.02599,1975.11566,-3017.71107,2020-03-29 09:14:41.970,177188064.74154386,333938410.38083625,126295793.88117604,147591454688.69763,21141887982.672703,9164319749.139162,58937.3852079861
46,2020,3,29,9,29,41.97,14365790.296,22000341.015,3045728.968,-1747.82456,1563.63063,-3103.5991200000003,2020-03-29 09:29:41.970,176381803.42197648,334241939.40105474,126503061.66229437,147587745124.09723,21166287751.494568,9174897942.938282,58937.39562465277
46,2020,3,29,9,44,41.97,12672158.241999999,23211841.187000003,234068.52599999998,-2010.3498800000002,1124.6373999999998,-3135.44678,2020-03-29 09:44:41.970,175574647.63515308,334543734.9478737,126709673.53535543,147584030788.74792,21190686816.71631,9185475832.902151,58937.40604131943
46,2020,3,29,9,59,41.97,10757649.149999999,24018749.633,-2581667.651,-2237.93401,665.86092,-3112.63561,2020-03-29 09:59:41.970,174766601.2520117,334843794.95926964,126915628.2394456,147580311682.85873,21215085177.532234,9196053418.677042,58937.4164579861
46,2020,3,29,10,14,41.97,8655578.959,24406882.502,-5352379.654,-2426.53526,195.39724,-3035.53767,2020-03-29 10:14:41.970,173957668.14966896,335142117.3799536,127120924.51592918,147576587806.63956,21239482833.136753,9206630699.909248,58937.42687465277
46,2020,3,29,10,29,41.97,6402589.305000001,24369451.9,-8029747.075999999,-2572.8168,-278.44038,-2905.51055,2020-03-29 10:29:41.970,173147852.21141356,335438700.16138536,127325561.10845543,147572859160.29993,21263879782.724426,9217207676.245163,58937.43729131943
46,2020,3,29,10,44,41.97,4037983.25,23907190.15,-10567105.937,-2674.21052,-747.2802800000001,-2724.87162,2020-03-29 10:44:41.970,172337157.32669944,335733541.2617854,127529536.76296467,147569125744.05002,21288276025.48991,9227784347.331161,58937.4477079861
46,2020,3,29,10,59,41.97,1603010.725,23028330.428,-12920293.323,-2728.9646799999996,-1202.85204,-2496.85218,2020-03-29 10:59:41.970,171525587.39113915,336026638.6461501,127732850.22769468,147565387558.09995,21312671560.62797,9238360712.81371,58937.45812465277
46,2020,3,29,11,14,41.97,-859881.192,21748444.723,-15048442.199,-2736.17427,-1637.14328,-2225.53285,2020-03-29 11:14:41.970,170713146.3064967,336317990.2862636,127935500.25318757,147561644602.66006,21337066387.333496,9248936772.339277,58937.46854131943
46,2020,3,29,11,29,41.97,-3307817.321,20090143.497,-16914710.226,-2695.79358,-2042.54958,-1915.76187,2020-03-29 11:29:41.970,169899837.9806816,336607594.1607128,128137485.59229566,147557896877.94125,21361460504.801525,9259512525.554401,58937.4789579861
46,2020,3,29,11,44,41.97,-5698266.748,18082644.721,-18486928.309,-2608.63104,-2412.01429,-1573.0588400000001,2020-03-29 11:44:41.970,169085666.32774094,336895448.25489885,128338805.0001884,147554144384.1543,21385853912.22717,9270087972.105669,58937.48937465277
46,2020,3,29,11,59,41.97,-7989802.761,15761222.810999999,-19738156.813,-2476.32691,-2739.15514,-1203.50627,2020-03-29 11:59:41.970,168270635.26785377,337181550.5610524,128539457.23435874,147550387121.5103,21410246608.80569,9280663111.639685,58937.49979131943
46,2020,3,29,12,14,41.97,-10142835.405,13166550.519000001,-20647139.869999997,-2301.31493,-3018.37519,-813.63202,2020-03-29 12:14:41.970,167454748.72732362,337465899.0782467,128739441.0546296,147546625090.22067,21434638593.73246,9291237943.80313,58937.5102079861
46,2020,3,29,12,29,41.97,-12120302.768,10343948.745,-21198650.816,-2086.7692700000002,-3244.95619,-410.28546,2020-03-29 12:29:41.970,166638010.63857165,337748491.8124108,128938755.22316028,147542858290.49695,21459029866.202972,9301812468.242695,58937.52062465277
46,2020,3,29,12,44,41.97,-13888308.585,7342560.695,-21383724.444,-1836.53856,-3415.1331699999996,-0.51024,2020-03-29 12:44:41.970,165820424.94012997,338029326.7763426,129137398.5044532,147539086722.55093,21483420425.412838,9312386684.60515,58937.53104131943
46,2020,3,29,12,59,41.97,-15416695.384000001,4214467.711,-21199774.3,-1555.06896,-3526.14944,408.58348,2020-03-29 12:59:41.970,165001995.57663485,338308401.9897237,129335369.66536029,147535310386.59476,21507810270.557793,9322960592.537283,58937.5414579861
46,2020,3,29,13,14,41.97,-16679544.197999999,1013764.4820000001,-20650595.713,-1247.31828,-3576.29183,809.94481,2020-03-29 13:14:41.970,164182726.49881938,338585715.4791323,129532667.47508949,147531529282.84055,21532199400.833683,9333534191.685944,58937.55187465277
46,2020,3,29,13,29,41.97,-17655593.735999998,-2204388.694,-19746257.386,-918.6631600000001,-3564.90653,1196.70357,2020-03-29 13:29:41.970,163362621.6635071,338861265.278057,129729290.70521177,147527743411.5008,21556587815.436478,9344107481.698,58937.56229131943
46,2020,3,29,13,44,41.97,-18328573.743,-5384719.375,-18502886.372,-574.8015899999999,-3492.39614,1562.2855200000001,2020-03-29 13:44:41.970,162541685.03360495,339135049.4269095,129925238.12966682,147523952772.78827,21580975513.562286,9354680462.220406,58937.5727079861
46,2020,3,29,13,59,41.97,-18687449.097,-8472785.712000001,-16942352.88,-221.65233,-3360.19896,1900.51945,2020-03-29 13:59:41.970,161719920.5780957,339407065.97304016,130120508.52477038,147520157366.91586,21605362494.40731,9365253132.900127,58937.58312465277
46,2020,3,29,14,14,41.97,-18726572.863,-11415893.024999999,-15091862.75,134.74656,-3170.75177,2205.73506,2020-03-29 14:14:41.970,160897332.2720318,339677312.9707501,130315100.66922058,147516357194.09668,21629748757.16787,9375825493.384176,58937.59354131943
46,2020,3,29,14,29,41.97,-18445748.123,-14163969.948,-12983466.56,488.33869000000004,-2927.4374700000003,2472.8502200000003,2020-03-29 14:29:41.970,160073924.09652787,339945788.4813054,130509013.34410448,147512552254.54422,21654134301.04047,9386397543.31963,58937.6039579861
46,2020,3,29,14,44,41.97,-17850199.762000002,-16670391.239,-10653495.132,833.14823,-2634.51917,2697.4471000000003,2020-03-29 14:44:41.970,159249700.03875405,340212490.5729509,130702245.33290477,147508742548.472,21678519125.221634,9396969282.353598,58937.61437465277
46,2020,3,29,14,59,41.97,-16950458.718000002,-18892735.699,-8141931.877,1163.37534,-2297.0621699999997,2875.83637,2020-03-29 14:59:41.970,158424664.09192848,340477417.32092446,130894795.42150638,147504928076.09387,21702903228.908096,9407540710.133224,58937.62479131943
46,2020,3,29,15,14,41.97,-15762162.259000001,-20793469.072,-5491732.798,1473.48719,-1920.8455,3005.1092399999998,2020-03-29 15:14:41.970,157598820.2553106,340740566.80746937,131086662.39820312,147501108837.62378,21727286611.296673,9418111826.305725,58937.6352079861
46,2020,3,29,15,29,41.97,-14305774.842999998,-22340543.205000002,-2748105.2479999997,1758.30324,-1512.26458,3083.17707,2020-03-29 15:29:41.970,156772172.53419402,341001937.12184936,131277845.05370432,147497284833.2761,21751669271.58431,9428682630.518343,58937.64562465277
46,2020,3,29,15,44,41.97,-12606234.953,-23507904.13,42243.381,2013.0743400000001,-1078.22641,3108.79855,2020-03-29 15:44:41.970,155944724.93989924,341261526.36036205,131468342.1811414,147493456063.26538,21776051208.968052,9439253122.418356,58937.65604131943
46,2020,3,29,15,59,41.97,-10692533.997000001,-24275903.064999998,2831875.818,2233.5544999999997,-626.03885,3081.59449,2020-03-29 15:59:41.970,155116481.48976687,341519332.6263531,131658152.57607481,147489622527.80637,21800432422.645103,9449823301.65312,58937.6664579861
46,2020,3,29,16,14,41.97,-8597233.993,-24631605.605,5573402.847,2416.0650100000003,-163.29535,3002.0502699999997,2020-03-29 16:14:41.970,154287446.20714974,341775354.0302288,131847275.03650038,147485784227.11383,21824812911.81278,9460393167.869997,58937.67687465277
46,2020,3,29,16,29,41.97,-6355931.288,-24568995.621,8220258.051999999,2557.5502,302.24352,2871.50637,2020-03-29 16:29:41.970,153457623.12140682,342029588.689472,132035708.36285624,147481941161.4032,21849192675.668495,9470962720.71643,58937.68729131943
46,2020,3,29,16,44,41.97,-4006674.037,-24089071.581,10727458.629,2655.6243400000003,762.7705,2692.13693,2020-03-29 16:44:41.970,152627016.267895,342282034.72865486,132223451.35802954,147478093330.88956,21873571713.409832,9481531959.839884,58937.6977079861
46,2020,3,29,16,59,41.97,-1589341.578,-23199834.124,13052341.766999999,2708.60936,1210.55263,2466.91691,2020-03-29 16:59:41.970,151795629.68796262,342532690.2794519,132410502.82736294,147474240735.78873,21897950024.23445,9492100884.887884,58937.70812465277
46,2020,3,29,17,14,41.97,855005.777,-21916164.91,15155266.366,2715.56277,1638.05167,2199.578,2020-03-29 17:14:41.970,150963467.42894158,342781553.4806557,132596861.57866172,147470383376.31656,21922327607.340153,9502669495.507996,58937.71854131943
46,2020,3,29,17,29,41.97,3284797.629,-20259597.851,17000270.147,2676.29566,2038.0425899999998,1894.55363,2020-03-29 17:29:41.970,150130533.54414082,343028622.4781904,132782526.42220004,147466521252.68912,21946704461.92488,9513237791.34782,58937.7289579861
46,2020,3,29,17,44,41.97,5658635.858,-18257985.031,18555672.577,2591.38015,2403.72892,1556.9135999999999,2020-03-29 17:44:41.970,149296832.09283817,343273895.42512465,132967496.17072822,147462654365.12268,21971080587.186676,9523805772.055033,58937.73937465277
46,2020,3,29,17,59,41.97,7935978.88,-15945060.776,19794614.382,2462.1460700000002,2728.85349,1192.28865,2020-03-29 17:59:41.970,148462367.14027387,343517370.4816869,133151769.63947906,147458782713.83368,21995455982.323704,9534373437.277319,58937.74979131943
46,2020,3,29,18,14,41.97,10077817.979,-13359908.649999999,20695524.895,2290.66661,3007.80315,806.78562,2020-03-29 18:14:41.970,147627142.75764275,343759045.81527907,133335345.64617498,147454906299.03894,22019830646.53427,9544940786.662437,58937.7602079861
46,2020,3,29,18,29,41.97,12047335.582,-10546337.43,21242509.051,2079.73255,3235.70607,406.89381000000003,2020-03-29 18:29:41.970,146791163.02208677,343998919.6004901,133518223.01103453,147451025120.95535,22044204579.0168,9555507819.858187,58937.77062465277
46,2020,3,29,18,44,41.97,13810535.167,-7552173.579,21425646.467,1832.81493,3408.51973,-0.61654,2020-03-29 18:44:41.970,145954432.0166881,344236990.0191108,133700400.5567795,147447139179.80032,22068577778.969837,9566074536.512403,58937.78104131943
46,2020,3,29,18,59,41.97,15336832.397,-4428479.204,21241195.94,1554.01621,3523.10819,-408.80274,2020-03-29 18:59:41.970,145116953.83046138,344473255.26014733,133881877.10864139,147443248475.791,22092950245.592056,9576640936.27298,58937.7914579861
46,2020,3,29,19,14,41.97,16599597.054999998,-1228706.05,20691699.673,1248.0098799999998,3577.30671,-810.66379,2020-03-29 19:14:41.970,144278732.55834633,344707713.5198362,134062651.49436848,147439353009.145,22117321978.082253,9587207018.787848,58937.80187465277
46,2020,3,29,19,29,41.97,17576635.577,1992202.331,19785982.803,919.9688299999999,3569.9719999999998,-1199.25858,2020-03-29 19:29:41.970,143439772.30120048,344940363.0016575,134242722.54423258,147435452780.08044,22141692975.639343,9597772783.704994,58937.81229131943
46,2020,3,29,19,44,41.97,18250604.335,5178746.517,18539045.281999998,575.48327,3501.01634,-1567.82659,2020-03-29 19:44:41.970,142600077.1657912,345171201.9163495,134422089.0910361,147431547788.8152,22166063237.462376,9608338230.672447,58937.8227079861
46,2020,3,29,19,59,41.97,18609344.496999998,8275830.067999999,16971844.915000003,220.46868999999998,3371.42416,-1909.9087299999999,2020-03-29 19:59:41.970,141759651.26478887,345400228.4819231,134600749.97011867,147427638035.56757,22190432762.750538,9618903359.338284,58937.83312465277
46,2020,3,29,20,14,41.97,18646130.2,11229724.757,15110972.292000001,-138.93453,3183.24946,-2219.4663,2020-03-29 20:14:41.970,140918498.71675894,345627440.9236757,134778704.0193639,147423723520.55618,22214801550.703114,9629468169.350624,58937.84354131943
46,2020,3,29,20,29,41.97,18359823.027,13989024.574,12988220.588,-496.46862000000004,2939.59324,-2490.99525,2020-03-29 20:29:41.970,140076623.64615425,345852837.4742056,134955950.07920676,147419804243.99973,22239169600.519516,9640032660.357643,58937.8539579861
46,2020,3,29,20,44,41.97,17754927.32,16505570.155000001,10640055.508,-845.8709399999999,2644.56032,-2719.63332,2020-03-29 20:44:41.970,139234030.18330783,346076416.3734264,135132486.99264017,147415880206.11725,22263536911.399326,9650596832.007553,58937.86437465277
46,2020,3,29,20,59,41.97,16841542.761,18735324.977,8106993.123000001,-1180.98938,2303.19541,-2901.25718,2020-03-29 20:59:41.970,138390722.46442515,346298175.8685813,135308313.6052217,147411951407.12778,22287903482.542194,9661160683.94862,58937.87479131943
46,2020,3,29,21,14,41.97,15635212.759,20639184.875,5432895.763,-1495.89807,1921.39894,-3032.5669300000004,2020-03-29 21:14:41.970,137546704.63157624,346518114.21425706,135483428.76508114,147408017847.25073,22312269313.147938,9671724215.829165,58937.8852079861
46,2020,3,29,21,29,41.97,14156669.545,22183703.185,2664198.457,-1785.0107,1505.82401,-3111.15555,2020-03-29 21:29:41.970,136701980.83268833,346736229.67239887,135657831.32292688,147404079526.706,22336634402.41647,9682287427.297535,58937.89562465277
46,2020,3,29,21,44,41.97,12431479.373,23341715.198000003,-150919.471,-2043.18875,1063.75607,-3135.56101,2020-03-29 21:44:41.970,135856555.22153807,346952520.51232475,135831520.1320533,147400136445.71326,22360998749.547863,9692850318.00215,58937.90604131943
46,2020,3,29,21,59,41.97,10489593.716,24092847.547000002,-2963401.308,-2265.84171,602.97798,-3105.29943,2020-03-29 21:59:41.970,135010431.95774367,347166985.0107393,136004494.0483471,147396188604.49237,22385362353.742306,9703412887.591452,58937.9164579861
46,2020,3,29,22,14,41.97,8364814.829999999,24423900.635,-5724200.654,-2449.0167500000002,131.62336,-3020.87806,2020-03-29 22:14:41.970,134163615.20675749,347379621.45174885,136176751.93029523,147392236003.264,22409725214.200092,9713975135.713953,58937.92687465277
46,2020,3,29,22,29,41.97,6094186.257999999,24329095.174999997,-8385171.4520000005,-2589.47543,-341.97811,-2883.7873799999998,2020-03-29 22:29:41.970,133316109.13985778,347590428.1268759,136348292.63899103,147388278642.24854,22434087330.121666,9724537062.018196,58937.93729131943
46,2020,3,29,22,44,41.97,3717320.865,23810177.18,-10899941.62,-2684.7555500000003,-809.45988,-2696.47261,2020-03-29 22:44:41.970,132467917.93414144,347799403.33507323,136519115.0381418,147384316521.66666,22458448700.7076,9735098666.15279,58937.9477079861
46,2020,3,29,22,59,41.97,1275680.5199999998,22876379.271,-13224751.947999999,-2733.2165499999996,-1262.5780300000001,-2462.28522,2020-03-29 22:59:41.970,131619045.7725157,348006545.382738,136689217.99407542,147380349641.73944,22482809325.158577,9745659947.76638,58937.95812465277
46,2020,3,29,23,14,41.97,-1188177.297,21544239.685,-15319242.85,-2734.0675,-1693.36728,-2185.41584,2020-03-29 23:14:41.970,130769496.84369063,348211852.5837276,136858600.37574792,147376378002.68805,22507169202.675423,9756220906.507652,58937.96854131943
46,2020,3,29,23,29,41.97,-3631370.0909999995,19837283.853,-17147173.061,-2687.37728,-2094.28982,-1870.81042,2020-03-29 23:29:41.970,129919275.34217098,348415323.2593735,137027261.05474994,147372401604.7338,22531528332.459106,9766781542.025358,58937.9789579861
46,2020,3,29,23,44,41.97,-6011462.1219999995,17785576.606,-18677056.261,-2594.06711,-2458.37344,-1524.07213,2020-03-29 23:44:41.970,129068385.46824858,348616955.73849535,137195198.9053143,147368420448.09836,22555886713.710686,9777341853.968283,58937.98937465277
46,2020,3,29,23,59,41.97,-8287221.709,15425155.932,-19882703.902000003,-2455.88599,-2779.3361800000002,-1151.35151,2020-03-29 23:59:41.970,128216831.42799383,348816748.357416,137362412.80432266,147364434533.00363,22580244345.631367,9787901841.98527,58937.99979131943
46,2020,3,30,0,14,41.97,-10419348.451,12797363.315000001,-20743665.207999997,-2275.37032,-3051.6947800000003,-759.22794,2020-03-30 00:14:41.970,127364617.43324848,349014699.4599768,137528901.63131303,147360443859.67163,22604601227.42249,9798461505.72521,58938.0102079861
46,2020,3,30,0,29,41.97,-12371161.166,9948075.706,-21245556.691000003,-2055.78895,-3270.85632,-354.5848,2020-03-30 00:29:41.970,126511747.70161714,349210807.3975513,137694664.26848665,147356448428.3247,22628957358.285526,9809020844.837038,58938.02062465277
46,2020,3,30,0,44,41.97,-14109223.109000001,6926880.738,-21380279.606,-1801.07566,-3433.18908,55.5175,2020-03-30 00:44:41.970,125658226.4564593,349405070.52905995,137859699.6007151,147352448239.18524,22653312737.422066,9819579858.969738,58938.03104131943
46,2020,3,30,0,59,41.97,-15603908.891999999,3786179.723,-21146121.056,-1515.75086,-3536.0756,463.96945,2020-03-30 00:59:41.970,124804057.92688133,349597487.22098607,138024006.51554748,147348443292.47598,22677667364.03384,9830138547.772356,58938.0414579861
46,2020,3,30,1,14,41.97,-16829893.173,580260.399,-20547741.673,-1204.83468,-3577.94507,863.7377200000001,2020-03-30 01:14:41.970,123949246.34772855,349788055.84738874,138187583.90321773,147344433588.42014,22702021237.322693,9840696910.89395,58938.05187465277
46,2020,3,30,1,29,41.97,-17766558.716,-2635652.466,-19596052.326,-873.7534300000001,-3558.28664,1247.98585,2020-03-30 01:29:41.970,123093795.95957686,349976774.78991926,138350430.65665144,147340419127.24066,22726374356.490616,9851254947.983677,58938.06229131943
46,2020,3,30,1,44,41.97,-18398318.059,-5806349.938,-18307984.966,-528.2414600000001,-3477.64394,1610.1885,2020-03-30 01:44:41.970,122237711.00872457,350163642.43783486,138512545.67147344,147336399909.16098,22750726720.739723,9861812658.69071,58938.0727079861
46,2020,3,30,1,59,41.97,-18714845.569000002,-8877578.890999999,-16706164.319,-174.24044,-3337.59213,1944.23732,2020-03-30 01:59:41.970,121380995.74718454,350348657.188014,138673927.84601468,147332375934.40457,22775078329.272255,9872370042.66429,58938.08312465277
46,2020,3,30,2,14,41.97,-18711218.325999998,-11796953.835,-14818488.4,182.20218,-3140.6985,2244.5374500000003,2020-03-30 02:14:41.970,120523654.43267559,350531817.44497114,138834576.0813198,147328347203.19547,22799429181.290585,9882927099.553673,58938.09354131943
46,2020,3,30,2,29,41.97,-18387965.837,-14514826.485,-12677626.952000001,535.03398,-2890.4682300000004,2506.09329,2020-03-30 02:29:41.970,119665691.3286146,350713121.6208712,138994489.2811537,147324313715.7577,22823779275.997223,9893483829.008217,58938.1039579861
46,2020,3,30,2,44,41.97,-17751029.965,-16985100.36,-10320447.688000001,878.2960800000001,-2591.27673,2724.58304,2020-03-30 02:44:41.970,118807110.70410776,350892568.13554496,139153666.35200962,147320275472.31558,22848128612.594803,9904040230.677286,58938.11437465277
46,2020,3,30,2,59,41.97,-16811637.724,-19165979.05,-7787380.838,1206.2180600000002,-2248.29014,2896.42122,2020-03-30 02:59:41.970,117947916.83394279,351070155.4165045,139312106.20311567,147316232473.0934,22872477190.286095,9914596304.210304,58938.12479131943
46,2020,3,30,3,14,41.97,-15586090.637,-21020638.204,-5121732.8610000005,1513.30824,-1867.37563,3018.8090399999996,2020-03-30 03:14:41.970,117088113.99858041,351245881.8989568,139469807.7464428,147312184718.316,22896825008.274,9925152049.256771,58938.1352079861
46,2020,3,30,3,29,41.97,-14095475.361000001,-22517812.741,-2368960.45,1794.43826,-1455.0029,3089.77229,2020-03-30 03:29:41.970,116227706.48414564,351419746.02581924,139626769.89671123,147308132208.20834,22921172065.761543,9935707465.466194,58938.14562465277
46,2020,3,30,3,44,41.97,-12365301.034,-23632292.101999998,424083.98699999996,2044.9211699999998,-1018.13862,3108.18679,2020-03-30 03:44:41.970,115366698.58242,351591746.2477355,139782991.57139862,147304074942.99564,22945518361.951885,9946262552.48817,58938.15604131943
46,2020,3,30,3,59,41.97,-10425069.564,-24345317.731,3209924.179,2260.58227,-564.13494,3073.79151,2020-03-30 03:59:41.970,114505094.59083253,351761881.02308923,139938471.6907467,147300012922.90308,22969863896.04833,9956817309.972307,58938.1664579861
46,2020,3,30,4,14,41.97,-8307785.615,-24644878.238,5941238.102,2437.82217,-100.6138,2987.18938,2020-03-30 04:14:41.970,113642898.8124516,351930148.8180205,140093209.17776904,147295946148.15616,22994208667.25429,9967371737.5683,58938.17687465277
46,2020,3,30,4,29,41.97,-6049413.635,-24525898.915000003,8571631.423999999,2573.6713600000003,364.65185,2849.8361600000003,2020-03-30 04:29:41.970,112780115.5559763,352096548.1064393,140247202.95825812,147291874618.98108,23018552674.773354,9977925834.925858,58938.18729131943
46,2020,3,30,4,44,41.97,-3688289.687,-23990323.461,11056395.58,2665.83594,823.85867,2664.01745,2020-03-30 04:44:41.970,111916749.13572797,352261077.3700418,140400451.96079293,147287798335.60355,23042895917.809174,9988479601.694786,58938.1977079861
46,2020,3,30,4,59,41.97,-1264496.275,-23047086.932,13353239.995,2712.73409,1269.2938,2432.8142900000003,2020-03-30 04:59:41.970,111052803.87164156,352423735.0983254,140552955.11674607,147283717298.25,23067238395.56559,9999033037.524902,58938.20812465277
46,2020,3,30,5,14,41.97,1180791.2510000002,-21711980.049000002,15422988.29,2713.5227099999997,1693.45517,2160.0575599999997,2020-03-30 05:14:41.970,110188284.0892571,352584519.7886032,140704711.3602913,147279631507.14673,23091580107.246563,10009586142.06608,58938.21854131943
46,2020,3,30,5,29,41.97,3605977.786,-20007406.152,17230228.546,2668.1140100000002,2089.16961,1850.27157,2020-03-30 05:29:41.970,109323194.11971083,352743429.9460204,140855719.6284111,147275540962.52063,23115921052.056183,10020138914.968262,58938.2289579861
46,2020,3,30,5,44,41.97,5969731.775,-17962033.23,18743908.109,2577.18158,2449.7076199999997,1508.60727,2020-03-30 05:44:41.970,108457538.29972696,352900464.0835678,141005978.8609037,147271445664.5984,23140261229.19868,10030691355.881418,58938.23937465277
46,2020,3,30,5,59,41.97,8231669.143999999,-15610344.694,19937863.754,2442.15561,2768.8934,1140.76553,2020-03-30 05:59:41.970,107591320.97160839,353055620.7220986,141155488.00039077,147267345613.60724,23164600637.878403,10041243464.455587,58938.24979131943
46,2020,3,30,6,14,41.97,10353027.95,-12992093.794,20791278.543,2265.2070599999997,3041.20871,752.91104,2020-03-30 06:14:41.970,106724546.48322852,353208898.39034307,141304245.99232492,147263240809.77438,23188939277.29984,10051795240.34086,58938.2602079861
46,2020,3,30,6,29,41.97,12297323.622,-10151667.964,21289057.237,2049.22029,3261.8889000000004,351.57750999999996,2020-03-30 06:29:41.970,105857219.18802205,353360295.62492365,141452251.78499696,147259131253.32758,23213277146.66763,10062346683.187353,58938.27062465277
46,2020,3,30,6,44,41.97,14030974.443,-7137370.786,21422112.848,1797.7542799999999,3427.00964,-56.4348,2020-03-30 06:44:41.970,104989343.44497631,353509810.9703704,141599504.32954347,147255016944.49457,23237614245.18652,10072897792.645266,58938.28104131943
46,2020,3,30,6,59,41.97,15523886.848,-4000630.772,21187557.746999998,1514.9921399999998,3533.56255,-464.1685,2020-03-30 06:59:41.970,104120923.61862248,353657442.979137,141746002.57995436,147250897883.5033,23261950572.0614,10083448568.364828,58938.2914579861
46,2020,3,30,7,14,41.97,16749990.147,-795147.733,20588793.834,1205.67921,3579.51798,-864.62377,2020-03-30 07:14:41.970,103251964.0790266,353803190.2116151,141891745.49308035,147246774070.58194,23286286126.497314,10093999009.996332,58938.30187465277
46,2020,3,30,7,29,41.97,17687710.477,2424010.904,19635497.509,875.05003,3563.87316,-1250.8771000000002,2020-03-30 07:29:41.970,102382469.2017805,353947051.2361498,142036732.02864027,147242645505.95886,23310620907.699425,10104549117.190107,58938.31229131943
46,2020,3,30,7,44,41.97,18320374.242000002,5601349.933,18343496.742,528.74478,3486.6841000000004,-1616.20206,2020-03-30 07:44:41.970,101512443.36799322,354089024.62905616,142180961.14922905,147238512189.86276,23334954914.872993,10115098889.596556,58938.3227079861
46,2020,3,30,7,59,41.97,18636531.935,8681906.949000001,16734539.270000001,172.71611000000001,3349.07958,-1954.19003,2020-03-30 07:59:41.970,100641890.96428157,354229108.9746337,142324431.82032487,147234374122.52267,23359288147.223515,10125648326.866123,58938.33312465277
46,2020,3,30,8,14,41.97,18630194.26,11612217.006000001,14835952.983,-186.87237000000002,3153.25598,-2258.8687,2020-03-30 08:14:41.970,99770816.38276133,354367302.86518216,142467143.0102968,147230231304.1674,23383620603.956516,10136197428.649294,58938.34354131943
46,2020,3,30,8,29,41.97,18300973.702999998,14341263.611,12680201.751,-543.75438,2902.45199,-2524.81547,2020-03-30 08:29:41.970,98899224.02103812,354503604.90101695,142609093.6904127,147226083735.0264,23407952284.27773,10146746194.596613,58938.3539579861
46,2020,3,30,8,44,41.97,17654126.338,16821397.646,10304342.318,-891.67403,2600.90258,-2747.26341,2020-03-30 08:44:41.970,98027118.28219832,354638013.6904844,142750282.83484632,147221931415.3292,23432283187.39297,10157294624.358686,58938.36437465277
46,2020,3,30,8,59,41.97,16700490.555,19009205.567,7749390.329,-1224.5014,2253.77236,-2922.19683,2020-03-30 08:59:41.970,97154503.57479976,354770527.84997845,142890709.42068538,147217774345.30545,23456613312.508244,10167842717.58616,58938.37479131943
46,2020,3,30,9,14,41.97,15456321.547,20866308.491,5059605.979,-1536.34818,1867.06878,-3046.43385,2020-03-30 09:14:41.970,96281384.31286266,354901146.003955,143030372.42793894,147213612525.18515,23480942658.829636,10178390473.929737,58938.3852079861
46,2020,3,30,9,29,41.97,13943022.802,22360074.648999996,2281712.089,-1821.68048,1447.53668,-3117.69366,2020-03-30 09:29:41.970,95407764.91586038,355029866.78494775,143169270.83954492,147209445955.1984,23505271225.563416,10188937893.040163,58938.39562465277
46,2020,3,30,9,44,41.97,12186778.3,23464229.087,-535940.549,-2075.42614,1002.53581,-3134.6460700000002,2020-03-30 09:44:41.970,94533649.80871004,355156688.83358467,143307403.64137813,147205274635.57574,23529599011.915962,10199484974.568264,58938.40604131943
46,2020,3,30,9,59,41.97,10218091.673,24159346.573,-3344243.969,-2293.07375,539.9042,-3096.94206,2020-03-30 09:59:41.970,93659043.4217634,355281610.79860264,143444769.8222579,147201098566.54752,23553926017.093807,10210031718.164885,58938.4164579861
46,2020,3,30,10,14,41.97,8071240.988,24433216.169999998,-6094222.17,-2470.7607500000004,67.81019,-3005.22387,2020-03-30 10:14:41.970,92783950.19079722,355404631.33686376,143581368.3739553,147196917748.3448,23578252240.303604,10220578123.48094,58938.42687465277
46,2020,3,30,10,29,41.97,5783660.025,24281068.98,-8737920.02,-2605.34827,-405.40308000000005,-2861.11435,2020-03-30 10:29:41.970,91908374.55700405,355525749.11337084,143717198.2912014,147192732181.19843,23602577680.75215,10231124190.167395,58938.43729131943
46,2020,3,30,10,44,41.97,3395258.866,23705663.852999996,-11229273.246000001,-2694.48088,-871.37708,-2667.18565,2020-03-30 10:44:41.970,91032320.96698284,355644962.80128354,143852258.57169467,147188541865.3397,23626902337.646393,10241669917.875273,58938.4477079861
46,2020,3,30,10,59,41.97,947698.102,22717229.402000003,-13524941.242,-2736.62976,-1321.8971999999999,-2426.9081199999996,2020-03-30 10:59:41.970,90155793.87272912,355762271.0819335,143986548.21610922,147184346801.00015,23651226210.193398,10252215306.255627,58938.45812465277
46,2020,3,30,11,14,41.97,-1516367.9649999999,21333264.187,-15585085.487,-2731.11827,-1749.0479599999999,-2144.5807999999997,2020-03-30 11:14:41.970,89278797.73162603,355877672.6448411,144120066.22810164,147180146988.41144,23675549297.6004,10262760354.959597,58938.46854131943
46,2020,3,30,11,29,41.97,-3954063.175,19578200.363,-17374077.846,-2678.12984,-2145.3606,-1825.2455,2020-03-30 11:29:41.970,88401337.00643422,355991166.18772954,144252811.6143197,147175942427.8054,23699871599.074707,10273305063.638351,58938.4789579861
46,2020,3,30,11,44,41.97,-6323060.432,17482939.281999998,-18861125.080999997,-2578.69811,-2503.94958,-1474.5869300000002,2020-03-30 11:44:41.970,87523416.16528255,356102750.41654336,144384783.38440943,147171733119.4141,23724193113.823837,10283849431.943129,58938.48937465277
46,2020,3,30,11,59,41.97,-8582336.106999999,15084270.296,-20020798.123,-2434.68023,-2818.63513,-1098.82145,2020-03-30 11:59:41.970,86645039.68165839,356212424.04546213,144515980.55102342,147167519063.4699,23748513841.05542,10294393459.525192,58938.49979131943
46,2020,3,30,12,14,41.97,-10692893.190000001,12424186.388,-20833457.262,-2248.71434,-3084.0496599999997,-704.57745,2020-03-30 12:14:41.970,85766212.0343977,356320185.7969168,144646402.12982848,147163300260.2054,23772833779.977203,10304937146.035902,58938.5102079861
46,2020,3,30,12,29,41.97,-12618439.693,9549112.041000001,-21285567.002,-2024.1628999999998,-3295.72615,-298.77031,2020-03-30 12:29:41.970,84886937.70767571,356426034.40160674,144776047.13951352,147159076709.8533,23797152929.797127,10315480491.126633,58938.52062465277
46,2020,3,30,12,44,41.97,-14326010.276999999,6509060.085,-21369896.969,-1765.04356,-3450.1674599999997,111.52529999999999,2020-03-30 12:44:41.970,84007221.19099684,356529968.5985143,144904914.60179728,147154848412.6466,23821471289.723213,10326023494.44883,58938.53104131943
46,2020,3,30,12,59,41.97,-15786520.809,3356734.9760000003,-21085607.810000002,-1475.94954,-3544.89595,519.20288,2020-03-30 12:59:41.970,83127066.97918485,356631987.13492185,145033003.5414362,147150615368.81842,23845788858.96364,10336566155.653997,58938.5414579861
46,2020,3,30,13,14,41.97,-16975247.368,146600.274,-20438223.367,-1161.96172,-3578.48351,917.2489700000001,2020-03-30 13:14:41.970,82246479.57237317,356732088.7664273,145160312.98623234,147146377578.60223,23870105636.72675,10347108474.393679,58938.55187465277
46,2020,3,30,13,29,41.97,-17872223.07,-3066072.1119999997,-19439492.55,-828.55429,-3550.56212,1298.86302,2020-03-30 13:29:41.970,81365463.4759949,356830272.2569604,145286841.9670416,147142135042.23166,23894421622.221004,10357650450.31948,58938.56229131943
46,2020,3,30,13,44,41.97,-18462547.969,-6226153.868000001,-18107146.187999997,-481.49624,-3461.8161,1657.57061,2020-03-30 13:44:41.970,80484023.20077266,356926536.3787983,145412589.517781,147137887759.9404,23918736814.65501,10368192083.083055,58938.5727079861
46,2020,3,30,13,59,41.97,-18736609.014000002,-9279597.207,-16464555.742,-126.75031,-3313.95671,1987.32812,2020-03-30 13:59:41.970,79602163.26270895,357020879.91258264,145537554.6754373,147133635731.9626,23943051213.237503,10378733372.336123,58938.58312465277
46,2020,3,30,14,14,41.97,-18690208.741,-12174341.66,-14540302.040000001,229.62851,-3109.68075,2282.61777,2020-03-30 14:14:41.970,78719888.1830758,357113301.6473349,145661736.48007432,147129378958.53247,23967364817.177376,10389274317.730453,58938.59354131943
46,2020,3,30,14,29,41.97,-18324602.900000002,-14861176.838,-12367663.243,581.59355,-2852.61443,2538.53193,2020-03-30 14:29:41.970,77837202.48840491,357203800.3804729,145785133.97484136,147125117439.8846,23991677625.683674,10399814918.917866,58938.6039579861
46,2020,3,30,14,44,41.97,-17646448.568,-17294548.598,-9984032.040000001,923.2045899999999,-2547.24398,2750.84601,2020-03-30 14:44:41.970,76954110.71047725,357292374.91782653,145907746.2059812,147120851176.25354,24015989637.96553,10410355175.550232,58938.61437465277
46,2020,3,30,14,59,41.97,-16667665.554,-19433297.478,-7430272.601,1248.72227,-2198.8347400000002,2916.0793200000003,2020-03-30 14:59:41.970,76070617.38631311,357379024.07365525,146029572.22283775,147116580167.87418,24040300853.232304,10420895087.279488,58938.62479131943
46,2020,3,30,15,14,41.97,-15405214.94,-21241319.643,-4750028.223,1552.69759,-1813.34018,3031.54378,2020-03-30 15:14:41.970,75186727.0581617,357463746.6706624,146150611.07786417,147112304414.9817,24064611270.69339,10431434653.7576,58938.6352079861
46,2020,3,30,15,29,41.97,-13880799.551,-22688142.009999998,-1988990.787,1830.05577,-1397.30241,3095.38007,2020-03-30 15:29:41.970,74302444.27349095,357546541.5400133,146270861.8266311,147108023917.81137,24088920889.558422,10441973874.636642,58938.64562465277
46,2020,3,30,15,44,41.97,-12120491.945,-23749404.589,805856.77,2076.17337,-957.7457,3106.58142,2020-03-30 15:44:41.970,73417773.58497724,357627407.52135074,146390323.5278347,147103738676.59875,24113229709.03712,10452512749.568691,58938.65604131943
46,2020,3,30,15,59,41.97,-10154296.178000001,-24407244.37,3587013.8000000003,2286.94814,-502.06446000000005,3065.0050100000003,2020-03-30 15:59:41.970,72532719.55049482,357706343.4628108,146508995.2433046,147099448691.57965,24137537728.339375,10463051278.205893,58938.6664579861
46,2020,3,30,16,14,41.97,-8015650.23,-24650576.391999997,6307240.04,2458.86103,-37.90697,2971.37115,2020-03-30 16:14:41.970,71647286.73310567,357783348.2210403,146626876.03801164,147095153962.9899,24161844946.67519,10473589460.200464,58938.67687465277
46,2020,3,30,16,29,41.97,-5740876.449,-24475268.823,8920327.564,2589.02957,426.94368,2827.2505,2020-03-30 16:29:41.970,70761479.70104872,357858420.66121286,146743964.98007682,147090854491.06583,24186151363.25474,10484127295.204653,58938.68729131943
46,2020,3,30,16,44,41.97,-3368587.875,-23884210.075,11381855.917000001,2675.25245,884.69021,2635.0395,2020-03-30 16:44:41.970,69875303.02772956,357931559.65704507,146860261.14077875,147086550276.04376,24210456977.28833,10494664782.870779,58938.6977079861
46,2020,3,30,16,59,41.97,-939058.671,-22887267.096,13649919.998,2716.0446500000003,1327.64214,2397.9244400000002,2020-03-30 16:59:41.970,68988761.29170974,358002764.09081274,146975763.59456176,147082241318.1603,24234761787.986412,10505201922.85122,58938.70812465277
46,2020,3,30,17,14,41.97,1506432.7149999999,-21501135.16,15685820.535,2710.66284,1748.33576,2119.83435,2020-03-30 17:14:41.970,68101859.07669632,358072032.8533676,147090471.41904458,147077927617.65216,24259065794.559566,10515738714.798393,58938.71854131943
46,2020,3,30,17,29,41.97,3926278.6550000003,-19749080.569000002,17454707.321000002,2659.12051,2139.6518699999997,1805.38316,2020-03-30 17:29:41.970,67214600.97153099,358139364.84415424,147204383.69502807,147073609174.7565,24283368996.218544,10526275158.364786,58938.7289579861
46,2020,3,30,17,44,41.97,6279226.416999999,-17660578.876,18926165.689000003,2562.19269,2494.92999,1459.80151,2020-03-30 17:44:41.970,66326991.570179425,358204758.97122645,147317499.5065033,147069285989.71045,24307671392.174217,10536811253.202934,58938.73937465277
46,2020,3,30,17,59,41.97,8525061.564,-15270852.446999999,20074737.17,2421.40972,2808.07763,1088.85872,2020-03-30 17:59:41.970,65439035.4717205,358268214.1512628,147429817.94066033,147064958062.75168,24331972981.63762,10547346998.965431,58938.74979131943
46,2020,3,30,18,14,41.97,10625280.738,-12620312.445,20880365.677,2239.0398299999997,3073.67315,698.7754699999999,2020-03-30 18:14:41.970,64550737.28033562,358329729.30958486,147541338.08789575,147060625394.11758,24356273763.8199,10557882395.304932,58938.7602079861
46,2020,3,30,18,29,41.97,12543743.667000001,-9753911.709,21328761.208,2018.06031,3287.06065,296.12796000000003,2020-03-30 18:29:41.970,63662101.60529757,358389303.3801728,147652059.04182148,147056287984.04614,24380573737.93238,10568417441.874136,58938.77062465277
46,2020,3,30,18,44,41.97,14247294.029000001,-6720416.396,21411673.742,1762.11717,3444.43531,-112.25567,2020-03-30 18:44:41.970,62773133.06095985,358446935.30568177,147761979.8992724,147051945832.77557,24404872903.18654,10578952138.325813,58938.78104131943
46,2020,3,30,18,59,41.97,15706338.739,-3571605.815,21127070.88,1475.47308,3542.91736,-519.40547,2020-03-30 18:59:41.970,61883836.266745515,358502624.0374596,147871099.76031548,147047598940.54395,24429171258.79397,10589486484.312777,58938.7914579861
46,2020,3,30,19,14,41.97,16895375.274,-361411.407,20479213.889,1162.944,3580.61302,-918.3250499999999,2020-03-30 19:14:41.970,60994215.84713628,358556368.5355626,147979417.72825724,147043247307.58987,24453468803.9664,10600020479.487896,58938.80187465277
46,2020,3,30,19,29,41.97,17793456.898000002,2854992.538,19478628.089,829.82463,3556.6605400000003,-1302.11074,2020-03-30 19:29:41.970,60104276.43166128,358608167.7687727,148086932.90965253,147038890934.1521,24477765537.91573,10610554123.50412,58938.81229131943
46,2020,3,30,19,44,41.97,18384586.088,6022132.333,18141965.101,481.80355000000003,3471.2598,-1664.0724200000002,2020-03-30 19:44:41.970,59214022.65488617,358658020.7146142,148193644.4143125,147034529820.4696,24502061459.854015,10621087416.014416,58938.8227079861
46,2020,3,30,19,59,41.97,18658027.203,9085196.918,16491756.244,124.86878999999999,3325.68378,-1997.85415,2020-03-30 19:59:41.970,58323459.15640164,358705926.3593701,148299551.3553134,147030163966.78143,24526356568.993435,10631620356.671846,58938.83312465277
46,2020,3,30,20,14,41.97,18608530.417999998,11991001.639,14556058.435,-234.79467000000002,3122.27075,-2297.55206,2020-03-30 20:14:41.970,57432590.58081249,358751883.6980997,148404652.84900454,147025793373.32693,24550650864.54632,10642152945.129503,58938.84354131943
46,2020,3,30,20,29,41.97,18236460.301,14688935.907,12367996.153,-590.9139799999999,2864.3961999999997,-2557.82695,2020-03-30 20:29:41.970,56541421.577725954,358795891.734655,148508948.01501676,147021418040.34576,24574944345.72514,10652685181.040548,58938.8539579861
46,2020,3,30,20,44,41.97,17547824.05,17131876.304,9965205.43,-937.24202,2556.42404,-2774.00898,2020-03-30 20:44:41.970,55649956.80174077,358837949.48169714,148612435.97627085,147017037968.0775,24599237011.742527,10663217064.058197,58938.86437465277
46,2020,3,30,20,59,41.97,16554196.324000001,19277046.459000003,7389188.263,-1267.67311,2203.6372,-2942.1916,2020-03-30 20:59:41.970,54758200.912435494,358878055.9607141,148715115.8589863,147012653156.76236,24623528861.811234,10673748593.835722,58938.87479131943
46,2020,3,30,21,14,41.97,15272539.862,21086805.412,4684588.262,-1576.35849,1812.14829,-3059.3122,2020-03-30 21:14:41.970,53866158.57435705,358916210.20203704,148816986.79268876,147008263606.64044,24647819895.144207,10684279770.026457,58938.8852079861
46,2020,3,30,21,29,41.97,13724923.404,22529347.083,1898400.623,-1857.81856,1388.79167,-3123.2170199999996,2020-03-30 21:29:41.970,52973834.45700931,358952411.2448573,148918047.9102196,147003869317.95224,24672110110.95449,10694810592.283787,58938.89562465277
46,2020,3,30,21,44,41.97,11938141.003999999,23579295.0,-920868.464,-2107.0492999999997,940.9989899999999,-3132.70834,2020-03-30 21:44:41.970,52081233.23484151,358986658.13724416,149018298.34774357,146999470290.93823,24696399508.455315,10705341060.261154,58938.90604131943
46,2020,3,30,21,59,41.97,9943239.285,24218178.518,-3724076.1969999997,-2319.62001,476.66083,-3087.5721399999998,2020-03-30 21:59:41.970,51188359.58723658,359018949.93616027,149117737.24475777,146995066525.8393,24720688086.860012,10715871173.612068,58938.9164579861
46,2020,3,30,22,14,41.97,7774961.626,24434779.397,-6462333.396,-2491.75974,3.9774900000000004,-2988.58552,2020-03-30 22:14:41.970,50295218.198499486,359049285.7074802,149216363.74409986,146990658022.89645,24744975845.382137,10726400931.990091,58938.92687465277
46,2020,3,30,22,29,41.97,5471120.426,24225340.657,-9087891.954999998,-2620.43031,-468.69721,-2837.50315,2020-03-30 22:29:41.970,49401813.75784538,359077664.5260066,149314176.9919566,146986244782.35092,24769262783.23529,10736930335.048834,58938.93729131943
46,2020,3,30,22,44,41.97,3071910.485,23593632.968999997,-11555010.866,-2703.3839199999998,-933.01562,-2637.02319,2020-03-30 22:44:41.970,48508150.95938796,359104085.4754876,149411176.13787237,146981826804.4442,24793548899.633316,10747459382.441984,58938.9477079861
46,2020,3,30,22,59,41.97,619178.0,22550877.401,-13820782.632000001,-2739.2039800000002,-1380.79519,-2390.73366,2020-03-30 22:59:41.970,47614234.5021275,359128547.6486342,149507360.33475786,146977404089.4181,24817834193.790146,10757988073.823263,58938.95812465277
46,2020,3,30,23,14,41.97,-1844339.361,21115526.855,-15845903.046,-2727.3284000000003,-1804.1729,-2103.04047,2020-03-30 23:14:41.970,46720069.089939,359151050.1471365,149602728.73889846,146972976637.5141,24842118664.919907,10768516408.846472,58938.96854131943
46,2020,3,30,23,29,41.97,-4275785.291999999,19312911.936,-17595368.858999997,-2668.05506,-2195.7515000000003,-1779.07952,2020-03-30 23:29:41.970,45825659.431560226,359171592.08168167,149697280.50996298,146968544448.97473,24866402312.23684,10779044387.165464,58938.9789579861
46,2020,3,30,23,44,41.97,-6632954.6389999995,17174760.132,-19039089.938,-2562.52964,-2548.73429,-1424.615,2020-03-30 23:44:41.970,44931010.24057952,359190172.571971,149791014.81101206,146964107524.04196,24890685134.955326,10789572008.434145,58938.98937465277
46,2020,3,30,23,59,41.97,-8875044.639,14738599.919,-20152404.823,-2412.7167200000004,-2857.04565,-1045.92691,2020-03-30 23:59:41.970,44036126.235423826,359206790.74673694,149883930.80850697,146959665862.95847,24914967132.289932,10800099272.306486,58938.99979131943
